feature,importance,importance_type,model,feature_set,repeat,fold
Molecular weight (Da),0.3333774507045746,model_feature_importances,XGBoost,provided_only,1,1
Solubility (mg/mL),0.2901235818862915,model_feature_importances,XGBoost,provided_only,1,1
"Glass transition temperature (Tg, degC)",0.19015540182590485,model_feature_importances,XGBoost,provided_only,1,1
Viscosity (mPa.s),0.07810662686824799,model_feature_importances,XGBoost,provided_only,1,1
Concentration (% w/v),0.10823693871498108,model_feature_importances,XGBoost,provided_only,1,1
Molecular weight (Da),0.3652447462081909,model_feature_importances,XGBoost,provided_only,1,2
Solubility (mg/mL),0.29336655139923096,model_feature_importances,XGBoost,provided_only,1,2
"Glass transition temperature (Tg, degC)",0.19080078601837158,model_feature_importances,XGBoost,provided_only,1,2
Viscosity (mPa.s),0.07295379787683487,model_feature_importances,XGBoost,provided_only,1,2
Concentration (% w/v),0.07763409614562988,model_feature_importances,XGBoost,provided_only,1,2
Molecular weight (Da),0.34440723061561584,model_feature_importances,XGBoost,provided_only,1,3
Solubility (mg/mL),0.2999914586544037,model_feature_importances,XGBoost,provided_only,1,3
"Glass transition temperature (Tg, degC)",0.17162325978279114,model_feature_importances,XGBoost,provided_only,1,3
Viscosity (mPa.s),0.07123788446187973,model_feature_importances,XGBoost,provided_only,1,3
Concentration (% w/v),0.11274024099111557,model_feature_importances,XGBoost,provided_only,1,3
Molecular weight (Da),0.37768447399139404,model_feature_importances,XGBoost,provided_only,1,4
Solubility (mg/mL),0.31357625126838684,model_feature_importances,XGBoost,provided_only,1,4
"Glass transition temperature (Tg, degC)",0.16830265522003174,model_feature_importances,XGBoost,provided_only,1,4
Viscosity (mPa.s),0.07024884968996048,model_feature_importances,XGBoost,provided_only,1,4
Concentration (% w/v),0.0701877549290657,model_feature_importances,XGBoost,provided_only,1,4
Molecular weight (Da),0.2579680383205414,model_feature_importances,XGBoost,provided_only,1,5
Solubility (mg/mL),0.34464943408966064,model_feature_importances,XGBoost,provided_only,1,5
"Glass transition temperature (Tg, degC)",0.1839027851819992,model_feature_importances,XGBoost,provided_only,1,5
Viscosity (mPa.s),0.07819748669862747,model_feature_importances,XGBoost,provided_only,1,5
Concentration (% w/v),0.1352822482585907,model_feature_importances,XGBoost,provided_only,1,5
Molecular weight (Da),0.35726532340049744,model_feature_importances,XGBoost,provided_only,2,1
Solubility (mg/mL),0.277153879404068,model_feature_importances,XGBoost,provided_only,2,1
"Glass transition temperature (Tg, degC)",0.1712302565574646,model_feature_importances,XGBoost,provided_only,2,1
Viscosity (mPa.s),0.07081671059131622,model_feature_importances,XGBoost,provided_only,2,1
Concentration (% w/v),0.12353375554084778,model_feature_importances,XGBoost,provided_only,2,1
Molecular weight (Da),0.3569542169570923,model_feature_importances,XGBoost,provided_only,2,2
Solubility (mg/mL),0.3221355378627777,model_feature_importances,XGBoost,provided_only,2,2
"Glass transition temperature (Tg, degC)",0.16882863640785217,model_feature_importances,XGBoost,provided_only,2,2
Viscosity (mPa.s),0.0706624761223793,model_feature_importances,XGBoost,provided_only,2,2
Concentration (% w/v),0.08141912519931793,model_feature_importances,XGBoost,provided_only,2,2
Molecular weight (Da),0.3025335967540741,model_feature_importances,XGBoost,provided_only,2,3
Solubility (mg/mL),0.3215514123439789,model_feature_importances,XGBoost,provided_only,2,3
"Glass transition temperature (Tg, degC)",0.19137884676456451,model_feature_importances,XGBoost,provided_only,2,3
Viscosity (mPa.s),0.0859629213809967,model_feature_importances,XGBoost,provided_only,2,3
Concentration (% w/v),0.09857328981161118,model_feature_importances,XGBoost,provided_only,2,3
Molecular weight (Da),0.3381527364253998,model_feature_importances,XGBoost,provided_only,2,4
Solubility (mg/mL),0.3101162314414978,model_feature_importances,XGBoost,provided_only,2,4
"Glass transition temperature (Tg, degC)",0.19871419668197632,model_feature_importances,XGBoost,provided_only,2,4
Viscosity (mPa.s),0.07986272126436234,model_feature_importances,XGBoost,provided_only,2,4
Concentration (% w/v),0.07315416634082794,model_feature_importances,XGBoost,provided_only,2,4
Molecular weight (Da),0.31371480226516724,model_feature_importances,XGBoost,provided_only,2,5
Solubility (mg/mL),0.32887396216392517,model_feature_importances,XGBoost,provided_only,2,5
"Glass transition temperature (Tg, degC)",0.18259456753730774,model_feature_importances,XGBoost,provided_only,2,5
Viscosity (mPa.s),0.06477957218885422,model_feature_importances,XGBoost,provided_only,2,5
Concentration (% w/v),0.11003709584474564,model_feature_importances,XGBoost,provided_only,2,5
Molecular weight (Da),0.3282928168773651,model_feature_importances,XGBoost,provided_only,3,1
Solubility (mg/mL),0.30897319316864014,model_feature_importances,XGBoost,provided_only,3,1
"Glass transition temperature (Tg, degC)",0.2231203019618988,model_feature_importances,XGBoost,provided_only,3,1
Viscosity (mPa.s),0.07501184940338135,model_feature_importances,XGBoost,provided_only,3,1
Concentration (% w/v),0.0646018385887146,model_feature_importances,XGBoost,provided_only,3,1
Molecular weight (Da),0.3692781329154968,model_feature_importances,XGBoost,provided_only,3,2
Solubility (mg/mL),0.3042958676815033,model_feature_importances,XGBoost,provided_only,3,2
"Glass transition temperature (Tg, degC)",0.18704107403755188,model_feature_importances,XGBoost,provided_only,3,2
Viscosity (mPa.s),0.07209838181734085,model_feature_importances,XGBoost,provided_only,3,2
Concentration (% w/v),0.06728652119636536,model_feature_importances,XGBoost,provided_only,3,2
Molecular weight (Da),0.36835813522338867,model_feature_importances,XGBoost,provided_only,3,3
Solubility (mg/mL),0.279056191444397,model_feature_importances,XGBoost,provided_only,3,3
"Glass transition temperature (Tg, degC)",0.16798007488250732,model_feature_importances,XGBoost,provided_only,3,3
Viscosity (mPa.s),0.09982291609048843,model_feature_importances,XGBoost,provided_only,3,3
Concentration (% w/v),0.08478263020515442,model_feature_importances,XGBoost,provided_only,3,3
Molecular weight (Da),0.3051334619522095,model_feature_importances,XGBoost,provided_only,3,4
Solubility (mg/mL),0.35718008875846863,model_feature_importances,XGBoost,provided_only,3,4
"Glass transition temperature (Tg, degC)",0.1630793660879135,model_feature_importances,XGBoost,provided_only,3,4
Viscosity (mPa.s),0.08373958617448807,model_feature_importances,XGBoost,provided_only,3,4
Concentration (% w/v),0.0908675491809845,model_feature_importances,XGBoost,provided_only,3,4
Molecular weight (Da),0.2889258861541748,model_feature_importances,XGBoost,provided_only,3,5
Solubility (mg/mL),0.3718017637729645,model_feature_importances,XGBoost,provided_only,3,5
"Glass transition temperature (Tg, degC)",0.18895255029201508,model_feature_importances,XGBoost,provided_only,3,5
Viscosity (mPa.s),0.058882247656583786,model_feature_importances,XGBoost,provided_only,3,5
Concentration (% w/v),0.09143757075071335,model_feature_importances,XGBoost,provided_only,3,5
Molecular weight (Da),0.36926355957984924,model_feature_importances,XGBoost,provided_only,4,1
Solubility (mg/mL),0.3147948682308197,model_feature_importances,XGBoost,provided_only,4,1
"Glass transition temperature (Tg, degC)",0.18718455731868744,model_feature_importances,XGBoost,provided_only,4,1
Viscosity (mPa.s),0.0709841400384903,model_feature_importances,XGBoost,provided_only,4,1
Concentration (% w/v),0.05777281895279884,model_feature_importances,XGBoost,provided_only,4,1
Molecular weight (Da),0.32853323221206665,model_feature_importances,XGBoost,provided_only,4,2
Solubility (mg/mL),0.28528687357902527,model_feature_importances,XGBoost,provided_only,4,2
"Glass transition temperature (Tg, degC)",0.16532745957374573,model_feature_importances,XGBoost,provided_only,4,2
Viscosity (mPa.s),0.07018501311540604,model_feature_importances,XGBoost,provided_only,4,2
Concentration (% w/v),0.15066733956336975,model_feature_importances,XGBoost,provided_only,4,2
Molecular weight (Da),0.30489155650138855,model_feature_importances,XGBoost,provided_only,4,3
Solubility (mg/mL),0.34134554862976074,model_feature_importances,XGBoost,provided_only,4,3
"Glass transition temperature (Tg, degC)",0.19605280458927155,model_feature_importances,XGBoost,provided_only,4,3
Viscosity (mPa.s),0.07405511289834976,model_feature_importances,XGBoost,provided_only,4,3
Concentration (% w/v),0.0836549922823906,model_feature_importances,XGBoost,provided_only,4,3
Molecular weight (Da),0.3459520936012268,model_feature_importances,XGBoost,provided_only,4,4
Solubility (mg/mL),0.2916986644268036,model_feature_importances,XGBoost,provided_only,4,4
"Glass transition temperature (Tg, degC)",0.20949429273605347,model_feature_importances,XGBoost,provided_only,4,4
Viscosity (mPa.s),0.07036569714546204,model_feature_importances,XGBoost,provided_only,4,4
Concentration (% w/v),0.08248918503522873,model_feature_importances,XGBoost,provided_only,4,4
Molecular weight (Da),0.31891733407974243,model_feature_importances,XGBoost,provided_only,4,5
Solubility (mg/mL),0.2610843777656555,model_feature_importances,XGBoost,provided_only,4,5
"Glass transition temperature (Tg, degC)",0.19124558568000793,model_feature_importances,XGBoost,provided_only,4,5
Viscosity (mPa.s),0.11677197366952896,model_feature_importances,XGBoost,provided_only,4,5
Concentration (% w/v),0.11198078840970993,model_feature_importances,XGBoost,provided_only,4,5
Molecular weight (Da),0.3247118890285492,model_feature_importances,XGBoost,provided_only,5,1
Solubility (mg/mL),0.29864105582237244,model_feature_importances,XGBoost,provided_only,5,1
"Glass transition temperature (Tg, degC)",0.17948168516159058,model_feature_importances,XGBoost,provided_only,5,1
Viscosity (mPa.s),0.08267293870449066,model_feature_importances,XGBoost,provided_only,5,1
Concentration (% w/v),0.11449234932661057,model_feature_importances,XGBoost,provided_only,5,1
Molecular weight (Da),0.2636696398258209,model_feature_importances,XGBoost,provided_only,5,2
Solubility (mg/mL),0.42062851786613464,model_feature_importances,XGBoost,provided_only,5,2
"Glass transition temperature (Tg, degC)",0.154378280043602,model_feature_importances,XGBoost,provided_only,5,2
Viscosity (mPa.s),0.07717064768075943,model_feature_importances,XGBoost,provided_only,5,2
Concentration (% w/v),0.08415291458368301,model_feature_importances,XGBoost,provided_only,5,2
Molecular weight (Da),0.35715508460998535,model_feature_importances,XGBoost,provided_only,5,3
Solubility (mg/mL),0.29561132192611694,model_feature_importances,XGBoost,provided_only,5,3
"Glass transition temperature (Tg, degC)",0.19373206794261932,model_feature_importances,XGBoost,provided_only,5,3
Viscosity (mPa.s),0.04959217831492424,model_feature_importances,XGBoost,provided_only,5,3
Concentration (% w/v),0.10390927642583847,model_feature_importances,XGBoost,provided_only,5,3
Molecular weight (Da),0.32559046149253845,model_feature_importances,XGBoost,provided_only,5,4
Solubility (mg/mL),0.3116479218006134,model_feature_importances,XGBoost,provided_only,5,4
"Glass transition temperature (Tg, degC)",0.18449997901916504,model_feature_importances,XGBoost,provided_only,5,4
Viscosity (mPa.s),0.07906260341405869,model_feature_importances,XGBoost,provided_only,5,4
Concentration (% w/v),0.09919904172420502,model_feature_importances,XGBoost,provided_only,5,4
Molecular weight (Da),0.3356030285358429,model_feature_importances,XGBoost,provided_only,5,5
Solubility (mg/mL),0.28329989314079285,model_feature_importances,XGBoost,provided_only,5,5
"Glass transition temperature (Tg, degC)",0.2206583321094513,model_feature_importances,XGBoost,provided_only,5,5
Viscosity (mPa.s),0.07942526787519455,model_feature_importances,XGBoost,provided_only,5,5
Concentration (% w/v),0.08101344108581543,model_feature_importances,XGBoost,provided_only,5,5
Molecular weight (Da),0.3474549651145935,model_feature_importances,XGBoost,provided_only,6,1
Solubility (mg/mL),0.3216709494590759,model_feature_importances,XGBoost,provided_only,6,1
"Glass transition temperature (Tg, degC)",0.15373384952545166,model_feature_importances,XGBoost,provided_only,6,1
Viscosity (mPa.s),0.08253993093967438,model_feature_importances,XGBoost,provided_only,6,1
Concentration (% w/v),0.09460032731294632,model_feature_importances,XGBoost,provided_only,6,1
Molecular weight (Da),0.3317601978778839,model_feature_importances,XGBoost,provided_only,6,2
Solubility (mg/mL),0.3019552528858185,model_feature_importances,XGBoost,provided_only,6,2
"Glass transition temperature (Tg, degC)",0.22207285463809967,model_feature_importances,XGBoost,provided_only,6,2
Viscosity (mPa.s),0.06645040214061737,model_feature_importances,XGBoost,provided_only,6,2
Concentration (% w/v),0.07776135206222534,model_feature_importances,XGBoost,provided_only,6,2
Molecular weight (Da),0.31963852047920227,model_feature_importances,XGBoost,provided_only,6,3
Solubility (mg/mL),0.3079090118408203,model_feature_importances,XGBoost,provided_only,6,3
"Glass transition temperature (Tg, degC)",0.20775382220745087,model_feature_importances,XGBoost,provided_only,6,3
Viscosity (mPa.s),0.08692675083875656,model_feature_importances,XGBoost,provided_only,6,3
Concentration (% w/v),0.07777191698551178,model_feature_importances,XGBoost,provided_only,6,3
Molecular weight (Da),0.30054375529289246,model_feature_importances,XGBoost,provided_only,6,4
Solubility (mg/mL),0.3194940686225891,model_feature_importances,XGBoost,provided_only,6,4
"Glass transition temperature (Tg, degC)",0.19842086732387543,model_feature_importances,XGBoost,provided_only,6,4
Viscosity (mPa.s),0.07252424955368042,model_feature_importances,XGBoost,provided_only,6,4
Concentration (% w/v),0.10901700705289841,model_feature_importances,XGBoost,provided_only,6,4
Molecular weight (Da),0.3329676687717438,model_feature_importances,XGBoost,provided_only,6,5
Solubility (mg/mL),0.3294024169445038,model_feature_importances,XGBoost,provided_only,6,5
"Glass transition temperature (Tg, degC)",0.1959151029586792,model_feature_importances,XGBoost,provided_only,6,5
Viscosity (mPa.s),0.07281091809272766,model_feature_importances,XGBoost,provided_only,6,5
Concentration (% w/v),0.06890382617712021,model_feature_importances,XGBoost,provided_only,6,5
Molecular weight (Da),0.2838102877140045,model_feature_importances,XGBoost,provided_only,7,1
Solubility (mg/mL),0.37018364667892456,model_feature_importances,XGBoost,provided_only,7,1
"Glass transition temperature (Tg, degC)",0.16845391690731049,model_feature_importances,XGBoost,provided_only,7,1
Viscosity (mPa.s),0.08115804940462112,model_feature_importances,XGBoost,provided_only,7,1
Concentration (% w/v),0.0963941141963005,model_feature_importances,XGBoost,provided_only,7,1
Molecular weight (Da),0.33828380703926086,model_feature_importances,XGBoost,provided_only,7,2
Solubility (mg/mL),0.2957617938518524,model_feature_importances,XGBoost,provided_only,7,2
"Glass transition temperature (Tg, degC)",0.19953778386116028,model_feature_importances,XGBoost,provided_only,7,2
Viscosity (mPa.s),0.0716371014714241,model_feature_importances,XGBoost,provided_only,7,2
Concentration (% w/v),0.09477948397397995,model_feature_importances,XGBoost,provided_only,7,2
Molecular weight (Da),0.35768502950668335,model_feature_importances,XGBoost,provided_only,7,3
Solubility (mg/mL),0.28880617022514343,model_feature_importances,XGBoost,provided_only,7,3
"Glass transition temperature (Tg, degC)",0.19780340790748596,model_feature_importances,XGBoost,provided_only,7,3
Viscosity (mPa.s),0.07965697348117828,model_feature_importances,XGBoost,provided_only,7,3
Concentration (% w/v),0.07604847103357315,model_feature_importances,XGBoost,provided_only,7,3
Molecular weight (Da),0.3216777443885803,model_feature_importances,XGBoost,provided_only,7,4
Solubility (mg/mL),0.3127548098564148,model_feature_importances,XGBoost,provided_only,7,4
"Glass transition temperature (Tg, degC)",0.21669745445251465,model_feature_importances,XGBoost,provided_only,7,4
Viscosity (mPa.s),0.07262422144412994,model_feature_importances,XGBoost,provided_only,7,4
Concentration (% w/v),0.07624582201242447,model_feature_importances,XGBoost,provided_only,7,4
Molecular weight (Da),0.35953831672668457,model_feature_importances,XGBoost,provided_only,7,5
Solubility (mg/mL),0.28759631514549255,model_feature_importances,XGBoost,provided_only,7,5
"Glass transition temperature (Tg, degC)",0.1841319501399994,model_feature_importances,XGBoost,provided_only,7,5
Viscosity (mPa.s),0.07601314783096313,model_feature_importances,XGBoost,provided_only,7,5
Concentration (% w/v),0.09272031486034393,model_feature_importances,XGBoost,provided_only,7,5
Molecular weight (Da),0.36821573972702026,model_feature_importances,XGBoost,provided_only,8,1
Solubility (mg/mL),0.2581959366798401,model_feature_importances,XGBoost,provided_only,8,1
"Glass transition temperature (Tg, degC)",0.1894623339176178,model_feature_importances,XGBoost,provided_only,8,1
Viscosity (mPa.s),0.07631605863571167,model_feature_importances,XGBoost,provided_only,8,1
Concentration (% w/v),0.10780992358922958,model_feature_importances,XGBoost,provided_only,8,1
Molecular weight (Da),0.33271297812461853,model_feature_importances,XGBoost,provided_only,8,2
Solubility (mg/mL),0.29902076721191406,model_feature_importances,XGBoost,provided_only,8,2
"Glass transition temperature (Tg, degC)",0.1998046338558197,model_feature_importances,XGBoost,provided_only,8,2
Viscosity (mPa.s),0.060805946588516235,model_feature_importances,XGBoost,provided_only,8,2
Concentration (% w/v),0.10765564441680908,model_feature_importances,XGBoost,provided_only,8,2
Molecular weight (Da),0.3562610149383545,model_feature_importances,XGBoost,provided_only,8,3
Solubility (mg/mL),0.28510338068008423,model_feature_importances,XGBoost,provided_only,8,3
"Glass transition temperature (Tg, degC)",0.19991378486156464,model_feature_importances,XGBoost,provided_only,8,3
Viscosity (mPa.s),0.08358075469732285,model_feature_importances,XGBoost,provided_only,8,3
Concentration (% w/v),0.07514117658138275,model_feature_importances,XGBoost,provided_only,8,3
Molecular weight (Da),0.29655060172080994,model_feature_importances,XGBoost,provided_only,8,4
Solubility (mg/mL),0.36524322628974915,model_feature_importances,XGBoost,provided_only,8,4
"Glass transition temperature (Tg, degC)",0.16768665611743927,model_feature_importances,XGBoost,provided_only,8,4
Viscosity (mPa.s),0.06989266723394394,model_feature_importances,XGBoost,provided_only,8,4
Concentration (% w/v),0.10062678903341293,model_feature_importances,XGBoost,provided_only,8,4
Molecular weight (Da),0.33764368295669556,model_feature_importances,XGBoost,provided_only,8,5
Solubility (mg/mL),0.33814096450805664,model_feature_importances,XGBoost,provided_only,8,5
"Glass transition temperature (Tg, degC)",0.1869310885667801,model_feature_importances,XGBoost,provided_only,8,5
Viscosity (mPa.s),0.07309719175100327,model_feature_importances,XGBoost,provided_only,8,5
Concentration (% w/v),0.06418707221746445,model_feature_importances,XGBoost,provided_only,8,5
Molecular weight (Da),0.28497132658958435,model_feature_importances,XGBoost,provided_only,9,1
Solubility (mg/mL),0.32193851470947266,model_feature_importances,XGBoost,provided_only,9,1
"Glass transition temperature (Tg, degC)",0.20020881295204163,model_feature_importances,XGBoost,provided_only,9,1
Viscosity (mPa.s),0.07059472799301147,model_feature_importances,XGBoost,provided_only,9,1
Concentration (% w/v),0.1222866103053093,model_feature_importances,XGBoost,provided_only,9,1
Molecular weight (Da),0.3505287170410156,model_feature_importances,XGBoost,provided_only,9,2
Solubility (mg/mL),0.34157615900039673,model_feature_importances,XGBoost,provided_only,9,2
"Glass transition temperature (Tg, degC)",0.16329637169837952,model_feature_importances,XGBoost,provided_only,9,2
Viscosity (mPa.s),0.07905922830104828,model_feature_importances,XGBoost,provided_only,9,2
Concentration (% w/v),0.06553958356380463,model_feature_importances,XGBoost,provided_only,9,2
Molecular weight (Da),0.3266723155975342,model_feature_importances,XGBoost,provided_only,9,3
Solubility (mg/mL),0.32966965436935425,model_feature_importances,XGBoost,provided_only,9,3
"Glass transition temperature (Tg, degC)",0.17670822143554688,model_feature_importances,XGBoost,provided_only,9,3
Viscosity (mPa.s),0.07490610331296921,model_feature_importances,XGBoost,provided_only,9,3
Concentration (% w/v),0.09204377233982086,model_feature_importances,XGBoost,provided_only,9,3
Molecular weight (Da),0.33611026406288147,model_feature_importances,XGBoost,provided_only,9,4
Solubility (mg/mL),0.28135231137275696,model_feature_importances,XGBoost,provided_only,9,4
"Glass transition temperature (Tg, degC)",0.21734146773815155,model_feature_importances,XGBoost,provided_only,9,4
Viscosity (mPa.s),0.07338301092386246,model_feature_importances,XGBoost,provided_only,9,4
Concentration (% w/v),0.09181301295757294,model_feature_importances,XGBoost,provided_only,9,4
Molecular weight (Da),0.3340950310230255,model_feature_importances,XGBoost,provided_only,9,5
Solubility (mg/mL),0.2886703908443451,model_feature_importances,XGBoost,provided_only,9,5
"Glass transition temperature (Tg, degC)",0.1757574826478958,model_feature_importances,XGBoost,provided_only,9,5
Viscosity (mPa.s),0.08454348146915436,model_feature_importances,XGBoost,provided_only,9,5
Concentration (% w/v),0.116933673620224,model_feature_importances,XGBoost,provided_only,9,5
Molecular weight (Da),0.3665534555912018,model_feature_importances,XGBoost,provided_only,10,1
Solubility (mg/mL),0.3041748106479645,model_feature_importances,XGBoost,provided_only,10,1
"Glass transition temperature (Tg, degC)",0.19626787304878235,model_feature_importances,XGBoost,provided_only,10,1
Viscosity (mPa.s),0.06416025012731552,model_feature_importances,XGBoost,provided_only,10,1
Concentration (% w/v),0.06884358078241348,model_feature_importances,XGBoost,provided_only,10,1
Molecular weight (Da),0.39708471298217773,model_feature_importances,XGBoost,provided_only,10,2
Solubility (mg/mL),0.27951139211654663,model_feature_importances,XGBoost,provided_only,10,2
"Glass transition temperature (Tg, degC)",0.16470421850681305,model_feature_importances,XGBoost,provided_only,10,2
Viscosity (mPa.s),0.06443587690591812,model_feature_importances,XGBoost,provided_only,10,2
Concentration (% w/v),0.09426381438970566,model_feature_importances,XGBoost,provided_only,10,2
Molecular weight (Da),0.32604941725730896,model_feature_importances,XGBoost,provided_only,10,3
Solubility (mg/mL),0.3200453221797943,model_feature_importances,XGBoost,provided_only,10,3
"Glass transition temperature (Tg, degC)",0.18375709652900696,model_feature_importances,XGBoost,provided_only,10,3
Viscosity (mPa.s),0.08284153789281845,model_feature_importances,XGBoost,provided_only,10,3
Concentration (% w/v),0.08730665594339371,model_feature_importances,XGBoost,provided_only,10,3
Molecular weight (Da),0.35460492968559265,model_feature_importances,XGBoost,provided_only,10,4
Solubility (mg/mL),0.2825286388397217,model_feature_importances,XGBoost,provided_only,10,4
"Glass transition temperature (Tg, degC)",0.1727653443813324,model_feature_importances,XGBoost,provided_only,10,4
Viscosity (mPa.s),0.07826188206672668,model_feature_importances,XGBoost,provided_only,10,4
Concentration (% w/v),0.11183913797140121,model_feature_importances,XGBoost,provided_only,10,4
Molecular weight (Da),0.3000439703464508,model_feature_importances,XGBoost,provided_only,10,5
Solubility (mg/mL),0.33324727416038513,model_feature_importances,XGBoost,provided_only,10,5
"Glass transition temperature (Tg, degC)",0.1698080152273178,model_feature_importances,XGBoost,provided_only,10,5
Viscosity (mPa.s),0.08174563199281693,model_feature_importances,XGBoost,provided_only,10,5
Concentration (% w/v),0.11515519767999649,model_feature_importances,XGBoost,provided_only,10,5
Molecular weight (Da),0.0053807273507118225,model_feature_importances,XGBoost,provided_plus_rdkit_descriptors,1,1
Solubility (mg/mL),0.01072655338793993,model_feature_importances,XGBoost,provided_plus_rdkit_descriptors,1,1
"Glass transition temperature (Tg, degC)",0.004635779652744532,model_feature_importances,XGBoost,provided_plus_rdkit_descriptors,1,1
Viscosity (mPa.s),0.0017514294013381004,model_feature_importances,XGBoost,provided_plus_rdkit_descriptors,1,1
Concentration (% w/v),0.0028272210620343685,model_feature_importances,XGBoost,provided_plus_rdkit_descriptors,1,1
rdkit_MaxAbsEStateIndex,0.006549470126628876,model_feature_importances,XGBoost,provided_plus_rdkit_descriptors,1,1
rdkit_MaxEStateIndex,0.0,model_feature_importances,XGBoost,provided_plus_rdkit_descriptors,1,1
rdkit_MinAbsEStateIndex,0.003201526589691639,model_feature_importances,XGBoost,provided_plus_rdkit_descriptors,1,1
rdkit_MinEStateIndex,0.004317422863095999,model_feature_importances,XGBoost,provided_plus_rdkit_descriptors,1,1
rdkit_qed,0.013301958329975605,model_feature_importances,XGBoost,provided_plus_rdkit_descriptors,1,1
rdkit_SPS,0.0025960050988942385,model_feature_importances,XGBoost,provided_plus_rdkit_descriptors,1,1
rdkit_MolWt,0.0,model_feature_importances,XGBoost,provided_plus_rdkit_descriptors,1,1
rdkit_HeavyAtomMolWt,0.0,model_feature_importances,XGBoost,provided_plus_rdkit_descriptors,1,1
rdkit_ExactMolWt,0.0,model_feature_importances,XGBoost,provided_plus_rdkit_descriptors,1,1
rdkit_NumValenceElectrons,0.0,model_feature_importances,XGBoost,provided_plus_rdkit_descriptors,1,1
rdkit_MaxPartialCharge,0.008421692065894604,model_feature_importances,XGBoost,provided_plus_rdkit_descriptors,1,1
rdkit_MinPartialCharge,0.009206361137330532,model_feature_importances,XGBoost,provided_plus_rdkit_descriptors,1,1
rdkit_MaxAbsPartialCharge,0.0007801847532391548,model_feature_importances,XGBoost,provided_plus_rdkit_descriptors,1,1
rdkit_MinAbsPartialCharge,0.0,model_feature_importances,XGBoost,provided_plus_rdkit_descriptors,1,1
rdkit_FpDensityMorgan1,0.0034706525038927794,model_feature_importances,XGBoost,provided_plus_rdkit_descriptors,1,1
rdkit_FpDensityMorgan2,0.0018764323322102427,model_feature_importances,XGBoost,provided_plus_rdkit_descriptors,1,1
rdkit_FpDensityMorgan3,0.0042899008840322495,model_feature_importances,XGBoost,provided_plus_rdkit_descriptors,1,1
rdkit_BCUT2D_MWHI,0.0023834824096411467,model_feature_importances,XGBoost,provided_plus_rdkit_descriptors,1,1
rdkit_BCUT2D_MWLOW,0.005004586186259985,model_feature_importances,XGBoost,provided_plus_rdkit_descriptors,1,1
rdkit_BCUT2D_CHGHI,0.01755770482122898,model_feature_importances,XGBoost,provided_plus_rdkit_descriptors,1,1
rdkit_BCUT2D_CHGLO,0.017950035631656647,model_feature_importances,XGBoost,provided_plus_rdkit_descriptors,1,1
rdkit_BCUT2D_LOGPHI,0.007964719086885452,model_feature_importances,XGBoost,provided_plus_rdkit_descriptors,1,1
rdkit_BCUT2D_LOGPLOW,0.004564235452562571,model_feature_importances,XGBoost,provided_plus_rdkit_descriptors,1,1
rdkit_BCUT2D_MRHI,0.004001301247626543,model_feature_importances,XGBoost,provided_plus_rdkit_descriptors,1,1
rdkit_BCUT2D_MRLOW,0.0015272905584424734,model_feature_importances,XGBoost,provided_plus_rdkit_descriptors,1,1
rdkit_AvgIpc,0.01556700561195612,model_feature_importances,XGBoost,provided_plus_rdkit_descriptors,1,1
rdkit_BalabanJ,0.0034218751825392246,model_feature_importances,XGBoost,provided_plus_rdkit_descriptors,1,1
rdkit_BertzCT,0.011526355519890785,model_feature_importances,XGBoost,provided_plus_rdkit_descriptors,1,1
rdkit_Chi0,0.00038415263406932354,model_feature_importances,XGBoost,provided_plus_rdkit_descriptors,1,1
rdkit_Chi0n,0.0025212739128619432,model_feature_importances,XGBoost,provided_plus_rdkit_descriptors,1,1
rdkit_Chi0v,0.034572701901197433,model_feature_importances,XGBoost,provided_plus_rdkit_descriptors,1,1
rdkit_Chi1,0.0008177240961231291,model_feature_importances,XGBoost,provided_plus_rdkit_descriptors,1,1
rdkit_Chi1n,0.0004396707226987928,model_feature_importances,XGBoost,provided_plus_rdkit_descriptors,1,1
rdkit_Chi1v,0.002631671028211713,model_feature_importances,XGBoost,provided_plus_rdkit_descriptors,1,1
rdkit_Chi2n,0.001430220203474164,model_feature_importances,XGBoost,provided_plus_rdkit_descriptors,1,1
rdkit_Chi2v,6.689053407171741e-05,model_feature_importances,XGBoost,provided_plus_rdkit_descriptors,1,1
rdkit_Chi3n,0.0011555977398529649,model_feature_importances,XGBoost,provided_plus_rdkit_descriptors,1,1
rdkit_Chi3v,0.09843695908784866,model_feature_importances,XGBoost,provided_plus_rdkit_descriptors,1,1
rdkit_Chi4n,0.0,model_feature_importances,XGBoost,provided_plus_rdkit_descriptors,1,1
rdkit_Chi4v,9.587741806171834e-05,model_feature_importances,XGBoost,provided_plus_rdkit_descriptors,1,1
rdkit_HallKierAlpha,0.011993520893156528,model_feature_importances,XGBoost,provided_plus_rdkit_descriptors,1,1
rdkit_Ipc,0.002223806455731392,model_feature_importances,XGBoost,provided_plus_rdkit_descriptors,1,1
rdkit_Kappa1,0.0013733094092458487,model_feature_importances,XGBoost,provided_plus_rdkit_descriptors,1,1
rdkit_Kappa2,0.0008212865213863552,model_feature_importances,XGBoost,provided_plus_rdkit_descriptors,1,1
rdkit_Kappa3,0.0007447628886438906,model_feature_importances,XGBoost,provided_plus_rdkit_descriptors,1,1
rdkit_LabuteASA,0.0,model_feature_importances,XGBoost,provided_plus_rdkit_descriptors,1,1
rdkit_PEOE_VSA1,0.0040781511925160885,model_feature_importances,XGBoost,provided_plus_rdkit_descriptors,1,1
rdkit_PEOE_VSA10,0.000985440332442522,model_feature_importances,XGBoost,provided_plus_rdkit_descriptors,1,1
rdkit_PEOE_VSA11,0.009921038523316383,model_feature_importances,XGBoost,provided_plus_rdkit_descriptors,1,1
rdkit_PEOE_VSA12,0.001754487631842494,model_feature_importances,XGBoost,provided_plus_rdkit_descriptors,1,1
rdkit_PEOE_VSA14,0.0,model_feature_importances,XGBoost,provided_plus_rdkit_descriptors,1,1
rdkit_PEOE_VSA2,0.00028011342510581017,model_feature_importances,XGBoost,provided_plus_rdkit_descriptors,1,1
rdkit_PEOE_VSA3,0.0,model_feature_importances,XGBoost,provided_plus_rdkit_descriptors,1,1
rdkit_PEOE_VSA5,0.0,model_feature_importances,XGBoost,provided_plus_rdkit_descriptors,1,1
rdkit_PEOE_VSA6,0.00033156119752675295,model_feature_importances,XGBoost,provided_plus_rdkit_descriptors,1,1
rdkit_PEOE_VSA7,0.00011871593596879393,model_feature_importances,XGBoost,provided_plus_rdkit_descriptors,1,1
rdkit_PEOE_VSA8,0.0003612907894421369,model_feature_importances,XGBoost,provided_plus_rdkit_descriptors,1,1
rdkit_PEOE_VSA9,0.0006947251968085766,model_feature_importances,XGBoost,provided_plus_rdkit_descriptors,1,1
rdkit_SMR_VSA1,0.011840440332889557,model_feature_importances,XGBoost,provided_plus_rdkit_descriptors,1,1
rdkit_SMR_VSA10,0.0031923409551382065,model_feature_importances,XGBoost,provided_plus_rdkit_descriptors,1,1
rdkit_SMR_VSA3,0.0,model_feature_importances,XGBoost,provided_plus_rdkit_descriptors,1,1
rdkit_SMR_VSA4,0.0,model_feature_importances,XGBoost,provided_plus_rdkit_descriptors,1,1
rdkit_SMR_VSA5,0.0009831461356952786,model_feature_importances,XGBoost,provided_plus_rdkit_descriptors,1,1
rdkit_SMR_VSA6,0.0023423738311976194,model_feature_importances,XGBoost,provided_plus_rdkit_descriptors,1,1
rdkit_SMR_VSA7,0.0,model_feature_importances,XGBoost,provided_plus_rdkit_descriptors,1,1
rdkit_SlogP_VSA1,0.0,model_feature_importances,XGBoost,provided_plus_rdkit_descriptors,1,1
rdkit_SlogP_VSA12,0.0,model_feature_importances,XGBoost,provided_plus_rdkit_descriptors,1,1
rdkit_SlogP_VSA2,0.056093182414770126,model_feature_importances,XGBoost,provided_plus_rdkit_descriptors,1,1
rdkit_SlogP_VSA3,0.002096490701660514,model_feature_importances,XGBoost,provided_plus_rdkit_descriptors,1,1
rdkit_SlogP_VSA4,0.0,model_feature_importances,XGBoost,provided_plus_rdkit_descriptors,1,1
rdkit_SlogP_VSA5,0.005102619528770447,model_feature_importances,XGBoost,provided_plus_rdkit_descriptors,1,1
rdkit_SlogP_VSA6,0.0,model_feature_importances,XGBoost,provided_plus_rdkit_descriptors,1,1
rdkit_TPSA,0.0,model_feature_importances,XGBoost,provided_plus_rdkit_descriptors,1,1
rdkit_EState_VSA1,0.050625428557395935,model_feature_importances,XGBoost,provided_plus_rdkit_descriptors,1,1
rdkit_EState_VSA10,0.34568604826927185,model_feature_importances,XGBoost,provided_plus_rdkit_descriptors,1,1
rdkit_EState_VSA2,0.008453075774013996,model_feature_importances,XGBoost,provided_plus_rdkit_descriptors,1,1
rdkit_EState_VSA3,0.0002451749169267714,model_feature_importances,XGBoost,provided_plus_rdkit_descriptors,1,1
rdkit_EState_VSA4,0.0,model_feature_importances,XGBoost,provided_plus_rdkit_descriptors,1,1
rdkit_EState_VSA5,0.00019365735352039337,model_feature_importances,XGBoost,provided_plus_rdkit_descriptors,1,1
rdkit_EState_VSA6,0.0,model_feature_importances,XGBoost,provided_plus_rdkit_descriptors,1,1
rdkit_EState_VSA7,0.0,model_feature_importances,XGBoost,provided_plus_rdkit_descriptors,1,1
rdkit_EState_VSA8,0.0012277648784220219,model_feature_importances,XGBoost,provided_plus_rdkit_descriptors,1,1
rdkit_EState_VSA9,0.007327395491302013,model_feature_importances,XGBoost,provided_plus_rdkit_descriptors,1,1
rdkit_VSA_EState1,0.0006021542940288782,model_feature_importances,XGBoost,provided_plus_rdkit_descriptors,1,1
rdkit_VSA_EState10,0.0,model_feature_importances,XGBoost,provided_plus_rdkit_descriptors,1,1
rdkit_VSA_EState2,0.0003741012478712946,model_feature_importances,XGBoost,provided_plus_rdkit_descriptors,1,1
rdkit_VSA_EState3,0.046131815761327744,model_feature_importances,XGBoost,provided_plus_rdkit_descriptors,1,1
rdkit_VSA_EState4,0.0,model_feature_importances,XGBoost,provided_plus_rdkit_descriptors,1,1
rdkit_VSA_EState5,0.00018568515952210873,model_feature_importances,XGBoost,provided_plus_rdkit_descriptors,1,1
rdkit_VSA_EState6,0.0,model_feature_importances,XGBoost,provided_plus_rdkit_descriptors,1,1
rdkit_VSA_EState7,0.015308165922760963,model_feature_importances,XGBoost,provided_plus_rdkit_descriptors,1,1
rdkit_VSA_EState8,0.06534773856401443,model_feature_importances,XGBoost,provided_plus_rdkit_descriptors,1,1
rdkit_VSA_EState9,0.0,model_feature_importances,XGBoost,provided_plus_rdkit_descriptors,1,1
rdkit_FractionCSP3,0.00013021519407629967,model_feature_importances,XGBoost,provided_plus_rdkit_descriptors,1,1
rdkit_HeavyAtomCount,0.0,model_feature_importances,XGBoost,provided_plus_rdkit_descriptors,1,1
rdkit_NHOHCount,0.0,model_feature_importances,XGBoost,provided_plus_rdkit_descriptors,1,1
rdkit_NOCount,0.0,model_feature_importances,XGBoost,provided_plus_rdkit_descriptors,1,1
rdkit_NumAliphaticCarbocycles,0.0,model_feature_importances,XGBoost,provided_plus_rdkit_descriptors,1,1
rdkit_NumAliphaticHeterocycles,0.0,model_feature_importances,XGBoost,provided_plus_rdkit_descriptors,1,1
rdkit_NumAliphaticRings,0.0,model_feature_importances,XGBoost,provided_plus_rdkit_descriptors,1,1
rdkit_NumAmideBonds,0.0,model_feature_importances,XGBoost,provided_plus_rdkit_descriptors,1,1
rdkit_NumAtomStereoCenters,0.00032626232132315636,model_feature_importances,XGBoost,provided_plus_rdkit_descriptors,1,1
rdkit_NumBridgeheadAtoms,0.0,model_feature_importances,XGBoost,provided_plus_rdkit_descriptors,1,1
rdkit_NumHAcceptors,0.0,model_feature_importances,XGBoost,provided_plus_rdkit_descriptors,1,1
rdkit_NumHDonors,0.005888662301003933,model_feature_importances,XGBoost,provided_plus_rdkit_descriptors,1,1
rdkit_NumHeteroatoms,0.0,model_feature_importances,XGBoost,provided_plus_rdkit_descriptors,1,1
rdkit_NumHeterocycles,0.0,model_feature_importances,XGBoost,provided_plus_rdkit_descriptors,1,1
rdkit_NumRotatableBonds,0.00043557872413657606,model_feature_importances,XGBoost,provided_plus_rdkit_descriptors,1,1
rdkit_NumSaturatedCarbocycles,0.0,model_feature_importances,XGBoost,provided_plus_rdkit_descriptors,1,1
rdkit_NumSaturatedHeterocycles,0.0,model_feature_importances,XGBoost,provided_plus_rdkit_descriptors,1,1
rdkit_NumSaturatedRings,0.0,model_feature_importances,XGBoost,provided_plus_rdkit_descriptors,1,1
rdkit_NumUnspecifiedAtomStereoCenters,0.0,model_feature_importances,XGBoost,provided_plus_rdkit_descriptors,1,1
rdkit_Phi,0.001976486062631011,model_feature_importances,XGBoost,provided_plus_rdkit_descriptors,1,1
rdkit_RingCount,0.0,model_feature_importances,XGBoost,provided_plus_rdkit_descriptors,1,1
rdkit_MolLogP,0.009328066371381283,model_feature_importances,XGBoost,provided_plus_rdkit_descriptors,1,1
rdkit_MolMR,0.003167056245729327,model_feature_importances,XGBoost,provided_plus_rdkit_descriptors,1,1
rdkit_fr_Al_COO,0.0,model_feature_importances,XGBoost,provided_plus_rdkit_descriptors,1,1
rdkit_fr_Al_OH,0.0,model_feature_importances,XGBoost,provided_plus_rdkit_descriptors,1,1
rdkit_fr_Al_OH_noTert,0.0,model_feature_importances,XGBoost,provided_plus_rdkit_descriptors,1,1
rdkit_fr_COO,0.0,model_feature_importances,XGBoost,provided_plus_rdkit_descriptors,1,1
rdkit_fr_COO2,0.0,model_feature_importances,XGBoost,provided_plus_rdkit_descriptors,1,1
rdkit_fr_C_O,0.0,model_feature_importances,XGBoost,provided_plus_rdkit_descriptors,1,1
rdkit_fr_C_O_noCOO,0.0,model_feature_importances,XGBoost,provided_plus_rdkit_descriptors,1,1
rdkit_fr_NH1,0.0,model_feature_importances,XGBoost,provided_plus_rdkit_descriptors,1,1
rdkit_fr_NH2,0.0,model_feature_importances,XGBoost,provided_plus_rdkit_descriptors,1,1
rdkit_fr_aldehyde,0.002352076815441251,model_feature_importances,XGBoost,provided_plus_rdkit_descriptors,1,1
rdkit_fr_alkyl_halide,0.0,model_feature_importances,XGBoost,provided_plus_rdkit_descriptors,1,1
rdkit_fr_allylic_oxid,0.0,model_feature_importances,XGBoost,provided_plus_rdkit_descriptors,1,1
rdkit_fr_amide,0.0,model_feature_importances,XGBoost,provided_plus_rdkit_descriptors,1,1
rdkit_fr_bicyclic,0.0,model_feature_importances,XGBoost,provided_plus_rdkit_descriptors,1,1
rdkit_fr_ether,0.0,model_feature_importances,XGBoost,provided_plus_rdkit_descriptors,1,1
rdkit_fr_halogen,0.0,model_feature_importances,XGBoost,provided_plus_rdkit_descriptors,1,1
rdkit_fr_ketone,0.0,model_feature_importances,XGBoost,provided_plus_rdkit_descriptors,1,1
rdkit_fr_ketone_Topliss,0.0,model_feature_importances,XGBoost,provided_plus_rdkit_descriptors,1,1
rdkit_fr_methoxy,0.0,model_feature_importances,XGBoost,provided_plus_rdkit_descriptors,1,1
rdkit_fr_phos_acid,0.0,model_feature_importances,XGBoost,provided_plus_rdkit_descriptors,1,1
rdkit_fr_phos_ester,0.0,model_feature_importances,XGBoost,provided_plus_rdkit_descriptors,1,1
Molecular weight (Da),0.004695546813309193,model_feature_importances,XGBoost,provided_plus_rdkit_descriptors,1,2
Solubility (mg/mL),0.011691304855048656,model_feature_importances,XGBoost,provided_plus_rdkit_descriptors,1,2
"Glass transition temperature (Tg, degC)",0.004504797048866749,model_feature_importances,XGBoost,provided_plus_rdkit_descriptors,1,2
Viscosity (mPa.s),0.001410771394148469,model_feature_importances,XGBoost,provided_plus_rdkit_descriptors,1,2
Concentration (% w/v),0.002992583904415369,model_feature_importances,XGBoost,provided_plus_rdkit_descriptors,1,2
rdkit_MaxAbsEStateIndex,0.004101042170077562,model_feature_importances,XGBoost,provided_plus_rdkit_descriptors,1,2
rdkit_MaxEStateIndex,0.0,model_feature_importances,XGBoost,provided_plus_rdkit_descriptors,1,2
rdkit_MinAbsEStateIndex,0.006581864319741726,model_feature_importances,XGBoost,provided_plus_rdkit_descriptors,1,2
rdkit_MinEStateIndex,0.0016511610010638833,model_feature_importances,XGBoost,provided_plus_rdkit_descriptors,1,2
rdkit_qed,0.005152557045221329,model_feature_importances,XGBoost,provided_plus_rdkit_descriptors,1,2
rdkit_SPS,0.011718973517417908,model_feature_importances,XGBoost,provided_plus_rdkit_descriptors,1,2
rdkit_MolWt,0.0,model_feature_importances,XGBoost,provided_plus_rdkit_descriptors,1,2
rdkit_HeavyAtomMolWt,0.0,model_feature_importances,XGBoost,provided_plus_rdkit_descriptors,1,2
rdkit_ExactMolWt,0.0,model_feature_importances,XGBoost,provided_plus_rdkit_descriptors,1,2
rdkit_NumValenceElectrons,0.0,model_feature_importances,XGBoost,provided_plus_rdkit_descriptors,1,2
rdkit_MaxPartialCharge,0.011769401840865612,model_feature_importances,XGBoost,provided_plus_rdkit_descriptors,1,2
rdkit_MinPartialCharge,0.01152881607413292,model_feature_importances,XGBoost,provided_plus_rdkit_descriptors,1,2
rdkit_MaxAbsPartialCharge,0.0013147422578185797,model_feature_importances,XGBoost,provided_plus_rdkit_descriptors,1,2
rdkit_MinAbsPartialCharge,0.0,model_feature_importances,XGBoost,provided_plus_rdkit_descriptors,1,2
rdkit_FpDensityMorgan1,0.0028734933584928513,model_feature_importances,XGBoost,provided_plus_rdkit_descriptors,1,2
rdkit_FpDensityMorgan2,0.0027021116111427546,model_feature_importances,XGBoost,provided_plus_rdkit_descriptors,1,2
rdkit_FpDensityMorgan3,0.0012172706192359328,model_feature_importances,XGBoost,provided_plus_rdkit_descriptors,1,2
rdkit_BCUT2D_MWHI,0.0014890519669279456,model_feature_importances,XGBoost,provided_plus_rdkit_descriptors,1,2
rdkit_BCUT2D_MWLOW,0.0076223271898925304,model_feature_importances,XGBoost,provided_plus_rdkit_descriptors,1,2
rdkit_BCUT2D_CHGHI,0.006708879955112934,model_feature_importances,XGBoost,provided_plus_rdkit_descriptors,1,2
rdkit_BCUT2D_CHGLO,0.018358470872044563,model_feature_importances,XGBoost,provided_plus_rdkit_descriptors,1,2
rdkit_BCUT2D_LOGPHI,0.0002151665830751881,model_feature_importances,XGBoost,provided_plus_rdkit_descriptors,1,2
rdkit_BCUT2D_LOGPLOW,0.0005014543421566486,model_feature_importances,XGBoost,provided_plus_rdkit_descriptors,1,2
rdkit_BCUT2D_MRHI,0.007151457946747541,model_feature_importances,XGBoost,provided_plus_rdkit_descriptors,1,2
rdkit_BCUT2D_MRLOW,0.005320947151631117,model_feature_importances,XGBoost,provided_plus_rdkit_descriptors,1,2
rdkit_AvgIpc,0.018747646361589432,model_feature_importances,XGBoost,provided_plus_rdkit_descriptors,1,2
rdkit_BalabanJ,0.011999075300991535,model_feature_importances,XGBoost,provided_plus_rdkit_descriptors,1,2
rdkit_BertzCT,0.0003084558411501348,model_feature_importances,XGBoost,provided_plus_rdkit_descriptors,1,2
rdkit_Chi0,0.0,model_feature_importances,XGBoost,provided_plus_rdkit_descriptors,1,2
rdkit_Chi0n,0.0017263356130570173,model_feature_importances,XGBoost,provided_plus_rdkit_descriptors,1,2
rdkit_Chi0v,0.022018222138285637,model_feature_importances,XGBoost,provided_plus_rdkit_descriptors,1,2
rdkit_Chi1,0.005137314088642597,model_feature_importances,XGBoost,provided_plus_rdkit_descriptors,1,2
rdkit_Chi1n,0.00024361790565308183,model_feature_importances,XGBoost,provided_plus_rdkit_descriptors,1,2
rdkit_Chi1v,0.0,model_feature_importances,XGBoost,provided_plus_rdkit_descriptors,1,2
rdkit_Chi2n,0.0011259951861575246,model_feature_importances,XGBoost,provided_plus_rdkit_descriptors,1,2
rdkit_Chi2v,0.00048311802675016224,model_feature_importances,XGBoost,provided_plus_rdkit_descriptors,1,2
rdkit_Chi3n,0.0,model_feature_importances,XGBoost,provided_plus_rdkit_descriptors,1,2
rdkit_Chi3v,0.0008885798742994666,model_feature_importances,XGBoost,provided_plus_rdkit_descriptors,1,2
rdkit_Chi4n,0.0,model_feature_importances,XGBoost,provided_plus_rdkit_descriptors,1,2
rdkit_Chi4v,0.0007102524978108704,model_feature_importances,XGBoost,provided_plus_rdkit_descriptors,1,2
rdkit_HallKierAlpha,0.0212461668998003,model_feature_importances,XGBoost,provided_plus_rdkit_descriptors,1,2
rdkit_Ipc,0.0006092232652008533,model_feature_importances,XGBoost,provided_plus_rdkit_descriptors,1,2
rdkit_Kappa1,0.003601964795961976,model_feature_importances,XGBoost,provided_plus_rdkit_descriptors,1,2
rdkit_Kappa2,0.0005453837802633643,model_feature_importances,XGBoost,provided_plus_rdkit_descriptors,1,2
rdkit_Kappa3,0.0015477535780519247,model_feature_importances,XGBoost,provided_plus_rdkit_descriptors,1,2
rdkit_LabuteASA,0.0,model_feature_importances,XGBoost,provided_plus_rdkit_descriptors,1,2
rdkit_PEOE_VSA1,0.0033148014917969704,model_feature_importances,XGBoost,provided_plus_rdkit_descriptors,1,2
rdkit_PEOE_VSA10,0.013362947851419449,model_feature_importances,XGBoost,provided_plus_rdkit_descriptors,1,2
rdkit_PEOE_VSA11,0.007898170500993729,model_feature_importances,XGBoost,provided_plus_rdkit_descriptors,1,2
rdkit_PEOE_VSA12,0.00010917383042396978,model_feature_importances,XGBoost,provided_plus_rdkit_descriptors,1,2
rdkit_PEOE_VSA14,0.0,model_feature_importances,XGBoost,provided_plus_rdkit_descriptors,1,2
rdkit_PEOE_VSA2,0.0,model_feature_importances,XGBoost,provided_plus_rdkit_descriptors,1,2
rdkit_PEOE_VSA3,0.0,model_feature_importances,XGBoost,provided_plus_rdkit_descriptors,1,2
rdkit_PEOE_VSA5,0.0,model_feature_importances,XGBoost,provided_plus_rdkit_descriptors,1,2
rdkit_PEOE_VSA6,0.0,model_feature_importances,XGBoost,provided_plus_rdkit_descriptors,1,2
rdkit_PEOE_VSA7,0.002065977081656456,model_feature_importances,XGBoost,provided_plus_rdkit_descriptors,1,2
rdkit_PEOE_VSA8,0.0013512502191588283,model_feature_importances,XGBoost,provided_plus_rdkit_descriptors,1,2
rdkit_PEOE_VSA9,0.00044572740443982184,model_feature_importances,XGBoost,provided_plus_rdkit_descriptors,1,2
rdkit_SMR_VSA1,0.00039591683889739215,model_feature_importances,XGBoost,provided_plus_rdkit_descriptors,1,2
rdkit_SMR_VSA10,0.0007304052705876529,model_feature_importances,XGBoost,provided_plus_rdkit_descriptors,1,2
rdkit_SMR_VSA3,0.00020403647795319557,model_feature_importances,XGBoost,provided_plus_rdkit_descriptors,1,2
rdkit_SMR_VSA4,0.0,model_feature_importances,XGBoost,provided_plus_rdkit_descriptors,1,2
rdkit_SMR_VSA5,0.006563965231180191,model_feature_importances,XGBoost,provided_plus_rdkit_descriptors,1,2
rdkit_SMR_VSA6,0.00018859172996599227,model_feature_importances,XGBoost,provided_plus_rdkit_descriptors,1,2
rdkit_SMR_VSA7,0.0,model_feature_importances,XGBoost,provided_plus_rdkit_descriptors,1,2
rdkit_SlogP_VSA1,0.0,model_feature_importances,XGBoost,provided_plus_rdkit_descriptors,1,2
rdkit_SlogP_VSA12,0.0,model_feature_importances,XGBoost,provided_plus_rdkit_descriptors,1,2
rdkit_SlogP_VSA2,0.016636157408356667,model_feature_importances,XGBoost,provided_plus_rdkit_descriptors,1,2
rdkit_SlogP_VSA3,0.0005135988467372954,model_feature_importances,XGBoost,provided_plus_rdkit_descriptors,1,2
rdkit_SlogP_VSA4,0.0,model_feature_importances,XGBoost,provided_plus_rdkit_descriptors,1,2
rdkit_SlogP_VSA5,0.001789606991223991,model_feature_importances,XGBoost,provided_plus_rdkit_descriptors,1,2
rdkit_SlogP_VSA6,0.0,model_feature_importances,XGBoost,provided_plus_rdkit_descriptors,1,2
rdkit_TPSA,0.00019131155568175018,model_feature_importances,XGBoost,provided_plus_rdkit_descriptors,1,2
rdkit_EState_VSA1,0.00036548569914884865,model_feature_importances,XGBoost,provided_plus_rdkit_descriptors,1,2
rdkit_EState_VSA10,0.38934236764907837,model_feature_importances,XGBoost,provided_plus_rdkit_descriptors,1,2
rdkit_EState_VSA2,0.004452873021364212,model_feature_importances,XGBoost,provided_plus_rdkit_descriptors,1,2
rdkit_EState_VSA3,0.0,model_feature_importances,XGBoost,provided_plus_rdkit_descriptors,1,2
rdkit_EState_VSA4,0.0,model_feature_importances,XGBoost,provided_plus_rdkit_descriptors,1,2
rdkit_EState_VSA5,0.0004885066882707179,model_feature_importances,XGBoost,provided_plus_rdkit_descriptors,1,2
rdkit_EState_VSA6,0.0,model_feature_importances,XGBoost,provided_plus_rdkit_descriptors,1,2
rdkit_EState_VSA7,0.0,model_feature_importances,XGBoost,provided_plus_rdkit_descriptors,1,2
rdkit_EState_VSA8,0.001981085631996393,model_feature_importances,XGBoost,provided_plus_rdkit_descriptors,1,2
rdkit_EState_VSA9,0.011360215954482555,model_feature_importances,XGBoost,provided_plus_rdkit_descriptors,1,2
rdkit_VSA_EState1,0.00011835248005809262,model_feature_importances,XGBoost,provided_plus_rdkit_descriptors,1,2
rdkit_VSA_EState10,0.0,model_feature_importances,XGBoost,provided_plus_rdkit_descriptors,1,2
rdkit_VSA_EState2,0.02576925978064537,model_feature_importances,XGBoost,provided_plus_rdkit_descriptors,1,2
rdkit_VSA_EState3,0.008481109514832497,model_feature_importances,XGBoost,provided_plus_rdkit_descriptors,1,2
rdkit_VSA_EState4,0.0,model_feature_importances,XGBoost,provided_plus_rdkit_descriptors,1,2
rdkit_VSA_EState5,0.0009968505473807454,model_feature_importances,XGBoost,provided_plus_rdkit_descriptors,1,2
rdkit_VSA_EState6,0.0,model_feature_importances,XGBoost,provided_plus_rdkit_descriptors,1,2
rdkit_VSA_EState7,0.013060851022601128,model_feature_importances,XGBoost,provided_plus_rdkit_descriptors,1,2
rdkit_VSA_EState8,0.0404248908162117,model_feature_importances,XGBoost,provided_plus_rdkit_descriptors,1,2
rdkit_VSA_EState9,0.0,model_feature_importances,XGBoost,provided_plus_rdkit_descriptors,1,2
rdkit_FractionCSP3,0.00010960737563436851,model_feature_importances,XGBoost,provided_plus_rdkit_descriptors,1,2
rdkit_HeavyAtomCount,0.0,model_feature_importances,XGBoost,provided_plus_rdkit_descriptors,1,2
rdkit_NHOHCount,0.014200197532773018,model_feature_importances,XGBoost,provided_plus_rdkit_descriptors,1,2
rdkit_NOCount,0.0,model_feature_importances,XGBoost,provided_plus_rdkit_descriptors,1,2
rdkit_NumAliphaticCarbocycles,0.0,model_feature_importances,XGBoost,provided_plus_rdkit_descriptors,1,2
rdkit_NumAliphaticHeterocycles,0.0,model_feature_importances,XGBoost,provided_plus_rdkit_descriptors,1,2
rdkit_NumAliphaticRings,0.0,model_feature_importances,XGBoost,provided_plus_rdkit_descriptors,1,2
rdkit_NumAmideBonds,0.0,model_feature_importances,XGBoost,provided_plus_rdkit_descriptors,1,2
rdkit_NumAtomStereoCenters,0.0007254285737872124,model_feature_importances,XGBoost,provided_plus_rdkit_descriptors,1,2
rdkit_NumBridgeheadAtoms,0.0,model_feature_importances,XGBoost,provided_plus_rdkit_descriptors,1,2
rdkit_NumHAcceptors,0.0,model_feature_importances,XGBoost,provided_plus_rdkit_descriptors,1,2
rdkit_NumHDonors,0.0,model_feature_importances,XGBoost,provided_plus_rdkit_descriptors,1,2
rdkit_NumHeteroatoms,0.0,model_feature_importances,XGBoost,provided_plus_rdkit_descriptors,1,2
rdkit_NumHeterocycles,0.0,model_feature_importances,XGBoost,provided_plus_rdkit_descriptors,1,2
rdkit_NumRotatableBonds,0.05559714138507843,model_feature_importances,XGBoost,provided_plus_rdkit_descriptors,1,2
rdkit_NumSaturatedCarbocycles,0.0,model_feature_importances,XGBoost,provided_plus_rdkit_descriptors,1,2
rdkit_NumSaturatedHeterocycles,0.0,model_feature_importances,XGBoost,provided_plus_rdkit_descriptors,1,2
rdkit_NumSaturatedRings,0.0,model_feature_importances,XGBoost,provided_plus_rdkit_descriptors,1,2
rdkit_NumUnspecifiedAtomStereoCenters,0.022711679339408875,model_feature_importances,XGBoost,provided_plus_rdkit_descriptors,1,2
rdkit_Phi,0.09499528259038925,model_feature_importances,XGBoost,provided_plus_rdkit_descriptors,1,2
rdkit_RingCount,0.0,model_feature_importances,XGBoost,provided_plus_rdkit_descriptors,1,2
rdkit_MolLogP,0.008615131489932537,model_feature_importances,XGBoost,provided_plus_rdkit_descriptors,1,2
rdkit_MolMR,0.001658817520365119,model_feature_importances,XGBoost,provided_plus_rdkit_descriptors,1,2
rdkit_fr_Al_COO,0.0,model_feature_importances,XGBoost,provided_plus_rdkit_descriptors,1,2
rdkit_fr_Al_OH,0.02376214973628521,model_feature_importances,XGBoost,provided_plus_rdkit_descriptors,1,2
rdkit_fr_Al_OH_noTert,0.0,model_feature_importances,XGBoost,provided_plus_rdkit_descriptors,1,2
rdkit_fr_COO,0.0,model_feature_importances,XGBoost,provided_plus_rdkit_descriptors,1,2
rdkit_fr_COO2,0.0,model_feature_importances,XGBoost,provided_plus_rdkit_descriptors,1,2
rdkit_fr_C_O,0.0,model_feature_importances,XGBoost,provided_plus_rdkit_descriptors,1,2
rdkit_fr_C_O_noCOO,0.0,model_feature_importances,XGBoost,provided_plus_rdkit_descriptors,1,2
rdkit_fr_NH1,0.0,model_feature_importances,XGBoost,provided_plus_rdkit_descriptors,1,2
rdkit_fr_NH2,0.0,model_feature_importances,XGBoost,provided_plus_rdkit_descriptors,1,2
rdkit_fr_aldehyde,0.0,model_feature_importances,XGBoost,provided_plus_rdkit_descriptors,1,2
rdkit_fr_alkyl_halide,0.0,model_feature_importances,XGBoost,provided_plus_rdkit_descriptors,1,2
rdkit_fr_allylic_oxid,0.0,model_feature_importances,XGBoost,provided_plus_rdkit_descriptors,1,2
rdkit_fr_amide,0.0,model_feature_importances,XGBoost,provided_plus_rdkit_descriptors,1,2
rdkit_fr_bicyclic,0.0,model_feature_importances,XGBoost,provided_plus_rdkit_descriptors,1,2
rdkit_fr_ether,0.0,model_feature_importances,XGBoost,provided_plus_rdkit_descriptors,1,2
rdkit_fr_halogen,0.0,model_feature_importances,XGBoost,provided_plus_rdkit_descriptors,1,2
rdkit_fr_ketone,0.0008077899110503495,model_feature_importances,XGBoost,provided_plus_rdkit_descriptors,1,2
rdkit_fr_ketone_Topliss,0.0,model_feature_importances,XGBoost,provided_plus_rdkit_descriptors,1,2
rdkit_fr_methoxy,0.0,model_feature_importances,XGBoost,provided_plus_rdkit_descriptors,1,2
rdkit_fr_phos_acid,0.0,model_feature_importances,XGBoost,provided_plus_rdkit_descriptors,1,2
rdkit_fr_phos_ester,0.0,model_feature_importances,XGBoost,provided_plus_rdkit_descriptors,1,2
Molecular weight (Da),0.012548830360174179,model_feature_importances,XGBoost,provided_plus_rdkit_descriptors,1,3
Solubility (mg/mL),0.017186135053634644,model_feature_importances,XGBoost,provided_plus_rdkit_descriptors,1,3
"Glass transition temperature (Tg, degC)",0.007224014028906822,model_feature_importances,XGBoost,provided_plus_rdkit_descriptors,1,3
Viscosity (mPa.s),0.0016261687269434333,model_feature_importances,XGBoost,provided_plus_rdkit_descriptors,1,3
Concentration (% w/v),0.004106494132429361,model_feature_importances,XGBoost,provided_plus_rdkit_descriptors,1,3
rdkit_MaxAbsEStateIndex,0.0106370709836483,model_feature_importances,XGBoost,provided_plus_rdkit_descriptors,1,3
rdkit_MaxEStateIndex,0.0,model_feature_importances,XGBoost,provided_plus_rdkit_descriptors,1,3
rdkit_MinAbsEStateIndex,0.012686092406511307,model_feature_importances,XGBoost,provided_plus_rdkit_descriptors,1,3
rdkit_MinEStateIndex,0.005920505151152611,model_feature_importances,XGBoost,provided_plus_rdkit_descriptors,1,3
rdkit_qed,0.0029735572170466185,model_feature_importances,XGBoost,provided_plus_rdkit_descriptors,1,3
rdkit_SPS,0.010842347517609596,model_feature_importances,XGBoost,provided_plus_rdkit_descriptors,1,3
rdkit_MolWt,0.0,model_feature_importances,XGBoost,provided_plus_rdkit_descriptors,1,3
rdkit_HeavyAtomMolWt,0.0,model_feature_importances,XGBoost,provided_plus_rdkit_descriptors,1,3
rdkit_ExactMolWt,0.0,model_feature_importances,XGBoost,provided_plus_rdkit_descriptors,1,3
rdkit_NumValenceElectrons,0.0,model_feature_importances,XGBoost,provided_plus_rdkit_descriptors,1,3
rdkit_MaxPartialCharge,0.027037465944886208,model_feature_importances,XGBoost,provided_plus_rdkit_descriptors,1,3
rdkit_MinPartialCharge,0.004183861427009106,model_feature_importances,XGBoost,provided_plus_rdkit_descriptors,1,3
rdkit_MaxAbsPartialCharge,8.77093116287142e-05,model_feature_importances,XGBoost,provided_plus_rdkit_descriptors,1,3
rdkit_MinAbsPartialCharge,0.0,model_feature_importances,XGBoost,provided_plus_rdkit_descriptors,1,3
rdkit_FpDensityMorgan1,0.003129498567432165,model_feature_importances,XGBoost,provided_plus_rdkit_descriptors,1,3
rdkit_FpDensityMorgan2,0.0031212582252919674,model_feature_importances,XGBoost,provided_plus_rdkit_descriptors,1,3
rdkit_FpDensityMorgan3,0.0015687503619119525,model_feature_importances,XGBoost,provided_plus_rdkit_descriptors,1,3
rdkit_BCUT2D_MWHI,0.0019336495315656066,model_feature_importances,XGBoost,provided_plus_rdkit_descriptors,1,3
rdkit_BCUT2D_MWLOW,0.010057803243398666,model_feature_importances,XGBoost,provided_plus_rdkit_descriptors,1,3
rdkit_BCUT2D_CHGHI,0.012158283032476902,model_feature_importances,XGBoost,provided_plus_rdkit_descriptors,1,3
rdkit_BCUT2D_CHGLO,0.00666116364300251,model_feature_importances,XGBoost,provided_plus_rdkit_descriptors,1,3
rdkit_BCUT2D_LOGPHI,0.0018888894701376557,model_feature_importances,XGBoost,provided_plus_rdkit_descriptors,1,3
rdkit_BCUT2D_LOGPLOW,0.005352754145860672,model_feature_importances,XGBoost,provided_plus_rdkit_descriptors,1,3
rdkit_BCUT2D_MRHI,0.00654156319797039,model_feature_importances,XGBoost,provided_plus_rdkit_descriptors,1,3
rdkit_BCUT2D_MRLOW,0.0029211186338216066,model_feature_importances,XGBoost,provided_plus_rdkit_descriptors,1,3
rdkit_AvgIpc,0.03444904088973999,model_feature_importances,XGBoost,provided_plus_rdkit_descriptors,1,3
rdkit_BalabanJ,0.0025721609126776457,model_feature_importances,XGBoost,provided_plus_rdkit_descriptors,1,3
rdkit_BertzCT,0.0094061940908432,model_feature_importances,XGBoost,provided_plus_rdkit_descriptors,1,3
rdkit_Chi0,0.0006581609486602247,model_feature_importances,XGBoost,provided_plus_rdkit_descriptors,1,3
rdkit_Chi0n,0.0018747737631201744,model_feature_importances,XGBoost,provided_plus_rdkit_descriptors,1,3
rdkit_Chi0v,0.02069404162466526,model_feature_importances,XGBoost,provided_plus_rdkit_descriptors,1,3
rdkit_Chi1,0.0028470491524785757,model_feature_importances,XGBoost,provided_plus_rdkit_descriptors,1,3
rdkit_Chi1n,0.00012961518950760365,model_feature_importances,XGBoost,provided_plus_rdkit_descriptors,1,3
rdkit_Chi1v,0.00018221308710053563,model_feature_importances,XGBoost,provided_plus_rdkit_descriptors,1,3
rdkit_Chi2n,0.007001389283686876,model_feature_importances,XGBoost,provided_plus_rdkit_descriptors,1,3
rdkit_Chi2v,0.0001854553265729919,model_feature_importances,XGBoost,provided_plus_rdkit_descriptors,1,3
rdkit_Chi3n,7.898405601736158e-05,model_feature_importances,XGBoost,provided_plus_rdkit_descriptors,1,3
rdkit_Chi3v,0.00043798660044558346,model_feature_importances,XGBoost,provided_plus_rdkit_descriptors,1,3
rdkit_Chi4n,0.0,model_feature_importances,XGBoost,provided_plus_rdkit_descriptors,1,3
rdkit_Chi4v,0.0004898523911833763,model_feature_importances,XGBoost,provided_plus_rdkit_descriptors,1,3
rdkit_HallKierAlpha,0.011612351052463055,model_feature_importances,XGBoost,provided_plus_rdkit_descriptors,1,3
rdkit_Ipc,0.0011079199612140656,model_feature_importances,XGBoost,provided_plus_rdkit_descriptors,1,3
rdkit_Kappa1,0.0013984630350023508,model_feature_importances,XGBoost,provided_plus_rdkit_descriptors,1,3
rdkit_Kappa2,0.000639241945464164,model_feature_importances,XGBoost,provided_plus_rdkit_descriptors,1,3
rdkit_Kappa3,0.00576064782217145,model_feature_importances,XGBoost,provided_plus_rdkit_descriptors,1,3
rdkit_LabuteASA,0.0,model_feature_importances,XGBoost,provided_plus_rdkit_descriptors,1,3
rdkit_PEOE_VSA1,0.007349273655563593,model_feature_importances,XGBoost,provided_plus_rdkit_descriptors,1,3
rdkit_PEOE_VSA10,0.00020107418822590262,model_feature_importances,XGBoost,provided_plus_rdkit_descriptors,1,3
rdkit_PEOE_VSA11,0.014222521334886551,model_feature_importances,XGBoost,provided_plus_rdkit_descriptors,1,3
rdkit_PEOE_VSA12,0.0,model_feature_importances,XGBoost,provided_plus_rdkit_descriptors,1,3
rdkit_PEOE_VSA14,0.0,model_feature_importances,XGBoost,provided_plus_rdkit_descriptors,1,3
rdkit_PEOE_VSA2,0.004095971118658781,model_feature_importances,XGBoost,provided_plus_rdkit_descriptors,1,3
rdkit_PEOE_VSA3,0.0,model_feature_importances,XGBoost,provided_plus_rdkit_descriptors,1,3
rdkit_PEOE_VSA5,0.0,model_feature_importances,XGBoost,provided_plus_rdkit_descriptors,1,3
rdkit_PEOE_VSA6,0.0,model_feature_importances,XGBoost,provided_plus_rdkit_descriptors,1,3
rdkit_PEOE_VSA7,0.0025453472044318914,model_feature_importances,XGBoost,provided_plus_rdkit_descriptors,1,3
rdkit_PEOE_VSA8,0.0,model_feature_importances,XGBoost,provided_plus_rdkit_descriptors,1,3
rdkit_PEOE_VSA9,0.0003781777631957084,model_feature_importances,XGBoost,provided_plus_rdkit_descriptors,1,3
rdkit_SMR_VSA1,0.0022668703459203243,model_feature_importances,XGBoost,provided_plus_rdkit_descriptors,1,3
rdkit_SMR_VSA10,0.0010291441576555371,model_feature_importances,XGBoost,provided_plus_rdkit_descriptors,1,3
rdkit_SMR_VSA3,0.0,model_feature_importances,XGBoost,provided_plus_rdkit_descriptors,1,3
rdkit_SMR_VSA4,0.0,model_feature_importances,XGBoost,provided_plus_rdkit_descriptors,1,3
rdkit_SMR_VSA5,0.0003413357480894774,model_feature_importances,XGBoost,provided_plus_rdkit_descriptors,1,3
rdkit_SMR_VSA6,0.0005954927764832973,model_feature_importances,XGBoost,provided_plus_rdkit_descriptors,1,3
rdkit_SMR_VSA7,0.0,model_feature_importances,XGBoost,provided_plus_rdkit_descriptors,1,3
rdkit_SlogP_VSA1,0.0,model_feature_importances,XGBoost,provided_plus_rdkit_descriptors,1,3
rdkit_SlogP_VSA12,0.0,model_feature_importances,XGBoost,provided_plus_rdkit_descriptors,1,3
rdkit_SlogP_VSA2,0.00697995675727725,model_feature_importances,XGBoost,provided_plus_rdkit_descriptors,1,3
rdkit_SlogP_VSA3,0.023452769964933395,model_feature_importances,XGBoost,provided_plus_rdkit_descriptors,1,3
rdkit_SlogP_VSA4,0.0,model_feature_importances,XGBoost,provided_plus_rdkit_descriptors,1,3
rdkit_SlogP_VSA5,0.0006075910641811788,model_feature_importances,XGBoost,provided_plus_rdkit_descriptors,1,3
rdkit_SlogP_VSA6,0.0,model_feature_importances,XGBoost,provided_plus_rdkit_descriptors,1,3
rdkit_TPSA,0.023980844765901566,model_feature_importances,XGBoost,provided_plus_rdkit_descriptors,1,3
rdkit_EState_VSA1,0.002712484449148178,model_feature_importances,XGBoost,provided_plus_rdkit_descriptors,1,3
rdkit_EState_VSA10,0.4471889138221741,model_feature_importances,XGBoost,provided_plus_rdkit_descriptors,1,3
rdkit_EState_VSA2,0.003114253282546997,model_feature_importances,XGBoost,provided_plus_rdkit_descriptors,1,3
rdkit_EState_VSA3,0.009477104060351849,model_feature_importances,XGBoost,provided_plus_rdkit_descriptors,1,3
rdkit_EState_VSA4,0.0,model_feature_importances,XGBoost,provided_plus_rdkit_descriptors,1,3
rdkit_EState_VSA5,0.00020829905406571925,model_feature_importances,XGBoost,provided_plus_rdkit_descriptors,1,3
rdkit_EState_VSA6,0.0,model_feature_importances,XGBoost,provided_plus_rdkit_descriptors,1,3
rdkit_EState_VSA7,0.0,model_feature_importances,XGBoost,provided_plus_rdkit_descriptors,1,3
rdkit_EState_VSA8,0.0004580125096254051,model_feature_importances,XGBoost,provided_plus_rdkit_descriptors,1,3
rdkit_EState_VSA9,0.00909761618822813,model_feature_importances,XGBoost,provided_plus_rdkit_descriptors,1,3
rdkit_VSA_EState1,0.002712033689022064,model_feature_importances,XGBoost,provided_plus_rdkit_descriptors,1,3
rdkit_VSA_EState10,0.0,model_feature_importances,XGBoost,provided_plus_rdkit_descriptors,1,3
rdkit_VSA_EState2,0.0213968176394701,model_feature_importances,XGBoost,provided_plus_rdkit_descriptors,1,3
rdkit_VSA_EState3,0.05127531290054321,model_feature_importances,XGBoost,provided_plus_rdkit_descriptors,1,3
rdkit_VSA_EState4,0.0,model_feature_importances,XGBoost,provided_plus_rdkit_descriptors,1,3
rdkit_VSA_EState5,0.0011558665428310633,model_feature_importances,XGBoost,provided_plus_rdkit_descriptors,1,3
rdkit_VSA_EState6,0.0,model_feature_importances,XGBoost,provided_plus_rdkit_descriptors,1,3
rdkit_VSA_EState7,0.006830887403339148,model_feature_importances,XGBoost,provided_plus_rdkit_descriptors,1,3
rdkit_VSA_EState8,0.044957298785448074,model_feature_importances,XGBoost,provided_plus_rdkit_descriptors,1,3
rdkit_VSA_EState9,0.0,model_feature_importances,XGBoost,provided_plus_rdkit_descriptors,1,3
rdkit_FractionCSP3,0.0003212302108295262,model_feature_importances,XGBoost,provided_plus_rdkit_descriptors,1,3
rdkit_HeavyAtomCount,0.0,model_feature_importances,XGBoost,provided_plus_rdkit_descriptors,1,3
rdkit_NHOHCount,0.0,model_feature_importances,XGBoost,provided_plus_rdkit_descriptors,1,3
rdkit_NOCount,0.0,model_feature_importances,XGBoost,provided_plus_rdkit_descriptors,1,3
rdkit_NumAliphaticCarbocycles,0.0,model_feature_importances,XGBoost,provided_plus_rdkit_descriptors,1,3
rdkit_NumAliphaticHeterocycles,0.0,model_feature_importances,XGBoost,provided_plus_rdkit_descriptors,1,3
rdkit_NumAliphaticRings,0.0,model_feature_importances,XGBoost,provided_plus_rdkit_descriptors,1,3
rdkit_NumAmideBonds,0.0,model_feature_importances,XGBoost,provided_plus_rdkit_descriptors,1,3
rdkit_NumAtomStereoCenters,0.0013537963386625051,model_feature_importances,XGBoost,provided_plus_rdkit_descriptors,1,3
rdkit_NumBridgeheadAtoms,0.0,model_feature_importances,XGBoost,provided_plus_rdkit_descriptors,1,3
rdkit_NumHAcceptors,0.0,model_feature_importances,XGBoost,provided_plus_rdkit_descriptors,1,3
rdkit_NumHDonors,0.0,model_feature_importances,XGBoost,provided_plus_rdkit_descriptors,1,3
rdkit_NumHeteroatoms,0.0,model_feature_importances,XGBoost,provided_plus_rdkit_descriptors,1,3
rdkit_NumHeterocycles,0.0,model_feature_importances,XGBoost,provided_plus_rdkit_descriptors,1,3
rdkit_NumRotatableBonds,0.0018151336116716266,model_feature_importances,XGBoost,provided_plus_rdkit_descriptors,1,3
rdkit_NumSaturatedCarbocycles,0.0,model_feature_importances,XGBoost,provided_plus_rdkit_descriptors,1,3
rdkit_NumSaturatedHeterocycles,0.0,model_feature_importances,XGBoost,provided_plus_rdkit_descriptors,1,3
rdkit_NumSaturatedRings,0.0,model_feature_importances,XGBoost,provided_plus_rdkit_descriptors,1,3
rdkit_NumUnspecifiedAtomStereoCenters,0.0,model_feature_importances,XGBoost,provided_plus_rdkit_descriptors,1,3
rdkit_Phi,0.0028300066478550434,model_feature_importances,XGBoost,provided_plus_rdkit_descriptors,1,3
rdkit_RingCount,0.0,model_feature_importances,XGBoost,provided_plus_rdkit_descriptors,1,3
rdkit_MolLogP,0.024496743455529213,model_feature_importances,XGBoost,provided_plus_rdkit_descriptors,1,3
rdkit_MolMR,0.0012849034974351525,model_feature_importances,XGBoost,provided_plus_rdkit_descriptors,1,3
rdkit_fr_Al_COO,0.0,model_feature_importances,XGBoost,provided_plus_rdkit_descriptors,1,3
rdkit_fr_Al_OH,0.0,model_feature_importances,XGBoost,provided_plus_rdkit_descriptors,1,3
rdkit_fr_Al_OH_noTert,0.0,model_feature_importances,XGBoost,provided_plus_rdkit_descriptors,1,3
rdkit_fr_COO,0.0,model_feature_importances,XGBoost,provided_plus_rdkit_descriptors,1,3
rdkit_fr_COO2,0.0,model_feature_importances,XGBoost,provided_plus_rdkit_descriptors,1,3
rdkit_fr_C_O,0.0,model_feature_importances,XGBoost,provided_plus_rdkit_descriptors,1,3
rdkit_fr_C_O_noCOO,0.0,model_feature_importances,XGBoost,provided_plus_rdkit_descriptors,1,3
rdkit_fr_NH1,0.0,model_feature_importances,XGBoost,provided_plus_rdkit_descriptors,1,3
rdkit_fr_NH2,0.0,model_feature_importances,XGBoost,provided_plus_rdkit_descriptors,1,3
rdkit_fr_aldehyde,0.00048729361151345074,model_feature_importances,XGBoost,provided_plus_rdkit_descriptors,1,3
rdkit_fr_alkyl_halide,0.0,model_feature_importances,XGBoost,provided_plus_rdkit_descriptors,1,3
rdkit_fr_allylic_oxid,0.0,model_feature_importances,XGBoost,provided_plus_rdkit_descriptors,1,3
rdkit_fr_amide,0.0,model_feature_importances,XGBoost,provided_plus_rdkit_descriptors,1,3
rdkit_fr_bicyclic,0.0,model_feature_importances,XGBoost,provided_plus_rdkit_descriptors,1,3
rdkit_fr_ether,0.004527091979980469,model_feature_importances,XGBoost,provided_plus_rdkit_descriptors,1,3
rdkit_fr_halogen,0.0,model_feature_importances,XGBoost,provided_plus_rdkit_descriptors,1,3
rdkit_fr_ketone,0.0003320203395560384,model_feature_importances,XGBoost,provided_plus_rdkit_descriptors,1,3
rdkit_fr_ketone_Topliss,0.0,model_feature_importances,XGBoost,provided_plus_rdkit_descriptors,1,3
rdkit_fr_methoxy,0.0,model_feature_importances,XGBoost,provided_plus_rdkit_descriptors,1,3
rdkit_fr_phos_acid,0.0,model_feature_importances,XGBoost,provided_plus_rdkit_descriptors,1,3
rdkit_fr_phos_ester,0.0,model_feature_importances,XGBoost,provided_plus_rdkit_descriptors,1,3
Molecular weight (Da),0.004090688657015562,model_feature_importances,XGBoost,provided_plus_rdkit_descriptors,1,4
Solubility (mg/mL),0.015072082169353962,model_feature_importances,XGBoost,provided_plus_rdkit_descriptors,1,4
"Glass transition temperature (Tg, degC)",0.003579632146283984,model_feature_importances,XGBoost,provided_plus_rdkit_descriptors,1,4
Viscosity (mPa.s),0.0015007252804934978,model_feature_importances,XGBoost,provided_plus_rdkit_descriptors,1,4
Concentration (% w/v),0.0034454588312655687,model_feature_importances,XGBoost,provided_plus_rdkit_descriptors,1,4
rdkit_MaxAbsEStateIndex,0.008184799924492836,model_feature_importances,XGBoost,provided_plus_rdkit_descriptors,1,4
rdkit_MaxEStateIndex,0.0,model_feature_importances,XGBoost,provided_plus_rdkit_descriptors,1,4
rdkit_MinAbsEStateIndex,0.005283157341182232,model_feature_importances,XGBoost,provided_plus_rdkit_descriptors,1,4
rdkit_MinEStateIndex,0.019458526745438576,model_feature_importances,XGBoost,provided_plus_rdkit_descriptors,1,4
rdkit_qed,0.007882111705839634,model_feature_importances,XGBoost,provided_plus_rdkit_descriptors,1,4
rdkit_SPS,0.01166657917201519,model_feature_importances,XGBoost,provided_plus_rdkit_descriptors,1,4
rdkit_MolWt,0.0,model_feature_importances,XGBoost,provided_plus_rdkit_descriptors,1,4
rdkit_HeavyAtomMolWt,0.0,model_feature_importances,XGBoost,provided_plus_rdkit_descriptors,1,4
rdkit_ExactMolWt,0.0,model_feature_importances,XGBoost,provided_plus_rdkit_descriptors,1,4
rdkit_NumValenceElectrons,0.0,model_feature_importances,XGBoost,provided_plus_rdkit_descriptors,1,4
rdkit_MaxPartialCharge,0.03055976890027523,model_feature_importances,XGBoost,provided_plus_rdkit_descriptors,1,4
rdkit_MinPartialCharge,0.006479951553046703,model_feature_importances,XGBoost,provided_plus_rdkit_descriptors,1,4
rdkit_MaxAbsPartialCharge,0.0015063927276059985,model_feature_importances,XGBoost,provided_plus_rdkit_descriptors,1,4
rdkit_MinAbsPartialCharge,0.0,model_feature_importances,XGBoost,provided_plus_rdkit_descriptors,1,4
rdkit_FpDensityMorgan1,0.0036223959177732468,model_feature_importances,XGBoost,provided_plus_rdkit_descriptors,1,4
rdkit_FpDensityMorgan2,0.003212549490854144,model_feature_importances,XGBoost,provided_plus_rdkit_descriptors,1,4
rdkit_FpDensityMorgan3,0.003265585284680128,model_feature_importances,XGBoost,provided_plus_rdkit_descriptors,1,4
rdkit_BCUT2D_MWHI,0.005771204829216003,model_feature_importances,XGBoost,provided_plus_rdkit_descriptors,1,4
rdkit_BCUT2D_MWLOW,0.009762112982571125,model_feature_importances,XGBoost,provided_plus_rdkit_descriptors,1,4
rdkit_BCUT2D_CHGHI,0.017896316945552826,model_feature_importances,XGBoost,provided_plus_rdkit_descriptors,1,4
rdkit_BCUT2D_CHGLO,0.00638981070369482,model_feature_importances,XGBoost,provided_plus_rdkit_descriptors,1,4
rdkit_BCUT2D_LOGPHI,0.0021399224642664194,model_feature_importances,XGBoost,provided_plus_rdkit_descriptors,1,4
rdkit_BCUT2D_LOGPLOW,0.0010815599234774709,model_feature_importances,XGBoost,provided_plus_rdkit_descriptors,1,4
rdkit_BCUT2D_MRHI,0.0016427859663963318,model_feature_importances,XGBoost,provided_plus_rdkit_descriptors,1,4
rdkit_BCUT2D_MRLOW,0.0024408618919551373,model_feature_importances,XGBoost,provided_plus_rdkit_descriptors,1,4
rdkit_AvgIpc,0.0040174322202801704,model_feature_importances,XGBoost,provided_plus_rdkit_descriptors,1,4
rdkit_BalabanJ,0.013290139846503735,model_feature_importances,XGBoost,provided_plus_rdkit_descriptors,1,4
rdkit_BertzCT,0.004270116798579693,model_feature_importances,XGBoost,provided_plus_rdkit_descriptors,1,4
rdkit_Chi0,0.0009360323310829699,model_feature_importances,XGBoost,provided_plus_rdkit_descriptors,1,4
rdkit_Chi0n,0.0013310402864590287,model_feature_importances,XGBoost,provided_plus_rdkit_descriptors,1,4
rdkit_Chi0v,0.016721678897738457,model_feature_importances,XGBoost,provided_plus_rdkit_descriptors,1,4
rdkit_Chi1,0.027678029611706734,model_feature_importances,XGBoost,provided_plus_rdkit_descriptors,1,4
rdkit_Chi1n,0.0004991545574739575,model_feature_importances,XGBoost,provided_plus_rdkit_descriptors,1,4
rdkit_Chi1v,0.0004643063875846565,model_feature_importances,XGBoost,provided_plus_rdkit_descriptors,1,4
rdkit_Chi2n,0.001809102250263095,model_feature_importances,XGBoost,provided_plus_rdkit_descriptors,1,4
rdkit_Chi2v,0.0,model_feature_importances,XGBoost,provided_plus_rdkit_descriptors,1,4
rdkit_Chi3n,0.00020873916218988597,model_feature_importances,XGBoost,provided_plus_rdkit_descriptors,1,4
rdkit_Chi3v,0.00011804520181613043,model_feature_importances,XGBoost,provided_plus_rdkit_descriptors,1,4
rdkit_Chi4n,0.00022123965027276427,model_feature_importances,XGBoost,provided_plus_rdkit_descriptors,1,4
rdkit_Chi4v,0.0006503447075374424,model_feature_importances,XGBoost,provided_plus_rdkit_descriptors,1,4
rdkit_HallKierAlpha,0.03899737074971199,model_feature_importances,XGBoost,provided_plus_rdkit_descriptors,1,4
rdkit_Ipc,0.0006869193748570979,model_feature_importances,XGBoost,provided_plus_rdkit_descriptors,1,4
rdkit_Kappa1,0.003076873952522874,model_feature_importances,XGBoost,provided_plus_rdkit_descriptors,1,4
rdkit_Kappa2,0.00042300537461414933,model_feature_importances,XGBoost,provided_plus_rdkit_descriptors,1,4
rdkit_Kappa3,0.0018061876762658358,model_feature_importances,XGBoost,provided_plus_rdkit_descriptors,1,4
rdkit_LabuteASA,0.0,model_feature_importances,XGBoost,provided_plus_rdkit_descriptors,1,4
rdkit_PEOE_VSA1,0.0005990808131173253,model_feature_importances,XGBoost,provided_plus_rdkit_descriptors,1,4
rdkit_PEOE_VSA10,0.0007225359440781176,model_feature_importances,XGBoost,provided_plus_rdkit_descriptors,1,4
rdkit_PEOE_VSA11,0.0073423259891569614,model_feature_importances,XGBoost,provided_plus_rdkit_descriptors,1,4
rdkit_PEOE_VSA12,0.00014787408872507513,model_feature_importances,XGBoost,provided_plus_rdkit_descriptors,1,4
rdkit_PEOE_VSA14,0.00017790125275496393,model_feature_importances,XGBoost,provided_plus_rdkit_descriptors,1,4
rdkit_PEOE_VSA2,0.0,model_feature_importances,XGBoost,provided_plus_rdkit_descriptors,1,4
rdkit_PEOE_VSA3,0.0,model_feature_importances,XGBoost,provided_plus_rdkit_descriptors,1,4
rdkit_PEOE_VSA5,0.0,model_feature_importances,XGBoost,provided_plus_rdkit_descriptors,1,4
rdkit_PEOE_VSA6,0.0,model_feature_importances,XGBoost,provided_plus_rdkit_descriptors,1,4
rdkit_PEOE_VSA7,0.0015073262620717287,model_feature_importances,XGBoost,provided_plus_rdkit_descriptors,1,4
rdkit_PEOE_VSA8,0.002690829336643219,model_feature_importances,XGBoost,provided_plus_rdkit_descriptors,1,4
rdkit_PEOE_VSA9,0.0005457169027067721,model_feature_importances,XGBoost,provided_plus_rdkit_descriptors,1,4
rdkit_SMR_VSA1,0.0013655584771186113,model_feature_importances,XGBoost,provided_plus_rdkit_descriptors,1,4
rdkit_SMR_VSA10,0.0001825858053052798,model_feature_importances,XGBoost,provided_plus_rdkit_descriptors,1,4
rdkit_SMR_VSA3,0.0,model_feature_importances,XGBoost,provided_plus_rdkit_descriptors,1,4
rdkit_SMR_VSA4,0.001627276069484651,model_feature_importances,XGBoost,provided_plus_rdkit_descriptors,1,4
rdkit_SMR_VSA5,0.003457332495599985,model_feature_importances,XGBoost,provided_plus_rdkit_descriptors,1,4
rdkit_SMR_VSA6,0.00039982545422390103,model_feature_importances,XGBoost,provided_plus_rdkit_descriptors,1,4
rdkit_SMR_VSA7,0.0,model_feature_importances,XGBoost,provided_plus_rdkit_descriptors,1,4
rdkit_SlogP_VSA1,0.0,model_feature_importances,XGBoost,provided_plus_rdkit_descriptors,1,4
rdkit_SlogP_VSA12,0.0,model_feature_importances,XGBoost,provided_plus_rdkit_descriptors,1,4
rdkit_SlogP_VSA2,0.02553378976881504,model_feature_importances,XGBoost,provided_plus_rdkit_descriptors,1,4
rdkit_SlogP_VSA3,0.019856352359056473,model_feature_importances,XGBoost,provided_plus_rdkit_descriptors,1,4
rdkit_SlogP_VSA4,0.0,model_feature_importances,XGBoost,provided_plus_rdkit_descriptors,1,4
rdkit_SlogP_VSA5,0.0,model_feature_importances,XGBoost,provided_plus_rdkit_descriptors,1,4
rdkit_SlogP_VSA6,0.0,model_feature_importances,XGBoost,provided_plus_rdkit_descriptors,1,4
rdkit_TPSA,0.0003318072413094342,model_feature_importances,XGBoost,provided_plus_rdkit_descriptors,1,4
rdkit_EState_VSA1,0.00017989288608077914,model_feature_importances,XGBoost,provided_plus_rdkit_descriptors,1,4
rdkit_EState_VSA10,0.4447636008262634,model_feature_importances,XGBoost,provided_plus_rdkit_descriptors,1,4
rdkit_EState_VSA2,0.006248353514820337,model_feature_importances,XGBoost,provided_plus_rdkit_descriptors,1,4
rdkit_EState_VSA3,0.003016119822859764,model_feature_importances,XGBoost,provided_plus_rdkit_descriptors,1,4
rdkit_EState_VSA4,0.0,model_feature_importances,XGBoost,provided_plus_rdkit_descriptors,1,4
rdkit_EState_VSA5,4.067277768626809e-05,model_feature_importances,XGBoost,provided_plus_rdkit_descriptors,1,4
rdkit_EState_VSA6,0.0,model_feature_importances,XGBoost,provided_plus_rdkit_descriptors,1,4
rdkit_EState_VSA7,0.0,model_feature_importances,XGBoost,provided_plus_rdkit_descriptors,1,4
rdkit_EState_VSA8,0.00036876442027278244,model_feature_importances,XGBoost,provided_plus_rdkit_descriptors,1,4
rdkit_EState_VSA9,0.03431510925292969,model_feature_importances,XGBoost,provided_plus_rdkit_descriptors,1,4
rdkit_VSA_EState1,0.000900879327673465,model_feature_importances,XGBoost,provided_plus_rdkit_descriptors,1,4
rdkit_VSA_EState10,0.0,model_feature_importances,XGBoost,provided_plus_rdkit_descriptors,1,4
rdkit_VSA_EState2,0.02448638156056404,model_feature_importances,XGBoost,provided_plus_rdkit_descriptors,1,4
rdkit_VSA_EState3,0.018887778744101524,model_feature_importances,XGBoost,provided_plus_rdkit_descriptors,1,4
rdkit_VSA_EState4,0.0,model_feature_importances,XGBoost,provided_plus_rdkit_descriptors,1,4
rdkit_VSA_EState5,0.000964356295298785,model_feature_importances,XGBoost,provided_plus_rdkit_descriptors,1,4
rdkit_VSA_EState6,0.0,model_feature_importances,XGBoost,provided_plus_rdkit_descriptors,1,4
rdkit_VSA_EState7,0.012832105159759521,model_feature_importances,XGBoost,provided_plus_rdkit_descriptors,1,4
rdkit_VSA_EState8,0.015806660056114197,model_feature_importances,XGBoost,provided_plus_rdkit_descriptors,1,4
rdkit_VSA_EState9,0.0,model_feature_importances,XGBoost,provided_plus_rdkit_descriptors,1,4
rdkit_FractionCSP3,0.0008907529409043491,model_feature_importances,XGBoost,provided_plus_rdkit_descriptors,1,4
rdkit_HeavyAtomCount,0.0,model_feature_importances,XGBoost,provided_plus_rdkit_descriptors,1,4
rdkit_NHOHCount,0.0,model_feature_importances,XGBoost,provided_plus_rdkit_descriptors,1,4
rdkit_NOCount,0.0,model_feature_importances,XGBoost,provided_plus_rdkit_descriptors,1,4
rdkit_NumAliphaticCarbocycles,0.0,model_feature_importances,XGBoost,provided_plus_rdkit_descriptors,1,4
rdkit_NumAliphaticHeterocycles,0.0,model_feature_importances,XGBoost,provided_plus_rdkit_descriptors,1,4
rdkit_NumAliphaticRings,0.0,model_feature_importances,XGBoost,provided_plus_rdkit_descriptors,1,4
rdkit_NumAmideBonds,0.0,model_feature_importances,XGBoost,provided_plus_rdkit_descriptors,1,4
rdkit_NumAtomStereoCenters,0.017583683133125305,model_feature_importances,XGBoost,provided_plus_rdkit_descriptors,1,4
rdkit_NumBridgeheadAtoms,0.0,model_feature_importances,XGBoost,provided_plus_rdkit_descriptors,1,4
rdkit_NumHAcceptors,0.0,model_feature_importances,XGBoost,provided_plus_rdkit_descriptors,1,4
rdkit_NumHDonors,0.006757121533155441,model_feature_importances,XGBoost,provided_plus_rdkit_descriptors,1,4
rdkit_NumHeteroatoms,0.0,model_feature_importances,XGBoost,provided_plus_rdkit_descriptors,1,4
rdkit_NumHeterocycles,0.0,model_feature_importances,XGBoost,provided_plus_rdkit_descriptors,1,4
rdkit_NumRotatableBonds,0.0012392863864079118,model_feature_importances,XGBoost,provided_plus_rdkit_descriptors,1,4
rdkit_NumSaturatedCarbocycles,0.0,model_feature_importances,XGBoost,provided_plus_rdkit_descriptors,1,4
rdkit_NumSaturatedHeterocycles,0.0,model_feature_importances,XGBoost,provided_plus_rdkit_descriptors,1,4
rdkit_NumSaturatedRings,0.0,model_feature_importances,XGBoost,provided_plus_rdkit_descriptors,1,4
rdkit_NumUnspecifiedAtomStereoCenters,0.008342101238667965,model_feature_importances,XGBoost,provided_plus_rdkit_descriptors,1,4
rdkit_Phi,0.023118680343031883,model_feature_importances,XGBoost,provided_plus_rdkit_descriptors,1,4
rdkit_RingCount,0.0,model_feature_importances,XGBoost,provided_plus_rdkit_descriptors,1,4
rdkit_MolLogP,0.007382540497928858,model_feature_importances,XGBoost,provided_plus_rdkit_descriptors,1,4
rdkit_MolMR,0.012246335856616497,model_feature_importances,XGBoost,provided_plus_rdkit_descriptors,1,4
rdkit_fr_Al_COO,0.0,model_feature_importances,XGBoost,provided_plus_rdkit_descriptors,1,4
rdkit_fr_Al_OH,0.0,model_feature_importances,XGBoost,provided_plus_rdkit_descriptors,1,4
rdkit_fr_Al_OH_noTert,0.0,model_feature_importances,XGBoost,provided_plus_rdkit_descriptors,1,4
rdkit_fr_COO,0.0,model_feature_importances,XGBoost,provided_plus_rdkit_descriptors,1,4
rdkit_fr_COO2,0.0,model_feature_importances,XGBoost,provided_plus_rdkit_descriptors,1,4
rdkit_fr_C_O,0.0,model_feature_importances,XGBoost,provided_plus_rdkit_descriptors,1,4
rdkit_fr_C_O_noCOO,0.0,model_feature_importances,XGBoost,provided_plus_rdkit_descriptors,1,4
rdkit_fr_NH1,0.0,model_feature_importances,XGBoost,provided_plus_rdkit_descriptors,1,4
rdkit_fr_NH2,0.0,model_feature_importances,XGBoost,provided_plus_rdkit_descriptors,1,4
rdkit_fr_aldehyde,0.0,model_feature_importances,XGBoost,provided_plus_rdkit_descriptors,1,4
rdkit_fr_alkyl_halide,0.0,model_feature_importances,XGBoost,provided_plus_rdkit_descriptors,1,4
rdkit_fr_allylic_oxid,0.0,model_feature_importances,XGBoost,provided_plus_rdkit_descriptors,1,4
rdkit_fr_amide,0.0,model_feature_importances,XGBoost,provided_plus_rdkit_descriptors,1,4
rdkit_fr_bicyclic,0.0,model_feature_importances,XGBoost,provided_plus_rdkit_descriptors,1,4
rdkit_fr_ether,0.0,model_feature_importances,XGBoost,provided_plus_rdkit_descriptors,1,4
rdkit_fr_halogen,0.0,model_feature_importances,XGBoost,provided_plus_rdkit_descriptors,1,4
rdkit_fr_ketone,0.0,model_feature_importances,XGBoost,provided_plus_rdkit_descriptors,1,4
rdkit_fr_ketone_Topliss,0.0,model_feature_importances,XGBoost,provided_plus_rdkit_descriptors,1,4
rdkit_fr_methoxy,0.0,model_feature_importances,XGBoost,provided_plus_rdkit_descriptors,1,4
rdkit_fr_phos_acid,0.0,model_feature_importances,XGBoost,provided_plus_rdkit_descriptors,1,4
rdkit_fr_phos_ester,0.0,model_feature_importances,XGBoost,provided_plus_rdkit_descriptors,1,4
Molecular weight (Da),0.0018231672002002597,model_feature_importances,XGBoost,provided_plus_rdkit_descriptors,1,5
Solubility (mg/mL),0.012061093002557755,model_feature_importances,XGBoost,provided_plus_rdkit_descriptors,1,5
"Glass transition temperature (Tg, degC)",0.00285225547850132,model_feature_importances,XGBoost,provided_plus_rdkit_descriptors,1,5
Viscosity (mPa.s),0.000987635226920247,model_feature_importances,XGBoost,provided_plus_rdkit_descriptors,1,5
Concentration (% w/v),0.00207020016387105,model_feature_importances,XGBoost,provided_plus_rdkit_descriptors,1,5
rdkit_MaxAbsEStateIndex,0.005775311961770058,model_feature_importances,XGBoost,provided_plus_rdkit_descriptors,1,5
rdkit_MaxEStateIndex,0.0,model_feature_importances,XGBoost,provided_plus_rdkit_descriptors,1,5
rdkit_MinAbsEStateIndex,0.011866910383105278,model_feature_importances,XGBoost,provided_plus_rdkit_descriptors,1,5
rdkit_MinEStateIndex,0.006139980163425207,model_feature_importances,XGBoost,provided_plus_rdkit_descriptors,1,5
rdkit_qed,0.008770395070314407,model_feature_importances,XGBoost,provided_plus_rdkit_descriptors,1,5
rdkit_SPS,0.010275449603796005,model_feature_importances,XGBoost,provided_plus_rdkit_descriptors,1,5
rdkit_MolWt,0.0,model_feature_importances,XGBoost,provided_plus_rdkit_descriptors,1,5
rdkit_HeavyAtomMolWt,0.0,model_feature_importances,XGBoost,provided_plus_rdkit_descriptors,1,5
rdkit_ExactMolWt,0.0,model_feature_importances,XGBoost,provided_plus_rdkit_descriptors,1,5
rdkit_NumValenceElectrons,0.0001214429794345051,model_feature_importances,XGBoost,provided_plus_rdkit_descriptors,1,5
rdkit_MaxPartialCharge,0.02055281214416027,model_feature_importances,XGBoost,provided_plus_rdkit_descriptors,1,5
rdkit_MinPartialCharge,0.006880596745759249,model_feature_importances,XGBoost,provided_plus_rdkit_descriptors,1,5
rdkit_MaxAbsPartialCharge,0.00041374657303094864,model_feature_importances,XGBoost,provided_plus_rdkit_descriptors,1,5
rdkit_MinAbsPartialCharge,0.0,model_feature_importances,XGBoost,provided_plus_rdkit_descriptors,1,5
rdkit_FpDensityMorgan1,0.0035592399071902037,model_feature_importances,XGBoost,provided_plus_rdkit_descriptors,1,5
rdkit_FpDensityMorgan2,0.003059218404814601,model_feature_importances,XGBoost,provided_plus_rdkit_descriptors,1,5
rdkit_FpDensityMorgan3,0.004952757619321346,model_feature_importances,XGBoost,provided_plus_rdkit_descriptors,1,5
rdkit_BCUT2D_MWHI,0.0006878356216475368,model_feature_importances,XGBoost,provided_plus_rdkit_descriptors,1,5
rdkit_BCUT2D_MWLOW,0.00884433463215828,model_feature_importances,XGBoost,provided_plus_rdkit_descriptors,1,5
rdkit_BCUT2D_CHGHI,0.009374886751174927,model_feature_importances,XGBoost,provided_plus_rdkit_descriptors,1,5
rdkit_BCUT2D_CHGLO,0.0030655015725642443,model_feature_importances,XGBoost,provided_plus_rdkit_descriptors,1,5
rdkit_BCUT2D_LOGPHI,0.00020038385991938412,model_feature_importances,XGBoost,provided_plus_rdkit_descriptors,1,5
rdkit_BCUT2D_LOGPLOW,0.0006610534619539976,model_feature_importances,XGBoost,provided_plus_rdkit_descriptors,1,5
rdkit_BCUT2D_MRHI,0.0013746119802817702,model_feature_importances,XGBoost,provided_plus_rdkit_descriptors,1,5
rdkit_BCUT2D_MRLOW,0.007372505962848663,model_feature_importances,XGBoost,provided_plus_rdkit_descriptors,1,5
rdkit_AvgIpc,0.008457406423985958,model_feature_importances,XGBoost,provided_plus_rdkit_descriptors,1,5
rdkit_BalabanJ,0.0030948736239224672,model_feature_importances,XGBoost,provided_plus_rdkit_descriptors,1,5
rdkit_BertzCT,0.007141370791941881,model_feature_importances,XGBoost,provided_plus_rdkit_descriptors,1,5
rdkit_Chi0,0.0005429494194686413,model_feature_importances,XGBoost,provided_plus_rdkit_descriptors,1,5
rdkit_Chi0n,0.0002786208351608366,model_feature_importances,XGBoost,provided_plus_rdkit_descriptors,1,5
rdkit_Chi0v,0.008854399435222149,model_feature_importances,XGBoost,provided_plus_rdkit_descriptors,1,5
rdkit_Chi1,0.00011666471255011857,model_feature_importances,XGBoost,provided_plus_rdkit_descriptors,1,5
rdkit_Chi1n,0.0001264107704628259,model_feature_importances,XGBoost,provided_plus_rdkit_descriptors,1,5
rdkit_Chi1v,0.0,model_feature_importances,XGBoost,provided_plus_rdkit_descriptors,1,5
rdkit_Chi2n,0.00034439651062712073,model_feature_importances,XGBoost,provided_plus_rdkit_descriptors,1,5
rdkit_Chi2v,0.00014306852244772017,model_feature_importances,XGBoost,provided_plus_rdkit_descriptors,1,5
rdkit_Chi3n,0.0029902260284870863,model_feature_importances,XGBoost,provided_plus_rdkit_descriptors,1,5
rdkit_Chi3v,0.001973242498934269,model_feature_importances,XGBoost,provided_plus_rdkit_descriptors,1,5
rdkit_Chi4n,0.0005121375434100628,model_feature_importances,XGBoost,provided_plus_rdkit_descriptors,1,5
rdkit_Chi4v,0.00040439568692818284,model_feature_importances,XGBoost,provided_plus_rdkit_descriptors,1,5
rdkit_HallKierAlpha,0.055108409374952316,model_feature_importances,XGBoost,provided_plus_rdkit_descriptors,1,5
rdkit_Ipc,0.0015211073914542794,model_feature_importances,XGBoost,provided_plus_rdkit_descriptors,1,5
rdkit_Kappa1,0.006086812820285559,model_feature_importances,XGBoost,provided_plus_rdkit_descriptors,1,5
rdkit_Kappa2,0.0019157654605805874,model_feature_importances,XGBoost,provided_plus_rdkit_descriptors,1,5
rdkit_Kappa3,0.0026715791318565607,model_feature_importances,XGBoost,provided_plus_rdkit_descriptors,1,5
rdkit_LabuteASA,0.0,model_feature_importances,XGBoost,provided_plus_rdkit_descriptors,1,5
rdkit_PEOE_VSA1,0.0030730089638382196,model_feature_importances,XGBoost,provided_plus_rdkit_descriptors,1,5
rdkit_PEOE_VSA10,0.0005640003364533186,model_feature_importances,XGBoost,provided_plus_rdkit_descriptors,1,5
rdkit_PEOE_VSA11,0.002866062568500638,model_feature_importances,XGBoost,provided_plus_rdkit_descriptors,1,5
rdkit_PEOE_VSA12,0.0013433060375973582,model_feature_importances,XGBoost,provided_plus_rdkit_descriptors,1,5
rdkit_PEOE_VSA14,0.0,model_feature_importances,XGBoost,provided_plus_rdkit_descriptors,1,5
rdkit_PEOE_VSA2,0.001806096057407558,model_feature_importances,XGBoost,provided_plus_rdkit_descriptors,1,5
rdkit_PEOE_VSA3,0.0,model_feature_importances,XGBoost,provided_plus_rdkit_descriptors,1,5
rdkit_PEOE_VSA5,0.0,model_feature_importances,XGBoost,provided_plus_rdkit_descriptors,1,5
rdkit_PEOE_VSA6,0.0,model_feature_importances,XGBoost,provided_plus_rdkit_descriptors,1,5
rdkit_PEOE_VSA7,0.002672305330634117,model_feature_importances,XGBoost,provided_plus_rdkit_descriptors,1,5
rdkit_PEOE_VSA8,0.10218677669763565,model_feature_importances,XGBoost,provided_plus_rdkit_descriptors,1,5
rdkit_PEOE_VSA9,0.00020700923050753772,model_feature_importances,XGBoost,provided_plus_rdkit_descriptors,1,5
rdkit_SMR_VSA1,0.0004807210643775761,model_feature_importances,XGBoost,provided_plus_rdkit_descriptors,1,5
rdkit_SMR_VSA10,5.081728886580095e-05,model_feature_importances,XGBoost,provided_plus_rdkit_descriptors,1,5
rdkit_SMR_VSA3,0.0,model_feature_importances,XGBoost,provided_plus_rdkit_descriptors,1,5
rdkit_SMR_VSA4,0.0,model_feature_importances,XGBoost,provided_plus_rdkit_descriptors,1,5
rdkit_SMR_VSA5,0.000271235330728814,model_feature_importances,XGBoost,provided_plus_rdkit_descriptors,1,5
rdkit_SMR_VSA6,0.0004896720638498664,model_feature_importances,XGBoost,provided_plus_rdkit_descriptors,1,5
rdkit_SMR_VSA7,0.0,model_feature_importances,XGBoost,provided_plus_rdkit_descriptors,1,5
rdkit_SlogP_VSA1,0.0,model_feature_importances,XGBoost,provided_plus_rdkit_descriptors,1,5
rdkit_SlogP_VSA12,0.0,model_feature_importances,XGBoost,provided_plus_rdkit_descriptors,1,5
rdkit_SlogP_VSA2,0.0002500195405445993,model_feature_importances,XGBoost,provided_plus_rdkit_descriptors,1,5
rdkit_SlogP_VSA3,0.0380038246512413,model_feature_importances,XGBoost,provided_plus_rdkit_descriptors,1,5
rdkit_SlogP_VSA4,0.0,model_feature_importances,XGBoost,provided_plus_rdkit_descriptors,1,5
rdkit_SlogP_VSA5,0.0,model_feature_importances,XGBoost,provided_plus_rdkit_descriptors,1,5
rdkit_SlogP_VSA6,0.0,model_feature_importances,XGBoost,provided_plus_rdkit_descriptors,1,5
rdkit_TPSA,0.00012435371172614396,model_feature_importances,XGBoost,provided_plus_rdkit_descriptors,1,5
rdkit_EState_VSA1,0.000498572422657162,model_feature_importances,XGBoost,provided_plus_rdkit_descriptors,1,5
rdkit_EState_VSA10,0.49713918566703796,model_feature_importances,XGBoost,provided_plus_rdkit_descriptors,1,5
rdkit_EState_VSA2,0.02588963508605957,model_feature_importances,XGBoost,provided_plus_rdkit_descriptors,1,5
rdkit_EState_VSA3,0.005154538433998823,model_feature_importances,XGBoost,provided_plus_rdkit_descriptors,1,5
rdkit_EState_VSA4,0.0,model_feature_importances,XGBoost,provided_plus_rdkit_descriptors,1,5
rdkit_EState_VSA5,0.0022092689760029316,model_feature_importances,XGBoost,provided_plus_rdkit_descriptors,1,5
rdkit_EState_VSA6,0.0,model_feature_importances,XGBoost,provided_plus_rdkit_descriptors,1,5
rdkit_EState_VSA7,0.0,model_feature_importances,XGBoost,provided_plus_rdkit_descriptors,1,5
rdkit_EState_VSA8,0.0009694388718344271,model_feature_importances,XGBoost,provided_plus_rdkit_descriptors,1,5
rdkit_EState_VSA9,0.0026197750121355057,model_feature_importances,XGBoost,provided_plus_rdkit_descriptors,1,5
rdkit_VSA_EState1,0.0011856447672471404,model_feature_importances,XGBoost,provided_plus_rdkit_descriptors,1,5
rdkit_VSA_EState10,0.0,model_feature_importances,XGBoost,provided_plus_rdkit_descriptors,1,5
rdkit_VSA_EState2,0.003458635648712516,model_feature_importances,XGBoost,provided_plus_rdkit_descriptors,1,5
rdkit_VSA_EState3,0.018860256299376488,model_feature_importances,XGBoost,provided_plus_rdkit_descriptors,1,5
rdkit_VSA_EState4,0.0,model_feature_importances,XGBoost,provided_plus_rdkit_descriptors,1,5
rdkit_VSA_EState5,0.00020098629465792328,model_feature_importances,XGBoost,provided_plus_rdkit_descriptors,1,5
rdkit_VSA_EState6,0.0,model_feature_importances,XGBoost,provided_plus_rdkit_descriptors,1,5
rdkit_VSA_EState7,0.011266127228736877,model_feature_importances,XGBoost,provided_plus_rdkit_descriptors,1,5
rdkit_VSA_EState8,0.015998713672161102,model_feature_importances,XGBoost,provided_plus_rdkit_descriptors,1,5
rdkit_VSA_EState9,0.0,model_feature_importances,XGBoost,provided_plus_rdkit_descriptors,1,5
rdkit_FractionCSP3,0.000560757122002542,model_feature_importances,XGBoost,provided_plus_rdkit_descriptors,1,5
rdkit_HeavyAtomCount,0.0,model_feature_importances,XGBoost,provided_plus_rdkit_descriptors,1,5
rdkit_NHOHCount,0.00010350851516705006,model_feature_importances,XGBoost,provided_plus_rdkit_descriptors,1,5
rdkit_NOCount,0.0,model_feature_importances,XGBoost,provided_plus_rdkit_descriptors,1,5
rdkit_NumAliphaticCarbocycles,0.0,model_feature_importances,XGBoost,provided_plus_rdkit_descriptors,1,5
rdkit_NumAliphaticHeterocycles,0.0,model_feature_importances,XGBoost,provided_plus_rdkit_descriptors,1,5
rdkit_NumAliphaticRings,0.0,model_feature_importances,XGBoost,provided_plus_rdkit_descriptors,1,5
rdkit_NumAmideBonds,0.0,model_feature_importances,XGBoost,provided_plus_rdkit_descriptors,1,5
rdkit_NumAtomStereoCenters,0.0010382328182458878,model_feature_importances,XGBoost,provided_plus_rdkit_descriptors,1,5
rdkit_NumBridgeheadAtoms,0.0,model_feature_importances,XGBoost,provided_plus_rdkit_descriptors,1,5
rdkit_NumHAcceptors,0.0,model_feature_importances,XGBoost,provided_plus_rdkit_descriptors,1,5
rdkit_NumHDonors,0.00017352633585687727,model_feature_importances,XGBoost,provided_plus_rdkit_descriptors,1,5
rdkit_NumHeteroatoms,0.0007728099008090794,model_feature_importances,XGBoost,provided_plus_rdkit_descriptors,1,5
rdkit_NumHeterocycles,0.0,model_feature_importances,XGBoost,provided_plus_rdkit_descriptors,1,5
rdkit_NumRotatableBonds,0.0001226170570589602,model_feature_importances,XGBoost,provided_plus_rdkit_descriptors,1,5
rdkit_NumSaturatedCarbocycles,0.0,model_feature_importances,XGBoost,provided_plus_rdkit_descriptors,1,5
rdkit_NumSaturatedHeterocycles,0.0,model_feature_importances,XGBoost,provided_plus_rdkit_descriptors,1,5
rdkit_NumSaturatedRings,0.0,model_feature_importances,XGBoost,provided_plus_rdkit_descriptors,1,5
rdkit_NumUnspecifiedAtomStereoCenters,0.0029948712326586246,model_feature_importances,XGBoost,provided_plus_rdkit_descriptors,1,5
rdkit_Phi,0.005603231489658356,model_feature_importances,XGBoost,provided_plus_rdkit_descriptors,1,5
rdkit_RingCount,0.0,model_feature_importances,XGBoost,provided_plus_rdkit_descriptors,1,5
rdkit_MolLogP,0.011108937673270702,model_feature_importances,XGBoost,provided_plus_rdkit_descriptors,1,5
rdkit_MolMR,0.0009651571162976325,model_feature_importances,XGBoost,provided_plus_rdkit_descriptors,1,5
rdkit_fr_Al_COO,0.0,model_feature_importances,XGBoost,provided_plus_rdkit_descriptors,1,5
rdkit_fr_Al_OH,0.00019240766414441168,model_feature_importances,XGBoost,provided_plus_rdkit_descriptors,1,5
rdkit_fr_Al_OH_noTert,0.0,model_feature_importances,XGBoost,provided_plus_rdkit_descriptors,1,5
rdkit_fr_COO,0.0,model_feature_importances,XGBoost,provided_plus_rdkit_descriptors,1,5
rdkit_fr_COO2,0.0,model_feature_importances,XGBoost,provided_plus_rdkit_descriptors,1,5
rdkit_fr_C_O,0.0,model_feature_importances,XGBoost,provided_plus_rdkit_descriptors,1,5
rdkit_fr_C_O_noCOO,0.0,model_feature_importances,XGBoost,provided_plus_rdkit_descriptors,1,5
rdkit_fr_NH1,0.0,model_feature_importances,XGBoost,provided_plus_rdkit_descriptors,1,5
rdkit_fr_NH2,0.0,model_feature_importances,XGBoost,provided_plus_rdkit_descriptors,1,5
rdkit_fr_aldehyde,0.00033586026984266937,model_feature_importances,XGBoost,provided_plus_rdkit_descriptors,1,5
rdkit_fr_alkyl_halide,0.0,model_feature_importances,XGBoost,provided_plus_rdkit_descriptors,1,5
rdkit_fr_allylic_oxid,0.0,model_feature_importances,XGBoost,provided_plus_rdkit_descriptors,1,5
rdkit_fr_amide,0.0,model_feature_importances,XGBoost,provided_plus_rdkit_descriptors,1,5
rdkit_fr_bicyclic,0.0,model_feature_importances,XGBoost,provided_plus_rdkit_descriptors,1,5
rdkit_fr_ether,0.0,model_feature_importances,XGBoost,provided_plus_rdkit_descriptors,1,5
rdkit_fr_halogen,0.0,model_feature_importances,XGBoost,provided_plus_rdkit_descriptors,1,5
rdkit_fr_ketone,0.00016094134480226785,model_feature_importances,XGBoost,provided_plus_rdkit_descriptors,1,5
rdkit_fr_ketone_Topliss,0.0,model_feature_importances,XGBoost,provided_plus_rdkit_descriptors,1,5
rdkit_fr_methoxy,0.0,model_feature_importances,XGBoost,provided_plus_rdkit_descriptors,1,5
rdkit_fr_phos_acid,0.0,model_feature_importances,XGBoost,provided_plus_rdkit_descriptors,1,5
rdkit_fr_phos_ester,0.0,model_feature_importances,XGBoost,provided_plus_rdkit_descriptors,1,5
Molecular weight (Da),0.0037337851244956255,model_feature_importances,XGBoost,provided_plus_rdkit_descriptors,2,1
Solubility (mg/mL),0.01338266208767891,model_feature_importances,XGBoost,provided_plus_rdkit_descriptors,2,1
"Glass transition temperature (Tg, degC)",0.004497929010540247,model_feature_importances,XGBoost,provided_plus_rdkit_descriptors,2,1
Viscosity (mPa.s),0.001439577084966004,model_feature_importances,XGBoost,provided_plus_rdkit_descriptors,2,1
Concentration (% w/v),0.0043202550150454044,model_feature_importances,XGBoost,provided_plus_rdkit_descriptors,2,1
rdkit_MaxAbsEStateIndex,0.00853808131068945,model_feature_importances,XGBoost,provided_plus_rdkit_descriptors,2,1
rdkit_MaxEStateIndex,0.0,model_feature_importances,XGBoost,provided_plus_rdkit_descriptors,2,1
rdkit_MinAbsEStateIndex,0.01421159878373146,model_feature_importances,XGBoost,provided_plus_rdkit_descriptors,2,1
rdkit_MinEStateIndex,0.006448837928473949,model_feature_importances,XGBoost,provided_plus_rdkit_descriptors,2,1
rdkit_qed,0.007851967588067055,model_feature_importances,XGBoost,provided_plus_rdkit_descriptors,2,1
rdkit_SPS,0.01710624434053898,model_feature_importances,XGBoost,provided_plus_rdkit_descriptors,2,1
rdkit_MolWt,0.0,model_feature_importances,XGBoost,provided_plus_rdkit_descriptors,2,1
rdkit_HeavyAtomMolWt,0.0,model_feature_importances,XGBoost,provided_plus_rdkit_descriptors,2,1
rdkit_ExactMolWt,0.0,model_feature_importances,XGBoost,provided_plus_rdkit_descriptors,2,1
rdkit_NumValenceElectrons,0.0,model_feature_importances,XGBoost,provided_plus_rdkit_descriptors,2,1
rdkit_MaxPartialCharge,0.020904069766402245,model_feature_importances,XGBoost,provided_plus_rdkit_descriptors,2,1
rdkit_MinPartialCharge,0.008054266683757305,model_feature_importances,XGBoost,provided_plus_rdkit_descriptors,2,1
rdkit_MaxAbsPartialCharge,0.0028986583929508924,model_feature_importances,XGBoost,provided_plus_rdkit_descriptors,2,1
rdkit_MinAbsPartialCharge,0.0,model_feature_importances,XGBoost,provided_plus_rdkit_descriptors,2,1
rdkit_FpDensityMorgan1,0.002981918165460229,model_feature_importances,XGBoost,provided_plus_rdkit_descriptors,2,1
rdkit_FpDensityMorgan2,0.0027144644409418106,model_feature_importances,XGBoost,provided_plus_rdkit_descriptors,2,1
rdkit_FpDensityMorgan3,0.003813330316916108,model_feature_importances,XGBoost,provided_plus_rdkit_descriptors,2,1
rdkit_BCUT2D_MWHI,0.002046986948698759,model_feature_importances,XGBoost,provided_plus_rdkit_descriptors,2,1
rdkit_BCUT2D_MWLOW,0.0058257095515728,model_feature_importances,XGBoost,provided_plus_rdkit_descriptors,2,1
rdkit_BCUT2D_CHGHI,0.013556302525103092,model_feature_importances,XGBoost,provided_plus_rdkit_descriptors,2,1
rdkit_BCUT2D_CHGLO,0.006129070185124874,model_feature_importances,XGBoost,provided_plus_rdkit_descriptors,2,1
rdkit_BCUT2D_LOGPHI,0.005282044876366854,model_feature_importances,XGBoost,provided_plus_rdkit_descriptors,2,1
rdkit_BCUT2D_LOGPLOW,0.0023192791268229485,model_feature_importances,XGBoost,provided_plus_rdkit_descriptors,2,1
rdkit_BCUT2D_MRHI,0.0041473638266325,model_feature_importances,XGBoost,provided_plus_rdkit_descriptors,2,1
rdkit_BCUT2D_MRLOW,0.0048384699039161205,model_feature_importances,XGBoost,provided_plus_rdkit_descriptors,2,1
rdkit_AvgIpc,0.01674789935350418,model_feature_importances,XGBoost,provided_plus_rdkit_descriptors,2,1
rdkit_BalabanJ,0.012927506119012833,model_feature_importances,XGBoost,provided_plus_rdkit_descriptors,2,1
rdkit_BertzCT,0.006582210771739483,model_feature_importances,XGBoost,provided_plus_rdkit_descriptors,2,1
rdkit_Chi0,0.0010986371198669076,model_feature_importances,XGBoost,provided_plus_rdkit_descriptors,2,1
rdkit_Chi0n,0.016731884330511093,model_feature_importances,XGBoost,provided_plus_rdkit_descriptors,2,1
rdkit_Chi0v,0.05609379708766937,model_feature_importances,XGBoost,provided_plus_rdkit_descriptors,2,1
rdkit_Chi1,7.235711382236332e-05,model_feature_importances,XGBoost,provided_plus_rdkit_descriptors,2,1
rdkit_Chi1n,0.00014161199214868248,model_feature_importances,XGBoost,provided_plus_rdkit_descriptors,2,1
rdkit_Chi1v,0.0,model_feature_importances,XGBoost,provided_plus_rdkit_descriptors,2,1
rdkit_Chi2n,0.007255267351865768,model_feature_importances,XGBoost,provided_plus_rdkit_descriptors,2,1
rdkit_Chi2v,0.0015308706788346171,model_feature_importances,XGBoost,provided_plus_rdkit_descriptors,2,1
rdkit_Chi3n,0.0019458726746961474,model_feature_importances,XGBoost,provided_plus_rdkit_descriptors,2,1
rdkit_Chi3v,0.0,model_feature_importances,XGBoost,provided_plus_rdkit_descriptors,2,1
rdkit_Chi4n,0.00030878468533046544,model_feature_importances,XGBoost,provided_plus_rdkit_descriptors,2,1
rdkit_Chi4v,0.0018276459304615855,model_feature_importances,XGBoost,provided_plus_rdkit_descriptors,2,1
rdkit_HallKierAlpha,0.019382581114768982,model_feature_importances,XGBoost,provided_plus_rdkit_descriptors,2,1
rdkit_Ipc,0.0014218611177057028,model_feature_importances,XGBoost,provided_plus_rdkit_descriptors,2,1
rdkit_Kappa1,0.004753433167934418,model_feature_importances,XGBoost,provided_plus_rdkit_descriptors,2,1
rdkit_Kappa2,0.0017092269845306873,model_feature_importances,XGBoost,provided_plus_rdkit_descriptors,2,1
rdkit_Kappa3,0.0025252874474972486,model_feature_importances,XGBoost,provided_plus_rdkit_descriptors,2,1
rdkit_LabuteASA,0.0,model_feature_importances,XGBoost,provided_plus_rdkit_descriptors,2,1
rdkit_PEOE_VSA1,0.001539826043881476,model_feature_importances,XGBoost,provided_plus_rdkit_descriptors,2,1
rdkit_PEOE_VSA10,0.0022892707493156195,model_feature_importances,XGBoost,provided_plus_rdkit_descriptors,2,1
rdkit_PEOE_VSA11,0.006174431648105383,model_feature_importances,XGBoost,provided_plus_rdkit_descriptors,2,1
rdkit_PEOE_VSA12,0.0,model_feature_importances,XGBoost,provided_plus_rdkit_descriptors,2,1
rdkit_PEOE_VSA14,0.0,model_feature_importances,XGBoost,provided_plus_rdkit_descriptors,2,1
rdkit_PEOE_VSA2,0.0,model_feature_importances,XGBoost,provided_plus_rdkit_descriptors,2,1
rdkit_PEOE_VSA3,0.0,model_feature_importances,XGBoost,provided_plus_rdkit_descriptors,2,1
rdkit_PEOE_VSA5,0.0,model_feature_importances,XGBoost,provided_plus_rdkit_descriptors,2,1
rdkit_PEOE_VSA6,0.0002586337795946747,model_feature_importances,XGBoost,provided_plus_rdkit_descriptors,2,1
rdkit_PEOE_VSA7,0.006091986782848835,model_feature_importances,XGBoost,provided_plus_rdkit_descriptors,2,1
rdkit_PEOE_VSA8,0.01973940059542656,model_feature_importances,XGBoost,provided_plus_rdkit_descriptors,2,1
rdkit_PEOE_VSA9,0.0017037400975823402,model_feature_importances,XGBoost,provided_plus_rdkit_descriptors,2,1
rdkit_SMR_VSA1,0.0016227095620706677,model_feature_importances,XGBoost,provided_plus_rdkit_descriptors,2,1
rdkit_SMR_VSA10,0.0008543067960999906,model_feature_importances,XGBoost,provided_plus_rdkit_descriptors,2,1
rdkit_SMR_VSA3,0.0,model_feature_importances,XGBoost,provided_plus_rdkit_descriptors,2,1
rdkit_SMR_VSA4,0.016977909952402115,model_feature_importances,XGBoost,provided_plus_rdkit_descriptors,2,1
rdkit_SMR_VSA5,0.0013951151631772518,model_feature_importances,XGBoost,provided_plus_rdkit_descriptors,2,1
rdkit_SMR_VSA6,0.0004841096233576536,model_feature_importances,XGBoost,provided_plus_rdkit_descriptors,2,1
rdkit_SMR_VSA7,0.0,model_feature_importances,XGBoost,provided_plus_rdkit_descriptors,2,1
rdkit_SlogP_VSA1,0.0,model_feature_importances,XGBoost,provided_plus_rdkit_descriptors,2,1
rdkit_SlogP_VSA12,0.0,model_feature_importances,XGBoost,provided_plus_rdkit_descriptors,2,1
rdkit_SlogP_VSA2,0.02831578440964222,model_feature_importances,XGBoost,provided_plus_rdkit_descriptors,2,1
rdkit_SlogP_VSA3,0.0009674147586338222,model_feature_importances,XGBoost,provided_plus_rdkit_descriptors,2,1
rdkit_SlogP_VSA4,0.0,model_feature_importances,XGBoost,provided_plus_rdkit_descriptors,2,1
rdkit_SlogP_VSA5,0.00016561454685870558,model_feature_importances,XGBoost,provided_plus_rdkit_descriptors,2,1
rdkit_SlogP_VSA6,0.0,model_feature_importances,XGBoost,provided_plus_rdkit_descriptors,2,1
rdkit_TPSA,0.005666234530508518,model_feature_importances,XGBoost,provided_plus_rdkit_descriptors,2,1
rdkit_EState_VSA1,0.017146803438663483,model_feature_importances,XGBoost,provided_plus_rdkit_descriptors,2,1
rdkit_EState_VSA10,0.37838122248649597,model_feature_importances,XGBoost,provided_plus_rdkit_descriptors,2,1
rdkit_EState_VSA2,0.002557762200012803,model_feature_importances,XGBoost,provided_plus_rdkit_descriptors,2,1
rdkit_EState_VSA3,0.0013345840852707624,model_feature_importances,XGBoost,provided_plus_rdkit_descriptors,2,1
rdkit_EState_VSA4,0.0,model_feature_importances,XGBoost,provided_plus_rdkit_descriptors,2,1
rdkit_EState_VSA5,0.0024503436870872974,model_feature_importances,XGBoost,provided_plus_rdkit_descriptors,2,1
rdkit_EState_VSA6,0.0,model_feature_importances,XGBoost,provided_plus_rdkit_descriptors,2,1
rdkit_EState_VSA7,0.0,model_feature_importances,XGBoost,provided_plus_rdkit_descriptors,2,1
rdkit_EState_VSA8,0.004041724372655153,model_feature_importances,XGBoost,provided_plus_rdkit_descriptors,2,1
rdkit_EState_VSA9,0.00792921893298626,model_feature_importances,XGBoost,provided_plus_rdkit_descriptors,2,1
rdkit_VSA_EState1,0.00036741860094480217,model_feature_importances,XGBoost,provided_plus_rdkit_descriptors,2,1
rdkit_VSA_EState10,0.0,model_feature_importances,XGBoost,provided_plus_rdkit_descriptors,2,1
rdkit_VSA_EState2,0.044129613786935806,model_feature_importances,XGBoost,provided_plus_rdkit_descriptors,2,1
rdkit_VSA_EState3,0.044672250747680664,model_feature_importances,XGBoost,provided_plus_rdkit_descriptors,2,1
rdkit_VSA_EState4,0.0,model_feature_importances,XGBoost,provided_plus_rdkit_descriptors,2,1
rdkit_VSA_EState5,0.0006707778084091842,model_feature_importances,XGBoost,provided_plus_rdkit_descriptors,2,1
rdkit_VSA_EState6,0.0,model_feature_importances,XGBoost,provided_plus_rdkit_descriptors,2,1
rdkit_VSA_EState7,0.002993382280692458,model_feature_importances,XGBoost,provided_plus_rdkit_descriptors,2,1
rdkit_VSA_EState8,0.033848728984594345,model_feature_importances,XGBoost,provided_plus_rdkit_descriptors,2,1
rdkit_VSA_EState9,0.0,model_feature_importances,XGBoost,provided_plus_rdkit_descriptors,2,1
rdkit_FractionCSP3,0.00024746445706114173,model_feature_importances,XGBoost,provided_plus_rdkit_descriptors,2,1
rdkit_HeavyAtomCount,0.0,model_feature_importances,XGBoost,provided_plus_rdkit_descriptors,2,1
rdkit_NHOHCount,0.0,model_feature_importances,XGBoost,provided_plus_rdkit_descriptors,2,1
rdkit_NOCount,0.0,model_feature_importances,XGBoost,provided_plus_rdkit_descriptors,2,1
rdkit_NumAliphaticCarbocycles,0.0,model_feature_importances,XGBoost,provided_plus_rdkit_descriptors,2,1
rdkit_NumAliphaticHeterocycles,0.0,model_feature_importances,XGBoost,provided_plus_rdkit_descriptors,2,1
rdkit_NumAliphaticRings,0.0,model_feature_importances,XGBoost,provided_plus_rdkit_descriptors,2,1
rdkit_NumAmideBonds,0.0,model_feature_importances,XGBoost,provided_plus_rdkit_descriptors,2,1
rdkit_NumAtomStereoCenters,0.0030492274090647697,model_feature_importances,XGBoost,provided_plus_rdkit_descriptors,2,1
rdkit_NumBridgeheadAtoms,0.0,model_feature_importances,XGBoost,provided_plus_rdkit_descriptors,2,1
rdkit_NumHAcceptors,0.0,model_feature_importances,XGBoost,provided_plus_rdkit_descriptors,2,1
rdkit_NumHDonors,0.005438824649900198,model_feature_importances,XGBoost,provided_plus_rdkit_descriptors,2,1
rdkit_NumHeteroatoms,0.0,model_feature_importances,XGBoost,provided_plus_rdkit_descriptors,2,1
rdkit_NumHeterocycles,0.0,model_feature_importances,XGBoost,provided_plus_rdkit_descriptors,2,1
rdkit_NumRotatableBonds,0.005125128198415041,model_feature_importances,XGBoost,provided_plus_rdkit_descriptors,2,1
rdkit_NumSaturatedCarbocycles,0.0,model_feature_importances,XGBoost,provided_plus_rdkit_descriptors,2,1
rdkit_NumSaturatedHeterocycles,0.0,model_feature_importances,XGBoost,provided_plus_rdkit_descriptors,2,1
rdkit_NumSaturatedRings,0.0,model_feature_importances,XGBoost,provided_plus_rdkit_descriptors,2,1
rdkit_NumUnspecifiedAtomStereoCenters,0.0019765894394367933,model_feature_importances,XGBoost,provided_plus_rdkit_descriptors,2,1
rdkit_Phi,0.01248712744563818,model_feature_importances,XGBoost,provided_plus_rdkit_descriptors,2,1
rdkit_RingCount,0.0,model_feature_importances,XGBoost,provided_plus_rdkit_descriptors,2,1
rdkit_MolLogP,0.008352934382855892,model_feature_importances,XGBoost,provided_plus_rdkit_descriptors,2,1
rdkit_MolMR,0.0014777645701542497,model_feature_importances,XGBoost,provided_plus_rdkit_descriptors,2,1
rdkit_fr_Al_COO,0.0,model_feature_importances,XGBoost,provided_plus_rdkit_descriptors,2,1
rdkit_fr_Al_OH,0.0026454362086951733,model_feature_importances,XGBoost,provided_plus_rdkit_descriptors,2,1
rdkit_fr_Al_OH_noTert,0.0,model_feature_importances,XGBoost,provided_plus_rdkit_descriptors,2,1
rdkit_fr_COO,0.0,model_feature_importances,XGBoost,provided_plus_rdkit_descriptors,2,1
rdkit_fr_COO2,0.0,model_feature_importances,XGBoost,provided_plus_rdkit_descriptors,2,1
rdkit_fr_C_O,0.0,model_feature_importances,XGBoost,provided_plus_rdkit_descriptors,2,1
rdkit_fr_C_O_noCOO,0.0,model_feature_importances,XGBoost,provided_plus_rdkit_descriptors,2,1
rdkit_fr_NH1,0.0,model_feature_importances,XGBoost,provided_plus_rdkit_descriptors,2,1
rdkit_fr_NH2,0.0,model_feature_importances,XGBoost,provided_plus_rdkit_descriptors,2,1
rdkit_fr_aldehyde,0.0018667490221560001,model_feature_importances,XGBoost,provided_plus_rdkit_descriptors,2,1
rdkit_fr_alkyl_halide,0.0,model_feature_importances,XGBoost,provided_plus_rdkit_descriptors,2,1
rdkit_fr_allylic_oxid,0.0,model_feature_importances,XGBoost,provided_plus_rdkit_descriptors,2,1
rdkit_fr_amide,0.0,model_feature_importances,XGBoost,provided_plus_rdkit_descriptors,2,1
rdkit_fr_bicyclic,0.0,model_feature_importances,XGBoost,provided_plus_rdkit_descriptors,2,1
rdkit_fr_ether,0.00021904069581069052,model_feature_importances,XGBoost,provided_plus_rdkit_descriptors,2,1
rdkit_fr_halogen,0.0,model_feature_importances,XGBoost,provided_plus_rdkit_descriptors,2,1
rdkit_fr_ketone,0.002243788680061698,model_feature_importances,XGBoost,provided_plus_rdkit_descriptors,2,1
rdkit_fr_ketone_Topliss,0.0,model_feature_importances,XGBoost,provided_plus_rdkit_descriptors,2,1
rdkit_fr_methoxy,0.0,model_feature_importances,XGBoost,provided_plus_rdkit_descriptors,2,1
rdkit_fr_phos_acid,0.0,model_feature_importances,XGBoost,provided_plus_rdkit_descriptors,2,1
rdkit_fr_phos_ester,0.0,model_feature_importances,XGBoost,provided_plus_rdkit_descriptors,2,1
Molecular weight (Da),0.003151837969198823,model_feature_importances,XGBoost,provided_plus_rdkit_descriptors,2,2
Solubility (mg/mL),0.014267649501562119,model_feature_importances,XGBoost,provided_plus_rdkit_descriptors,2,2
"Glass transition temperature (Tg, degC)",0.005530413240194321,model_feature_importances,XGBoost,provided_plus_rdkit_descriptors,2,2
Viscosity (mPa.s),0.0012691396987065673,model_feature_importances,XGBoost,provided_plus_rdkit_descriptors,2,2
Concentration (% w/v),0.0032092835754156113,model_feature_importances,XGBoost,provided_plus_rdkit_descriptors,2,2
rdkit_MaxAbsEStateIndex,0.005698105785995722,model_feature_importances,XGBoost,provided_plus_rdkit_descriptors,2,2
rdkit_MaxEStateIndex,0.0,model_feature_importances,XGBoost,provided_plus_rdkit_descriptors,2,2
rdkit_MinAbsEStateIndex,0.0029383276123553514,model_feature_importances,XGBoost,provided_plus_rdkit_descriptors,2,2
rdkit_MinEStateIndex,0.0044320267625153065,model_feature_importances,XGBoost,provided_plus_rdkit_descriptors,2,2
rdkit_qed,0.014217271469533443,model_feature_importances,XGBoost,provided_plus_rdkit_descriptors,2,2
rdkit_SPS,0.010691518895328045,model_feature_importances,XGBoost,provided_plus_rdkit_descriptors,2,2
rdkit_MolWt,0.0,model_feature_importances,XGBoost,provided_plus_rdkit_descriptors,2,2
rdkit_HeavyAtomMolWt,0.0,model_feature_importances,XGBoost,provided_plus_rdkit_descriptors,2,2
rdkit_ExactMolWt,0.0,model_feature_importances,XGBoost,provided_plus_rdkit_descriptors,2,2
rdkit_NumValenceElectrons,0.0,model_feature_importances,XGBoost,provided_plus_rdkit_descriptors,2,2
rdkit_MaxPartialCharge,0.013154097832739353,model_feature_importances,XGBoost,provided_plus_rdkit_descriptors,2,2
rdkit_MinPartialCharge,0.007064007688313723,model_feature_importances,XGBoost,provided_plus_rdkit_descriptors,2,2
rdkit_MaxAbsPartialCharge,0.001208023400977254,model_feature_importances,XGBoost,provided_plus_rdkit_descriptors,2,2
rdkit_MinAbsPartialCharge,0.0,model_feature_importances,XGBoost,provided_plus_rdkit_descriptors,2,2
rdkit_FpDensityMorgan1,0.0025738116819411516,model_feature_importances,XGBoost,provided_plus_rdkit_descriptors,2,2
rdkit_FpDensityMorgan2,0.0012571727856993675,model_feature_importances,XGBoost,provided_plus_rdkit_descriptors,2,2
rdkit_FpDensityMorgan3,0.022878434509038925,model_feature_importances,XGBoost,provided_plus_rdkit_descriptors,2,2
rdkit_BCUT2D_MWHI,0.002699726028367877,model_feature_importances,XGBoost,provided_plus_rdkit_descriptors,2,2
rdkit_BCUT2D_MWLOW,0.004923548549413681,model_feature_importances,XGBoost,provided_plus_rdkit_descriptors,2,2
rdkit_BCUT2D_CHGHI,0.0060422527603805065,model_feature_importances,XGBoost,provided_plus_rdkit_descriptors,2,2
rdkit_BCUT2D_CHGLO,0.014124620705842972,model_feature_importances,XGBoost,provided_plus_rdkit_descriptors,2,2
rdkit_BCUT2D_LOGPHI,0.0006853936356492341,model_feature_importances,XGBoost,provided_plus_rdkit_descriptors,2,2
rdkit_BCUT2D_LOGPLOW,0.0013788884971290827,model_feature_importances,XGBoost,provided_plus_rdkit_descriptors,2,2
rdkit_BCUT2D_MRHI,0.0032240604050457478,model_feature_importances,XGBoost,provided_plus_rdkit_descriptors,2,2
rdkit_BCUT2D_MRLOW,0.0010340900626033545,model_feature_importances,XGBoost,provided_plus_rdkit_descriptors,2,2
rdkit_AvgIpc,0.016543133184313774,model_feature_importances,XGBoost,provided_plus_rdkit_descriptors,2,2
rdkit_BalabanJ,0.001381018664687872,model_feature_importances,XGBoost,provided_plus_rdkit_descriptors,2,2
rdkit_BertzCT,0.003215086879208684,model_feature_importances,XGBoost,provided_plus_rdkit_descriptors,2,2
rdkit_Chi0,0.0009522573091089725,model_feature_importances,XGBoost,provided_plus_rdkit_descriptors,2,2
rdkit_Chi0n,0.03294156491756439,model_feature_importances,XGBoost,provided_plus_rdkit_descriptors,2,2
rdkit_Chi0v,0.04847205430269241,model_feature_importances,XGBoost,provided_plus_rdkit_descriptors,2,2
rdkit_Chi1,0.0015443457523360848,model_feature_importances,XGBoost,provided_plus_rdkit_descriptors,2,2
rdkit_Chi1n,0.00033910994534380734,model_feature_importances,XGBoost,provided_plus_rdkit_descriptors,2,2
rdkit_Chi1v,0.002969034481793642,model_feature_importances,XGBoost,provided_plus_rdkit_descriptors,2,2
rdkit_Chi2n,0.0013130950974300504,model_feature_importances,XGBoost,provided_plus_rdkit_descriptors,2,2
rdkit_Chi2v,0.0,model_feature_importances,XGBoost,provided_plus_rdkit_descriptors,2,2
rdkit_Chi3n,0.00011722402268787846,model_feature_importances,XGBoost,provided_plus_rdkit_descriptors,2,2
rdkit_Chi3v,0.00018430502677801996,model_feature_importances,XGBoost,provided_plus_rdkit_descriptors,2,2
rdkit_Chi4n,0.0,model_feature_importances,XGBoost,provided_plus_rdkit_descriptors,2,2
rdkit_Chi4v,0.00014218770957086235,model_feature_importances,XGBoost,provided_plus_rdkit_descriptors,2,2
rdkit_HallKierAlpha,0.010260749608278275,model_feature_importances,XGBoost,provided_plus_rdkit_descriptors,2,2
rdkit_Ipc,0.0005361772491596639,model_feature_importances,XGBoost,provided_plus_rdkit_descriptors,2,2
rdkit_Kappa1,0.0006269398145377636,model_feature_importances,XGBoost,provided_plus_rdkit_descriptors,2,2
rdkit_Kappa2,0.002438604598864913,model_feature_importances,XGBoost,provided_plus_rdkit_descriptors,2,2
rdkit_Kappa3,0.003596449736505747,model_feature_importances,XGBoost,provided_plus_rdkit_descriptors,2,2
rdkit_LabuteASA,0.0,model_feature_importances,XGBoost,provided_plus_rdkit_descriptors,2,2
rdkit_PEOE_VSA1,0.003717980580404401,model_feature_importances,XGBoost,provided_plus_rdkit_descriptors,2,2
rdkit_PEOE_VSA10,0.0013336961856111884,model_feature_importances,XGBoost,provided_plus_rdkit_descriptors,2,2
rdkit_PEOE_VSA11,0.006348997820168734,model_feature_importances,XGBoost,provided_plus_rdkit_descriptors,2,2
rdkit_PEOE_VSA12,0.0007678861729800701,model_feature_importances,XGBoost,provided_plus_rdkit_descriptors,2,2
rdkit_PEOE_VSA14,0.0,model_feature_importances,XGBoost,provided_plus_rdkit_descriptors,2,2
rdkit_PEOE_VSA2,0.0,model_feature_importances,XGBoost,provided_plus_rdkit_descriptors,2,2
rdkit_PEOE_VSA3,0.0,model_feature_importances,XGBoost,provided_plus_rdkit_descriptors,2,2
rdkit_PEOE_VSA5,0.0,model_feature_importances,XGBoost,provided_plus_rdkit_descriptors,2,2
rdkit_PEOE_VSA6,0.0,model_feature_importances,XGBoost,provided_plus_rdkit_descriptors,2,2
rdkit_PEOE_VSA7,0.0,model_feature_importances,XGBoost,provided_plus_rdkit_descriptors,2,2
rdkit_PEOE_VSA8,0.0,model_feature_importances,XGBoost,provided_plus_rdkit_descriptors,2,2
rdkit_PEOE_VSA9,0.0013422766933217645,model_feature_importances,XGBoost,provided_plus_rdkit_descriptors,2,2
rdkit_SMR_VSA1,0.0,model_feature_importances,XGBoost,provided_plus_rdkit_descriptors,2,2
rdkit_SMR_VSA10,0.007983031682670116,model_feature_importances,XGBoost,provided_plus_rdkit_descriptors,2,2
rdkit_SMR_VSA3,0.0,model_feature_importances,XGBoost,provided_plus_rdkit_descriptors,2,2
rdkit_SMR_VSA4,0.00013057750766165555,model_feature_importances,XGBoost,provided_plus_rdkit_descriptors,2,2
rdkit_SMR_VSA5,0.0027721694204956293,model_feature_importances,XGBoost,provided_plus_rdkit_descriptors,2,2
rdkit_SMR_VSA6,0.0001932836603373289,model_feature_importances,XGBoost,provided_plus_rdkit_descriptors,2,2
rdkit_SMR_VSA7,0.0,model_feature_importances,XGBoost,provided_plus_rdkit_descriptors,2,2
rdkit_SlogP_VSA1,0.0,model_feature_importances,XGBoost,provided_plus_rdkit_descriptors,2,2
rdkit_SlogP_VSA12,0.0,model_feature_importances,XGBoost,provided_plus_rdkit_descriptors,2,2
rdkit_SlogP_VSA2,0.03338241949677467,model_feature_importances,XGBoost,provided_plus_rdkit_descriptors,2,2
rdkit_SlogP_VSA3,0.0032296201679855585,model_feature_importances,XGBoost,provided_plus_rdkit_descriptors,2,2
rdkit_SlogP_VSA4,0.0,model_feature_importances,XGBoost,provided_plus_rdkit_descriptors,2,2
rdkit_SlogP_VSA5,0.002854085061699152,model_feature_importances,XGBoost,provided_plus_rdkit_descriptors,2,2
rdkit_SlogP_VSA6,0.0,model_feature_importances,XGBoost,provided_plus_rdkit_descriptors,2,2
rdkit_TPSA,0.0004195746732875705,model_feature_importances,XGBoost,provided_plus_rdkit_descriptors,2,2
rdkit_EState_VSA1,0.013481217436492443,model_feature_importances,XGBoost,provided_plus_rdkit_descriptors,2,2
rdkit_EState_VSA10,0.388704389333725,model_feature_importances,XGBoost,provided_plus_rdkit_descriptors,2,2
rdkit_EState_VSA2,0.0034952156711369753,model_feature_importances,XGBoost,provided_plus_rdkit_descriptors,2,2
rdkit_EState_VSA3,0.0,model_feature_importances,XGBoost,provided_plus_rdkit_descriptors,2,2
rdkit_EState_VSA4,0.0,model_feature_importances,XGBoost,provided_plus_rdkit_descriptors,2,2
rdkit_EState_VSA5,0.00016388221411034465,model_feature_importances,XGBoost,provided_plus_rdkit_descriptors,2,2
rdkit_EState_VSA6,0.0,model_feature_importances,XGBoost,provided_plus_rdkit_descriptors,2,2
rdkit_EState_VSA7,0.0,model_feature_importances,XGBoost,provided_plus_rdkit_descriptors,2,2
rdkit_EState_VSA8,0.004504527896642685,model_feature_importances,XGBoost,provided_plus_rdkit_descriptors,2,2
rdkit_EState_VSA9,0.003666363889351487,model_feature_importances,XGBoost,provided_plus_rdkit_descriptors,2,2
rdkit_VSA_EState1,0.0005863253027200699,model_feature_importances,XGBoost,provided_plus_rdkit_descriptors,2,2
rdkit_VSA_EState10,0.0,model_feature_importances,XGBoost,provided_plus_rdkit_descriptors,2,2
rdkit_VSA_EState2,0.016700517386198044,model_feature_importances,XGBoost,provided_plus_rdkit_descriptors,2,2
rdkit_VSA_EState3,0.00462924363091588,model_feature_importances,XGBoost,provided_plus_rdkit_descriptors,2,2
rdkit_VSA_EState4,0.0,model_feature_importances,XGBoost,provided_plus_rdkit_descriptors,2,2
rdkit_VSA_EState5,0.00010431538248667493,model_feature_importances,XGBoost,provided_plus_rdkit_descriptors,2,2
rdkit_VSA_EState6,0.0,model_feature_importances,XGBoost,provided_plus_rdkit_descriptors,2,2
rdkit_VSA_EState7,0.02027975209057331,model_feature_importances,XGBoost,provided_plus_rdkit_descriptors,2,2
rdkit_VSA_EState8,0.02447664551436901,model_feature_importances,XGBoost,provided_plus_rdkit_descriptors,2,2
rdkit_VSA_EState9,0.0,model_feature_importances,XGBoost,provided_plus_rdkit_descriptors,2,2
rdkit_FractionCSP3,0.0001615934306755662,model_feature_importances,XGBoost,provided_plus_rdkit_descriptors,2,2
rdkit_HeavyAtomCount,0.0,model_feature_importances,XGBoost,provided_plus_rdkit_descriptors,2,2
rdkit_NHOHCount,0.0003980453475378454,model_feature_importances,XGBoost,provided_plus_rdkit_descriptors,2,2
rdkit_NOCount,0.0,model_feature_importances,XGBoost,provided_plus_rdkit_descriptors,2,2
rdkit_NumAliphaticCarbocycles,0.0,model_feature_importances,XGBoost,provided_plus_rdkit_descriptors,2,2
rdkit_NumAliphaticHeterocycles,0.0,model_feature_importances,XGBoost,provided_plus_rdkit_descriptors,2,2
rdkit_NumAliphaticRings,0.0,model_feature_importances,XGBoost,provided_plus_rdkit_descriptors,2,2
rdkit_NumAmideBonds,0.0,model_feature_importances,XGBoost,provided_plus_rdkit_descriptors,2,2
rdkit_NumAtomStereoCenters,0.007898187264800072,model_feature_importances,XGBoost,provided_plus_rdkit_descriptors,2,2
rdkit_NumBridgeheadAtoms,0.0,model_feature_importances,XGBoost,provided_plus_rdkit_descriptors,2,2
rdkit_NumHAcceptors,0.0,model_feature_importances,XGBoost,provided_plus_rdkit_descriptors,2,2
rdkit_NumHDonors,0.044737108051776886,model_feature_importances,XGBoost,provided_plus_rdkit_descriptors,2,2
rdkit_NumHeteroatoms,0.0,model_feature_importances,XGBoost,provided_plus_rdkit_descriptors,2,2
rdkit_NumHeterocycles,0.0,model_feature_importances,XGBoost,provided_plus_rdkit_descriptors,2,2
rdkit_NumRotatableBonds,0.0014283880591392517,model_feature_importances,XGBoost,provided_plus_rdkit_descriptors,2,2
rdkit_NumSaturatedCarbocycles,0.0,model_feature_importances,XGBoost,provided_plus_rdkit_descriptors,2,2
rdkit_NumSaturatedHeterocycles,0.0,model_feature_importances,XGBoost,provided_plus_rdkit_descriptors,2,2
rdkit_NumSaturatedRings,0.0,model_feature_importances,XGBoost,provided_plus_rdkit_descriptors,2,2
rdkit_NumUnspecifiedAtomStereoCenters,0.0030579508747905493,model_feature_importances,XGBoost,provided_plus_rdkit_descriptors,2,2
rdkit_Phi,0.014817524701356888,model_feature_importances,XGBoost,provided_plus_rdkit_descriptors,2,2
rdkit_RingCount,0.0,model_feature_importances,XGBoost,provided_plus_rdkit_descriptors,2,2
rdkit_MolLogP,0.0230848491191864,model_feature_importances,XGBoost,provided_plus_rdkit_descriptors,2,2
rdkit_MolMR,0.0004653721407521516,model_feature_importances,XGBoost,provided_plus_rdkit_descriptors,2,2
rdkit_fr_Al_COO,0.0,model_feature_importances,XGBoost,provided_plus_rdkit_descriptors,2,2
rdkit_fr_Al_OH,0.08273188024759293,model_feature_importances,XGBoost,provided_plus_rdkit_descriptors,2,2
rdkit_fr_Al_OH_noTert,0.0,model_feature_importances,XGBoost,provided_plus_rdkit_descriptors,2,2
rdkit_fr_COO,0.0,model_feature_importances,XGBoost,provided_plus_rdkit_descriptors,2,2
rdkit_fr_COO2,0.0,model_feature_importances,XGBoost,provided_plus_rdkit_descriptors,2,2
rdkit_fr_C_O,0.0,model_feature_importances,XGBoost,provided_plus_rdkit_descriptors,2,2
rdkit_fr_C_O_noCOO,0.0,model_feature_importances,XGBoost,provided_plus_rdkit_descriptors,2,2
rdkit_fr_NH1,0.0,model_feature_importances,XGBoost,provided_plus_rdkit_descriptors,2,2
rdkit_fr_NH2,0.0,model_feature_importances,XGBoost,provided_plus_rdkit_descriptors,2,2
rdkit_fr_aldehyde,0.00038439701893366873,model_feature_importances,XGBoost,provided_plus_rdkit_descriptors,2,2
rdkit_fr_alkyl_halide,0.0,model_feature_importances,XGBoost,provided_plus_rdkit_descriptors,2,2
rdkit_fr_allylic_oxid,0.0,model_feature_importances,XGBoost,provided_plus_rdkit_descriptors,2,2
rdkit_fr_amide,0.0,model_feature_importances,XGBoost,provided_plus_rdkit_descriptors,2,2
rdkit_fr_bicyclic,0.0,model_feature_importances,XGBoost,provided_plus_rdkit_descriptors,2,2
rdkit_fr_ether,0.0,model_feature_importances,XGBoost,provided_plus_rdkit_descriptors,2,2
rdkit_fr_halogen,0.0,model_feature_importances,XGBoost,provided_plus_rdkit_descriptors,2,2
rdkit_fr_ketone,0.00033968989737331867,model_feature_importances,XGBoost,provided_plus_rdkit_descriptors,2,2
rdkit_fr_ketone_Topliss,0.0,model_feature_importances,XGBoost,provided_plus_rdkit_descriptors,2,2
rdkit_fr_methoxy,0.0,model_feature_importances,XGBoost,provided_plus_rdkit_descriptors,2,2
rdkit_fr_phos_acid,0.0,model_feature_importances,XGBoost,provided_plus_rdkit_descriptors,2,2
rdkit_fr_phos_ester,0.0,model_feature_importances,XGBoost,provided_plus_rdkit_descriptors,2,2
Molecular weight (Da),0.0071872081607580185,model_feature_importances,XGBoost,provided_plus_rdkit_descriptors,2,3
Solubility (mg/mL),0.013674415647983551,model_feature_importances,XGBoost,provided_plus_rdkit_descriptors,2,3
"Glass transition temperature (Tg, degC)",0.004207927267998457,model_feature_importances,XGBoost,provided_plus_rdkit_descriptors,2,3
Viscosity (mPa.s),0.0018323282711207867,model_feature_importances,XGBoost,provided_plus_rdkit_descriptors,2,3
Concentration (% w/v),0.002677174052223563,model_feature_importances,XGBoost,provided_plus_rdkit_descriptors,2,3
rdkit_MaxAbsEStateIndex,0.003531823633238673,model_feature_importances,XGBoost,provided_plus_rdkit_descriptors,2,3
rdkit_MaxEStateIndex,0.0,model_feature_importances,XGBoost,provided_plus_rdkit_descriptors,2,3
rdkit_MinAbsEStateIndex,0.011012732982635498,model_feature_importances,XGBoost,provided_plus_rdkit_descriptors,2,3
rdkit_MinEStateIndex,0.005275080446153879,model_feature_importances,XGBoost,provided_plus_rdkit_descriptors,2,3
rdkit_qed,0.010350465774536133,model_feature_importances,XGBoost,provided_plus_rdkit_descriptors,2,3
rdkit_SPS,0.0059729404747486115,model_feature_importances,XGBoost,provided_plus_rdkit_descriptors,2,3
rdkit_MolWt,0.0,model_feature_importances,XGBoost,provided_plus_rdkit_descriptors,2,3
rdkit_HeavyAtomMolWt,0.0,model_feature_importances,XGBoost,provided_plus_rdkit_descriptors,2,3
rdkit_ExactMolWt,0.0,model_feature_importances,XGBoost,provided_plus_rdkit_descriptors,2,3
rdkit_NumValenceElectrons,0.0,model_feature_importances,XGBoost,provided_plus_rdkit_descriptors,2,3
rdkit_MaxPartialCharge,0.00996699370443821,model_feature_importances,XGBoost,provided_plus_rdkit_descriptors,2,3
rdkit_MinPartialCharge,0.012860945425927639,model_feature_importances,XGBoost,provided_plus_rdkit_descriptors,2,3
rdkit_MaxAbsPartialCharge,0.0009335468057543039,model_feature_importances,XGBoost,provided_plus_rdkit_descriptors,2,3
rdkit_MinAbsPartialCharge,0.0,model_feature_importances,XGBoost,provided_plus_rdkit_descriptors,2,3
rdkit_FpDensityMorgan1,0.0014015865745022893,model_feature_importances,XGBoost,provided_plus_rdkit_descriptors,2,3
rdkit_FpDensityMorgan2,0.001949717989191413,model_feature_importances,XGBoost,provided_plus_rdkit_descriptors,2,3
rdkit_FpDensityMorgan3,0.0013971247244626284,model_feature_importances,XGBoost,provided_plus_rdkit_descriptors,2,3
rdkit_BCUT2D_MWHI,0.001594586530700326,model_feature_importances,XGBoost,provided_plus_rdkit_descriptors,2,3
rdkit_BCUT2D_MWLOW,0.008087948895990849,model_feature_importances,XGBoost,provided_plus_rdkit_descriptors,2,3
rdkit_BCUT2D_CHGHI,0.005904723424464464,model_feature_importances,XGBoost,provided_plus_rdkit_descriptors,2,3
rdkit_BCUT2D_CHGLO,0.017066868022084236,model_feature_importances,XGBoost,provided_plus_rdkit_descriptors,2,3
rdkit_BCUT2D_LOGPHI,0.00015472783707082272,model_feature_importances,XGBoost,provided_plus_rdkit_descriptors,2,3
rdkit_BCUT2D_LOGPLOW,0.005649219267070293,model_feature_importances,XGBoost,provided_plus_rdkit_descriptors,2,3
rdkit_BCUT2D_MRHI,0.002350403694435954,model_feature_importances,XGBoost,provided_plus_rdkit_descriptors,2,3
rdkit_BCUT2D_MRLOW,0.022779835388064384,model_feature_importances,XGBoost,provided_plus_rdkit_descriptors,2,3
rdkit_AvgIpc,0.012799621559679508,model_feature_importances,XGBoost,provided_plus_rdkit_descriptors,2,3
rdkit_BalabanJ,0.0034522220958024263,model_feature_importances,XGBoost,provided_plus_rdkit_descriptors,2,3
rdkit_BertzCT,0.0101679228246212,model_feature_importances,XGBoost,provided_plus_rdkit_descriptors,2,3
rdkit_Chi0,0.0017520475666970015,model_feature_importances,XGBoost,provided_plus_rdkit_descriptors,2,3
rdkit_Chi0n,0.00012304655683692545,model_feature_importances,XGBoost,provided_plus_rdkit_descriptors,2,3
rdkit_Chi0v,0.06663781404495239,model_feature_importances,XGBoost,provided_plus_rdkit_descriptors,2,3
rdkit_Chi1,0.00014254664711188525,model_feature_importances,XGBoost,provided_plus_rdkit_descriptors,2,3
rdkit_Chi1n,0.00014902095426805317,model_feature_importances,XGBoost,provided_plus_rdkit_descriptors,2,3
rdkit_Chi1v,0.0,model_feature_importances,XGBoost,provided_plus_rdkit_descriptors,2,3
rdkit_Chi2n,0.001306068734265864,model_feature_importances,XGBoost,provided_plus_rdkit_descriptors,2,3
rdkit_Chi2v,0.0,model_feature_importances,XGBoost,provided_plus_rdkit_descriptors,2,3
rdkit_Chi3n,0.00026701277238316834,model_feature_importances,XGBoost,provided_plus_rdkit_descriptors,2,3
rdkit_Chi3v,0.00011159497080370784,model_feature_importances,XGBoost,provided_plus_rdkit_descriptors,2,3
rdkit_Chi4n,0.00017655326519161463,model_feature_importances,XGBoost,provided_plus_rdkit_descriptors,2,3
rdkit_Chi4v,0.001095674466341734,model_feature_importances,XGBoost,provided_plus_rdkit_descriptors,2,3
rdkit_HallKierAlpha,0.03509509190917015,model_feature_importances,XGBoost,provided_plus_rdkit_descriptors,2,3
rdkit_Ipc,0.001317927148193121,model_feature_importances,XGBoost,provided_plus_rdkit_descriptors,2,3
rdkit_Kappa1,0.0020414507016539574,model_feature_importances,XGBoost,provided_plus_rdkit_descriptors,2,3
rdkit_Kappa2,0.0006476667476817966,model_feature_importances,XGBoost,provided_plus_rdkit_descriptors,2,3
rdkit_Kappa3,0.0014196641277521849,model_feature_importances,XGBoost,provided_plus_rdkit_descriptors,2,3
rdkit_LabuteASA,0.000492675113491714,model_feature_importances,XGBoost,provided_plus_rdkit_descriptors,2,3
rdkit_PEOE_VSA1,0.007012604735791683,model_feature_importances,XGBoost,provided_plus_rdkit_descriptors,2,3
rdkit_PEOE_VSA10,0.0022327827755361795,model_feature_importances,XGBoost,provided_plus_rdkit_descriptors,2,3
rdkit_PEOE_VSA11,0.008018204011023045,model_feature_importances,XGBoost,provided_plus_rdkit_descriptors,2,3
rdkit_PEOE_VSA12,0.0,model_feature_importances,XGBoost,provided_plus_rdkit_descriptors,2,3
rdkit_PEOE_VSA14,0.0,model_feature_importances,XGBoost,provided_plus_rdkit_descriptors,2,3
rdkit_PEOE_VSA2,0.0,model_feature_importances,XGBoost,provided_plus_rdkit_descriptors,2,3
rdkit_PEOE_VSA3,0.0,model_feature_importances,XGBoost,provided_plus_rdkit_descriptors,2,3
rdkit_PEOE_VSA5,0.0,model_feature_importances,XGBoost,provided_plus_rdkit_descriptors,2,3
rdkit_PEOE_VSA6,0.0,model_feature_importances,XGBoost,provided_plus_rdkit_descriptors,2,3
rdkit_PEOE_VSA7,0.0,model_feature_importances,XGBoost,provided_plus_rdkit_descriptors,2,3
rdkit_PEOE_VSA8,0.0,model_feature_importances,XGBoost,provided_plus_rdkit_descriptors,2,3
rdkit_PEOE_VSA9,0.0006052774842828512,model_feature_importances,XGBoost,provided_plus_rdkit_descriptors,2,3
rdkit_SMR_VSA1,0.0003075299900956452,model_feature_importances,XGBoost,provided_plus_rdkit_descriptors,2,3
rdkit_SMR_VSA10,0.00093956378987059,model_feature_importances,XGBoost,provided_plus_rdkit_descriptors,2,3
rdkit_SMR_VSA3,0.0,model_feature_importances,XGBoost,provided_plus_rdkit_descriptors,2,3
rdkit_SMR_VSA4,0.0,model_feature_importances,XGBoost,provided_plus_rdkit_descriptors,2,3
rdkit_SMR_VSA5,0.00360420742072165,model_feature_importances,XGBoost,provided_plus_rdkit_descriptors,2,3
rdkit_SMR_VSA6,0.00013078491610940546,model_feature_importances,XGBoost,provided_plus_rdkit_descriptors,2,3
rdkit_SMR_VSA7,0.0,model_feature_importances,XGBoost,provided_plus_rdkit_descriptors,2,3
rdkit_SlogP_VSA1,0.0,model_feature_importances,XGBoost,provided_plus_rdkit_descriptors,2,3
rdkit_SlogP_VSA12,0.0,model_feature_importances,XGBoost,provided_plus_rdkit_descriptors,2,3
rdkit_SlogP_VSA2,0.024509979411959648,model_feature_importances,XGBoost,provided_plus_rdkit_descriptors,2,3
rdkit_SlogP_VSA3,0.0143253980204463,model_feature_importances,XGBoost,provided_plus_rdkit_descriptors,2,3
rdkit_SlogP_VSA4,0.0,model_feature_importances,XGBoost,provided_plus_rdkit_descriptors,2,3
rdkit_SlogP_VSA5,0.016482356935739517,model_feature_importances,XGBoost,provided_plus_rdkit_descriptors,2,3
rdkit_SlogP_VSA6,0.0,model_feature_importances,XGBoost,provided_plus_rdkit_descriptors,2,3
rdkit_TPSA,0.0,model_feature_importances,XGBoost,provided_plus_rdkit_descriptors,2,3
rdkit_EState_VSA1,0.0005203504115343094,model_feature_importances,XGBoost,provided_plus_rdkit_descriptors,2,3
rdkit_EState_VSA10,0.4694266617298126,model_feature_importances,XGBoost,provided_plus_rdkit_descriptors,2,3
rdkit_EState_VSA2,0.004551970865577459,model_feature_importances,XGBoost,provided_plus_rdkit_descriptors,2,3
rdkit_EState_VSA3,0.0031583369709551334,model_feature_importances,XGBoost,provided_plus_rdkit_descriptors,2,3
rdkit_EState_VSA4,0.0,model_feature_importances,XGBoost,provided_plus_rdkit_descriptors,2,3
rdkit_EState_VSA5,0.00815358106046915,model_feature_importances,XGBoost,provided_plus_rdkit_descriptors,2,3
rdkit_EState_VSA6,0.0,model_feature_importances,XGBoost,provided_plus_rdkit_descriptors,2,3
rdkit_EState_VSA7,0.0,model_feature_importances,XGBoost,provided_plus_rdkit_descriptors,2,3
rdkit_EState_VSA8,0.0010474850423634052,model_feature_importances,XGBoost,provided_plus_rdkit_descriptors,2,3
rdkit_EState_VSA9,0.006793423090130091,model_feature_importances,XGBoost,provided_plus_rdkit_descriptors,2,3
rdkit_VSA_EState1,0.0011123951990157366,model_feature_importances,XGBoost,provided_plus_rdkit_descriptors,2,3
rdkit_VSA_EState10,0.0,model_feature_importances,XGBoost,provided_plus_rdkit_descriptors,2,3
rdkit_VSA_EState2,0.010259668342769146,model_feature_importances,XGBoost,provided_plus_rdkit_descriptors,2,3
rdkit_VSA_EState3,0.05591697618365288,model_feature_importances,XGBoost,provided_plus_rdkit_descriptors,2,3
rdkit_VSA_EState4,0.0,model_feature_importances,XGBoost,provided_plus_rdkit_descriptors,2,3
rdkit_VSA_EState5,0.00023955128563102335,model_feature_importances,XGBoost,provided_plus_rdkit_descriptors,2,3
rdkit_VSA_EState6,0.0,model_feature_importances,XGBoost,provided_plus_rdkit_descriptors,2,3
rdkit_VSA_EState7,0.010228833183646202,model_feature_importances,XGBoost,provided_plus_rdkit_descriptors,2,3
rdkit_VSA_EState8,0.0203455351293087,model_feature_importances,XGBoost,provided_plus_rdkit_descriptors,2,3
rdkit_VSA_EState9,0.0,model_feature_importances,XGBoost,provided_plus_rdkit_descriptors,2,3
rdkit_FractionCSP3,0.00040896720020100474,model_feature_importances,XGBoost,provided_plus_rdkit_descriptors,2,3
rdkit_HeavyAtomCount,0.0,model_feature_importances,XGBoost,provided_plus_rdkit_descriptors,2,3
rdkit_NHOHCount,0.007170330733060837,model_feature_importances,XGBoost,provided_plus_rdkit_descriptors,2,3
rdkit_NOCount,0.0,model_feature_importances,XGBoost,provided_plus_rdkit_descriptors,2,3
rdkit_NumAliphaticCarbocycles,0.0,model_feature_importances,XGBoost,provided_plus_rdkit_descriptors,2,3
rdkit_NumAliphaticHeterocycles,0.0,model_feature_importances,XGBoost,provided_plus_rdkit_descriptors,2,3
rdkit_NumAliphaticRings,0.0,model_feature_importances,XGBoost,provided_plus_rdkit_descriptors,2,3
rdkit_NumAmideBonds,0.0,model_feature_importances,XGBoost,provided_plus_rdkit_descriptors,2,3
rdkit_NumAtomStereoCenters,0.00011180265573784709,model_feature_importances,XGBoost,provided_plus_rdkit_descriptors,2,3
rdkit_NumBridgeheadAtoms,0.0,model_feature_importances,XGBoost,provided_plus_rdkit_descriptors,2,3
rdkit_NumHAcceptors,0.0,model_feature_importances,XGBoost,provided_plus_rdkit_descriptors,2,3
rdkit_NumHDonors,0.0,model_feature_importances,XGBoost,provided_plus_rdkit_descriptors,2,3
rdkit_NumHeteroatoms,0.0,model_feature_importances,XGBoost,provided_plus_rdkit_descriptors,2,3
rdkit_NumHeterocycles,0.0,model_feature_importances,XGBoost,provided_plus_rdkit_descriptors,2,3
rdkit_NumRotatableBonds,3.6295572499511763e-05,model_feature_importances,XGBoost,provided_plus_rdkit_descriptors,2,3
rdkit_NumSaturatedCarbocycles,0.0,model_feature_importances,XGBoost,provided_plus_rdkit_descriptors,2,3
rdkit_NumSaturatedHeterocycles,0.0,model_feature_importances,XGBoost,provided_plus_rdkit_descriptors,2,3
rdkit_NumSaturatedRings,0.0,model_feature_importances,XGBoost,provided_plus_rdkit_descriptors,2,3
rdkit_NumUnspecifiedAtomStereoCenters,0.004286404699087143,model_feature_importances,XGBoost,provided_plus_rdkit_descriptors,2,3
rdkit_Phi,0.006549396552145481,model_feature_importances,XGBoost,provided_plus_rdkit_descriptors,2,3
rdkit_RingCount,0.0,model_feature_importances,XGBoost,provided_plus_rdkit_descriptors,2,3
rdkit_MolLogP,0.0035886361729353666,model_feature_importances,XGBoost,provided_plus_rdkit_descriptors,2,3
rdkit_MolMR,0.00580335408449173,model_feature_importances,XGBoost,provided_plus_rdkit_descriptors,2,3
rdkit_fr_Al_COO,0.0,model_feature_importances,XGBoost,provided_plus_rdkit_descriptors,2,3
rdkit_fr_Al_OH,8.60434738569893e-05,model_feature_importances,XGBoost,provided_plus_rdkit_descriptors,2,3
rdkit_fr_Al_OH_noTert,0.0,model_feature_importances,XGBoost,provided_plus_rdkit_descriptors,2,3
rdkit_fr_COO,0.0,model_feature_importances,XGBoost,provided_plus_rdkit_descriptors,2,3
rdkit_fr_COO2,0.0,model_feature_importances,XGBoost,provided_plus_rdkit_descriptors,2,3
rdkit_fr_C_O,0.0,model_feature_importances,XGBoost,provided_plus_rdkit_descriptors,2,3
rdkit_fr_C_O_noCOO,0.0,model_feature_importances,XGBoost,provided_plus_rdkit_descriptors,2,3
rdkit_fr_NH1,0.0,model_feature_importances,XGBoost,provided_plus_rdkit_descriptors,2,3
rdkit_fr_NH2,0.0,model_feature_importances,XGBoost,provided_plus_rdkit_descriptors,2,3
rdkit_fr_aldehyde,0.0050193448550999165,model_feature_importances,XGBoost,provided_plus_rdkit_descriptors,2,3
rdkit_fr_alkyl_halide,0.0,model_feature_importances,XGBoost,provided_plus_rdkit_descriptors,2,3
rdkit_fr_allylic_oxid,0.0,model_feature_importances,XGBoost,provided_plus_rdkit_descriptors,2,3
rdkit_fr_amide,0.0,model_feature_importances,XGBoost,provided_plus_rdkit_descriptors,2,3
rdkit_fr_bicyclic,0.0,model_feature_importances,XGBoost,provided_plus_rdkit_descriptors,2,3
rdkit_fr_ether,0.0,model_feature_importances,XGBoost,provided_plus_rdkit_descriptors,2,3
rdkit_fr_halogen,0.0,model_feature_importances,XGBoost,provided_plus_rdkit_descriptors,2,3
rdkit_fr_ketone,0.0,model_feature_importances,XGBoost,provided_plus_rdkit_descriptors,2,3
rdkit_fr_ketone_Topliss,0.0,model_feature_importances,XGBoost,provided_plus_rdkit_descriptors,2,3
rdkit_fr_methoxy,0.0,model_feature_importances,XGBoost,provided_plus_rdkit_descriptors,2,3
rdkit_fr_phos_acid,0.0,model_feature_importances,XGBoost,provided_plus_rdkit_descriptors,2,3
rdkit_fr_phos_ester,0.0,model_feature_importances,XGBoost,provided_plus_rdkit_descriptors,2,3
Molecular weight (Da),0.0016790973022580147,model_feature_importances,XGBoost,provided_plus_rdkit_descriptors,2,4
Solubility (mg/mL),0.012232775799930096,model_feature_importances,XGBoost,provided_plus_rdkit_descriptors,2,4
"Glass transition temperature (Tg, degC)",0.0043898094445466995,model_feature_importances,XGBoost,provided_plus_rdkit_descriptors,2,4
Viscosity (mPa.s),0.0013187953736633062,model_feature_importances,XGBoost,provided_plus_rdkit_descriptors,2,4
Concentration (% w/v),0.0020378432236611843,model_feature_importances,XGBoost,provided_plus_rdkit_descriptors,2,4
rdkit_MaxAbsEStateIndex,0.007205058354884386,model_feature_importances,XGBoost,provided_plus_rdkit_descriptors,2,4
rdkit_MaxEStateIndex,0.0,model_feature_importances,XGBoost,provided_plus_rdkit_descriptors,2,4
rdkit_MinAbsEStateIndex,0.003662924747914076,model_feature_importances,XGBoost,provided_plus_rdkit_descriptors,2,4
rdkit_MinEStateIndex,0.005088683683425188,model_feature_importances,XGBoost,provided_plus_rdkit_descriptors,2,4
rdkit_qed,0.01986292563378811,model_feature_importances,XGBoost,provided_plus_rdkit_descriptors,2,4
rdkit_SPS,0.005617854185402393,model_feature_importances,XGBoost,provided_plus_rdkit_descriptors,2,4
rdkit_MolWt,0.0,model_feature_importances,XGBoost,provided_plus_rdkit_descriptors,2,4
rdkit_HeavyAtomMolWt,0.0,model_feature_importances,XGBoost,provided_plus_rdkit_descriptors,2,4
rdkit_ExactMolWt,0.0,model_feature_importances,XGBoost,provided_plus_rdkit_descriptors,2,4
rdkit_NumValenceElectrons,0.0,model_feature_importances,XGBoost,provided_plus_rdkit_descriptors,2,4
rdkit_MaxPartialCharge,0.009838394820690155,model_feature_importances,XGBoost,provided_plus_rdkit_descriptors,2,4
rdkit_MinPartialCharge,0.0024313433095812798,model_feature_importances,XGBoost,provided_plus_rdkit_descriptors,2,4
rdkit_MaxAbsPartialCharge,0.0005056459340266883,model_feature_importances,XGBoost,provided_plus_rdkit_descriptors,2,4
rdkit_MinAbsPartialCharge,0.0,model_feature_importances,XGBoost,provided_plus_rdkit_descriptors,2,4
rdkit_FpDensityMorgan1,0.0021938371937721968,model_feature_importances,XGBoost,provided_plus_rdkit_descriptors,2,4
rdkit_FpDensityMorgan2,0.0004921745276078582,model_feature_importances,XGBoost,provided_plus_rdkit_descriptors,2,4
rdkit_FpDensityMorgan3,0.0012654451420530677,model_feature_importances,XGBoost,provided_plus_rdkit_descriptors,2,4
rdkit_BCUT2D_MWHI,0.0015698791248723865,model_feature_importances,XGBoost,provided_plus_rdkit_descriptors,2,4
rdkit_BCUT2D_MWLOW,0.0010392863769084215,model_feature_importances,XGBoost,provided_plus_rdkit_descriptors,2,4
rdkit_BCUT2D_CHGHI,0.0016368869692087173,model_feature_importances,XGBoost,provided_plus_rdkit_descriptors,2,4
rdkit_BCUT2D_CHGLO,0.0015761960530653596,model_feature_importances,XGBoost,provided_plus_rdkit_descriptors,2,4
rdkit_BCUT2D_LOGPHI,0.0076620131731033325,model_feature_importances,XGBoost,provided_plus_rdkit_descriptors,2,4
rdkit_BCUT2D_LOGPLOW,0.000939556397497654,model_feature_importances,XGBoost,provided_plus_rdkit_descriptors,2,4
rdkit_BCUT2D_MRHI,0.004356967750936747,model_feature_importances,XGBoost,provided_plus_rdkit_descriptors,2,4
rdkit_BCUT2D_MRLOW,0.0024675773456692696,model_feature_importances,XGBoost,provided_plus_rdkit_descriptors,2,4
rdkit_AvgIpc,0.011752339079976082,model_feature_importances,XGBoost,provided_plus_rdkit_descriptors,2,4
rdkit_BalabanJ,0.003250439651310444,model_feature_importances,XGBoost,provided_plus_rdkit_descriptors,2,4
rdkit_BertzCT,0.0017564224544912577,model_feature_importances,XGBoost,provided_plus_rdkit_descriptors,2,4
rdkit_Chi0,0.003943133633583784,model_feature_importances,XGBoost,provided_plus_rdkit_descriptors,2,4
rdkit_Chi0n,0.00015839439583942294,model_feature_importances,XGBoost,provided_plus_rdkit_descriptors,2,4
rdkit_Chi0v,0.05274998024106026,model_feature_importances,XGBoost,provided_plus_rdkit_descriptors,2,4
rdkit_Chi1,0.004169745836406946,model_feature_importances,XGBoost,provided_plus_rdkit_descriptors,2,4
rdkit_Chi1n,0.00033050187630578876,model_feature_importances,XGBoost,provided_plus_rdkit_descriptors,2,4
rdkit_Chi1v,0.0,model_feature_importances,XGBoost,provided_plus_rdkit_descriptors,2,4
rdkit_Chi2n,0.00032564435969106853,model_feature_importances,XGBoost,provided_plus_rdkit_descriptors,2,4
rdkit_Chi2v,7.602559344377369e-05,model_feature_importances,XGBoost,provided_plus_rdkit_descriptors,2,4
rdkit_Chi3n,0.001860978314653039,model_feature_importances,XGBoost,provided_plus_rdkit_descriptors,2,4
rdkit_Chi3v,0.0,model_feature_importances,XGBoost,provided_plus_rdkit_descriptors,2,4
rdkit_Chi4n,0.0,model_feature_importances,XGBoost,provided_plus_rdkit_descriptors,2,4
rdkit_Chi4v,0.006026225630193949,model_feature_importances,XGBoost,provided_plus_rdkit_descriptors,2,4
rdkit_HallKierAlpha,0.008729569613933563,model_feature_importances,XGBoost,provided_plus_rdkit_descriptors,2,4
rdkit_Ipc,0.0002290047996211797,model_feature_importances,XGBoost,provided_plus_rdkit_descriptors,2,4
rdkit_Kappa1,0.010325251147150993,model_feature_importances,XGBoost,provided_plus_rdkit_descriptors,2,4
rdkit_Kappa2,0.0034235985949635506,model_feature_importances,XGBoost,provided_plus_rdkit_descriptors,2,4
rdkit_Kappa3,0.0013026120141148567,model_feature_importances,XGBoost,provided_plus_rdkit_descriptors,2,4
rdkit_LabuteASA,0.0004229767946526408,model_feature_importances,XGBoost,provided_plus_rdkit_descriptors,2,4
rdkit_PEOE_VSA1,0.006816999055445194,model_feature_importances,XGBoost,provided_plus_rdkit_descriptors,2,4
rdkit_PEOE_VSA10,0.00016349209181498736,model_feature_importances,XGBoost,provided_plus_rdkit_descriptors,2,4
rdkit_PEOE_VSA11,0.01867177151143551,model_feature_importances,XGBoost,provided_plus_rdkit_descriptors,2,4
rdkit_PEOE_VSA12,0.0003330848994664848,model_feature_importances,XGBoost,provided_plus_rdkit_descriptors,2,4
rdkit_PEOE_VSA14,0.0,model_feature_importances,XGBoost,provided_plus_rdkit_descriptors,2,4
rdkit_PEOE_VSA2,0.0010915511520579457,model_feature_importances,XGBoost,provided_plus_rdkit_descriptors,2,4
rdkit_PEOE_VSA3,0.0,model_feature_importances,XGBoost,provided_plus_rdkit_descriptors,2,4
rdkit_PEOE_VSA5,0.0,model_feature_importances,XGBoost,provided_plus_rdkit_descriptors,2,4
rdkit_PEOE_VSA6,0.0,model_feature_importances,XGBoost,provided_plus_rdkit_descriptors,2,4
rdkit_PEOE_VSA7,0.001813528360798955,model_feature_importances,XGBoost,provided_plus_rdkit_descriptors,2,4
rdkit_PEOE_VSA8,0.06932784616947174,model_feature_importances,XGBoost,provided_plus_rdkit_descriptors,2,4
rdkit_PEOE_VSA9,0.0017329605761915445,model_feature_importances,XGBoost,provided_plus_rdkit_descriptors,2,4
rdkit_SMR_VSA1,0.004521327558904886,model_feature_importances,XGBoost,provided_plus_rdkit_descriptors,2,4
rdkit_SMR_VSA10,0.0013212707126513124,model_feature_importances,XGBoost,provided_plus_rdkit_descriptors,2,4
rdkit_SMR_VSA3,0.0,model_feature_importances,XGBoost,provided_plus_rdkit_descriptors,2,4
rdkit_SMR_VSA4,0.00020933002815581858,model_feature_importances,XGBoost,provided_plus_rdkit_descriptors,2,4
rdkit_SMR_VSA5,0.0016596256755292416,model_feature_importances,XGBoost,provided_plus_rdkit_descriptors,2,4
rdkit_SMR_VSA6,0.0010517524788156152,model_feature_importances,XGBoost,provided_plus_rdkit_descriptors,2,4
rdkit_SMR_VSA7,0.0,model_feature_importances,XGBoost,provided_plus_rdkit_descriptors,2,4
rdkit_SlogP_VSA1,0.0,model_feature_importances,XGBoost,provided_plus_rdkit_descriptors,2,4
rdkit_SlogP_VSA12,0.0,model_feature_importances,XGBoost,provided_plus_rdkit_descriptors,2,4
rdkit_SlogP_VSA2,0.018737608566880226,model_feature_importances,XGBoost,provided_plus_rdkit_descriptors,2,4
rdkit_SlogP_VSA3,0.02727280557155609,model_feature_importances,XGBoost,provided_plus_rdkit_descriptors,2,4
rdkit_SlogP_VSA4,0.0,model_feature_importances,XGBoost,provided_plus_rdkit_descriptors,2,4
rdkit_SlogP_VSA5,0.002566372975707054,model_feature_importances,XGBoost,provided_plus_rdkit_descriptors,2,4
rdkit_SlogP_VSA6,0.0,model_feature_importances,XGBoost,provided_plus_rdkit_descriptors,2,4
rdkit_TPSA,0.007188613526523113,model_feature_importances,XGBoost,provided_plus_rdkit_descriptors,2,4
rdkit_EState_VSA1,0.00029234890826046467,model_feature_importances,XGBoost,provided_plus_rdkit_descriptors,2,4
rdkit_EState_VSA10,0.2427329570055008,model_feature_importances,XGBoost,provided_plus_rdkit_descriptors,2,4
rdkit_EState_VSA2,0.002887973329052329,model_feature_importances,XGBoost,provided_plus_rdkit_descriptors,2,4
rdkit_EState_VSA3,0.000536251871380955,model_feature_importances,XGBoost,provided_plus_rdkit_descriptors,2,4
rdkit_EState_VSA4,0.0,model_feature_importances,XGBoost,provided_plus_rdkit_descriptors,2,4
rdkit_EState_VSA5,0.004572155885398388,model_feature_importances,XGBoost,provided_plus_rdkit_descriptors,2,4
rdkit_EState_VSA6,0.0,model_feature_importances,XGBoost,provided_plus_rdkit_descriptors,2,4
rdkit_EState_VSA7,0.0,model_feature_importances,XGBoost,provided_plus_rdkit_descriptors,2,4
rdkit_EState_VSA8,0.0022246476728469133,model_feature_importances,XGBoost,provided_plus_rdkit_descriptors,2,4
rdkit_EState_VSA9,0.002559928921982646,model_feature_importances,XGBoost,provided_plus_rdkit_descriptors,2,4
rdkit_VSA_EState1,0.0005833330214954913,model_feature_importances,XGBoost,provided_plus_rdkit_descriptors,2,4
rdkit_VSA_EState10,0.0,model_feature_importances,XGBoost,provided_plus_rdkit_descriptors,2,4
rdkit_VSA_EState2,0.022449642419815063,model_feature_importances,XGBoost,provided_plus_rdkit_descriptors,2,4
rdkit_VSA_EState3,0.07141540199518204,model_feature_importances,XGBoost,provided_plus_rdkit_descriptors,2,4
rdkit_VSA_EState4,0.0,model_feature_importances,XGBoost,provided_plus_rdkit_descriptors,2,4
rdkit_VSA_EState5,0.003915815614163876,model_feature_importances,XGBoost,provided_plus_rdkit_descriptors,2,4
rdkit_VSA_EState6,0.0,model_feature_importances,XGBoost,provided_plus_rdkit_descriptors,2,4
rdkit_VSA_EState7,0.001497700810432434,model_feature_importances,XGBoost,provided_plus_rdkit_descriptors,2,4
rdkit_VSA_EState8,0.030341336503624916,model_feature_importances,XGBoost,provided_plus_rdkit_descriptors,2,4
rdkit_VSA_EState9,0.0,model_feature_importances,XGBoost,provided_plus_rdkit_descriptors,2,4
rdkit_FractionCSP3,0.0004653249343391508,model_feature_importances,XGBoost,provided_plus_rdkit_descriptors,2,4
rdkit_HeavyAtomCount,0.0,model_feature_importances,XGBoost,provided_plus_rdkit_descriptors,2,4
rdkit_NHOHCount,0.0,model_feature_importances,XGBoost,provided_plus_rdkit_descriptors,2,4
rdkit_NOCount,0.0,model_feature_importances,XGBoost,provided_plus_rdkit_descriptors,2,4
rdkit_NumAliphaticCarbocycles,0.0,model_feature_importances,XGBoost,provided_plus_rdkit_descriptors,2,4
rdkit_NumAliphaticHeterocycles,0.0,model_feature_importances,XGBoost,provided_plus_rdkit_descriptors,2,4
rdkit_NumAliphaticRings,0.0,model_feature_importances,XGBoost,provided_plus_rdkit_descriptors,2,4
rdkit_NumAmideBonds,0.0,model_feature_importances,XGBoost,provided_plus_rdkit_descriptors,2,4
rdkit_NumAtomStereoCenters,0.0013728960184380412,model_feature_importances,XGBoost,provided_plus_rdkit_descriptors,2,4
rdkit_NumBridgeheadAtoms,0.0,model_feature_importances,XGBoost,provided_plus_rdkit_descriptors,2,4
rdkit_NumHAcceptors,0.0,model_feature_importances,XGBoost,provided_plus_rdkit_descriptors,2,4
rdkit_NumHDonors,0.00951444823294878,model_feature_importances,XGBoost,provided_plus_rdkit_descriptors,2,4
rdkit_NumHeteroatoms,0.0,model_feature_importances,XGBoost,provided_plus_rdkit_descriptors,2,4
rdkit_NumHeterocycles,0.0,model_feature_importances,XGBoost,provided_plus_rdkit_descriptors,2,4
rdkit_NumRotatableBonds,0.0007558434153907001,model_feature_importances,XGBoost,provided_plus_rdkit_descriptors,2,4
rdkit_NumSaturatedCarbocycles,0.0,model_feature_importances,XGBoost,provided_plus_rdkit_descriptors,2,4
rdkit_NumSaturatedHeterocycles,0.0,model_feature_importances,XGBoost,provided_plus_rdkit_descriptors,2,4
rdkit_NumSaturatedRings,0.0,model_feature_importances,XGBoost,provided_plus_rdkit_descriptors,2,4
rdkit_NumUnspecifiedAtomStereoCenters,0.0041991546750068665,model_feature_importances,XGBoost,provided_plus_rdkit_descriptors,2,4
rdkit_Phi,1.3929814485891256e-05,model_feature_importances,XGBoost,provided_plus_rdkit_descriptors,2,4
rdkit_RingCount,0.0,model_feature_importances,XGBoost,provided_plus_rdkit_descriptors,2,4
rdkit_MolLogP,0.03318684920668602,model_feature_importances,XGBoost,provided_plus_rdkit_descriptors,2,4
rdkit_MolMR,0.0007706975447945297,model_feature_importances,XGBoost,provided_plus_rdkit_descriptors,2,4
rdkit_fr_Al_COO,0.0,model_feature_importances,XGBoost,provided_plus_rdkit_descriptors,2,4
rdkit_fr_Al_OH,0.12112578749656677,model_feature_importances,XGBoost,provided_plus_rdkit_descriptors,2,4
rdkit_fr_Al_OH_noTert,0.0,model_feature_importances,XGBoost,provided_plus_rdkit_descriptors,2,4
rdkit_fr_COO,0.0,model_feature_importances,XGBoost,provided_plus_rdkit_descriptors,2,4
rdkit_fr_COO2,0.0,model_feature_importances,XGBoost,provided_plus_rdkit_descriptors,2,4
rdkit_fr_C_O,0.0,model_feature_importances,XGBoost,provided_plus_rdkit_descriptors,2,4
rdkit_fr_C_O_noCOO,0.0,model_feature_importances,XGBoost,provided_plus_rdkit_descriptors,2,4
rdkit_fr_NH1,0.0,model_feature_importances,XGBoost,provided_plus_rdkit_descriptors,2,4
rdkit_fr_NH2,0.0,model_feature_importances,XGBoost,provided_plus_rdkit_descriptors,2,4
rdkit_fr_aldehyde,0.06620176136493683,model_feature_importances,XGBoost,provided_plus_rdkit_descriptors,2,4
rdkit_fr_alkyl_halide,0.0,model_feature_importances,XGBoost,provided_plus_rdkit_descriptors,2,4
rdkit_fr_allylic_oxid,0.0,model_feature_importances,XGBoost,provided_plus_rdkit_descriptors,2,4
rdkit_fr_amide,0.0,model_feature_importances,XGBoost,provided_plus_rdkit_descriptors,2,4
rdkit_fr_bicyclic,0.0,model_feature_importances,XGBoost,provided_plus_rdkit_descriptors,2,4
rdkit_fr_ether,0.0,model_feature_importances,XGBoost,provided_plus_rdkit_descriptors,2,4
rdkit_fr_halogen,0.0,model_feature_importances,XGBoost,provided_plus_rdkit_descriptors,2,4
rdkit_fr_ketone,0.0,model_feature_importances,XGBoost,provided_plus_rdkit_descriptors,2,4
rdkit_fr_ketone_Topliss,0.0,model_feature_importances,XGBoost,provided_plus_rdkit_descriptors,2,4
rdkit_fr_methoxy,0.0,model_feature_importances,XGBoost,provided_plus_rdkit_descriptors,2,4
rdkit_fr_phos_acid,0.0,model_feature_importances,XGBoost,provided_plus_rdkit_descriptors,2,4
rdkit_fr_phos_ester,0.0,model_feature_importances,XGBoost,provided_plus_rdkit_descriptors,2,4
Molecular weight (Da),0.0049275183118879795,model_feature_importances,XGBoost,provided_plus_rdkit_descriptors,2,5
Solubility (mg/mL),0.0169045589864254,model_feature_importances,XGBoost,provided_plus_rdkit_descriptors,2,5
"Glass transition temperature (Tg, degC)",0.00721450662240386,model_feature_importances,XGBoost,provided_plus_rdkit_descriptors,2,5
Viscosity (mPa.s),0.0018702157540246844,model_feature_importances,XGBoost,provided_plus_rdkit_descriptors,2,5
Concentration (% w/v),0.004734751768410206,model_feature_importances,XGBoost,provided_plus_rdkit_descriptors,2,5
rdkit_MaxAbsEStateIndex,0.005202326457947493,model_feature_importances,XGBoost,provided_plus_rdkit_descriptors,2,5
rdkit_MaxEStateIndex,0.0,model_feature_importances,XGBoost,provided_plus_rdkit_descriptors,2,5
rdkit_MinAbsEStateIndex,0.006924106739461422,model_feature_importances,XGBoost,provided_plus_rdkit_descriptors,2,5
rdkit_MinEStateIndex,0.009607430547475815,model_feature_importances,XGBoost,provided_plus_rdkit_descriptors,2,5
rdkit_qed,0.019857918843626976,model_feature_importances,XGBoost,provided_plus_rdkit_descriptors,2,5
rdkit_SPS,0.009299229830503464,model_feature_importances,XGBoost,provided_plus_rdkit_descriptors,2,5
rdkit_MolWt,0.0,model_feature_importances,XGBoost,provided_plus_rdkit_descriptors,2,5
rdkit_HeavyAtomMolWt,0.0,model_feature_importances,XGBoost,provided_plus_rdkit_descriptors,2,5
rdkit_ExactMolWt,0.0,model_feature_importances,XGBoost,provided_plus_rdkit_descriptors,2,5
rdkit_NumValenceElectrons,0.0,model_feature_importances,XGBoost,provided_plus_rdkit_descriptors,2,5
rdkit_MaxPartialCharge,0.020637154579162598,model_feature_importances,XGBoost,provided_plus_rdkit_descriptors,2,5
rdkit_MinPartialCharge,0.003341635689139366,model_feature_importances,XGBoost,provided_plus_rdkit_descriptors,2,5
rdkit_MaxAbsPartialCharge,0.001389744458720088,model_feature_importances,XGBoost,provided_plus_rdkit_descriptors,2,5
rdkit_MinAbsPartialCharge,0.0,model_feature_importances,XGBoost,provided_plus_rdkit_descriptors,2,5
rdkit_FpDensityMorgan1,0.005607650615274906,model_feature_importances,XGBoost,provided_plus_rdkit_descriptors,2,5
rdkit_FpDensityMorgan2,0.00218407716602087,model_feature_importances,XGBoost,provided_plus_rdkit_descriptors,2,5
rdkit_FpDensityMorgan3,0.010823925957083702,model_feature_importances,XGBoost,provided_plus_rdkit_descriptors,2,5
rdkit_BCUT2D_MWHI,0.00605652155354619,model_feature_importances,XGBoost,provided_plus_rdkit_descriptors,2,5
rdkit_BCUT2D_MWLOW,0.012916751205921173,model_feature_importances,XGBoost,provided_plus_rdkit_descriptors,2,5
rdkit_BCUT2D_CHGHI,0.004572125617414713,model_feature_importances,XGBoost,provided_plus_rdkit_descriptors,2,5
rdkit_BCUT2D_CHGLO,0.0022162634413689375,model_feature_importances,XGBoost,provided_plus_rdkit_descriptors,2,5
rdkit_BCUT2D_LOGPHI,0.003346754238009453,model_feature_importances,XGBoost,provided_plus_rdkit_descriptors,2,5
rdkit_BCUT2D_LOGPLOW,0.00014378721243701875,model_feature_importances,XGBoost,provided_plus_rdkit_descriptors,2,5
rdkit_BCUT2D_MRHI,0.006201331503689289,model_feature_importances,XGBoost,provided_plus_rdkit_descriptors,2,5
rdkit_BCUT2D_MRLOW,0.002475820714607835,model_feature_importances,XGBoost,provided_plus_rdkit_descriptors,2,5
rdkit_AvgIpc,0.022302577272057533,model_feature_importances,XGBoost,provided_plus_rdkit_descriptors,2,5
rdkit_BalabanJ,0.009023508988320827,model_feature_importances,XGBoost,provided_plus_rdkit_descriptors,2,5
rdkit_BertzCT,0.006005273666232824,model_feature_importances,XGBoost,provided_plus_rdkit_descriptors,2,5
rdkit_Chi0,0.00021708308486267924,model_feature_importances,XGBoost,provided_plus_rdkit_descriptors,2,5
rdkit_Chi0n,0.01573648303747177,model_feature_importances,XGBoost,provided_plus_rdkit_descriptors,2,5
rdkit_Chi0v,0.05268958583474159,model_feature_importances,XGBoost,provided_plus_rdkit_descriptors,2,5
rdkit_Chi1,0.0,model_feature_importances,XGBoost,provided_plus_rdkit_descriptors,2,5
rdkit_Chi1n,0.000570974312722683,model_feature_importances,XGBoost,provided_plus_rdkit_descriptors,2,5
rdkit_Chi1v,0.00494503416121006,model_feature_importances,XGBoost,provided_plus_rdkit_descriptors,2,5
rdkit_Chi2n,0.005183194763958454,model_feature_importances,XGBoost,provided_plus_rdkit_descriptors,2,5
rdkit_Chi2v,0.0003575235023163259,model_feature_importances,XGBoost,provided_plus_rdkit_descriptors,2,5
rdkit_Chi3n,0.0,model_feature_importances,XGBoost,provided_plus_rdkit_descriptors,2,5
rdkit_Chi3v,0.0012066219933331013,model_feature_importances,XGBoost,provided_plus_rdkit_descriptors,2,5
rdkit_Chi4n,0.0026094671338796616,model_feature_importances,XGBoost,provided_plus_rdkit_descriptors,2,5
rdkit_Chi4v,0.00043425089097581804,model_feature_importances,XGBoost,provided_plus_rdkit_descriptors,2,5
rdkit_HallKierAlpha,0.019819270819425583,model_feature_importances,XGBoost,provided_plus_rdkit_descriptors,2,5
rdkit_Ipc,0.012205093167722225,model_feature_importances,XGBoost,provided_plus_rdkit_descriptors,2,5
rdkit_Kappa1,0.012130716815590858,model_feature_importances,XGBoost,provided_plus_rdkit_descriptors,2,5
rdkit_Kappa2,0.001662384602241218,model_feature_importances,XGBoost,provided_plus_rdkit_descriptors,2,5
rdkit_Kappa3,0.007562642451375723,model_feature_importances,XGBoost,provided_plus_rdkit_descriptors,2,5
rdkit_LabuteASA,0.0,model_feature_importances,XGBoost,provided_plus_rdkit_descriptors,2,5
rdkit_PEOE_VSA1,0.00856722891330719,model_feature_importances,XGBoost,provided_plus_rdkit_descriptors,2,5
rdkit_PEOE_VSA10,0.0006541098118759692,model_feature_importances,XGBoost,provided_plus_rdkit_descriptors,2,5
rdkit_PEOE_VSA11,0.002627400914207101,model_feature_importances,XGBoost,provided_plus_rdkit_descriptors,2,5
rdkit_PEOE_VSA12,0.0005291012930683792,model_feature_importances,XGBoost,provided_plus_rdkit_descriptors,2,5
rdkit_PEOE_VSA14,0.0,model_feature_importances,XGBoost,provided_plus_rdkit_descriptors,2,5
rdkit_PEOE_VSA2,0.0,model_feature_importances,XGBoost,provided_plus_rdkit_descriptors,2,5
rdkit_PEOE_VSA3,0.0,model_feature_importances,XGBoost,provided_plus_rdkit_descriptors,2,5
rdkit_PEOE_VSA5,0.0,model_feature_importances,XGBoost,provided_plus_rdkit_descriptors,2,5
rdkit_PEOE_VSA6,0.0,model_feature_importances,XGBoost,provided_plus_rdkit_descriptors,2,5
rdkit_PEOE_VSA7,0.0023200821597129107,model_feature_importances,XGBoost,provided_plus_rdkit_descriptors,2,5
rdkit_PEOE_VSA8,0.0,model_feature_importances,XGBoost,provided_plus_rdkit_descriptors,2,5
rdkit_PEOE_VSA9,0.002781930146738887,model_feature_importances,XGBoost,provided_plus_rdkit_descriptors,2,5
rdkit_SMR_VSA1,0.0007577554788440466,model_feature_importances,XGBoost,provided_plus_rdkit_descriptors,2,5
rdkit_SMR_VSA10,0.0004797114816028625,model_feature_importances,XGBoost,provided_plus_rdkit_descriptors,2,5
rdkit_SMR_VSA3,0.0,model_feature_importances,XGBoost,provided_plus_rdkit_descriptors,2,5
rdkit_SMR_VSA4,0.0,model_feature_importances,XGBoost,provided_plus_rdkit_descriptors,2,5
rdkit_SMR_VSA5,0.00044644041918218136,model_feature_importances,XGBoost,provided_plus_rdkit_descriptors,2,5
rdkit_SMR_VSA6,0.0006853104569017887,model_feature_importances,XGBoost,provided_plus_rdkit_descriptors,2,5
rdkit_SMR_VSA7,0.0,model_feature_importances,XGBoost,provided_plus_rdkit_descriptors,2,5
rdkit_SlogP_VSA1,0.0,model_feature_importances,XGBoost,provided_plus_rdkit_descriptors,2,5
rdkit_SlogP_VSA12,0.0,model_feature_importances,XGBoost,provided_plus_rdkit_descriptors,2,5
rdkit_SlogP_VSA2,0.017217470332980156,model_feature_importances,XGBoost,provided_plus_rdkit_descriptors,2,5
rdkit_SlogP_VSA3,0.04041646420955658,model_feature_importances,XGBoost,provided_plus_rdkit_descriptors,2,5
rdkit_SlogP_VSA4,0.0,model_feature_importances,XGBoost,provided_plus_rdkit_descriptors,2,5
rdkit_SlogP_VSA5,0.0041920836083590984,model_feature_importances,XGBoost,provided_plus_rdkit_descriptors,2,5
rdkit_SlogP_VSA6,0.0,model_feature_importances,XGBoost,provided_plus_rdkit_descriptors,2,5
rdkit_TPSA,4.850203185924329e-05,model_feature_importances,XGBoost,provided_plus_rdkit_descriptors,2,5
rdkit_EState_VSA1,0.017177730798721313,model_feature_importances,XGBoost,provided_plus_rdkit_descriptors,2,5
rdkit_EState_VSA10,0.3478851020336151,model_feature_importances,XGBoost,provided_plus_rdkit_descriptors,2,5
rdkit_EState_VSA2,0.006030482240021229,model_feature_importances,XGBoost,provided_plus_rdkit_descriptors,2,5
rdkit_EState_VSA3,0.007711594924330711,model_feature_importances,XGBoost,provided_plus_rdkit_descriptors,2,5
rdkit_EState_VSA4,0.0,model_feature_importances,XGBoost,provided_plus_rdkit_descriptors,2,5
rdkit_EState_VSA5,0.00019260565750300884,model_feature_importances,XGBoost,provided_plus_rdkit_descriptors,2,5
rdkit_EState_VSA6,0.0,model_feature_importances,XGBoost,provided_plus_rdkit_descriptors,2,5
rdkit_EState_VSA7,0.0,model_feature_importances,XGBoost,provided_plus_rdkit_descriptors,2,5
rdkit_EState_VSA8,0.0011727623641490936,model_feature_importances,XGBoost,provided_plus_rdkit_descriptors,2,5
rdkit_EState_VSA9,0.008886676281690598,model_feature_importances,XGBoost,provided_plus_rdkit_descriptors,2,5
rdkit_VSA_EState1,0.004869184922426939,model_feature_importances,XGBoost,provided_plus_rdkit_descriptors,2,5
rdkit_VSA_EState10,0.0,model_feature_importances,XGBoost,provided_plus_rdkit_descriptors,2,5
rdkit_VSA_EState2,0.004469619132578373,model_feature_importances,XGBoost,provided_plus_rdkit_descriptors,2,5
rdkit_VSA_EState3,0.013480421155691147,model_feature_importances,XGBoost,provided_plus_rdkit_descriptors,2,5
rdkit_VSA_EState4,0.0,model_feature_importances,XGBoost,provided_plus_rdkit_descriptors,2,5
rdkit_VSA_EState5,0.001655852422118187,model_feature_importances,XGBoost,provided_plus_rdkit_descriptors,2,5
rdkit_VSA_EState6,0.0,model_feature_importances,XGBoost,provided_plus_rdkit_descriptors,2,5
rdkit_VSA_EState7,0.012999601662158966,model_feature_importances,XGBoost,provided_plus_rdkit_descriptors,2,5
rdkit_VSA_EState8,0.046766526997089386,model_feature_importances,XGBoost,provided_plus_rdkit_descriptors,2,5
rdkit_VSA_EState9,0.0,model_feature_importances,XGBoost,provided_plus_rdkit_descriptors,2,5
rdkit_FractionCSP3,0.0032002790831029415,model_feature_importances,XGBoost,provided_plus_rdkit_descriptors,2,5
rdkit_HeavyAtomCount,0.0,model_feature_importances,XGBoost,provided_plus_rdkit_descriptors,2,5
rdkit_NHOHCount,0.0,model_feature_importances,XGBoost,provided_plus_rdkit_descriptors,2,5
rdkit_NOCount,0.0,model_feature_importances,XGBoost,provided_plus_rdkit_descriptors,2,5
rdkit_NumAliphaticCarbocycles,0.0,model_feature_importances,XGBoost,provided_plus_rdkit_descriptors,2,5
rdkit_NumAliphaticHeterocycles,0.0,model_feature_importances,XGBoost,provided_plus_rdkit_descriptors,2,5
rdkit_NumAliphaticRings,0.0,model_feature_importances,XGBoost,provided_plus_rdkit_descriptors,2,5
rdkit_NumAmideBonds,0.0,model_feature_importances,XGBoost,provided_plus_rdkit_descriptors,2,5
rdkit_NumAtomStereoCenters,0.0004936803015880287,model_feature_importances,XGBoost,provided_plus_rdkit_descriptors,2,5
rdkit_NumBridgeheadAtoms,0.0,model_feature_importances,XGBoost,provided_plus_rdkit_descriptors,2,5
rdkit_NumHAcceptors,0.0,model_feature_importances,XGBoost,provided_plus_rdkit_descriptors,2,5
rdkit_NumHDonors,0.0,model_feature_importances,XGBoost,provided_plus_rdkit_descriptors,2,5
rdkit_NumHeteroatoms,0.0,model_feature_importances,XGBoost,provided_plus_rdkit_descriptors,2,5
rdkit_NumHeterocycles,0.0,model_feature_importances,XGBoost,provided_plus_rdkit_descriptors,2,5
rdkit_NumRotatableBonds,0.00041198855615220964,model_feature_importances,XGBoost,provided_plus_rdkit_descriptors,2,5
rdkit_NumSaturatedCarbocycles,0.0,model_feature_importances,XGBoost,provided_plus_rdkit_descriptors,2,5
rdkit_NumSaturatedHeterocycles,0.0,model_feature_importances,XGBoost,provided_plus_rdkit_descriptors,2,5
rdkit_NumSaturatedRings,0.0,model_feature_importances,XGBoost,provided_plus_rdkit_descriptors,2,5
rdkit_NumUnspecifiedAtomStereoCenters,0.0010049451375380158,model_feature_importances,XGBoost,provided_plus_rdkit_descriptors,2,5
rdkit_Phi,0.0030180036555975676,model_feature_importances,XGBoost,provided_plus_rdkit_descriptors,2,5
rdkit_RingCount,0.0,model_feature_importances,XGBoost,provided_plus_rdkit_descriptors,2,5
rdkit_MolLogP,0.015925195068120956,model_feature_importances,XGBoost,provided_plus_rdkit_descriptors,2,5
rdkit_MolMR,0.0001059490314219147,model_feature_importances,XGBoost,provided_plus_rdkit_descriptors,2,5
rdkit_fr_Al_COO,0.0,model_feature_importances,XGBoost,provided_plus_rdkit_descriptors,2,5
rdkit_fr_Al_OH,0.07596455514431,model_feature_importances,XGBoost,provided_plus_rdkit_descriptors,2,5
rdkit_fr_Al_OH_noTert,0.0,model_feature_importances,XGBoost,provided_plus_rdkit_descriptors,2,5
rdkit_fr_COO,0.0,model_feature_importances,XGBoost,provided_plus_rdkit_descriptors,2,5
rdkit_fr_COO2,0.0,model_feature_importances,XGBoost,provided_plus_rdkit_descriptors,2,5
rdkit_fr_C_O,0.0,model_feature_importances,XGBoost,provided_plus_rdkit_descriptors,2,5
rdkit_fr_C_O_noCOO,0.0,model_feature_importances,XGBoost,provided_plus_rdkit_descriptors,2,5
rdkit_fr_NH1,0.0,model_feature_importances,XGBoost,provided_plus_rdkit_descriptors,2,5
rdkit_fr_NH2,0.0,model_feature_importances,XGBoost,provided_plus_rdkit_descriptors,2,5
rdkit_fr_aldehyde,0.0006534538697451353,model_feature_importances,XGBoost,provided_plus_rdkit_descriptors,2,5
rdkit_fr_alkyl_halide,0.0,model_feature_importances,XGBoost,provided_plus_rdkit_descriptors,2,5
rdkit_fr_allylic_oxid,0.0,model_feature_importances,XGBoost,provided_plus_rdkit_descriptors,2,5
rdkit_fr_amide,0.0,model_feature_importances,XGBoost,provided_plus_rdkit_descriptors,2,5
rdkit_fr_bicyclic,0.0,model_feature_importances,XGBoost,provided_plus_rdkit_descriptors,2,5
rdkit_fr_ether,0.0,model_feature_importances,XGBoost,provided_plus_rdkit_descriptors,2,5
rdkit_fr_halogen,0.0,model_feature_importances,XGBoost,provided_plus_rdkit_descriptors,2,5
rdkit_fr_ketone,0.0010824290802702308,model_feature_importances,XGBoost,provided_plus_rdkit_descriptors,2,5
rdkit_fr_ketone_Topliss,0.0,model_feature_importances,XGBoost,provided_plus_rdkit_descriptors,2,5
rdkit_fr_methoxy,0.0,model_feature_importances,XGBoost,provided_plus_rdkit_descriptors,2,5
rdkit_fr_phos_acid,0.0,model_feature_importances,XGBoost,provided_plus_rdkit_descriptors,2,5
rdkit_fr_phos_ester,0.0,model_feature_importances,XGBoost,provided_plus_rdkit_descriptors,2,5
Molecular weight (Da),0.003438046667724848,model_feature_importances,XGBoost,provided_plus_rdkit_descriptors,3,1
Solubility (mg/mL),0.010588125325739384,model_feature_importances,XGBoost,provided_plus_rdkit_descriptors,3,1
"Glass transition temperature (Tg, degC)",0.006145057268440723,model_feature_importances,XGBoost,provided_plus_rdkit_descriptors,3,1
Viscosity (mPa.s),0.0014316873857751489,model_feature_importances,XGBoost,provided_plus_rdkit_descriptors,3,1
Concentration (% w/v),0.0029384891968220472,model_feature_importances,XGBoost,provided_plus_rdkit_descriptors,3,1
rdkit_MaxAbsEStateIndex,0.00471094623208046,model_feature_importances,XGBoost,provided_plus_rdkit_descriptors,3,1
rdkit_MaxEStateIndex,0.0,model_feature_importances,XGBoost,provided_plus_rdkit_descriptors,3,1
rdkit_MinAbsEStateIndex,0.02585184946656227,model_feature_importances,XGBoost,provided_plus_rdkit_descriptors,3,1
rdkit_MinEStateIndex,0.004412519279867411,model_feature_importances,XGBoost,provided_plus_rdkit_descriptors,3,1
rdkit_qed,0.010582408867776394,model_feature_importances,XGBoost,provided_plus_rdkit_descriptors,3,1
rdkit_SPS,0.002747985301539302,model_feature_importances,XGBoost,provided_plus_rdkit_descriptors,3,1
rdkit_MolWt,0.0,model_feature_importances,XGBoost,provided_plus_rdkit_descriptors,3,1
rdkit_HeavyAtomMolWt,0.0,model_feature_importances,XGBoost,provided_plus_rdkit_descriptors,3,1
rdkit_ExactMolWt,0.0,model_feature_importances,XGBoost,provided_plus_rdkit_descriptors,3,1
rdkit_NumValenceElectrons,0.0,model_feature_importances,XGBoost,provided_plus_rdkit_descriptors,3,1
rdkit_MaxPartialCharge,0.014026039279997349,model_feature_importances,XGBoost,provided_plus_rdkit_descriptors,3,1
rdkit_MinPartialCharge,0.011892150156199932,model_feature_importances,XGBoost,provided_plus_rdkit_descriptors,3,1
rdkit_MaxAbsPartialCharge,0.0009404068114235997,model_feature_importances,XGBoost,provided_plus_rdkit_descriptors,3,1
rdkit_MinAbsPartialCharge,0.0,model_feature_importances,XGBoost,provided_plus_rdkit_descriptors,3,1
rdkit_FpDensityMorgan1,0.0022869203239679337,model_feature_importances,XGBoost,provided_plus_rdkit_descriptors,3,1
rdkit_FpDensityMorgan2,0.0021299151703715324,model_feature_importances,XGBoost,provided_plus_rdkit_descriptors,3,1
rdkit_FpDensityMorgan3,0.0023148662876337767,model_feature_importances,XGBoost,provided_plus_rdkit_descriptors,3,1
rdkit_BCUT2D_MWHI,0.002277393126860261,model_feature_importances,XGBoost,provided_plus_rdkit_descriptors,3,1
rdkit_BCUT2D_MWLOW,0.00509691284969449,model_feature_importances,XGBoost,provided_plus_rdkit_descriptors,3,1
rdkit_BCUT2D_CHGHI,0.01135161705315113,model_feature_importances,XGBoost,provided_plus_rdkit_descriptors,3,1
rdkit_BCUT2D_CHGLO,0.04906216636300087,model_feature_importances,XGBoost,provided_plus_rdkit_descriptors,3,1
rdkit_BCUT2D_LOGPHI,0.001019387855194509,model_feature_importances,XGBoost,provided_plus_rdkit_descriptors,3,1
rdkit_BCUT2D_LOGPLOW,0.0001014813533402048,model_feature_importances,XGBoost,provided_plus_rdkit_descriptors,3,1
rdkit_BCUT2D_MRHI,0.001297991955652833,model_feature_importances,XGBoost,provided_plus_rdkit_descriptors,3,1
rdkit_BCUT2D_MRLOW,0.00257143285125494,model_feature_importances,XGBoost,provided_plus_rdkit_descriptors,3,1
rdkit_AvgIpc,0.018362760543823242,model_feature_importances,XGBoost,provided_plus_rdkit_descriptors,3,1
rdkit_BalabanJ,0.009847989305853844,model_feature_importances,XGBoost,provided_plus_rdkit_descriptors,3,1
rdkit_BertzCT,0.007328554056584835,model_feature_importances,XGBoost,provided_plus_rdkit_descriptors,3,1
rdkit_Chi0,0.000879890110809356,model_feature_importances,XGBoost,provided_plus_rdkit_descriptors,3,1
rdkit_Chi0n,0.016049250960350037,model_feature_importances,XGBoost,provided_plus_rdkit_descriptors,3,1
rdkit_Chi0v,0.14986225962638855,model_feature_importances,XGBoost,provided_plus_rdkit_descriptors,3,1
rdkit_Chi1,0.0009786371374502778,model_feature_importances,XGBoost,provided_plus_rdkit_descriptors,3,1
rdkit_Chi1n,0.00027241610223427415,model_feature_importances,XGBoost,provided_plus_rdkit_descriptors,3,1
rdkit_Chi1v,0.00027050229255110025,model_feature_importances,XGBoost,provided_plus_rdkit_descriptors,3,1
rdkit_Chi2n,0.0023584759328514338,model_feature_importances,XGBoost,provided_plus_rdkit_descriptors,3,1
rdkit_Chi2v,0.0002140647266060114,model_feature_importances,XGBoost,provided_plus_rdkit_descriptors,3,1
rdkit_Chi3n,0.004063718020915985,model_feature_importances,XGBoost,provided_plus_rdkit_descriptors,3,1
rdkit_Chi3v,0.0,model_feature_importances,XGBoost,provided_plus_rdkit_descriptors,3,1
rdkit_Chi4n,0.001249808119609952,model_feature_importances,XGBoost,provided_plus_rdkit_descriptors,3,1
rdkit_Chi4v,0.0011505886213853955,model_feature_importances,XGBoost,provided_plus_rdkit_descriptors,3,1
rdkit_HallKierAlpha,0.02265915833413601,model_feature_importances,XGBoost,provided_plus_rdkit_descriptors,3,1
rdkit_Ipc,0.0005186599446460605,model_feature_importances,XGBoost,provided_plus_rdkit_descriptors,3,1
rdkit_Kappa1,0.0031749154441058636,model_feature_importances,XGBoost,provided_plus_rdkit_descriptors,3,1
rdkit_Kappa2,0.0010422677733004093,model_feature_importances,XGBoost,provided_plus_rdkit_descriptors,3,1
rdkit_Kappa3,0.003579875687137246,model_feature_importances,XGBoost,provided_plus_rdkit_descriptors,3,1
rdkit_LabuteASA,0.0,model_feature_importances,XGBoost,provided_plus_rdkit_descriptors,3,1
rdkit_PEOE_VSA1,0.007457357831299305,model_feature_importances,XGBoost,provided_plus_rdkit_descriptors,3,1
rdkit_PEOE_VSA10,0.00029305065982043743,model_feature_importances,XGBoost,provided_plus_rdkit_descriptors,3,1
rdkit_PEOE_VSA11,0.0037278744857758284,model_feature_importances,XGBoost,provided_plus_rdkit_descriptors,3,1
rdkit_PEOE_VSA12,0.00404508039355278,model_feature_importances,XGBoost,provided_plus_rdkit_descriptors,3,1
rdkit_PEOE_VSA14,0.0,model_feature_importances,XGBoost,provided_plus_rdkit_descriptors,3,1
rdkit_PEOE_VSA2,0.0,model_feature_importances,XGBoost,provided_plus_rdkit_descriptors,3,1
rdkit_PEOE_VSA3,0.0,model_feature_importances,XGBoost,provided_plus_rdkit_descriptors,3,1
rdkit_PEOE_VSA5,0.0,model_feature_importances,XGBoost,provided_plus_rdkit_descriptors,3,1
rdkit_PEOE_VSA6,0.0,model_feature_importances,XGBoost,provided_plus_rdkit_descriptors,3,1
rdkit_PEOE_VSA7,0.0032677301205694675,model_feature_importances,XGBoost,provided_plus_rdkit_descriptors,3,1
rdkit_PEOE_VSA8,0.0011729843681678176,model_feature_importances,XGBoost,provided_plus_rdkit_descriptors,3,1
rdkit_PEOE_VSA9,0.000403301150072366,model_feature_importances,XGBoost,provided_plus_rdkit_descriptors,3,1
rdkit_SMR_VSA1,0.0011470307363197207,model_feature_importances,XGBoost,provided_plus_rdkit_descriptors,3,1
rdkit_SMR_VSA10,0.0023879532236605883,model_feature_importances,XGBoost,provided_plus_rdkit_descriptors,3,1
rdkit_SMR_VSA3,0.0,model_feature_importances,XGBoost,provided_plus_rdkit_descriptors,3,1
rdkit_SMR_VSA4,0.0,model_feature_importances,XGBoost,provided_plus_rdkit_descriptors,3,1
rdkit_SMR_VSA5,0.0027754507027566433,model_feature_importances,XGBoost,provided_plus_rdkit_descriptors,3,1
rdkit_SMR_VSA6,0.0005634073750115931,model_feature_importances,XGBoost,provided_plus_rdkit_descriptors,3,1
rdkit_SMR_VSA7,0.0,model_feature_importances,XGBoost,provided_plus_rdkit_descriptors,3,1
rdkit_SlogP_VSA1,0.0,model_feature_importances,XGBoost,provided_plus_rdkit_descriptors,3,1
rdkit_SlogP_VSA12,0.0,model_feature_importances,XGBoost,provided_plus_rdkit_descriptors,3,1
rdkit_SlogP_VSA2,0.03821719437837601,model_feature_importances,XGBoost,provided_plus_rdkit_descriptors,3,1
rdkit_SlogP_VSA3,0.004854267928749323,model_feature_importances,XGBoost,provided_plus_rdkit_descriptors,3,1
rdkit_SlogP_VSA4,0.0,model_feature_importances,XGBoost,provided_plus_rdkit_descriptors,3,1
rdkit_SlogP_VSA5,9.72509806160815e-05,model_feature_importances,XGBoost,provided_plus_rdkit_descriptors,3,1
rdkit_SlogP_VSA6,0.0,model_feature_importances,XGBoost,provided_plus_rdkit_descriptors,3,1
rdkit_TPSA,0.0033205333165824413,model_feature_importances,XGBoost,provided_plus_rdkit_descriptors,3,1
rdkit_EState_VSA1,0.0003800148842856288,model_feature_importances,XGBoost,provided_plus_rdkit_descriptors,3,1
rdkit_EState_VSA10,0.35183271765708923,model_feature_importances,XGBoost,provided_plus_rdkit_descriptors,3,1
rdkit_EState_VSA2,0.0016574139008298516,model_feature_importances,XGBoost,provided_plus_rdkit_descriptors,3,1
rdkit_EState_VSA3,0.0004903193912468851,model_feature_importances,XGBoost,provided_plus_rdkit_descriptors,3,1
rdkit_EState_VSA4,0.0,model_feature_importances,XGBoost,provided_plus_rdkit_descriptors,3,1
rdkit_EState_VSA5,0.0,model_feature_importances,XGBoost,provided_plus_rdkit_descriptors,3,1
rdkit_EState_VSA6,0.0,model_feature_importances,XGBoost,provided_plus_rdkit_descriptors,3,1
rdkit_EState_VSA7,0.0,model_feature_importances,XGBoost,provided_plus_rdkit_descriptors,3,1
rdkit_EState_VSA8,0.00046288021258078516,model_feature_importances,XGBoost,provided_plus_rdkit_descriptors,3,1
rdkit_EState_VSA9,0.006809999234974384,model_feature_importances,XGBoost,provided_plus_rdkit_descriptors,3,1
rdkit_VSA_EState1,0.0003765076689887792,model_feature_importances,XGBoost,provided_plus_rdkit_descriptors,3,1
rdkit_VSA_EState10,0.0,model_feature_importances,XGBoost,provided_plus_rdkit_descriptors,3,1
rdkit_VSA_EState2,0.036556415259838104,model_feature_importances,XGBoost,provided_plus_rdkit_descriptors,3,1
rdkit_VSA_EState3,0.0193070899695158,model_feature_importances,XGBoost,provided_plus_rdkit_descriptors,3,1
rdkit_VSA_EState4,0.0,model_feature_importances,XGBoost,provided_plus_rdkit_descriptors,3,1
rdkit_VSA_EState5,0.0003496855206321925,model_feature_importances,XGBoost,provided_plus_rdkit_descriptors,3,1
rdkit_VSA_EState6,0.0,model_feature_importances,XGBoost,provided_plus_rdkit_descriptors,3,1
rdkit_VSA_EState7,0.019773580133914948,model_feature_importances,XGBoost,provided_plus_rdkit_descriptors,3,1
rdkit_VSA_EState8,0.019862737506628036,model_feature_importances,XGBoost,provided_plus_rdkit_descriptors,3,1
rdkit_VSA_EState9,0.0,model_feature_importances,XGBoost,provided_plus_rdkit_descriptors,3,1
rdkit_FractionCSP3,7.334708061534911e-05,model_feature_importances,XGBoost,provided_plus_rdkit_descriptors,3,1
rdkit_HeavyAtomCount,0.0,model_feature_importances,XGBoost,provided_plus_rdkit_descriptors,3,1
rdkit_NHOHCount,0.0,model_feature_importances,XGBoost,provided_plus_rdkit_descriptors,3,1
rdkit_NOCount,0.0,model_feature_importances,XGBoost,provided_plus_rdkit_descriptors,3,1
rdkit_NumAliphaticCarbocycles,0.0,model_feature_importances,XGBoost,provided_plus_rdkit_descriptors,3,1
rdkit_NumAliphaticHeterocycles,0.0,model_feature_importances,XGBoost,provided_plus_rdkit_descriptors,3,1
rdkit_NumAliphaticRings,0.0,model_feature_importances,XGBoost,provided_plus_rdkit_descriptors,3,1
rdkit_NumAmideBonds,0.0,model_feature_importances,XGBoost,provided_plus_rdkit_descriptors,3,1
rdkit_NumAtomStereoCenters,0.01895308867096901,model_feature_importances,XGBoost,provided_plus_rdkit_descriptors,3,1
rdkit_NumBridgeheadAtoms,0.0,model_feature_importances,XGBoost,provided_plus_rdkit_descriptors,3,1
rdkit_NumHAcceptors,0.0,model_feature_importances,XGBoost,provided_plus_rdkit_descriptors,3,1
rdkit_NumHDonors,0.0,model_feature_importances,XGBoost,provided_plus_rdkit_descriptors,3,1
rdkit_NumHeteroatoms,0.0,model_feature_importances,XGBoost,provided_plus_rdkit_descriptors,3,1
rdkit_NumHeterocycles,0.0,model_feature_importances,XGBoost,provided_plus_rdkit_descriptors,3,1
rdkit_NumRotatableBonds,0.0017070602625608444,model_feature_importances,XGBoost,provided_plus_rdkit_descriptors,3,1
rdkit_NumSaturatedCarbocycles,0.0,model_feature_importances,XGBoost,provided_plus_rdkit_descriptors,3,1
rdkit_NumSaturatedHeterocycles,0.0,model_feature_importances,XGBoost,provided_plus_rdkit_descriptors,3,1
rdkit_NumSaturatedRings,0.0,model_feature_importances,XGBoost,provided_plus_rdkit_descriptors,3,1
rdkit_NumUnspecifiedAtomStereoCenters,0.00926295667886734,model_feature_importances,XGBoost,provided_plus_rdkit_descriptors,3,1
rdkit_Phi,7.889114931458607e-05,model_feature_importances,XGBoost,provided_plus_rdkit_descriptors,3,1
rdkit_RingCount,0.0,model_feature_importances,XGBoost,provided_plus_rdkit_descriptors,3,1
rdkit_MolLogP,0.004547294694930315,model_feature_importances,XGBoost,provided_plus_rdkit_descriptors,3,1
rdkit_MolMR,0.001092675724066794,model_feature_importances,XGBoost,provided_plus_rdkit_descriptors,3,1
rdkit_fr_Al_COO,0.0,model_feature_importances,XGBoost,provided_plus_rdkit_descriptors,3,1
rdkit_fr_Al_OH,0.0,model_feature_importances,XGBoost,provided_plus_rdkit_descriptors,3,1
rdkit_fr_Al_OH_noTert,0.0,model_feature_importances,XGBoost,provided_plus_rdkit_descriptors,3,1
rdkit_fr_COO,0.0,model_feature_importances,XGBoost,provided_plus_rdkit_descriptors,3,1
rdkit_fr_COO2,0.0,model_feature_importances,XGBoost,provided_plus_rdkit_descriptors,3,1
rdkit_fr_C_O,0.0,model_feature_importances,XGBoost,provided_plus_rdkit_descriptors,3,1
rdkit_fr_C_O_noCOO,0.0,model_feature_importances,XGBoost,provided_plus_rdkit_descriptors,3,1
rdkit_fr_NH1,0.0,model_feature_importances,XGBoost,provided_plus_rdkit_descriptors,3,1
rdkit_fr_NH2,0.0,model_feature_importances,XGBoost,provided_plus_rdkit_descriptors,3,1
rdkit_fr_aldehyde,0.00019589017028920352,model_feature_importances,XGBoost,provided_plus_rdkit_descriptors,3,1
rdkit_fr_alkyl_halide,0.0,model_feature_importances,XGBoost,provided_plus_rdkit_descriptors,3,1
rdkit_fr_allylic_oxid,0.0,model_feature_importances,XGBoost,provided_plus_rdkit_descriptors,3,1
rdkit_fr_amide,0.0,model_feature_importances,XGBoost,provided_plus_rdkit_descriptors,3,1
rdkit_fr_bicyclic,0.0,model_feature_importances,XGBoost,provided_plus_rdkit_descriptors,3,1
rdkit_fr_ether,0.009419397450983524,model_feature_importances,XGBoost,provided_plus_rdkit_descriptors,3,1
rdkit_fr_halogen,0.0,model_feature_importances,XGBoost,provided_plus_rdkit_descriptors,3,1
rdkit_fr_ketone,0.0,model_feature_importances,XGBoost,provided_plus_rdkit_descriptors,3,1
rdkit_fr_ketone_Topliss,0.0,model_feature_importances,XGBoost,provided_plus_rdkit_descriptors,3,1
rdkit_fr_methoxy,0.0,model_feature_importances,XGBoost,provided_plus_rdkit_descriptors,3,1
rdkit_fr_phos_acid,0.0,model_feature_importances,XGBoost,provided_plus_rdkit_descriptors,3,1
rdkit_fr_phos_ester,0.0,model_feature_importances,XGBoost,provided_plus_rdkit_descriptors,3,1
Molecular weight (Da),0.0051187979988753796,model_feature_importances,XGBoost,provided_plus_rdkit_descriptors,3,2
Solubility (mg/mL),0.011780976317822933,model_feature_importances,XGBoost,provided_plus_rdkit_descriptors,3,2
"Glass transition temperature (Tg, degC)",0.004292940255254507,model_feature_importances,XGBoost,provided_plus_rdkit_descriptors,3,2
Viscosity (mPa.s),0.0011781643843278289,model_feature_importances,XGBoost,provided_plus_rdkit_descriptors,3,2
Concentration (% w/v),0.0031407668720930815,model_feature_importances,XGBoost,provided_plus_rdkit_descriptors,3,2
rdkit_MaxAbsEStateIndex,0.005175762809813023,model_feature_importances,XGBoost,provided_plus_rdkit_descriptors,3,2
rdkit_MaxEStateIndex,0.0,model_feature_importances,XGBoost,provided_plus_rdkit_descriptors,3,2
rdkit_MinAbsEStateIndex,0.004592332523316145,model_feature_importances,XGBoost,provided_plus_rdkit_descriptors,3,2
rdkit_MinEStateIndex,0.005431711208075285,model_feature_importances,XGBoost,provided_plus_rdkit_descriptors,3,2
rdkit_qed,0.003189920447766781,model_feature_importances,XGBoost,provided_plus_rdkit_descriptors,3,2
rdkit_SPS,0.009078486822545528,model_feature_importances,XGBoost,provided_plus_rdkit_descriptors,3,2
rdkit_MolWt,0.0,model_feature_importances,XGBoost,provided_plus_rdkit_descriptors,3,2
rdkit_HeavyAtomMolWt,0.0,model_feature_importances,XGBoost,provided_plus_rdkit_descriptors,3,2
rdkit_ExactMolWt,0.0,model_feature_importances,XGBoost,provided_plus_rdkit_descriptors,3,2
rdkit_NumValenceElectrons,0.0,model_feature_importances,XGBoost,provided_plus_rdkit_descriptors,3,2
rdkit_MaxPartialCharge,0.019186627119779587,model_feature_importances,XGBoost,provided_plus_rdkit_descriptors,3,2
rdkit_MinPartialCharge,0.002982332604005933,model_feature_importances,XGBoost,provided_plus_rdkit_descriptors,3,2
rdkit_MaxAbsPartialCharge,0.0009443479939363897,model_feature_importances,XGBoost,provided_plus_rdkit_descriptors,3,2
rdkit_MinAbsPartialCharge,0.0,model_feature_importances,XGBoost,provided_plus_rdkit_descriptors,3,2
rdkit_FpDensityMorgan1,0.0009731348836794496,model_feature_importances,XGBoost,provided_plus_rdkit_descriptors,3,2
rdkit_FpDensityMorgan2,0.002188600366935134,model_feature_importances,XGBoost,provided_plus_rdkit_descriptors,3,2
rdkit_FpDensityMorgan3,0.008369486778974533,model_feature_importances,XGBoost,provided_plus_rdkit_descriptors,3,2
rdkit_BCUT2D_MWHI,0.0007126162527129054,model_feature_importances,XGBoost,provided_plus_rdkit_descriptors,3,2
rdkit_BCUT2D_MWLOW,0.010128401219844818,model_feature_importances,XGBoost,provided_plus_rdkit_descriptors,3,2
rdkit_BCUT2D_CHGHI,0.006058619357645512,model_feature_importances,XGBoost,provided_plus_rdkit_descriptors,3,2
rdkit_BCUT2D_CHGLO,0.0054329922422766685,model_feature_importances,XGBoost,provided_plus_rdkit_descriptors,3,2
rdkit_BCUT2D_LOGPHI,0.0001615621440578252,model_feature_importances,XGBoost,provided_plus_rdkit_descriptors,3,2
rdkit_BCUT2D_LOGPLOW,0.003466128371655941,model_feature_importances,XGBoost,provided_plus_rdkit_descriptors,3,2
rdkit_BCUT2D_MRHI,0.005598821677267551,model_feature_importances,XGBoost,provided_plus_rdkit_descriptors,3,2
rdkit_BCUT2D_MRLOW,0.0019472718704491854,model_feature_importances,XGBoost,provided_plus_rdkit_descriptors,3,2
rdkit_AvgIpc,0.010730004869401455,model_feature_importances,XGBoost,provided_plus_rdkit_descriptors,3,2
rdkit_BalabanJ,0.004504962358623743,model_feature_importances,XGBoost,provided_plus_rdkit_descriptors,3,2
rdkit_BertzCT,0.045212242752313614,model_feature_importances,XGBoost,provided_plus_rdkit_descriptors,3,2
rdkit_Chi0,0.00024217813916038722,model_feature_importances,XGBoost,provided_plus_rdkit_descriptors,3,2
rdkit_Chi0n,0.018757322803139687,model_feature_importances,XGBoost,provided_plus_rdkit_descriptors,3,2
rdkit_Chi0v,0.009585581719875336,model_feature_importances,XGBoost,provided_plus_rdkit_descriptors,3,2
rdkit_Chi1,7.344721961999312e-05,model_feature_importances,XGBoost,provided_plus_rdkit_descriptors,3,2
rdkit_Chi1n,6.376100645866245e-05,model_feature_importances,XGBoost,provided_plus_rdkit_descriptors,3,2
rdkit_Chi1v,0.0007116658962331712,model_feature_importances,XGBoost,provided_plus_rdkit_descriptors,3,2
rdkit_Chi2n,0.0003279512748122215,model_feature_importances,XGBoost,provided_plus_rdkit_descriptors,3,2
rdkit_Chi2v,0.0006699144141748548,model_feature_importances,XGBoost,provided_plus_rdkit_descriptors,3,2
rdkit_Chi3n,4.0569248085375875e-05,model_feature_importances,XGBoost,provided_plus_rdkit_descriptors,3,2
rdkit_Chi3v,0.0002716128365136683,model_feature_importances,XGBoost,provided_plus_rdkit_descriptors,3,2
rdkit_Chi4n,0.00028661664691753685,model_feature_importances,XGBoost,provided_plus_rdkit_descriptors,3,2
rdkit_Chi4v,0.0004603954730555415,model_feature_importances,XGBoost,provided_plus_rdkit_descriptors,3,2
rdkit_HallKierAlpha,0.014043161645531654,model_feature_importances,XGBoost,provided_plus_rdkit_descriptors,3,2
rdkit_Ipc,0.00028963093063794076,model_feature_importances,XGBoost,provided_plus_rdkit_descriptors,3,2
rdkit_Kappa1,0.0024267202243208885,model_feature_importances,XGBoost,provided_plus_rdkit_descriptors,3,2
rdkit_Kappa2,0.0014131736243143678,model_feature_importances,XGBoost,provided_plus_rdkit_descriptors,3,2
rdkit_Kappa3,0.0007670514169149101,model_feature_importances,XGBoost,provided_plus_rdkit_descriptors,3,2
rdkit_LabuteASA,0.0,model_feature_importances,XGBoost,provided_plus_rdkit_descriptors,3,2
rdkit_PEOE_VSA1,0.004034009762108326,model_feature_importances,XGBoost,provided_plus_rdkit_descriptors,3,2
rdkit_PEOE_VSA10,0.0018256617477163672,model_feature_importances,XGBoost,provided_plus_rdkit_descriptors,3,2
rdkit_PEOE_VSA11,0.010182118974626064,model_feature_importances,XGBoost,provided_plus_rdkit_descriptors,3,2
rdkit_PEOE_VSA12,0.00012416632671374828,model_feature_importances,XGBoost,provided_plus_rdkit_descriptors,3,2
rdkit_PEOE_VSA14,0.0,model_feature_importances,XGBoost,provided_plus_rdkit_descriptors,3,2
rdkit_PEOE_VSA2,0.0004803532501682639,model_feature_importances,XGBoost,provided_plus_rdkit_descriptors,3,2
rdkit_PEOE_VSA3,0.0,model_feature_importances,XGBoost,provided_plus_rdkit_descriptors,3,2
rdkit_PEOE_VSA5,0.0,model_feature_importances,XGBoost,provided_plus_rdkit_descriptors,3,2
rdkit_PEOE_VSA6,0.00011441723472671583,model_feature_importances,XGBoost,provided_plus_rdkit_descriptors,3,2
rdkit_PEOE_VSA7,0.0,model_feature_importances,XGBoost,provided_plus_rdkit_descriptors,3,2
rdkit_PEOE_VSA8,0.09474500268697739,model_feature_importances,XGBoost,provided_plus_rdkit_descriptors,3,2
rdkit_PEOE_VSA9,0.0006400992278940976,model_feature_importances,XGBoost,provided_plus_rdkit_descriptors,3,2
rdkit_SMR_VSA1,0.000596794590819627,model_feature_importances,XGBoost,provided_plus_rdkit_descriptors,3,2
rdkit_SMR_VSA10,0.003998044412583113,model_feature_importances,XGBoost,provided_plus_rdkit_descriptors,3,2
rdkit_SMR_VSA3,0.0,model_feature_importances,XGBoost,provided_plus_rdkit_descriptors,3,2
rdkit_SMR_VSA4,0.0004291146178729832,model_feature_importances,XGBoost,provided_plus_rdkit_descriptors,3,2
rdkit_SMR_VSA5,0.0016875389264896512,model_feature_importances,XGBoost,provided_plus_rdkit_descriptors,3,2
rdkit_SMR_VSA6,0.00043046477367170155,model_feature_importances,XGBoost,provided_plus_rdkit_descriptors,3,2
rdkit_SMR_VSA7,0.0,model_feature_importances,XGBoost,provided_plus_rdkit_descriptors,3,2
rdkit_SlogP_VSA1,0.0,model_feature_importances,XGBoost,provided_plus_rdkit_descriptors,3,2
rdkit_SlogP_VSA12,0.0,model_feature_importances,XGBoost,provided_plus_rdkit_descriptors,3,2
rdkit_SlogP_VSA2,0.0038447657134383917,model_feature_importances,XGBoost,provided_plus_rdkit_descriptors,3,2
rdkit_SlogP_VSA3,0.006309470161795616,model_feature_importances,XGBoost,provided_plus_rdkit_descriptors,3,2
rdkit_SlogP_VSA4,0.0,model_feature_importances,XGBoost,provided_plus_rdkit_descriptors,3,2
rdkit_SlogP_VSA5,0.00030157133005559444,model_feature_importances,XGBoost,provided_plus_rdkit_descriptors,3,2
rdkit_SlogP_VSA6,0.0,model_feature_importances,XGBoost,provided_plus_rdkit_descriptors,3,2
rdkit_TPSA,0.00043912060209549963,model_feature_importances,XGBoost,provided_plus_rdkit_descriptors,3,2
rdkit_EState_VSA1,0.0006980972830206156,model_feature_importances,XGBoost,provided_plus_rdkit_descriptors,3,2
rdkit_EState_VSA10,0.3400835692882538,model_feature_importances,XGBoost,provided_plus_rdkit_descriptors,3,2
rdkit_EState_VSA2,0.007365632802248001,model_feature_importances,XGBoost,provided_plus_rdkit_descriptors,3,2
rdkit_EState_VSA3,0.001467131427489221,model_feature_importances,XGBoost,provided_plus_rdkit_descriptors,3,2
rdkit_EState_VSA4,8.697687007952482e-05,model_feature_importances,XGBoost,provided_plus_rdkit_descriptors,3,2
rdkit_EState_VSA5,0.00019624034757725894,model_feature_importances,XGBoost,provided_plus_rdkit_descriptors,3,2
rdkit_EState_VSA6,0.0,model_feature_importances,XGBoost,provided_plus_rdkit_descriptors,3,2
rdkit_EState_VSA7,0.0,model_feature_importances,XGBoost,provided_plus_rdkit_descriptors,3,2
rdkit_EState_VSA8,0.002730579813942313,model_feature_importances,XGBoost,provided_plus_rdkit_descriptors,3,2
rdkit_EState_VSA9,0.003797770943492651,model_feature_importances,XGBoost,provided_plus_rdkit_descriptors,3,2
rdkit_VSA_EState1,0.0025886036455631256,model_feature_importances,XGBoost,provided_plus_rdkit_descriptors,3,2
rdkit_VSA_EState10,0.0,model_feature_importances,XGBoost,provided_plus_rdkit_descriptors,3,2
rdkit_VSA_EState2,0.03588426485657692,model_feature_importances,XGBoost,provided_plus_rdkit_descriptors,3,2
rdkit_VSA_EState3,0.02831118553876877,model_feature_importances,XGBoost,provided_plus_rdkit_descriptors,3,2
rdkit_VSA_EState4,0.0,model_feature_importances,XGBoost,provided_plus_rdkit_descriptors,3,2
rdkit_VSA_EState5,0.0003857635019812733,model_feature_importances,XGBoost,provided_plus_rdkit_descriptors,3,2
rdkit_VSA_EState6,0.0,model_feature_importances,XGBoost,provided_plus_rdkit_descriptors,3,2
rdkit_VSA_EState7,0.006516715977340937,model_feature_importances,XGBoost,provided_plus_rdkit_descriptors,3,2
rdkit_VSA_EState8,0.03158562630414963,model_feature_importances,XGBoost,provided_plus_rdkit_descriptors,3,2
rdkit_VSA_EState9,0.0,model_feature_importances,XGBoost,provided_plus_rdkit_descriptors,3,2
rdkit_FractionCSP3,0.0002845173585228622,model_feature_importances,XGBoost,provided_plus_rdkit_descriptors,3,2
rdkit_HeavyAtomCount,0.0,model_feature_importances,XGBoost,provided_plus_rdkit_descriptors,3,2
rdkit_NHOHCount,0.00015799673565197736,model_feature_importances,XGBoost,provided_plus_rdkit_descriptors,3,2
rdkit_NOCount,0.0,model_feature_importances,XGBoost,provided_plus_rdkit_descriptors,3,2
rdkit_NumAliphaticCarbocycles,0.0,model_feature_importances,XGBoost,provided_plus_rdkit_descriptors,3,2
rdkit_NumAliphaticHeterocycles,0.0,model_feature_importances,XGBoost,provided_plus_rdkit_descriptors,3,2
rdkit_NumAliphaticRings,0.0,model_feature_importances,XGBoost,provided_plus_rdkit_descriptors,3,2
rdkit_NumAmideBonds,0.0,model_feature_importances,XGBoost,provided_plus_rdkit_descriptors,3,2
rdkit_NumAtomStereoCenters,0.002706254366785288,model_feature_importances,XGBoost,provided_plus_rdkit_descriptors,3,2
rdkit_NumBridgeheadAtoms,0.0,model_feature_importances,XGBoost,provided_plus_rdkit_descriptors,3,2
rdkit_NumHAcceptors,0.0,model_feature_importances,XGBoost,provided_plus_rdkit_descriptors,3,2
rdkit_NumHDonors,0.013034784235060215,model_feature_importances,XGBoost,provided_plus_rdkit_descriptors,3,2
rdkit_NumHeteroatoms,0.0,model_feature_importances,XGBoost,provided_plus_rdkit_descriptors,3,2
rdkit_NumHeterocycles,0.0,model_feature_importances,XGBoost,provided_plus_rdkit_descriptors,3,2
rdkit_NumRotatableBonds,0.0011672212276607752,model_feature_importances,XGBoost,provided_plus_rdkit_descriptors,3,2
rdkit_NumSaturatedCarbocycles,0.0,model_feature_importances,XGBoost,provided_plus_rdkit_descriptors,3,2
rdkit_NumSaturatedHeterocycles,0.0,model_feature_importances,XGBoost,provided_plus_rdkit_descriptors,3,2
rdkit_NumSaturatedRings,0.0,model_feature_importances,XGBoost,provided_plus_rdkit_descriptors,3,2
rdkit_NumUnspecifiedAtomStereoCenters,0.0012480251025408506,model_feature_importances,XGBoost,provided_plus_rdkit_descriptors,3,2
rdkit_Phi,0.0018067421624436975,model_feature_importances,XGBoost,provided_plus_rdkit_descriptors,3,2
rdkit_RingCount,0.0,model_feature_importances,XGBoost,provided_plus_rdkit_descriptors,3,2
rdkit_MolLogP,0.011581550352275372,model_feature_importances,XGBoost,provided_plus_rdkit_descriptors,3,2
rdkit_MolMR,0.0038991784676909447,model_feature_importances,XGBoost,provided_plus_rdkit_descriptors,3,2
rdkit_fr_Al_COO,0.0,model_feature_importances,XGBoost,provided_plus_rdkit_descriptors,3,2
rdkit_fr_Al_OH,0.0,model_feature_importances,XGBoost,provided_plus_rdkit_descriptors,3,2
rdkit_fr_Al_OH_noTert,0.0,model_feature_importances,XGBoost,provided_plus_rdkit_descriptors,3,2
rdkit_fr_COO,0.0,model_feature_importances,XGBoost,provided_plus_rdkit_descriptors,3,2
rdkit_fr_COO2,0.0,model_feature_importances,XGBoost,provided_plus_rdkit_descriptors,3,2
rdkit_fr_C_O,0.0,model_feature_importances,XGBoost,provided_plus_rdkit_descriptors,3,2
rdkit_fr_C_O_noCOO,0.0,model_feature_importances,XGBoost,provided_plus_rdkit_descriptors,3,2
rdkit_fr_NH1,0.0,model_feature_importances,XGBoost,provided_plus_rdkit_descriptors,3,2
rdkit_fr_NH2,0.0,model_feature_importances,XGBoost,provided_plus_rdkit_descriptors,3,2
rdkit_fr_aldehyde,0.14014942944049835,model_feature_importances,XGBoost,provided_plus_rdkit_descriptors,3,2
rdkit_fr_alkyl_halide,0.0,model_feature_importances,XGBoost,provided_plus_rdkit_descriptors,3,2
rdkit_fr_allylic_oxid,0.0,model_feature_importances,XGBoost,provided_plus_rdkit_descriptors,3,2
rdkit_fr_amide,0.0,model_feature_importances,XGBoost,provided_plus_rdkit_descriptors,3,2
rdkit_fr_bicyclic,0.0,model_feature_importances,XGBoost,provided_plus_rdkit_descriptors,3,2
rdkit_fr_ether,0.0,model_feature_importances,XGBoost,provided_plus_rdkit_descriptors,3,2
rdkit_fr_halogen,0.0,model_feature_importances,XGBoost,provided_plus_rdkit_descriptors,3,2
rdkit_fr_ketone,7.46781297493726e-05,model_feature_importances,XGBoost,provided_plus_rdkit_descriptors,3,2
rdkit_fr_ketone_Topliss,0.0,model_feature_importances,XGBoost,provided_plus_rdkit_descriptors,3,2
rdkit_fr_methoxy,0.0,model_feature_importances,XGBoost,provided_plus_rdkit_descriptors,3,2
rdkit_fr_phos_acid,0.0,model_feature_importances,XGBoost,provided_plus_rdkit_descriptors,3,2
rdkit_fr_phos_ester,0.0,model_feature_importances,XGBoost,provided_plus_rdkit_descriptors,3,2
Molecular weight (Da),0.002580489730462432,model_feature_importances,XGBoost,provided_plus_rdkit_descriptors,3,3
Solubility (mg/mL),0.0130250109359622,model_feature_importances,XGBoost,provided_plus_rdkit_descriptors,3,3
"Glass transition temperature (Tg, degC)",0.005242071580141783,model_feature_importances,XGBoost,provided_plus_rdkit_descriptors,3,3
Viscosity (mPa.s),0.0015111149987205863,model_feature_importances,XGBoost,provided_plus_rdkit_descriptors,3,3
Concentration (% w/v),0.00290885497815907,model_feature_importances,XGBoost,provided_plus_rdkit_descriptors,3,3
rdkit_MaxAbsEStateIndex,0.0038191787898540497,model_feature_importances,XGBoost,provided_plus_rdkit_descriptors,3,3
rdkit_MaxEStateIndex,0.0,model_feature_importances,XGBoost,provided_plus_rdkit_descriptors,3,3
rdkit_MinAbsEStateIndex,0.006227700039744377,model_feature_importances,XGBoost,provided_plus_rdkit_descriptors,3,3
rdkit_MinEStateIndex,0.006730607710778713,model_feature_importances,XGBoost,provided_plus_rdkit_descriptors,3,3
rdkit_qed,0.003436483908444643,model_feature_importances,XGBoost,provided_plus_rdkit_descriptors,3,3
rdkit_SPS,0.009856391698122025,model_feature_importances,XGBoost,provided_plus_rdkit_descriptors,3,3
rdkit_MolWt,0.0,model_feature_importances,XGBoost,provided_plus_rdkit_descriptors,3,3
rdkit_HeavyAtomMolWt,0.0,model_feature_importances,XGBoost,provided_plus_rdkit_descriptors,3,3
rdkit_ExactMolWt,0.0,model_feature_importances,XGBoost,provided_plus_rdkit_descriptors,3,3
rdkit_NumValenceElectrons,0.002565312199294567,model_feature_importances,XGBoost,provided_plus_rdkit_descriptors,3,3
rdkit_MaxPartialCharge,0.010965239256620407,model_feature_importances,XGBoost,provided_plus_rdkit_descriptors,3,3
rdkit_MinPartialCharge,0.010856479406356812,model_feature_importances,XGBoost,provided_plus_rdkit_descriptors,3,3
rdkit_MaxAbsPartialCharge,0.001823147526010871,model_feature_importances,XGBoost,provided_plus_rdkit_descriptors,3,3
rdkit_MinAbsPartialCharge,0.0,model_feature_importances,XGBoost,provided_plus_rdkit_descriptors,3,3
rdkit_FpDensityMorgan1,0.0053189038299024105,model_feature_importances,XGBoost,provided_plus_rdkit_descriptors,3,3
rdkit_FpDensityMorgan2,0.0005000607343390584,model_feature_importances,XGBoost,provided_plus_rdkit_descriptors,3,3
rdkit_FpDensityMorgan3,0.00335627980530262,model_feature_importances,XGBoost,provided_plus_rdkit_descriptors,3,3
rdkit_BCUT2D_MWHI,0.0027678729966282845,model_feature_importances,XGBoost,provided_plus_rdkit_descriptors,3,3
rdkit_BCUT2D_MWLOW,0.004098628181964159,model_feature_importances,XGBoost,provided_plus_rdkit_descriptors,3,3
rdkit_BCUT2D_CHGHI,0.015357036143541336,model_feature_importances,XGBoost,provided_plus_rdkit_descriptors,3,3
rdkit_BCUT2D_CHGLO,0.019431861117482185,model_feature_importances,XGBoost,provided_plus_rdkit_descriptors,3,3
rdkit_BCUT2D_LOGPHI,0.037708181887865067,model_feature_importances,XGBoost,provided_plus_rdkit_descriptors,3,3
rdkit_BCUT2D_LOGPLOW,0.005245868116617203,model_feature_importances,XGBoost,provided_plus_rdkit_descriptors,3,3
rdkit_BCUT2D_MRHI,0.0025380109436810017,model_feature_importances,XGBoost,provided_plus_rdkit_descriptors,3,3
rdkit_BCUT2D_MRLOW,0.006935189478099346,model_feature_importances,XGBoost,provided_plus_rdkit_descriptors,3,3
rdkit_AvgIpc,0.028847534209489822,model_feature_importances,XGBoost,provided_plus_rdkit_descriptors,3,3
rdkit_BalabanJ,0.0018844525329768658,model_feature_importances,XGBoost,provided_plus_rdkit_descriptors,3,3
rdkit_BertzCT,0.001448488445021212,model_feature_importances,XGBoost,provided_plus_rdkit_descriptors,3,3
rdkit_Chi0,0.000758236856199801,model_feature_importances,XGBoost,provided_plus_rdkit_descriptors,3,3
rdkit_Chi0n,0.00018251310393679887,model_feature_importances,XGBoost,provided_plus_rdkit_descriptors,3,3
rdkit_Chi0v,0.06731074303388596,model_feature_importances,XGBoost,provided_plus_rdkit_descriptors,3,3
rdkit_Chi1,0.0012478672433644533,model_feature_importances,XGBoost,provided_plus_rdkit_descriptors,3,3
rdkit_Chi1n,0.0014473051996901631,model_feature_importances,XGBoost,provided_plus_rdkit_descriptors,3,3
rdkit_Chi1v,0.0,model_feature_importances,XGBoost,provided_plus_rdkit_descriptors,3,3
rdkit_Chi2n,0.012298131361603737,model_feature_importances,XGBoost,provided_plus_rdkit_descriptors,3,3
rdkit_Chi2v,0.0013433201238512993,model_feature_importances,XGBoost,provided_plus_rdkit_descriptors,3,3
rdkit_Chi3n,0.0,model_feature_importances,XGBoost,provided_plus_rdkit_descriptors,3,3
rdkit_Chi3v,0.0,model_feature_importances,XGBoost,provided_plus_rdkit_descriptors,3,3
rdkit_Chi4n,0.002636726712808013,model_feature_importances,XGBoost,provided_plus_rdkit_descriptors,3,3
rdkit_Chi4v,0.0026194490492343903,model_feature_importances,XGBoost,provided_plus_rdkit_descriptors,3,3
rdkit_HallKierAlpha,0.03177809715270996,model_feature_importances,XGBoost,provided_plus_rdkit_descriptors,3,3
rdkit_Ipc,0.0012467883061617613,model_feature_importances,XGBoost,provided_plus_rdkit_descriptors,3,3
rdkit_Kappa1,0.05907067283987999,model_feature_importances,XGBoost,provided_plus_rdkit_descriptors,3,3
rdkit_Kappa2,0.0020651218947023153,model_feature_importances,XGBoost,provided_plus_rdkit_descriptors,3,3
rdkit_Kappa3,0.000682418467476964,model_feature_importances,XGBoost,provided_plus_rdkit_descriptors,3,3
rdkit_LabuteASA,0.001178762293420732,model_feature_importances,XGBoost,provided_plus_rdkit_descriptors,3,3
rdkit_PEOE_VSA1,0.008635152131319046,model_feature_importances,XGBoost,provided_plus_rdkit_descriptors,3,3
rdkit_PEOE_VSA10,0.002148253144696355,model_feature_importances,XGBoost,provided_plus_rdkit_descriptors,3,3
rdkit_PEOE_VSA11,0.011207712814211845,model_feature_importances,XGBoost,provided_plus_rdkit_descriptors,3,3
rdkit_PEOE_VSA12,0.00018718013598117977,model_feature_importances,XGBoost,provided_plus_rdkit_descriptors,3,3
rdkit_PEOE_VSA14,0.0,model_feature_importances,XGBoost,provided_plus_rdkit_descriptors,3,3
rdkit_PEOE_VSA2,0.00033267904655076563,model_feature_importances,XGBoost,provided_plus_rdkit_descriptors,3,3
rdkit_PEOE_VSA3,0.0,model_feature_importances,XGBoost,provided_plus_rdkit_descriptors,3,3
rdkit_PEOE_VSA5,0.0,model_feature_importances,XGBoost,provided_plus_rdkit_descriptors,3,3
rdkit_PEOE_VSA6,0.0,model_feature_importances,XGBoost,provided_plus_rdkit_descriptors,3,3
rdkit_PEOE_VSA7,0.0,model_feature_importances,XGBoost,provided_plus_rdkit_descriptors,3,3
rdkit_PEOE_VSA8,0.0005266825901344419,model_feature_importances,XGBoost,provided_plus_rdkit_descriptors,3,3
rdkit_PEOE_VSA9,0.0022058403119444847,model_feature_importances,XGBoost,provided_plus_rdkit_descriptors,3,3
rdkit_SMR_VSA1,0.0005191540694795549,model_feature_importances,XGBoost,provided_plus_rdkit_descriptors,3,3
rdkit_SMR_VSA10,0.0003137442690785974,model_feature_importances,XGBoost,provided_plus_rdkit_descriptors,3,3
rdkit_SMR_VSA3,0.0,model_feature_importances,XGBoost,provided_plus_rdkit_descriptors,3,3
rdkit_SMR_VSA4,0.0,model_feature_importances,XGBoost,provided_plus_rdkit_descriptors,3,3
rdkit_SMR_VSA5,0.009556365199387074,model_feature_importances,XGBoost,provided_plus_rdkit_descriptors,3,3
rdkit_SMR_VSA6,0.0006581549532711506,model_feature_importances,XGBoost,provided_plus_rdkit_descriptors,3,3
rdkit_SMR_VSA7,0.0,model_feature_importances,XGBoost,provided_plus_rdkit_descriptors,3,3
rdkit_SlogP_VSA1,0.0027617793530225754,model_feature_importances,XGBoost,provided_plus_rdkit_descriptors,3,3
rdkit_SlogP_VSA12,0.0,model_feature_importances,XGBoost,provided_plus_rdkit_descriptors,3,3
rdkit_SlogP_VSA2,0.020379070192575455,model_feature_importances,XGBoost,provided_plus_rdkit_descriptors,3,3
rdkit_SlogP_VSA3,0.014143194071948528,model_feature_importances,XGBoost,provided_plus_rdkit_descriptors,3,3
rdkit_SlogP_VSA4,0.0,model_feature_importances,XGBoost,provided_plus_rdkit_descriptors,3,3
rdkit_SlogP_VSA5,0.005097470711916685,model_feature_importances,XGBoost,provided_plus_rdkit_descriptors,3,3
rdkit_SlogP_VSA6,0.0,model_feature_importances,XGBoost,provided_plus_rdkit_descriptors,3,3
rdkit_TPSA,0.0,model_feature_importances,XGBoost,provided_plus_rdkit_descriptors,3,3
rdkit_EState_VSA1,0.0016940888017416,model_feature_importances,XGBoost,provided_plus_rdkit_descriptors,3,3
rdkit_EState_VSA10,0.3409437835216522,model_feature_importances,XGBoost,provided_plus_rdkit_descriptors,3,3
rdkit_EState_VSA2,0.00913417898118496,model_feature_importances,XGBoost,provided_plus_rdkit_descriptors,3,3
rdkit_EState_VSA3,0.004097728058695793,model_feature_importances,XGBoost,provided_plus_rdkit_descriptors,3,3
rdkit_EState_VSA4,0.0,model_feature_importances,XGBoost,provided_plus_rdkit_descriptors,3,3
rdkit_EState_VSA5,0.00030182910268194973,model_feature_importances,XGBoost,provided_plus_rdkit_descriptors,3,3
rdkit_EState_VSA6,0.0,model_feature_importances,XGBoost,provided_plus_rdkit_descriptors,3,3
rdkit_EState_VSA7,0.0,model_feature_importances,XGBoost,provided_plus_rdkit_descriptors,3,3
rdkit_EState_VSA8,0.00010848169767996296,model_feature_importances,XGBoost,provided_plus_rdkit_descriptors,3,3
rdkit_EState_VSA9,0.006257389672100544,model_feature_importances,XGBoost,provided_plus_rdkit_descriptors,3,3
rdkit_VSA_EState1,0.0014381810324266553,model_feature_importances,XGBoost,provided_plus_rdkit_descriptors,3,3
rdkit_VSA_EState10,0.0,model_feature_importances,XGBoost,provided_plus_rdkit_descriptors,3,3
rdkit_VSA_EState2,0.027133358642458916,model_feature_importances,XGBoost,provided_plus_rdkit_descriptors,3,3
rdkit_VSA_EState3,0.010199685581028461,model_feature_importances,XGBoost,provided_plus_rdkit_descriptors,3,3
rdkit_VSA_EState4,0.0,model_feature_importances,XGBoost,provided_plus_rdkit_descriptors,3,3
rdkit_VSA_EState5,0.0011443214025348425,model_feature_importances,XGBoost,provided_plus_rdkit_descriptors,3,3
rdkit_VSA_EState6,0.0,model_feature_importances,XGBoost,provided_plus_rdkit_descriptors,3,3
rdkit_VSA_EState7,0.024490216746926308,model_feature_importances,XGBoost,provided_plus_rdkit_descriptors,3,3
rdkit_VSA_EState8,0.026837747544050217,model_feature_importances,XGBoost,provided_plus_rdkit_descriptors,3,3
rdkit_VSA_EState9,0.0,model_feature_importances,XGBoost,provided_plus_rdkit_descriptors,3,3
rdkit_FractionCSP3,0.018274102360010147,model_feature_importances,XGBoost,provided_plus_rdkit_descriptors,3,3
rdkit_HeavyAtomCount,0.0,model_feature_importances,XGBoost,provided_plus_rdkit_descriptors,3,3
rdkit_NHOHCount,0.0002278962783748284,model_feature_importances,XGBoost,provided_plus_rdkit_descriptors,3,3
rdkit_NOCount,0.0,model_feature_importances,XGBoost,provided_plus_rdkit_descriptors,3,3
rdkit_NumAliphaticCarbocycles,0.0,model_feature_importances,XGBoost,provided_plus_rdkit_descriptors,3,3
rdkit_NumAliphaticHeterocycles,0.0,model_feature_importances,XGBoost,provided_plus_rdkit_descriptors,3,3
rdkit_NumAliphaticRings,0.0,model_feature_importances,XGBoost,provided_plus_rdkit_descriptors,3,3
rdkit_NumAmideBonds,0.0,model_feature_importances,XGBoost,provided_plus_rdkit_descriptors,3,3
rdkit_NumAtomStereoCenters,0.002769279759377241,model_feature_importances,XGBoost,provided_plus_rdkit_descriptors,3,3
rdkit_NumBridgeheadAtoms,0.0,model_feature_importances,XGBoost,provided_plus_rdkit_descriptors,3,3
rdkit_NumHAcceptors,0.0,model_feature_importances,XGBoost,provided_plus_rdkit_descriptors,3,3
rdkit_NumHDonors,0.0,model_feature_importances,XGBoost,provided_plus_rdkit_descriptors,3,3
rdkit_NumHeteroatoms,0.0,model_feature_importances,XGBoost,provided_plus_rdkit_descriptors,3,3
rdkit_NumHeterocycles,0.0,model_feature_importances,XGBoost,provided_plus_rdkit_descriptors,3,3
rdkit_NumRotatableBonds,0.003338881768286228,model_feature_importances,XGBoost,provided_plus_rdkit_descriptors,3,3
rdkit_NumSaturatedCarbocycles,0.0,model_feature_importances,XGBoost,provided_plus_rdkit_descriptors,3,3
rdkit_NumSaturatedHeterocycles,0.0,model_feature_importances,XGBoost,provided_plus_rdkit_descriptors,3,3
rdkit_NumSaturatedRings,0.0,model_feature_importances,XGBoost,provided_plus_rdkit_descriptors,3,3
rdkit_NumUnspecifiedAtomStereoCenters,0.0038510761223733425,model_feature_importances,XGBoost,provided_plus_rdkit_descriptors,3,3
rdkit_Phi,0.01575346477329731,model_feature_importances,XGBoost,provided_plus_rdkit_descriptors,3,3
rdkit_RingCount,0.0,model_feature_importances,XGBoost,provided_plus_rdkit_descriptors,3,3
rdkit_MolLogP,0.010462945327162743,model_feature_importances,XGBoost,provided_plus_rdkit_descriptors,3,3
rdkit_MolMR,0.004335579928010702,model_feature_importances,XGBoost,provided_plus_rdkit_descriptors,3,3
rdkit_fr_Al_COO,0.0,model_feature_importances,XGBoost,provided_plus_rdkit_descriptors,3,3
rdkit_fr_Al_OH,0.0030258146580308676,model_feature_importances,XGBoost,provided_plus_rdkit_descriptors,3,3
rdkit_fr_Al_OH_noTert,0.0,model_feature_importances,XGBoost,provided_plus_rdkit_descriptors,3,3
rdkit_fr_COO,0.0,model_feature_importances,XGBoost,provided_plus_rdkit_descriptors,3,3
rdkit_fr_COO2,0.0,model_feature_importances,XGBoost,provided_plus_rdkit_descriptors,3,3
rdkit_fr_C_O,0.0,model_feature_importances,XGBoost,provided_plus_rdkit_descriptors,3,3
rdkit_fr_C_O_noCOO,0.0,model_feature_importances,XGBoost,provided_plus_rdkit_descriptors,3,3
rdkit_fr_NH1,0.0,model_feature_importances,XGBoost,provided_plus_rdkit_descriptors,3,3
rdkit_fr_NH2,0.0,model_feature_importances,XGBoost,provided_plus_rdkit_descriptors,3,3
rdkit_fr_aldehyde,0.0012597369495779276,model_feature_importances,XGBoost,provided_plus_rdkit_descriptors,3,3
rdkit_fr_alkyl_halide,0.0,model_feature_importances,XGBoost,provided_plus_rdkit_descriptors,3,3
rdkit_fr_allylic_oxid,0.0,model_feature_importances,XGBoost,provided_plus_rdkit_descriptors,3,3
rdkit_fr_amide,0.0,model_feature_importances,XGBoost,provided_plus_rdkit_descriptors,3,3
rdkit_fr_bicyclic,0.0,model_feature_importances,XGBoost,provided_plus_rdkit_descriptors,3,3
rdkit_fr_ether,0.0,model_feature_importances,XGBoost,provided_plus_rdkit_descriptors,3,3
rdkit_fr_halogen,0.0,model_feature_importances,XGBoost,provided_plus_rdkit_descriptors,3,3
rdkit_fr_ketone,0.0013951342552900314,model_feature_importances,XGBoost,provided_plus_rdkit_descriptors,3,3
rdkit_fr_ketone_Topliss,0.0,model_feature_importances,XGBoost,provided_plus_rdkit_descriptors,3,3
rdkit_fr_methoxy,0.0,model_feature_importances,XGBoost,provided_plus_rdkit_descriptors,3,3
rdkit_fr_phos_acid,0.0,model_feature_importances,XGBoost,provided_plus_rdkit_descriptors,3,3
rdkit_fr_phos_ester,0.0,model_feature_importances,XGBoost,provided_plus_rdkit_descriptors,3,3
Molecular weight (Da),0.0028729098848998547,model_feature_importances,XGBoost,provided_plus_rdkit_descriptors,3,4
Solubility (mg/mL),0.01485803909599781,model_feature_importances,XGBoost,provided_plus_rdkit_descriptors,3,4
"Glass transition temperature (Tg, degC)",0.005322866141796112,model_feature_importances,XGBoost,provided_plus_rdkit_descriptors,3,4
Viscosity (mPa.s),0.0017322780331596732,model_feature_importances,XGBoost,provided_plus_rdkit_descriptors,3,4
Concentration (% w/v),0.0037439048755913973,model_feature_importances,XGBoost,provided_plus_rdkit_descriptors,3,4
rdkit_MaxAbsEStateIndex,0.012706573121249676,model_feature_importances,XGBoost,provided_plus_rdkit_descriptors,3,4
rdkit_MaxEStateIndex,0.0,model_feature_importances,XGBoost,provided_plus_rdkit_descriptors,3,4
rdkit_MinAbsEStateIndex,0.006714545655995607,model_feature_importances,XGBoost,provided_plus_rdkit_descriptors,3,4
rdkit_MinEStateIndex,0.004944170359522104,model_feature_importances,XGBoost,provided_plus_rdkit_descriptors,3,4
rdkit_qed,0.007486008107662201,model_feature_importances,XGBoost,provided_plus_rdkit_descriptors,3,4
rdkit_SPS,0.007794325239956379,model_feature_importances,XGBoost,provided_plus_rdkit_descriptors,3,4
rdkit_MolWt,0.0,model_feature_importances,XGBoost,provided_plus_rdkit_descriptors,3,4
rdkit_HeavyAtomMolWt,0.0,model_feature_importances,XGBoost,provided_plus_rdkit_descriptors,3,4
rdkit_ExactMolWt,0.0,model_feature_importances,XGBoost,provided_plus_rdkit_descriptors,3,4
rdkit_NumValenceElectrons,8.10901474324055e-05,model_feature_importances,XGBoost,provided_plus_rdkit_descriptors,3,4
rdkit_MaxPartialCharge,0.020974526181817055,model_feature_importances,XGBoost,provided_plus_rdkit_descriptors,3,4
rdkit_MinPartialCharge,0.008248856291174889,model_feature_importances,XGBoost,provided_plus_rdkit_descriptors,3,4
rdkit_MaxAbsPartialCharge,0.0009775280486792326,model_feature_importances,XGBoost,provided_plus_rdkit_descriptors,3,4
rdkit_MinAbsPartialCharge,0.0,model_feature_importances,XGBoost,provided_plus_rdkit_descriptors,3,4
rdkit_FpDensityMorgan1,0.0018107888754457235,model_feature_importances,XGBoost,provided_plus_rdkit_descriptors,3,4
rdkit_FpDensityMorgan2,0.003204312874004245,model_feature_importances,XGBoost,provided_plus_rdkit_descriptors,3,4
rdkit_FpDensityMorgan3,0.003290926804766059,model_feature_importances,XGBoost,provided_plus_rdkit_descriptors,3,4
rdkit_BCUT2D_MWHI,0.005180218257009983,model_feature_importances,XGBoost,provided_plus_rdkit_descriptors,3,4
rdkit_BCUT2D_MWLOW,0.002112416084855795,model_feature_importances,XGBoost,provided_plus_rdkit_descriptors,3,4
rdkit_BCUT2D_CHGHI,0.007288995664566755,model_feature_importances,XGBoost,provided_plus_rdkit_descriptors,3,4
rdkit_BCUT2D_CHGLO,0.011803372763097286,model_feature_importances,XGBoost,provided_plus_rdkit_descriptors,3,4
rdkit_BCUT2D_LOGPHI,0.0007909798878245056,model_feature_importances,XGBoost,provided_plus_rdkit_descriptors,3,4
rdkit_BCUT2D_LOGPLOW,0.0007521535153500736,model_feature_importances,XGBoost,provided_plus_rdkit_descriptors,3,4
rdkit_BCUT2D_MRHI,0.005546282511204481,model_feature_importances,XGBoost,provided_plus_rdkit_descriptors,3,4
rdkit_BCUT2D_MRLOW,0.015360567718744278,model_feature_importances,XGBoost,provided_plus_rdkit_descriptors,3,4
rdkit_AvgIpc,0.024869736284017563,model_feature_importances,XGBoost,provided_plus_rdkit_descriptors,3,4
rdkit_BalabanJ,0.004700489342212677,model_feature_importances,XGBoost,provided_plus_rdkit_descriptors,3,4
rdkit_BertzCT,0.0010442170314490795,model_feature_importances,XGBoost,provided_plus_rdkit_descriptors,3,4
rdkit_Chi0,0.0003125143994111568,model_feature_importances,XGBoost,provided_plus_rdkit_descriptors,3,4
rdkit_Chi0n,0.01502249576151371,model_feature_importances,XGBoost,provided_plus_rdkit_descriptors,3,4
rdkit_Chi0v,0.053038254380226135,model_feature_importances,XGBoost,provided_plus_rdkit_descriptors,3,4
rdkit_Chi1,0.002517694141715765,model_feature_importances,XGBoost,provided_plus_rdkit_descriptors,3,4
rdkit_Chi1n,0.0013032325077801943,model_feature_importances,XGBoost,provided_plus_rdkit_descriptors,3,4
rdkit_Chi1v,0.0009037915733642876,model_feature_importances,XGBoost,provided_plus_rdkit_descriptors,3,4
rdkit_Chi2n,0.0009679963113740087,model_feature_importances,XGBoost,provided_plus_rdkit_descriptors,3,4
rdkit_Chi2v,0.0,model_feature_importances,XGBoost,provided_plus_rdkit_descriptors,3,4
rdkit_Chi3n,7.699579145992175e-05,model_feature_importances,XGBoost,provided_plus_rdkit_descriptors,3,4
rdkit_Chi3v,0.0,model_feature_importances,XGBoost,provided_plus_rdkit_descriptors,3,4
rdkit_Chi4n,0.0,model_feature_importances,XGBoost,provided_plus_rdkit_descriptors,3,4
rdkit_Chi4v,0.0019789645448327065,model_feature_importances,XGBoost,provided_plus_rdkit_descriptors,3,4
rdkit_HallKierAlpha,0.02634616009891033,model_feature_importances,XGBoost,provided_plus_rdkit_descriptors,3,4
rdkit_Ipc,0.0013819452142342925,model_feature_importances,XGBoost,provided_plus_rdkit_descriptors,3,4
rdkit_Kappa1,0.0024272077716886997,model_feature_importances,XGBoost,provided_plus_rdkit_descriptors,3,4
rdkit_Kappa2,0.0008273373823612928,model_feature_importances,XGBoost,provided_plus_rdkit_descriptors,3,4
rdkit_Kappa3,0.0010001135524362326,model_feature_importances,XGBoost,provided_plus_rdkit_descriptors,3,4
rdkit_LabuteASA,0.0,model_feature_importances,XGBoost,provided_plus_rdkit_descriptors,3,4
rdkit_PEOE_VSA1,0.014743602834641933,model_feature_importances,XGBoost,provided_plus_rdkit_descriptors,3,4
rdkit_PEOE_VSA10,0.0035864869132637978,model_feature_importances,XGBoost,provided_plus_rdkit_descriptors,3,4
rdkit_PEOE_VSA11,0.004601167980581522,model_feature_importances,XGBoost,provided_plus_rdkit_descriptors,3,4
rdkit_PEOE_VSA12,0.0014174424577504396,model_feature_importances,XGBoost,provided_plus_rdkit_descriptors,3,4
rdkit_PEOE_VSA14,0.0,model_feature_importances,XGBoost,provided_plus_rdkit_descriptors,3,4
rdkit_PEOE_VSA2,0.0,model_feature_importances,XGBoost,provided_plus_rdkit_descriptors,3,4
rdkit_PEOE_VSA3,0.0,model_feature_importances,XGBoost,provided_plus_rdkit_descriptors,3,4
rdkit_PEOE_VSA5,0.0,model_feature_importances,XGBoost,provided_plus_rdkit_descriptors,3,4
rdkit_PEOE_VSA6,0.0,model_feature_importances,XGBoost,provided_plus_rdkit_descriptors,3,4
rdkit_PEOE_VSA7,0.011698007583618164,model_feature_importances,XGBoost,provided_plus_rdkit_descriptors,3,4
rdkit_PEOE_VSA8,0.00010714863310568035,model_feature_importances,XGBoost,provided_plus_rdkit_descriptors,3,4
rdkit_PEOE_VSA9,0.0004888608818873763,model_feature_importances,XGBoost,provided_plus_rdkit_descriptors,3,4
rdkit_SMR_VSA1,0.00018568050290923566,model_feature_importances,XGBoost,provided_plus_rdkit_descriptors,3,4
rdkit_SMR_VSA10,0.017517201602458954,model_feature_importances,XGBoost,provided_plus_rdkit_descriptors,3,4
rdkit_SMR_VSA3,0.0,model_feature_importances,XGBoost,provided_plus_rdkit_descriptors,3,4
rdkit_SMR_VSA4,0.06434720754623413,model_feature_importances,XGBoost,provided_plus_rdkit_descriptors,3,4
rdkit_SMR_VSA5,0.0005319311749190092,model_feature_importances,XGBoost,provided_plus_rdkit_descriptors,3,4
rdkit_SMR_VSA6,0.0008474814821965992,model_feature_importances,XGBoost,provided_plus_rdkit_descriptors,3,4
rdkit_SMR_VSA7,0.0,model_feature_importances,XGBoost,provided_plus_rdkit_descriptors,3,4
rdkit_SlogP_VSA1,0.0,model_feature_importances,XGBoost,provided_plus_rdkit_descriptors,3,4
rdkit_SlogP_VSA12,0.0,model_feature_importances,XGBoost,provided_plus_rdkit_descriptors,3,4
rdkit_SlogP_VSA2,0.03476903215050697,model_feature_importances,XGBoost,provided_plus_rdkit_descriptors,3,4
rdkit_SlogP_VSA3,0.0015429432969540358,model_feature_importances,XGBoost,provided_plus_rdkit_descriptors,3,4
rdkit_SlogP_VSA4,0.0,model_feature_importances,XGBoost,provided_plus_rdkit_descriptors,3,4
rdkit_SlogP_VSA5,9.468923963140696e-05,model_feature_importances,XGBoost,provided_plus_rdkit_descriptors,3,4
rdkit_SlogP_VSA6,0.0,model_feature_importances,XGBoost,provided_plus_rdkit_descriptors,3,4
rdkit_TPSA,0.00027426783344708383,model_feature_importances,XGBoost,provided_plus_rdkit_descriptors,3,4
rdkit_EState_VSA1,0.014122309163212776,model_feature_importances,XGBoost,provided_plus_rdkit_descriptors,3,4
rdkit_EState_VSA10,0.3781096339225769,model_feature_importances,XGBoost,provided_plus_rdkit_descriptors,3,4
rdkit_EState_VSA2,0.0014344016090035439,model_feature_importances,XGBoost,provided_plus_rdkit_descriptors,3,4
rdkit_EState_VSA3,0.00037609972059726715,model_feature_importances,XGBoost,provided_plus_rdkit_descriptors,3,4
rdkit_EState_VSA4,0.0,model_feature_importances,XGBoost,provided_plus_rdkit_descriptors,3,4
rdkit_EState_VSA5,0.002330963034182787,model_feature_importances,XGBoost,provided_plus_rdkit_descriptors,3,4
rdkit_EState_VSA6,0.0,model_feature_importances,XGBoost,provided_plus_rdkit_descriptors,3,4
rdkit_EState_VSA7,0.0,model_feature_importances,XGBoost,provided_plus_rdkit_descriptors,3,4
rdkit_EState_VSA8,0.005409099627286196,model_feature_importances,XGBoost,provided_plus_rdkit_descriptors,3,4
rdkit_EState_VSA9,0.01664932817220688,model_feature_importances,XGBoost,provided_plus_rdkit_descriptors,3,4
rdkit_VSA_EState1,0.0008791304426267743,model_feature_importances,XGBoost,provided_plus_rdkit_descriptors,3,4
rdkit_VSA_EState10,0.0,model_feature_importances,XGBoost,provided_plus_rdkit_descriptors,3,4
rdkit_VSA_EState2,0.008292797021567822,model_feature_importances,XGBoost,provided_plus_rdkit_descriptors,3,4
rdkit_VSA_EState3,0.009525269269943237,model_feature_importances,XGBoost,provided_plus_rdkit_descriptors,3,4
rdkit_VSA_EState4,0.0,model_feature_importances,XGBoost,provided_plus_rdkit_descriptors,3,4
rdkit_VSA_EState5,0.03596227988600731,model_feature_importances,XGBoost,provided_plus_rdkit_descriptors,3,4
rdkit_VSA_EState6,0.0,model_feature_importances,XGBoost,provided_plus_rdkit_descriptors,3,4
rdkit_VSA_EState7,0.00723277498036623,model_feature_importances,XGBoost,provided_plus_rdkit_descriptors,3,4
rdkit_VSA_EState8,0.02097795344889164,model_feature_importances,XGBoost,provided_plus_rdkit_descriptors,3,4
rdkit_VSA_EState9,0.0,model_feature_importances,XGBoost,provided_plus_rdkit_descriptors,3,4
rdkit_FractionCSP3,0.0001898240443551913,model_feature_importances,XGBoost,provided_plus_rdkit_descriptors,3,4
rdkit_HeavyAtomCount,0.0,model_feature_importances,XGBoost,provided_plus_rdkit_descriptors,3,4
rdkit_NHOHCount,0.0006495562847703695,model_feature_importances,XGBoost,provided_plus_rdkit_descriptors,3,4
rdkit_NOCount,0.0,model_feature_importances,XGBoost,provided_plus_rdkit_descriptors,3,4
rdkit_NumAliphaticCarbocycles,0.0,model_feature_importances,XGBoost,provided_plus_rdkit_descriptors,3,4
rdkit_NumAliphaticHeterocycles,0.0,model_feature_importances,XGBoost,provided_plus_rdkit_descriptors,3,4
rdkit_NumAliphaticRings,0.0,model_feature_importances,XGBoost,provided_plus_rdkit_descriptors,3,4
rdkit_NumAmideBonds,0.0,model_feature_importances,XGBoost,provided_plus_rdkit_descriptors,3,4
rdkit_NumAtomStereoCenters,0.0030829671304672956,model_feature_importances,XGBoost,provided_plus_rdkit_descriptors,3,4
rdkit_NumBridgeheadAtoms,0.0,model_feature_importances,XGBoost,provided_plus_rdkit_descriptors,3,4
rdkit_NumHAcceptors,0.0,model_feature_importances,XGBoost,provided_plus_rdkit_descriptors,3,4
rdkit_NumHDonors,0.003866201965138316,model_feature_importances,XGBoost,provided_plus_rdkit_descriptors,3,4
rdkit_NumHeteroatoms,0.0,model_feature_importances,XGBoost,provided_plus_rdkit_descriptors,3,4
rdkit_NumHeterocycles,0.0,model_feature_importances,XGBoost,provided_plus_rdkit_descriptors,3,4
rdkit_NumRotatableBonds,0.00016384157061111182,model_feature_importances,XGBoost,provided_plus_rdkit_descriptors,3,4
rdkit_NumSaturatedCarbocycles,0.0,model_feature_importances,XGBoost,provided_plus_rdkit_descriptors,3,4
rdkit_NumSaturatedHeterocycles,0.0,model_feature_importances,XGBoost,provided_plus_rdkit_descriptors,3,4
rdkit_NumSaturatedRings,0.0,model_feature_importances,XGBoost,provided_plus_rdkit_descriptors,3,4
rdkit_NumUnspecifiedAtomStereoCenters,0.008565966039896011,model_feature_importances,XGBoost,provided_plus_rdkit_descriptors,3,4
rdkit_Phi,0.00025759905111044645,model_feature_importances,XGBoost,provided_plus_rdkit_descriptors,3,4
rdkit_RingCount,0.0,model_feature_importances,XGBoost,provided_plus_rdkit_descriptors,3,4
rdkit_MolLogP,0.010032233782112598,model_feature_importances,XGBoost,provided_plus_rdkit_descriptors,3,4
rdkit_MolMR,0.020194726064801216,model_feature_importances,XGBoost,provided_plus_rdkit_descriptors,3,4
rdkit_fr_Al_COO,0.0,model_feature_importances,XGBoost,provided_plus_rdkit_descriptors,3,4
rdkit_fr_Al_OH,0.0005143522284924984,model_feature_importances,XGBoost,provided_plus_rdkit_descriptors,3,4
rdkit_fr_Al_OH_noTert,0.0,model_feature_importances,XGBoost,provided_plus_rdkit_descriptors,3,4
rdkit_fr_COO,0.0,model_feature_importances,XGBoost,provided_plus_rdkit_descriptors,3,4
rdkit_fr_COO2,0.0,model_feature_importances,XGBoost,provided_plus_rdkit_descriptors,3,4
rdkit_fr_C_O,0.0,model_feature_importances,XGBoost,provided_plus_rdkit_descriptors,3,4
rdkit_fr_C_O_noCOO,0.0,model_feature_importances,XGBoost,provided_plus_rdkit_descriptors,3,4
rdkit_fr_NH1,0.0,model_feature_importances,XGBoost,provided_plus_rdkit_descriptors,3,4
rdkit_fr_NH2,0.0,model_feature_importances,XGBoost,provided_plus_rdkit_descriptors,3,4
rdkit_fr_aldehyde,0.0,model_feature_importances,XGBoost,provided_plus_rdkit_descriptors,3,4
rdkit_fr_alkyl_halide,0.0,model_feature_importances,XGBoost,provided_plus_rdkit_descriptors,3,4
rdkit_fr_allylic_oxid,0.0,model_feature_importances,XGBoost,provided_plus_rdkit_descriptors,3,4
rdkit_fr_amide,0.0,model_feature_importances,XGBoost,provided_plus_rdkit_descriptors,3,4
rdkit_fr_bicyclic,0.0,model_feature_importances,XGBoost,provided_plus_rdkit_descriptors,3,4
rdkit_fr_ether,0.0,model_feature_importances,XGBoost,provided_plus_rdkit_descriptors,3,4
rdkit_fr_halogen,0.0,model_feature_importances,XGBoost,provided_plus_rdkit_descriptors,3,4
rdkit_fr_ketone,0.000109745618829038,model_feature_importances,XGBoost,provided_plus_rdkit_descriptors,3,4
rdkit_fr_ketone_Topliss,0.0,model_feature_importances,XGBoost,provided_plus_rdkit_descriptors,3,4
rdkit_fr_methoxy,0.0,model_feature_importances,XGBoost,provided_plus_rdkit_descriptors,3,4
rdkit_fr_phos_acid,0.0,model_feature_importances,XGBoost,provided_plus_rdkit_descriptors,3,4
rdkit_fr_phos_ester,0.0,model_feature_importances,XGBoost,provided_plus_rdkit_descriptors,3,4
Molecular weight (Da),0.006994778290390968,model_feature_importances,XGBoost,provided_plus_rdkit_descriptors,3,5
Solubility (mg/mL),0.015973426401615143,model_feature_importances,XGBoost,provided_plus_rdkit_descriptors,3,5
"Glass transition temperature (Tg, degC)",0.004859752021729946,model_feature_importances,XGBoost,provided_plus_rdkit_descriptors,3,5
Viscosity (mPa.s),0.001119289081543684,model_feature_importances,XGBoost,provided_plus_rdkit_descriptors,3,5
Concentration (% w/v),0.003242643317207694,model_feature_importances,XGBoost,provided_plus_rdkit_descriptors,3,5
rdkit_MaxAbsEStateIndex,0.006871292367577553,model_feature_importances,XGBoost,provided_plus_rdkit_descriptors,3,5
rdkit_MaxEStateIndex,0.0,model_feature_importances,XGBoost,provided_plus_rdkit_descriptors,3,5
rdkit_MinAbsEStateIndex,0.005685032345354557,model_feature_importances,XGBoost,provided_plus_rdkit_descriptors,3,5
rdkit_MinEStateIndex,0.0030437412206083536,model_feature_importances,XGBoost,provided_plus_rdkit_descriptors,3,5
rdkit_qed,0.014017353765666485,model_feature_importances,XGBoost,provided_plus_rdkit_descriptors,3,5
rdkit_SPS,0.004143999889492989,model_feature_importances,XGBoost,provided_plus_rdkit_descriptors,3,5
rdkit_MolWt,0.0,model_feature_importances,XGBoost,provided_plus_rdkit_descriptors,3,5
rdkit_HeavyAtomMolWt,0.0,model_feature_importances,XGBoost,provided_plus_rdkit_descriptors,3,5
rdkit_ExactMolWt,0.0,model_feature_importances,XGBoost,provided_plus_rdkit_descriptors,3,5
rdkit_NumValenceElectrons,0.0,model_feature_importances,XGBoost,provided_plus_rdkit_descriptors,3,5
rdkit_MaxPartialCharge,0.010705925524234772,model_feature_importances,XGBoost,provided_plus_rdkit_descriptors,3,5
rdkit_MinPartialCharge,0.008182664401829243,model_feature_importances,XGBoost,provided_plus_rdkit_descriptors,3,5
rdkit_MaxAbsPartialCharge,0.001347773359157145,model_feature_importances,XGBoost,provided_plus_rdkit_descriptors,3,5
rdkit_MinAbsPartialCharge,0.0,model_feature_importances,XGBoost,provided_plus_rdkit_descriptors,3,5
rdkit_FpDensityMorgan1,0.0012021035654470325,model_feature_importances,XGBoost,provided_plus_rdkit_descriptors,3,5
rdkit_FpDensityMorgan2,0.006457468029111624,model_feature_importances,XGBoost,provided_plus_rdkit_descriptors,3,5
rdkit_FpDensityMorgan3,0.007068117149174213,model_feature_importances,XGBoost,provided_plus_rdkit_descriptors,3,5
rdkit_BCUT2D_MWHI,0.002969396999105811,model_feature_importances,XGBoost,provided_plus_rdkit_descriptors,3,5
rdkit_BCUT2D_MWLOW,0.009653071872889996,model_feature_importances,XGBoost,provided_plus_rdkit_descriptors,3,5
rdkit_BCUT2D_CHGHI,0.009509949944913387,model_feature_importances,XGBoost,provided_plus_rdkit_descriptors,3,5
rdkit_BCUT2D_CHGLO,0.006608429830521345,model_feature_importances,XGBoost,provided_plus_rdkit_descriptors,3,5
rdkit_BCUT2D_LOGPHI,0.001058546476997435,model_feature_importances,XGBoost,provided_plus_rdkit_descriptors,3,5
rdkit_BCUT2D_LOGPLOW,0.00021551483951043338,model_feature_importances,XGBoost,provided_plus_rdkit_descriptors,3,5
rdkit_BCUT2D_MRHI,0.0038113179616630077,model_feature_importances,XGBoost,provided_plus_rdkit_descriptors,3,5
rdkit_BCUT2D_MRLOW,0.011131927371025085,model_feature_importances,XGBoost,provided_plus_rdkit_descriptors,3,5
rdkit_AvgIpc,0.012147565372288227,model_feature_importances,XGBoost,provided_plus_rdkit_descriptors,3,5
rdkit_BalabanJ,0.002189106307923794,model_feature_importances,XGBoost,provided_plus_rdkit_descriptors,3,5
rdkit_BertzCT,0.018816731870174408,model_feature_importances,XGBoost,provided_plus_rdkit_descriptors,3,5
rdkit_Chi0,0.002166728489100933,model_feature_importances,XGBoost,provided_plus_rdkit_descriptors,3,5
rdkit_Chi0n,0.006179966498166323,model_feature_importances,XGBoost,provided_plus_rdkit_descriptors,3,5
rdkit_Chi0v,0.0038278154097497463,model_feature_importances,XGBoost,provided_plus_rdkit_descriptors,3,5
rdkit_Chi1,0.004722753074020147,model_feature_importances,XGBoost,provided_plus_rdkit_descriptors,3,5
rdkit_Chi1n,0.0,model_feature_importances,XGBoost,provided_plus_rdkit_descriptors,3,5
rdkit_Chi1v,0.0,model_feature_importances,XGBoost,provided_plus_rdkit_descriptors,3,5
rdkit_Chi2n,0.0029580567497760057,model_feature_importances,XGBoost,provided_plus_rdkit_descriptors,3,5
rdkit_Chi2v,0.0,model_feature_importances,XGBoost,provided_plus_rdkit_descriptors,3,5
rdkit_Chi3n,0.00015197049651760608,model_feature_importances,XGBoost,provided_plus_rdkit_descriptors,3,5
rdkit_Chi3v,5.0820504839066416e-05,model_feature_importances,XGBoost,provided_plus_rdkit_descriptors,3,5
rdkit_Chi4n,0.0,model_feature_importances,XGBoost,provided_plus_rdkit_descriptors,3,5
rdkit_Chi4v,0.0006195488385856152,model_feature_importances,XGBoost,provided_plus_rdkit_descriptors,3,5
rdkit_HallKierAlpha,0.02113077975809574,model_feature_importances,XGBoost,provided_plus_rdkit_descriptors,3,5
rdkit_Ipc,0.0018833728972822428,model_feature_importances,XGBoost,provided_plus_rdkit_descriptors,3,5
rdkit_Kappa1,0.009944305755198002,model_feature_importances,XGBoost,provided_plus_rdkit_descriptors,3,5
rdkit_Kappa2,0.0003210037830285728,model_feature_importances,XGBoost,provided_plus_rdkit_descriptors,3,5
rdkit_Kappa3,0.001114777522161603,model_feature_importances,XGBoost,provided_plus_rdkit_descriptors,3,5
rdkit_LabuteASA,0.0,model_feature_importances,XGBoost,provided_plus_rdkit_descriptors,3,5
rdkit_PEOE_VSA1,0.004022931680083275,model_feature_importances,XGBoost,provided_plus_rdkit_descriptors,3,5
rdkit_PEOE_VSA10,0.09533131867647171,model_feature_importances,XGBoost,provided_plus_rdkit_descriptors,3,5
rdkit_PEOE_VSA11,0.01347025390714407,model_feature_importances,XGBoost,provided_plus_rdkit_descriptors,3,5
rdkit_PEOE_VSA12,0.00011518205428728834,model_feature_importances,XGBoost,provided_plus_rdkit_descriptors,3,5
rdkit_PEOE_VSA14,0.0,model_feature_importances,XGBoost,provided_plus_rdkit_descriptors,3,5
rdkit_PEOE_VSA2,0.0,model_feature_importances,XGBoost,provided_plus_rdkit_descriptors,3,5
rdkit_PEOE_VSA3,0.0,model_feature_importances,XGBoost,provided_plus_rdkit_descriptors,3,5
rdkit_PEOE_VSA5,0.0,model_feature_importances,XGBoost,provided_plus_rdkit_descriptors,3,5
rdkit_PEOE_VSA6,0.0,model_feature_importances,XGBoost,provided_plus_rdkit_descriptors,3,5
rdkit_PEOE_VSA7,0.004549248144030571,model_feature_importances,XGBoost,provided_plus_rdkit_descriptors,3,5
rdkit_PEOE_VSA8,0.00555553799495101,model_feature_importances,XGBoost,provided_plus_rdkit_descriptors,3,5
rdkit_PEOE_VSA9,0.0006103326450102031,model_feature_importances,XGBoost,provided_plus_rdkit_descriptors,3,5
rdkit_SMR_VSA1,0.002046294743195176,model_feature_importances,XGBoost,provided_plus_rdkit_descriptors,3,5
rdkit_SMR_VSA10,9.253981261281297e-05,model_feature_importances,XGBoost,provided_plus_rdkit_descriptors,3,5
rdkit_SMR_VSA3,0.0,model_feature_importances,XGBoost,provided_plus_rdkit_descriptors,3,5
rdkit_SMR_VSA4,0.0,model_feature_importances,XGBoost,provided_plus_rdkit_descriptors,3,5
rdkit_SMR_VSA5,0.000611300056334585,model_feature_importances,XGBoost,provided_plus_rdkit_descriptors,3,5
rdkit_SMR_VSA6,0.00029378998442552984,model_feature_importances,XGBoost,provided_plus_rdkit_descriptors,3,5
rdkit_SMR_VSA7,0.0,model_feature_importances,XGBoost,provided_plus_rdkit_descriptors,3,5
rdkit_SlogP_VSA1,0.0,model_feature_importances,XGBoost,provided_plus_rdkit_descriptors,3,5
rdkit_SlogP_VSA12,0.0,model_feature_importances,XGBoost,provided_plus_rdkit_descriptors,3,5
rdkit_SlogP_VSA2,0.006343274377286434,model_feature_importances,XGBoost,provided_plus_rdkit_descriptors,3,5
rdkit_SlogP_VSA3,0.020521173253655434,model_feature_importances,XGBoost,provided_plus_rdkit_descriptors,3,5
rdkit_SlogP_VSA4,0.0,model_feature_importances,XGBoost,provided_plus_rdkit_descriptors,3,5
rdkit_SlogP_VSA5,0.004711043555289507,model_feature_importances,XGBoost,provided_plus_rdkit_descriptors,3,5
rdkit_SlogP_VSA6,0.0,model_feature_importances,XGBoost,provided_plus_rdkit_descriptors,3,5
rdkit_TPSA,0.00017579011910129339,model_feature_importances,XGBoost,provided_plus_rdkit_descriptors,3,5
rdkit_EState_VSA1,0.01162886992096901,model_feature_importances,XGBoost,provided_plus_rdkit_descriptors,3,5
rdkit_EState_VSA10,0.3625235855579376,model_feature_importances,XGBoost,provided_plus_rdkit_descriptors,3,5
rdkit_EState_VSA2,0.006870330311357975,model_feature_importances,XGBoost,provided_plus_rdkit_descriptors,3,5
rdkit_EState_VSA3,0.00541277090087533,model_feature_importances,XGBoost,provided_plus_rdkit_descriptors,3,5
rdkit_EState_VSA4,0.0,model_feature_importances,XGBoost,provided_plus_rdkit_descriptors,3,5
rdkit_EState_VSA5,0.0012645331444218755,model_feature_importances,XGBoost,provided_plus_rdkit_descriptors,3,5
rdkit_EState_VSA6,0.0,model_feature_importances,XGBoost,provided_plus_rdkit_descriptors,3,5
rdkit_EState_VSA7,0.0,model_feature_importances,XGBoost,provided_plus_rdkit_descriptors,3,5
rdkit_EState_VSA8,0.0034237252548336983,model_feature_importances,XGBoost,provided_plus_rdkit_descriptors,3,5
rdkit_EState_VSA9,0.0035976332146674395,model_feature_importances,XGBoost,provided_plus_rdkit_descriptors,3,5
rdkit_VSA_EState1,0.0,model_feature_importances,XGBoost,provided_plus_rdkit_descriptors,3,5
rdkit_VSA_EState10,0.0,model_feature_importances,XGBoost,provided_plus_rdkit_descriptors,3,5
rdkit_VSA_EState2,0.030908124521374702,model_feature_importances,XGBoost,provided_plus_rdkit_descriptors,3,5
rdkit_VSA_EState3,0.01304259616881609,model_feature_importances,XGBoost,provided_plus_rdkit_descriptors,3,5
rdkit_VSA_EState4,0.0,model_feature_importances,XGBoost,provided_plus_rdkit_descriptors,3,5
rdkit_VSA_EState5,0.0007455138256773353,model_feature_importances,XGBoost,provided_plus_rdkit_descriptors,3,5
rdkit_VSA_EState6,0.0,model_feature_importances,XGBoost,provided_plus_rdkit_descriptors,3,5
rdkit_VSA_EState7,0.0024777420330792665,model_feature_importances,XGBoost,provided_plus_rdkit_descriptors,3,5
rdkit_VSA_EState8,0.043162327259778976,model_feature_importances,XGBoost,provided_plus_rdkit_descriptors,3,5
rdkit_VSA_EState9,0.0,model_feature_importances,XGBoost,provided_plus_rdkit_descriptors,3,5
rdkit_FractionCSP3,0.0017768946709111333,model_feature_importances,XGBoost,provided_plus_rdkit_descriptors,3,5
rdkit_HeavyAtomCount,0.0,model_feature_importances,XGBoost,provided_plus_rdkit_descriptors,3,5
rdkit_NHOHCount,0.002042610663920641,model_feature_importances,XGBoost,provided_plus_rdkit_descriptors,3,5
rdkit_NOCount,0.0,model_feature_importances,XGBoost,provided_plus_rdkit_descriptors,3,5
rdkit_NumAliphaticCarbocycles,0.0,model_feature_importances,XGBoost,provided_plus_rdkit_descriptors,3,5
rdkit_NumAliphaticHeterocycles,0.0,model_feature_importances,XGBoost,provided_plus_rdkit_descriptors,3,5
rdkit_NumAliphaticRings,0.0,model_feature_importances,XGBoost,provided_plus_rdkit_descriptors,3,5
rdkit_NumAmideBonds,0.0,model_feature_importances,XGBoost,provided_plus_rdkit_descriptors,3,5
rdkit_NumAtomStereoCenters,0.0007302521844394505,model_feature_importances,XGBoost,provided_plus_rdkit_descriptors,3,5
rdkit_NumBridgeheadAtoms,0.0,model_feature_importances,XGBoost,provided_plus_rdkit_descriptors,3,5
rdkit_NumHAcceptors,0.0,model_feature_importances,XGBoost,provided_plus_rdkit_descriptors,3,5
rdkit_NumHDonors,0.0,model_feature_importances,XGBoost,provided_plus_rdkit_descriptors,3,5
rdkit_NumHeteroatoms,5.710669938707724e-05,model_feature_importances,XGBoost,provided_plus_rdkit_descriptors,3,5
rdkit_NumHeterocycles,0.0,model_feature_importances,XGBoost,provided_plus_rdkit_descriptors,3,5
rdkit_NumRotatableBonds,0.00035229846253059804,model_feature_importances,XGBoost,provided_plus_rdkit_descriptors,3,5
rdkit_NumSaturatedCarbocycles,0.0,model_feature_importances,XGBoost,provided_plus_rdkit_descriptors,3,5
rdkit_NumSaturatedHeterocycles,0.0,model_feature_importances,XGBoost,provided_plus_rdkit_descriptors,3,5
rdkit_NumSaturatedRings,0.0,model_feature_importances,XGBoost,provided_plus_rdkit_descriptors,3,5
rdkit_NumUnspecifiedAtomStereoCenters,0.00017750667757354677,model_feature_importances,XGBoost,provided_plus_rdkit_descriptors,3,5
rdkit_Phi,0.0007732717203907669,model_feature_importances,XGBoost,provided_plus_rdkit_descriptors,3,5
rdkit_RingCount,0.0,model_feature_importances,XGBoost,provided_plus_rdkit_descriptors,3,5
rdkit_MolLogP,0.03413569554686546,model_feature_importances,XGBoost,provided_plus_rdkit_descriptors,3,5
rdkit_MolMR,0.008730107918381691,model_feature_importances,XGBoost,provided_plus_rdkit_descriptors,3,5
rdkit_fr_Al_COO,0.0,model_feature_importances,XGBoost,provided_plus_rdkit_descriptors,3,5
rdkit_fr_Al_OH,0.0716615840792656,model_feature_importances,XGBoost,provided_plus_rdkit_descriptors,3,5
rdkit_fr_Al_OH_noTert,0.0,model_feature_importances,XGBoost,provided_plus_rdkit_descriptors,3,5
rdkit_fr_COO,0.0,model_feature_importances,XGBoost,provided_plus_rdkit_descriptors,3,5
rdkit_fr_COO2,0.0,model_feature_importances,XGBoost,provided_plus_rdkit_descriptors,3,5
rdkit_fr_C_O,0.0,model_feature_importances,XGBoost,provided_plus_rdkit_descriptors,3,5
rdkit_fr_C_O_noCOO,0.0,model_feature_importances,XGBoost,provided_plus_rdkit_descriptors,3,5
rdkit_fr_NH1,0.0,model_feature_importances,XGBoost,provided_plus_rdkit_descriptors,3,5
rdkit_fr_NH2,0.0,model_feature_importances,XGBoost,provided_plus_rdkit_descriptors,3,5
rdkit_fr_aldehyde,0.0,model_feature_importances,XGBoost,provided_plus_rdkit_descriptors,3,5
rdkit_fr_alkyl_halide,0.0,model_feature_importances,XGBoost,provided_plus_rdkit_descriptors,3,5
rdkit_fr_allylic_oxid,0.0,model_feature_importances,XGBoost,provided_plus_rdkit_descriptors,3,5
rdkit_fr_amide,0.0,model_feature_importances,XGBoost,provided_plus_rdkit_descriptors,3,5
rdkit_fr_bicyclic,0.0,model_feature_importances,XGBoost,provided_plus_rdkit_descriptors,3,5
rdkit_fr_ether,0.0,model_feature_importances,XGBoost,provided_plus_rdkit_descriptors,3,5
rdkit_fr_halogen,0.0,model_feature_importances,XGBoost,provided_plus_rdkit_descriptors,3,5
rdkit_fr_ketone,0.00195612502284348,model_feature_importances,XGBoost,provided_plus_rdkit_descriptors,3,5
rdkit_fr_ketone_Topliss,0.0,model_feature_importances,XGBoost,provided_plus_rdkit_descriptors,3,5
rdkit_fr_methoxy,0.0,model_feature_importances,XGBoost,provided_plus_rdkit_descriptors,3,5
rdkit_fr_phos_acid,0.0,model_feature_importances,XGBoost,provided_plus_rdkit_descriptors,3,5
rdkit_fr_phos_ester,0.0,model_feature_importances,XGBoost,provided_plus_rdkit_descriptors,3,5
Molecular weight (Da),0.009942017495632172,model_feature_importances,XGBoost,provided_plus_rdkit_descriptors,4,1
Solubility (mg/mL),0.018301701173186302,model_feature_importances,XGBoost,provided_plus_rdkit_descriptors,4,1
"Glass transition temperature (Tg, degC)",0.004202940035611391,model_feature_importances,XGBoost,provided_plus_rdkit_descriptors,4,1
Viscosity (mPa.s),0.0014589163474738598,model_feature_importances,XGBoost,provided_plus_rdkit_descriptors,4,1
Concentration (% w/v),0.002665717853233218,model_feature_importances,XGBoost,provided_plus_rdkit_descriptors,4,1
rdkit_MaxAbsEStateIndex,0.017229687422513962,model_feature_importances,XGBoost,provided_plus_rdkit_descriptors,4,1
rdkit_MaxEStateIndex,0.0,model_feature_importances,XGBoost,provided_plus_rdkit_descriptors,4,1
rdkit_MinAbsEStateIndex,0.005319405812770128,model_feature_importances,XGBoost,provided_plus_rdkit_descriptors,4,1
rdkit_MinEStateIndex,0.006139601580798626,model_feature_importances,XGBoost,provided_plus_rdkit_descriptors,4,1
rdkit_qed,0.0012832420179620385,model_feature_importances,XGBoost,provided_plus_rdkit_descriptors,4,1
rdkit_SPS,0.0016283761942759156,model_feature_importances,XGBoost,provided_plus_rdkit_descriptors,4,1
rdkit_MolWt,0.0,model_feature_importances,XGBoost,provided_plus_rdkit_descriptors,4,1
rdkit_HeavyAtomMolWt,0.0,model_feature_importances,XGBoost,provided_plus_rdkit_descriptors,4,1
rdkit_ExactMolWt,0.0,model_feature_importances,XGBoost,provided_plus_rdkit_descriptors,4,1
rdkit_NumValenceElectrons,0.0,model_feature_importances,XGBoost,provided_plus_rdkit_descriptors,4,1
rdkit_MaxPartialCharge,0.010797204449772835,model_feature_importances,XGBoost,provided_plus_rdkit_descriptors,4,1
rdkit_MinPartialCharge,0.009530918672680855,model_feature_importances,XGBoost,provided_plus_rdkit_descriptors,4,1
rdkit_MaxAbsPartialCharge,0.003793866140767932,model_feature_importances,XGBoost,provided_plus_rdkit_descriptors,4,1
rdkit_MinAbsPartialCharge,0.0,model_feature_importances,XGBoost,provided_plus_rdkit_descriptors,4,1
rdkit_FpDensityMorgan1,0.0013129196595400572,model_feature_importances,XGBoost,provided_plus_rdkit_descriptors,4,1
rdkit_FpDensityMorgan2,0.002946804976090789,model_feature_importances,XGBoost,provided_plus_rdkit_descriptors,4,1
rdkit_FpDensityMorgan3,0.007184487301856279,model_feature_importances,XGBoost,provided_plus_rdkit_descriptors,4,1
rdkit_BCUT2D_MWHI,0.0018866175087168813,model_feature_importances,XGBoost,provided_plus_rdkit_descriptors,4,1
rdkit_BCUT2D_MWLOW,0.0029191141948103905,model_feature_importances,XGBoost,provided_plus_rdkit_descriptors,4,1
rdkit_BCUT2D_CHGHI,0.012611771933734417,model_feature_importances,XGBoost,provided_plus_rdkit_descriptors,4,1
rdkit_BCUT2D_CHGLO,0.0010515734320506454,model_feature_importances,XGBoost,provided_plus_rdkit_descriptors,4,1
rdkit_BCUT2D_LOGPHI,0.03731418773531914,model_feature_importances,XGBoost,provided_plus_rdkit_descriptors,4,1
rdkit_BCUT2D_LOGPLOW,0.0031089908443391323,model_feature_importances,XGBoost,provided_plus_rdkit_descriptors,4,1
rdkit_BCUT2D_MRHI,0.002096840413287282,model_feature_importances,XGBoost,provided_plus_rdkit_descriptors,4,1
rdkit_BCUT2D_MRLOW,0.01666789874434471,model_feature_importances,XGBoost,provided_plus_rdkit_descriptors,4,1
rdkit_AvgIpc,0.009180345572531223,model_feature_importances,XGBoost,provided_plus_rdkit_descriptors,4,1
rdkit_BalabanJ,0.010271607898175716,model_feature_importances,XGBoost,provided_plus_rdkit_descriptors,4,1
rdkit_BertzCT,0.024149343371391296,model_feature_importances,XGBoost,provided_plus_rdkit_descriptors,4,1
rdkit_Chi0,0.011454352177679539,model_feature_importances,XGBoost,provided_plus_rdkit_descriptors,4,1
rdkit_Chi0n,0.0002968877961393446,model_feature_importances,XGBoost,provided_plus_rdkit_descriptors,4,1
rdkit_Chi0v,0.07899725437164307,model_feature_importances,XGBoost,provided_plus_rdkit_descriptors,4,1
rdkit_Chi1,0.0016391718527302146,model_feature_importances,XGBoost,provided_plus_rdkit_descriptors,4,1
rdkit_Chi1n,8.474923379253596e-05,model_feature_importances,XGBoost,provided_plus_rdkit_descriptors,4,1
rdkit_Chi1v,0.000896673824172467,model_feature_importances,XGBoost,provided_plus_rdkit_descriptors,4,1
rdkit_Chi2n,0.00021272199228405952,model_feature_importances,XGBoost,provided_plus_rdkit_descriptors,4,1
rdkit_Chi2v,7.975191692821681e-05,model_feature_importances,XGBoost,provided_plus_rdkit_descriptors,4,1
rdkit_Chi3n,0.00045613813563250005,model_feature_importances,XGBoost,provided_plus_rdkit_descriptors,4,1
rdkit_Chi3v,0.0005143891321495175,model_feature_importances,XGBoost,provided_plus_rdkit_descriptors,4,1
rdkit_Chi4n,0.0037039322778582573,model_feature_importances,XGBoost,provided_plus_rdkit_descriptors,4,1
rdkit_Chi4v,0.0022142210509628057,model_feature_importances,XGBoost,provided_plus_rdkit_descriptors,4,1
rdkit_HallKierAlpha,0.008194581605494022,model_feature_importances,XGBoost,provided_plus_rdkit_descriptors,4,1
rdkit_Ipc,0.0010761786252260208,model_feature_importances,XGBoost,provided_plus_rdkit_descriptors,4,1
rdkit_Kappa1,0.001667932141572237,model_feature_importances,XGBoost,provided_plus_rdkit_descriptors,4,1
rdkit_Kappa2,0.002629153896123171,model_feature_importances,XGBoost,provided_plus_rdkit_descriptors,4,1
rdkit_Kappa3,0.006945239380002022,model_feature_importances,XGBoost,provided_plus_rdkit_descriptors,4,1
rdkit_LabuteASA,0.0,model_feature_importances,XGBoost,provided_plus_rdkit_descriptors,4,1
rdkit_PEOE_VSA1,0.005880771670490503,model_feature_importances,XGBoost,provided_plus_rdkit_descriptors,4,1
rdkit_PEOE_VSA10,0.005931738298386335,model_feature_importances,XGBoost,provided_plus_rdkit_descriptors,4,1
rdkit_PEOE_VSA11,0.013195430859923363,model_feature_importances,XGBoost,provided_plus_rdkit_descriptors,4,1
rdkit_PEOE_VSA12,0.00031975077581591904,model_feature_importances,XGBoost,provided_plus_rdkit_descriptors,4,1
rdkit_PEOE_VSA14,0.0,model_feature_importances,XGBoost,provided_plus_rdkit_descriptors,4,1
rdkit_PEOE_VSA2,0.0,model_feature_importances,XGBoost,provided_plus_rdkit_descriptors,4,1
rdkit_PEOE_VSA3,0.0,model_feature_importances,XGBoost,provided_plus_rdkit_descriptors,4,1
rdkit_PEOE_VSA5,0.0,model_feature_importances,XGBoost,provided_plus_rdkit_descriptors,4,1
rdkit_PEOE_VSA6,0.0,model_feature_importances,XGBoost,provided_plus_rdkit_descriptors,4,1
rdkit_PEOE_VSA7,0.00032939104130491614,model_feature_importances,XGBoost,provided_plus_rdkit_descriptors,4,1
rdkit_PEOE_VSA8,0.006453476846218109,model_feature_importances,XGBoost,provided_plus_rdkit_descriptors,4,1
rdkit_PEOE_VSA9,0.0007805607747286558,model_feature_importances,XGBoost,provided_plus_rdkit_descriptors,4,1
rdkit_SMR_VSA1,0.0003966204239986837,model_feature_importances,XGBoost,provided_plus_rdkit_descriptors,4,1
rdkit_SMR_VSA10,0.00032160853152163327,model_feature_importances,XGBoost,provided_plus_rdkit_descriptors,4,1
rdkit_SMR_VSA3,0.0,model_feature_importances,XGBoost,provided_plus_rdkit_descriptors,4,1
rdkit_SMR_VSA4,0.07953855395317078,model_feature_importances,XGBoost,provided_plus_rdkit_descriptors,4,1
rdkit_SMR_VSA5,0.0010888600954785943,model_feature_importances,XGBoost,provided_plus_rdkit_descriptors,4,1
rdkit_SMR_VSA6,0.0008446612628176808,model_feature_importances,XGBoost,provided_plus_rdkit_descriptors,4,1
rdkit_SMR_VSA7,0.0,model_feature_importances,XGBoost,provided_plus_rdkit_descriptors,4,1
rdkit_SlogP_VSA1,0.0,model_feature_importances,XGBoost,provided_plus_rdkit_descriptors,4,1
rdkit_SlogP_VSA12,0.0,model_feature_importances,XGBoost,provided_plus_rdkit_descriptors,4,1
rdkit_SlogP_VSA2,0.019467176869511604,model_feature_importances,XGBoost,provided_plus_rdkit_descriptors,4,1
rdkit_SlogP_VSA3,0.0017735098954290152,model_feature_importances,XGBoost,provided_plus_rdkit_descriptors,4,1
rdkit_SlogP_VSA4,0.0,model_feature_importances,XGBoost,provided_plus_rdkit_descriptors,4,1
rdkit_SlogP_VSA5,0.010914802551269531,model_feature_importances,XGBoost,provided_plus_rdkit_descriptors,4,1
rdkit_SlogP_VSA6,0.0,model_feature_importances,XGBoost,provided_plus_rdkit_descriptors,4,1
rdkit_TPSA,0.0010062361834570765,model_feature_importances,XGBoost,provided_plus_rdkit_descriptors,4,1
rdkit_EState_VSA1,0.003675478743389249,model_feature_importances,XGBoost,provided_plus_rdkit_descriptors,4,1
rdkit_EState_VSA10,0.33939534425735474,model_feature_importances,XGBoost,provided_plus_rdkit_descriptors,4,1
rdkit_EState_VSA2,0.005786305759102106,model_feature_importances,XGBoost,provided_plus_rdkit_descriptors,4,1
rdkit_EState_VSA3,0.0005073194042779505,model_feature_importances,XGBoost,provided_plus_rdkit_descriptors,4,1
rdkit_EState_VSA4,0.0,model_feature_importances,XGBoost,provided_plus_rdkit_descriptors,4,1
rdkit_EState_VSA5,0.009393037296831608,model_feature_importances,XGBoost,provided_plus_rdkit_descriptors,4,1
rdkit_EState_VSA6,0.0,model_feature_importances,XGBoost,provided_plus_rdkit_descriptors,4,1
rdkit_EState_VSA7,0.0,model_feature_importances,XGBoost,provided_plus_rdkit_descriptors,4,1
rdkit_EState_VSA8,0.0038690436631441116,model_feature_importances,XGBoost,provided_plus_rdkit_descriptors,4,1
rdkit_EState_VSA9,0.003894324414432049,model_feature_importances,XGBoost,provided_plus_rdkit_descriptors,4,1
rdkit_VSA_EState1,0.00010486209066584706,model_feature_importances,XGBoost,provided_plus_rdkit_descriptors,4,1
rdkit_VSA_EState10,0.0,model_feature_importances,XGBoost,provided_plus_rdkit_descriptors,4,1
rdkit_VSA_EState2,0.056631237268447876,model_feature_importances,XGBoost,provided_plus_rdkit_descriptors,4,1
rdkit_VSA_EState3,0.0012959943851456046,model_feature_importances,XGBoost,provided_plus_rdkit_descriptors,4,1
rdkit_VSA_EState4,0.0,model_feature_importances,XGBoost,provided_plus_rdkit_descriptors,4,1
rdkit_VSA_EState5,0.010682934895157814,model_feature_importances,XGBoost,provided_plus_rdkit_descriptors,4,1
rdkit_VSA_EState6,0.0,model_feature_importances,XGBoost,provided_plus_rdkit_descriptors,4,1
rdkit_VSA_EState7,0.005606311839073896,model_feature_importances,XGBoost,provided_plus_rdkit_descriptors,4,1
rdkit_VSA_EState8,0.014881862327456474,model_feature_importances,XGBoost,provided_plus_rdkit_descriptors,4,1
rdkit_VSA_EState9,0.0,model_feature_importances,XGBoost,provided_plus_rdkit_descriptors,4,1
rdkit_FractionCSP3,0.0004938770434819162,model_feature_importances,XGBoost,provided_plus_rdkit_descriptors,4,1
rdkit_HeavyAtomCount,0.0,model_feature_importances,XGBoost,provided_plus_rdkit_descriptors,4,1
rdkit_NHOHCount,0.0,model_feature_importances,XGBoost,provided_plus_rdkit_descriptors,4,1
rdkit_NOCount,0.0,model_feature_importances,XGBoost,provided_plus_rdkit_descriptors,4,1
rdkit_NumAliphaticCarbocycles,0.0,model_feature_importances,XGBoost,provided_plus_rdkit_descriptors,4,1
rdkit_NumAliphaticHeterocycles,0.0,model_feature_importances,XGBoost,provided_plus_rdkit_descriptors,4,1
rdkit_NumAliphaticRings,0.0,model_feature_importances,XGBoost,provided_plus_rdkit_descriptors,4,1
rdkit_NumAmideBonds,0.0,model_feature_importances,XGBoost,provided_plus_rdkit_descriptors,4,1
rdkit_NumAtomStereoCenters,0.014243479818105698,model_feature_importances,XGBoost,provided_plus_rdkit_descriptors,4,1
rdkit_NumBridgeheadAtoms,0.0,model_feature_importances,XGBoost,provided_plus_rdkit_descriptors,4,1
rdkit_NumHAcceptors,0.0,model_feature_importances,XGBoost,provided_plus_rdkit_descriptors,4,1
rdkit_NumHDonors,0.0,model_feature_importances,XGBoost,provided_plus_rdkit_descriptors,4,1
rdkit_NumHeteroatoms,0.0,model_feature_importances,XGBoost,provided_plus_rdkit_descriptors,4,1
rdkit_NumHeterocycles,0.0,model_feature_importances,XGBoost,provided_plus_rdkit_descriptors,4,1
rdkit_NumRotatableBonds,0.0005510905757546425,model_feature_importances,XGBoost,provided_plus_rdkit_descriptors,4,1
rdkit_NumSaturatedCarbocycles,0.0,model_feature_importances,XGBoost,provided_plus_rdkit_descriptors,4,1
rdkit_NumSaturatedHeterocycles,0.0,model_feature_importances,XGBoost,provided_plus_rdkit_descriptors,4,1
rdkit_NumSaturatedRings,0.0,model_feature_importances,XGBoost,provided_plus_rdkit_descriptors,4,1
rdkit_NumUnspecifiedAtomStereoCenters,0.01061665453016758,model_feature_importances,XGBoost,provided_plus_rdkit_descriptors,4,1
rdkit_Phi,0.00813549105077982,model_feature_importances,XGBoost,provided_plus_rdkit_descriptors,4,1
rdkit_RingCount,0.0,model_feature_importances,XGBoost,provided_plus_rdkit_descriptors,4,1
rdkit_MolLogP,0.008498776704072952,model_feature_importances,XGBoost,provided_plus_rdkit_descriptors,4,1
rdkit_MolMR,0.001213469309732318,model_feature_importances,XGBoost,provided_plus_rdkit_descriptors,4,1
rdkit_fr_Al_COO,0.0,model_feature_importances,XGBoost,provided_plus_rdkit_descriptors,4,1
rdkit_fr_Al_OH,0.0008584213210269809,model_feature_importances,XGBoost,provided_plus_rdkit_descriptors,4,1
rdkit_fr_Al_OH_noTert,0.0,model_feature_importances,XGBoost,provided_plus_rdkit_descriptors,4,1
rdkit_fr_COO,0.0,model_feature_importances,XGBoost,provided_plus_rdkit_descriptors,4,1
rdkit_fr_COO2,0.0,model_feature_importances,XGBoost,provided_plus_rdkit_descriptors,4,1
rdkit_fr_C_O,0.0,model_feature_importances,XGBoost,provided_plus_rdkit_descriptors,4,1
rdkit_fr_C_O_noCOO,0.0,model_feature_importances,XGBoost,provided_plus_rdkit_descriptors,4,1
rdkit_fr_NH1,0.0,model_feature_importances,XGBoost,provided_plus_rdkit_descriptors,4,1
rdkit_fr_NH2,0.0,model_feature_importances,XGBoost,provided_plus_rdkit_descriptors,4,1
rdkit_fr_aldehyde,0.00037127381074242294,model_feature_importances,XGBoost,provided_plus_rdkit_descriptors,4,1
rdkit_fr_alkyl_halide,0.0,model_feature_importances,XGBoost,provided_plus_rdkit_descriptors,4,1
rdkit_fr_allylic_oxid,0.0,model_feature_importances,XGBoost,provided_plus_rdkit_descriptors,4,1
rdkit_fr_amide,0.0,model_feature_importances,XGBoost,provided_plus_rdkit_descriptors,4,1
rdkit_fr_bicyclic,0.0,model_feature_importances,XGBoost,provided_plus_rdkit_descriptors,4,1
rdkit_fr_ether,0.0,model_feature_importances,XGBoost,provided_plus_rdkit_descriptors,4,1
rdkit_fr_halogen,0.0,model_feature_importances,XGBoost,provided_plus_rdkit_descriptors,4,1
rdkit_fr_ketone,0.004990820307284594,model_feature_importances,XGBoost,provided_plus_rdkit_descriptors,4,1
rdkit_fr_ketone_Topliss,0.0,model_feature_importances,XGBoost,provided_plus_rdkit_descriptors,4,1
rdkit_fr_methoxy,0.0,model_feature_importances,XGBoost,provided_plus_rdkit_descriptors,4,1
rdkit_fr_phos_acid,0.0,model_feature_importances,XGBoost,provided_plus_rdkit_descriptors,4,1
rdkit_fr_phos_ester,0.0,model_feature_importances,XGBoost,provided_plus_rdkit_descriptors,4,1
Molecular weight (Da),0.0029765211511403322,model_feature_importances,XGBoost,provided_plus_rdkit_descriptors,4,2
Solubility (mg/mL),0.012332160957157612,model_feature_importances,XGBoost,provided_plus_rdkit_descriptors,4,2
"Glass transition temperature (Tg, degC)",0.004213582258671522,model_feature_importances,XGBoost,provided_plus_rdkit_descriptors,4,2
Viscosity (mPa.s),0.0013239303370937705,model_feature_importances,XGBoost,provided_plus_rdkit_descriptors,4,2
Concentration (% w/v),0.0033459842670708895,model_feature_importances,XGBoost,provided_plus_rdkit_descriptors,4,2
rdkit_MaxAbsEStateIndex,0.005153350066393614,model_feature_importances,XGBoost,provided_plus_rdkit_descriptors,4,2
rdkit_MaxEStateIndex,0.0,model_feature_importances,XGBoost,provided_plus_rdkit_descriptors,4,2
rdkit_MinAbsEStateIndex,0.0053747002966701984,model_feature_importances,XGBoost,provided_plus_rdkit_descriptors,4,2
rdkit_MinEStateIndex,0.017498452216386795,model_feature_importances,XGBoost,provided_plus_rdkit_descriptors,4,2
rdkit_qed,0.017845040187239647,model_feature_importances,XGBoost,provided_plus_rdkit_descriptors,4,2
rdkit_SPS,0.008734113536775112,model_feature_importances,XGBoost,provided_plus_rdkit_descriptors,4,2
rdkit_MolWt,0.0,model_feature_importances,XGBoost,provided_plus_rdkit_descriptors,4,2
rdkit_HeavyAtomMolWt,0.0012556915171444416,model_feature_importances,XGBoost,provided_plus_rdkit_descriptors,4,2
rdkit_ExactMolWt,0.0,model_feature_importances,XGBoost,provided_plus_rdkit_descriptors,4,2
rdkit_NumValenceElectrons,0.0,model_feature_importances,XGBoost,provided_plus_rdkit_descriptors,4,2
rdkit_MaxPartialCharge,0.009286291897296906,model_feature_importances,XGBoost,provided_plus_rdkit_descriptors,4,2
rdkit_MinPartialCharge,0.009260531514883041,model_feature_importances,XGBoost,provided_plus_rdkit_descriptors,4,2
rdkit_MaxAbsPartialCharge,0.00053275196114555,model_feature_importances,XGBoost,provided_plus_rdkit_descriptors,4,2
rdkit_MinAbsPartialCharge,0.0,model_feature_importances,XGBoost,provided_plus_rdkit_descriptors,4,2
rdkit_FpDensityMorgan1,0.0022183808032423258,model_feature_importances,XGBoost,provided_plus_rdkit_descriptors,4,2
rdkit_FpDensityMorgan2,0.005282971542328596,model_feature_importances,XGBoost,provided_plus_rdkit_descriptors,4,2
rdkit_FpDensityMorgan3,0.0017257905565202236,model_feature_importances,XGBoost,provided_plus_rdkit_descriptors,4,2
rdkit_BCUT2D_MWHI,0.007352757733315229,model_feature_importances,XGBoost,provided_plus_rdkit_descriptors,4,2
rdkit_BCUT2D_MWLOW,0.0033358726650476456,model_feature_importances,XGBoost,provided_plus_rdkit_descriptors,4,2
rdkit_BCUT2D_CHGHI,0.005214432720094919,model_feature_importances,XGBoost,provided_plus_rdkit_descriptors,4,2
rdkit_BCUT2D_CHGLO,0.003930976614356041,model_feature_importances,XGBoost,provided_plus_rdkit_descriptors,4,2
rdkit_BCUT2D_LOGPHI,0.0003795832162722945,model_feature_importances,XGBoost,provided_plus_rdkit_descriptors,4,2
rdkit_BCUT2D_LOGPLOW,0.00023028941359370947,model_feature_importances,XGBoost,provided_plus_rdkit_descriptors,4,2
rdkit_BCUT2D_MRHI,0.004842488095164299,model_feature_importances,XGBoost,provided_plus_rdkit_descriptors,4,2
rdkit_BCUT2D_MRLOW,0.006359300576150417,model_feature_importances,XGBoost,provided_plus_rdkit_descriptors,4,2
rdkit_AvgIpc,0.015818238258361816,model_feature_importances,XGBoost,provided_plus_rdkit_descriptors,4,2
rdkit_BalabanJ,0.0019377029966562986,model_feature_importances,XGBoost,provided_plus_rdkit_descriptors,4,2
rdkit_BertzCT,0.00048460805555805564,model_feature_importances,XGBoost,provided_plus_rdkit_descriptors,4,2
rdkit_Chi0,4.8523288569413126e-05,model_feature_importances,XGBoost,provided_plus_rdkit_descriptors,4,2
rdkit_Chi0n,0.0013737677363678813,model_feature_importances,XGBoost,provided_plus_rdkit_descriptors,4,2
rdkit_Chi0v,0.06304217875003815,model_feature_importances,XGBoost,provided_plus_rdkit_descriptors,4,2
rdkit_Chi1,0.0,model_feature_importances,XGBoost,provided_plus_rdkit_descriptors,4,2
rdkit_Chi1n,0.00013538003258872777,model_feature_importances,XGBoost,provided_plus_rdkit_descriptors,4,2
rdkit_Chi1v,0.0,model_feature_importances,XGBoost,provided_plus_rdkit_descriptors,4,2
rdkit_Chi2n,0.001029075006954372,model_feature_importances,XGBoost,provided_plus_rdkit_descriptors,4,2
rdkit_Chi2v,0.0,model_feature_importances,XGBoost,provided_plus_rdkit_descriptors,4,2
rdkit_Chi3n,0.00011558322148630396,model_feature_importances,XGBoost,provided_plus_rdkit_descriptors,4,2
rdkit_Chi3v,0.0003188521950505674,model_feature_importances,XGBoost,provided_plus_rdkit_descriptors,4,2
rdkit_Chi4n,0.001190630835480988,model_feature_importances,XGBoost,provided_plus_rdkit_descriptors,4,2
rdkit_Chi4v,0.0005190374795347452,model_feature_importances,XGBoost,provided_plus_rdkit_descriptors,4,2
rdkit_HallKierAlpha,0.02441474422812462,model_feature_importances,XGBoost,provided_plus_rdkit_descriptors,4,2
rdkit_Ipc,0.0008225381607189775,model_feature_importances,XGBoost,provided_plus_rdkit_descriptors,4,2
rdkit_Kappa1,0.005371623206883669,model_feature_importances,XGBoost,provided_plus_rdkit_descriptors,4,2
rdkit_Kappa2,0.0004033671284560114,model_feature_importances,XGBoost,provided_plus_rdkit_descriptors,4,2
rdkit_Kappa3,0.0008535115630365908,model_feature_importances,XGBoost,provided_plus_rdkit_descriptors,4,2
rdkit_LabuteASA,0.0,model_feature_importances,XGBoost,provided_plus_rdkit_descriptors,4,2
rdkit_PEOE_VSA1,0.004934047814458609,model_feature_importances,XGBoost,provided_plus_rdkit_descriptors,4,2
rdkit_PEOE_VSA10,0.0014831250300630927,model_feature_importances,XGBoost,provided_plus_rdkit_descriptors,4,2
rdkit_PEOE_VSA11,0.0038649484049528837,model_feature_importances,XGBoost,provided_plus_rdkit_descriptors,4,2
rdkit_PEOE_VSA12,0.00014236918650567532,model_feature_importances,XGBoost,provided_plus_rdkit_descriptors,4,2
rdkit_PEOE_VSA14,0.0,model_feature_importances,XGBoost,provided_plus_rdkit_descriptors,4,2
rdkit_PEOE_VSA2,0.0,model_feature_importances,XGBoost,provided_plus_rdkit_descriptors,4,2
rdkit_PEOE_VSA3,0.0,model_feature_importances,XGBoost,provided_plus_rdkit_descriptors,4,2
rdkit_PEOE_VSA5,0.0,model_feature_importances,XGBoost,provided_plus_rdkit_descriptors,4,2
rdkit_PEOE_VSA6,8.32796431495808e-05,model_feature_importances,XGBoost,provided_plus_rdkit_descriptors,4,2
rdkit_PEOE_VSA7,0.00010392601689090952,model_feature_importances,XGBoost,provided_plus_rdkit_descriptors,4,2
rdkit_PEOE_VSA8,0.0028134232852607965,model_feature_importances,XGBoost,provided_plus_rdkit_descriptors,4,2
rdkit_PEOE_VSA9,0.0001751119561959058,model_feature_importances,XGBoost,provided_plus_rdkit_descriptors,4,2
rdkit_SMR_VSA1,0.001076111220754683,model_feature_importances,XGBoost,provided_plus_rdkit_descriptors,4,2
rdkit_SMR_VSA10,0.0012487696949392557,model_feature_importances,XGBoost,provided_plus_rdkit_descriptors,4,2
rdkit_SMR_VSA3,0.001969312783330679,model_feature_importances,XGBoost,provided_plus_rdkit_descriptors,4,2
rdkit_SMR_VSA4,0.001104960567317903,model_feature_importances,XGBoost,provided_plus_rdkit_descriptors,4,2
rdkit_SMR_VSA5,0.0009359552059322596,model_feature_importances,XGBoost,provided_plus_rdkit_descriptors,4,2
rdkit_SMR_VSA6,7.530397124355659e-05,model_feature_importances,XGBoost,provided_plus_rdkit_descriptors,4,2
rdkit_SMR_VSA7,0.0,model_feature_importances,XGBoost,provided_plus_rdkit_descriptors,4,2
rdkit_SlogP_VSA1,0.0,model_feature_importances,XGBoost,provided_plus_rdkit_descriptors,4,2
rdkit_SlogP_VSA12,0.0,model_feature_importances,XGBoost,provided_plus_rdkit_descriptors,4,2
rdkit_SlogP_VSA2,0.0009987516095861793,model_feature_importances,XGBoost,provided_plus_rdkit_descriptors,4,2
rdkit_SlogP_VSA3,0.006676034070551395,model_feature_importances,XGBoost,provided_plus_rdkit_descriptors,4,2
rdkit_SlogP_VSA4,0.0,model_feature_importances,XGBoost,provided_plus_rdkit_descriptors,4,2
rdkit_SlogP_VSA5,0.007422788068652153,model_feature_importances,XGBoost,provided_plus_rdkit_descriptors,4,2
rdkit_SlogP_VSA6,0.0,model_feature_importances,XGBoost,provided_plus_rdkit_descriptors,4,2
rdkit_TPSA,0.0,model_feature_importances,XGBoost,provided_plus_rdkit_descriptors,4,2
rdkit_EState_VSA1,0.05215273052453995,model_feature_importances,XGBoost,provided_plus_rdkit_descriptors,4,2
rdkit_EState_VSA10,0.30358320474624634,model_feature_importances,XGBoost,provided_plus_rdkit_descriptors,4,2
rdkit_EState_VSA2,0.0039900681003928185,model_feature_importances,XGBoost,provided_plus_rdkit_descriptors,4,2
rdkit_EState_VSA3,0.0014114347286522388,model_feature_importances,XGBoost,provided_plus_rdkit_descriptors,4,2
rdkit_EState_VSA4,0.0,model_feature_importances,XGBoost,provided_plus_rdkit_descriptors,4,2
rdkit_EState_VSA5,0.004589247051626444,model_feature_importances,XGBoost,provided_plus_rdkit_descriptors,4,2
rdkit_EState_VSA6,0.0,model_feature_importances,XGBoost,provided_plus_rdkit_descriptors,4,2
rdkit_EState_VSA7,0.0,model_feature_importances,XGBoost,provided_plus_rdkit_descriptors,4,2
rdkit_EState_VSA8,0.001240769401192665,model_feature_importances,XGBoost,provided_plus_rdkit_descriptors,4,2
rdkit_EState_VSA9,0.020691948011517525,model_feature_importances,XGBoost,provided_plus_rdkit_descriptors,4,2
rdkit_VSA_EState1,0.0,model_feature_importances,XGBoost,provided_plus_rdkit_descriptors,4,2
rdkit_VSA_EState10,0.0,model_feature_importances,XGBoost,provided_plus_rdkit_descriptors,4,2
rdkit_VSA_EState2,0.03899528831243515,model_feature_importances,XGBoost,provided_plus_rdkit_descriptors,4,2
rdkit_VSA_EState3,0.030838098376989365,model_feature_importances,XGBoost,provided_plus_rdkit_descriptors,4,2
rdkit_VSA_EState4,0.0,model_feature_importances,XGBoost,provided_plus_rdkit_descriptors,4,2
rdkit_VSA_EState5,0.0008690037648193538,model_feature_importances,XGBoost,provided_plus_rdkit_descriptors,4,2
rdkit_VSA_EState6,0.0,model_feature_importances,XGBoost,provided_plus_rdkit_descriptors,4,2
rdkit_VSA_EState7,0.011459719389677048,model_feature_importances,XGBoost,provided_plus_rdkit_descriptors,4,2
rdkit_VSA_EState8,0.030233394354581833,model_feature_importances,XGBoost,provided_plus_rdkit_descriptors,4,2
rdkit_VSA_EState9,0.0,model_feature_importances,XGBoost,provided_plus_rdkit_descriptors,4,2
rdkit_FractionCSP3,0.0006903345347382128,model_feature_importances,XGBoost,provided_plus_rdkit_descriptors,4,2
rdkit_HeavyAtomCount,0.0,model_feature_importances,XGBoost,provided_plus_rdkit_descriptors,4,2
rdkit_NHOHCount,0.017634514719247818,model_feature_importances,XGBoost,provided_plus_rdkit_descriptors,4,2
rdkit_NOCount,0.0,model_feature_importances,XGBoost,provided_plus_rdkit_descriptors,4,2
rdkit_NumAliphaticCarbocycles,0.0,model_feature_importances,XGBoost,provided_plus_rdkit_descriptors,4,2
rdkit_NumAliphaticHeterocycles,0.0,model_feature_importances,XGBoost,provided_plus_rdkit_descriptors,4,2
rdkit_NumAliphaticRings,0.0,model_feature_importances,XGBoost,provided_plus_rdkit_descriptors,4,2
rdkit_NumAmideBonds,0.0,model_feature_importances,XGBoost,provided_plus_rdkit_descriptors,4,2
rdkit_NumAtomStereoCenters,0.007752619218081236,model_feature_importances,XGBoost,provided_plus_rdkit_descriptors,4,2
rdkit_NumBridgeheadAtoms,0.0,model_feature_importances,XGBoost,provided_plus_rdkit_descriptors,4,2
rdkit_NumHAcceptors,0.0,model_feature_importances,XGBoost,provided_plus_rdkit_descriptors,4,2
rdkit_NumHDonors,0.0,model_feature_importances,XGBoost,provided_plus_rdkit_descriptors,4,2
rdkit_NumHeteroatoms,0.0,model_feature_importances,XGBoost,provided_plus_rdkit_descriptors,4,2
rdkit_NumHeterocycles,0.0,model_feature_importances,XGBoost,provided_plus_rdkit_descriptors,4,2
rdkit_NumRotatableBonds,0.0,model_feature_importances,XGBoost,provided_plus_rdkit_descriptors,4,2
rdkit_NumSaturatedCarbocycles,0.0,model_feature_importances,XGBoost,provided_plus_rdkit_descriptors,4,2
rdkit_NumSaturatedHeterocycles,0.0,model_feature_importances,XGBoost,provided_plus_rdkit_descriptors,4,2
rdkit_NumSaturatedRings,0.0,model_feature_importances,XGBoost,provided_plus_rdkit_descriptors,4,2
rdkit_NumUnspecifiedAtomStereoCenters,0.014836100861430168,model_feature_importances,XGBoost,provided_plus_rdkit_descriptors,4,2
rdkit_Phi,0.0002228170051239431,model_feature_importances,XGBoost,provided_plus_rdkit_descriptors,4,2
rdkit_RingCount,0.0,model_feature_importances,XGBoost,provided_plus_rdkit_descriptors,4,2
rdkit_MolLogP,0.014780807308852673,model_feature_importances,XGBoost,provided_plus_rdkit_descriptors,4,2
rdkit_MolMR,0.0,model_feature_importances,XGBoost,provided_plus_rdkit_descriptors,4,2
rdkit_fr_Al_COO,0.0,model_feature_importances,XGBoost,provided_plus_rdkit_descriptors,4,2
rdkit_fr_Al_OH,0.026429861783981323,model_feature_importances,XGBoost,provided_plus_rdkit_descriptors,4,2
rdkit_fr_Al_OH_noTert,0.0,model_feature_importances,XGBoost,provided_plus_rdkit_descriptors,4,2
rdkit_fr_COO,0.0,model_feature_importances,XGBoost,provided_plus_rdkit_descriptors,4,2
rdkit_fr_COO2,0.0,model_feature_importances,XGBoost,provided_plus_rdkit_descriptors,4,2
rdkit_fr_C_O,0.0,model_feature_importances,XGBoost,provided_plus_rdkit_descriptors,4,2
rdkit_fr_C_O_noCOO,0.0003144962538499385,model_feature_importances,XGBoost,provided_plus_rdkit_descriptors,4,2
rdkit_fr_NH1,0.0,model_feature_importances,XGBoost,provided_plus_rdkit_descriptors,4,2
rdkit_fr_NH2,0.0,model_feature_importances,XGBoost,provided_plus_rdkit_descriptors,4,2
rdkit_fr_aldehyde,0.12428997457027435,model_feature_importances,XGBoost,provided_plus_rdkit_descriptors,4,2
rdkit_fr_alkyl_halide,0.0,model_feature_importances,XGBoost,provided_plus_rdkit_descriptors,4,2
rdkit_fr_allylic_oxid,0.0,model_feature_importances,XGBoost,provided_plus_rdkit_descriptors,4,2
rdkit_fr_amide,0.0,model_feature_importances,XGBoost,provided_plus_rdkit_descriptors,4,2
rdkit_fr_bicyclic,0.0,model_feature_importances,XGBoost,provided_plus_rdkit_descriptors,4,2
rdkit_fr_ether,0.0,model_feature_importances,XGBoost,provided_plus_rdkit_descriptors,4,2
rdkit_fr_halogen,0.0,model_feature_importances,XGBoost,provided_plus_rdkit_descriptors,4,2
rdkit_fr_ketone,0.0,model_feature_importances,XGBoost,provided_plus_rdkit_descriptors,4,2
rdkit_fr_ketone_Topliss,0.0,model_feature_importances,XGBoost,provided_plus_rdkit_descriptors,4,2
rdkit_fr_methoxy,0.0,model_feature_importances,XGBoost,provided_plus_rdkit_descriptors,4,2
rdkit_fr_phos_acid,0.0,model_feature_importances,XGBoost,provided_plus_rdkit_descriptors,4,2
rdkit_fr_phos_ester,0.0,model_feature_importances,XGBoost,provided_plus_rdkit_descriptors,4,2
Molecular weight (Da),0.005108347628265619,model_feature_importances,XGBoost,provided_plus_rdkit_descriptors,4,3
Solubility (mg/mL),0.018032783642411232,model_feature_importances,XGBoost,provided_plus_rdkit_descriptors,4,3
"Glass transition temperature (Tg, degC)",0.004228429403156042,model_feature_importances,XGBoost,provided_plus_rdkit_descriptors,4,3
Viscosity (mPa.s),0.002037185477092862,model_feature_importances,XGBoost,provided_plus_rdkit_descriptors,4,3
Concentration (% w/v),0.0032724931370466948,model_feature_importances,XGBoost,provided_plus_rdkit_descriptors,4,3
rdkit_MaxAbsEStateIndex,0.01509926375001669,model_feature_importances,XGBoost,provided_plus_rdkit_descriptors,4,3
rdkit_MaxEStateIndex,0.0,model_feature_importances,XGBoost,provided_plus_rdkit_descriptors,4,3
rdkit_MinAbsEStateIndex,0.01776810735464096,model_feature_importances,XGBoost,provided_plus_rdkit_descriptors,4,3
rdkit_MinEStateIndex,0.005205086432397366,model_feature_importances,XGBoost,provided_plus_rdkit_descriptors,4,3
rdkit_qed,0.0027312636375427246,model_feature_importances,XGBoost,provided_plus_rdkit_descriptors,4,3
rdkit_SPS,0.01001940667629242,model_feature_importances,XGBoost,provided_plus_rdkit_descriptors,4,3
rdkit_MolWt,0.0,model_feature_importances,XGBoost,provided_plus_rdkit_descriptors,4,3
rdkit_HeavyAtomMolWt,0.0,model_feature_importances,XGBoost,provided_plus_rdkit_descriptors,4,3
rdkit_ExactMolWt,0.0,model_feature_importances,XGBoost,provided_plus_rdkit_descriptors,4,3
rdkit_NumValenceElectrons,0.0,model_feature_importances,XGBoost,provided_plus_rdkit_descriptors,4,3
rdkit_MaxPartialCharge,0.022201821208000183,model_feature_importances,XGBoost,provided_plus_rdkit_descriptors,4,3
rdkit_MinPartialCharge,0.0027178360614925623,model_feature_importances,XGBoost,provided_plus_rdkit_descriptors,4,3
rdkit_MaxAbsPartialCharge,0.002656537340953946,model_feature_importances,XGBoost,provided_plus_rdkit_descriptors,4,3
rdkit_MinAbsPartialCharge,0.0,model_feature_importances,XGBoost,provided_plus_rdkit_descriptors,4,3
rdkit_FpDensityMorgan1,0.0018102963222190738,model_feature_importances,XGBoost,provided_plus_rdkit_descriptors,4,3
rdkit_FpDensityMorgan2,0.0013529733987525105,model_feature_importances,XGBoost,provided_plus_rdkit_descriptors,4,3
rdkit_FpDensityMorgan3,0.0027132639661431313,model_feature_importances,XGBoost,provided_plus_rdkit_descriptors,4,3
rdkit_BCUT2D_MWHI,0.004359525162726641,model_feature_importances,XGBoost,provided_plus_rdkit_descriptors,4,3
rdkit_BCUT2D_MWLOW,0.004202514421194792,model_feature_importances,XGBoost,provided_plus_rdkit_descriptors,4,3
rdkit_BCUT2D_CHGHI,0.018289219588041306,model_feature_importances,XGBoost,provided_plus_rdkit_descriptors,4,3
rdkit_BCUT2D_CHGLO,0.0025185549166053534,model_feature_importances,XGBoost,provided_plus_rdkit_descriptors,4,3
rdkit_BCUT2D_LOGPHI,0.0004432665300555527,model_feature_importances,XGBoost,provided_plus_rdkit_descriptors,4,3
rdkit_BCUT2D_LOGPLOW,0.004780478309839964,model_feature_importances,XGBoost,provided_plus_rdkit_descriptors,4,3
rdkit_BCUT2D_MRHI,0.007143415044993162,model_feature_importances,XGBoost,provided_plus_rdkit_descriptors,4,3
rdkit_BCUT2D_MRLOW,0.01392581406980753,model_feature_importances,XGBoost,provided_plus_rdkit_descriptors,4,3
rdkit_AvgIpc,0.005858462303876877,model_feature_importances,XGBoost,provided_plus_rdkit_descriptors,4,3
rdkit_BalabanJ,0.0005079898401163518,model_feature_importances,XGBoost,provided_plus_rdkit_descriptors,4,3
rdkit_BertzCT,0.004437483847141266,model_feature_importances,XGBoost,provided_plus_rdkit_descriptors,4,3
rdkit_Chi0,0.0,model_feature_importances,XGBoost,provided_plus_rdkit_descriptors,4,3
rdkit_Chi0n,0.018495721742510796,model_feature_importances,XGBoost,provided_plus_rdkit_descriptors,4,3
rdkit_Chi0v,0.00875941663980484,model_feature_importances,XGBoost,provided_plus_rdkit_descriptors,4,3
rdkit_Chi1,0.0004065852554049343,model_feature_importances,XGBoost,provided_plus_rdkit_descriptors,4,3
rdkit_Chi1n,0.010430926457047462,model_feature_importances,XGBoost,provided_plus_rdkit_descriptors,4,3
rdkit_Chi1v,0.0002844177361112088,model_feature_importances,XGBoost,provided_plus_rdkit_descriptors,4,3
rdkit_Chi2n,0.00020279835734982044,model_feature_importances,XGBoost,provided_plus_rdkit_descriptors,4,3
rdkit_Chi2v,0.00016838176816236228,model_feature_importances,XGBoost,provided_plus_rdkit_descriptors,4,3
rdkit_Chi3n,0.0,model_feature_importances,XGBoost,provided_plus_rdkit_descriptors,4,3
rdkit_Chi3v,0.025392930954694748,model_feature_importances,XGBoost,provided_plus_rdkit_descriptors,4,3
rdkit_Chi4n,0.003366823075339198,model_feature_importances,XGBoost,provided_plus_rdkit_descriptors,4,3
rdkit_Chi4v,0.00028880720492452383,model_feature_importances,XGBoost,provided_plus_rdkit_descriptors,4,3
rdkit_HallKierAlpha,0.011417106725275517,model_feature_importances,XGBoost,provided_plus_rdkit_descriptors,4,3
rdkit_Ipc,0.0015683413948863745,model_feature_importances,XGBoost,provided_plus_rdkit_descriptors,4,3
rdkit_Kappa1,0.004366192501038313,model_feature_importances,XGBoost,provided_plus_rdkit_descriptors,4,3
rdkit_Kappa2,0.0022224406711757183,model_feature_importances,XGBoost,provided_plus_rdkit_descriptors,4,3
rdkit_Kappa3,0.003161696018651128,model_feature_importances,XGBoost,provided_plus_rdkit_descriptors,4,3
rdkit_LabuteASA,0.0,model_feature_importances,XGBoost,provided_plus_rdkit_descriptors,4,3
rdkit_PEOE_VSA1,0.01273546926677227,model_feature_importances,XGBoost,provided_plus_rdkit_descriptors,4,3
rdkit_PEOE_VSA10,0.0005509874899871647,model_feature_importances,XGBoost,provided_plus_rdkit_descriptors,4,3
rdkit_PEOE_VSA11,0.021548409014940262,model_feature_importances,XGBoost,provided_plus_rdkit_descriptors,4,3
rdkit_PEOE_VSA12,3.686528361868113e-05,model_feature_importances,XGBoost,provided_plus_rdkit_descriptors,4,3
rdkit_PEOE_VSA14,0.00011566133616724983,model_feature_importances,XGBoost,provided_plus_rdkit_descriptors,4,3
rdkit_PEOE_VSA2,0.0,model_feature_importances,XGBoost,provided_plus_rdkit_descriptors,4,3
rdkit_PEOE_VSA3,0.0,model_feature_importances,XGBoost,provided_plus_rdkit_descriptors,4,3
rdkit_PEOE_VSA5,0.0,model_feature_importances,XGBoost,provided_plus_rdkit_descriptors,4,3
rdkit_PEOE_VSA6,0.00012007768236799166,model_feature_importances,XGBoost,provided_plus_rdkit_descriptors,4,3
rdkit_PEOE_VSA7,0.002711416920647025,model_feature_importances,XGBoost,provided_plus_rdkit_descriptors,4,3
rdkit_PEOE_VSA8,0.00014343114162329584,model_feature_importances,XGBoost,provided_plus_rdkit_descriptors,4,3
rdkit_PEOE_VSA9,0.013831837102770805,model_feature_importances,XGBoost,provided_plus_rdkit_descriptors,4,3
rdkit_SMR_VSA1,0.0027003390714526176,model_feature_importances,XGBoost,provided_plus_rdkit_descriptors,4,3
rdkit_SMR_VSA10,0.0013407071819528937,model_feature_importances,XGBoost,provided_plus_rdkit_descriptors,4,3
rdkit_SMR_VSA3,0.0,model_feature_importances,XGBoost,provided_plus_rdkit_descriptors,4,3
rdkit_SMR_VSA4,0.0,model_feature_importances,XGBoost,provided_plus_rdkit_descriptors,4,3
rdkit_SMR_VSA5,0.0012627530377358198,model_feature_importances,XGBoost,provided_plus_rdkit_descriptors,4,3
rdkit_SMR_VSA6,0.0003760663385037333,model_feature_importances,XGBoost,provided_plus_rdkit_descriptors,4,3
rdkit_SMR_VSA7,0.0,model_feature_importances,XGBoost,provided_plus_rdkit_descriptors,4,3
rdkit_SlogP_VSA1,0.0,model_feature_importances,XGBoost,provided_plus_rdkit_descriptors,4,3
rdkit_SlogP_VSA12,0.0,model_feature_importances,XGBoost,provided_plus_rdkit_descriptors,4,3
rdkit_SlogP_VSA2,0.0,model_feature_importances,XGBoost,provided_plus_rdkit_descriptors,4,3
rdkit_SlogP_VSA3,0.09057044237852097,model_feature_importances,XGBoost,provided_plus_rdkit_descriptors,4,3
rdkit_SlogP_VSA4,0.0,model_feature_importances,XGBoost,provided_plus_rdkit_descriptors,4,3
rdkit_SlogP_VSA5,0.0013669414911419153,model_feature_importances,XGBoost,provided_plus_rdkit_descriptors,4,3
rdkit_SlogP_VSA6,0.0,model_feature_importances,XGBoost,provided_plus_rdkit_descriptors,4,3
rdkit_TPSA,0.0002795798354782164,model_feature_importances,XGBoost,provided_plus_rdkit_descriptors,4,3
rdkit_EState_VSA1,0.002499285386875272,model_feature_importances,XGBoost,provided_plus_rdkit_descriptors,4,3
rdkit_EState_VSA10,0.4450075328350067,model_feature_importances,XGBoost,provided_plus_rdkit_descriptors,4,3
rdkit_EState_VSA2,0.004800971131771803,model_feature_importances,XGBoost,provided_plus_rdkit_descriptors,4,3
rdkit_EState_VSA3,0.002903563203290105,model_feature_importances,XGBoost,provided_plus_rdkit_descriptors,4,3
rdkit_EState_VSA4,0.0,model_feature_importances,XGBoost,provided_plus_rdkit_descriptors,4,3
rdkit_EState_VSA5,0.00015499762957915664,model_feature_importances,XGBoost,provided_plus_rdkit_descriptors,4,3
rdkit_EState_VSA6,0.0,model_feature_importances,XGBoost,provided_plus_rdkit_descriptors,4,3
rdkit_EState_VSA7,0.0,model_feature_importances,XGBoost,provided_plus_rdkit_descriptors,4,3
rdkit_EState_VSA8,0.004035910591483116,model_feature_importances,XGBoost,provided_plus_rdkit_descriptors,4,3
rdkit_EState_VSA9,0.0038079458754509687,model_feature_importances,XGBoost,provided_plus_rdkit_descriptors,4,3
rdkit_VSA_EState1,0.0007421178161166608,model_feature_importances,XGBoost,provided_plus_rdkit_descriptors,4,3
rdkit_VSA_EState10,0.0,model_feature_importances,XGBoost,provided_plus_rdkit_descriptors,4,3
rdkit_VSA_EState2,0.011640799231827259,model_feature_importances,XGBoost,provided_plus_rdkit_descriptors,4,3
rdkit_VSA_EState3,0.01372565794736147,model_feature_importances,XGBoost,provided_plus_rdkit_descriptors,4,3
rdkit_VSA_EState4,0.0,model_feature_importances,XGBoost,provided_plus_rdkit_descriptors,4,3
rdkit_VSA_EState5,0.0009953317930921912,model_feature_importances,XGBoost,provided_plus_rdkit_descriptors,4,3
rdkit_VSA_EState6,0.0,model_feature_importances,XGBoost,provided_plus_rdkit_descriptors,4,3
rdkit_VSA_EState7,0.023980164900422096,model_feature_importances,XGBoost,provided_plus_rdkit_descriptors,4,3
rdkit_VSA_EState8,0.02318447269499302,model_feature_importances,XGBoost,provided_plus_rdkit_descriptors,4,3
rdkit_VSA_EState9,0.0,model_feature_importances,XGBoost,provided_plus_rdkit_descriptors,4,3
rdkit_FractionCSP3,0.00431767338886857,model_feature_importances,XGBoost,provided_plus_rdkit_descriptors,4,3
rdkit_HeavyAtomCount,0.0,model_feature_importances,XGBoost,provided_plus_rdkit_descriptors,4,3
rdkit_NHOHCount,0.0001267704792553559,model_feature_importances,XGBoost,provided_plus_rdkit_descriptors,4,3
rdkit_NOCount,0.0,model_feature_importances,XGBoost,provided_plus_rdkit_descriptors,4,3
rdkit_NumAliphaticCarbocycles,0.0,model_feature_importances,XGBoost,provided_plus_rdkit_descriptors,4,3
rdkit_NumAliphaticHeterocycles,0.0,model_feature_importances,XGBoost,provided_plus_rdkit_descriptors,4,3
rdkit_NumAliphaticRings,0.0,model_feature_importances,XGBoost,provided_plus_rdkit_descriptors,4,3
rdkit_NumAmideBonds,0.0,model_feature_importances,XGBoost,provided_plus_rdkit_descriptors,4,3
rdkit_NumAtomStereoCenters,0.0006478824652731419,model_feature_importances,XGBoost,provided_plus_rdkit_descriptors,4,3
rdkit_NumBridgeheadAtoms,0.0,model_feature_importances,XGBoost,provided_plus_rdkit_descriptors,4,3
rdkit_NumHAcceptors,0.0,model_feature_importances,XGBoost,provided_plus_rdkit_descriptors,4,3
rdkit_NumHDonors,0.0,model_feature_importances,XGBoost,provided_plus_rdkit_descriptors,4,3
rdkit_NumHeteroatoms,0.0,model_feature_importances,XGBoost,provided_plus_rdkit_descriptors,4,3
rdkit_NumHeterocycles,0.0,model_feature_importances,XGBoost,provided_plus_rdkit_descriptors,4,3
rdkit_NumRotatableBonds,0.0005971761420369148,model_feature_importances,XGBoost,provided_plus_rdkit_descriptors,4,3
rdkit_NumSaturatedCarbocycles,0.0,model_feature_importances,XGBoost,provided_plus_rdkit_descriptors,4,3
rdkit_NumSaturatedHeterocycles,0.0,model_feature_importances,XGBoost,provided_plus_rdkit_descriptors,4,3
rdkit_NumSaturatedRings,0.0,model_feature_importances,XGBoost,provided_plus_rdkit_descriptors,4,3
rdkit_NumUnspecifiedAtomStereoCenters,0.002186534460633993,model_feature_importances,XGBoost,provided_plus_rdkit_descriptors,4,3
rdkit_Phi,0.0006677467026747763,model_feature_importances,XGBoost,provided_plus_rdkit_descriptors,4,3
rdkit_RingCount,0.0,model_feature_importances,XGBoost,provided_plus_rdkit_descriptors,4,3
rdkit_MolLogP,0.027991631999611855,model_feature_importances,XGBoost,provided_plus_rdkit_descriptors,4,3
rdkit_MolMR,0.00044249603524804115,model_feature_importances,XGBoost,provided_plus_rdkit_descriptors,4,3
rdkit_fr_Al_COO,0.0,model_feature_importances,XGBoost,provided_plus_rdkit_descriptors,4,3
rdkit_fr_Al_OH,0.0,model_feature_importances,XGBoost,provided_plus_rdkit_descriptors,4,3
rdkit_fr_Al_OH_noTert,0.0,model_feature_importances,XGBoost,provided_plus_rdkit_descriptors,4,3
rdkit_fr_COO,0.0,model_feature_importances,XGBoost,provided_plus_rdkit_descriptors,4,3
rdkit_fr_COO2,0.0,model_feature_importances,XGBoost,provided_plus_rdkit_descriptors,4,3
rdkit_fr_C_O,0.0,model_feature_importances,XGBoost,provided_plus_rdkit_descriptors,4,3
rdkit_fr_C_O_noCOO,0.0,model_feature_importances,XGBoost,provided_plus_rdkit_descriptors,4,3
rdkit_fr_NH1,0.0,model_feature_importances,XGBoost,provided_plus_rdkit_descriptors,4,3
rdkit_fr_NH2,0.0,model_feature_importances,XGBoost,provided_plus_rdkit_descriptors,4,3
rdkit_fr_aldehyde,0.0009388359030708671,model_feature_importances,XGBoost,provided_plus_rdkit_descriptors,4,3
rdkit_fr_alkyl_halide,0.0,model_feature_importances,XGBoost,provided_plus_rdkit_descriptors,4,3
rdkit_fr_allylic_oxid,0.0,model_feature_importances,XGBoost,provided_plus_rdkit_descriptors,4,3
rdkit_fr_amide,0.0,model_feature_importances,XGBoost,provided_plus_rdkit_descriptors,4,3
rdkit_fr_bicyclic,0.0,model_feature_importances,XGBoost,provided_plus_rdkit_descriptors,4,3
rdkit_fr_ether,0.0,model_feature_importances,XGBoost,provided_plus_rdkit_descriptors,4,3
rdkit_fr_halogen,0.0,model_feature_importances,XGBoost,provided_plus_rdkit_descriptors,4,3
rdkit_fr_ketone,0.0009591042180545628,model_feature_importances,XGBoost,provided_plus_rdkit_descriptors,4,3
rdkit_fr_ketone_Topliss,0.0,model_feature_importances,XGBoost,provided_plus_rdkit_descriptors,4,3
rdkit_fr_methoxy,0.0,model_feature_importances,XGBoost,provided_plus_rdkit_descriptors,4,3
rdkit_fr_phos_acid,0.0,model_feature_importances,XGBoost,provided_plus_rdkit_descriptors,4,3
rdkit_fr_phos_ester,0.0,model_feature_importances,XGBoost,provided_plus_rdkit_descriptors,4,3
Molecular weight (Da),0.004486247431486845,model_feature_importances,XGBoost,provided_plus_rdkit_descriptors,4,4
Solubility (mg/mL),0.013284226879477501,model_feature_importances,XGBoost,provided_plus_rdkit_descriptors,4,4
"Glass transition temperature (Tg, degC)",0.006009433418512344,model_feature_importances,XGBoost,provided_plus_rdkit_descriptors,4,4
Viscosity (mPa.s),0.001627538469620049,model_feature_importances,XGBoost,provided_plus_rdkit_descriptors,4,4
Concentration (% w/v),0.0039025715086609125,model_feature_importances,XGBoost,provided_plus_rdkit_descriptors,4,4
rdkit_MaxAbsEStateIndex,0.004871442448347807,model_feature_importances,XGBoost,provided_plus_rdkit_descriptors,4,4
rdkit_MaxEStateIndex,0.0,model_feature_importances,XGBoost,provided_plus_rdkit_descriptors,4,4
rdkit_MinAbsEStateIndex,0.005071822553873062,model_feature_importances,XGBoost,provided_plus_rdkit_descriptors,4,4
rdkit_MinEStateIndex,0.0044753835536539555,model_feature_importances,XGBoost,provided_plus_rdkit_descriptors,4,4
rdkit_qed,0.01432720571756363,model_feature_importances,XGBoost,provided_plus_rdkit_descriptors,4,4
rdkit_SPS,0.011587884277105331,model_feature_importances,XGBoost,provided_plus_rdkit_descriptors,4,4
rdkit_MolWt,0.0,model_feature_importances,XGBoost,provided_plus_rdkit_descriptors,4,4
rdkit_HeavyAtomMolWt,0.0,model_feature_importances,XGBoost,provided_plus_rdkit_descriptors,4,4
rdkit_ExactMolWt,0.0,model_feature_importances,XGBoost,provided_plus_rdkit_descriptors,4,4
rdkit_NumValenceElectrons,0.00010764911712612957,model_feature_importances,XGBoost,provided_plus_rdkit_descriptors,4,4
rdkit_MaxPartialCharge,0.01390120293945074,model_feature_importances,XGBoost,provided_plus_rdkit_descriptors,4,4
rdkit_MinPartialCharge,0.0057950373739004135,model_feature_importances,XGBoost,provided_plus_rdkit_descriptors,4,4
rdkit_MaxAbsPartialCharge,0.0020337083842605352,model_feature_importances,XGBoost,provided_plus_rdkit_descriptors,4,4
rdkit_MinAbsPartialCharge,0.0,model_feature_importances,XGBoost,provided_plus_rdkit_descriptors,4,4
rdkit_FpDensityMorgan1,0.001593699911609292,model_feature_importances,XGBoost,provided_plus_rdkit_descriptors,4,4
rdkit_FpDensityMorgan2,0.0022074938751757145,model_feature_importances,XGBoost,provided_plus_rdkit_descriptors,4,4
rdkit_FpDensityMorgan3,0.003155413083732128,model_feature_importances,XGBoost,provided_plus_rdkit_descriptors,4,4
rdkit_BCUT2D_MWHI,0.008130069822072983,model_feature_importances,XGBoost,provided_plus_rdkit_descriptors,4,4
rdkit_BCUT2D_MWLOW,0.008217749185860157,model_feature_importances,XGBoost,provided_plus_rdkit_descriptors,4,4
rdkit_BCUT2D_CHGHI,0.013623935170471668,model_feature_importances,XGBoost,provided_plus_rdkit_descriptors,4,4
rdkit_BCUT2D_CHGLO,0.010424947366118431,model_feature_importances,XGBoost,provided_plus_rdkit_descriptors,4,4
rdkit_BCUT2D_LOGPHI,0.005751761607825756,model_feature_importances,XGBoost,provided_plus_rdkit_descriptors,4,4
rdkit_BCUT2D_LOGPLOW,0.00010661610576789826,model_feature_importances,XGBoost,provided_plus_rdkit_descriptors,4,4
rdkit_BCUT2D_MRHI,0.0022377169225364923,model_feature_importances,XGBoost,provided_plus_rdkit_descriptors,4,4
rdkit_BCUT2D_MRLOW,0.0017511295154690742,model_feature_importances,XGBoost,provided_plus_rdkit_descriptors,4,4
rdkit_AvgIpc,0.020916465669870377,model_feature_importances,XGBoost,provided_plus_rdkit_descriptors,4,4
rdkit_BalabanJ,0.01589018665254116,model_feature_importances,XGBoost,provided_plus_rdkit_descriptors,4,4
rdkit_BertzCT,0.0008414103067480028,model_feature_importances,XGBoost,provided_plus_rdkit_descriptors,4,4
rdkit_Chi0,0.003621275769546628,model_feature_importances,XGBoost,provided_plus_rdkit_descriptors,4,4
rdkit_Chi0n,0.01674451120197773,model_feature_importances,XGBoost,provided_plus_rdkit_descriptors,4,4
rdkit_Chi0v,0.008467191830277443,model_feature_importances,XGBoost,provided_plus_rdkit_descriptors,4,4
rdkit_Chi1,0.003935794811695814,model_feature_importances,XGBoost,provided_plus_rdkit_descriptors,4,4
rdkit_Chi1n,0.00017284594650845975,model_feature_importances,XGBoost,provided_plus_rdkit_descriptors,4,4
rdkit_Chi1v,6.899492291267961e-05,model_feature_importances,XGBoost,provided_plus_rdkit_descriptors,4,4
rdkit_Chi2n,0.002896342659369111,model_feature_importances,XGBoost,provided_plus_rdkit_descriptors,4,4
rdkit_Chi2v,0.0,model_feature_importances,XGBoost,provided_plus_rdkit_descriptors,4,4
rdkit_Chi3n,0.0018385190051048994,model_feature_importances,XGBoost,provided_plus_rdkit_descriptors,4,4
rdkit_Chi3v,0.0009809681214392185,model_feature_importances,XGBoost,provided_plus_rdkit_descriptors,4,4
rdkit_Chi4n,5.551231515710242e-05,model_feature_importances,XGBoost,provided_plus_rdkit_descriptors,4,4
rdkit_Chi4v,0.0005896222428418696,model_feature_importances,XGBoost,provided_plus_rdkit_descriptors,4,4
rdkit_HallKierAlpha,0.037918489426374435,model_feature_importances,XGBoost,provided_plus_rdkit_descriptors,4,4
rdkit_Ipc,0.0011200289009138942,model_feature_importances,XGBoost,provided_plus_rdkit_descriptors,4,4
rdkit_Kappa1,0.011646690778434277,model_feature_importances,XGBoost,provided_plus_rdkit_descriptors,4,4
rdkit_Kappa2,0.0007203987333923578,model_feature_importances,XGBoost,provided_plus_rdkit_descriptors,4,4
rdkit_Kappa3,0.0015252047451213002,model_feature_importances,XGBoost,provided_plus_rdkit_descriptors,4,4
rdkit_LabuteASA,0.0,model_feature_importances,XGBoost,provided_plus_rdkit_descriptors,4,4
rdkit_PEOE_VSA1,0.00900809746235609,model_feature_importances,XGBoost,provided_plus_rdkit_descriptors,4,4
rdkit_PEOE_VSA10,0.00014540216943714768,model_feature_importances,XGBoost,provided_plus_rdkit_descriptors,4,4
rdkit_PEOE_VSA11,0.015319635160267353,model_feature_importances,XGBoost,provided_plus_rdkit_descriptors,4,4
rdkit_PEOE_VSA12,9.933500405168161e-05,model_feature_importances,XGBoost,provided_plus_rdkit_descriptors,4,4
rdkit_PEOE_VSA14,0.0,model_feature_importances,XGBoost,provided_plus_rdkit_descriptors,4,4
rdkit_PEOE_VSA2,0.0,model_feature_importances,XGBoost,provided_plus_rdkit_descriptors,4,4
rdkit_PEOE_VSA3,0.0,model_feature_importances,XGBoost,provided_plus_rdkit_descriptors,4,4
rdkit_PEOE_VSA5,0.0,model_feature_importances,XGBoost,provided_plus_rdkit_descriptors,4,4
rdkit_PEOE_VSA6,0.0,model_feature_importances,XGBoost,provided_plus_rdkit_descriptors,4,4
rdkit_PEOE_VSA7,0.00047679038834758103,model_feature_importances,XGBoost,provided_plus_rdkit_descriptors,4,4
rdkit_PEOE_VSA8,0.004958080593496561,model_feature_importances,XGBoost,provided_plus_rdkit_descriptors,4,4
rdkit_PEOE_VSA9,0.00011563135922187939,model_feature_importances,XGBoost,provided_plus_rdkit_descriptors,4,4
rdkit_SMR_VSA1,0.008225863799452782,model_feature_importances,XGBoost,provided_plus_rdkit_descriptors,4,4
rdkit_SMR_VSA10,0.00043520747567526996,model_feature_importances,XGBoost,provided_plus_rdkit_descriptors,4,4
rdkit_SMR_VSA3,0.0,model_feature_importances,XGBoost,provided_plus_rdkit_descriptors,4,4
rdkit_SMR_VSA4,0.0,model_feature_importances,XGBoost,provided_plus_rdkit_descriptors,4,4
rdkit_SMR_VSA5,0.0027456313837319613,model_feature_importances,XGBoost,provided_plus_rdkit_descriptors,4,4
rdkit_SMR_VSA6,0.0002456723595969379,model_feature_importances,XGBoost,provided_plus_rdkit_descriptors,4,4
rdkit_SMR_VSA7,0.0,model_feature_importances,XGBoost,provided_plus_rdkit_descriptors,4,4
rdkit_SlogP_VSA1,0.0,model_feature_importances,XGBoost,provided_plus_rdkit_descriptors,4,4
rdkit_SlogP_VSA12,0.0,model_feature_importances,XGBoost,provided_plus_rdkit_descriptors,4,4
rdkit_SlogP_VSA2,0.01938038505613804,model_feature_importances,XGBoost,provided_plus_rdkit_descriptors,4,4
rdkit_SlogP_VSA3,0.019444264471530914,model_feature_importances,XGBoost,provided_plus_rdkit_descriptors,4,4
rdkit_SlogP_VSA4,0.0,model_feature_importances,XGBoost,provided_plus_rdkit_descriptors,4,4
rdkit_SlogP_VSA5,0.004749182146042585,model_feature_importances,XGBoost,provided_plus_rdkit_descriptors,4,4
rdkit_SlogP_VSA6,0.0,model_feature_importances,XGBoost,provided_plus_rdkit_descriptors,4,4
rdkit_TPSA,0.0010680824052542448,model_feature_importances,XGBoost,provided_plus_rdkit_descriptors,4,4
rdkit_EState_VSA1,0.00037675793282687664,model_feature_importances,XGBoost,provided_plus_rdkit_descriptors,4,4
rdkit_EState_VSA10,0.3873949348926544,model_feature_importances,XGBoost,provided_plus_rdkit_descriptors,4,4
rdkit_EState_VSA2,0.008604060858488083,model_feature_importances,XGBoost,provided_plus_rdkit_descriptors,4,4
rdkit_EState_VSA3,0.0017868393333628774,model_feature_importances,XGBoost,provided_plus_rdkit_descriptors,4,4
rdkit_EState_VSA4,0.0,model_feature_importances,XGBoost,provided_plus_rdkit_descriptors,4,4
rdkit_EState_VSA5,0.000384137878427282,model_feature_importances,XGBoost,provided_plus_rdkit_descriptors,4,4
rdkit_EState_VSA6,0.0,model_feature_importances,XGBoost,provided_plus_rdkit_descriptors,4,4
rdkit_EState_VSA7,0.0,model_feature_importances,XGBoost,provided_plus_rdkit_descriptors,4,4
rdkit_EState_VSA8,0.0001442107168259099,model_feature_importances,XGBoost,provided_plus_rdkit_descriptors,4,4
rdkit_EState_VSA9,0.011296747252345085,model_feature_importances,XGBoost,provided_plus_rdkit_descriptors,4,4
rdkit_VSA_EState1,0.00012802064884454012,model_feature_importances,XGBoost,provided_plus_rdkit_descriptors,4,4
rdkit_VSA_EState10,0.0,model_feature_importances,XGBoost,provided_plus_rdkit_descriptors,4,4
rdkit_VSA_EState2,0.06575510650873184,model_feature_importances,XGBoost,provided_plus_rdkit_descriptors,4,4
rdkit_VSA_EState3,0.001626544981263578,model_feature_importances,XGBoost,provided_plus_rdkit_descriptors,4,4
rdkit_VSA_EState4,0.0,model_feature_importances,XGBoost,provided_plus_rdkit_descriptors,4,4
rdkit_VSA_EState5,0.00019160147348884493,model_feature_importances,XGBoost,provided_plus_rdkit_descriptors,4,4
rdkit_VSA_EState6,0.0,model_feature_importances,XGBoost,provided_plus_rdkit_descriptors,4,4
rdkit_VSA_EState7,0.006010063458234072,model_feature_importances,XGBoost,provided_plus_rdkit_descriptors,4,4
rdkit_VSA_EState8,0.04537046700716019,model_feature_importances,XGBoost,provided_plus_rdkit_descriptors,4,4
rdkit_VSA_EState9,0.0,model_feature_importances,XGBoost,provided_plus_rdkit_descriptors,4,4
rdkit_FractionCSP3,0.0007428847602568567,model_feature_importances,XGBoost,provided_plus_rdkit_descriptors,4,4
rdkit_HeavyAtomCount,0.0,model_feature_importances,XGBoost,provided_plus_rdkit_descriptors,4,4
rdkit_NHOHCount,0.09149450808763504,model_feature_importances,XGBoost,provided_plus_rdkit_descriptors,4,4
rdkit_NOCount,0.0,model_feature_importances,XGBoost,provided_plus_rdkit_descriptors,4,4
rdkit_NumAliphaticCarbocycles,0.0,model_feature_importances,XGBoost,provided_plus_rdkit_descriptors,4,4
rdkit_NumAliphaticHeterocycles,0.0,model_feature_importances,XGBoost,provided_plus_rdkit_descriptors,4,4
rdkit_NumAliphaticRings,0.0,model_feature_importances,XGBoost,provided_plus_rdkit_descriptors,4,4
rdkit_NumAmideBonds,0.0,model_feature_importances,XGBoost,provided_plus_rdkit_descriptors,4,4
rdkit_NumAtomStereoCenters,0.0020582801662385464,model_feature_importances,XGBoost,provided_plus_rdkit_descriptors,4,4
rdkit_NumBridgeheadAtoms,0.0,model_feature_importances,XGBoost,provided_plus_rdkit_descriptors,4,4
rdkit_NumHAcceptors,0.0,model_feature_importances,XGBoost,provided_plus_rdkit_descriptors,4,4
rdkit_NumHDonors,0.0,model_feature_importances,XGBoost,provided_plus_rdkit_descriptors,4,4
rdkit_NumHeteroatoms,0.0,model_feature_importances,XGBoost,provided_plus_rdkit_descriptors,4,4
rdkit_NumHeterocycles,0.0,model_feature_importances,XGBoost,provided_plus_rdkit_descriptors,4,4
rdkit_NumRotatableBonds,0.0015557559672743082,model_feature_importances,XGBoost,provided_plus_rdkit_descriptors,4,4
rdkit_NumSaturatedCarbocycles,0.0,model_feature_importances,XGBoost,provided_plus_rdkit_descriptors,4,4
rdkit_NumSaturatedHeterocycles,0.0,model_feature_importances,XGBoost,provided_plus_rdkit_descriptors,4,4
rdkit_NumSaturatedRings,0.0,model_feature_importances,XGBoost,provided_plus_rdkit_descriptors,4,4
rdkit_NumUnspecifiedAtomStereoCenters,0.0014859645161777735,model_feature_importances,XGBoost,provided_plus_rdkit_descriptors,4,4
rdkit_Phi,0.003504191292449832,model_feature_importances,XGBoost,provided_plus_rdkit_descriptors,4,4
rdkit_RingCount,0.0,model_feature_importances,XGBoost,provided_plus_rdkit_descriptors,4,4
rdkit_MolLogP,0.0036734214518219233,model_feature_importances,XGBoost,provided_plus_rdkit_descriptors,4,4
rdkit_MolMR,0.0012997768353670835,model_feature_importances,XGBoost,provided_plus_rdkit_descriptors,4,4
rdkit_fr_Al_COO,0.0,model_feature_importances,XGBoost,provided_plus_rdkit_descriptors,4,4
rdkit_fr_Al_OH,0.0,model_feature_importances,XGBoost,provided_plus_rdkit_descriptors,4,4
rdkit_fr_Al_OH_noTert,0.0,model_feature_importances,XGBoost,provided_plus_rdkit_descriptors,4,4
rdkit_fr_COO,0.0,model_feature_importances,XGBoost,provided_plus_rdkit_descriptors,4,4
rdkit_fr_COO2,0.0,model_feature_importances,XGBoost,provided_plus_rdkit_descriptors,4,4
rdkit_fr_C_O,0.0,model_feature_importances,XGBoost,provided_plus_rdkit_descriptors,4,4
rdkit_fr_C_O_noCOO,0.0,model_feature_importances,XGBoost,provided_plus_rdkit_descriptors,4,4
rdkit_fr_NH1,0.0,model_feature_importances,XGBoost,provided_plus_rdkit_descriptors,4,4
rdkit_fr_NH2,0.0,model_feature_importances,XGBoost,provided_plus_rdkit_descriptors,4,4
rdkit_fr_aldehyde,0.0,model_feature_importances,XGBoost,provided_plus_rdkit_descriptors,4,4
rdkit_fr_alkyl_halide,0.0,model_feature_importances,XGBoost,provided_plus_rdkit_descriptors,4,4
rdkit_fr_allylic_oxid,0.0,model_feature_importances,XGBoost,provided_plus_rdkit_descriptors,4,4
rdkit_fr_amide,0.0,model_feature_importances,XGBoost,provided_plus_rdkit_descriptors,4,4
rdkit_fr_bicyclic,0.0,model_feature_importances,XGBoost,provided_plus_rdkit_descriptors,4,4
rdkit_fr_ether,0.0,model_feature_importances,XGBoost,provided_plus_rdkit_descriptors,4,4
rdkit_fr_halogen,0.0,model_feature_importances,XGBoost,provided_plus_rdkit_descriptors,4,4
rdkit_fr_ketone,6.60842633806169e-05,model_feature_importances,XGBoost,provided_plus_rdkit_descriptors,4,4
rdkit_fr_ketone_Topliss,0.0,model_feature_importances,XGBoost,provided_plus_rdkit_descriptors,4,4
rdkit_fr_methoxy,0.0,model_feature_importances,XGBoost,provided_plus_rdkit_descriptors,4,4
rdkit_fr_phos_acid,0.0,model_feature_importances,XGBoost,provided_plus_rdkit_descriptors,4,4
rdkit_fr_phos_ester,0.0,model_feature_importances,XGBoost,provided_plus_rdkit_descriptors,4,4
Molecular weight (Da),0.003942555282264948,model_feature_importances,XGBoost,provided_plus_rdkit_descriptors,4,5
Solubility (mg/mL),0.013339491561055183,model_feature_importances,XGBoost,provided_plus_rdkit_descriptors,4,5
"Glass transition temperature (Tg, degC)",0.0038769885431975126,model_feature_importances,XGBoost,provided_plus_rdkit_descriptors,4,5
Viscosity (mPa.s),0.0020232805982232094,model_feature_importances,XGBoost,provided_plus_rdkit_descriptors,4,5
Concentration (% w/v),0.00332926819100976,model_feature_importances,XGBoost,provided_plus_rdkit_descriptors,4,5
rdkit_MaxAbsEStateIndex,0.0043785059824585915,model_feature_importances,XGBoost,provided_plus_rdkit_descriptors,4,5
rdkit_MaxEStateIndex,0.0,model_feature_importances,XGBoost,provided_plus_rdkit_descriptors,4,5
rdkit_MinAbsEStateIndex,0.008788925595581532,model_feature_importances,XGBoost,provided_plus_rdkit_descriptors,4,5
rdkit_MinEStateIndex,0.01312990952283144,model_feature_importances,XGBoost,provided_plus_rdkit_descriptors,4,5
rdkit_qed,0.0053302631713449955,model_feature_importances,XGBoost,provided_plus_rdkit_descriptors,4,5
rdkit_SPS,0.014886072836816311,model_feature_importances,XGBoost,provided_plus_rdkit_descriptors,4,5
rdkit_MolWt,0.0,model_feature_importances,XGBoost,provided_plus_rdkit_descriptors,4,5
rdkit_HeavyAtomMolWt,0.0,model_feature_importances,XGBoost,provided_plus_rdkit_descriptors,4,5
rdkit_ExactMolWt,0.0,model_feature_importances,XGBoost,provided_plus_rdkit_descriptors,4,5
rdkit_NumValenceElectrons,2.7546040655579418e-05,model_feature_importances,XGBoost,provided_plus_rdkit_descriptors,4,5
rdkit_MaxPartialCharge,0.025237973779439926,model_feature_importances,XGBoost,provided_plus_rdkit_descriptors,4,5
rdkit_MinPartialCharge,0.0039049892220646143,model_feature_importances,XGBoost,provided_plus_rdkit_descriptors,4,5
rdkit_MaxAbsPartialCharge,0.00044433429138734937,model_feature_importances,XGBoost,provided_plus_rdkit_descriptors,4,5
rdkit_MinAbsPartialCharge,0.0,model_feature_importances,XGBoost,provided_plus_rdkit_descriptors,4,5
rdkit_FpDensityMorgan1,0.0022293732035905123,model_feature_importances,XGBoost,provided_plus_rdkit_descriptors,4,5
rdkit_FpDensityMorgan2,0.002052383264526725,model_feature_importances,XGBoost,provided_plus_rdkit_descriptors,4,5
rdkit_FpDensityMorgan3,0.006568575743585825,model_feature_importances,XGBoost,provided_plus_rdkit_descriptors,4,5
rdkit_BCUT2D_MWHI,0.0030875783413648605,model_feature_importances,XGBoost,provided_plus_rdkit_descriptors,4,5
rdkit_BCUT2D_MWLOW,0.013473271392285824,model_feature_importances,XGBoost,provided_plus_rdkit_descriptors,4,5
rdkit_BCUT2D_CHGHI,0.0061062537133693695,model_feature_importances,XGBoost,provided_plus_rdkit_descriptors,4,5
rdkit_BCUT2D_CHGLO,0.04078631103038788,model_feature_importances,XGBoost,provided_plus_rdkit_descriptors,4,5
rdkit_BCUT2D_LOGPHI,0.001536509022116661,model_feature_importances,XGBoost,provided_plus_rdkit_descriptors,4,5
rdkit_BCUT2D_LOGPLOW,6.77889256621711e-05,model_feature_importances,XGBoost,provided_plus_rdkit_descriptors,4,5
rdkit_BCUT2D_MRHI,0.002966478234156966,model_feature_importances,XGBoost,provided_plus_rdkit_descriptors,4,5
rdkit_BCUT2D_MRLOW,0.005620736628770828,model_feature_importances,XGBoost,provided_plus_rdkit_descriptors,4,5
rdkit_AvgIpc,0.00982352439314127,model_feature_importances,XGBoost,provided_plus_rdkit_descriptors,4,5
rdkit_BalabanJ,0.001425750320777297,model_feature_importances,XGBoost,provided_plus_rdkit_descriptors,4,5
rdkit_BertzCT,0.0010124444961547852,model_feature_importances,XGBoost,provided_plus_rdkit_descriptors,4,5
rdkit_Chi0,0.0006272643222473562,model_feature_importances,XGBoost,provided_plus_rdkit_descriptors,4,5
rdkit_Chi0n,0.0,model_feature_importances,XGBoost,provided_plus_rdkit_descriptors,4,5
rdkit_Chi0v,0.018194662407040596,model_feature_importances,XGBoost,provided_plus_rdkit_descriptors,4,5
rdkit_Chi1,0.0041418978944420815,model_feature_importances,XGBoost,provided_plus_rdkit_descriptors,4,5
rdkit_Chi1n,0.00040627364069223404,model_feature_importances,XGBoost,provided_plus_rdkit_descriptors,4,5
rdkit_Chi1v,0.004106300882995129,model_feature_importances,XGBoost,provided_plus_rdkit_descriptors,4,5
rdkit_Chi2n,0.0011728514218702912,model_feature_importances,XGBoost,provided_plus_rdkit_descriptors,4,5
rdkit_Chi2v,0.0,model_feature_importances,XGBoost,provided_plus_rdkit_descriptors,4,5
rdkit_Chi3n,0.0,model_feature_importances,XGBoost,provided_plus_rdkit_descriptors,4,5
rdkit_Chi3v,0.0,model_feature_importances,XGBoost,provided_plus_rdkit_descriptors,4,5
rdkit_Chi4n,0.0006807437748648226,model_feature_importances,XGBoost,provided_plus_rdkit_descriptors,4,5
rdkit_Chi4v,0.0009780083782970905,model_feature_importances,XGBoost,provided_plus_rdkit_descriptors,4,5
rdkit_HallKierAlpha,0.051570430397987366,model_feature_importances,XGBoost,provided_plus_rdkit_descriptors,4,5
rdkit_Ipc,0.0004229902115184814,model_feature_importances,XGBoost,provided_plus_rdkit_descriptors,4,5
rdkit_Kappa1,0.0064406003803014755,model_feature_importances,XGBoost,provided_plus_rdkit_descriptors,4,5
rdkit_Kappa2,0.0006355350487865508,model_feature_importances,XGBoost,provided_plus_rdkit_descriptors,4,5
rdkit_Kappa3,0.0016376932617276907,model_feature_importances,XGBoost,provided_plus_rdkit_descriptors,4,5
rdkit_LabuteASA,0.0,model_feature_importances,XGBoost,provided_plus_rdkit_descriptors,4,5
rdkit_PEOE_VSA1,0.006117811426520348,model_feature_importances,XGBoost,provided_plus_rdkit_descriptors,4,5
rdkit_PEOE_VSA10,0.0006456318660639226,model_feature_importances,XGBoost,provided_plus_rdkit_descriptors,4,5
rdkit_PEOE_VSA11,0.008397181518375874,model_feature_importances,XGBoost,provided_plus_rdkit_descriptors,4,5
rdkit_PEOE_VSA12,3.239699071855284e-05,model_feature_importances,XGBoost,provided_plus_rdkit_descriptors,4,5
rdkit_PEOE_VSA14,0.0,model_feature_importances,XGBoost,provided_plus_rdkit_descriptors,4,5
rdkit_PEOE_VSA2,0.0,model_feature_importances,XGBoost,provided_plus_rdkit_descriptors,4,5
rdkit_PEOE_VSA3,0.0,model_feature_importances,XGBoost,provided_plus_rdkit_descriptors,4,5
rdkit_PEOE_VSA5,0.0,model_feature_importances,XGBoost,provided_plus_rdkit_descriptors,4,5
rdkit_PEOE_VSA6,0.0,model_feature_importances,XGBoost,provided_plus_rdkit_descriptors,4,5
rdkit_PEOE_VSA7,0.001987040974199772,model_feature_importances,XGBoost,provided_plus_rdkit_descriptors,4,5
rdkit_PEOE_VSA8,0.009594818577170372,model_feature_importances,XGBoost,provided_plus_rdkit_descriptors,4,5
rdkit_PEOE_VSA9,0.023299790918827057,model_feature_importances,XGBoost,provided_plus_rdkit_descriptors,4,5
rdkit_SMR_VSA1,0.0166021715849638,model_feature_importances,XGBoost,provided_plus_rdkit_descriptors,4,5
rdkit_SMR_VSA10,0.0007613562047481537,model_feature_importances,XGBoost,provided_plus_rdkit_descriptors,4,5
rdkit_SMR_VSA3,0.0,model_feature_importances,XGBoost,provided_plus_rdkit_descriptors,4,5
rdkit_SMR_VSA4,0.0,model_feature_importances,XGBoost,provided_plus_rdkit_descriptors,4,5
rdkit_SMR_VSA5,0.0016860585892573,model_feature_importances,XGBoost,provided_plus_rdkit_descriptors,4,5
rdkit_SMR_VSA6,0.00016829429659992456,model_feature_importances,XGBoost,provided_plus_rdkit_descriptors,4,5
rdkit_SMR_VSA7,0.0,model_feature_importances,XGBoost,provided_plus_rdkit_descriptors,4,5
rdkit_SlogP_VSA1,0.0,model_feature_importances,XGBoost,provided_plus_rdkit_descriptors,4,5
rdkit_SlogP_VSA12,0.0,model_feature_importances,XGBoost,provided_plus_rdkit_descriptors,4,5
rdkit_SlogP_VSA2,0.00433408422395587,model_feature_importances,XGBoost,provided_plus_rdkit_descriptors,4,5
rdkit_SlogP_VSA3,0.004514704924076796,model_feature_importances,XGBoost,provided_plus_rdkit_descriptors,4,5
rdkit_SlogP_VSA4,0.0,model_feature_importances,XGBoost,provided_plus_rdkit_descriptors,4,5
rdkit_SlogP_VSA5,6.247794954106212e-05,model_feature_importances,XGBoost,provided_plus_rdkit_descriptors,4,5
rdkit_SlogP_VSA6,0.0,model_feature_importances,XGBoost,provided_plus_rdkit_descriptors,4,5
rdkit_TPSA,8.697211887920275e-05,model_feature_importances,XGBoost,provided_plus_rdkit_descriptors,4,5
rdkit_EState_VSA1,0.00010776652925414965,model_feature_importances,XGBoost,provided_plus_rdkit_descriptors,4,5
rdkit_EState_VSA10,0.3661031424999237,model_feature_importances,XGBoost,provided_plus_rdkit_descriptors,4,5
rdkit_EState_VSA2,0.0031460379250347614,model_feature_importances,XGBoost,provided_plus_rdkit_descriptors,4,5
rdkit_EState_VSA3,0.0035579814575612545,model_feature_importances,XGBoost,provided_plus_rdkit_descriptors,4,5
rdkit_EState_VSA4,0.0,model_feature_importances,XGBoost,provided_plus_rdkit_descriptors,4,5
rdkit_EState_VSA5,0.00039886616286821663,model_feature_importances,XGBoost,provided_plus_rdkit_descriptors,4,5
rdkit_EState_VSA6,0.0,model_feature_importances,XGBoost,provided_plus_rdkit_descriptors,4,5
rdkit_EState_VSA7,0.0,model_feature_importances,XGBoost,provided_plus_rdkit_descriptors,4,5
rdkit_EState_VSA8,0.0032250459771603346,model_feature_importances,XGBoost,provided_plus_rdkit_descriptors,4,5
rdkit_EState_VSA9,0.013832783326506615,model_feature_importances,XGBoost,provided_plus_rdkit_descriptors,4,5
rdkit_VSA_EState1,0.0016379536828026175,model_feature_importances,XGBoost,provided_plus_rdkit_descriptors,4,5
rdkit_VSA_EState10,0.0,model_feature_importances,XGBoost,provided_plus_rdkit_descriptors,4,5
rdkit_VSA_EState2,0.0002577482955530286,model_feature_importances,XGBoost,provided_plus_rdkit_descriptors,4,5
rdkit_VSA_EState3,0.04811948165297508,model_feature_importances,XGBoost,provided_plus_rdkit_descriptors,4,5
rdkit_VSA_EState4,0.0,model_feature_importances,XGBoost,provided_plus_rdkit_descriptors,4,5
rdkit_VSA_EState5,0.0002107789332512766,model_feature_importances,XGBoost,provided_plus_rdkit_descriptors,4,5
rdkit_VSA_EState6,0.0,model_feature_importances,XGBoost,provided_plus_rdkit_descriptors,4,5
rdkit_VSA_EState7,0.03489790856838226,model_feature_importances,XGBoost,provided_plus_rdkit_descriptors,4,5
rdkit_VSA_EState8,0.021042555570602417,model_feature_importances,XGBoost,provided_plus_rdkit_descriptors,4,5
rdkit_VSA_EState9,0.0,model_feature_importances,XGBoost,provided_plus_rdkit_descriptors,4,5
rdkit_FractionCSP3,0.0022231985349208117,model_feature_importances,XGBoost,provided_plus_rdkit_descriptors,4,5
rdkit_HeavyAtomCount,0.0,model_feature_importances,XGBoost,provided_plus_rdkit_descriptors,4,5
rdkit_NHOHCount,0.002676174510270357,model_feature_importances,XGBoost,provided_plus_rdkit_descriptors,4,5
rdkit_NOCount,0.0,model_feature_importances,XGBoost,provided_plus_rdkit_descriptors,4,5
rdkit_NumAliphaticCarbocycles,0.0,model_feature_importances,XGBoost,provided_plus_rdkit_descriptors,4,5
rdkit_NumAliphaticHeterocycles,0.0,model_feature_importances,XGBoost,provided_plus_rdkit_descriptors,4,5
rdkit_NumAliphaticRings,0.0,model_feature_importances,XGBoost,provided_plus_rdkit_descriptors,4,5
rdkit_NumAmideBonds,0.0,model_feature_importances,XGBoost,provided_plus_rdkit_descriptors,4,5
rdkit_NumAtomStereoCenters,0.005704610608518124,model_feature_importances,XGBoost,provided_plus_rdkit_descriptors,4,5
rdkit_NumBridgeheadAtoms,0.0,model_feature_importances,XGBoost,provided_plus_rdkit_descriptors,4,5
rdkit_NumHAcceptors,0.0,model_feature_importances,XGBoost,provided_plus_rdkit_descriptors,4,5
rdkit_NumHDonors,0.0,model_feature_importances,XGBoost,provided_plus_rdkit_descriptors,4,5
rdkit_NumHeteroatoms,0.0,model_feature_importances,XGBoost,provided_plus_rdkit_descriptors,4,5
rdkit_NumHeterocycles,0.0,model_feature_importances,XGBoost,provided_plus_rdkit_descriptors,4,5
rdkit_NumRotatableBonds,0.00025627983268350363,model_feature_importances,XGBoost,provided_plus_rdkit_descriptors,4,5
rdkit_NumSaturatedCarbocycles,0.0,model_feature_importances,XGBoost,provided_plus_rdkit_descriptors,4,5
rdkit_NumSaturatedHeterocycles,0.0,model_feature_importances,XGBoost,provided_plus_rdkit_descriptors,4,5
rdkit_NumSaturatedRings,0.0,model_feature_importances,XGBoost,provided_plus_rdkit_descriptors,4,5
rdkit_NumUnspecifiedAtomStereoCenters,0.013376635499298573,model_feature_importances,XGBoost,provided_plus_rdkit_descriptors,4,5
rdkit_Phi,0.0017419676296412945,model_feature_importances,XGBoost,provided_plus_rdkit_descriptors,4,5
rdkit_RingCount,0.0,model_feature_importances,XGBoost,provided_plus_rdkit_descriptors,4,5
rdkit_MolLogP,0.011031035333871841,model_feature_importances,XGBoost,provided_plus_rdkit_descriptors,4,5
rdkit_MolMR,0.0016166825080290437,model_feature_importances,XGBoost,provided_plus_rdkit_descriptors,4,5
rdkit_fr_Al_COO,0.0,model_feature_importances,XGBoost,provided_plus_rdkit_descriptors,4,5
rdkit_fr_Al_OH,0.08470003306865692,model_feature_importances,XGBoost,provided_plus_rdkit_descriptors,4,5
rdkit_fr_Al_OH_noTert,0.0,model_feature_importances,XGBoost,provided_plus_rdkit_descriptors,4,5
rdkit_fr_COO,0.0,model_feature_importances,XGBoost,provided_plus_rdkit_descriptors,4,5
rdkit_fr_COO2,0.0,model_feature_importances,XGBoost,provided_plus_rdkit_descriptors,4,5
rdkit_fr_C_O,0.0,model_feature_importances,XGBoost,provided_plus_rdkit_descriptors,4,5
rdkit_fr_C_O_noCOO,0.0,model_feature_importances,XGBoost,provided_plus_rdkit_descriptors,4,5
rdkit_fr_NH1,0.0,model_feature_importances,XGBoost,provided_plus_rdkit_descriptors,4,5
rdkit_fr_NH2,0.0,model_feature_importances,XGBoost,provided_plus_rdkit_descriptors,4,5
rdkit_fr_aldehyde,0.011432169936597347,model_feature_importances,XGBoost,provided_plus_rdkit_descriptors,4,5
rdkit_fr_alkyl_halide,0.0,model_feature_importances,XGBoost,provided_plus_rdkit_descriptors,4,5
rdkit_fr_allylic_oxid,0.0,model_feature_importances,XGBoost,provided_plus_rdkit_descriptors,4,5
rdkit_fr_amide,0.0,model_feature_importances,XGBoost,provided_plus_rdkit_descriptors,4,5
rdkit_fr_bicyclic,0.0,model_feature_importances,XGBoost,provided_plus_rdkit_descriptors,4,5
rdkit_fr_ether,0.0,model_feature_importances,XGBoost,provided_plus_rdkit_descriptors,4,5
rdkit_fr_halogen,0.0,model_feature_importances,XGBoost,provided_plus_rdkit_descriptors,4,5
rdkit_fr_ketone,0.0,model_feature_importances,XGBoost,provided_plus_rdkit_descriptors,4,5
rdkit_fr_ketone_Topliss,0.0,model_feature_importances,XGBoost,provided_plus_rdkit_descriptors,4,5
rdkit_fr_methoxy,0.0,model_feature_importances,XGBoost,provided_plus_rdkit_descriptors,4,5
rdkit_fr_phos_acid,0.0,model_feature_importances,XGBoost,provided_plus_rdkit_descriptors,4,5
rdkit_fr_phos_ester,0.0,model_feature_importances,XGBoost,provided_plus_rdkit_descriptors,4,5
Molecular weight (Da),0.0022301930002868176,model_feature_importances,XGBoost,provided_plus_rdkit_descriptors,5,1
Solubility (mg/mL),0.017636559903621674,model_feature_importances,XGBoost,provided_plus_rdkit_descriptors,5,1
"Glass transition temperature (Tg, degC)",0.0037773398216813803,model_feature_importances,XGBoost,provided_plus_rdkit_descriptors,5,1
Viscosity (mPa.s),0.0015541884349659085,model_feature_importances,XGBoost,provided_plus_rdkit_descriptors,5,1
Concentration (% w/v),0.003479509614408016,model_feature_importances,XGBoost,provided_plus_rdkit_descriptors,5,1
rdkit_MaxAbsEStateIndex,0.005187213886529207,model_feature_importances,XGBoost,provided_plus_rdkit_descriptors,5,1
rdkit_MaxEStateIndex,0.0,model_feature_importances,XGBoost,provided_plus_rdkit_descriptors,5,1
rdkit_MinAbsEStateIndex,0.003286343067884445,model_feature_importances,XGBoost,provided_plus_rdkit_descriptors,5,1
rdkit_MinEStateIndex,0.015118482522666454,model_feature_importances,XGBoost,provided_plus_rdkit_descriptors,5,1
rdkit_qed,0.008546107448637486,model_feature_importances,XGBoost,provided_plus_rdkit_descriptors,5,1
rdkit_SPS,0.014247494749724865,model_feature_importances,XGBoost,provided_plus_rdkit_descriptors,5,1
rdkit_MolWt,0.0,model_feature_importances,XGBoost,provided_plus_rdkit_descriptors,5,1
rdkit_HeavyAtomMolWt,0.0,model_feature_importances,XGBoost,provided_plus_rdkit_descriptors,5,1
rdkit_ExactMolWt,0.0,model_feature_importances,XGBoost,provided_plus_rdkit_descriptors,5,1
rdkit_NumValenceElectrons,0.0,model_feature_importances,XGBoost,provided_plus_rdkit_descriptors,5,1
rdkit_MaxPartialCharge,0.031200816854834557,model_feature_importances,XGBoost,provided_plus_rdkit_descriptors,5,1
rdkit_MinPartialCharge,0.008994782343506813,model_feature_importances,XGBoost,provided_plus_rdkit_descriptors,5,1
rdkit_MaxAbsPartialCharge,0.0013751182705163956,model_feature_importances,XGBoost,provided_plus_rdkit_descriptors,5,1
rdkit_MinAbsPartialCharge,0.0,model_feature_importances,XGBoost,provided_plus_rdkit_descriptors,5,1
rdkit_FpDensityMorgan1,0.005247330293059349,model_feature_importances,XGBoost,provided_plus_rdkit_descriptors,5,1
rdkit_FpDensityMorgan2,0.0008627634379081428,model_feature_importances,XGBoost,provided_plus_rdkit_descriptors,5,1
rdkit_FpDensityMorgan3,0.011906933039426804,model_feature_importances,XGBoost,provided_plus_rdkit_descriptors,5,1
rdkit_BCUT2D_MWHI,0.004216990899294615,model_feature_importances,XGBoost,provided_plus_rdkit_descriptors,5,1
rdkit_BCUT2D_MWLOW,0.007761962246149778,model_feature_importances,XGBoost,provided_plus_rdkit_descriptors,5,1
rdkit_BCUT2D_CHGHI,0.0064853159710764885,model_feature_importances,XGBoost,provided_plus_rdkit_descriptors,5,1
rdkit_BCUT2D_CHGLO,0.01421542838215828,model_feature_importances,XGBoost,provided_plus_rdkit_descriptors,5,1
rdkit_BCUT2D_LOGPHI,0.0023480248637497425,model_feature_importances,XGBoost,provided_plus_rdkit_descriptors,5,1
rdkit_BCUT2D_LOGPLOW,0.0002421982935629785,model_feature_importances,XGBoost,provided_plus_rdkit_descriptors,5,1
rdkit_BCUT2D_MRHI,0.004834158346056938,model_feature_importances,XGBoost,provided_plus_rdkit_descriptors,5,1
rdkit_BCUT2D_MRLOW,0.00803045742213726,model_feature_importances,XGBoost,provided_plus_rdkit_descriptors,5,1
rdkit_AvgIpc,0.02517871744930744,model_feature_importances,XGBoost,provided_plus_rdkit_descriptors,5,1
rdkit_BalabanJ,0.009546678513288498,model_feature_importances,XGBoost,provided_plus_rdkit_descriptors,5,1
rdkit_BertzCT,0.02095833420753479,model_feature_importances,XGBoost,provided_plus_rdkit_descriptors,5,1
rdkit_Chi0,0.0009729841258376837,model_feature_importances,XGBoost,provided_plus_rdkit_descriptors,5,1
rdkit_Chi0n,0.026592016220092773,model_feature_importances,XGBoost,provided_plus_rdkit_descriptors,5,1
rdkit_Chi0v,0.023177562281489372,model_feature_importances,XGBoost,provided_plus_rdkit_descriptors,5,1
rdkit_Chi1,0.02344443090260029,model_feature_importances,XGBoost,provided_plus_rdkit_descriptors,5,1
rdkit_Chi1n,0.0009864208986982703,model_feature_importances,XGBoost,provided_plus_rdkit_descriptors,5,1
rdkit_Chi1v,0.0010164187988266349,model_feature_importances,XGBoost,provided_plus_rdkit_descriptors,5,1
rdkit_Chi2n,0.00247723120264709,model_feature_importances,XGBoost,provided_plus_rdkit_descriptors,5,1
rdkit_Chi2v,0.0035064269322901964,model_feature_importances,XGBoost,provided_plus_rdkit_descriptors,5,1
rdkit_Chi3n,0.0008915979997254908,model_feature_importances,XGBoost,provided_plus_rdkit_descriptors,5,1
rdkit_Chi3v,0.00010772042151074857,model_feature_importances,XGBoost,provided_plus_rdkit_descriptors,5,1
rdkit_Chi4n,0.0,model_feature_importances,XGBoost,provided_plus_rdkit_descriptors,5,1
rdkit_Chi4v,0.00266700959764421,model_feature_importances,XGBoost,provided_plus_rdkit_descriptors,5,1
rdkit_HallKierAlpha,0.04285033047199249,model_feature_importances,XGBoost,provided_plus_rdkit_descriptors,5,1
rdkit_Ipc,0.005341614596545696,model_feature_importances,XGBoost,provided_plus_rdkit_descriptors,5,1
rdkit_Kappa1,0.0031589551363140345,model_feature_importances,XGBoost,provided_plus_rdkit_descriptors,5,1
rdkit_Kappa2,0.00106388283893466,model_feature_importances,XGBoost,provided_plus_rdkit_descriptors,5,1
rdkit_Kappa3,0.003916883375495672,model_feature_importances,XGBoost,provided_plus_rdkit_descriptors,5,1
rdkit_LabuteASA,0.0,model_feature_importances,XGBoost,provided_plus_rdkit_descriptors,5,1
rdkit_PEOE_VSA1,0.005455829203128815,model_feature_importances,XGBoost,provided_plus_rdkit_descriptors,5,1
rdkit_PEOE_VSA10,0.00025428846129216254,model_feature_importances,XGBoost,provided_plus_rdkit_descriptors,5,1
rdkit_PEOE_VSA11,0.009684372693300247,model_feature_importances,XGBoost,provided_plus_rdkit_descriptors,5,1
rdkit_PEOE_VSA12,0.0014711914118379354,model_feature_importances,XGBoost,provided_plus_rdkit_descriptors,5,1
rdkit_PEOE_VSA14,0.0,model_feature_importances,XGBoost,provided_plus_rdkit_descriptors,5,1
rdkit_PEOE_VSA2,0.001935821259394288,model_feature_importances,XGBoost,provided_plus_rdkit_descriptors,5,1
rdkit_PEOE_VSA3,0.0,model_feature_importances,XGBoost,provided_plus_rdkit_descriptors,5,1
rdkit_PEOE_VSA5,0.0,model_feature_importances,XGBoost,provided_plus_rdkit_descriptors,5,1
rdkit_PEOE_VSA6,0.0,model_feature_importances,XGBoost,provided_plus_rdkit_descriptors,5,1
rdkit_PEOE_VSA7,0.004804219119250774,model_feature_importances,XGBoost,provided_plus_rdkit_descriptors,5,1
rdkit_PEOE_VSA8,0.0003272948379162699,model_feature_importances,XGBoost,provided_plus_rdkit_descriptors,5,1
rdkit_PEOE_VSA9,0.00023109745234251022,model_feature_importances,XGBoost,provided_plus_rdkit_descriptors,5,1
rdkit_SMR_VSA1,0.000267415918642655,model_feature_importances,XGBoost,provided_plus_rdkit_descriptors,5,1
rdkit_SMR_VSA10,0.0002301675995113328,model_feature_importances,XGBoost,provided_plus_rdkit_descriptors,5,1
rdkit_SMR_VSA3,0.0,model_feature_importances,XGBoost,provided_plus_rdkit_descriptors,5,1
rdkit_SMR_VSA4,0.0,model_feature_importances,XGBoost,provided_plus_rdkit_descriptors,5,1
rdkit_SMR_VSA5,0.00031654367921873927,model_feature_importances,XGBoost,provided_plus_rdkit_descriptors,5,1
rdkit_SMR_VSA6,0.0007034506415948272,model_feature_importances,XGBoost,provided_plus_rdkit_descriptors,5,1
rdkit_SMR_VSA7,0.0,model_feature_importances,XGBoost,provided_plus_rdkit_descriptors,5,1
rdkit_SlogP_VSA1,0.0,model_feature_importances,XGBoost,provided_plus_rdkit_descriptors,5,1
rdkit_SlogP_VSA12,0.0,model_feature_importances,XGBoost,provided_plus_rdkit_descriptors,5,1
rdkit_SlogP_VSA2,0.020872751250863075,model_feature_importances,XGBoost,provided_plus_rdkit_descriptors,5,1
rdkit_SlogP_VSA3,0.023800289258360863,model_feature_importances,XGBoost,provided_plus_rdkit_descriptors,5,1
rdkit_SlogP_VSA4,0.0,model_feature_importances,XGBoost,provided_plus_rdkit_descriptors,5,1
rdkit_SlogP_VSA5,0.0040930104441940784,model_feature_importances,XGBoost,provided_plus_rdkit_descriptors,5,1
rdkit_SlogP_VSA6,0.0,model_feature_importances,XGBoost,provided_plus_rdkit_descriptors,5,1
rdkit_TPSA,0.0018607605015859008,model_feature_importances,XGBoost,provided_plus_rdkit_descriptors,5,1
rdkit_EState_VSA1,0.012500407174229622,model_feature_importances,XGBoost,provided_plus_rdkit_descriptors,5,1
rdkit_EState_VSA10,0.3009430468082428,model_feature_importances,XGBoost,provided_plus_rdkit_descriptors,5,1
rdkit_EState_VSA2,0.006625718902796507,model_feature_importances,XGBoost,provided_plus_rdkit_descriptors,5,1
rdkit_EState_VSA3,0.01918555609881878,model_feature_importances,XGBoost,provided_plus_rdkit_descriptors,5,1
rdkit_EState_VSA4,0.0,model_feature_importances,XGBoost,provided_plus_rdkit_descriptors,5,1
rdkit_EState_VSA5,0.0,model_feature_importances,XGBoost,provided_plus_rdkit_descriptors,5,1
rdkit_EState_VSA6,0.0,model_feature_importances,XGBoost,provided_plus_rdkit_descriptors,5,1
rdkit_EState_VSA7,0.0,model_feature_importances,XGBoost,provided_plus_rdkit_descriptors,5,1
rdkit_EState_VSA8,0.0030495182145386934,model_feature_importances,XGBoost,provided_plus_rdkit_descriptors,5,1
rdkit_EState_VSA9,0.027725355699658394,model_feature_importances,XGBoost,provided_plus_rdkit_descriptors,5,1
rdkit_VSA_EState1,0.0013438418973237276,model_feature_importances,XGBoost,provided_plus_rdkit_descriptors,5,1
rdkit_VSA_EState10,0.0,model_feature_importances,XGBoost,provided_plus_rdkit_descriptors,5,1
rdkit_VSA_EState2,0.04344673827290535,model_feature_importances,XGBoost,provided_plus_rdkit_descriptors,5,1
rdkit_VSA_EState3,0.02656462788581848,model_feature_importances,XGBoost,provided_plus_rdkit_descriptors,5,1
rdkit_VSA_EState4,0.0,model_feature_importances,XGBoost,provided_plus_rdkit_descriptors,5,1
rdkit_VSA_EState5,0.00036811825702898204,model_feature_importances,XGBoost,provided_plus_rdkit_descriptors,5,1
rdkit_VSA_EState6,0.0,model_feature_importances,XGBoost,provided_plus_rdkit_descriptors,5,1
rdkit_VSA_EState7,0.015152149833738804,model_feature_importances,XGBoost,provided_plus_rdkit_descriptors,5,1
rdkit_VSA_EState8,0.0265466570854187,model_feature_importances,XGBoost,provided_plus_rdkit_descriptors,5,1
rdkit_VSA_EState9,0.0,model_feature_importances,XGBoost,provided_plus_rdkit_descriptors,5,1
rdkit_FractionCSP3,0.0,model_feature_importances,XGBoost,provided_plus_rdkit_descriptors,5,1
rdkit_HeavyAtomCount,0.0,model_feature_importances,XGBoost,provided_plus_rdkit_descriptors,5,1
rdkit_NHOHCount,0.0,model_feature_importances,XGBoost,provided_plus_rdkit_descriptors,5,1
rdkit_NOCount,0.0,model_feature_importances,XGBoost,provided_plus_rdkit_descriptors,5,1
rdkit_NumAliphaticCarbocycles,0.0,model_feature_importances,XGBoost,provided_plus_rdkit_descriptors,5,1
rdkit_NumAliphaticHeterocycles,0.00012669416901189834,model_feature_importances,XGBoost,provided_plus_rdkit_descriptors,5,1
rdkit_NumAliphaticRings,0.0,model_feature_importances,XGBoost,provided_plus_rdkit_descriptors,5,1
rdkit_NumAmideBonds,0.0,model_feature_importances,XGBoost,provided_plus_rdkit_descriptors,5,1
rdkit_NumAtomStereoCenters,0.011176851578056812,model_feature_importances,XGBoost,provided_plus_rdkit_descriptors,5,1
rdkit_NumBridgeheadAtoms,0.0,model_feature_importances,XGBoost,provided_plus_rdkit_descriptors,5,1
rdkit_NumHAcceptors,0.0,model_feature_importances,XGBoost,provided_plus_rdkit_descriptors,5,1
rdkit_NumHDonors,0.0,model_feature_importances,XGBoost,provided_plus_rdkit_descriptors,5,1
rdkit_NumHeteroatoms,0.0,model_feature_importances,XGBoost,provided_plus_rdkit_descriptors,5,1
rdkit_NumHeterocycles,0.0,model_feature_importances,XGBoost,provided_plus_rdkit_descriptors,5,1
rdkit_NumRotatableBonds,9.552121628075838e-05,model_feature_importances,XGBoost,provided_plus_rdkit_descriptors,5,1
rdkit_NumSaturatedCarbocycles,0.0,model_feature_importances,XGBoost,provided_plus_rdkit_descriptors,5,1
rdkit_NumSaturatedHeterocycles,0.0,model_feature_importances,XGBoost,provided_plus_rdkit_descriptors,5,1
rdkit_NumSaturatedRings,0.0,model_feature_importances,XGBoost,provided_plus_rdkit_descriptors,5,1
rdkit_NumUnspecifiedAtomStereoCenters,0.007867037318646908,model_feature_importances,XGBoost,provided_plus_rdkit_descriptors,5,1
rdkit_Phi,0.0033778641372919083,model_feature_importances,XGBoost,provided_plus_rdkit_descriptors,5,1
rdkit_RingCount,0.0,model_feature_importances,XGBoost,provided_plus_rdkit_descriptors,5,1
rdkit_MolLogP,0.017541706562042236,model_feature_importances,XGBoost,provided_plus_rdkit_descriptors,5,1
rdkit_MolMR,0.014170099049806595,model_feature_importances,XGBoost,provided_plus_rdkit_descriptors,5,1
rdkit_fr_Al_COO,0.0,model_feature_importances,XGBoost,provided_plus_rdkit_descriptors,5,1
rdkit_fr_Al_OH,0.0002989893837366253,model_feature_importances,XGBoost,provided_plus_rdkit_descriptors,5,1
rdkit_fr_Al_OH_noTert,0.0,model_feature_importances,XGBoost,provided_plus_rdkit_descriptors,5,1
rdkit_fr_COO,0.0,model_feature_importances,XGBoost,provided_plus_rdkit_descriptors,5,1
rdkit_fr_COO2,0.0,model_feature_importances,XGBoost,provided_plus_rdkit_descriptors,5,1
rdkit_fr_C_O,0.0,model_feature_importances,XGBoost,provided_plus_rdkit_descriptors,5,1
rdkit_fr_C_O_noCOO,0.0,model_feature_importances,XGBoost,provided_plus_rdkit_descriptors,5,1
rdkit_fr_NH1,0.0,model_feature_importances,XGBoost,provided_plus_rdkit_descriptors,5,1
rdkit_fr_NH2,0.0,model_feature_importances,XGBoost,provided_plus_rdkit_descriptors,5,1
rdkit_fr_aldehyde,0.0015817760722711682,model_feature_importances,XGBoost,provided_plus_rdkit_descriptors,5,1
rdkit_fr_alkyl_halide,0.0,model_feature_importances,XGBoost,provided_plus_rdkit_descriptors,5,1
rdkit_fr_allylic_oxid,0.0,model_feature_importances,XGBoost,provided_plus_rdkit_descriptors,5,1
rdkit_fr_amide,0.0,model_feature_importances,XGBoost,provided_plus_rdkit_descriptors,5,1
rdkit_fr_bicyclic,0.0,model_feature_importances,XGBoost,provided_plus_rdkit_descriptors,5,1
rdkit_fr_ether,0.0,model_feature_importances,XGBoost,provided_plus_rdkit_descriptors,5,1
rdkit_fr_halogen,0.0,model_feature_importances,XGBoost,provided_plus_rdkit_descriptors,5,1
rdkit_fr_ketone,0.003362298244610429,model_feature_importances,XGBoost,provided_plus_rdkit_descriptors,5,1
rdkit_fr_ketone_Topliss,0.0,model_feature_importances,XGBoost,provided_plus_rdkit_descriptors,5,1
rdkit_fr_methoxy,0.0,model_feature_importances,XGBoost,provided_plus_rdkit_descriptors,5,1
rdkit_fr_phos_acid,0.0,model_feature_importances,XGBoost,provided_plus_rdkit_descriptors,5,1
rdkit_fr_phos_ester,0.0,model_feature_importances,XGBoost,provided_plus_rdkit_descriptors,5,1
Molecular weight (Da),0.002444239566102624,model_feature_importances,XGBoost,provided_plus_rdkit_descriptors,5,2
Solubility (mg/mL),0.012655465863645077,model_feature_importances,XGBoost,provided_plus_rdkit_descriptors,5,2
"Glass transition temperature (Tg, degC)",0.004704257473349571,model_feature_importances,XGBoost,provided_plus_rdkit_descriptors,5,2
Viscosity (mPa.s),0.001793836010619998,model_feature_importances,XGBoost,provided_plus_rdkit_descriptors,5,2
Concentration (% w/v),0.0034205513074994087,model_feature_importances,XGBoost,provided_plus_rdkit_descriptors,5,2
rdkit_MaxAbsEStateIndex,0.0100868446752429,model_feature_importances,XGBoost,provided_plus_rdkit_descriptors,5,2
rdkit_MaxEStateIndex,0.0,model_feature_importances,XGBoost,provided_plus_rdkit_descriptors,5,2
rdkit_MinAbsEStateIndex,0.011099062860012054,model_feature_importances,XGBoost,provided_plus_rdkit_descriptors,5,2
rdkit_MinEStateIndex,0.008131349459290504,model_feature_importances,XGBoost,provided_plus_rdkit_descriptors,5,2
rdkit_qed,0.012071560136973858,model_feature_importances,XGBoost,provided_plus_rdkit_descriptors,5,2
rdkit_SPS,0.009073303081095219,model_feature_importances,XGBoost,provided_plus_rdkit_descriptors,5,2
rdkit_MolWt,0.0,model_feature_importances,XGBoost,provided_plus_rdkit_descriptors,5,2
rdkit_HeavyAtomMolWt,0.0,model_feature_importances,XGBoost,provided_plus_rdkit_descriptors,5,2
rdkit_ExactMolWt,0.0,model_feature_importances,XGBoost,provided_plus_rdkit_descriptors,5,2
rdkit_NumValenceElectrons,0.0,model_feature_importances,XGBoost,provided_plus_rdkit_descriptors,5,2
rdkit_MaxPartialCharge,0.017937207594513893,model_feature_importances,XGBoost,provided_plus_rdkit_descriptors,5,2
rdkit_MinPartialCharge,0.007748445495963097,model_feature_importances,XGBoost,provided_plus_rdkit_descriptors,5,2
rdkit_MaxAbsPartialCharge,0.00019592505123000592,model_feature_importances,XGBoost,provided_plus_rdkit_descriptors,5,2
rdkit_MinAbsPartialCharge,0.0,model_feature_importances,XGBoost,provided_plus_rdkit_descriptors,5,2
rdkit_FpDensityMorgan1,0.0021717913914471865,model_feature_importances,XGBoost,provided_plus_rdkit_descriptors,5,2
rdkit_FpDensityMorgan2,0.0012790578184649348,model_feature_importances,XGBoost,provided_plus_rdkit_descriptors,5,2
rdkit_FpDensityMorgan3,0.010649498552083969,model_feature_importances,XGBoost,provided_plus_rdkit_descriptors,5,2
rdkit_BCUT2D_MWHI,0.0018590574618428946,model_feature_importances,XGBoost,provided_plus_rdkit_descriptors,5,2
rdkit_BCUT2D_MWLOW,0.00362878548912704,model_feature_importances,XGBoost,provided_plus_rdkit_descriptors,5,2
rdkit_BCUT2D_CHGHI,0.003053290769457817,model_feature_importances,XGBoost,provided_plus_rdkit_descriptors,5,2
rdkit_BCUT2D_CHGLO,0.004674214869737625,model_feature_importances,XGBoost,provided_plus_rdkit_descriptors,5,2
rdkit_BCUT2D_LOGPHI,0.0006745781865902245,model_feature_importances,XGBoost,provided_plus_rdkit_descriptors,5,2
rdkit_BCUT2D_LOGPLOW,0.0013154031476005912,model_feature_importances,XGBoost,provided_plus_rdkit_descriptors,5,2
rdkit_BCUT2D_MRHI,0.005988883785903454,model_feature_importances,XGBoost,provided_plus_rdkit_descriptors,5,2
rdkit_BCUT2D_MRLOW,0.0046339090913534164,model_feature_importances,XGBoost,provided_plus_rdkit_descriptors,5,2
rdkit_AvgIpc,0.017560459673404694,model_feature_importances,XGBoost,provided_plus_rdkit_descriptors,5,2
rdkit_BalabanJ,0.0022614910267293453,model_feature_importances,XGBoost,provided_plus_rdkit_descriptors,5,2
rdkit_BertzCT,0.0004742947348859161,model_feature_importances,XGBoost,provided_plus_rdkit_descriptors,5,2
rdkit_Chi0,0.00037573286681436,model_feature_importances,XGBoost,provided_plus_rdkit_descriptors,5,2
rdkit_Chi0n,0.015326381660997868,model_feature_importances,XGBoost,provided_plus_rdkit_descriptors,5,2
rdkit_Chi0v,0.030190614983439445,model_feature_importances,XGBoost,provided_plus_rdkit_descriptors,5,2
rdkit_Chi1,0.0034309367183595896,model_feature_importances,XGBoost,provided_plus_rdkit_descriptors,5,2
rdkit_Chi1n,0.0,model_feature_importances,XGBoost,provided_plus_rdkit_descriptors,5,2
rdkit_Chi1v,0.00764923682436347,model_feature_importances,XGBoost,provided_plus_rdkit_descriptors,5,2
rdkit_Chi2n,0.0016015811124816537,model_feature_importances,XGBoost,provided_plus_rdkit_descriptors,5,2
rdkit_Chi2v,0.0,model_feature_importances,XGBoost,provided_plus_rdkit_descriptors,5,2
rdkit_Chi3n,0.0010664763394743204,model_feature_importances,XGBoost,provided_plus_rdkit_descriptors,5,2
rdkit_Chi3v,0.0,model_feature_importances,XGBoost,provided_plus_rdkit_descriptors,5,2
rdkit_Chi4n,0.0009987293742597103,model_feature_importances,XGBoost,provided_plus_rdkit_descriptors,5,2
rdkit_Chi4v,0.0008495969814248383,model_feature_importances,XGBoost,provided_plus_rdkit_descriptors,5,2
rdkit_HallKierAlpha,0.015608781017363071,model_feature_importances,XGBoost,provided_plus_rdkit_descriptors,5,2
rdkit_Ipc,0.0011019051307812333,model_feature_importances,XGBoost,provided_plus_rdkit_descriptors,5,2
rdkit_Kappa1,0.002501237438991666,model_feature_importances,XGBoost,provided_plus_rdkit_descriptors,5,2
rdkit_Kappa2,0.011553823947906494,model_feature_importances,XGBoost,provided_plus_rdkit_descriptors,5,2
rdkit_Kappa3,0.0023516807705163956,model_feature_importances,XGBoost,provided_plus_rdkit_descriptors,5,2
rdkit_LabuteASA,0.0002065266453428194,model_feature_importances,XGBoost,provided_plus_rdkit_descriptors,5,2
rdkit_PEOE_VSA1,0.011830035597085953,model_feature_importances,XGBoost,provided_plus_rdkit_descriptors,5,2
rdkit_PEOE_VSA10,0.0005841860547661781,model_feature_importances,XGBoost,provided_plus_rdkit_descriptors,5,2
rdkit_PEOE_VSA11,0.007060360163450241,model_feature_importances,XGBoost,provided_plus_rdkit_descriptors,5,2
rdkit_PEOE_VSA12,0.001074147061444819,model_feature_importances,XGBoost,provided_plus_rdkit_descriptors,5,2
rdkit_PEOE_VSA14,0.0,model_feature_importances,XGBoost,provided_plus_rdkit_descriptors,5,2
rdkit_PEOE_VSA2,0.0,model_feature_importances,XGBoost,provided_plus_rdkit_descriptors,5,2
rdkit_PEOE_VSA3,0.0,model_feature_importances,XGBoost,provided_plus_rdkit_descriptors,5,2
rdkit_PEOE_VSA5,0.0,model_feature_importances,XGBoost,provided_plus_rdkit_descriptors,5,2
rdkit_PEOE_VSA6,0.0,model_feature_importances,XGBoost,provided_plus_rdkit_descriptors,5,2
rdkit_PEOE_VSA7,0.005879385396838188,model_feature_importances,XGBoost,provided_plus_rdkit_descriptors,5,2
rdkit_PEOE_VSA8,0.004958339501172304,model_feature_importances,XGBoost,provided_plus_rdkit_descriptors,5,2
rdkit_PEOE_VSA9,0.000740109826438129,model_feature_importances,XGBoost,provided_plus_rdkit_descriptors,5,2
rdkit_SMR_VSA1,0.001961895264685154,model_feature_importances,XGBoost,provided_plus_rdkit_descriptors,5,2
rdkit_SMR_VSA10,0.0010345203336328268,model_feature_importances,XGBoost,provided_plus_rdkit_descriptors,5,2
rdkit_SMR_VSA3,0.0,model_feature_importances,XGBoost,provided_plus_rdkit_descriptors,5,2
rdkit_SMR_VSA4,0.0,model_feature_importances,XGBoost,provided_plus_rdkit_descriptors,5,2
rdkit_SMR_VSA5,0.006025610491633415,model_feature_importances,XGBoost,provided_plus_rdkit_descriptors,5,2
rdkit_SMR_VSA6,0.0006037502898834646,model_feature_importances,XGBoost,provided_plus_rdkit_descriptors,5,2
rdkit_SMR_VSA7,0.0,model_feature_importances,XGBoost,provided_plus_rdkit_descriptors,5,2
rdkit_SlogP_VSA1,0.0,model_feature_importances,XGBoost,provided_plus_rdkit_descriptors,5,2
rdkit_SlogP_VSA12,0.0,model_feature_importances,XGBoost,provided_plus_rdkit_descriptors,5,2
rdkit_SlogP_VSA2,0.04514660686254501,model_feature_importances,XGBoost,provided_plus_rdkit_descriptors,5,2
rdkit_SlogP_VSA3,0.0097615085542202,model_feature_importances,XGBoost,provided_plus_rdkit_descriptors,5,2
rdkit_SlogP_VSA4,0.0,model_feature_importances,XGBoost,provided_plus_rdkit_descriptors,5,2
rdkit_SlogP_VSA5,0.0005241308826953173,model_feature_importances,XGBoost,provided_plus_rdkit_descriptors,5,2
rdkit_SlogP_VSA6,0.0,model_feature_importances,XGBoost,provided_plus_rdkit_descriptors,5,2
rdkit_TPSA,0.0,model_feature_importances,XGBoost,provided_plus_rdkit_descriptors,5,2
rdkit_EState_VSA1,0.00018742783868219703,model_feature_importances,XGBoost,provided_plus_rdkit_descriptors,5,2
rdkit_EState_VSA10,0.29176321625709534,model_feature_importances,XGBoost,provided_plus_rdkit_descriptors,5,2
rdkit_EState_VSA2,0.0016119361389428377,model_feature_importances,XGBoost,provided_plus_rdkit_descriptors,5,2
rdkit_EState_VSA3,0.0003109416284132749,model_feature_importances,XGBoost,provided_plus_rdkit_descriptors,5,2
rdkit_EState_VSA4,0.0,model_feature_importances,XGBoost,provided_plus_rdkit_descriptors,5,2
rdkit_EState_VSA5,0.000556906801648438,model_feature_importances,XGBoost,provided_plus_rdkit_descriptors,5,2
rdkit_EState_VSA6,0.0,model_feature_importances,XGBoost,provided_plus_rdkit_descriptors,5,2
rdkit_EState_VSA7,0.0,model_feature_importances,XGBoost,provided_plus_rdkit_descriptors,5,2
rdkit_EState_VSA8,0.0009195845923386514,model_feature_importances,XGBoost,provided_plus_rdkit_descriptors,5,2
rdkit_EState_VSA9,0.008688311092555523,model_feature_importances,XGBoost,provided_plus_rdkit_descriptors,5,2
rdkit_VSA_EState1,0.0005233621341176331,model_feature_importances,XGBoost,provided_plus_rdkit_descriptors,5,2
rdkit_VSA_EState10,0.0,model_feature_importances,XGBoost,provided_plus_rdkit_descriptors,5,2
rdkit_VSA_EState2,0.013757573440670967,model_feature_importances,XGBoost,provided_plus_rdkit_descriptors,5,2
rdkit_VSA_EState3,0.03390447050333023,model_feature_importances,XGBoost,provided_plus_rdkit_descriptors,5,2
rdkit_VSA_EState4,0.0,model_feature_importances,XGBoost,provided_plus_rdkit_descriptors,5,2
rdkit_VSA_EState5,0.0010988557478412986,model_feature_importances,XGBoost,provided_plus_rdkit_descriptors,5,2
rdkit_VSA_EState6,0.0,model_feature_importances,XGBoost,provided_plus_rdkit_descriptors,5,2
rdkit_VSA_EState7,0.005391343031078577,model_feature_importances,XGBoost,provided_plus_rdkit_descriptors,5,2
rdkit_VSA_EState8,0.05477075278759003,model_feature_importances,XGBoost,provided_plus_rdkit_descriptors,5,2
rdkit_VSA_EState9,0.0,model_feature_importances,XGBoost,provided_plus_rdkit_descriptors,5,2
rdkit_FractionCSP3,0.00014887101133354008,model_feature_importances,XGBoost,provided_plus_rdkit_descriptors,5,2
rdkit_HeavyAtomCount,0.0,model_feature_importances,XGBoost,provided_plus_rdkit_descriptors,5,2
rdkit_NHOHCount,0.0,model_feature_importances,XGBoost,provided_plus_rdkit_descriptors,5,2
rdkit_NOCount,0.0,model_feature_importances,XGBoost,provided_plus_rdkit_descriptors,5,2
rdkit_NumAliphaticCarbocycles,0.0,model_feature_importances,XGBoost,provided_plus_rdkit_descriptors,5,2
rdkit_NumAliphaticHeterocycles,0.0,model_feature_importances,XGBoost,provided_plus_rdkit_descriptors,5,2
rdkit_NumAliphaticRings,0.0,model_feature_importances,XGBoost,provided_plus_rdkit_descriptors,5,2
rdkit_NumAmideBonds,0.0,model_feature_importances,XGBoost,provided_plus_rdkit_descriptors,5,2
rdkit_NumAtomStereoCenters,0.016714727506041527,model_feature_importances,XGBoost,provided_plus_rdkit_descriptors,5,2
rdkit_NumBridgeheadAtoms,0.0,model_feature_importances,XGBoost,provided_plus_rdkit_descriptors,5,2
rdkit_NumHAcceptors,0.0,model_feature_importances,XGBoost,provided_plus_rdkit_descriptors,5,2
rdkit_NumHDonors,0.0,model_feature_importances,XGBoost,provided_plus_rdkit_descriptors,5,2
rdkit_NumHeteroatoms,0.0,model_feature_importances,XGBoost,provided_plus_rdkit_descriptors,5,2
rdkit_NumHeterocycles,0.0,model_feature_importances,XGBoost,provided_plus_rdkit_descriptors,5,2
rdkit_NumRotatableBonds,0.0019176530186086893,model_feature_importances,XGBoost,provided_plus_rdkit_descriptors,5,2
rdkit_NumSaturatedCarbocycles,0.0,model_feature_importances,XGBoost,provided_plus_rdkit_descriptors,5,2
rdkit_NumSaturatedHeterocycles,0.0,model_feature_importances,XGBoost,provided_plus_rdkit_descriptors,5,2
rdkit_NumSaturatedRings,0.0,model_feature_importances,XGBoost,provided_plus_rdkit_descriptors,5,2
rdkit_NumUnspecifiedAtomStereoCenters,0.0005699311732314527,model_feature_importances,XGBoost,provided_plus_rdkit_descriptors,5,2
rdkit_Phi,0.02721513621509075,model_feature_importances,XGBoost,provided_plus_rdkit_descriptors,5,2
rdkit_RingCount,0.0,model_feature_importances,XGBoost,provided_plus_rdkit_descriptors,5,2
rdkit_MolLogP,0.00947644468396902,model_feature_importances,XGBoost,provided_plus_rdkit_descriptors,5,2
rdkit_MolMR,0.003762470558285713,model_feature_importances,XGBoost,provided_plus_rdkit_descriptors,5,2
rdkit_fr_Al_COO,0.0,model_feature_importances,XGBoost,provided_plus_rdkit_descriptors,5,2
rdkit_fr_Al_OH,0.13123783469200134,model_feature_importances,XGBoost,provided_plus_rdkit_descriptors,5,2
rdkit_fr_Al_OH_noTert,0.0,model_feature_importances,XGBoost,provided_plus_rdkit_descriptors,5,2
rdkit_fr_COO,0.0,model_feature_importances,XGBoost,provided_plus_rdkit_descriptors,5,2
rdkit_fr_COO2,0.0,model_feature_importances,XGBoost,provided_plus_rdkit_descriptors,5,2
rdkit_fr_C_O,0.0,model_feature_importances,XGBoost,provided_plus_rdkit_descriptors,5,2
rdkit_fr_C_O_noCOO,0.0,model_feature_importances,XGBoost,provided_plus_rdkit_descriptors,5,2
rdkit_fr_NH1,0.0,model_feature_importances,XGBoost,provided_plus_rdkit_descriptors,5,2
rdkit_fr_NH2,0.0,model_feature_importances,XGBoost,provided_plus_rdkit_descriptors,5,2
rdkit_fr_aldehyde,0.041750140488147736,model_feature_importances,XGBoost,provided_plus_rdkit_descriptors,5,2
rdkit_fr_alkyl_halide,0.0,model_feature_importances,XGBoost,provided_plus_rdkit_descriptors,5,2
rdkit_fr_allylic_oxid,0.0,model_feature_importances,XGBoost,provided_plus_rdkit_descriptors,5,2
rdkit_fr_amide,0.0,model_feature_importances,XGBoost,provided_plus_rdkit_descriptors,5,2
rdkit_fr_bicyclic,0.0,model_feature_importances,XGBoost,provided_plus_rdkit_descriptors,5,2
rdkit_fr_ether,0.0,model_feature_importances,XGBoost,provided_plus_rdkit_descriptors,5,2
rdkit_fr_halogen,0.0,model_feature_importances,XGBoost,provided_plus_rdkit_descriptors,5,2
rdkit_fr_ketone,0.00013753237726632506,model_feature_importances,XGBoost,provided_plus_rdkit_descriptors,5,2
rdkit_fr_ketone_Topliss,0.0,model_feature_importances,XGBoost,provided_plus_rdkit_descriptors,5,2
rdkit_fr_methoxy,0.0,model_feature_importances,XGBoost,provided_plus_rdkit_descriptors,5,2
rdkit_fr_phos_acid,0.0,model_feature_importances,XGBoost,provided_plus_rdkit_descriptors,5,2
rdkit_fr_phos_ester,0.0,model_feature_importances,XGBoost,provided_plus_rdkit_descriptors,5,2
Molecular weight (Da),0.004326703492552042,model_feature_importances,XGBoost,provided_plus_rdkit_descriptors,5,3
Solubility (mg/mL),0.015486062504351139,model_feature_importances,XGBoost,provided_plus_rdkit_descriptors,5,3
"Glass transition temperature (Tg, degC)",0.005310457665473223,model_feature_importances,XGBoost,provided_plus_rdkit_descriptors,5,3
Viscosity (mPa.s),0.0012276842026039958,model_feature_importances,XGBoost,provided_plus_rdkit_descriptors,5,3
Concentration (% w/v),0.0048936596140265465,model_feature_importances,XGBoost,provided_plus_rdkit_descriptors,5,3
rdkit_MaxAbsEStateIndex,0.004197931382805109,model_feature_importances,XGBoost,provided_plus_rdkit_descriptors,5,3
rdkit_MaxEStateIndex,0.0,model_feature_importances,XGBoost,provided_plus_rdkit_descriptors,5,3
rdkit_MinAbsEStateIndex,0.004927502945065498,model_feature_importances,XGBoost,provided_plus_rdkit_descriptors,5,3
rdkit_MinEStateIndex,0.008104903623461723,model_feature_importances,XGBoost,provided_plus_rdkit_descriptors,5,3
rdkit_qed,0.0026329488027840853,model_feature_importances,XGBoost,provided_plus_rdkit_descriptors,5,3
rdkit_SPS,0.007009702268987894,model_feature_importances,XGBoost,provided_plus_rdkit_descriptors,5,3
rdkit_MolWt,0.0,model_feature_importances,XGBoost,provided_plus_rdkit_descriptors,5,3
rdkit_HeavyAtomMolWt,0.0,model_feature_importances,XGBoost,provided_plus_rdkit_descriptors,5,3
rdkit_ExactMolWt,0.0,model_feature_importances,XGBoost,provided_plus_rdkit_descriptors,5,3
rdkit_NumValenceElectrons,0.0,model_feature_importances,XGBoost,provided_plus_rdkit_descriptors,5,3
rdkit_MaxPartialCharge,0.01416986994445324,model_feature_importances,XGBoost,provided_plus_rdkit_descriptors,5,3
rdkit_MinPartialCharge,0.005039270501583815,model_feature_importances,XGBoost,provided_plus_rdkit_descriptors,5,3
rdkit_MaxAbsPartialCharge,0.0026962279807776213,model_feature_importances,XGBoost,provided_plus_rdkit_descriptors,5,3
rdkit_MinAbsPartialCharge,0.0,model_feature_importances,XGBoost,provided_plus_rdkit_descriptors,5,3
rdkit_FpDensityMorgan1,0.004803698975592852,model_feature_importances,XGBoost,provided_plus_rdkit_descriptors,5,3
rdkit_FpDensityMorgan2,0.00049542699707672,model_feature_importances,XGBoost,provided_plus_rdkit_descriptors,5,3
rdkit_FpDensityMorgan3,0.005012370180338621,model_feature_importances,XGBoost,provided_plus_rdkit_descriptors,5,3
rdkit_BCUT2D_MWHI,0.0014265980571508408,model_feature_importances,XGBoost,provided_plus_rdkit_descriptors,5,3
rdkit_BCUT2D_MWLOW,0.006865740288048983,model_feature_importances,XGBoost,provided_plus_rdkit_descriptors,5,3
rdkit_BCUT2D_CHGHI,0.00227223034016788,model_feature_importances,XGBoost,provided_plus_rdkit_descriptors,5,3
rdkit_BCUT2D_CHGLO,0.020592661574482918,model_feature_importances,XGBoost,provided_plus_rdkit_descriptors,5,3
rdkit_BCUT2D_LOGPHI,0.0006709310109727085,model_feature_importances,XGBoost,provided_plus_rdkit_descriptors,5,3
rdkit_BCUT2D_LOGPLOW,0.0033025038428604603,model_feature_importances,XGBoost,provided_plus_rdkit_descriptors,5,3
rdkit_BCUT2D_MRHI,0.004632801283150911,model_feature_importances,XGBoost,provided_plus_rdkit_descriptors,5,3
rdkit_BCUT2D_MRLOW,0.01046687364578247,model_feature_importances,XGBoost,provided_plus_rdkit_descriptors,5,3
rdkit_AvgIpc,0.016156578436493874,model_feature_importances,XGBoost,provided_plus_rdkit_descriptors,5,3
rdkit_BalabanJ,0.002701557008549571,model_feature_importances,XGBoost,provided_plus_rdkit_descriptors,5,3
rdkit_BertzCT,0.0009524127235636115,model_feature_importances,XGBoost,provided_plus_rdkit_descriptors,5,3
rdkit_Chi0,0.00030731980223208666,model_feature_importances,XGBoost,provided_plus_rdkit_descriptors,5,3
rdkit_Chi0n,0.0,model_feature_importances,XGBoost,provided_plus_rdkit_descriptors,5,3
rdkit_Chi0v,0.07020681351423264,model_feature_importances,XGBoost,provided_plus_rdkit_descriptors,5,3
rdkit_Chi1,0.0022649860475212336,model_feature_importances,XGBoost,provided_plus_rdkit_descriptors,5,3
rdkit_Chi1n,0.0003085574717260897,model_feature_importances,XGBoost,provided_plus_rdkit_descriptors,5,3
rdkit_Chi1v,0.0,model_feature_importances,XGBoost,provided_plus_rdkit_descriptors,5,3
rdkit_Chi2n,0.0,model_feature_importances,XGBoost,provided_plus_rdkit_descriptors,5,3
rdkit_Chi2v,0.00035419559571892023,model_feature_importances,XGBoost,provided_plus_rdkit_descriptors,5,3
rdkit_Chi3n,0.00097141123842448,model_feature_importances,XGBoost,provided_plus_rdkit_descriptors,5,3
rdkit_Chi3v,0.0005017490475438535,model_feature_importances,XGBoost,provided_plus_rdkit_descriptors,5,3
rdkit_Chi4n,0.00034373896778561175,model_feature_importances,XGBoost,provided_plus_rdkit_descriptors,5,3
rdkit_Chi4v,0.0014671272365376353,model_feature_importances,XGBoost,provided_plus_rdkit_descriptors,5,3
rdkit_HallKierAlpha,0.006851086392998695,model_feature_importances,XGBoost,provided_plus_rdkit_descriptors,5,3
rdkit_Ipc,0.0009790639160200953,model_feature_importances,XGBoost,provided_plus_rdkit_descriptors,5,3
rdkit_Kappa1,0.0018427921459078789,model_feature_importances,XGBoost,provided_plus_rdkit_descriptors,5,3
rdkit_Kappa2,0.0006482735625468194,model_feature_importances,XGBoost,provided_plus_rdkit_descriptors,5,3
rdkit_Kappa3,0.009374670684337616,model_feature_importances,XGBoost,provided_plus_rdkit_descriptors,5,3
rdkit_LabuteASA,0.0,model_feature_importances,XGBoost,provided_plus_rdkit_descriptors,5,3
rdkit_PEOE_VSA1,0.007733859121799469,model_feature_importances,XGBoost,provided_plus_rdkit_descriptors,5,3
rdkit_PEOE_VSA10,0.0026624726597219706,model_feature_importances,XGBoost,provided_plus_rdkit_descriptors,5,3
rdkit_PEOE_VSA11,0.011973509564995766,model_feature_importances,XGBoost,provided_plus_rdkit_descriptors,5,3
rdkit_PEOE_VSA12,0.0,model_feature_importances,XGBoost,provided_plus_rdkit_descriptors,5,3
rdkit_PEOE_VSA14,0.0,model_feature_importances,XGBoost,provided_plus_rdkit_descriptors,5,3
rdkit_PEOE_VSA2,0.0034940605983138084,model_feature_importances,XGBoost,provided_plus_rdkit_descriptors,5,3
rdkit_PEOE_VSA3,0.0,model_feature_importances,XGBoost,provided_plus_rdkit_descriptors,5,3
rdkit_PEOE_VSA5,0.0,model_feature_importances,XGBoost,provided_plus_rdkit_descriptors,5,3
rdkit_PEOE_VSA6,0.0,model_feature_importances,XGBoost,provided_plus_rdkit_descriptors,5,3
rdkit_PEOE_VSA7,0.0,model_feature_importances,XGBoost,provided_plus_rdkit_descriptors,5,3
rdkit_PEOE_VSA8,0.07935603708028793,model_feature_importances,XGBoost,provided_plus_rdkit_descriptors,5,3
rdkit_PEOE_VSA9,0.0006537692970596254,model_feature_importances,XGBoost,provided_plus_rdkit_descriptors,5,3
rdkit_SMR_VSA1,0.001180848223157227,model_feature_importances,XGBoost,provided_plus_rdkit_descriptors,5,3
rdkit_SMR_VSA10,0.00021024745365139097,model_feature_importances,XGBoost,provided_plus_rdkit_descriptors,5,3
rdkit_SMR_VSA3,0.0,model_feature_importances,XGBoost,provided_plus_rdkit_descriptors,5,3
rdkit_SMR_VSA4,0.0,model_feature_importances,XGBoost,provided_plus_rdkit_descriptors,5,3
rdkit_SMR_VSA5,0.0010009442921727896,model_feature_importances,XGBoost,provided_plus_rdkit_descriptors,5,3
rdkit_SMR_VSA6,0.0010272794170305133,model_feature_importances,XGBoost,provided_plus_rdkit_descriptors,5,3
rdkit_SMR_VSA7,0.0,model_feature_importances,XGBoost,provided_plus_rdkit_descriptors,5,3
rdkit_SlogP_VSA1,0.0,model_feature_importances,XGBoost,provided_plus_rdkit_descriptors,5,3
rdkit_SlogP_VSA12,0.0,model_feature_importances,XGBoost,provided_plus_rdkit_descriptors,5,3
rdkit_SlogP_VSA2,0.013193603605031967,model_feature_importances,XGBoost,provided_plus_rdkit_descriptors,5,3
rdkit_SlogP_VSA3,0.009615683928132057,model_feature_importances,XGBoost,provided_plus_rdkit_descriptors,5,3
rdkit_SlogP_VSA4,0.0,model_feature_importances,XGBoost,provided_plus_rdkit_descriptors,5,3
rdkit_SlogP_VSA5,0.0,model_feature_importances,XGBoost,provided_plus_rdkit_descriptors,5,3
rdkit_SlogP_VSA6,0.0,model_feature_importances,XGBoost,provided_plus_rdkit_descriptors,5,3
rdkit_TPSA,0.0001165284265880473,model_feature_importances,XGBoost,provided_plus_rdkit_descriptors,5,3
rdkit_EState_VSA1,0.00035793843562714756,model_feature_importances,XGBoost,provided_plus_rdkit_descriptors,5,3
rdkit_EState_VSA10,0.43577465415000916,model_feature_importances,XGBoost,provided_plus_rdkit_descriptors,5,3
rdkit_EState_VSA2,0.0024809546303004026,model_feature_importances,XGBoost,provided_plus_rdkit_descriptors,5,3
rdkit_EState_VSA3,0.003135365666821599,model_feature_importances,XGBoost,provided_plus_rdkit_descriptors,5,3
rdkit_EState_VSA4,0.0,model_feature_importances,XGBoost,provided_plus_rdkit_descriptors,5,3
rdkit_EState_VSA5,0.0012023752788081765,model_feature_importances,XGBoost,provided_plus_rdkit_descriptors,5,3
rdkit_EState_VSA6,0.0,model_feature_importances,XGBoost,provided_plus_rdkit_descriptors,5,3
rdkit_EState_VSA7,0.0,model_feature_importances,XGBoost,provided_plus_rdkit_descriptors,5,3
rdkit_EState_VSA8,0.0007324988837353885,model_feature_importances,XGBoost,provided_plus_rdkit_descriptors,5,3
rdkit_EState_VSA9,0.003464745357632637,model_feature_importances,XGBoost,provided_plus_rdkit_descriptors,5,3
rdkit_VSA_EState1,0.0006312009645625949,model_feature_importances,XGBoost,provided_plus_rdkit_descriptors,5,3
rdkit_VSA_EState10,0.0,model_feature_importances,XGBoost,provided_plus_rdkit_descriptors,5,3
rdkit_VSA_EState2,0.04910413175821304,model_feature_importances,XGBoost,provided_plus_rdkit_descriptors,5,3
rdkit_VSA_EState3,0.009049445390701294,model_feature_importances,XGBoost,provided_plus_rdkit_descriptors,5,3
rdkit_VSA_EState4,0.0,model_feature_importances,XGBoost,provided_plus_rdkit_descriptors,5,3
rdkit_VSA_EState5,0.0018088800134137273,model_feature_importances,XGBoost,provided_plus_rdkit_descriptors,5,3
rdkit_VSA_EState6,0.0,model_feature_importances,XGBoost,provided_plus_rdkit_descriptors,5,3
rdkit_VSA_EState7,0.01907832734286785,model_feature_importances,XGBoost,provided_plus_rdkit_descriptors,5,3
rdkit_VSA_EState8,0.030970385298132896,model_feature_importances,XGBoost,provided_plus_rdkit_descriptors,5,3
rdkit_VSA_EState9,0.0,model_feature_importances,XGBoost,provided_plus_rdkit_descriptors,5,3
rdkit_FractionCSP3,0.0008887774893082678,model_feature_importances,XGBoost,provided_plus_rdkit_descriptors,5,3
rdkit_HeavyAtomCount,0.0,model_feature_importances,XGBoost,provided_plus_rdkit_descriptors,5,3
rdkit_NHOHCount,0.0,model_feature_importances,XGBoost,provided_plus_rdkit_descriptors,5,3
rdkit_NOCount,0.0,model_feature_importances,XGBoost,provided_plus_rdkit_descriptors,5,3
rdkit_NumAliphaticCarbocycles,0.0,model_feature_importances,XGBoost,provided_plus_rdkit_descriptors,5,3
rdkit_NumAliphaticHeterocycles,0.0,model_feature_importances,XGBoost,provided_plus_rdkit_descriptors,5,3
rdkit_NumAliphaticRings,0.0,model_feature_importances,XGBoost,provided_plus_rdkit_descriptors,5,3
rdkit_NumAmideBonds,0.0,model_feature_importances,XGBoost,provided_plus_rdkit_descriptors,5,3
rdkit_NumAtomStereoCenters,0.007955895736813545,model_feature_importances,XGBoost,provided_plus_rdkit_descriptors,5,3
rdkit_NumBridgeheadAtoms,0.0,model_feature_importances,XGBoost,provided_plus_rdkit_descriptors,5,3
rdkit_NumHAcceptors,0.0,model_feature_importances,XGBoost,provided_plus_rdkit_descriptors,5,3
rdkit_NumHDonors,0.0,model_feature_importances,XGBoost,provided_plus_rdkit_descriptors,5,3
rdkit_NumHeteroatoms,0.0,model_feature_importances,XGBoost,provided_plus_rdkit_descriptors,5,3
rdkit_NumHeterocycles,0.0,model_feature_importances,XGBoost,provided_plus_rdkit_descriptors,5,3
rdkit_NumRotatableBonds,0.00023303355555981398,model_feature_importances,XGBoost,provided_plus_rdkit_descriptors,5,3
rdkit_NumSaturatedCarbocycles,0.0,model_feature_importances,XGBoost,provided_plus_rdkit_descriptors,5,3
rdkit_NumSaturatedHeterocycles,0.0,model_feature_importances,XGBoost,provided_plus_rdkit_descriptors,5,3
rdkit_NumSaturatedRings,0.0,model_feature_importances,XGBoost,provided_plus_rdkit_descriptors,5,3
rdkit_NumUnspecifiedAtomStereoCenters,0.0030594600830227137,model_feature_importances,XGBoost,provided_plus_rdkit_descriptors,5,3
rdkit_Phi,0.012033055536448956,model_feature_importances,XGBoost,provided_plus_rdkit_descriptors,5,3
rdkit_RingCount,0.0,model_feature_importances,XGBoost,provided_plus_rdkit_descriptors,5,3
rdkit_MolLogP,0.02219136245548725,model_feature_importances,XGBoost,provided_plus_rdkit_descriptors,5,3
rdkit_MolMR,0.0018173980060964823,model_feature_importances,XGBoost,provided_plus_rdkit_descriptors,5,3
rdkit_fr_Al_COO,0.0,model_feature_importances,XGBoost,provided_plus_rdkit_descriptors,5,3
rdkit_fr_Al_OH,0.0003357499372214079,model_feature_importances,XGBoost,provided_plus_rdkit_descriptors,5,3
rdkit_fr_Al_OH_noTert,0.0,model_feature_importances,XGBoost,provided_plus_rdkit_descriptors,5,3
rdkit_fr_COO,0.0,model_feature_importances,XGBoost,provided_plus_rdkit_descriptors,5,3
rdkit_fr_COO2,0.0,model_feature_importances,XGBoost,provided_plus_rdkit_descriptors,5,3
rdkit_fr_C_O,0.0,model_feature_importances,XGBoost,provided_plus_rdkit_descriptors,5,3
rdkit_fr_C_O_noCOO,0.0,model_feature_importances,XGBoost,provided_plus_rdkit_descriptors,5,3
rdkit_fr_NH1,0.0,model_feature_importances,XGBoost,provided_plus_rdkit_descriptors,5,3
rdkit_fr_NH2,0.0,model_feature_importances,XGBoost,provided_plus_rdkit_descriptors,5,3
rdkit_fr_aldehyde,0.004678440745919943,model_feature_importances,XGBoost,provided_plus_rdkit_descriptors,5,3
rdkit_fr_alkyl_halide,0.0,model_feature_importances,XGBoost,provided_plus_rdkit_descriptors,5,3
rdkit_fr_allylic_oxid,0.0,model_feature_importances,XGBoost,provided_plus_rdkit_descriptors,5,3
rdkit_fr_amide,0.0,model_feature_importances,XGBoost,provided_plus_rdkit_descriptors,5,3
rdkit_fr_bicyclic,0.0,model_feature_importances,XGBoost,provided_plus_rdkit_descriptors,5,3
rdkit_fr_ether,0.0,model_feature_importances,XGBoost,provided_plus_rdkit_descriptors,5,3
rdkit_fr_halogen,0.0,model_feature_importances,XGBoost,provided_plus_rdkit_descriptors,5,3
rdkit_fr_ketone,0.0,model_feature_importances,XGBoost,provided_plus_rdkit_descriptors,5,3
rdkit_fr_ketone_Topliss,0.0,model_feature_importances,XGBoost,provided_plus_rdkit_descriptors,5,3
rdkit_fr_methoxy,0.0,model_feature_importances,XGBoost,provided_plus_rdkit_descriptors,5,3
rdkit_fr_phos_acid,0.0,model_feature_importances,XGBoost,provided_plus_rdkit_descriptors,5,3
rdkit_fr_phos_ester,0.0,model_feature_importances,XGBoost,provided_plus_rdkit_descriptors,5,3
Molecular weight (Da),0.0039308643899858,model_feature_importances,XGBoost,provided_plus_rdkit_descriptors,5,4
Solubility (mg/mL),0.01530294306576252,model_feature_importances,XGBoost,provided_plus_rdkit_descriptors,5,4
"Glass transition temperature (Tg, degC)",0.007734348531812429,model_feature_importances,XGBoost,provided_plus_rdkit_descriptors,5,4
Viscosity (mPa.s),0.0014266816433519125,model_feature_importances,XGBoost,provided_plus_rdkit_descriptors,5,4
Concentration (% w/v),0.004013987258076668,model_feature_importances,XGBoost,provided_plus_rdkit_descriptors,5,4
rdkit_MaxAbsEStateIndex,0.004595883656293154,model_feature_importances,XGBoost,provided_plus_rdkit_descriptors,5,4
rdkit_MaxEStateIndex,0.0,model_feature_importances,XGBoost,provided_plus_rdkit_descriptors,5,4
rdkit_MinAbsEStateIndex,0.0073582385666668415,model_feature_importances,XGBoost,provided_plus_rdkit_descriptors,5,4
rdkit_MinEStateIndex,0.008987120352685452,model_feature_importances,XGBoost,provided_plus_rdkit_descriptors,5,4
rdkit_qed,0.001624703174456954,model_feature_importances,XGBoost,provided_plus_rdkit_descriptors,5,4
rdkit_SPS,0.009316917508840561,model_feature_importances,XGBoost,provided_plus_rdkit_descriptors,5,4
rdkit_MolWt,0.0,model_feature_importances,XGBoost,provided_plus_rdkit_descriptors,5,4
rdkit_HeavyAtomMolWt,0.0,model_feature_importances,XGBoost,provided_plus_rdkit_descriptors,5,4
rdkit_ExactMolWt,0.0,model_feature_importances,XGBoost,provided_plus_rdkit_descriptors,5,4
rdkit_NumValenceElectrons,0.0004117062781006098,model_feature_importances,XGBoost,provided_plus_rdkit_descriptors,5,4
rdkit_MaxPartialCharge,0.01875181868672371,model_feature_importances,XGBoost,provided_plus_rdkit_descriptors,5,4
rdkit_MinPartialCharge,0.02317807450890541,model_feature_importances,XGBoost,provided_plus_rdkit_descriptors,5,4
rdkit_MaxAbsPartialCharge,0.0013494869926944375,model_feature_importances,XGBoost,provided_plus_rdkit_descriptors,5,4
rdkit_MinAbsPartialCharge,0.0,model_feature_importances,XGBoost,provided_plus_rdkit_descriptors,5,4
rdkit_FpDensityMorgan1,0.004704451188445091,model_feature_importances,XGBoost,provided_plus_rdkit_descriptors,5,4
rdkit_FpDensityMorgan2,0.0007640541880391538,model_feature_importances,XGBoost,provided_plus_rdkit_descriptors,5,4
rdkit_FpDensityMorgan3,0.0040875147096812725,model_feature_importances,XGBoost,provided_plus_rdkit_descriptors,5,4
rdkit_BCUT2D_MWHI,0.0009868277702480555,model_feature_importances,XGBoost,provided_plus_rdkit_descriptors,5,4
rdkit_BCUT2D_MWLOW,0.010338868014514446,model_feature_importances,XGBoost,provided_plus_rdkit_descriptors,5,4
rdkit_BCUT2D_CHGHI,0.011369403451681137,model_feature_importances,XGBoost,provided_plus_rdkit_descriptors,5,4
rdkit_BCUT2D_CHGLO,0.023976057767868042,model_feature_importances,XGBoost,provided_plus_rdkit_descriptors,5,4
rdkit_BCUT2D_LOGPHI,3.5528566513676196e-05,model_feature_importances,XGBoost,provided_plus_rdkit_descriptors,5,4
rdkit_BCUT2D_LOGPLOW,0.0013831774704158306,model_feature_importances,XGBoost,provided_plus_rdkit_descriptors,5,4
rdkit_BCUT2D_MRHI,0.0032943959813565016,model_feature_importances,XGBoost,provided_plus_rdkit_descriptors,5,4
rdkit_BCUT2D_MRLOW,0.004393426701426506,model_feature_importances,XGBoost,provided_plus_rdkit_descriptors,5,4
rdkit_AvgIpc,0.013599754311144352,model_feature_importances,XGBoost,provided_plus_rdkit_descriptors,5,4
rdkit_BalabanJ,0.0026189624331891537,model_feature_importances,XGBoost,provided_plus_rdkit_descriptors,5,4
rdkit_BertzCT,0.0005618872819468379,model_feature_importances,XGBoost,provided_plus_rdkit_descriptors,5,4
rdkit_Chi0,0.00018265226390212774,model_feature_importances,XGBoost,provided_plus_rdkit_descriptors,5,4
rdkit_Chi0n,0.000569232099223882,model_feature_importances,XGBoost,provided_plus_rdkit_descriptors,5,4
rdkit_Chi0v,0.2115100920200348,model_feature_importances,XGBoost,provided_plus_rdkit_descriptors,5,4
rdkit_Chi1,0.0,model_feature_importances,XGBoost,provided_plus_rdkit_descriptors,5,4
rdkit_Chi1n,0.00013657545787282288,model_feature_importances,XGBoost,provided_plus_rdkit_descriptors,5,4
rdkit_Chi1v,0.0,model_feature_importances,XGBoost,provided_plus_rdkit_descriptors,5,4
rdkit_Chi2n,0.0012936515267938375,model_feature_importances,XGBoost,provided_plus_rdkit_descriptors,5,4
rdkit_Chi2v,0.0015114713460206985,model_feature_importances,XGBoost,provided_plus_rdkit_descriptors,5,4
rdkit_Chi3n,0.0002664919011294842,model_feature_importances,XGBoost,provided_plus_rdkit_descriptors,5,4
rdkit_Chi3v,0.002277169143781066,model_feature_importances,XGBoost,provided_plus_rdkit_descriptors,5,4
rdkit_Chi4n,0.0,model_feature_importances,XGBoost,provided_plus_rdkit_descriptors,5,4
rdkit_Chi4v,0.0023467838764190674,model_feature_importances,XGBoost,provided_plus_rdkit_descriptors,5,4
rdkit_HallKierAlpha,0.04218852147459984,model_feature_importances,XGBoost,provided_plus_rdkit_descriptors,5,4
rdkit_Ipc,0.002585174050182104,model_feature_importances,XGBoost,provided_plus_rdkit_descriptors,5,4
rdkit_Kappa1,0.004012708552181721,model_feature_importances,XGBoost,provided_plus_rdkit_descriptors,5,4
rdkit_Kappa2,0.009581276215612888,model_feature_importances,XGBoost,provided_plus_rdkit_descriptors,5,4
rdkit_Kappa3,0.007474485319107771,model_feature_importances,XGBoost,provided_plus_rdkit_descriptors,5,4
rdkit_LabuteASA,0.0,model_feature_importances,XGBoost,provided_plus_rdkit_descriptors,5,4
rdkit_PEOE_VSA1,0.0011542928405106068,model_feature_importances,XGBoost,provided_plus_rdkit_descriptors,5,4
rdkit_PEOE_VSA10,0.00034298861282877624,model_feature_importances,XGBoost,provided_plus_rdkit_descriptors,5,4
rdkit_PEOE_VSA11,0.010208366438746452,model_feature_importances,XGBoost,provided_plus_rdkit_descriptors,5,4
rdkit_PEOE_VSA12,0.0003561780322343111,model_feature_importances,XGBoost,provided_plus_rdkit_descriptors,5,4
rdkit_PEOE_VSA14,0.0,model_feature_importances,XGBoost,provided_plus_rdkit_descriptors,5,4
rdkit_PEOE_VSA2,0.0,model_feature_importances,XGBoost,provided_plus_rdkit_descriptors,5,4
rdkit_PEOE_VSA3,0.0,model_feature_importances,XGBoost,provided_plus_rdkit_descriptors,5,4
rdkit_PEOE_VSA5,0.0,model_feature_importances,XGBoost,provided_plus_rdkit_descriptors,5,4
rdkit_PEOE_VSA6,0.00030805726419202983,model_feature_importances,XGBoost,provided_plus_rdkit_descriptors,5,4
rdkit_PEOE_VSA7,0.002867412520572543,model_feature_importances,XGBoost,provided_plus_rdkit_descriptors,5,4
rdkit_PEOE_VSA8,8.460359094897285e-05,model_feature_importances,XGBoost,provided_plus_rdkit_descriptors,5,4
rdkit_PEOE_VSA9,0.0010085504036396742,model_feature_importances,XGBoost,provided_plus_rdkit_descriptors,5,4
rdkit_SMR_VSA1,0.0006366107263602316,model_feature_importances,XGBoost,provided_plus_rdkit_descriptors,5,4
rdkit_SMR_VSA10,0.0016212910413742065,model_feature_importances,XGBoost,provided_plus_rdkit_descriptors,5,4
rdkit_SMR_VSA3,0.0,model_feature_importances,XGBoost,provided_plus_rdkit_descriptors,5,4
rdkit_SMR_VSA4,0.0008095107623375952,model_feature_importances,XGBoost,provided_plus_rdkit_descriptors,5,4
rdkit_SMR_VSA5,0.001491936156526208,model_feature_importances,XGBoost,provided_plus_rdkit_descriptors,5,4
rdkit_SMR_VSA6,0.0006226813420653343,model_feature_importances,XGBoost,provided_plus_rdkit_descriptors,5,4
rdkit_SMR_VSA7,0.0,model_feature_importances,XGBoost,provided_plus_rdkit_descriptors,5,4
rdkit_SlogP_VSA1,0.0,model_feature_importances,XGBoost,provided_plus_rdkit_descriptors,5,4
rdkit_SlogP_VSA12,0.0,model_feature_importances,XGBoost,provided_plus_rdkit_descriptors,5,4
rdkit_SlogP_VSA2,0.0031708120368421078,model_feature_importances,XGBoost,provided_plus_rdkit_descriptors,5,4
rdkit_SlogP_VSA3,0.052546728402376175,model_feature_importances,XGBoost,provided_plus_rdkit_descriptors,5,4
rdkit_SlogP_VSA4,0.0,model_feature_importances,XGBoost,provided_plus_rdkit_descriptors,5,4
rdkit_SlogP_VSA5,0.025311637669801712,model_feature_importances,XGBoost,provided_plus_rdkit_descriptors,5,4
rdkit_SlogP_VSA6,0.0,model_feature_importances,XGBoost,provided_plus_rdkit_descriptors,5,4
rdkit_TPSA,0.001445887959562242,model_feature_importances,XGBoost,provided_plus_rdkit_descriptors,5,4
rdkit_EState_VSA1,0.022823883220553398,model_feature_importances,XGBoost,provided_plus_rdkit_descriptors,5,4
rdkit_EState_VSA10,0.23179017007350922,model_feature_importances,XGBoost,provided_plus_rdkit_descriptors,5,4
rdkit_EState_VSA2,0.008134085685014725,model_feature_importances,XGBoost,provided_plus_rdkit_descriptors,5,4
rdkit_EState_VSA3,0.004988804459571838,model_feature_importances,XGBoost,provided_plus_rdkit_descriptors,5,4
rdkit_EState_VSA4,0.0,model_feature_importances,XGBoost,provided_plus_rdkit_descriptors,5,4
rdkit_EState_VSA5,0.0,model_feature_importances,XGBoost,provided_plus_rdkit_descriptors,5,4
rdkit_EState_VSA6,0.0,model_feature_importances,XGBoost,provided_plus_rdkit_descriptors,5,4
rdkit_EState_VSA7,0.0,model_feature_importances,XGBoost,provided_plus_rdkit_descriptors,5,4
rdkit_EState_VSA8,0.0025923061184585094,model_feature_importances,XGBoost,provided_plus_rdkit_descriptors,5,4
rdkit_EState_VSA9,0.005310908891260624,model_feature_importances,XGBoost,provided_plus_rdkit_descriptors,5,4
rdkit_VSA_EState1,0.0009764173883013427,model_feature_importances,XGBoost,provided_plus_rdkit_descriptors,5,4
rdkit_VSA_EState10,0.0,model_feature_importances,XGBoost,provided_plus_rdkit_descriptors,5,4
rdkit_VSA_EState2,0.025898443534970284,model_feature_importances,XGBoost,provided_plus_rdkit_descriptors,5,4
rdkit_VSA_EState3,0.00866723246872425,model_feature_importances,XGBoost,provided_plus_rdkit_descriptors,5,4
rdkit_VSA_EState4,0.0,model_feature_importances,XGBoost,provided_plus_rdkit_descriptors,5,4
rdkit_VSA_EState5,0.001277039060369134,model_feature_importances,XGBoost,provided_plus_rdkit_descriptors,5,4
rdkit_VSA_EState6,0.0,model_feature_importances,XGBoost,provided_plus_rdkit_descriptors,5,4
rdkit_VSA_EState7,0.006018547806888819,model_feature_importances,XGBoost,provided_plus_rdkit_descriptors,5,4
rdkit_VSA_EState8,0.03003612905740738,model_feature_importances,XGBoost,provided_plus_rdkit_descriptors,5,4
rdkit_VSA_EState9,0.0,model_feature_importances,XGBoost,provided_plus_rdkit_descriptors,5,4
rdkit_FractionCSP3,0.0008079590043053031,model_feature_importances,XGBoost,provided_plus_rdkit_descriptors,5,4
rdkit_HeavyAtomCount,0.0,model_feature_importances,XGBoost,provided_plus_rdkit_descriptors,5,4
rdkit_NHOHCount,0.0,model_feature_importances,XGBoost,provided_plus_rdkit_descriptors,5,4
rdkit_NOCount,0.0,model_feature_importances,XGBoost,provided_plus_rdkit_descriptors,5,4
rdkit_NumAliphaticCarbocycles,0.0,model_feature_importances,XGBoost,provided_plus_rdkit_descriptors,5,4
rdkit_NumAliphaticHeterocycles,0.0,model_feature_importances,XGBoost,provided_plus_rdkit_descriptors,5,4
rdkit_NumAliphaticRings,0.0,model_feature_importances,XGBoost,provided_plus_rdkit_descriptors,5,4
rdkit_NumAmideBonds,0.0,model_feature_importances,XGBoost,provided_plus_rdkit_descriptors,5,4
rdkit_NumAtomStereoCenters,0.0018952799728140235,model_feature_importances,XGBoost,provided_plus_rdkit_descriptors,5,4
rdkit_NumBridgeheadAtoms,0.0,model_feature_importances,XGBoost,provided_plus_rdkit_descriptors,5,4
rdkit_NumHAcceptors,0.0,model_feature_importances,XGBoost,provided_plus_rdkit_descriptors,5,4
rdkit_NumHDonors,0.00011573034134926274,model_feature_importances,XGBoost,provided_plus_rdkit_descriptors,5,4
rdkit_NumHeteroatoms,0.0,model_feature_importances,XGBoost,provided_plus_rdkit_descriptors,5,4
rdkit_NumHeterocycles,0.0,model_feature_importances,XGBoost,provided_plus_rdkit_descriptors,5,4
rdkit_NumRotatableBonds,0.0001616336521692574,model_feature_importances,XGBoost,provided_plus_rdkit_descriptors,5,4
rdkit_NumSaturatedCarbocycles,0.0,model_feature_importances,XGBoost,provided_plus_rdkit_descriptors,5,4
rdkit_NumSaturatedHeterocycles,0.0,model_feature_importances,XGBoost,provided_plus_rdkit_descriptors,5,4
rdkit_NumSaturatedRings,0.0,model_feature_importances,XGBoost,provided_plus_rdkit_descriptors,5,4
rdkit_NumUnspecifiedAtomStereoCenters,0.04355261102318764,model_feature_importances,XGBoost,provided_plus_rdkit_descriptors,5,4
rdkit_Phi,0.019614163786172867,model_feature_importances,XGBoost,provided_plus_rdkit_descriptors,5,4
rdkit_RingCount,0.0,model_feature_importances,XGBoost,provided_plus_rdkit_descriptors,5,4
rdkit_MolLogP,0.002229782985523343,model_feature_importances,XGBoost,provided_plus_rdkit_descriptors,5,4
rdkit_MolMR,0.00033117173006758094,model_feature_importances,XGBoost,provided_plus_rdkit_descriptors,5,4
rdkit_fr_Al_COO,0.0,model_feature_importances,XGBoost,provided_plus_rdkit_descriptors,5,4
rdkit_fr_Al_OH,0.0008690322283655405,model_feature_importances,XGBoost,provided_plus_rdkit_descriptors,5,4
rdkit_fr_Al_OH_noTert,0.0,model_feature_importances,XGBoost,provided_plus_rdkit_descriptors,5,4
rdkit_fr_COO,0.0,model_feature_importances,XGBoost,provided_plus_rdkit_descriptors,5,4
rdkit_fr_COO2,0.0,model_feature_importances,XGBoost,provided_plus_rdkit_descriptors,5,4
rdkit_fr_C_O,0.0,model_feature_importances,XGBoost,provided_plus_rdkit_descriptors,5,4
rdkit_fr_C_O_noCOO,0.0,model_feature_importances,XGBoost,provided_plus_rdkit_descriptors,5,4
rdkit_fr_NH1,0.0,model_feature_importances,XGBoost,provided_plus_rdkit_descriptors,5,4
rdkit_fr_NH2,0.0,model_feature_importances,XGBoost,provided_plus_rdkit_descriptors,5,4
rdkit_fr_aldehyde,0.0015485328622162342,model_feature_importances,XGBoost,provided_plus_rdkit_descriptors,5,4
rdkit_fr_alkyl_halide,0.0,model_feature_importances,XGBoost,provided_plus_rdkit_descriptors,5,4
rdkit_fr_allylic_oxid,0.0,model_feature_importances,XGBoost,provided_plus_rdkit_descriptors,5,4
rdkit_fr_amide,0.0,model_feature_importances,XGBoost,provided_plus_rdkit_descriptors,5,4
rdkit_fr_bicyclic,0.0,model_feature_importances,XGBoost,provided_plus_rdkit_descriptors,5,4
rdkit_fr_ether,0.0,model_feature_importances,XGBoost,provided_plus_rdkit_descriptors,5,4
rdkit_fr_halogen,0.0,model_feature_importances,XGBoost,provided_plus_rdkit_descriptors,5,4
rdkit_fr_ketone,0.00033921850263141096,model_feature_importances,XGBoost,provided_plus_rdkit_descriptors,5,4
rdkit_fr_ketone_Topliss,0.0,model_feature_importances,XGBoost,provided_plus_rdkit_descriptors,5,4
rdkit_fr_methoxy,0.0,model_feature_importances,XGBoost,provided_plus_rdkit_descriptors,5,4
rdkit_fr_phos_acid,0.0,model_feature_importances,XGBoost,provided_plus_rdkit_descriptors,5,4
rdkit_fr_phos_ester,0.0,model_feature_importances,XGBoost,provided_plus_rdkit_descriptors,5,4
Molecular weight (Da),0.0024498410057276487,model_feature_importances,XGBoost,provided_plus_rdkit_descriptors,5,5
Solubility (mg/mL),0.016716163605451584,model_feature_importances,XGBoost,provided_plus_rdkit_descriptors,5,5
"Glass transition temperature (Tg, degC)",0.005198785103857517,model_feature_importances,XGBoost,provided_plus_rdkit_descriptors,5,5
Viscosity (mPa.s),0.0018742273095995188,model_feature_importances,XGBoost,provided_plus_rdkit_descriptors,5,5
Concentration (% w/v),0.0025110167916864157,model_feature_importances,XGBoost,provided_plus_rdkit_descriptors,5,5
rdkit_MaxAbsEStateIndex,0.004941822029650211,model_feature_importances,XGBoost,provided_plus_rdkit_descriptors,5,5
rdkit_MaxEStateIndex,0.0,model_feature_importances,XGBoost,provided_plus_rdkit_descriptors,5,5
rdkit_MinAbsEStateIndex,0.014398623257875443,model_feature_importances,XGBoost,provided_plus_rdkit_descriptors,5,5
rdkit_MinEStateIndex,0.005872080568224192,model_feature_importances,XGBoost,provided_plus_rdkit_descriptors,5,5
rdkit_qed,0.004439151845872402,model_feature_importances,XGBoost,provided_plus_rdkit_descriptors,5,5
rdkit_SPS,0.009880568832159042,model_feature_importances,XGBoost,provided_plus_rdkit_descriptors,5,5
rdkit_MolWt,0.0,model_feature_importances,XGBoost,provided_plus_rdkit_descriptors,5,5
rdkit_HeavyAtomMolWt,0.00017721886979416013,model_feature_importances,XGBoost,provided_plus_rdkit_descriptors,5,5
rdkit_ExactMolWt,0.0,model_feature_importances,XGBoost,provided_plus_rdkit_descriptors,5,5
rdkit_NumValenceElectrons,0.0,model_feature_importances,XGBoost,provided_plus_rdkit_descriptors,5,5
rdkit_MaxPartialCharge,0.03172563761472702,model_feature_importances,XGBoost,provided_plus_rdkit_descriptors,5,5
rdkit_MinPartialCharge,0.006212197244167328,model_feature_importances,XGBoost,provided_plus_rdkit_descriptors,5,5
rdkit_MaxAbsPartialCharge,0.0012463119346648455,model_feature_importances,XGBoost,provided_plus_rdkit_descriptors,5,5
rdkit_MinAbsPartialCharge,0.0,model_feature_importances,XGBoost,provided_plus_rdkit_descriptors,5,5
rdkit_FpDensityMorgan1,0.0028768847696483135,model_feature_importances,XGBoost,provided_plus_rdkit_descriptors,5,5
rdkit_FpDensityMorgan2,0.002438815077766776,model_feature_importances,XGBoost,provided_plus_rdkit_descriptors,5,5
rdkit_FpDensityMorgan3,0.0016372561221942306,model_feature_importances,XGBoost,provided_plus_rdkit_descriptors,5,5
rdkit_BCUT2D_MWHI,0.004321583546698093,model_feature_importances,XGBoost,provided_plus_rdkit_descriptors,5,5
rdkit_BCUT2D_MWLOW,0.0063331229612231255,model_feature_importances,XGBoost,provided_plus_rdkit_descriptors,5,5
rdkit_BCUT2D_CHGHI,0.007134757004678249,model_feature_importances,XGBoost,provided_plus_rdkit_descriptors,5,5
rdkit_BCUT2D_CHGLO,0.022504547610878944,model_feature_importances,XGBoost,provided_plus_rdkit_descriptors,5,5
rdkit_BCUT2D_LOGPHI,0.032251857221126556,model_feature_importances,XGBoost,provided_plus_rdkit_descriptors,5,5
rdkit_BCUT2D_LOGPLOW,0.0001326066121691838,model_feature_importances,XGBoost,provided_plus_rdkit_descriptors,5,5
rdkit_BCUT2D_MRHI,0.0034894547425210476,model_feature_importances,XGBoost,provided_plus_rdkit_descriptors,5,5
rdkit_BCUT2D_MRLOW,0.010765810497105122,model_feature_importances,XGBoost,provided_plus_rdkit_descriptors,5,5
rdkit_AvgIpc,0.008167172782123089,model_feature_importances,XGBoost,provided_plus_rdkit_descriptors,5,5
rdkit_BalabanJ,0.0009337300434708595,model_feature_importances,XGBoost,provided_plus_rdkit_descriptors,5,5
rdkit_BertzCT,0.010312458500266075,model_feature_importances,XGBoost,provided_plus_rdkit_descriptors,5,5
rdkit_Chi0,0.002798084868118167,model_feature_importances,XGBoost,provided_plus_rdkit_descriptors,5,5
rdkit_Chi0n,0.02427622675895691,model_feature_importances,XGBoost,provided_plus_rdkit_descriptors,5,5
rdkit_Chi0v,0.08907632529735565,model_feature_importances,XGBoost,provided_plus_rdkit_descriptors,5,5
rdkit_Chi1,0.0,model_feature_importances,XGBoost,provided_plus_rdkit_descriptors,5,5
rdkit_Chi1n,0.00043209060095250607,model_feature_importances,XGBoost,provided_plus_rdkit_descriptors,5,5
rdkit_Chi1v,0.0,model_feature_importances,XGBoost,provided_plus_rdkit_descriptors,5,5
rdkit_Chi2n,0.003482635598629713,model_feature_importances,XGBoost,provided_plus_rdkit_descriptors,5,5
rdkit_Chi2v,0.00016888894606381655,model_feature_importances,XGBoost,provided_plus_rdkit_descriptors,5,5
rdkit_Chi3n,0.00023757026065140963,model_feature_importances,XGBoost,provided_plus_rdkit_descriptors,5,5
rdkit_Chi3v,0.0010443750070407987,model_feature_importances,XGBoost,provided_plus_rdkit_descriptors,5,5
rdkit_Chi4n,0.0028858764562755823,model_feature_importances,XGBoost,provided_plus_rdkit_descriptors,5,5
rdkit_Chi4v,0.00024252677394542843,model_feature_importances,XGBoost,provided_plus_rdkit_descriptors,5,5
rdkit_HallKierAlpha,0.06727774441242218,model_feature_importances,XGBoost,provided_plus_rdkit_descriptors,5,5
rdkit_Ipc,0.0008032723562791944,model_feature_importances,XGBoost,provided_plus_rdkit_descriptors,5,5
rdkit_Kappa1,0.0015955507988110185,model_feature_importances,XGBoost,provided_plus_rdkit_descriptors,5,5
rdkit_Kappa2,0.00026523202541284263,model_feature_importances,XGBoost,provided_plus_rdkit_descriptors,5,5
rdkit_Kappa3,0.0012273590546101332,model_feature_importances,XGBoost,provided_plus_rdkit_descriptors,5,5
rdkit_LabuteASA,8.246950164902955e-05,model_feature_importances,XGBoost,provided_plus_rdkit_descriptors,5,5
rdkit_PEOE_VSA1,0.014902256429195404,model_feature_importances,XGBoost,provided_plus_rdkit_descriptors,5,5
rdkit_PEOE_VSA10,0.0021897144615650177,model_feature_importances,XGBoost,provided_plus_rdkit_descriptors,5,5
rdkit_PEOE_VSA11,0.008445961400866508,model_feature_importances,XGBoost,provided_plus_rdkit_descriptors,5,5
rdkit_PEOE_VSA12,0.0006378613179549575,model_feature_importances,XGBoost,provided_plus_rdkit_descriptors,5,5
rdkit_PEOE_VSA14,0.0,model_feature_importances,XGBoost,provided_plus_rdkit_descriptors,5,5
rdkit_PEOE_VSA2,0.0,model_feature_importances,XGBoost,provided_plus_rdkit_descriptors,5,5
rdkit_PEOE_VSA3,0.0,model_feature_importances,XGBoost,provided_plus_rdkit_descriptors,5,5
rdkit_PEOE_VSA5,0.0,model_feature_importances,XGBoost,provided_plus_rdkit_descriptors,5,5
rdkit_PEOE_VSA6,0.0,model_feature_importances,XGBoost,provided_plus_rdkit_descriptors,5,5
rdkit_PEOE_VSA7,0.00520314322784543,model_feature_importances,XGBoost,provided_plus_rdkit_descriptors,5,5
rdkit_PEOE_VSA8,0.006177697330713272,model_feature_importances,XGBoost,provided_plus_rdkit_descriptors,5,5
rdkit_PEOE_VSA9,0.0004710456996690482,model_feature_importances,XGBoost,provided_plus_rdkit_descriptors,5,5
rdkit_SMR_VSA1,0.0032207858748733997,model_feature_importances,XGBoost,provided_plus_rdkit_descriptors,5,5
rdkit_SMR_VSA10,0.0014046317664906383,model_feature_importances,XGBoost,provided_plus_rdkit_descriptors,5,5
rdkit_SMR_VSA3,0.0,model_feature_importances,XGBoost,provided_plus_rdkit_descriptors,5,5
rdkit_SMR_VSA4,0.0,model_feature_importances,XGBoost,provided_plus_rdkit_descriptors,5,5
rdkit_SMR_VSA5,0.0011013724142685533,model_feature_importances,XGBoost,provided_plus_rdkit_descriptors,5,5
rdkit_SMR_VSA6,0.0014990761410444975,model_feature_importances,XGBoost,provided_plus_rdkit_descriptors,5,5
rdkit_SMR_VSA7,0.0,model_feature_importances,XGBoost,provided_plus_rdkit_descriptors,5,5
rdkit_SlogP_VSA1,0.0,model_feature_importances,XGBoost,provided_plus_rdkit_descriptors,5,5
rdkit_SlogP_VSA12,0.0,model_feature_importances,XGBoost,provided_plus_rdkit_descriptors,5,5
rdkit_SlogP_VSA2,0.10648700594902039,model_feature_importances,XGBoost,provided_plus_rdkit_descriptors,5,5
rdkit_SlogP_VSA3,0.02935061976313591,model_feature_importances,XGBoost,provided_plus_rdkit_descriptors,5,5
rdkit_SlogP_VSA4,0.0,model_feature_importances,XGBoost,provided_plus_rdkit_descriptors,5,5
rdkit_SlogP_VSA5,0.004565891344100237,model_feature_importances,XGBoost,provided_plus_rdkit_descriptors,5,5
rdkit_SlogP_VSA6,0.0,model_feature_importances,XGBoost,provided_plus_rdkit_descriptors,5,5
rdkit_TPSA,0.0005954438238404691,model_feature_importances,XGBoost,provided_plus_rdkit_descriptors,5,5
rdkit_EState_VSA1,0.0009921008022502065,model_feature_importances,XGBoost,provided_plus_rdkit_descriptors,5,5
rdkit_EState_VSA10,0.23795470595359802,model_feature_importances,XGBoost,provided_plus_rdkit_descriptors,5,5
rdkit_EState_VSA2,0.005881763529032469,model_feature_importances,XGBoost,provided_plus_rdkit_descriptors,5,5
rdkit_EState_VSA3,0.0025338514242321253,model_feature_importances,XGBoost,provided_plus_rdkit_descriptors,5,5
rdkit_EState_VSA4,0.0,model_feature_importances,XGBoost,provided_plus_rdkit_descriptors,5,5
rdkit_EState_VSA5,0.0005326714017428458,model_feature_importances,XGBoost,provided_plus_rdkit_descriptors,5,5
rdkit_EState_VSA6,0.0,model_feature_importances,XGBoost,provided_plus_rdkit_descriptors,5,5
rdkit_EState_VSA7,0.0,model_feature_importances,XGBoost,provided_plus_rdkit_descriptors,5,5
rdkit_EState_VSA8,0.007334256544709206,model_feature_importances,XGBoost,provided_plus_rdkit_descriptors,5,5
rdkit_EState_VSA9,0.009338621981441975,model_feature_importances,XGBoost,provided_plus_rdkit_descriptors,5,5
rdkit_VSA_EState1,0.00498519092798233,model_feature_importances,XGBoost,provided_plus_rdkit_descriptors,5,5
rdkit_VSA_EState10,0.0,model_feature_importances,XGBoost,provided_plus_rdkit_descriptors,5,5
rdkit_VSA_EState2,0.0032995722722262144,model_feature_importances,XGBoost,provided_plus_rdkit_descriptors,5,5
rdkit_VSA_EState3,0.004759009927511215,model_feature_importances,XGBoost,provided_plus_rdkit_descriptors,5,5
rdkit_VSA_EState4,0.0,model_feature_importances,XGBoost,provided_plus_rdkit_descriptors,5,5
rdkit_VSA_EState5,0.0004759510629810393,model_feature_importances,XGBoost,provided_plus_rdkit_descriptors,5,5
rdkit_VSA_EState6,0.0,model_feature_importances,XGBoost,provided_plus_rdkit_descriptors,5,5
rdkit_VSA_EState7,0.015909861773252487,model_feature_importances,XGBoost,provided_plus_rdkit_descriptors,5,5
rdkit_VSA_EState8,0.014570874162018299,model_feature_importances,XGBoost,provided_plus_rdkit_descriptors,5,5
rdkit_VSA_EState9,0.0,model_feature_importances,XGBoost,provided_plus_rdkit_descriptors,5,5
rdkit_FractionCSP3,0.0006382137071341276,model_feature_importances,XGBoost,provided_plus_rdkit_descriptors,5,5
rdkit_HeavyAtomCount,0.0,model_feature_importances,XGBoost,provided_plus_rdkit_descriptors,5,5
rdkit_NHOHCount,0.005950476974248886,model_feature_importances,XGBoost,provided_plus_rdkit_descriptors,5,5
rdkit_NOCount,0.0,model_feature_importances,XGBoost,provided_plus_rdkit_descriptors,5,5
rdkit_NumAliphaticCarbocycles,0.0,model_feature_importances,XGBoost,provided_plus_rdkit_descriptors,5,5
rdkit_NumAliphaticHeterocycles,0.0,model_feature_importances,XGBoost,provided_plus_rdkit_descriptors,5,5
rdkit_NumAliphaticRings,0.0,model_feature_importances,XGBoost,provided_plus_rdkit_descriptors,5,5
rdkit_NumAmideBonds,0.0,model_feature_importances,XGBoost,provided_plus_rdkit_descriptors,5,5
rdkit_NumAtomStereoCenters,0.005027990322560072,model_feature_importances,XGBoost,provided_plus_rdkit_descriptors,5,5
rdkit_NumBridgeheadAtoms,0.0,model_feature_importances,XGBoost,provided_plus_rdkit_descriptors,5,5
rdkit_NumHAcceptors,0.0,model_feature_importances,XGBoost,provided_plus_rdkit_descriptors,5,5
rdkit_NumHDonors,0.02616160176694393,model_feature_importances,XGBoost,provided_plus_rdkit_descriptors,5,5
rdkit_NumHeteroatoms,0.0,model_feature_importances,XGBoost,provided_plus_rdkit_descriptors,5,5
rdkit_NumHeterocycles,0.0,model_feature_importances,XGBoost,provided_plus_rdkit_descriptors,5,5
rdkit_NumRotatableBonds,0.0013037926983088255,model_feature_importances,XGBoost,provided_plus_rdkit_descriptors,5,5
rdkit_NumSaturatedCarbocycles,0.0,model_feature_importances,XGBoost,provided_plus_rdkit_descriptors,5,5
rdkit_NumSaturatedHeterocycles,0.0,model_feature_importances,XGBoost,provided_plus_rdkit_descriptors,5,5
rdkit_NumSaturatedRings,0.0,model_feature_importances,XGBoost,provided_plus_rdkit_descriptors,5,5
rdkit_NumUnspecifiedAtomStereoCenters,0.013111431151628494,model_feature_importances,XGBoost,provided_plus_rdkit_descriptors,5,5
rdkit_Phi,0.0,model_feature_importances,XGBoost,provided_plus_rdkit_descriptors,5,5
rdkit_RingCount,0.0,model_feature_importances,XGBoost,provided_plus_rdkit_descriptors,5,5
rdkit_MolLogP,0.012093812227249146,model_feature_importances,XGBoost,provided_plus_rdkit_descriptors,5,5
rdkit_MolMR,0.0008641337044537067,model_feature_importances,XGBoost,provided_plus_rdkit_descriptors,5,5
rdkit_fr_Al_COO,0.0,model_feature_importances,XGBoost,provided_plus_rdkit_descriptors,5,5
rdkit_fr_Al_OH,0.02220354974269867,model_feature_importances,XGBoost,provided_plus_rdkit_descriptors,5,5
rdkit_fr_Al_OH_noTert,0.0,model_feature_importances,XGBoost,provided_plus_rdkit_descriptors,5,5
rdkit_fr_COO,0.0,model_feature_importances,XGBoost,provided_plus_rdkit_descriptors,5,5
rdkit_fr_COO2,0.0,model_feature_importances,XGBoost,provided_plus_rdkit_descriptors,5,5
rdkit_fr_C_O,0.0,model_feature_importances,XGBoost,provided_plus_rdkit_descriptors,5,5
rdkit_fr_C_O_noCOO,0.0,model_feature_importances,XGBoost,provided_plus_rdkit_descriptors,5,5
rdkit_fr_NH1,0.0,model_feature_importances,XGBoost,provided_plus_rdkit_descriptors,5,5
rdkit_fr_NH2,0.0,model_feature_importances,XGBoost,provided_plus_rdkit_descriptors,5,5
rdkit_fr_aldehyde,0.0005947901518084109,model_feature_importances,XGBoost,provided_plus_rdkit_descriptors,5,5
rdkit_fr_alkyl_halide,0.0,model_feature_importances,XGBoost,provided_plus_rdkit_descriptors,5,5
rdkit_fr_allylic_oxid,0.0,model_feature_importances,XGBoost,provided_plus_rdkit_descriptors,5,5
rdkit_fr_amide,0.0,model_feature_importances,XGBoost,provided_plus_rdkit_descriptors,5,5
rdkit_fr_bicyclic,0.0,model_feature_importances,XGBoost,provided_plus_rdkit_descriptors,5,5
rdkit_fr_ether,0.0003893734246958047,model_feature_importances,XGBoost,provided_plus_rdkit_descriptors,5,5
rdkit_fr_halogen,0.0,model_feature_importances,XGBoost,provided_plus_rdkit_descriptors,5,5
rdkit_fr_ketone,0.0,model_feature_importances,XGBoost,provided_plus_rdkit_descriptors,5,5
rdkit_fr_ketone_Topliss,0.0,model_feature_importances,XGBoost,provided_plus_rdkit_descriptors,5,5
rdkit_fr_methoxy,0.0,model_feature_importances,XGBoost,provided_plus_rdkit_descriptors,5,5
rdkit_fr_phos_acid,0.0,model_feature_importances,XGBoost,provided_plus_rdkit_descriptors,5,5
rdkit_fr_phos_ester,0.0,model_feature_importances,XGBoost,provided_plus_rdkit_descriptors,5,5
Molecular weight (Da),0.0010978057980537415,model_feature_importances,XGBoost,provided_plus_rdkit_descriptors,6,1
Solubility (mg/mL),0.012779643759131432,model_feature_importances,XGBoost,provided_plus_rdkit_descriptors,6,1
"Glass transition temperature (Tg, degC)",0.0037835075054317713,model_feature_importances,XGBoost,provided_plus_rdkit_descriptors,6,1
Viscosity (mPa.s),0.0016515549505129457,model_feature_importances,XGBoost,provided_plus_rdkit_descriptors,6,1
Concentration (% w/v),0.004173771943897009,model_feature_importances,XGBoost,provided_plus_rdkit_descriptors,6,1
rdkit_MaxAbsEStateIndex,0.00336840539239347,model_feature_importances,XGBoost,provided_plus_rdkit_descriptors,6,1
rdkit_MaxEStateIndex,0.0,model_feature_importances,XGBoost,provided_plus_rdkit_descriptors,6,1
rdkit_MinAbsEStateIndex,0.005995979532599449,model_feature_importances,XGBoost,provided_plus_rdkit_descriptors,6,1
rdkit_MinEStateIndex,0.002827154705300927,model_feature_importances,XGBoost,provided_plus_rdkit_descriptors,6,1
rdkit_qed,0.005079382564872503,model_feature_importances,XGBoost,provided_plus_rdkit_descriptors,6,1
rdkit_SPS,0.01031261496245861,model_feature_importances,XGBoost,provided_plus_rdkit_descriptors,6,1
rdkit_MolWt,0.0,model_feature_importances,XGBoost,provided_plus_rdkit_descriptors,6,1
rdkit_HeavyAtomMolWt,0.0,model_feature_importances,XGBoost,provided_plus_rdkit_descriptors,6,1
rdkit_ExactMolWt,0.0,model_feature_importances,XGBoost,provided_plus_rdkit_descriptors,6,1
rdkit_NumValenceElectrons,0.0019601713865995407,model_feature_importances,XGBoost,provided_plus_rdkit_descriptors,6,1
rdkit_MaxPartialCharge,0.025779584422707558,model_feature_importances,XGBoost,provided_plus_rdkit_descriptors,6,1
rdkit_MinPartialCharge,0.0035153809003531933,model_feature_importances,XGBoost,provided_plus_rdkit_descriptors,6,1
rdkit_MaxAbsPartialCharge,0.0005290975677780807,model_feature_importances,XGBoost,provided_plus_rdkit_descriptors,6,1
rdkit_MinAbsPartialCharge,0.0,model_feature_importances,XGBoost,provided_plus_rdkit_descriptors,6,1
rdkit_FpDensityMorgan1,0.003550157882273197,model_feature_importances,XGBoost,provided_plus_rdkit_descriptors,6,1
rdkit_FpDensityMorgan2,0.0004925346001982689,model_feature_importances,XGBoost,provided_plus_rdkit_descriptors,6,1
rdkit_FpDensityMorgan3,0.0018308140570297837,model_feature_importances,XGBoost,provided_plus_rdkit_descriptors,6,1
rdkit_BCUT2D_MWHI,0.005871452856808901,model_feature_importances,XGBoost,provided_plus_rdkit_descriptors,6,1
rdkit_BCUT2D_MWLOW,0.003658680245280266,model_feature_importances,XGBoost,provided_plus_rdkit_descriptors,6,1
rdkit_BCUT2D_CHGHI,0.012920813634991646,model_feature_importances,XGBoost,provided_plus_rdkit_descriptors,6,1
rdkit_BCUT2D_CHGLO,0.009304606355726719,model_feature_importances,XGBoost,provided_plus_rdkit_descriptors,6,1
rdkit_BCUT2D_LOGPHI,0.0008528394973836839,model_feature_importances,XGBoost,provided_plus_rdkit_descriptors,6,1
rdkit_BCUT2D_LOGPLOW,0.0017135882517322898,model_feature_importances,XGBoost,provided_plus_rdkit_descriptors,6,1
rdkit_BCUT2D_MRHI,0.005959963425993919,model_feature_importances,XGBoost,provided_plus_rdkit_descriptors,6,1
rdkit_BCUT2D_MRLOW,0.001154604135081172,model_feature_importances,XGBoost,provided_plus_rdkit_descriptors,6,1
rdkit_AvgIpc,0.017216386273503304,model_feature_importances,XGBoost,provided_plus_rdkit_descriptors,6,1
rdkit_BalabanJ,0.0012185912346467376,model_feature_importances,XGBoost,provided_plus_rdkit_descriptors,6,1
rdkit_BertzCT,0.0025487742386758327,model_feature_importances,XGBoost,provided_plus_rdkit_descriptors,6,1
rdkit_Chi0,0.0005184727488085628,model_feature_importances,XGBoost,provided_plus_rdkit_descriptors,6,1
rdkit_Chi0n,0.0020507145673036575,model_feature_importances,XGBoost,provided_plus_rdkit_descriptors,6,1
rdkit_Chi0v,0.050948478281497955,model_feature_importances,XGBoost,provided_plus_rdkit_descriptors,6,1
rdkit_Chi1,0.0007140457746572793,model_feature_importances,XGBoost,provided_plus_rdkit_descriptors,6,1
rdkit_Chi1n,0.0030333707109093666,model_feature_importances,XGBoost,provided_plus_rdkit_descriptors,6,1
rdkit_Chi1v,0.0,model_feature_importances,XGBoost,provided_plus_rdkit_descriptors,6,1
rdkit_Chi2n,0.0,model_feature_importances,XGBoost,provided_plus_rdkit_descriptors,6,1
rdkit_Chi2v,0.0,model_feature_importances,XGBoost,provided_plus_rdkit_descriptors,6,1
rdkit_Chi3n,0.001008272753097117,model_feature_importances,XGBoost,provided_plus_rdkit_descriptors,6,1
rdkit_Chi3v,0.0020820635836571455,model_feature_importances,XGBoost,provided_plus_rdkit_descriptors,6,1
rdkit_Chi4n,0.00017832955927588046,model_feature_importances,XGBoost,provided_plus_rdkit_descriptors,6,1
rdkit_Chi4v,0.0,model_feature_importances,XGBoost,provided_plus_rdkit_descriptors,6,1
rdkit_HallKierAlpha,0.020817862823605537,model_feature_importances,XGBoost,provided_plus_rdkit_descriptors,6,1
rdkit_Ipc,0.0011082349810749292,model_feature_importances,XGBoost,provided_plus_rdkit_descriptors,6,1
rdkit_Kappa1,0.0003901035524904728,model_feature_importances,XGBoost,provided_plus_rdkit_descriptors,6,1
rdkit_Kappa2,0.00037200163933448493,model_feature_importances,XGBoost,provided_plus_rdkit_descriptors,6,1
rdkit_Kappa3,0.0033656111918389797,model_feature_importances,XGBoost,provided_plus_rdkit_descriptors,6,1
rdkit_LabuteASA,0.0,model_feature_importances,XGBoost,provided_plus_rdkit_descriptors,6,1
rdkit_PEOE_VSA1,0.01588527299463749,model_feature_importances,XGBoost,provided_plus_rdkit_descriptors,6,1
rdkit_PEOE_VSA10,0.017460180446505547,model_feature_importances,XGBoost,provided_plus_rdkit_descriptors,6,1
rdkit_PEOE_VSA11,0.012770402245223522,model_feature_importances,XGBoost,provided_plus_rdkit_descriptors,6,1
rdkit_PEOE_VSA12,5.6954697356559336e-05,model_feature_importances,XGBoost,provided_plus_rdkit_descriptors,6,1
rdkit_PEOE_VSA14,0.0,model_feature_importances,XGBoost,provided_plus_rdkit_descriptors,6,1
rdkit_PEOE_VSA2,0.00018867950711864978,model_feature_importances,XGBoost,provided_plus_rdkit_descriptors,6,1
rdkit_PEOE_VSA3,0.0,model_feature_importances,XGBoost,provided_plus_rdkit_descriptors,6,1
rdkit_PEOE_VSA5,0.0,model_feature_importances,XGBoost,provided_plus_rdkit_descriptors,6,1
rdkit_PEOE_VSA6,0.00021337319049052894,model_feature_importances,XGBoost,provided_plus_rdkit_descriptors,6,1
rdkit_PEOE_VSA7,0.0,model_feature_importances,XGBoost,provided_plus_rdkit_descriptors,6,1
rdkit_PEOE_VSA8,0.008692643605172634,model_feature_importances,XGBoost,provided_plus_rdkit_descriptors,6,1
rdkit_PEOE_VSA9,0.0004936270997859538,model_feature_importances,XGBoost,provided_plus_rdkit_descriptors,6,1
rdkit_SMR_VSA1,7.952210580697283e-05,model_feature_importances,XGBoost,provided_plus_rdkit_descriptors,6,1
rdkit_SMR_VSA10,0.0011051073670387268,model_feature_importances,XGBoost,provided_plus_rdkit_descriptors,6,1
rdkit_SMR_VSA3,0.0,model_feature_importances,XGBoost,provided_plus_rdkit_descriptors,6,1
rdkit_SMR_VSA4,0.0,model_feature_importances,XGBoost,provided_plus_rdkit_descriptors,6,1
rdkit_SMR_VSA5,0.001306068617850542,model_feature_importances,XGBoost,provided_plus_rdkit_descriptors,6,1
rdkit_SMR_VSA6,0.0,model_feature_importances,XGBoost,provided_plus_rdkit_descriptors,6,1
rdkit_SMR_VSA7,0.0,model_feature_importances,XGBoost,provided_plus_rdkit_descriptors,6,1
rdkit_SlogP_VSA1,0.0,model_feature_importances,XGBoost,provided_plus_rdkit_descriptors,6,1
rdkit_SlogP_VSA12,0.0,model_feature_importances,XGBoost,provided_plus_rdkit_descriptors,6,1
rdkit_SlogP_VSA2,0.0037601718213409185,model_feature_importances,XGBoost,provided_plus_rdkit_descriptors,6,1
rdkit_SlogP_VSA3,0.009473679587244987,model_feature_importances,XGBoost,provided_plus_rdkit_descriptors,6,1
rdkit_SlogP_VSA4,0.0,model_feature_importances,XGBoost,provided_plus_rdkit_descriptors,6,1
rdkit_SlogP_VSA5,0.005460385698825121,model_feature_importances,XGBoost,provided_plus_rdkit_descriptors,6,1
rdkit_SlogP_VSA6,0.0,model_feature_importances,XGBoost,provided_plus_rdkit_descriptors,6,1
rdkit_TPSA,0.0003923197218682617,model_feature_importances,XGBoost,provided_plus_rdkit_descriptors,6,1
rdkit_EState_VSA1,0.00794588215649128,model_feature_importances,XGBoost,provided_plus_rdkit_descriptors,6,1
rdkit_EState_VSA10,0.31086453795433044,model_feature_importances,XGBoost,provided_plus_rdkit_descriptors,6,1
rdkit_EState_VSA2,0.0059150755405426025,model_feature_importances,XGBoost,provided_plus_rdkit_descriptors,6,1
rdkit_EState_VSA3,0.002208677353337407,model_feature_importances,XGBoost,provided_plus_rdkit_descriptors,6,1
rdkit_EState_VSA4,0.0,model_feature_importances,XGBoost,provided_plus_rdkit_descriptors,6,1
rdkit_EState_VSA5,0.0001302785676671192,model_feature_importances,XGBoost,provided_plus_rdkit_descriptors,6,1
rdkit_EState_VSA6,0.0,model_feature_importances,XGBoost,provided_plus_rdkit_descriptors,6,1
rdkit_EState_VSA7,0.0,model_feature_importances,XGBoost,provided_plus_rdkit_descriptors,6,1
rdkit_EState_VSA8,0.0003682833048515022,model_feature_importances,XGBoost,provided_plus_rdkit_descriptors,6,1
rdkit_EState_VSA9,0.003129290184006095,model_feature_importances,XGBoost,provided_plus_rdkit_descriptors,6,1
rdkit_VSA_EState1,0.0004691654467023909,model_feature_importances,XGBoost,provided_plus_rdkit_descriptors,6,1
rdkit_VSA_EState10,0.0,model_feature_importances,XGBoost,provided_plus_rdkit_descriptors,6,1
rdkit_VSA_EState2,0.026676779612898827,model_feature_importances,XGBoost,provided_plus_rdkit_descriptors,6,1
rdkit_VSA_EState3,0.011908954940736294,model_feature_importances,XGBoost,provided_plus_rdkit_descriptors,6,1
rdkit_VSA_EState4,0.0,model_feature_importances,XGBoost,provided_plus_rdkit_descriptors,6,1
rdkit_VSA_EState5,0.00021177365852054209,model_feature_importances,XGBoost,provided_plus_rdkit_descriptors,6,1
rdkit_VSA_EState6,0.0,model_feature_importances,XGBoost,provided_plus_rdkit_descriptors,6,1
rdkit_VSA_EState7,0.0027520046569406986,model_feature_importances,XGBoost,provided_plus_rdkit_descriptors,6,1
rdkit_VSA_EState8,0.04294351115822792,model_feature_importances,XGBoost,provided_plus_rdkit_descriptors,6,1
rdkit_VSA_EState9,0.0,model_feature_importances,XGBoost,provided_plus_rdkit_descriptors,6,1
rdkit_FractionCSP3,0.0002504024014342576,model_feature_importances,XGBoost,provided_plus_rdkit_descriptors,6,1
rdkit_HeavyAtomCount,0.0,model_feature_importances,XGBoost,provided_plus_rdkit_descriptors,6,1
rdkit_NHOHCount,0.004136297851800919,model_feature_importances,XGBoost,provided_plus_rdkit_descriptors,6,1
rdkit_NOCount,0.0,model_feature_importances,XGBoost,provided_plus_rdkit_descriptors,6,1
rdkit_NumAliphaticCarbocycles,0.0,model_feature_importances,XGBoost,provided_plus_rdkit_descriptors,6,1
rdkit_NumAliphaticHeterocycles,0.0,model_feature_importances,XGBoost,provided_plus_rdkit_descriptors,6,1
rdkit_NumAliphaticRings,0.0,model_feature_importances,XGBoost,provided_plus_rdkit_descriptors,6,1
rdkit_NumAmideBonds,0.0,model_feature_importances,XGBoost,provided_plus_rdkit_descriptors,6,1
rdkit_NumAtomStereoCenters,0.0011896723881363869,model_feature_importances,XGBoost,provided_plus_rdkit_descriptors,6,1
rdkit_NumBridgeheadAtoms,0.0,model_feature_importances,XGBoost,provided_plus_rdkit_descriptors,6,1
rdkit_NumHAcceptors,0.0,model_feature_importances,XGBoost,provided_plus_rdkit_descriptors,6,1
rdkit_NumHDonors,0.011203665286302567,model_feature_importances,XGBoost,provided_plus_rdkit_descriptors,6,1
rdkit_NumHeteroatoms,0.0,model_feature_importances,XGBoost,provided_plus_rdkit_descriptors,6,1
rdkit_NumHeterocycles,0.0,model_feature_importances,XGBoost,provided_plus_rdkit_descriptors,6,1
rdkit_NumRotatableBonds,0.000615404627751559,model_feature_importances,XGBoost,provided_plus_rdkit_descriptors,6,1
rdkit_NumSaturatedCarbocycles,0.0,model_feature_importances,XGBoost,provided_plus_rdkit_descriptors,6,1
rdkit_NumSaturatedHeterocycles,0.0,model_feature_importances,XGBoost,provided_plus_rdkit_descriptors,6,1
rdkit_NumSaturatedRings,0.0,model_feature_importances,XGBoost,provided_plus_rdkit_descriptors,6,1
rdkit_NumUnspecifiedAtomStereoCenters,0.05197423696517944,model_feature_importances,XGBoost,provided_plus_rdkit_descriptors,6,1
rdkit_Phi,0.009170998819172382,model_feature_importances,XGBoost,provided_plus_rdkit_descriptors,6,1
rdkit_RingCount,0.0,model_feature_importances,XGBoost,provided_plus_rdkit_descriptors,6,1
rdkit_MolLogP,0.021185927093029022,model_feature_importances,XGBoost,provided_plus_rdkit_descriptors,6,1
rdkit_MolMR,0.015335680916905403,model_feature_importances,XGBoost,provided_plus_rdkit_descriptors,6,1
rdkit_fr_Al_COO,0.0,model_feature_importances,XGBoost,provided_plus_rdkit_descriptors,6,1
rdkit_fr_Al_OH,0.07662493735551834,model_feature_importances,XGBoost,provided_plus_rdkit_descriptors,6,1
rdkit_fr_Al_OH_noTert,0.0,model_feature_importances,XGBoost,provided_plus_rdkit_descriptors,6,1
rdkit_fr_COO,0.0,model_feature_importances,XGBoost,provided_plus_rdkit_descriptors,6,1
rdkit_fr_COO2,0.0,model_feature_importances,XGBoost,provided_plus_rdkit_descriptors,6,1
rdkit_fr_C_O,0.0,model_feature_importances,XGBoost,provided_plus_rdkit_descriptors,6,1
rdkit_fr_C_O_noCOO,0.0,model_feature_importances,XGBoost,provided_plus_rdkit_descriptors,6,1
rdkit_fr_NH1,0.0,model_feature_importances,XGBoost,provided_plus_rdkit_descriptors,6,1
rdkit_fr_NH2,0.0,model_feature_importances,XGBoost,provided_plus_rdkit_descriptors,6,1
rdkit_fr_aldehyde,0.07771475613117218,model_feature_importances,XGBoost,provided_plus_rdkit_descriptors,6,1
rdkit_fr_alkyl_halide,0.0,model_feature_importances,XGBoost,provided_plus_rdkit_descriptors,6,1
rdkit_fr_allylic_oxid,0.0,model_feature_importances,XGBoost,provided_plus_rdkit_descriptors,6,1
rdkit_fr_amide,0.0,model_feature_importances,XGBoost,provided_plus_rdkit_descriptors,6,1
rdkit_fr_bicyclic,0.0,model_feature_importances,XGBoost,provided_plus_rdkit_descriptors,6,1
rdkit_fr_ether,0.0,model_feature_importances,XGBoost,provided_plus_rdkit_descriptors,6,1
rdkit_fr_halogen,0.0,model_feature_importances,XGBoost,provided_plus_rdkit_descriptors,6,1
rdkit_fr_ketone,0.0,model_feature_importances,XGBoost,provided_plus_rdkit_descriptors,6,1
rdkit_fr_ketone_Topliss,0.0,model_feature_importances,XGBoost,provided_plus_rdkit_descriptors,6,1
rdkit_fr_methoxy,0.0,model_feature_importances,XGBoost,provided_plus_rdkit_descriptors,6,1
rdkit_fr_phos_acid,0.0,model_feature_importances,XGBoost,provided_plus_rdkit_descriptors,6,1
rdkit_fr_phos_ester,0.0,model_feature_importances,XGBoost,provided_plus_rdkit_descriptors,6,1
Molecular weight (Da),0.0018933232640847564,model_feature_importances,XGBoost,provided_plus_rdkit_descriptors,6,2
Solubility (mg/mL),0.011792135424911976,model_feature_importances,XGBoost,provided_plus_rdkit_descriptors,6,2
"Glass transition temperature (Tg, degC)",0.007969258353114128,model_feature_importances,XGBoost,provided_plus_rdkit_descriptors,6,2
Viscosity (mPa.s),0.0014366115210577846,model_feature_importances,XGBoost,provided_plus_rdkit_descriptors,6,2
Concentration (% w/v),0.0032620830461382866,model_feature_importances,XGBoost,provided_plus_rdkit_descriptors,6,2
rdkit_MaxAbsEStateIndex,0.012406048364937305,model_feature_importances,XGBoost,provided_plus_rdkit_descriptors,6,2
rdkit_MaxEStateIndex,0.0,model_feature_importances,XGBoost,provided_plus_rdkit_descriptors,6,2
rdkit_MinAbsEStateIndex,0.011549622751772404,model_feature_importances,XGBoost,provided_plus_rdkit_descriptors,6,2
rdkit_MinEStateIndex,0.009548356756567955,model_feature_importances,XGBoost,provided_plus_rdkit_descriptors,6,2
rdkit_qed,0.003283227328211069,model_feature_importances,XGBoost,provided_plus_rdkit_descriptors,6,2
rdkit_SPS,0.006642679218202829,model_feature_importances,XGBoost,provided_plus_rdkit_descriptors,6,2
rdkit_MolWt,0.0,model_feature_importances,XGBoost,provided_plus_rdkit_descriptors,6,2
rdkit_HeavyAtomMolWt,0.0,model_feature_importances,XGBoost,provided_plus_rdkit_descriptors,6,2
rdkit_ExactMolWt,0.0,model_feature_importances,XGBoost,provided_plus_rdkit_descriptors,6,2
rdkit_NumValenceElectrons,0.0005407193675637245,model_feature_importances,XGBoost,provided_plus_rdkit_descriptors,6,2
rdkit_MaxPartialCharge,0.0061926343478262424,model_feature_importances,XGBoost,provided_plus_rdkit_descriptors,6,2
rdkit_MinPartialCharge,0.010177424177527428,model_feature_importances,XGBoost,provided_plus_rdkit_descriptors,6,2
rdkit_MaxAbsPartialCharge,0.0012986746151000261,model_feature_importances,XGBoost,provided_plus_rdkit_descriptors,6,2
rdkit_MinAbsPartialCharge,0.0,model_feature_importances,XGBoost,provided_plus_rdkit_descriptors,6,2
rdkit_FpDensityMorgan1,0.004012490157037973,model_feature_importances,XGBoost,provided_plus_rdkit_descriptors,6,2
rdkit_FpDensityMorgan2,0.0032471613958477974,model_feature_importances,XGBoost,provided_plus_rdkit_descriptors,6,2
rdkit_FpDensityMorgan3,0.002744335448369384,model_feature_importances,XGBoost,provided_plus_rdkit_descriptors,6,2
rdkit_BCUT2D_MWHI,0.0020895011257380247,model_feature_importances,XGBoost,provided_plus_rdkit_descriptors,6,2
rdkit_BCUT2D_MWLOW,0.00913811195641756,model_feature_importances,XGBoost,provided_plus_rdkit_descriptors,6,2
rdkit_BCUT2D_CHGHI,0.0018404371803626418,model_feature_importances,XGBoost,provided_plus_rdkit_descriptors,6,2
rdkit_BCUT2D_CHGLO,0.01413511112332344,model_feature_importances,XGBoost,provided_plus_rdkit_descriptors,6,2
rdkit_BCUT2D_LOGPHI,0.02482317015528679,model_feature_importances,XGBoost,provided_plus_rdkit_descriptors,6,2
rdkit_BCUT2D_LOGPLOW,0.00020019015937577933,model_feature_importances,XGBoost,provided_plus_rdkit_descriptors,6,2
rdkit_BCUT2D_MRHI,0.005913516506552696,model_feature_importances,XGBoost,provided_plus_rdkit_descriptors,6,2
rdkit_BCUT2D_MRLOW,0.01964012160897255,model_feature_importances,XGBoost,provided_plus_rdkit_descriptors,6,2
rdkit_AvgIpc,0.01340301800519228,model_feature_importances,XGBoost,provided_plus_rdkit_descriptors,6,2
rdkit_BalabanJ,0.004879171960055828,model_feature_importances,XGBoost,provided_plus_rdkit_descriptors,6,2
rdkit_BertzCT,0.005578671582043171,model_feature_importances,XGBoost,provided_plus_rdkit_descriptors,6,2
rdkit_Chi0,0.0,model_feature_importances,XGBoost,provided_plus_rdkit_descriptors,6,2
rdkit_Chi0n,0.002021113643422723,model_feature_importances,XGBoost,provided_plus_rdkit_descriptors,6,2
rdkit_Chi0v,0.02971719205379486,model_feature_importances,XGBoost,provided_plus_rdkit_descriptors,6,2
rdkit_Chi1,0.0009918048745021224,model_feature_importances,XGBoost,provided_plus_rdkit_descriptors,6,2
rdkit_Chi1n,0.0,model_feature_importances,XGBoost,provided_plus_rdkit_descriptors,6,2
rdkit_Chi1v,0.007711108773946762,model_feature_importances,XGBoost,provided_plus_rdkit_descriptors,6,2
rdkit_Chi2n,0.002118512522429228,model_feature_importances,XGBoost,provided_plus_rdkit_descriptors,6,2
rdkit_Chi2v,0.00010478174954187125,model_feature_importances,XGBoost,provided_plus_rdkit_descriptors,6,2
rdkit_Chi3n,6.1828277466702275e-06,model_feature_importances,XGBoost,provided_plus_rdkit_descriptors,6,2
rdkit_Chi3v,0.0,model_feature_importances,XGBoost,provided_plus_rdkit_descriptors,6,2
rdkit_Chi4n,0.0,model_feature_importances,XGBoost,provided_plus_rdkit_descriptors,6,2
rdkit_Chi4v,0.0009544195490889251,model_feature_importances,XGBoost,provided_plus_rdkit_descriptors,6,2
rdkit_HallKierAlpha,0.04503793269395828,model_feature_importances,XGBoost,provided_plus_rdkit_descriptors,6,2
rdkit_Ipc,0.00037188627175055444,model_feature_importances,XGBoost,provided_plus_rdkit_descriptors,6,2
rdkit_Kappa1,0.008212447166442871,model_feature_importances,XGBoost,provided_plus_rdkit_descriptors,6,2
rdkit_Kappa2,0.05275966227054596,model_feature_importances,XGBoost,provided_plus_rdkit_descriptors,6,2
rdkit_Kappa3,0.0016532976878806949,model_feature_importances,XGBoost,provided_plus_rdkit_descriptors,6,2
rdkit_LabuteASA,5.9859114116989076e-05,model_feature_importances,XGBoost,provided_plus_rdkit_descriptors,6,2
rdkit_PEOE_VSA1,0.013298877514898777,model_feature_importances,XGBoost,provided_plus_rdkit_descriptors,6,2
rdkit_PEOE_VSA10,8.752450230531394e-05,model_feature_importances,XGBoost,provided_plus_rdkit_descriptors,6,2
rdkit_PEOE_VSA11,0.01383952610194683,model_feature_importances,XGBoost,provided_plus_rdkit_descriptors,6,2
rdkit_PEOE_VSA12,0.0006432742229662836,model_feature_importances,XGBoost,provided_plus_rdkit_descriptors,6,2
rdkit_PEOE_VSA14,0.0,model_feature_importances,XGBoost,provided_plus_rdkit_descriptors,6,2
rdkit_PEOE_VSA2,0.00034418105497024953,model_feature_importances,XGBoost,provided_plus_rdkit_descriptors,6,2
rdkit_PEOE_VSA3,0.0,model_feature_importances,XGBoost,provided_plus_rdkit_descriptors,6,2
rdkit_PEOE_VSA5,0.0,model_feature_importances,XGBoost,provided_plus_rdkit_descriptors,6,2
rdkit_PEOE_VSA6,0.0,model_feature_importances,XGBoost,provided_plus_rdkit_descriptors,6,2
rdkit_PEOE_VSA7,0.0049312543123960495,model_feature_importances,XGBoost,provided_plus_rdkit_descriptors,6,2
rdkit_PEOE_VSA8,0.00031543397926725447,model_feature_importances,XGBoost,provided_plus_rdkit_descriptors,6,2
rdkit_PEOE_VSA9,0.001012090709991753,model_feature_importances,XGBoost,provided_plus_rdkit_descriptors,6,2
rdkit_SMR_VSA1,0.007845214568078518,model_feature_importances,XGBoost,provided_plus_rdkit_descriptors,6,2
rdkit_SMR_VSA10,0.00023944889835547656,model_feature_importances,XGBoost,provided_plus_rdkit_descriptors,6,2
rdkit_SMR_VSA3,0.0,model_feature_importances,XGBoost,provided_plus_rdkit_descriptors,6,2
rdkit_SMR_VSA4,0.0,model_feature_importances,XGBoost,provided_plus_rdkit_descriptors,6,2
rdkit_SMR_VSA5,0.0019799903966486454,model_feature_importances,XGBoost,provided_plus_rdkit_descriptors,6,2
rdkit_SMR_VSA6,7.784464105498046e-05,model_feature_importances,XGBoost,provided_plus_rdkit_descriptors,6,2
rdkit_SMR_VSA7,0.0,model_feature_importances,XGBoost,provided_plus_rdkit_descriptors,6,2
rdkit_SlogP_VSA1,0.0007744901231490076,model_feature_importances,XGBoost,provided_plus_rdkit_descriptors,6,2
rdkit_SlogP_VSA12,0.0,model_feature_importances,XGBoost,provided_plus_rdkit_descriptors,6,2
rdkit_SlogP_VSA2,0.022498751059174538,model_feature_importances,XGBoost,provided_plus_rdkit_descriptors,6,2
rdkit_SlogP_VSA3,0.0007400818285532296,model_feature_importances,XGBoost,provided_plus_rdkit_descriptors,6,2
rdkit_SlogP_VSA4,0.0,model_feature_importances,XGBoost,provided_plus_rdkit_descriptors,6,2
rdkit_SlogP_VSA5,0.0,model_feature_importances,XGBoost,provided_plus_rdkit_descriptors,6,2
rdkit_SlogP_VSA6,0.0,model_feature_importances,XGBoost,provided_plus_rdkit_descriptors,6,2
rdkit_TPSA,0.0,model_feature_importances,XGBoost,provided_plus_rdkit_descriptors,6,2
rdkit_EState_VSA1,0.022526849061250687,model_feature_importances,XGBoost,provided_plus_rdkit_descriptors,6,2
rdkit_EState_VSA10,0.34742921590805054,model_feature_importances,XGBoost,provided_plus_rdkit_descriptors,6,2
rdkit_EState_VSA2,0.006202311720699072,model_feature_importances,XGBoost,provided_plus_rdkit_descriptors,6,2
rdkit_EState_VSA3,0.0007689933408983052,model_feature_importances,XGBoost,provided_plus_rdkit_descriptors,6,2
rdkit_EState_VSA4,0.00039220709004439414,model_feature_importances,XGBoost,provided_plus_rdkit_descriptors,6,2
rdkit_EState_VSA5,0.0002171414962504059,model_feature_importances,XGBoost,provided_plus_rdkit_descriptors,6,2
rdkit_EState_VSA6,0.0,model_feature_importances,XGBoost,provided_plus_rdkit_descriptors,6,2
rdkit_EState_VSA7,0.0,model_feature_importances,XGBoost,provided_plus_rdkit_descriptors,6,2
rdkit_EState_VSA8,0.002366242930293083,model_feature_importances,XGBoost,provided_plus_rdkit_descriptors,6,2
rdkit_EState_VSA9,0.017473332583904266,model_feature_importances,XGBoost,provided_plus_rdkit_descriptors,6,2
rdkit_VSA_EState1,0.002384171588346362,model_feature_importances,XGBoost,provided_plus_rdkit_descriptors,6,2
rdkit_VSA_EState10,0.0,model_feature_importances,XGBoost,provided_plus_rdkit_descriptors,6,2
rdkit_VSA_EState2,0.08649297058582306,model_feature_importances,XGBoost,provided_plus_rdkit_descriptors,6,2
rdkit_VSA_EState3,0.020449131727218628,model_feature_importances,XGBoost,provided_plus_rdkit_descriptors,6,2
rdkit_VSA_EState4,0.0,model_feature_importances,XGBoost,provided_plus_rdkit_descriptors,6,2
rdkit_VSA_EState5,0.0014860389055684209,model_feature_importances,XGBoost,provided_plus_rdkit_descriptors,6,2
rdkit_VSA_EState6,0.0,model_feature_importances,XGBoost,provided_plus_rdkit_descriptors,6,2
rdkit_VSA_EState7,0.004261658061295748,model_feature_importances,XGBoost,provided_plus_rdkit_descriptors,6,2
rdkit_VSA_EState8,0.024346260353922844,model_feature_importances,XGBoost,provided_plus_rdkit_descriptors,6,2
rdkit_VSA_EState9,0.0,model_feature_importances,XGBoost,provided_plus_rdkit_descriptors,6,2
rdkit_FractionCSP3,0.0003310141328256577,model_feature_importances,XGBoost,provided_plus_rdkit_descriptors,6,2
rdkit_HeavyAtomCount,0.0,model_feature_importances,XGBoost,provided_plus_rdkit_descriptors,6,2
rdkit_NHOHCount,0.0013293800875544548,model_feature_importances,XGBoost,provided_plus_rdkit_descriptors,6,2
rdkit_NOCount,0.0,model_feature_importances,XGBoost,provided_plus_rdkit_descriptors,6,2
rdkit_NumAliphaticCarbocycles,0.0,model_feature_importances,XGBoost,provided_plus_rdkit_descriptors,6,2
rdkit_NumAliphaticHeterocycles,0.0,model_feature_importances,XGBoost,provided_plus_rdkit_descriptors,6,2
rdkit_NumAliphaticRings,0.0,model_feature_importances,XGBoost,provided_plus_rdkit_descriptors,6,2
rdkit_NumAmideBonds,0.0,model_feature_importances,XGBoost,provided_plus_rdkit_descriptors,6,2
rdkit_NumAtomStereoCenters,0.0016066355165094137,model_feature_importances,XGBoost,provided_plus_rdkit_descriptors,6,2
rdkit_NumBridgeheadAtoms,0.0,model_feature_importances,XGBoost,provided_plus_rdkit_descriptors,6,2
rdkit_NumHAcceptors,0.0,model_feature_importances,XGBoost,provided_plus_rdkit_descriptors,6,2
rdkit_NumHDonors,0.0,model_feature_importances,XGBoost,provided_plus_rdkit_descriptors,6,2
rdkit_NumHeteroatoms,9.414603846380487e-05,model_feature_importances,XGBoost,provided_plus_rdkit_descriptors,6,2
rdkit_NumHeterocycles,0.0,model_feature_importances,XGBoost,provided_plus_rdkit_descriptors,6,2
rdkit_NumRotatableBonds,0.0006795995286665857,model_feature_importances,XGBoost,provided_plus_rdkit_descriptors,6,2
rdkit_NumSaturatedCarbocycles,0.0,model_feature_importances,XGBoost,provided_plus_rdkit_descriptors,6,2
rdkit_NumSaturatedHeterocycles,0.0,model_feature_importances,XGBoost,provided_plus_rdkit_descriptors,6,2
rdkit_NumSaturatedRings,0.0,model_feature_importances,XGBoost,provided_plus_rdkit_descriptors,6,2
rdkit_NumUnspecifiedAtomStereoCenters,0.007807269226759672,model_feature_importances,XGBoost,provided_plus_rdkit_descriptors,6,2
rdkit_Phi,0.0004008962132502347,model_feature_importances,XGBoost,provided_plus_rdkit_descriptors,6,2
rdkit_RingCount,0.0,model_feature_importances,XGBoost,provided_plus_rdkit_descriptors,6,2
rdkit_MolLogP,0.006689900998026133,model_feature_importances,XGBoost,provided_plus_rdkit_descriptors,6,2
rdkit_MolMR,0.002539271954447031,model_feature_importances,XGBoost,provided_plus_rdkit_descriptors,6,2
rdkit_fr_Al_COO,0.0,model_feature_importances,XGBoost,provided_plus_rdkit_descriptors,6,2
rdkit_fr_Al_OH,0.02129157818853855,model_feature_importances,XGBoost,provided_plus_rdkit_descriptors,6,2
rdkit_fr_Al_OH_noTert,0.0,model_feature_importances,XGBoost,provided_plus_rdkit_descriptors,6,2
rdkit_fr_COO,0.0,model_feature_importances,XGBoost,provided_plus_rdkit_descriptors,6,2
rdkit_fr_COO2,0.0,model_feature_importances,XGBoost,provided_plus_rdkit_descriptors,6,2
rdkit_fr_C_O,0.0,model_feature_importances,XGBoost,provided_plus_rdkit_descriptors,6,2
rdkit_fr_C_O_noCOO,0.0,model_feature_importances,XGBoost,provided_plus_rdkit_descriptors,6,2
rdkit_fr_NH1,0.0,model_feature_importances,XGBoost,provided_plus_rdkit_descriptors,6,2
rdkit_fr_NH2,0.0,model_feature_importances,XGBoost,provided_plus_rdkit_descriptors,6,2
rdkit_fr_aldehyde,0.0004477186594158411,model_feature_importances,XGBoost,provided_plus_rdkit_descriptors,6,2
rdkit_fr_alkyl_halide,0.0,model_feature_importances,XGBoost,provided_plus_rdkit_descriptors,6,2
rdkit_fr_allylic_oxid,0.0,model_feature_importances,XGBoost,provided_plus_rdkit_descriptors,6,2
rdkit_fr_amide,0.0,model_feature_importances,XGBoost,provided_plus_rdkit_descriptors,6,2
rdkit_fr_bicyclic,0.0,model_feature_importances,XGBoost,provided_plus_rdkit_descriptors,6,2
rdkit_fr_ether,0.0,model_feature_importances,XGBoost,provided_plus_rdkit_descriptors,6,2
rdkit_fr_halogen,0.0,model_feature_importances,XGBoost,provided_plus_rdkit_descriptors,6,2
rdkit_fr_ketone,0.0,model_feature_importances,XGBoost,provided_plus_rdkit_descriptors,6,2
rdkit_fr_ketone_Topliss,0.0,model_feature_importances,XGBoost,provided_plus_rdkit_descriptors,6,2
rdkit_fr_methoxy,0.0,model_feature_importances,XGBoost,provided_plus_rdkit_descriptors,6,2
rdkit_fr_phos_acid,0.0,model_feature_importances,XGBoost,provided_plus_rdkit_descriptors,6,2
rdkit_fr_phos_ester,0.0,model_feature_importances,XGBoost,provided_plus_rdkit_descriptors,6,2
Molecular weight (Da),0.0017018229700624943,model_feature_importances,XGBoost,provided_plus_rdkit_descriptors,6,3
Solubility (mg/mL),0.013117498718202114,model_feature_importances,XGBoost,provided_plus_rdkit_descriptors,6,3
"Glass transition temperature (Tg, degC)",0.003645886667072773,model_feature_importances,XGBoost,provided_plus_rdkit_descriptors,6,3
Viscosity (mPa.s),0.0012269619619473815,model_feature_importances,XGBoost,provided_plus_rdkit_descriptors,6,3
Concentration (% w/v),0.002043514745309949,model_feature_importances,XGBoost,provided_plus_rdkit_descriptors,6,3
rdkit_MaxAbsEStateIndex,0.00442478246986866,model_feature_importances,XGBoost,provided_plus_rdkit_descriptors,6,3
rdkit_MaxEStateIndex,0.0,model_feature_importances,XGBoost,provided_plus_rdkit_descriptors,6,3
rdkit_MinAbsEStateIndex,0.012022002600133419,model_feature_importances,XGBoost,provided_plus_rdkit_descriptors,6,3
rdkit_MinEStateIndex,0.0051103453151881695,model_feature_importances,XGBoost,provided_plus_rdkit_descriptors,6,3
rdkit_qed,0.004085020627826452,model_feature_importances,XGBoost,provided_plus_rdkit_descriptors,6,3
rdkit_SPS,0.009903152473270893,model_feature_importances,XGBoost,provided_plus_rdkit_descriptors,6,3
rdkit_MolWt,0.0,model_feature_importances,XGBoost,provided_plus_rdkit_descriptors,6,3
rdkit_HeavyAtomMolWt,0.0,model_feature_importances,XGBoost,provided_plus_rdkit_descriptors,6,3
rdkit_ExactMolWt,0.0,model_feature_importances,XGBoost,provided_plus_rdkit_descriptors,6,3
rdkit_NumValenceElectrons,0.0,model_feature_importances,XGBoost,provided_plus_rdkit_descriptors,6,3
rdkit_MaxPartialCharge,0.01174775417894125,model_feature_importances,XGBoost,provided_plus_rdkit_descriptors,6,3
rdkit_MinPartialCharge,0.0037394920364022255,model_feature_importances,XGBoost,provided_plus_rdkit_descriptors,6,3
rdkit_MaxAbsPartialCharge,0.001022082637064159,model_feature_importances,XGBoost,provided_plus_rdkit_descriptors,6,3
rdkit_MinAbsPartialCharge,0.0,model_feature_importances,XGBoost,provided_plus_rdkit_descriptors,6,3
rdkit_FpDensityMorgan1,0.000650546164251864,model_feature_importances,XGBoost,provided_plus_rdkit_descriptors,6,3
rdkit_FpDensityMorgan2,0.0007099019130691886,model_feature_importances,XGBoost,provided_plus_rdkit_descriptors,6,3
rdkit_FpDensityMorgan3,0.002704388229176402,model_feature_importances,XGBoost,provided_plus_rdkit_descriptors,6,3
rdkit_BCUT2D_MWHI,0.004830507095903158,model_feature_importances,XGBoost,provided_plus_rdkit_descriptors,6,3
rdkit_BCUT2D_MWLOW,0.00471688574180007,model_feature_importances,XGBoost,provided_plus_rdkit_descriptors,6,3
rdkit_BCUT2D_CHGHI,0.0072753033600747585,model_feature_importances,XGBoost,provided_plus_rdkit_descriptors,6,3
rdkit_BCUT2D_CHGLO,0.0062544383108615875,model_feature_importances,XGBoost,provided_plus_rdkit_descriptors,6,3
rdkit_BCUT2D_LOGPHI,0.00011362691293470562,model_feature_importances,XGBoost,provided_plus_rdkit_descriptors,6,3
rdkit_BCUT2D_LOGPLOW,0.0007139047957025468,model_feature_importances,XGBoost,provided_plus_rdkit_descriptors,6,3
rdkit_BCUT2D_MRHI,0.0012893773382529616,model_feature_importances,XGBoost,provided_plus_rdkit_descriptors,6,3
rdkit_BCUT2D_MRLOW,0.004007475450634956,model_feature_importances,XGBoost,provided_plus_rdkit_descriptors,6,3
rdkit_AvgIpc,0.02054327353835106,model_feature_importances,XGBoost,provided_plus_rdkit_descriptors,6,3
rdkit_BalabanJ,0.0012156640877947211,model_feature_importances,XGBoost,provided_plus_rdkit_descriptors,6,3
rdkit_BertzCT,0.0014501138357445598,model_feature_importances,XGBoost,provided_plus_rdkit_descriptors,6,3
rdkit_Chi0,0.0003056977584492415,model_feature_importances,XGBoost,provided_plus_rdkit_descriptors,6,3
rdkit_Chi0n,0.015405969694256783,model_feature_importances,XGBoost,provided_plus_rdkit_descriptors,6,3
rdkit_Chi0v,0.046408575028181076,model_feature_importances,XGBoost,provided_plus_rdkit_descriptors,6,3
rdkit_Chi1,0.0052663772366940975,model_feature_importances,XGBoost,provided_plus_rdkit_descriptors,6,3
rdkit_Chi1n,0.00018744025146588683,model_feature_importances,XGBoost,provided_plus_rdkit_descriptors,6,3
rdkit_Chi1v,0.0010843136114999652,model_feature_importances,XGBoost,provided_plus_rdkit_descriptors,6,3
rdkit_Chi2n,0.002243044786155224,model_feature_importances,XGBoost,provided_plus_rdkit_descriptors,6,3
rdkit_Chi2v,0.0,model_feature_importances,XGBoost,provided_plus_rdkit_descriptors,6,3
rdkit_Chi3n,0.00023226607299875468,model_feature_importances,XGBoost,provided_plus_rdkit_descriptors,6,3
rdkit_Chi3v,0.09531310945749283,model_feature_importances,XGBoost,provided_plus_rdkit_descriptors,6,3
rdkit_Chi4n,0.006444060243666172,model_feature_importances,XGBoost,provided_plus_rdkit_descriptors,6,3
rdkit_Chi4v,0.0006151120760478079,model_feature_importances,XGBoost,provided_plus_rdkit_descriptors,6,3
rdkit_HallKierAlpha,0.01120242103934288,model_feature_importances,XGBoost,provided_plus_rdkit_descriptors,6,3
rdkit_Ipc,0.001913481974042952,model_feature_importances,XGBoost,provided_plus_rdkit_descriptors,6,3
rdkit_Kappa1,0.000958588847424835,model_feature_importances,XGBoost,provided_plus_rdkit_descriptors,6,3
rdkit_Kappa2,0.0007963348180055618,model_feature_importances,XGBoost,provided_plus_rdkit_descriptors,6,3
rdkit_Kappa3,0.0009255365002900362,model_feature_importances,XGBoost,provided_plus_rdkit_descriptors,6,3
rdkit_LabuteASA,0.0,model_feature_importances,XGBoost,provided_plus_rdkit_descriptors,6,3
rdkit_PEOE_VSA1,0.0008840755908749998,model_feature_importances,XGBoost,provided_plus_rdkit_descriptors,6,3
rdkit_PEOE_VSA10,0.0015607081586495042,model_feature_importances,XGBoost,provided_plus_rdkit_descriptors,6,3
rdkit_PEOE_VSA11,0.011537034064531326,model_feature_importances,XGBoost,provided_plus_rdkit_descriptors,6,3
rdkit_PEOE_VSA12,1.28868769024848e-05,model_feature_importances,XGBoost,provided_plus_rdkit_descriptors,6,3
rdkit_PEOE_VSA14,0.0,model_feature_importances,XGBoost,provided_plus_rdkit_descriptors,6,3
rdkit_PEOE_VSA2,5.871209214092232e-05,model_feature_importances,XGBoost,provided_plus_rdkit_descriptors,6,3
rdkit_PEOE_VSA3,0.0,model_feature_importances,XGBoost,provided_plus_rdkit_descriptors,6,3
rdkit_PEOE_VSA5,0.0,model_feature_importances,XGBoost,provided_plus_rdkit_descriptors,6,3
rdkit_PEOE_VSA6,0.0,model_feature_importances,XGBoost,provided_plus_rdkit_descriptors,6,3
rdkit_PEOE_VSA7,0.002806501230224967,model_feature_importances,XGBoost,provided_plus_rdkit_descriptors,6,3
rdkit_PEOE_VSA8,0.0005537791294045746,model_feature_importances,XGBoost,provided_plus_rdkit_descriptors,6,3
rdkit_PEOE_VSA9,0.0017520961118862033,model_feature_importances,XGBoost,provided_plus_rdkit_descriptors,6,3
rdkit_SMR_VSA1,0.00028310477500781417,model_feature_importances,XGBoost,provided_plus_rdkit_descriptors,6,3
rdkit_SMR_VSA10,0.0009008707129396498,model_feature_importances,XGBoost,provided_plus_rdkit_descriptors,6,3
rdkit_SMR_VSA3,0.0,model_feature_importances,XGBoost,provided_plus_rdkit_descriptors,6,3
rdkit_SMR_VSA4,0.0,model_feature_importances,XGBoost,provided_plus_rdkit_descriptors,6,3
rdkit_SMR_VSA5,0.0017976528033614159,model_feature_importances,XGBoost,provided_plus_rdkit_descriptors,6,3
rdkit_SMR_VSA6,0.0008523949072696269,model_feature_importances,XGBoost,provided_plus_rdkit_descriptors,6,3
rdkit_SMR_VSA7,0.0,model_feature_importances,XGBoost,provided_plus_rdkit_descriptors,6,3
rdkit_SlogP_VSA1,0.0,model_feature_importances,XGBoost,provided_plus_rdkit_descriptors,6,3
rdkit_SlogP_VSA12,0.0,model_feature_importances,XGBoost,provided_plus_rdkit_descriptors,6,3
rdkit_SlogP_VSA2,0.032075367867946625,model_feature_importances,XGBoost,provided_plus_rdkit_descriptors,6,3
rdkit_SlogP_VSA3,0.03142613545060158,model_feature_importances,XGBoost,provided_plus_rdkit_descriptors,6,3
rdkit_SlogP_VSA4,0.0,model_feature_importances,XGBoost,provided_plus_rdkit_descriptors,6,3
rdkit_SlogP_VSA5,0.0021901477593928576,model_feature_importances,XGBoost,provided_plus_rdkit_descriptors,6,3
rdkit_SlogP_VSA6,0.0,model_feature_importances,XGBoost,provided_plus_rdkit_descriptors,6,3
rdkit_TPSA,0.00015303351392503828,model_feature_importances,XGBoost,provided_plus_rdkit_descriptors,6,3
rdkit_EState_VSA1,0.00017777066386770457,model_feature_importances,XGBoost,provided_plus_rdkit_descriptors,6,3
rdkit_EState_VSA10,0.2711869776248932,model_feature_importances,XGBoost,provided_plus_rdkit_descriptors,6,3
rdkit_EState_VSA2,0.007551133632659912,model_feature_importances,XGBoost,provided_plus_rdkit_descriptors,6,3
rdkit_EState_VSA3,0.035004690289497375,model_feature_importances,XGBoost,provided_plus_rdkit_descriptors,6,3
rdkit_EState_VSA4,0.0,model_feature_importances,XGBoost,provided_plus_rdkit_descriptors,6,3
rdkit_EState_VSA5,0.009960201568901539,model_feature_importances,XGBoost,provided_plus_rdkit_descriptors,6,3
rdkit_EState_VSA6,0.0,model_feature_importances,XGBoost,provided_plus_rdkit_descriptors,6,3
rdkit_EState_VSA7,0.0,model_feature_importances,XGBoost,provided_plus_rdkit_descriptors,6,3
rdkit_EState_VSA8,0.00427847309038043,model_feature_importances,XGBoost,provided_plus_rdkit_descriptors,6,3
rdkit_EState_VSA9,0.0018620529444888234,model_feature_importances,XGBoost,provided_plus_rdkit_descriptors,6,3
rdkit_VSA_EState1,4.105980769963935e-05,model_feature_importances,XGBoost,provided_plus_rdkit_descriptors,6,3
rdkit_VSA_EState10,0.0,model_feature_importances,XGBoost,provided_plus_rdkit_descriptors,6,3
rdkit_VSA_EState2,0.0025452382396906614,model_feature_importances,XGBoost,provided_plus_rdkit_descriptors,6,3
rdkit_VSA_EState3,0.006612495053559542,model_feature_importances,XGBoost,provided_plus_rdkit_descriptors,6,3
rdkit_VSA_EState4,0.0,model_feature_importances,XGBoost,provided_plus_rdkit_descriptors,6,3
rdkit_VSA_EState5,0.0013076268369331956,model_feature_importances,XGBoost,provided_plus_rdkit_descriptors,6,3
rdkit_VSA_EState6,0.0,model_feature_importances,XGBoost,provided_plus_rdkit_descriptors,6,3
rdkit_VSA_EState7,0.009681773371994495,model_feature_importances,XGBoost,provided_plus_rdkit_descriptors,6,3
rdkit_VSA_EState8,0.02730526216328144,model_feature_importances,XGBoost,provided_plus_rdkit_descriptors,6,3
rdkit_VSA_EState9,0.0,model_feature_importances,XGBoost,provided_plus_rdkit_descriptors,6,3
rdkit_FractionCSP3,9.958903683582321e-05,model_feature_importances,XGBoost,provided_plus_rdkit_descriptors,6,3
rdkit_HeavyAtomCount,0.0,model_feature_importances,XGBoost,provided_plus_rdkit_descriptors,6,3
rdkit_NHOHCount,0.0,model_feature_importances,XGBoost,provided_plus_rdkit_descriptors,6,3
rdkit_NOCount,0.0,model_feature_importances,XGBoost,provided_plus_rdkit_descriptors,6,3
rdkit_NumAliphaticCarbocycles,0.0,model_feature_importances,XGBoost,provided_plus_rdkit_descriptors,6,3
rdkit_NumAliphaticHeterocycles,0.0,model_feature_importances,XGBoost,provided_plus_rdkit_descriptors,6,3
rdkit_NumAliphaticRings,0.0,model_feature_importances,XGBoost,provided_plus_rdkit_descriptors,6,3
rdkit_NumAmideBonds,0.0,model_feature_importances,XGBoost,provided_plus_rdkit_descriptors,6,3
rdkit_NumAtomStereoCenters,0.0025435558054596186,model_feature_importances,XGBoost,provided_plus_rdkit_descriptors,6,3
rdkit_NumBridgeheadAtoms,0.0,model_feature_importances,XGBoost,provided_plus_rdkit_descriptors,6,3
rdkit_NumHAcceptors,0.0,model_feature_importances,XGBoost,provided_plus_rdkit_descriptors,6,3
rdkit_NumHDonors,0.006439994089305401,model_feature_importances,XGBoost,provided_plus_rdkit_descriptors,6,3
rdkit_NumHeteroatoms,0.0,model_feature_importances,XGBoost,provided_plus_rdkit_descriptors,6,3
rdkit_NumHeterocycles,0.0,model_feature_importances,XGBoost,provided_plus_rdkit_descriptors,6,3
rdkit_NumRotatableBonds,0.0002949931949842721,model_feature_importances,XGBoost,provided_plus_rdkit_descriptors,6,3
rdkit_NumSaturatedCarbocycles,0.0,model_feature_importances,XGBoost,provided_plus_rdkit_descriptors,6,3
rdkit_NumSaturatedHeterocycles,0.0,model_feature_importances,XGBoost,provided_plus_rdkit_descriptors,6,3
rdkit_NumSaturatedRings,0.0,model_feature_importances,XGBoost,provided_plus_rdkit_descriptors,6,3
rdkit_NumUnspecifiedAtomStereoCenters,0.0008962819119915366,model_feature_importances,XGBoost,provided_plus_rdkit_descriptors,6,3
rdkit_Phi,0.00508843781426549,model_feature_importances,XGBoost,provided_plus_rdkit_descriptors,6,3
rdkit_RingCount,0.0,model_feature_importances,XGBoost,provided_plus_rdkit_descriptors,6,3
rdkit_MolLogP,0.021195892244577408,model_feature_importances,XGBoost,provided_plus_rdkit_descriptors,6,3
rdkit_MolMR,0.0,model_feature_importances,XGBoost,provided_plus_rdkit_descriptors,6,3
rdkit_fr_Al_COO,0.0,model_feature_importances,XGBoost,provided_plus_rdkit_descriptors,6,3
rdkit_fr_Al_OH,0.17521236836910248,model_feature_importances,XGBoost,provided_plus_rdkit_descriptors,6,3
rdkit_fr_Al_OH_noTert,0.0,model_feature_importances,XGBoost,provided_plus_rdkit_descriptors,6,3
rdkit_fr_COO,0.0,model_feature_importances,XGBoost,provided_plus_rdkit_descriptors,6,3
rdkit_fr_COO2,0.0,model_feature_importances,XGBoost,provided_plus_rdkit_descriptors,6,3
rdkit_fr_C_O,0.0,model_feature_importances,XGBoost,provided_plus_rdkit_descriptors,6,3
rdkit_fr_C_O_noCOO,0.0,model_feature_importances,XGBoost,provided_plus_rdkit_descriptors,6,3
rdkit_fr_NH1,0.0,model_feature_importances,XGBoost,provided_plus_rdkit_descriptors,6,3
rdkit_fr_NH2,0.0,model_feature_importances,XGBoost,provided_plus_rdkit_descriptors,6,3
rdkit_fr_aldehyde,0.000851718767080456,model_feature_importances,XGBoost,provided_plus_rdkit_descriptors,6,3
rdkit_fr_alkyl_halide,0.0,model_feature_importances,XGBoost,provided_plus_rdkit_descriptors,6,3
rdkit_fr_allylic_oxid,0.0,model_feature_importances,XGBoost,provided_plus_rdkit_descriptors,6,3
rdkit_fr_amide,0.0,model_feature_importances,XGBoost,provided_plus_rdkit_descriptors,6,3
rdkit_fr_bicyclic,0.0,model_feature_importances,XGBoost,provided_plus_rdkit_descriptors,6,3
rdkit_fr_ether,0.0,model_feature_importances,XGBoost,provided_plus_rdkit_descriptors,6,3
rdkit_fr_halogen,0.0,model_feature_importances,XGBoost,provided_plus_rdkit_descriptors,6,3
rdkit_fr_ketone,0.0014498712262138724,model_feature_importances,XGBoost,provided_plus_rdkit_descriptors,6,3
rdkit_fr_ketone_Topliss,0.0,model_feature_importances,XGBoost,provided_plus_rdkit_descriptors,6,3
rdkit_fr_methoxy,0.0,model_feature_importances,XGBoost,provided_plus_rdkit_descriptors,6,3
rdkit_fr_phos_acid,0.0,model_feature_importances,XGBoost,provided_plus_rdkit_descriptors,6,3
rdkit_fr_phos_ester,0.0,model_feature_importances,XGBoost,provided_plus_rdkit_descriptors,6,3
Molecular weight (Da),0.0033112417440861464,model_feature_importances,XGBoost,provided_plus_rdkit_descriptors,6,4
Solubility (mg/mL),0.018209734931588173,model_feature_importances,XGBoost,provided_plus_rdkit_descriptors,6,4
"Glass transition temperature (Tg, degC)",0.0038541818503290415,model_feature_importances,XGBoost,provided_plus_rdkit_descriptors,6,4
Viscosity (mPa.s),0.0013981317169964314,model_feature_importances,XGBoost,provided_plus_rdkit_descriptors,6,4
Concentration (% w/v),0.004503979813307524,model_feature_importances,XGBoost,provided_plus_rdkit_descriptors,6,4
rdkit_MaxAbsEStateIndex,0.003284854581579566,model_feature_importances,XGBoost,provided_plus_rdkit_descriptors,6,4
rdkit_MaxEStateIndex,0.0,model_feature_importances,XGBoost,provided_plus_rdkit_descriptors,6,4
rdkit_MinAbsEStateIndex,0.004604653920978308,model_feature_importances,XGBoost,provided_plus_rdkit_descriptors,6,4
rdkit_MinEStateIndex,0.003422578563913703,model_feature_importances,XGBoost,provided_plus_rdkit_descriptors,6,4
rdkit_qed,0.018040772527456284,model_feature_importances,XGBoost,provided_plus_rdkit_descriptors,6,4
rdkit_SPS,0.007425045128911734,model_feature_importances,XGBoost,provided_plus_rdkit_descriptors,6,4
rdkit_MolWt,0.0,model_feature_importances,XGBoost,provided_plus_rdkit_descriptors,6,4
rdkit_HeavyAtomMolWt,0.0,model_feature_importances,XGBoost,provided_plus_rdkit_descriptors,6,4
rdkit_ExactMolWt,0.0,model_feature_importances,XGBoost,provided_plus_rdkit_descriptors,6,4
rdkit_NumValenceElectrons,0.0004017887404188514,model_feature_importances,XGBoost,provided_plus_rdkit_descriptors,6,4
rdkit_MaxPartialCharge,0.018757091835141182,model_feature_importances,XGBoost,provided_plus_rdkit_descriptors,6,4
rdkit_MinPartialCharge,0.003666776930913329,model_feature_importances,XGBoost,provided_plus_rdkit_descriptors,6,4
rdkit_MaxAbsPartialCharge,0.0017970800399780273,model_feature_importances,XGBoost,provided_plus_rdkit_descriptors,6,4
rdkit_MinAbsPartialCharge,0.0,model_feature_importances,XGBoost,provided_plus_rdkit_descriptors,6,4
rdkit_FpDensityMorgan1,0.004666084889322519,model_feature_importances,XGBoost,provided_plus_rdkit_descriptors,6,4
rdkit_FpDensityMorgan2,0.001374097540974617,model_feature_importances,XGBoost,provided_plus_rdkit_descriptors,6,4
rdkit_FpDensityMorgan3,0.00394523935392499,model_feature_importances,XGBoost,provided_plus_rdkit_descriptors,6,4
rdkit_BCUT2D_MWHI,0.00122448755428195,model_feature_importances,XGBoost,provided_plus_rdkit_descriptors,6,4
rdkit_BCUT2D_MWLOW,0.0015618796460330486,model_feature_importances,XGBoost,provided_plus_rdkit_descriptors,6,4
rdkit_BCUT2D_CHGHI,0.017522936686873436,model_feature_importances,XGBoost,provided_plus_rdkit_descriptors,6,4
rdkit_BCUT2D_CHGLO,0.007193225901573896,model_feature_importances,XGBoost,provided_plus_rdkit_descriptors,6,4
rdkit_BCUT2D_LOGPHI,0.002409565495327115,model_feature_importances,XGBoost,provided_plus_rdkit_descriptors,6,4
rdkit_BCUT2D_LOGPLOW,0.0005405989359132946,model_feature_importances,XGBoost,provided_plus_rdkit_descriptors,6,4
rdkit_BCUT2D_MRHI,0.0024318837095052004,model_feature_importances,XGBoost,provided_plus_rdkit_descriptors,6,4
rdkit_BCUT2D_MRLOW,0.004359684884548187,model_feature_importances,XGBoost,provided_plus_rdkit_descriptors,6,4
rdkit_AvgIpc,0.01103033497929573,model_feature_importances,XGBoost,provided_plus_rdkit_descriptors,6,4
rdkit_BalabanJ,0.006900209467858076,model_feature_importances,XGBoost,provided_plus_rdkit_descriptors,6,4
rdkit_BertzCT,0.04850277304649353,model_feature_importances,XGBoost,provided_plus_rdkit_descriptors,6,4
rdkit_Chi0,0.000626863504294306,model_feature_importances,XGBoost,provided_plus_rdkit_descriptors,6,4
rdkit_Chi0n,0.00498650036752224,model_feature_importances,XGBoost,provided_plus_rdkit_descriptors,6,4
rdkit_Chi0v,0.023356320336461067,model_feature_importances,XGBoost,provided_plus_rdkit_descriptors,6,4
rdkit_Chi1,0.0007423214847221971,model_feature_importances,XGBoost,provided_plus_rdkit_descriptors,6,4
rdkit_Chi1n,0.0018493817187845707,model_feature_importances,XGBoost,provided_plus_rdkit_descriptors,6,4
rdkit_Chi1v,0.00023666597553528845,model_feature_importances,XGBoost,provided_plus_rdkit_descriptors,6,4
rdkit_Chi2n,0.000648125191219151,model_feature_importances,XGBoost,provided_plus_rdkit_descriptors,6,4
rdkit_Chi2v,0.0,model_feature_importances,XGBoost,provided_plus_rdkit_descriptors,6,4
rdkit_Chi3n,0.00018340371025260538,model_feature_importances,XGBoost,provided_plus_rdkit_descriptors,6,4
rdkit_Chi3v,0.0,model_feature_importances,XGBoost,provided_plus_rdkit_descriptors,6,4
rdkit_Chi4n,0.00024234881857410073,model_feature_importances,XGBoost,provided_plus_rdkit_descriptors,6,4
rdkit_Chi4v,0.0013742229202762246,model_feature_importances,XGBoost,provided_plus_rdkit_descriptors,6,4
rdkit_HallKierAlpha,0.009002202190458775,model_feature_importances,XGBoost,provided_plus_rdkit_descriptors,6,4
rdkit_Ipc,0.006032468751072884,model_feature_importances,XGBoost,provided_plus_rdkit_descriptors,6,4
rdkit_Kappa1,0.0004534191102720797,model_feature_importances,XGBoost,provided_plus_rdkit_descriptors,6,4
rdkit_Kappa2,0.002489878097549081,model_feature_importances,XGBoost,provided_plus_rdkit_descriptors,6,4
rdkit_Kappa3,0.004024154506623745,model_feature_importances,XGBoost,provided_plus_rdkit_descriptors,6,4
rdkit_LabuteASA,0.0,model_feature_importances,XGBoost,provided_plus_rdkit_descriptors,6,4
rdkit_PEOE_VSA1,0.006594462785869837,model_feature_importances,XGBoost,provided_plus_rdkit_descriptors,6,4
rdkit_PEOE_VSA10,0.02205798588693142,model_feature_importances,XGBoost,provided_plus_rdkit_descriptors,6,4
rdkit_PEOE_VSA11,0.0036357296630740166,model_feature_importances,XGBoost,provided_plus_rdkit_descriptors,6,4
rdkit_PEOE_VSA12,0.0015567458467558026,model_feature_importances,XGBoost,provided_plus_rdkit_descriptors,6,4
rdkit_PEOE_VSA14,0.0,model_feature_importances,XGBoost,provided_plus_rdkit_descriptors,6,4
rdkit_PEOE_VSA2,0.0,model_feature_importances,XGBoost,provided_plus_rdkit_descriptors,6,4
rdkit_PEOE_VSA3,0.0,model_feature_importances,XGBoost,provided_plus_rdkit_descriptors,6,4
rdkit_PEOE_VSA5,0.0,model_feature_importances,XGBoost,provided_plus_rdkit_descriptors,6,4
rdkit_PEOE_VSA6,0.0,model_feature_importances,XGBoost,provided_plus_rdkit_descriptors,6,4
rdkit_PEOE_VSA7,0.0,model_feature_importances,XGBoost,provided_plus_rdkit_descriptors,6,4
rdkit_PEOE_VSA8,0.002720822114497423,model_feature_importances,XGBoost,provided_plus_rdkit_descriptors,6,4
rdkit_PEOE_VSA9,0.0004258225962985307,model_feature_importances,XGBoost,provided_plus_rdkit_descriptors,6,4
rdkit_SMR_VSA1,0.0025528918486088514,model_feature_importances,XGBoost,provided_plus_rdkit_descriptors,6,4
rdkit_SMR_VSA10,0.00015872175572440028,model_feature_importances,XGBoost,provided_plus_rdkit_descriptors,6,4
rdkit_SMR_VSA3,0.0,model_feature_importances,XGBoost,provided_plus_rdkit_descriptors,6,4
rdkit_SMR_VSA4,0.0774741917848587,model_feature_importances,XGBoost,provided_plus_rdkit_descriptors,6,4
rdkit_SMR_VSA5,0.0012831921922042966,model_feature_importances,XGBoost,provided_plus_rdkit_descriptors,6,4
rdkit_SMR_VSA6,0.0009930589003488421,model_feature_importances,XGBoost,provided_plus_rdkit_descriptors,6,4
rdkit_SMR_VSA7,0.0,model_feature_importances,XGBoost,provided_plus_rdkit_descriptors,6,4
rdkit_SlogP_VSA1,0.0,model_feature_importances,XGBoost,provided_plus_rdkit_descriptors,6,4
rdkit_SlogP_VSA12,0.0,model_feature_importances,XGBoost,provided_plus_rdkit_descriptors,6,4
rdkit_SlogP_VSA2,0.028780832886695862,model_feature_importances,XGBoost,provided_plus_rdkit_descriptors,6,4
rdkit_SlogP_VSA3,0.025118326768279076,model_feature_importances,XGBoost,provided_plus_rdkit_descriptors,6,4
rdkit_SlogP_VSA4,0.0,model_feature_importances,XGBoost,provided_plus_rdkit_descriptors,6,4
rdkit_SlogP_VSA5,0.0013341960730031133,model_feature_importances,XGBoost,provided_plus_rdkit_descriptors,6,4
rdkit_SlogP_VSA6,0.0,model_feature_importances,XGBoost,provided_plus_rdkit_descriptors,6,4
rdkit_TPSA,0.0004670561174862087,model_feature_importances,XGBoost,provided_plus_rdkit_descriptors,6,4
rdkit_EState_VSA1,0.006998780649155378,model_feature_importances,XGBoost,provided_plus_rdkit_descriptors,6,4
rdkit_EState_VSA10,0.36104878783226013,model_feature_importances,XGBoost,provided_plus_rdkit_descriptors,6,4
rdkit_EState_VSA2,0.015487998723983765,model_feature_importances,XGBoost,provided_plus_rdkit_descriptors,6,4
rdkit_EState_VSA3,0.000514306768309325,model_feature_importances,XGBoost,provided_plus_rdkit_descriptors,6,4
rdkit_EState_VSA4,0.0,model_feature_importances,XGBoost,provided_plus_rdkit_descriptors,6,4
rdkit_EState_VSA5,0.006175588350743055,model_feature_importances,XGBoost,provided_plus_rdkit_descriptors,6,4
rdkit_EState_VSA6,0.0,model_feature_importances,XGBoost,provided_plus_rdkit_descriptors,6,4
rdkit_EState_VSA7,0.0,model_feature_importances,XGBoost,provided_plus_rdkit_descriptors,6,4
rdkit_EState_VSA8,0.004632236901670694,model_feature_importances,XGBoost,provided_plus_rdkit_descriptors,6,4
rdkit_EState_VSA9,0.0030023150611668825,model_feature_importances,XGBoost,provided_plus_rdkit_descriptors,6,4
rdkit_VSA_EState1,0.001232079230248928,model_feature_importances,XGBoost,provided_plus_rdkit_descriptors,6,4
rdkit_VSA_EState10,0.0,model_feature_importances,XGBoost,provided_plus_rdkit_descriptors,6,4
rdkit_VSA_EState2,0.023884830996394157,model_feature_importances,XGBoost,provided_plus_rdkit_descriptors,6,4
rdkit_VSA_EState3,0.0552360862493515,model_feature_importances,XGBoost,provided_plus_rdkit_descriptors,6,4
rdkit_VSA_EState4,0.0,model_feature_importances,XGBoost,provided_plus_rdkit_descriptors,6,4
rdkit_VSA_EState5,0.0014707189984619617,model_feature_importances,XGBoost,provided_plus_rdkit_descriptors,6,4
rdkit_VSA_EState6,0.0,model_feature_importances,XGBoost,provided_plus_rdkit_descriptors,6,4
rdkit_VSA_EState7,0.010247630067169666,model_feature_importances,XGBoost,provided_plus_rdkit_descriptors,6,4
rdkit_VSA_EState8,0.03230392932891846,model_feature_importances,XGBoost,provided_plus_rdkit_descriptors,6,4
rdkit_VSA_EState9,0.0,model_feature_importances,XGBoost,provided_plus_rdkit_descriptors,6,4
rdkit_FractionCSP3,0.00025770059437491,model_feature_importances,XGBoost,provided_plus_rdkit_descriptors,6,4
rdkit_HeavyAtomCount,0.0,model_feature_importances,XGBoost,provided_plus_rdkit_descriptors,6,4
rdkit_NHOHCount,0.0,model_feature_importances,XGBoost,provided_plus_rdkit_descriptors,6,4
rdkit_NOCount,0.0,model_feature_importances,XGBoost,provided_plus_rdkit_descriptors,6,4
rdkit_NumAliphaticCarbocycles,0.0,model_feature_importances,XGBoost,provided_plus_rdkit_descriptors,6,4
rdkit_NumAliphaticHeterocycles,0.0,model_feature_importances,XGBoost,provided_plus_rdkit_descriptors,6,4
rdkit_NumAliphaticRings,0.0,model_feature_importances,XGBoost,provided_plus_rdkit_descriptors,6,4
rdkit_NumAmideBonds,0.0,model_feature_importances,XGBoost,provided_plus_rdkit_descriptors,6,4
rdkit_NumAtomStereoCenters,0.00045589625369757414,model_feature_importances,XGBoost,provided_plus_rdkit_descriptors,6,4
rdkit_NumBridgeheadAtoms,0.0,model_feature_importances,XGBoost,provided_plus_rdkit_descriptors,6,4
rdkit_NumHAcceptors,0.0,model_feature_importances,XGBoost,provided_plus_rdkit_descriptors,6,4
rdkit_NumHDonors,0.0,model_feature_importances,XGBoost,provided_plus_rdkit_descriptors,6,4
rdkit_NumHeteroatoms,0.0,model_feature_importances,XGBoost,provided_plus_rdkit_descriptors,6,4
rdkit_NumHeterocycles,0.0,model_feature_importances,XGBoost,provided_plus_rdkit_descriptors,6,4
rdkit_NumRotatableBonds,0.00301335658878088,model_feature_importances,XGBoost,provided_plus_rdkit_descriptors,6,4
rdkit_NumSaturatedCarbocycles,0.0,model_feature_importances,XGBoost,provided_plus_rdkit_descriptors,6,4
rdkit_NumSaturatedHeterocycles,0.0,model_feature_importances,XGBoost,provided_plus_rdkit_descriptors,6,4
rdkit_NumSaturatedRings,0.0,model_feature_importances,XGBoost,provided_plus_rdkit_descriptors,6,4
rdkit_NumUnspecifiedAtomStereoCenters,0.011776001192629337,model_feature_importances,XGBoost,provided_plus_rdkit_descriptors,6,4
rdkit_Phi,0.0038802288472652435,model_feature_importances,XGBoost,provided_plus_rdkit_descriptors,6,4
rdkit_RingCount,0.0,model_feature_importances,XGBoost,provided_plus_rdkit_descriptors,6,4
rdkit_MolLogP,0.015149426646530628,model_feature_importances,XGBoost,provided_plus_rdkit_descriptors,6,4
rdkit_MolMR,0.004261029418557882,model_feature_importances,XGBoost,provided_plus_rdkit_descriptors,6,4
rdkit_fr_Al_COO,0.0,model_feature_importances,XGBoost,provided_plus_rdkit_descriptors,6,4
rdkit_fr_Al_OH,0.0,model_feature_importances,XGBoost,provided_plus_rdkit_descriptors,6,4
rdkit_fr_Al_OH_noTert,0.0,model_feature_importances,XGBoost,provided_plus_rdkit_descriptors,6,4
rdkit_fr_COO,0.0,model_feature_importances,XGBoost,provided_plus_rdkit_descriptors,6,4
rdkit_fr_COO2,0.0,model_feature_importances,XGBoost,provided_plus_rdkit_descriptors,6,4
rdkit_fr_C_O,0.0,model_feature_importances,XGBoost,provided_plus_rdkit_descriptors,6,4
rdkit_fr_C_O_noCOO,0.0,model_feature_importances,XGBoost,provided_plus_rdkit_descriptors,6,4
rdkit_fr_NH1,0.0,model_feature_importances,XGBoost,provided_plus_rdkit_descriptors,6,4
rdkit_fr_NH2,0.0,model_feature_importances,XGBoost,provided_plus_rdkit_descriptors,6,4
rdkit_fr_aldehyde,0.00122789794113487,model_feature_importances,XGBoost,provided_plus_rdkit_descriptors,6,4
rdkit_fr_alkyl_halide,0.0,model_feature_importances,XGBoost,provided_plus_rdkit_descriptors,6,4
rdkit_fr_allylic_oxid,0.0,model_feature_importances,XGBoost,provided_plus_rdkit_descriptors,6,4
rdkit_fr_amide,0.0,model_feature_importances,XGBoost,provided_plus_rdkit_descriptors,6,4
rdkit_fr_bicyclic,0.0,model_feature_importances,XGBoost,provided_plus_rdkit_descriptors,6,4
rdkit_fr_ether,0.0,model_feature_importances,XGBoost,provided_plus_rdkit_descriptors,6,4
rdkit_fr_halogen,0.0,model_feature_importances,XGBoost,provided_plus_rdkit_descriptors,6,4
rdkit_fr_ketone,0.0,model_feature_importances,XGBoost,provided_plus_rdkit_descriptors,6,4
rdkit_fr_ketone_Topliss,0.0,model_feature_importances,XGBoost,provided_plus_rdkit_descriptors,6,4
rdkit_fr_methoxy,0.0,model_feature_importances,XGBoost,provided_plus_rdkit_descriptors,6,4
rdkit_fr_phos_acid,0.0,model_feature_importances,XGBoost,provided_plus_rdkit_descriptors,6,4
rdkit_fr_phos_ester,0.0,model_feature_importances,XGBoost,provided_plus_rdkit_descriptors,6,4
Molecular weight (Da),0.005855185445398092,model_feature_importances,XGBoost,provided_plus_rdkit_descriptors,6,5
Solubility (mg/mL),0.015154787339270115,model_feature_importances,XGBoost,provided_plus_rdkit_descriptors,6,5
"Glass transition temperature (Tg, degC)",0.003872235305607319,model_feature_importances,XGBoost,provided_plus_rdkit_descriptors,6,5
Viscosity (mPa.s),0.0014048449229449034,model_feature_importances,XGBoost,provided_plus_rdkit_descriptors,6,5
Concentration (% w/v),0.003955375868827105,model_feature_importances,XGBoost,provided_plus_rdkit_descriptors,6,5
rdkit_MaxAbsEStateIndex,0.01868373155593872,model_feature_importances,XGBoost,provided_plus_rdkit_descriptors,6,5
rdkit_MaxEStateIndex,0.0,model_feature_importances,XGBoost,provided_plus_rdkit_descriptors,6,5
rdkit_MinAbsEStateIndex,0.008896999061107635,model_feature_importances,XGBoost,provided_plus_rdkit_descriptors,6,5
rdkit_MinEStateIndex,0.006543247494846582,model_feature_importances,XGBoost,provided_plus_rdkit_descriptors,6,5
rdkit_qed,0.0032745199277997017,model_feature_importances,XGBoost,provided_plus_rdkit_descriptors,6,5
rdkit_SPS,0.004461051896214485,model_feature_importances,XGBoost,provided_plus_rdkit_descriptors,6,5
rdkit_MolWt,0.0,model_feature_importances,XGBoost,provided_plus_rdkit_descriptors,6,5
rdkit_HeavyAtomMolWt,0.0,model_feature_importances,XGBoost,provided_plus_rdkit_descriptors,6,5
rdkit_ExactMolWt,0.0,model_feature_importances,XGBoost,provided_plus_rdkit_descriptors,6,5
rdkit_NumValenceElectrons,0.0,model_feature_importances,XGBoost,provided_plus_rdkit_descriptors,6,5
rdkit_MaxPartialCharge,0.017119744792580605,model_feature_importances,XGBoost,provided_plus_rdkit_descriptors,6,5
rdkit_MinPartialCharge,0.011975845322012901,model_feature_importances,XGBoost,provided_plus_rdkit_descriptors,6,5
rdkit_MaxAbsPartialCharge,0.001186658744700253,model_feature_importances,XGBoost,provided_plus_rdkit_descriptors,6,5
rdkit_MinAbsPartialCharge,0.0,model_feature_importances,XGBoost,provided_plus_rdkit_descriptors,6,5
rdkit_FpDensityMorgan1,0.0033199575264006853,model_feature_importances,XGBoost,provided_plus_rdkit_descriptors,6,5
rdkit_FpDensityMorgan2,0.001472030533477664,model_feature_importances,XGBoost,provided_plus_rdkit_descriptors,6,5
rdkit_FpDensityMorgan3,0.0038036631885915995,model_feature_importances,XGBoost,provided_plus_rdkit_descriptors,6,5
rdkit_BCUT2D_MWHI,0.0023038589861243963,model_feature_importances,XGBoost,provided_plus_rdkit_descriptors,6,5
rdkit_BCUT2D_MWLOW,0.011398904956877232,model_feature_importances,XGBoost,provided_plus_rdkit_descriptors,6,5
rdkit_BCUT2D_CHGHI,0.02172292210161686,model_feature_importances,XGBoost,provided_plus_rdkit_descriptors,6,5
rdkit_BCUT2D_CHGLO,0.020854823291301727,model_feature_importances,XGBoost,provided_plus_rdkit_descriptors,6,5
rdkit_BCUT2D_LOGPHI,0.010381682775914669,model_feature_importances,XGBoost,provided_plus_rdkit_descriptors,6,5
rdkit_BCUT2D_LOGPLOW,0.0011039847740903497,model_feature_importances,XGBoost,provided_plus_rdkit_descriptors,6,5
rdkit_BCUT2D_MRHI,0.007668070495128632,model_feature_importances,XGBoost,provided_plus_rdkit_descriptors,6,5
rdkit_BCUT2D_MRLOW,0.007288647349923849,model_feature_importances,XGBoost,provided_plus_rdkit_descriptors,6,5
rdkit_AvgIpc,0.009282119572162628,model_feature_importances,XGBoost,provided_plus_rdkit_descriptors,6,5
rdkit_BalabanJ,0.0016157914651557803,model_feature_importances,XGBoost,provided_plus_rdkit_descriptors,6,5
rdkit_BertzCT,0.004178920760750771,model_feature_importances,XGBoost,provided_plus_rdkit_descriptors,6,5
rdkit_Chi0,0.002459680661559105,model_feature_importances,XGBoost,provided_plus_rdkit_descriptors,6,5
rdkit_Chi0n,0.0025810119695961475,model_feature_importances,XGBoost,provided_plus_rdkit_descriptors,6,5
rdkit_Chi0v,0.07187206298112869,model_feature_importances,XGBoost,provided_plus_rdkit_descriptors,6,5
rdkit_Chi1,0.00032581514096818864,model_feature_importances,XGBoost,provided_plus_rdkit_descriptors,6,5
rdkit_Chi1n,0.00019780718139372766,model_feature_importances,XGBoost,provided_plus_rdkit_descriptors,6,5
rdkit_Chi1v,0.0003032366803381592,model_feature_importances,XGBoost,provided_plus_rdkit_descriptors,6,5
rdkit_Chi2n,0.0026658547576516867,model_feature_importances,XGBoost,provided_plus_rdkit_descriptors,6,5
rdkit_Chi2v,0.000487762299599126,model_feature_importances,XGBoost,provided_plus_rdkit_descriptors,6,5
rdkit_Chi3n,0.0021056756377220154,model_feature_importances,XGBoost,provided_plus_rdkit_descriptors,6,5
rdkit_Chi3v,0.0005016559734940529,model_feature_importances,XGBoost,provided_plus_rdkit_descriptors,6,5
rdkit_Chi4n,0.0003783786087296903,model_feature_importances,XGBoost,provided_plus_rdkit_descriptors,6,5
rdkit_Chi4v,0.00882099661976099,model_feature_importances,XGBoost,provided_plus_rdkit_descriptors,6,5
rdkit_HallKierAlpha,0.025440245866775513,model_feature_importances,XGBoost,provided_plus_rdkit_descriptors,6,5
rdkit_Ipc,0.0003855382965411991,model_feature_importances,XGBoost,provided_plus_rdkit_descriptors,6,5
rdkit_Kappa1,0.006722832564264536,model_feature_importances,XGBoost,provided_plus_rdkit_descriptors,6,5
rdkit_Kappa2,0.00040351544157601893,model_feature_importances,XGBoost,provided_plus_rdkit_descriptors,6,5
rdkit_Kappa3,0.0039705135859549046,model_feature_importances,XGBoost,provided_plus_rdkit_descriptors,6,5
rdkit_LabuteASA,0.0,model_feature_importances,XGBoost,provided_plus_rdkit_descriptors,6,5
rdkit_PEOE_VSA1,0.0036414582282304764,model_feature_importances,XGBoost,provided_plus_rdkit_descriptors,6,5
rdkit_PEOE_VSA10,0.0003394914965610951,model_feature_importances,XGBoost,provided_plus_rdkit_descriptors,6,5
rdkit_PEOE_VSA11,0.013602805323898792,model_feature_importances,XGBoost,provided_plus_rdkit_descriptors,6,5
rdkit_PEOE_VSA12,0.0015249321004375815,model_feature_importances,XGBoost,provided_plus_rdkit_descriptors,6,5
rdkit_PEOE_VSA14,0.0,model_feature_importances,XGBoost,provided_plus_rdkit_descriptors,6,5
rdkit_PEOE_VSA2,0.0,model_feature_importances,XGBoost,provided_plus_rdkit_descriptors,6,5
rdkit_PEOE_VSA3,0.0,model_feature_importances,XGBoost,provided_plus_rdkit_descriptors,6,5
rdkit_PEOE_VSA5,0.0,model_feature_importances,XGBoost,provided_plus_rdkit_descriptors,6,5
rdkit_PEOE_VSA6,0.0,model_feature_importances,XGBoost,provided_plus_rdkit_descriptors,6,5
rdkit_PEOE_VSA7,0.00043535156873986125,model_feature_importances,XGBoost,provided_plus_rdkit_descriptors,6,5
rdkit_PEOE_VSA8,0.00011358738265698776,model_feature_importances,XGBoost,provided_plus_rdkit_descriptors,6,5
rdkit_PEOE_VSA9,0.0003365368174854666,model_feature_importances,XGBoost,provided_plus_rdkit_descriptors,6,5
rdkit_SMR_VSA1,0.00407405337318778,model_feature_importances,XGBoost,provided_plus_rdkit_descriptors,6,5
rdkit_SMR_VSA10,0.002244998002424836,model_feature_importances,XGBoost,provided_plus_rdkit_descriptors,6,5
rdkit_SMR_VSA3,0.0,model_feature_importances,XGBoost,provided_plus_rdkit_descriptors,6,5
rdkit_SMR_VSA4,0.0,model_feature_importances,XGBoost,provided_plus_rdkit_descriptors,6,5
rdkit_SMR_VSA5,0.001201258972287178,model_feature_importances,XGBoost,provided_plus_rdkit_descriptors,6,5
rdkit_SMR_VSA6,0.0010893557919189334,model_feature_importances,XGBoost,provided_plus_rdkit_descriptors,6,5
rdkit_SMR_VSA7,0.0,model_feature_importances,XGBoost,provided_plus_rdkit_descriptors,6,5
rdkit_SlogP_VSA1,0.0,model_feature_importances,XGBoost,provided_plus_rdkit_descriptors,6,5
rdkit_SlogP_VSA12,0.0,model_feature_importances,XGBoost,provided_plus_rdkit_descriptors,6,5
rdkit_SlogP_VSA2,0.0002404132392257452,model_feature_importances,XGBoost,provided_plus_rdkit_descriptors,6,5
rdkit_SlogP_VSA3,0.031815409660339355,model_feature_importances,XGBoost,provided_plus_rdkit_descriptors,6,5
rdkit_SlogP_VSA4,0.0,model_feature_importances,XGBoost,provided_plus_rdkit_descriptors,6,5
rdkit_SlogP_VSA5,0.0002691606932785362,model_feature_importances,XGBoost,provided_plus_rdkit_descriptors,6,5
rdkit_SlogP_VSA6,0.0,model_feature_importances,XGBoost,provided_plus_rdkit_descriptors,6,5
rdkit_TPSA,0.00035870657302439213,model_feature_importances,XGBoost,provided_plus_rdkit_descriptors,6,5
rdkit_EState_VSA1,0.0031100884079933167,model_feature_importances,XGBoost,provided_plus_rdkit_descriptors,6,5
rdkit_EState_VSA10,0.4082861840724945,model_feature_importances,XGBoost,provided_plus_rdkit_descriptors,6,5
rdkit_EState_VSA2,0.003598910989239812,model_feature_importances,XGBoost,provided_plus_rdkit_descriptors,6,5
rdkit_EState_VSA3,0.0038645982276648283,model_feature_importances,XGBoost,provided_plus_rdkit_descriptors,6,5
rdkit_EState_VSA4,0.0,model_feature_importances,XGBoost,provided_plus_rdkit_descriptors,6,5
rdkit_EState_VSA5,0.0006290543242357671,model_feature_importances,XGBoost,provided_plus_rdkit_descriptors,6,5
rdkit_EState_VSA6,0.0,model_feature_importances,XGBoost,provided_plus_rdkit_descriptors,6,5
rdkit_EState_VSA7,0.0,model_feature_importances,XGBoost,provided_plus_rdkit_descriptors,6,5
rdkit_EState_VSA8,0.0029242991004139185,model_feature_importances,XGBoost,provided_plus_rdkit_descriptors,6,5
rdkit_EState_VSA9,0.006940259598195553,model_feature_importances,XGBoost,provided_plus_rdkit_descriptors,6,5
rdkit_VSA_EState1,0.0015942302998155355,model_feature_importances,XGBoost,provided_plus_rdkit_descriptors,6,5
rdkit_VSA_EState10,0.0,model_feature_importances,XGBoost,provided_plus_rdkit_descriptors,6,5
rdkit_VSA_EState2,0.008501303382217884,model_feature_importances,XGBoost,provided_plus_rdkit_descriptors,6,5
rdkit_VSA_EState3,0.034503091126680374,model_feature_importances,XGBoost,provided_plus_rdkit_descriptors,6,5
rdkit_VSA_EState4,0.0,model_feature_importances,XGBoost,provided_plus_rdkit_descriptors,6,5
rdkit_VSA_EState5,0.00012141164188506082,model_feature_importances,XGBoost,provided_plus_rdkit_descriptors,6,5
rdkit_VSA_EState6,0.0,model_feature_importances,XGBoost,provided_plus_rdkit_descriptors,6,5
rdkit_VSA_EState7,0.014161070808768272,model_feature_importances,XGBoost,provided_plus_rdkit_descriptors,6,5
rdkit_VSA_EState8,0.0205339677631855,model_feature_importances,XGBoost,provided_plus_rdkit_descriptors,6,5
rdkit_VSA_EState9,0.0,model_feature_importances,XGBoost,provided_plus_rdkit_descriptors,6,5
rdkit_FractionCSP3,0.00013721092545893043,model_feature_importances,XGBoost,provided_plus_rdkit_descriptors,6,5
rdkit_HeavyAtomCount,0.0,model_feature_importances,XGBoost,provided_plus_rdkit_descriptors,6,5
rdkit_NHOHCount,0.0,model_feature_importances,XGBoost,provided_plus_rdkit_descriptors,6,5
rdkit_NOCount,0.0,model_feature_importances,XGBoost,provided_plus_rdkit_descriptors,6,5
rdkit_NumAliphaticCarbocycles,0.0,model_feature_importances,XGBoost,provided_plus_rdkit_descriptors,6,5
rdkit_NumAliphaticHeterocycles,0.0,model_feature_importances,XGBoost,provided_plus_rdkit_descriptors,6,5
rdkit_NumAliphaticRings,0.0,model_feature_importances,XGBoost,provided_plus_rdkit_descriptors,6,5
rdkit_NumAmideBonds,0.0,model_feature_importances,XGBoost,provided_plus_rdkit_descriptors,6,5
rdkit_NumAtomStereoCenters,0.0026290188543498516,model_feature_importances,XGBoost,provided_plus_rdkit_descriptors,6,5
rdkit_NumBridgeheadAtoms,0.0,model_feature_importances,XGBoost,provided_plus_rdkit_descriptors,6,5
rdkit_NumHAcceptors,0.0,model_feature_importances,XGBoost,provided_plus_rdkit_descriptors,6,5
rdkit_NumHDonors,0.0011017684591934085,model_feature_importances,XGBoost,provided_plus_rdkit_descriptors,6,5
rdkit_NumHeteroatoms,0.0,model_feature_importances,XGBoost,provided_plus_rdkit_descriptors,6,5
rdkit_NumHeterocycles,0.0,model_feature_importances,XGBoost,provided_plus_rdkit_descriptors,6,5
rdkit_NumRotatableBonds,0.0008324264199472964,model_feature_importances,XGBoost,provided_plus_rdkit_descriptors,6,5
rdkit_NumSaturatedCarbocycles,0.0,model_feature_importances,XGBoost,provided_plus_rdkit_descriptors,6,5
rdkit_NumSaturatedHeterocycles,0.0,model_feature_importances,XGBoost,provided_plus_rdkit_descriptors,6,5
rdkit_NumSaturatedRings,0.0,model_feature_importances,XGBoost,provided_plus_rdkit_descriptors,6,5
rdkit_NumUnspecifiedAtomStereoCenters,0.0019969383720308542,model_feature_importances,XGBoost,provided_plus_rdkit_descriptors,6,5
rdkit_Phi,0.00574728287756443,model_feature_importances,XGBoost,provided_plus_rdkit_descriptors,6,5
rdkit_RingCount,0.0,model_feature_importances,XGBoost,provided_plus_rdkit_descriptors,6,5
rdkit_MolLogP,0.013143885880708694,model_feature_importances,XGBoost,provided_plus_rdkit_descriptors,6,5
rdkit_MolMR,0.00019319867715239525,model_feature_importances,XGBoost,provided_plus_rdkit_descriptors,6,5
rdkit_fr_Al_COO,0.0,model_feature_importances,XGBoost,provided_plus_rdkit_descriptors,6,5
rdkit_fr_Al_OH,0.06528414040803909,model_feature_importances,XGBoost,provided_plus_rdkit_descriptors,6,5
rdkit_fr_Al_OH_noTert,0.0,model_feature_importances,XGBoost,provided_plus_rdkit_descriptors,6,5
rdkit_fr_COO,0.0,model_feature_importances,XGBoost,provided_plus_rdkit_descriptors,6,5
rdkit_fr_COO2,0.0,model_feature_importances,XGBoost,provided_plus_rdkit_descriptors,6,5
rdkit_fr_C_O,0.0,model_feature_importances,XGBoost,provided_plus_rdkit_descriptors,6,5
rdkit_fr_C_O_noCOO,0.0,model_feature_importances,XGBoost,provided_plus_rdkit_descriptors,6,5
rdkit_fr_NH1,0.0,model_feature_importances,XGBoost,provided_plus_rdkit_descriptors,6,5
rdkit_fr_NH2,0.0,model_feature_importances,XGBoost,provided_plus_rdkit_descriptors,6,5
rdkit_fr_aldehyde,0.0001770255621522665,model_feature_importances,XGBoost,provided_plus_rdkit_descriptors,6,5
rdkit_fr_alkyl_halide,0.0,model_feature_importances,XGBoost,provided_plus_rdkit_descriptors,6,5
rdkit_fr_allylic_oxid,0.0,model_feature_importances,XGBoost,provided_plus_rdkit_descriptors,6,5
rdkit_fr_amide,0.0,model_feature_importances,XGBoost,provided_plus_rdkit_descriptors,6,5
rdkit_fr_bicyclic,0.0,model_feature_importances,XGBoost,provided_plus_rdkit_descriptors,6,5
rdkit_fr_ether,0.0002989626373164356,model_feature_importances,XGBoost,provided_plus_rdkit_descriptors,6,5
rdkit_fr_halogen,0.0,model_feature_importances,XGBoost,provided_plus_rdkit_descriptors,6,5
rdkit_fr_ketone,0.0,model_feature_importances,XGBoost,provided_plus_rdkit_descriptors,6,5
rdkit_fr_ketone_Topliss,0.0,model_feature_importances,XGBoost,provided_plus_rdkit_descriptors,6,5
rdkit_fr_methoxy,0.0,model_feature_importances,XGBoost,provided_plus_rdkit_descriptors,6,5
rdkit_fr_phos_acid,0.0,model_feature_importances,XGBoost,provided_plus_rdkit_descriptors,6,5
rdkit_fr_phos_ester,0.0,model_feature_importances,XGBoost,provided_plus_rdkit_descriptors,6,5
Molecular weight (Da),0.004454967565834522,model_feature_importances,XGBoost,provided_plus_rdkit_descriptors,7,1
Solubility (mg/mL),0.024391163140535355,model_feature_importances,XGBoost,provided_plus_rdkit_descriptors,7,1
"Glass transition temperature (Tg, degC)",0.0050691720098257065,model_feature_importances,XGBoost,provided_plus_rdkit_descriptors,7,1
Viscosity (mPa.s),0.0022824425250291824,model_feature_importances,XGBoost,provided_plus_rdkit_descriptors,7,1
Concentration (% w/v),0.0030946850311011076,model_feature_importances,XGBoost,provided_plus_rdkit_descriptors,7,1
rdkit_MaxAbsEStateIndex,0.010535730049014091,model_feature_importances,XGBoost,provided_plus_rdkit_descriptors,7,1
rdkit_MaxEStateIndex,0.0,model_feature_importances,XGBoost,provided_plus_rdkit_descriptors,7,1
rdkit_MinAbsEStateIndex,0.006607632618397474,model_feature_importances,XGBoost,provided_plus_rdkit_descriptors,7,1
rdkit_MinEStateIndex,0.009625052101910114,model_feature_importances,XGBoost,provided_plus_rdkit_descriptors,7,1
rdkit_qed,0.01315957959741354,model_feature_importances,XGBoost,provided_plus_rdkit_descriptors,7,1
rdkit_SPS,0.01404863316565752,model_feature_importances,XGBoost,provided_plus_rdkit_descriptors,7,1
rdkit_MolWt,0.0,model_feature_importances,XGBoost,provided_plus_rdkit_descriptors,7,1
rdkit_HeavyAtomMolWt,0.0,model_feature_importances,XGBoost,provided_plus_rdkit_descriptors,7,1
rdkit_ExactMolWt,0.0,model_feature_importances,XGBoost,provided_plus_rdkit_descriptors,7,1
rdkit_NumValenceElectrons,0.00020513348863460124,model_feature_importances,XGBoost,provided_plus_rdkit_descriptors,7,1
rdkit_MaxPartialCharge,0.019705679267644882,model_feature_importances,XGBoost,provided_plus_rdkit_descriptors,7,1
rdkit_MinPartialCharge,0.009100742638111115,model_feature_importances,XGBoost,provided_plus_rdkit_descriptors,7,1
rdkit_MaxAbsPartialCharge,0.0013797689462080598,model_feature_importances,XGBoost,provided_plus_rdkit_descriptors,7,1
rdkit_MinAbsPartialCharge,0.0,model_feature_importances,XGBoost,provided_plus_rdkit_descriptors,7,1
rdkit_FpDensityMorgan1,0.004247611854225397,model_feature_importances,XGBoost,provided_plus_rdkit_descriptors,7,1
rdkit_FpDensityMorgan2,0.0037499486934393644,model_feature_importances,XGBoost,provided_plus_rdkit_descriptors,7,1
rdkit_FpDensityMorgan3,0.0025815460830926895,model_feature_importances,XGBoost,provided_plus_rdkit_descriptors,7,1
rdkit_BCUT2D_MWHI,0.001607289770618081,model_feature_importances,XGBoost,provided_plus_rdkit_descriptors,7,1
rdkit_BCUT2D_MWLOW,0.01268733385950327,model_feature_importances,XGBoost,provided_plus_rdkit_descriptors,7,1
rdkit_BCUT2D_CHGHI,0.009167946875095367,model_feature_importances,XGBoost,provided_plus_rdkit_descriptors,7,1
rdkit_BCUT2D_CHGLO,0.003044499084353447,model_feature_importances,XGBoost,provided_plus_rdkit_descriptors,7,1
rdkit_BCUT2D_LOGPHI,0.06156419962644577,model_feature_importances,XGBoost,provided_plus_rdkit_descriptors,7,1
rdkit_BCUT2D_LOGPLOW,0.001124988659285009,model_feature_importances,XGBoost,provided_plus_rdkit_descriptors,7,1
rdkit_BCUT2D_MRHI,0.009080423973500729,model_feature_importances,XGBoost,provided_plus_rdkit_descriptors,7,1
rdkit_BCUT2D_MRLOW,0.016845516860485077,model_feature_importances,XGBoost,provided_plus_rdkit_descriptors,7,1
rdkit_AvgIpc,0.019135981798171997,model_feature_importances,XGBoost,provided_plus_rdkit_descriptors,7,1
rdkit_BalabanJ,0.0031577476765960455,model_feature_importances,XGBoost,provided_plus_rdkit_descriptors,7,1
rdkit_BertzCT,0.04632110521197319,model_feature_importances,XGBoost,provided_plus_rdkit_descriptors,7,1
rdkit_Chi0,0.0006176803144626319,model_feature_importances,XGBoost,provided_plus_rdkit_descriptors,7,1
rdkit_Chi0n,0.033584266901016235,model_feature_importances,XGBoost,provided_plus_rdkit_descriptors,7,1
rdkit_Chi0v,0.05135294795036316,model_feature_importances,XGBoost,provided_plus_rdkit_descriptors,7,1
rdkit_Chi1,0.0005613324465230107,model_feature_importances,XGBoost,provided_plus_rdkit_descriptors,7,1
rdkit_Chi1n,0.00030490427161566913,model_feature_importances,XGBoost,provided_plus_rdkit_descriptors,7,1
rdkit_Chi1v,0.004129365086555481,model_feature_importances,XGBoost,provided_plus_rdkit_descriptors,7,1
rdkit_Chi2n,0.008270038291811943,model_feature_importances,XGBoost,provided_plus_rdkit_descriptors,7,1
rdkit_Chi2v,0.0,model_feature_importances,XGBoost,provided_plus_rdkit_descriptors,7,1
rdkit_Chi3n,0.002723496640101075,model_feature_importances,XGBoost,provided_plus_rdkit_descriptors,7,1
rdkit_Chi3v,0.0,model_feature_importances,XGBoost,provided_plus_rdkit_descriptors,7,1
rdkit_Chi4n,0.0,model_feature_importances,XGBoost,provided_plus_rdkit_descriptors,7,1
rdkit_Chi4v,0.0010808473452925682,model_feature_importances,XGBoost,provided_plus_rdkit_descriptors,7,1
rdkit_HallKierAlpha,0.055123306810855865,model_feature_importances,XGBoost,provided_plus_rdkit_descriptors,7,1
rdkit_Ipc,0.0023377530742436647,model_feature_importances,XGBoost,provided_plus_rdkit_descriptors,7,1
rdkit_Kappa1,0.00894508883357048,model_feature_importances,XGBoost,provided_plus_rdkit_descriptors,7,1
rdkit_Kappa2,0.006474217865616083,model_feature_importances,XGBoost,provided_plus_rdkit_descriptors,7,1
rdkit_Kappa3,0.002307277172803879,model_feature_importances,XGBoost,provided_plus_rdkit_descriptors,7,1
rdkit_LabuteASA,0.0,model_feature_importances,XGBoost,provided_plus_rdkit_descriptors,7,1
rdkit_PEOE_VSA1,0.011772731319069862,model_feature_importances,XGBoost,provided_plus_rdkit_descriptors,7,1
rdkit_PEOE_VSA10,0.0001027946564136073,model_feature_importances,XGBoost,provided_plus_rdkit_descriptors,7,1
rdkit_PEOE_VSA11,0.024684377014636993,model_feature_importances,XGBoost,provided_plus_rdkit_descriptors,7,1
rdkit_PEOE_VSA12,8.949611219577491e-05,model_feature_importances,XGBoost,provided_plus_rdkit_descriptors,7,1
rdkit_PEOE_VSA14,0.0,model_feature_importances,XGBoost,provided_plus_rdkit_descriptors,7,1
rdkit_PEOE_VSA2,0.00012258799688424915,model_feature_importances,XGBoost,provided_plus_rdkit_descriptors,7,1
rdkit_PEOE_VSA3,0.0,model_feature_importances,XGBoost,provided_plus_rdkit_descriptors,7,1
rdkit_PEOE_VSA5,0.0,model_feature_importances,XGBoost,provided_plus_rdkit_descriptors,7,1
rdkit_PEOE_VSA6,0.000721328251529485,model_feature_importances,XGBoost,provided_plus_rdkit_descriptors,7,1
rdkit_PEOE_VSA7,0.005281529389321804,model_feature_importances,XGBoost,provided_plus_rdkit_descriptors,7,1
rdkit_PEOE_VSA8,0.00018151167023461312,model_feature_importances,XGBoost,provided_plus_rdkit_descriptors,7,1
rdkit_PEOE_VSA9,0.0046713571064174175,model_feature_importances,XGBoost,provided_plus_rdkit_descriptors,7,1
rdkit_SMR_VSA1,0.002292271703481674,model_feature_importances,XGBoost,provided_plus_rdkit_descriptors,7,1
rdkit_SMR_VSA10,0.0011289375834167004,model_feature_importances,XGBoost,provided_plus_rdkit_descriptors,7,1
rdkit_SMR_VSA3,0.0,model_feature_importances,XGBoost,provided_plus_rdkit_descriptors,7,1
rdkit_SMR_VSA4,0.0,model_feature_importances,XGBoost,provided_plus_rdkit_descriptors,7,1
rdkit_SMR_VSA5,0.003246980719268322,model_feature_importances,XGBoost,provided_plus_rdkit_descriptors,7,1
rdkit_SMR_VSA6,0.00021118498989380896,model_feature_importances,XGBoost,provided_plus_rdkit_descriptors,7,1
rdkit_SMR_VSA7,0.0,model_feature_importances,XGBoost,provided_plus_rdkit_descriptors,7,1
rdkit_SlogP_VSA1,0.0,model_feature_importances,XGBoost,provided_plus_rdkit_descriptors,7,1
rdkit_SlogP_VSA12,0.0,model_feature_importances,XGBoost,provided_plus_rdkit_descriptors,7,1
rdkit_SlogP_VSA2,0.009618722833693027,model_feature_importances,XGBoost,provided_plus_rdkit_descriptors,7,1
rdkit_SlogP_VSA3,0.05809883400797844,model_feature_importances,XGBoost,provided_plus_rdkit_descriptors,7,1
rdkit_SlogP_VSA4,0.0,model_feature_importances,XGBoost,provided_plus_rdkit_descriptors,7,1
rdkit_SlogP_VSA5,0.0,model_feature_importances,XGBoost,provided_plus_rdkit_descriptors,7,1
rdkit_SlogP_VSA6,0.0,model_feature_importances,XGBoost,provided_plus_rdkit_descriptors,7,1
rdkit_TPSA,0.00012287392746657133,model_feature_importances,XGBoost,provided_plus_rdkit_descriptors,7,1
rdkit_EState_VSA1,0.00047923839883878827,model_feature_importances,XGBoost,provided_plus_rdkit_descriptors,7,1
rdkit_EState_VSA10,0.21571920812129974,model_feature_importances,XGBoost,provided_plus_rdkit_descriptors,7,1
rdkit_EState_VSA2,0.015415480360388756,model_feature_importances,XGBoost,provided_plus_rdkit_descriptors,7,1
rdkit_EState_VSA3,0.000365319661796093,model_feature_importances,XGBoost,provided_plus_rdkit_descriptors,7,1
rdkit_EState_VSA4,0.0,model_feature_importances,XGBoost,provided_plus_rdkit_descriptors,7,1
rdkit_EState_VSA5,0.00011786411778302863,model_feature_importances,XGBoost,provided_plus_rdkit_descriptors,7,1
rdkit_EState_VSA6,0.0,model_feature_importances,XGBoost,provided_plus_rdkit_descriptors,7,1
rdkit_EState_VSA7,0.0,model_feature_importances,XGBoost,provided_plus_rdkit_descriptors,7,1
rdkit_EState_VSA8,0.0015027635963633657,model_feature_importances,XGBoost,provided_plus_rdkit_descriptors,7,1
rdkit_EState_VSA9,0.014633188024163246,model_feature_importances,XGBoost,provided_plus_rdkit_descriptors,7,1
rdkit_VSA_EState1,0.0037713712081313133,model_feature_importances,XGBoost,provided_plus_rdkit_descriptors,7,1
rdkit_VSA_EState10,0.0,model_feature_importances,XGBoost,provided_plus_rdkit_descriptors,7,1
rdkit_VSA_EState2,0.031104084104299545,model_feature_importances,XGBoost,provided_plus_rdkit_descriptors,7,1
rdkit_VSA_EState3,0.005553571507334709,model_feature_importances,XGBoost,provided_plus_rdkit_descriptors,7,1
rdkit_VSA_EState4,0.0,model_feature_importances,XGBoost,provided_plus_rdkit_descriptors,7,1
rdkit_VSA_EState5,0.00019937288016080856,model_feature_importances,XGBoost,provided_plus_rdkit_descriptors,7,1
rdkit_VSA_EState6,0.0,model_feature_importances,XGBoost,provided_plus_rdkit_descriptors,7,1
rdkit_VSA_EState7,0.021684953942894936,model_feature_importances,XGBoost,provided_plus_rdkit_descriptors,7,1
rdkit_VSA_EState8,0.022071221843361855,model_feature_importances,XGBoost,provided_plus_rdkit_descriptors,7,1
rdkit_VSA_EState9,0.0,model_feature_importances,XGBoost,provided_plus_rdkit_descriptors,7,1
rdkit_FractionCSP3,0.0,model_feature_importances,XGBoost,provided_plus_rdkit_descriptors,7,1
rdkit_HeavyAtomCount,0.0,model_feature_importances,XGBoost,provided_plus_rdkit_descriptors,7,1
rdkit_NHOHCount,0.00018592190463095903,model_feature_importances,XGBoost,provided_plus_rdkit_descriptors,7,1
rdkit_NOCount,0.0,model_feature_importances,XGBoost,provided_plus_rdkit_descriptors,7,1
rdkit_NumAliphaticCarbocycles,0.0,model_feature_importances,XGBoost,provided_plus_rdkit_descriptors,7,1
rdkit_NumAliphaticHeterocycles,0.0,model_feature_importances,XGBoost,provided_plus_rdkit_descriptors,7,1
rdkit_NumAliphaticRings,0.0,model_feature_importances,XGBoost,provided_plus_rdkit_descriptors,7,1
rdkit_NumAmideBonds,0.0,model_feature_importances,XGBoost,provided_plus_rdkit_descriptors,7,1
rdkit_NumAtomStereoCenters,0.005031224340200424,model_feature_importances,XGBoost,provided_plus_rdkit_descriptors,7,1
rdkit_NumBridgeheadAtoms,0.0,model_feature_importances,XGBoost,provided_plus_rdkit_descriptors,7,1
rdkit_NumHAcceptors,0.0,model_feature_importances,XGBoost,provided_plus_rdkit_descriptors,7,1
rdkit_NumHDonors,0.0,model_feature_importances,XGBoost,provided_plus_rdkit_descriptors,7,1
rdkit_NumHeteroatoms,0.0,model_feature_importances,XGBoost,provided_plus_rdkit_descriptors,7,1
rdkit_NumHeterocycles,0.0,model_feature_importances,XGBoost,provided_plus_rdkit_descriptors,7,1
rdkit_NumRotatableBonds,0.0007234443328343332,model_feature_importances,XGBoost,provided_plus_rdkit_descriptors,7,1
rdkit_NumSaturatedCarbocycles,0.0,model_feature_importances,XGBoost,provided_plus_rdkit_descriptors,7,1
rdkit_NumSaturatedHeterocycles,0.0,model_feature_importances,XGBoost,provided_plus_rdkit_descriptors,7,1
rdkit_NumSaturatedRings,0.0,model_feature_importances,XGBoost,provided_plus_rdkit_descriptors,7,1
rdkit_NumUnspecifiedAtomStereoCenters,0.0,model_feature_importances,XGBoost,provided_plus_rdkit_descriptors,7,1
rdkit_Phi,0.012569820508360863,model_feature_importances,XGBoost,provided_plus_rdkit_descriptors,7,1
rdkit_RingCount,0.0,model_feature_importances,XGBoost,provided_plus_rdkit_descriptors,7,1
rdkit_MolLogP,0.024850601330399513,model_feature_importances,XGBoost,provided_plus_rdkit_descriptors,7,1
rdkit_MolMR,0.002250261139124632,model_feature_importances,XGBoost,provided_plus_rdkit_descriptors,7,1
rdkit_fr_Al_COO,0.0,model_feature_importances,XGBoost,provided_plus_rdkit_descriptors,7,1
rdkit_fr_Al_OH,0.0,model_feature_importances,XGBoost,provided_plus_rdkit_descriptors,7,1
rdkit_fr_Al_OH_noTert,0.0,model_feature_importances,XGBoost,provided_plus_rdkit_descriptors,7,1
rdkit_fr_COO,0.0,model_feature_importances,XGBoost,provided_plus_rdkit_descriptors,7,1
rdkit_fr_COO2,0.0,model_feature_importances,XGBoost,provided_plus_rdkit_descriptors,7,1
rdkit_fr_C_O,0.0,model_feature_importances,XGBoost,provided_plus_rdkit_descriptors,7,1
rdkit_fr_C_O_noCOO,0.0,model_feature_importances,XGBoost,provided_plus_rdkit_descriptors,7,1
rdkit_fr_NH1,0.0,model_feature_importances,XGBoost,provided_plus_rdkit_descriptors,7,1
rdkit_fr_NH2,0.0,model_feature_importances,XGBoost,provided_plus_rdkit_descriptors,7,1
rdkit_fr_aldehyde,0.0022378999274224043,model_feature_importances,XGBoost,provided_plus_rdkit_descriptors,7,1
rdkit_fr_alkyl_halide,0.0,model_feature_importances,XGBoost,provided_plus_rdkit_descriptors,7,1
rdkit_fr_allylic_oxid,0.0,model_feature_importances,XGBoost,provided_plus_rdkit_descriptors,7,1
rdkit_fr_amide,0.0,model_feature_importances,XGBoost,provided_plus_rdkit_descriptors,7,1
rdkit_fr_bicyclic,0.0,model_feature_importances,XGBoost,provided_plus_rdkit_descriptors,7,1
rdkit_fr_ether,0.0007002493366599083,model_feature_importances,XGBoost,provided_plus_rdkit_descriptors,7,1
rdkit_fr_halogen,0.0,model_feature_importances,XGBoost,provided_plus_rdkit_descriptors,7,1
rdkit_fr_ketone,0.0006963065825402737,model_feature_importances,XGBoost,provided_plus_rdkit_descriptors,7,1
rdkit_fr_ketone_Topliss,0.0,model_feature_importances,XGBoost,provided_plus_rdkit_descriptors,7,1
rdkit_fr_methoxy,0.0,model_feature_importances,XGBoost,provided_plus_rdkit_descriptors,7,1
rdkit_fr_phos_acid,0.0,model_feature_importances,XGBoost,provided_plus_rdkit_descriptors,7,1
rdkit_fr_phos_ester,0.0,model_feature_importances,XGBoost,provided_plus_rdkit_descriptors,7,1
Molecular weight (Da),0.0020007893908768892,model_feature_importances,XGBoost,provided_plus_rdkit_descriptors,7,2
Solubility (mg/mL),0.015342616476118565,model_feature_importances,XGBoost,provided_plus_rdkit_descriptors,7,2
"Glass transition temperature (Tg, degC)",0.004380686208605766,model_feature_importances,XGBoost,provided_plus_rdkit_descriptors,7,2
Viscosity (mPa.s),0.0014095177175477147,model_feature_importances,XGBoost,provided_plus_rdkit_descriptors,7,2
Concentration (% w/v),0.004086953122168779,model_feature_importances,XGBoost,provided_plus_rdkit_descriptors,7,2
rdkit_MaxAbsEStateIndex,0.011720795184373856,model_feature_importances,XGBoost,provided_plus_rdkit_descriptors,7,2
rdkit_MaxEStateIndex,0.0,model_feature_importances,XGBoost,provided_plus_rdkit_descriptors,7,2
rdkit_MinAbsEStateIndex,0.014055515639483929,model_feature_importances,XGBoost,provided_plus_rdkit_descriptors,7,2
rdkit_MinEStateIndex,0.00566368643194437,model_feature_importances,XGBoost,provided_plus_rdkit_descriptors,7,2
rdkit_qed,0.0023201368749141693,model_feature_importances,XGBoost,provided_plus_rdkit_descriptors,7,2
rdkit_SPS,0.010207746177911758,model_feature_importances,XGBoost,provided_plus_rdkit_descriptors,7,2
rdkit_MolWt,0.0,model_feature_importances,XGBoost,provided_plus_rdkit_descriptors,7,2
rdkit_HeavyAtomMolWt,0.0,model_feature_importances,XGBoost,provided_plus_rdkit_descriptors,7,2
rdkit_ExactMolWt,0.0,model_feature_importances,XGBoost,provided_plus_rdkit_descriptors,7,2
rdkit_NumValenceElectrons,0.0,model_feature_importances,XGBoost,provided_plus_rdkit_descriptors,7,2
rdkit_MaxPartialCharge,0.02945680357515812,model_feature_importances,XGBoost,provided_plus_rdkit_descriptors,7,2
rdkit_MinPartialCharge,0.007620514370501041,model_feature_importances,XGBoost,provided_plus_rdkit_descriptors,7,2
rdkit_MaxAbsPartialCharge,0.002830584067851305,model_feature_importances,XGBoost,provided_plus_rdkit_descriptors,7,2
rdkit_MinAbsPartialCharge,0.0,model_feature_importances,XGBoost,provided_plus_rdkit_descriptors,7,2
rdkit_FpDensityMorgan1,0.004648716654628515,model_feature_importances,XGBoost,provided_plus_rdkit_descriptors,7,2
rdkit_FpDensityMorgan2,0.007225442677736282,model_feature_importances,XGBoost,provided_plus_rdkit_descriptors,7,2
rdkit_FpDensityMorgan3,0.02342914789915085,model_feature_importances,XGBoost,provided_plus_rdkit_descriptors,7,2
rdkit_BCUT2D_MWHI,0.0016628556186333299,model_feature_importances,XGBoost,provided_plus_rdkit_descriptors,7,2
rdkit_BCUT2D_MWLOW,0.007462734822183847,model_feature_importances,XGBoost,provided_plus_rdkit_descriptors,7,2
rdkit_BCUT2D_CHGHI,0.009709147736430168,model_feature_importances,XGBoost,provided_plus_rdkit_descriptors,7,2
rdkit_BCUT2D_CHGLO,0.01075360830873251,model_feature_importances,XGBoost,provided_plus_rdkit_descriptors,7,2
rdkit_BCUT2D_LOGPHI,0.003243993502110243,model_feature_importances,XGBoost,provided_plus_rdkit_descriptors,7,2
rdkit_BCUT2D_LOGPLOW,0.0006107153603807092,model_feature_importances,XGBoost,provided_plus_rdkit_descriptors,7,2
rdkit_BCUT2D_MRHI,0.006680995691567659,model_feature_importances,XGBoost,provided_plus_rdkit_descriptors,7,2
rdkit_BCUT2D_MRLOW,0.02086246944963932,model_feature_importances,XGBoost,provided_plus_rdkit_descriptors,7,2
rdkit_AvgIpc,0.011354291811585426,model_feature_importances,XGBoost,provided_plus_rdkit_descriptors,7,2
rdkit_BalabanJ,0.005140800029039383,model_feature_importances,XGBoost,provided_plus_rdkit_descriptors,7,2
rdkit_BertzCT,0.010127376765012741,model_feature_importances,XGBoost,provided_plus_rdkit_descriptors,7,2
rdkit_Chi0,0.002801557769998908,model_feature_importances,XGBoost,provided_plus_rdkit_descriptors,7,2
rdkit_Chi0n,0.00718724587932229,model_feature_importances,XGBoost,provided_plus_rdkit_descriptors,7,2
rdkit_Chi0v,0.01151430606842041,model_feature_importances,XGBoost,provided_plus_rdkit_descriptors,7,2
rdkit_Chi1,0.00732763996347785,model_feature_importances,XGBoost,provided_plus_rdkit_descriptors,7,2
rdkit_Chi1n,0.0002355134201934561,model_feature_importances,XGBoost,provided_plus_rdkit_descriptors,7,2
rdkit_Chi1v,0.00018592517881188542,model_feature_importances,XGBoost,provided_plus_rdkit_descriptors,7,2
rdkit_Chi2n,0.0013951172586530447,model_feature_importances,XGBoost,provided_plus_rdkit_descriptors,7,2
rdkit_Chi2v,0.00018824159633368254,model_feature_importances,XGBoost,provided_plus_rdkit_descriptors,7,2
rdkit_Chi3n,0.0005045702564530075,model_feature_importances,XGBoost,provided_plus_rdkit_descriptors,7,2
rdkit_Chi3v,0.00045076734386384487,model_feature_importances,XGBoost,provided_plus_rdkit_descriptors,7,2
rdkit_Chi4n,0.0003510980459395796,model_feature_importances,XGBoost,provided_plus_rdkit_descriptors,7,2
rdkit_Chi4v,0.0008198631694540381,model_feature_importances,XGBoost,provided_plus_rdkit_descriptors,7,2
rdkit_HallKierAlpha,0.023902634158730507,model_feature_importances,XGBoost,provided_plus_rdkit_descriptors,7,2
rdkit_Ipc,0.0007324633770622313,model_feature_importances,XGBoost,provided_plus_rdkit_descriptors,7,2
rdkit_Kappa1,0.001960235647857189,model_feature_importances,XGBoost,provided_plus_rdkit_descriptors,7,2
rdkit_Kappa2,0.0025270041078329086,model_feature_importances,XGBoost,provided_plus_rdkit_descriptors,7,2
rdkit_Kappa3,0.0023181382566690445,model_feature_importances,XGBoost,provided_plus_rdkit_descriptors,7,2
rdkit_LabuteASA,0.0,model_feature_importances,XGBoost,provided_plus_rdkit_descriptors,7,2
rdkit_PEOE_VSA1,0.0037876986898481846,model_feature_importances,XGBoost,provided_plus_rdkit_descriptors,7,2
rdkit_PEOE_VSA10,0.0021552378311753273,model_feature_importances,XGBoost,provided_plus_rdkit_descriptors,7,2
rdkit_PEOE_VSA11,0.008117211051285267,model_feature_importances,XGBoost,provided_plus_rdkit_descriptors,7,2
rdkit_PEOE_VSA12,0.0,model_feature_importances,XGBoost,provided_plus_rdkit_descriptors,7,2
rdkit_PEOE_VSA14,0.0,model_feature_importances,XGBoost,provided_plus_rdkit_descriptors,7,2
rdkit_PEOE_VSA2,0.00013078610936645418,model_feature_importances,XGBoost,provided_plus_rdkit_descriptors,7,2
rdkit_PEOE_VSA3,0.0,model_feature_importances,XGBoost,provided_plus_rdkit_descriptors,7,2
rdkit_PEOE_VSA5,0.0,model_feature_importances,XGBoost,provided_plus_rdkit_descriptors,7,2
rdkit_PEOE_VSA6,0.0,model_feature_importances,XGBoost,provided_plus_rdkit_descriptors,7,2
rdkit_PEOE_VSA7,0.0009317078511230648,model_feature_importances,XGBoost,provided_plus_rdkit_descriptors,7,2
rdkit_PEOE_VSA8,0.00011475243809400126,model_feature_importances,XGBoost,provided_plus_rdkit_descriptors,7,2
rdkit_PEOE_VSA9,0.0003963205963373184,model_feature_importances,XGBoost,provided_plus_rdkit_descriptors,7,2
rdkit_SMR_VSA1,0.00033008097670972347,model_feature_importances,XGBoost,provided_plus_rdkit_descriptors,7,2
rdkit_SMR_VSA10,0.0004971157759428024,model_feature_importances,XGBoost,provided_plus_rdkit_descriptors,7,2
rdkit_SMR_VSA3,0.0,model_feature_importances,XGBoost,provided_plus_rdkit_descriptors,7,2
rdkit_SMR_VSA4,0.017960455268621445,model_feature_importances,XGBoost,provided_plus_rdkit_descriptors,7,2
rdkit_SMR_VSA5,0.0031596727203577757,model_feature_importances,XGBoost,provided_plus_rdkit_descriptors,7,2
rdkit_SMR_VSA6,0.0010437365854158998,model_feature_importances,XGBoost,provided_plus_rdkit_descriptors,7,2
rdkit_SMR_VSA7,0.0,model_feature_importances,XGBoost,provided_plus_rdkit_descriptors,7,2
rdkit_SlogP_VSA1,0.0,model_feature_importances,XGBoost,provided_plus_rdkit_descriptors,7,2
rdkit_SlogP_VSA12,0.0,model_feature_importances,XGBoost,provided_plus_rdkit_descriptors,7,2
rdkit_SlogP_VSA2,0.0028259267564862967,model_feature_importances,XGBoost,provided_plus_rdkit_descriptors,7,2
rdkit_SlogP_VSA3,0.03517208248376846,model_feature_importances,XGBoost,provided_plus_rdkit_descriptors,7,2
rdkit_SlogP_VSA4,0.0,model_feature_importances,XGBoost,provided_plus_rdkit_descriptors,7,2
rdkit_SlogP_VSA5,0.0057095871306955814,model_feature_importances,XGBoost,provided_plus_rdkit_descriptors,7,2
rdkit_SlogP_VSA6,0.0,model_feature_importances,XGBoost,provided_plus_rdkit_descriptors,7,2
rdkit_TPSA,0.0008608452626504004,model_feature_importances,XGBoost,provided_plus_rdkit_descriptors,7,2
rdkit_EState_VSA1,0.0017497880617156625,model_feature_importances,XGBoost,provided_plus_rdkit_descriptors,7,2
rdkit_EState_VSA10,0.4163151681423187,model_feature_importances,XGBoost,provided_plus_rdkit_descriptors,7,2
rdkit_EState_VSA2,0.01022282149642706,model_feature_importances,XGBoost,provided_plus_rdkit_descriptors,7,2
rdkit_EState_VSA3,7.932714652270079e-05,model_feature_importances,XGBoost,provided_plus_rdkit_descriptors,7,2
rdkit_EState_VSA4,0.0,model_feature_importances,XGBoost,provided_plus_rdkit_descriptors,7,2
rdkit_EState_VSA5,0.0011235411511734128,model_feature_importances,XGBoost,provided_plus_rdkit_descriptors,7,2
rdkit_EState_VSA6,0.0,model_feature_importances,XGBoost,provided_plus_rdkit_descriptors,7,2
rdkit_EState_VSA7,0.0,model_feature_importances,XGBoost,provided_plus_rdkit_descriptors,7,2
rdkit_EState_VSA8,0.004324627108871937,model_feature_importances,XGBoost,provided_plus_rdkit_descriptors,7,2
rdkit_EState_VSA9,0.01149236224591732,model_feature_importances,XGBoost,provided_plus_rdkit_descriptors,7,2
rdkit_VSA_EState1,0.0007311233785003424,model_feature_importances,XGBoost,provided_plus_rdkit_descriptors,7,2
rdkit_VSA_EState10,0.0,model_feature_importances,XGBoost,provided_plus_rdkit_descriptors,7,2
rdkit_VSA_EState2,0.02547207660973072,model_feature_importances,XGBoost,provided_plus_rdkit_descriptors,7,2
rdkit_VSA_EState3,0.00909501127898693,model_feature_importances,XGBoost,provided_plus_rdkit_descriptors,7,2
rdkit_VSA_EState4,0.0,model_feature_importances,XGBoost,provided_plus_rdkit_descriptors,7,2
rdkit_VSA_EState5,0.0006163352518342435,model_feature_importances,XGBoost,provided_plus_rdkit_descriptors,7,2
rdkit_VSA_EState6,0.0,model_feature_importances,XGBoost,provided_plus_rdkit_descriptors,7,2
rdkit_VSA_EState7,0.023247551172971725,model_feature_importances,XGBoost,provided_plus_rdkit_descriptors,7,2
rdkit_VSA_EState8,0.037914786487817764,model_feature_importances,XGBoost,provided_plus_rdkit_descriptors,7,2
rdkit_VSA_EState9,0.0,model_feature_importances,XGBoost,provided_plus_rdkit_descriptors,7,2
rdkit_FractionCSP3,7.31210020603612e-05,model_feature_importances,XGBoost,provided_plus_rdkit_descriptors,7,2
rdkit_HeavyAtomCount,0.0,model_feature_importances,XGBoost,provided_plus_rdkit_descriptors,7,2
rdkit_NHOHCount,0.00010244145232718438,model_feature_importances,XGBoost,provided_plus_rdkit_descriptors,7,2
rdkit_NOCount,0.0,model_feature_importances,XGBoost,provided_plus_rdkit_descriptors,7,2
rdkit_NumAliphaticCarbocycles,0.0,model_feature_importances,XGBoost,provided_plus_rdkit_descriptors,7,2
rdkit_NumAliphaticHeterocycles,0.0,model_feature_importances,XGBoost,provided_plus_rdkit_descriptors,7,2
rdkit_NumAliphaticRings,0.0,model_feature_importances,XGBoost,provided_plus_rdkit_descriptors,7,2
rdkit_NumAmideBonds,0.0,model_feature_importances,XGBoost,provided_plus_rdkit_descriptors,7,2
rdkit_NumAtomStereoCenters,0.00487247109413147,model_feature_importances,XGBoost,provided_plus_rdkit_descriptors,7,2
rdkit_NumBridgeheadAtoms,0.0,model_feature_importances,XGBoost,provided_plus_rdkit_descriptors,7,2
rdkit_NumHAcceptors,0.0,model_feature_importances,XGBoost,provided_plus_rdkit_descriptors,7,2
rdkit_NumHDonors,0.0,model_feature_importances,XGBoost,provided_plus_rdkit_descriptors,7,2
rdkit_NumHeteroatoms,0.0004977232310920954,model_feature_importances,XGBoost,provided_plus_rdkit_descriptors,7,2
rdkit_NumHeterocycles,0.0,model_feature_importances,XGBoost,provided_plus_rdkit_descriptors,7,2
rdkit_NumRotatableBonds,0.001591539359651506,model_feature_importances,XGBoost,provided_plus_rdkit_descriptors,7,2
rdkit_NumSaturatedCarbocycles,0.0,model_feature_importances,XGBoost,provided_plus_rdkit_descriptors,7,2
rdkit_NumSaturatedHeterocycles,0.0,model_feature_importances,XGBoost,provided_plus_rdkit_descriptors,7,2
rdkit_NumSaturatedRings,0.0,model_feature_importances,XGBoost,provided_plus_rdkit_descriptors,7,2
rdkit_NumUnspecifiedAtomStereoCenters,0.0010908108670264482,model_feature_importances,XGBoost,provided_plus_rdkit_descriptors,7,2
rdkit_Phi,0.012488160282373428,model_feature_importances,XGBoost,provided_plus_rdkit_descriptors,7,2
rdkit_RingCount,0.0,model_feature_importances,XGBoost,provided_plus_rdkit_descriptors,7,2
rdkit_MolLogP,0.012336029671132565,model_feature_importances,XGBoost,provided_plus_rdkit_descriptors,7,2
rdkit_MolMR,0.0038358301389962435,model_feature_importances,XGBoost,provided_plus_rdkit_descriptors,7,2
rdkit_fr_Al_COO,0.0,model_feature_importances,XGBoost,provided_plus_rdkit_descriptors,7,2
rdkit_fr_Al_OH,0.03788444399833679,model_feature_importances,XGBoost,provided_plus_rdkit_descriptors,7,2
rdkit_fr_Al_OH_noTert,0.0,model_feature_importances,XGBoost,provided_plus_rdkit_descriptors,7,2
rdkit_fr_COO,0.0,model_feature_importances,XGBoost,provided_plus_rdkit_descriptors,7,2
rdkit_fr_COO2,0.0,model_feature_importances,XGBoost,provided_plus_rdkit_descriptors,7,2
rdkit_fr_C_O,0.0,model_feature_importances,XGBoost,provided_plus_rdkit_descriptors,7,2
rdkit_fr_C_O_noCOO,0.0003021201118826866,model_feature_importances,XGBoost,provided_plus_rdkit_descriptors,7,2
rdkit_fr_NH1,0.0,model_feature_importances,XGBoost,provided_plus_rdkit_descriptors,7,2
rdkit_fr_NH2,0.0,model_feature_importances,XGBoost,provided_plus_rdkit_descriptors,7,2
rdkit_fr_aldehyde,0.0,model_feature_importances,XGBoost,provided_plus_rdkit_descriptors,7,2
rdkit_fr_alkyl_halide,0.0,model_feature_importances,XGBoost,provided_plus_rdkit_descriptors,7,2
rdkit_fr_allylic_oxid,0.0,model_feature_importances,XGBoost,provided_plus_rdkit_descriptors,7,2
rdkit_fr_amide,0.0,model_feature_importances,XGBoost,provided_plus_rdkit_descriptors,7,2
rdkit_fr_bicyclic,0.0,model_feature_importances,XGBoost,provided_plus_rdkit_descriptors,7,2
rdkit_fr_ether,0.0,model_feature_importances,XGBoost,provided_plus_rdkit_descriptors,7,2
rdkit_fr_halogen,0.0,model_feature_importances,XGBoost,provided_plus_rdkit_descriptors,7,2
rdkit_fr_ketone,0.0009366158628836274,model_feature_importances,XGBoost,provided_plus_rdkit_descriptors,7,2
rdkit_fr_ketone_Topliss,0.0,model_feature_importances,XGBoost,provided_plus_rdkit_descriptors,7,2
rdkit_fr_methoxy,0.0,model_feature_importances,XGBoost,provided_plus_rdkit_descriptors,7,2
rdkit_fr_phos_acid,0.0,model_feature_importances,XGBoost,provided_plus_rdkit_descriptors,7,2
rdkit_fr_phos_ester,0.0,model_feature_importances,XGBoost,provided_plus_rdkit_descriptors,7,2
Molecular weight (Da),0.0032588280737400055,model_feature_importances,XGBoost,provided_plus_rdkit_descriptors,7,3
Solubility (mg/mL),0.009735737927258015,model_feature_importances,XGBoost,provided_plus_rdkit_descriptors,7,3
"Glass transition temperature (Tg, degC)",0.003229257883504033,model_feature_importances,XGBoost,provided_plus_rdkit_descriptors,7,3
Viscosity (mPa.s),0.000992806744761765,model_feature_importances,XGBoost,provided_plus_rdkit_descriptors,7,3
Concentration (% w/v),0.002463555196300149,model_feature_importances,XGBoost,provided_plus_rdkit_descriptors,7,3
rdkit_MaxAbsEStateIndex,0.0018468947382643819,model_feature_importances,XGBoost,provided_plus_rdkit_descriptors,7,3
rdkit_MaxEStateIndex,0.0,model_feature_importances,XGBoost,provided_plus_rdkit_descriptors,7,3
rdkit_MinAbsEStateIndex,0.004246981348842382,model_feature_importances,XGBoost,provided_plus_rdkit_descriptors,7,3
rdkit_MinEStateIndex,0.005923505872488022,model_feature_importances,XGBoost,provided_plus_rdkit_descriptors,7,3
rdkit_qed,0.024271555244922638,model_feature_importances,XGBoost,provided_plus_rdkit_descriptors,7,3
rdkit_SPS,0.0019874153658747673,model_feature_importances,XGBoost,provided_plus_rdkit_descriptors,7,3
rdkit_MolWt,0.0,model_feature_importances,XGBoost,provided_plus_rdkit_descriptors,7,3
rdkit_HeavyAtomMolWt,0.00017465598648414016,model_feature_importances,XGBoost,provided_plus_rdkit_descriptors,7,3
rdkit_ExactMolWt,0.0,model_feature_importances,XGBoost,provided_plus_rdkit_descriptors,7,3
rdkit_NumValenceElectrons,0.0,model_feature_importances,XGBoost,provided_plus_rdkit_descriptors,7,3
rdkit_MaxPartialCharge,0.006676018238067627,model_feature_importances,XGBoost,provided_plus_rdkit_descriptors,7,3
rdkit_MinPartialCharge,0.0072760856710374355,model_feature_importances,XGBoost,provided_plus_rdkit_descriptors,7,3
rdkit_MaxAbsPartialCharge,0.00034960260381922126,model_feature_importances,XGBoost,provided_plus_rdkit_descriptors,7,3
rdkit_MinAbsPartialCharge,0.0,model_feature_importances,XGBoost,provided_plus_rdkit_descriptors,7,3
rdkit_FpDensityMorgan1,0.002147507155314088,model_feature_importances,XGBoost,provided_plus_rdkit_descriptors,7,3
rdkit_FpDensityMorgan2,0.00041013373993337154,model_feature_importances,XGBoost,provided_plus_rdkit_descriptors,7,3
rdkit_FpDensityMorgan3,0.0009303032420575619,model_feature_importances,XGBoost,provided_plus_rdkit_descriptors,7,3
rdkit_BCUT2D_MWHI,0.0019213508348912,model_feature_importances,XGBoost,provided_plus_rdkit_descriptors,7,3
rdkit_BCUT2D_MWLOW,0.00135685910936445,model_feature_importances,XGBoost,provided_plus_rdkit_descriptors,7,3
rdkit_BCUT2D_CHGHI,0.005256948061287403,model_feature_importances,XGBoost,provided_plus_rdkit_descriptors,7,3
rdkit_BCUT2D_CHGLO,0.01742139644920826,model_feature_importances,XGBoost,provided_plus_rdkit_descriptors,7,3
rdkit_BCUT2D_LOGPHI,0.0006097244331613183,model_feature_importances,XGBoost,provided_plus_rdkit_descriptors,7,3
rdkit_BCUT2D_LOGPLOW,0.0003184678207617253,model_feature_importances,XGBoost,provided_plus_rdkit_descriptors,7,3
rdkit_BCUT2D_MRHI,0.0038598976098001003,model_feature_importances,XGBoost,provided_plus_rdkit_descriptors,7,3
rdkit_BCUT2D_MRLOW,0.005050210282206535,model_feature_importances,XGBoost,provided_plus_rdkit_descriptors,7,3
rdkit_AvgIpc,0.01432181429117918,model_feature_importances,XGBoost,provided_plus_rdkit_descriptors,7,3
rdkit_BalabanJ,0.0010250251507386565,model_feature_importances,XGBoost,provided_plus_rdkit_descriptors,7,3
rdkit_BertzCT,0.0003014044195879251,model_feature_importances,XGBoost,provided_plus_rdkit_descriptors,7,3
rdkit_Chi0,0.0009655405301600695,model_feature_importances,XGBoost,provided_plus_rdkit_descriptors,7,3
rdkit_Chi0n,0.03699389845132828,model_feature_importances,XGBoost,provided_plus_rdkit_descriptors,7,3
rdkit_Chi0v,0.029626399278640747,model_feature_importances,XGBoost,provided_plus_rdkit_descriptors,7,3
rdkit_Chi1,0.004528359975665808,model_feature_importances,XGBoost,provided_plus_rdkit_descriptors,7,3
rdkit_Chi1n,0.0,model_feature_importances,XGBoost,provided_plus_rdkit_descriptors,7,3
rdkit_Chi1v,0.00046632529119960964,model_feature_importances,XGBoost,provided_plus_rdkit_descriptors,7,3
rdkit_Chi2n,0.002179240109398961,model_feature_importances,XGBoost,provided_plus_rdkit_descriptors,7,3
rdkit_Chi2v,0.001173640601336956,model_feature_importances,XGBoost,provided_plus_rdkit_descriptors,7,3
rdkit_Chi3n,0.0,model_feature_importances,XGBoost,provided_plus_rdkit_descriptors,7,3
rdkit_Chi3v,0.0008342132205143571,model_feature_importances,XGBoost,provided_plus_rdkit_descriptors,7,3
rdkit_Chi4n,0.0009912769310176373,model_feature_importances,XGBoost,provided_plus_rdkit_descriptors,7,3
rdkit_Chi4v,0.0002527858305256814,model_feature_importances,XGBoost,provided_plus_rdkit_descriptors,7,3
rdkit_HallKierAlpha,0.014321812428534031,model_feature_importances,XGBoost,provided_plus_rdkit_descriptors,7,3
rdkit_Ipc,0.0004077111661899835,model_feature_importances,XGBoost,provided_plus_rdkit_descriptors,7,3
rdkit_Kappa1,0.000565268041100353,model_feature_importances,XGBoost,provided_plus_rdkit_descriptors,7,3
rdkit_Kappa2,0.0003904550976585597,model_feature_importances,XGBoost,provided_plus_rdkit_descriptors,7,3
rdkit_Kappa3,0.0008992477669380605,model_feature_importances,XGBoost,provided_plus_rdkit_descriptors,7,3
rdkit_LabuteASA,7.778933650115505e-05,model_feature_importances,XGBoost,provided_plus_rdkit_descriptors,7,3
rdkit_PEOE_VSA1,0.0031738828402012587,model_feature_importances,XGBoost,provided_plus_rdkit_descriptors,7,3
rdkit_PEOE_VSA10,0.03637712448835373,model_feature_importances,XGBoost,provided_plus_rdkit_descriptors,7,3
rdkit_PEOE_VSA11,0.0068860468454658985,model_feature_importances,XGBoost,provided_plus_rdkit_descriptors,7,3
rdkit_PEOE_VSA12,8.809718565316871e-05,model_feature_importances,XGBoost,provided_plus_rdkit_descriptors,7,3
rdkit_PEOE_VSA14,0.0,model_feature_importances,XGBoost,provided_plus_rdkit_descriptors,7,3
rdkit_PEOE_VSA2,0.0,model_feature_importances,XGBoost,provided_plus_rdkit_descriptors,7,3
rdkit_PEOE_VSA3,0.0,model_feature_importances,XGBoost,provided_plus_rdkit_descriptors,7,3
rdkit_PEOE_VSA5,0.0,model_feature_importances,XGBoost,provided_plus_rdkit_descriptors,7,3
rdkit_PEOE_VSA6,0.0,model_feature_importances,XGBoost,provided_plus_rdkit_descriptors,7,3
rdkit_PEOE_VSA7,0.0021792741026729345,model_feature_importances,XGBoost,provided_plus_rdkit_descriptors,7,3
rdkit_PEOE_VSA8,0.0,model_feature_importances,XGBoost,provided_plus_rdkit_descriptors,7,3
rdkit_PEOE_VSA9,0.00011112409265479073,model_feature_importances,XGBoost,provided_plus_rdkit_descriptors,7,3
rdkit_SMR_VSA1,0.0,model_feature_importances,XGBoost,provided_plus_rdkit_descriptors,7,3
rdkit_SMR_VSA10,0.0004956934717483819,model_feature_importances,XGBoost,provided_plus_rdkit_descriptors,7,3
rdkit_SMR_VSA3,0.0,model_feature_importances,XGBoost,provided_plus_rdkit_descriptors,7,3
rdkit_SMR_VSA4,9.453451639274135e-05,model_feature_importances,XGBoost,provided_plus_rdkit_descriptors,7,3
rdkit_SMR_VSA5,0.0008582090376876295,model_feature_importances,XGBoost,provided_plus_rdkit_descriptors,7,3
rdkit_SMR_VSA6,0.00021333518088795245,model_feature_importances,XGBoost,provided_plus_rdkit_descriptors,7,3
rdkit_SMR_VSA7,0.0,model_feature_importances,XGBoost,provided_plus_rdkit_descriptors,7,3
rdkit_SlogP_VSA1,0.0,model_feature_importances,XGBoost,provided_plus_rdkit_descriptors,7,3
rdkit_SlogP_VSA12,8.444394188700244e-05,model_feature_importances,XGBoost,provided_plus_rdkit_descriptors,7,3
rdkit_SlogP_VSA2,0.010621203109622002,model_feature_importances,XGBoost,provided_plus_rdkit_descriptors,7,3
rdkit_SlogP_VSA3,0.010967709124088287,model_feature_importances,XGBoost,provided_plus_rdkit_descriptors,7,3
rdkit_SlogP_VSA4,0.0,model_feature_importances,XGBoost,provided_plus_rdkit_descriptors,7,3
rdkit_SlogP_VSA5,0.0037391912192106247,model_feature_importances,XGBoost,provided_plus_rdkit_descriptors,7,3
rdkit_SlogP_VSA6,0.0,model_feature_importances,XGBoost,provided_plus_rdkit_descriptors,7,3
rdkit_TPSA,6.321215187199414e-05,model_feature_importances,XGBoost,provided_plus_rdkit_descriptors,7,3
rdkit_EState_VSA1,0.001285727834329009,model_feature_importances,XGBoost,provided_plus_rdkit_descriptors,7,3
rdkit_EState_VSA10,0.3673245310783386,model_feature_importances,XGBoost,provided_plus_rdkit_descriptors,7,3
rdkit_EState_VSA2,0.003733324585482478,model_feature_importances,XGBoost,provided_plus_rdkit_descriptors,7,3
rdkit_EState_VSA3,0.0007630707114003599,model_feature_importances,XGBoost,provided_plus_rdkit_descriptors,7,3
rdkit_EState_VSA4,0.0,model_feature_importances,XGBoost,provided_plus_rdkit_descriptors,7,3
rdkit_EState_VSA5,0.00038974941708147526,model_feature_importances,XGBoost,provided_plus_rdkit_descriptors,7,3
rdkit_EState_VSA6,0.0,model_feature_importances,XGBoost,provided_plus_rdkit_descriptors,7,3
rdkit_EState_VSA7,0.0,model_feature_importances,XGBoost,provided_plus_rdkit_descriptors,7,3
rdkit_EState_VSA8,0.0005879291566088796,model_feature_importances,XGBoost,provided_plus_rdkit_descriptors,7,3
rdkit_EState_VSA9,0.005708400625735521,model_feature_importances,XGBoost,provided_plus_rdkit_descriptors,7,3
rdkit_VSA_EState1,0.0005254218121990561,model_feature_importances,XGBoost,provided_plus_rdkit_descriptors,7,3
rdkit_VSA_EState10,0.0,model_feature_importances,XGBoost,provided_plus_rdkit_descriptors,7,3
rdkit_VSA_EState2,0.0016648153541609645,model_feature_importances,XGBoost,provided_plus_rdkit_descriptors,7,3
rdkit_VSA_EState3,0.013920361176133156,model_feature_importances,XGBoost,provided_plus_rdkit_descriptors,7,3
rdkit_VSA_EState4,0.0,model_feature_importances,XGBoost,provided_plus_rdkit_descriptors,7,3
rdkit_VSA_EState5,0.0008495560032315552,model_feature_importances,XGBoost,provided_plus_rdkit_descriptors,7,3
rdkit_VSA_EState6,0.0,model_feature_importances,XGBoost,provided_plus_rdkit_descriptors,7,3
rdkit_VSA_EState7,0.006164729129523039,model_feature_importances,XGBoost,provided_plus_rdkit_descriptors,7,3
rdkit_VSA_EState8,0.033706750720739365,model_feature_importances,XGBoost,provided_plus_rdkit_descriptors,7,3
rdkit_VSA_EState9,0.0,model_feature_importances,XGBoost,provided_plus_rdkit_descriptors,7,3
rdkit_FractionCSP3,0.0,model_feature_importances,XGBoost,provided_plus_rdkit_descriptors,7,3
rdkit_HeavyAtomCount,0.0,model_feature_importances,XGBoost,provided_plus_rdkit_descriptors,7,3
rdkit_NHOHCount,0.18125911056995392,model_feature_importances,XGBoost,provided_plus_rdkit_descriptors,7,3
rdkit_NOCount,0.0,model_feature_importances,XGBoost,provided_plus_rdkit_descriptors,7,3
rdkit_NumAliphaticCarbocycles,0.0,model_feature_importances,XGBoost,provided_plus_rdkit_descriptors,7,3
rdkit_NumAliphaticHeterocycles,0.0,model_feature_importances,XGBoost,provided_plus_rdkit_descriptors,7,3
rdkit_NumAliphaticRings,0.0,model_feature_importances,XGBoost,provided_plus_rdkit_descriptors,7,3
rdkit_NumAmideBonds,0.0,model_feature_importances,XGBoost,provided_plus_rdkit_descriptors,7,3
rdkit_NumAtomStereoCenters,0.004968634806573391,model_feature_importances,XGBoost,provided_plus_rdkit_descriptors,7,3
rdkit_NumBridgeheadAtoms,0.0,model_feature_importances,XGBoost,provided_plus_rdkit_descriptors,7,3
rdkit_NumHAcceptors,0.0,model_feature_importances,XGBoost,provided_plus_rdkit_descriptors,7,3
rdkit_NumHDonors,0.0,model_feature_importances,XGBoost,provided_plus_rdkit_descriptors,7,3
rdkit_NumHeteroatoms,0.0,model_feature_importances,XGBoost,provided_plus_rdkit_descriptors,7,3
rdkit_NumHeterocycles,0.0,model_feature_importances,XGBoost,provided_plus_rdkit_descriptors,7,3
rdkit_NumRotatableBonds,0.0007707602926529944,model_feature_importances,XGBoost,provided_plus_rdkit_descriptors,7,3
rdkit_NumSaturatedCarbocycles,0.0,model_feature_importances,XGBoost,provided_plus_rdkit_descriptors,7,3
rdkit_NumSaturatedHeterocycles,0.0,model_feature_importances,XGBoost,provided_plus_rdkit_descriptors,7,3
rdkit_NumSaturatedRings,0.0,model_feature_importances,XGBoost,provided_plus_rdkit_descriptors,7,3
rdkit_NumUnspecifiedAtomStereoCenters,0.0004543062241282314,model_feature_importances,XGBoost,provided_plus_rdkit_descriptors,7,3
rdkit_Phi,0.007576242089271545,model_feature_importances,XGBoost,provided_plus_rdkit_descriptors,7,3
rdkit_RingCount,0.0,model_feature_importances,XGBoost,provided_plus_rdkit_descriptors,7,3
rdkit_MolLogP,0.017509860917925835,model_feature_importances,XGBoost,provided_plus_rdkit_descriptors,7,3
rdkit_MolMR,0.0042469012551009655,model_feature_importances,XGBoost,provided_plus_rdkit_descriptors,7,3
rdkit_fr_Al_COO,0.0,model_feature_importances,XGBoost,provided_plus_rdkit_descriptors,7,3
rdkit_fr_Al_OH,0.047775935381650925,model_feature_importances,XGBoost,provided_plus_rdkit_descriptors,7,3
rdkit_fr_Al_OH_noTert,0.0,model_feature_importances,XGBoost,provided_plus_rdkit_descriptors,7,3
rdkit_fr_COO,0.0,model_feature_importances,XGBoost,provided_plus_rdkit_descriptors,7,3
rdkit_fr_COO2,0.0,model_feature_importances,XGBoost,provided_plus_rdkit_descriptors,7,3
rdkit_fr_C_O,0.0,model_feature_importances,XGBoost,provided_plus_rdkit_descriptors,7,3
rdkit_fr_C_O_noCOO,0.0,model_feature_importances,XGBoost,provided_plus_rdkit_descriptors,7,3
rdkit_fr_NH1,0.0,model_feature_importances,XGBoost,provided_plus_rdkit_descriptors,7,3
rdkit_fr_NH2,0.0,model_feature_importances,XGBoost,provided_plus_rdkit_descriptors,7,3
rdkit_fr_aldehyde,7.548925350420177e-05,model_feature_importances,XGBoost,provided_plus_rdkit_descriptors,7,3
rdkit_fr_alkyl_halide,0.0,model_feature_importances,XGBoost,provided_plus_rdkit_descriptors,7,3
rdkit_fr_allylic_oxid,0.0,model_feature_importances,XGBoost,provided_plus_rdkit_descriptors,7,3
rdkit_fr_amide,0.0,model_feature_importances,XGBoost,provided_plus_rdkit_descriptors,7,3
rdkit_fr_bicyclic,0.0,model_feature_importances,XGBoost,provided_plus_rdkit_descriptors,7,3
rdkit_fr_ether,0.0,model_feature_importances,XGBoost,provided_plus_rdkit_descriptors,7,3
rdkit_fr_halogen,0.0,model_feature_importances,XGBoost,provided_plus_rdkit_descriptors,7,3
rdkit_fr_ketone,0.0007473659352399409,model_feature_importances,XGBoost,provided_plus_rdkit_descriptors,7,3
rdkit_fr_ketone_Topliss,0.0,model_feature_importances,XGBoost,provided_plus_rdkit_descriptors,7,3
rdkit_fr_methoxy,0.0,model_feature_importances,XGBoost,provided_plus_rdkit_descriptors,7,3
rdkit_fr_phos_acid,0.0,model_feature_importances,XGBoost,provided_plus_rdkit_descriptors,7,3
rdkit_fr_phos_ester,0.0,model_feature_importances,XGBoost,provided_plus_rdkit_descriptors,7,3
Molecular weight (Da),0.0036183276679366827,model_feature_importances,XGBoost,provided_plus_rdkit_descriptors,7,4
Solubility (mg/mL),0.010426987893879414,model_feature_importances,XGBoost,provided_plus_rdkit_descriptors,7,4
"Glass transition temperature (Tg, degC)",0.004843196831643581,model_feature_importances,XGBoost,provided_plus_rdkit_descriptors,7,4
Viscosity (mPa.s),0.0008682407205924392,model_feature_importances,XGBoost,provided_plus_rdkit_descriptors,7,4
Concentration (% w/v),0.002469620667397976,model_feature_importances,XGBoost,provided_plus_rdkit_descriptors,7,4
rdkit_MaxAbsEStateIndex,0.005062679294496775,model_feature_importances,XGBoost,provided_plus_rdkit_descriptors,7,4
rdkit_MaxEStateIndex,0.0,model_feature_importances,XGBoost,provided_plus_rdkit_descriptors,7,4
rdkit_MinAbsEStateIndex,0.007708461489528418,model_feature_importances,XGBoost,provided_plus_rdkit_descriptors,7,4
rdkit_MinEStateIndex,0.0020858750212937593,model_feature_importances,XGBoost,provided_plus_rdkit_descriptors,7,4
rdkit_qed,0.0021394705399870872,model_feature_importances,XGBoost,provided_plus_rdkit_descriptors,7,4
rdkit_SPS,0.0024777157232165337,model_feature_importances,XGBoost,provided_plus_rdkit_descriptors,7,4
rdkit_MolWt,0.0,model_feature_importances,XGBoost,provided_plus_rdkit_descriptors,7,4
rdkit_HeavyAtomMolWt,0.0,model_feature_importances,XGBoost,provided_plus_rdkit_descriptors,7,4
rdkit_ExactMolWt,0.0,model_feature_importances,XGBoost,provided_plus_rdkit_descriptors,7,4
rdkit_NumValenceElectrons,0.0,model_feature_importances,XGBoost,provided_plus_rdkit_descriptors,7,4
rdkit_MaxPartialCharge,0.007598271127790213,model_feature_importances,XGBoost,provided_plus_rdkit_descriptors,7,4
rdkit_MinPartialCharge,0.011829428374767303,model_feature_importances,XGBoost,provided_plus_rdkit_descriptors,7,4
rdkit_MaxAbsPartialCharge,0.0017896625213325024,model_feature_importances,XGBoost,provided_plus_rdkit_descriptors,7,4
rdkit_MinAbsPartialCharge,0.0,model_feature_importances,XGBoost,provided_plus_rdkit_descriptors,7,4
rdkit_FpDensityMorgan1,0.0007839392637833953,model_feature_importances,XGBoost,provided_plus_rdkit_descriptors,7,4
rdkit_FpDensityMorgan2,0.001234058989211917,model_feature_importances,XGBoost,provided_plus_rdkit_descriptors,7,4
rdkit_FpDensityMorgan3,0.0016704421723261476,model_feature_importances,XGBoost,provided_plus_rdkit_descriptors,7,4
rdkit_BCUT2D_MWHI,0.0009704918484203517,model_feature_importances,XGBoost,provided_plus_rdkit_descriptors,7,4
rdkit_BCUT2D_MWLOW,0.0010357132414355874,model_feature_importances,XGBoost,provided_plus_rdkit_descriptors,7,4
rdkit_BCUT2D_CHGHI,0.007091229781508446,model_feature_importances,XGBoost,provided_plus_rdkit_descriptors,7,4
rdkit_BCUT2D_CHGLO,0.004341138992458582,model_feature_importances,XGBoost,provided_plus_rdkit_descriptors,7,4
rdkit_BCUT2D_LOGPHI,0.023354291915893555,model_feature_importances,XGBoost,provided_plus_rdkit_descriptors,7,4
rdkit_BCUT2D_LOGPLOW,9.75057264440693e-05,model_feature_importances,XGBoost,provided_plus_rdkit_descriptors,7,4
rdkit_BCUT2D_MRHI,0.0033784990664571524,model_feature_importances,XGBoost,provided_plus_rdkit_descriptors,7,4
rdkit_BCUT2D_MRLOW,0.0025087054818868637,model_feature_importances,XGBoost,provided_plus_rdkit_descriptors,7,4
rdkit_AvgIpc,0.009246685542166233,model_feature_importances,XGBoost,provided_plus_rdkit_descriptors,7,4
rdkit_BalabanJ,0.003550712252035737,model_feature_importances,XGBoost,provided_plus_rdkit_descriptors,7,4
rdkit_BertzCT,0.0012495465343818069,model_feature_importances,XGBoost,provided_plus_rdkit_descriptors,7,4
rdkit_Chi0,0.00019853167759720236,model_feature_importances,XGBoost,provided_plus_rdkit_descriptors,7,4
rdkit_Chi0n,0.006224066950380802,model_feature_importances,XGBoost,provided_plus_rdkit_descriptors,7,4
rdkit_Chi0v,0.02231999859213829,model_feature_importances,XGBoost,provided_plus_rdkit_descriptors,7,4
rdkit_Chi1,0.00018943779286928475,model_feature_importances,XGBoost,provided_plus_rdkit_descriptors,7,4
rdkit_Chi1n,0.000545763352420181,model_feature_importances,XGBoost,provided_plus_rdkit_descriptors,7,4
rdkit_Chi1v,0.05482207611203194,model_feature_importances,XGBoost,provided_plus_rdkit_descriptors,7,4
rdkit_Chi2n,0.0015759527450427413,model_feature_importances,XGBoost,provided_plus_rdkit_descriptors,7,4
rdkit_Chi2v,0.00011715364234987646,model_feature_importances,XGBoost,provided_plus_rdkit_descriptors,7,4
rdkit_Chi3n,0.0,model_feature_importances,XGBoost,provided_plus_rdkit_descriptors,7,4
rdkit_Chi3v,0.00020891583699267358,model_feature_importances,XGBoost,provided_plus_rdkit_descriptors,7,4
rdkit_Chi4n,0.0037708214949816465,model_feature_importances,XGBoost,provided_plus_rdkit_descriptors,7,4
rdkit_Chi4v,0.0010586025891825557,model_feature_importances,XGBoost,provided_plus_rdkit_descriptors,7,4
rdkit_HallKierAlpha,0.020475545898079872,model_feature_importances,XGBoost,provided_plus_rdkit_descriptors,7,4
rdkit_Ipc,0.0001975877967197448,model_feature_importances,XGBoost,provided_plus_rdkit_descriptors,7,4
rdkit_Kappa1,0.0013257835526019335,model_feature_importances,XGBoost,provided_plus_rdkit_descriptors,7,4
rdkit_Kappa2,0.0004931329749524593,model_feature_importances,XGBoost,provided_plus_rdkit_descriptors,7,4
rdkit_Kappa3,0.005547387525439262,model_feature_importances,XGBoost,provided_plus_rdkit_descriptors,7,4
rdkit_LabuteASA,0.0,model_feature_importances,XGBoost,provided_plus_rdkit_descriptors,7,4
rdkit_PEOE_VSA1,0.007929578423500061,model_feature_importances,XGBoost,provided_plus_rdkit_descriptors,7,4
rdkit_PEOE_VSA10,0.0,model_feature_importances,XGBoost,provided_plus_rdkit_descriptors,7,4
rdkit_PEOE_VSA11,0.011015444062650204,model_feature_importances,XGBoost,provided_plus_rdkit_descriptors,7,4
rdkit_PEOE_VSA12,0.0017300640465691686,model_feature_importances,XGBoost,provided_plus_rdkit_descriptors,7,4
rdkit_PEOE_VSA14,0.0,model_feature_importances,XGBoost,provided_plus_rdkit_descriptors,7,4
rdkit_PEOE_VSA2,0.0001301532902289182,model_feature_importances,XGBoost,provided_plus_rdkit_descriptors,7,4
rdkit_PEOE_VSA3,0.0,model_feature_importances,XGBoost,provided_plus_rdkit_descriptors,7,4
rdkit_PEOE_VSA5,0.0,model_feature_importances,XGBoost,provided_plus_rdkit_descriptors,7,4
rdkit_PEOE_VSA6,0.0,model_feature_importances,XGBoost,provided_plus_rdkit_descriptors,7,4
rdkit_PEOE_VSA7,0.0,model_feature_importances,XGBoost,provided_plus_rdkit_descriptors,7,4
rdkit_PEOE_VSA8,0.07557539641857147,model_feature_importances,XGBoost,provided_plus_rdkit_descriptors,7,4
rdkit_PEOE_VSA9,0.013302160426974297,model_feature_importances,XGBoost,provided_plus_rdkit_descriptors,7,4
rdkit_SMR_VSA1,0.0011577596887946129,model_feature_importances,XGBoost,provided_plus_rdkit_descriptors,7,4
rdkit_SMR_VSA10,0.0006739477976225317,model_feature_importances,XGBoost,provided_plus_rdkit_descriptors,7,4
rdkit_SMR_VSA3,0.0,model_feature_importances,XGBoost,provided_plus_rdkit_descriptors,7,4
rdkit_SMR_VSA4,0.00020138545369263738,model_feature_importances,XGBoost,provided_plus_rdkit_descriptors,7,4
rdkit_SMR_VSA5,0.008727583102881908,model_feature_importances,XGBoost,provided_plus_rdkit_descriptors,7,4
rdkit_SMR_VSA6,0.00019370410882402211,model_feature_importances,XGBoost,provided_plus_rdkit_descriptors,7,4
rdkit_SMR_VSA7,0.0,model_feature_importances,XGBoost,provided_plus_rdkit_descriptors,7,4
rdkit_SlogP_VSA1,0.0,model_feature_importances,XGBoost,provided_plus_rdkit_descriptors,7,4
rdkit_SlogP_VSA12,0.0,model_feature_importances,XGBoost,provided_plus_rdkit_descriptors,7,4
rdkit_SlogP_VSA2,0.015016927383840084,model_feature_importances,XGBoost,provided_plus_rdkit_descriptors,7,4
rdkit_SlogP_VSA3,0.018650908023118973,model_feature_importances,XGBoost,provided_plus_rdkit_descriptors,7,4
rdkit_SlogP_VSA4,0.0,model_feature_importances,XGBoost,provided_plus_rdkit_descriptors,7,4
rdkit_SlogP_VSA5,0.004338565282523632,model_feature_importances,XGBoost,provided_plus_rdkit_descriptors,7,4
rdkit_SlogP_VSA6,0.0,model_feature_importances,XGBoost,provided_plus_rdkit_descriptors,7,4
rdkit_TPSA,0.0005114623927511275,model_feature_importances,XGBoost,provided_plus_rdkit_descriptors,7,4
rdkit_EState_VSA1,0.0059942565858364105,model_feature_importances,XGBoost,provided_plus_rdkit_descriptors,7,4
rdkit_EState_VSA10,0.3679192364215851,model_feature_importances,XGBoost,provided_plus_rdkit_descriptors,7,4
rdkit_EState_VSA2,0.004403650760650635,model_feature_importances,XGBoost,provided_plus_rdkit_descriptors,7,4
rdkit_EState_VSA3,8.161950972862542e-05,model_feature_importances,XGBoost,provided_plus_rdkit_descriptors,7,4
rdkit_EState_VSA4,0.0,model_feature_importances,XGBoost,provided_plus_rdkit_descriptors,7,4
rdkit_EState_VSA5,0.0012191548012197018,model_feature_importances,XGBoost,provided_plus_rdkit_descriptors,7,4
rdkit_EState_VSA6,0.0,model_feature_importances,XGBoost,provided_plus_rdkit_descriptors,7,4
rdkit_EState_VSA7,0.0,model_feature_importances,XGBoost,provided_plus_rdkit_descriptors,7,4
rdkit_EState_VSA8,0.000838185369502753,model_feature_importances,XGBoost,provided_plus_rdkit_descriptors,7,4
rdkit_EState_VSA9,0.003019385738298297,model_feature_importances,XGBoost,provided_plus_rdkit_descriptors,7,4
rdkit_VSA_EState1,0.0006443369784392416,model_feature_importances,XGBoost,provided_plus_rdkit_descriptors,7,4
rdkit_VSA_EState10,0.0,model_feature_importances,XGBoost,provided_plus_rdkit_descriptors,7,4
rdkit_VSA_EState2,0.022466149181127548,model_feature_importances,XGBoost,provided_plus_rdkit_descriptors,7,4
rdkit_VSA_EState3,0.004304505884647369,model_feature_importances,XGBoost,provided_plus_rdkit_descriptors,7,4
rdkit_VSA_EState4,0.0,model_feature_importances,XGBoost,provided_plus_rdkit_descriptors,7,4
rdkit_VSA_EState5,0.002268796553835273,model_feature_importances,XGBoost,provided_plus_rdkit_descriptors,7,4
rdkit_VSA_EState6,0.0,model_feature_importances,XGBoost,provided_plus_rdkit_descriptors,7,4
rdkit_VSA_EState7,0.008013216778635979,model_feature_importances,XGBoost,provided_plus_rdkit_descriptors,7,4
rdkit_VSA_EState8,0.01963884010910988,model_feature_importances,XGBoost,provided_plus_rdkit_descriptors,7,4
rdkit_VSA_EState9,0.0,model_feature_importances,XGBoost,provided_plus_rdkit_descriptors,7,4
rdkit_FractionCSP3,0.0005915272631682456,model_feature_importances,XGBoost,provided_plus_rdkit_descriptors,7,4
rdkit_HeavyAtomCount,0.0,model_feature_importances,XGBoost,provided_plus_rdkit_descriptors,7,4
rdkit_NHOHCount,0.0,model_feature_importances,XGBoost,provided_plus_rdkit_descriptors,7,4
rdkit_NOCount,0.0,model_feature_importances,XGBoost,provided_plus_rdkit_descriptors,7,4
rdkit_NumAliphaticCarbocycles,0.0,model_feature_importances,XGBoost,provided_plus_rdkit_descriptors,7,4
rdkit_NumAliphaticHeterocycles,0.0,model_feature_importances,XGBoost,provided_plus_rdkit_descriptors,7,4
rdkit_NumAliphaticRings,0.0,model_feature_importances,XGBoost,provided_plus_rdkit_descriptors,7,4
rdkit_NumAmideBonds,0.0,model_feature_importances,XGBoost,provided_plus_rdkit_descriptors,7,4
rdkit_NumAtomStereoCenters,0.00046280244714580476,model_feature_importances,XGBoost,provided_plus_rdkit_descriptors,7,4
rdkit_NumBridgeheadAtoms,0.0,model_feature_importances,XGBoost,provided_plus_rdkit_descriptors,7,4
rdkit_NumHAcceptors,0.0,model_feature_importances,XGBoost,provided_plus_rdkit_descriptors,7,4
rdkit_NumHDonors,0.012499631382524967,model_feature_importances,XGBoost,provided_plus_rdkit_descriptors,7,4
rdkit_NumHeteroatoms,0.0,model_feature_importances,XGBoost,provided_plus_rdkit_descriptors,7,4
rdkit_NumHeterocycles,0.0,model_feature_importances,XGBoost,provided_plus_rdkit_descriptors,7,4
rdkit_NumRotatableBonds,0.061836667358875275,model_feature_importances,XGBoost,provided_plus_rdkit_descriptors,7,4
rdkit_NumSaturatedCarbocycles,0.0,model_feature_importances,XGBoost,provided_plus_rdkit_descriptors,7,4
rdkit_NumSaturatedHeterocycles,0.0,model_feature_importances,XGBoost,provided_plus_rdkit_descriptors,7,4
rdkit_NumSaturatedRings,0.0,model_feature_importances,XGBoost,provided_plus_rdkit_descriptors,7,4
rdkit_NumUnspecifiedAtomStereoCenters,0.006293528247624636,model_feature_importances,XGBoost,provided_plus_rdkit_descriptors,7,4
rdkit_Phi,0.034817229956388474,model_feature_importances,XGBoost,provided_plus_rdkit_descriptors,7,4
rdkit_RingCount,0.0,model_feature_importances,XGBoost,provided_plus_rdkit_descriptors,7,4
rdkit_MolLogP,0.01597149670124054,model_feature_importances,XGBoost,provided_plus_rdkit_descriptors,7,4
rdkit_MolMR,0.0007212111377157271,model_feature_importances,XGBoost,provided_plus_rdkit_descriptors,7,4
rdkit_fr_Al_COO,0.0,model_feature_importances,XGBoost,provided_plus_rdkit_descriptors,7,4
rdkit_fr_Al_OH,0.023373201489448547,model_feature_importances,XGBoost,provided_plus_rdkit_descriptors,7,4
rdkit_fr_Al_OH_noTert,0.0,model_feature_importances,XGBoost,provided_plus_rdkit_descriptors,7,4
rdkit_fr_COO,0.0,model_feature_importances,XGBoost,provided_plus_rdkit_descriptors,7,4
rdkit_fr_COO2,0.0,model_feature_importances,XGBoost,provided_plus_rdkit_descriptors,7,4
rdkit_fr_C_O,0.0,model_feature_importances,XGBoost,provided_plus_rdkit_descriptors,7,4
rdkit_fr_C_O_noCOO,0.0,model_feature_importances,XGBoost,provided_plus_rdkit_descriptors,7,4
rdkit_fr_NH1,0.0,model_feature_importances,XGBoost,provided_plus_rdkit_descriptors,7,4
rdkit_fr_NH2,0.0,model_feature_importances,XGBoost,provided_plus_rdkit_descriptors,7,4
rdkit_fr_aldehyde,0.0001189772374345921,model_feature_importances,XGBoost,provided_plus_rdkit_descriptors,7,4
rdkit_fr_alkyl_halide,0.0,model_feature_importances,XGBoost,provided_plus_rdkit_descriptors,7,4
rdkit_fr_allylic_oxid,0.0,model_feature_importances,XGBoost,provided_plus_rdkit_descriptors,7,4
rdkit_fr_amide,0.0,model_feature_importances,XGBoost,provided_plus_rdkit_descriptors,7,4
rdkit_fr_bicyclic,0.0,model_feature_importances,XGBoost,provided_plus_rdkit_descriptors,7,4
rdkit_fr_ether,0.0,model_feature_importances,XGBoost,provided_plus_rdkit_descriptors,7,4
rdkit_fr_halogen,0.0,model_feature_importances,XGBoost,provided_plus_rdkit_descriptors,7,4
rdkit_fr_ketone,0.0008457548101432621,model_feature_importances,XGBoost,provided_plus_rdkit_descriptors,7,4
rdkit_fr_ketone_Topliss,0.0,model_feature_importances,XGBoost,provided_plus_rdkit_descriptors,7,4
rdkit_fr_methoxy,0.0,model_feature_importances,XGBoost,provided_plus_rdkit_descriptors,7,4
rdkit_fr_phos_acid,0.0,model_feature_importances,XGBoost,provided_plus_rdkit_descriptors,7,4
rdkit_fr_phos_ester,0.0,model_feature_importances,XGBoost,provided_plus_rdkit_descriptors,7,4
Molecular weight (Da),0.0028831143863499165,model_feature_importances,XGBoost,provided_plus_rdkit_descriptors,7,5
Solubility (mg/mL),0.01264055073261261,model_feature_importances,XGBoost,provided_plus_rdkit_descriptors,7,5
"Glass transition temperature (Tg, degC)",0.00542535912245512,model_feature_importances,XGBoost,provided_plus_rdkit_descriptors,7,5
Viscosity (mPa.s),0.0012040248839184642,model_feature_importances,XGBoost,provided_plus_rdkit_descriptors,7,5
Concentration (% w/v),0.0037184192333370447,model_feature_importances,XGBoost,provided_plus_rdkit_descriptors,7,5
rdkit_MaxAbsEStateIndex,0.004020333290100098,model_feature_importances,XGBoost,provided_plus_rdkit_descriptors,7,5
rdkit_MaxEStateIndex,0.0,model_feature_importances,XGBoost,provided_plus_rdkit_descriptors,7,5
rdkit_MinAbsEStateIndex,0.005145217292010784,model_feature_importances,XGBoost,provided_plus_rdkit_descriptors,7,5
rdkit_MinEStateIndex,0.006307362578809261,model_feature_importances,XGBoost,provided_plus_rdkit_descriptors,7,5
rdkit_qed,0.006141297984868288,model_feature_importances,XGBoost,provided_plus_rdkit_descriptors,7,5
rdkit_SPS,0.0070455060340464115,model_feature_importances,XGBoost,provided_plus_rdkit_descriptors,7,5
rdkit_MolWt,0.0,model_feature_importances,XGBoost,provided_plus_rdkit_descriptors,7,5
rdkit_HeavyAtomMolWt,0.0,model_feature_importances,XGBoost,provided_plus_rdkit_descriptors,7,5
rdkit_ExactMolWt,0.0,model_feature_importances,XGBoost,provided_plus_rdkit_descriptors,7,5
rdkit_NumValenceElectrons,6.638563354499638e-05,model_feature_importances,XGBoost,provided_plus_rdkit_descriptors,7,5
rdkit_MaxPartialCharge,0.00706930598244071,model_feature_importances,XGBoost,provided_plus_rdkit_descriptors,7,5
rdkit_MinPartialCharge,0.004667280707508326,model_feature_importances,XGBoost,provided_plus_rdkit_descriptors,7,5
rdkit_MaxAbsPartialCharge,0.0008730730623938143,model_feature_importances,XGBoost,provided_plus_rdkit_descriptors,7,5
rdkit_MinAbsPartialCharge,0.0,model_feature_importances,XGBoost,provided_plus_rdkit_descriptors,7,5
rdkit_FpDensityMorgan1,0.0020009728614240885,model_feature_importances,XGBoost,provided_plus_rdkit_descriptors,7,5
rdkit_FpDensityMorgan2,0.0016349154757335782,model_feature_importances,XGBoost,provided_plus_rdkit_descriptors,7,5
rdkit_FpDensityMorgan3,0.0012182259233668447,model_feature_importances,XGBoost,provided_plus_rdkit_descriptors,7,5
rdkit_BCUT2D_MWHI,0.0013947609113529325,model_feature_importances,XGBoost,provided_plus_rdkit_descriptors,7,5
rdkit_BCUT2D_MWLOW,0.0030623977072536945,model_feature_importances,XGBoost,provided_plus_rdkit_descriptors,7,5
rdkit_BCUT2D_CHGHI,0.016129113733768463,model_feature_importances,XGBoost,provided_plus_rdkit_descriptors,7,5
rdkit_BCUT2D_CHGLO,0.016569193452596664,model_feature_importances,XGBoost,provided_plus_rdkit_descriptors,7,5
rdkit_BCUT2D_LOGPHI,0.018854625523090363,model_feature_importances,XGBoost,provided_plus_rdkit_descriptors,7,5
rdkit_BCUT2D_LOGPLOW,0.0001464143133489415,model_feature_importances,XGBoost,provided_plus_rdkit_descriptors,7,5
rdkit_BCUT2D_MRHI,0.0019029186805710196,model_feature_importances,XGBoost,provided_plus_rdkit_descriptors,7,5
rdkit_BCUT2D_MRLOW,0.0029763339553028345,model_feature_importances,XGBoost,provided_plus_rdkit_descriptors,7,5
rdkit_AvgIpc,0.011995069682598114,model_feature_importances,XGBoost,provided_plus_rdkit_descriptors,7,5
rdkit_BalabanJ,0.0038520614616572857,model_feature_importances,XGBoost,provided_plus_rdkit_descriptors,7,5
rdkit_BertzCT,0.007292184047400951,model_feature_importances,XGBoost,provided_plus_rdkit_descriptors,7,5
rdkit_Chi0,0.000543239526450634,model_feature_importances,XGBoost,provided_plus_rdkit_descriptors,7,5
rdkit_Chi0n,0.034948576241731644,model_feature_importances,XGBoost,provided_plus_rdkit_descriptors,7,5
rdkit_Chi0v,0.10774503648281097,model_feature_importances,XGBoost,provided_plus_rdkit_descriptors,7,5
rdkit_Chi1,0.0,model_feature_importances,XGBoost,provided_plus_rdkit_descriptors,7,5
rdkit_Chi1n,7.61944247642532e-05,model_feature_importances,XGBoost,provided_plus_rdkit_descriptors,7,5
rdkit_Chi1v,0.0,model_feature_importances,XGBoost,provided_plus_rdkit_descriptors,7,5
rdkit_Chi2n,0.0014067651936784387,model_feature_importances,XGBoost,provided_plus_rdkit_descriptors,7,5
rdkit_Chi2v,5.632795364363119e-05,model_feature_importances,XGBoost,provided_plus_rdkit_descriptors,7,5
rdkit_Chi3n,0.0005349483690224588,model_feature_importances,XGBoost,provided_plus_rdkit_descriptors,7,5
rdkit_Chi3v,0.0005697652231901884,model_feature_importances,XGBoost,provided_plus_rdkit_descriptors,7,5
rdkit_Chi4n,0.0045659225434064865,model_feature_importances,XGBoost,provided_plus_rdkit_descriptors,7,5
rdkit_Chi4v,0.0006041509914211929,model_feature_importances,XGBoost,provided_plus_rdkit_descriptors,7,5
rdkit_HallKierAlpha,0.008421705104410648,model_feature_importances,XGBoost,provided_plus_rdkit_descriptors,7,5
rdkit_Ipc,0.00331764854490757,model_feature_importances,XGBoost,provided_plus_rdkit_descriptors,7,5
rdkit_Kappa1,0.002858162857592106,model_feature_importances,XGBoost,provided_plus_rdkit_descriptors,7,5
rdkit_Kappa2,0.008131771348416805,model_feature_importances,XGBoost,provided_plus_rdkit_descriptors,7,5
rdkit_Kappa3,0.001868409919552505,model_feature_importances,XGBoost,provided_plus_rdkit_descriptors,7,5
rdkit_LabuteASA,0.0,model_feature_importances,XGBoost,provided_plus_rdkit_descriptors,7,5
rdkit_PEOE_VSA1,0.0063387746922671795,model_feature_importances,XGBoost,provided_plus_rdkit_descriptors,7,5
rdkit_PEOE_VSA10,0.0003885560145135969,model_feature_importances,XGBoost,provided_plus_rdkit_descriptors,7,5
rdkit_PEOE_VSA11,0.007879690267145634,model_feature_importances,XGBoost,provided_plus_rdkit_descriptors,7,5
rdkit_PEOE_VSA12,0.005445918533951044,model_feature_importances,XGBoost,provided_plus_rdkit_descriptors,7,5
rdkit_PEOE_VSA14,0.0,model_feature_importances,XGBoost,provided_plus_rdkit_descriptors,7,5
rdkit_PEOE_VSA2,0.0,model_feature_importances,XGBoost,provided_plus_rdkit_descriptors,7,5
rdkit_PEOE_VSA3,0.0,model_feature_importances,XGBoost,provided_plus_rdkit_descriptors,7,5
rdkit_PEOE_VSA5,0.0,model_feature_importances,XGBoost,provided_plus_rdkit_descriptors,7,5
rdkit_PEOE_VSA6,0.0,model_feature_importances,XGBoost,provided_plus_rdkit_descriptors,7,5
rdkit_PEOE_VSA7,0.0,model_feature_importances,XGBoost,provided_plus_rdkit_descriptors,7,5
rdkit_PEOE_VSA8,0.007005198858678341,model_feature_importances,XGBoost,provided_plus_rdkit_descriptors,7,5
rdkit_PEOE_VSA9,0.00026653395616449416,model_feature_importances,XGBoost,provided_plus_rdkit_descriptors,7,5
rdkit_SMR_VSA1,0.001978645334020257,model_feature_importances,XGBoost,provided_plus_rdkit_descriptors,7,5
rdkit_SMR_VSA10,0.00423311535269022,model_feature_importances,XGBoost,provided_plus_rdkit_descriptors,7,5
rdkit_SMR_VSA3,0.0,model_feature_importances,XGBoost,provided_plus_rdkit_descriptors,7,5
rdkit_SMR_VSA4,0.0,model_feature_importances,XGBoost,provided_plus_rdkit_descriptors,7,5
rdkit_SMR_VSA5,0.0008688048692420125,model_feature_importances,XGBoost,provided_plus_rdkit_descriptors,7,5
rdkit_SMR_VSA6,0.0,model_feature_importances,XGBoost,provided_plus_rdkit_descriptors,7,5
rdkit_SMR_VSA7,0.0,model_feature_importances,XGBoost,provided_plus_rdkit_descriptors,7,5
rdkit_SlogP_VSA1,0.0,model_feature_importances,XGBoost,provided_plus_rdkit_descriptors,7,5
rdkit_SlogP_VSA12,0.0,model_feature_importances,XGBoost,provided_plus_rdkit_descriptors,7,5
rdkit_SlogP_VSA2,4.0891904063755646e-05,model_feature_importances,XGBoost,provided_plus_rdkit_descriptors,7,5
rdkit_SlogP_VSA3,0.0038995076902210712,model_feature_importances,XGBoost,provided_plus_rdkit_descriptors,7,5
rdkit_SlogP_VSA4,0.0,model_feature_importances,XGBoost,provided_plus_rdkit_descriptors,7,5
rdkit_SlogP_VSA5,0.001681388821452856,model_feature_importances,XGBoost,provided_plus_rdkit_descriptors,7,5
rdkit_SlogP_VSA6,0.0,model_feature_importances,XGBoost,provided_plus_rdkit_descriptors,7,5
rdkit_TPSA,0.00020470812160056084,model_feature_importances,XGBoost,provided_plus_rdkit_descriptors,7,5
rdkit_EState_VSA1,0.02544909156858921,model_feature_importances,XGBoost,provided_plus_rdkit_descriptors,7,5
rdkit_EState_VSA10,0.4090398848056793,model_feature_importances,XGBoost,provided_plus_rdkit_descriptors,7,5
rdkit_EState_VSA2,0.005670006852596998,model_feature_importances,XGBoost,provided_plus_rdkit_descriptors,7,5
rdkit_EState_VSA3,0.007812310941517353,model_feature_importances,XGBoost,provided_plus_rdkit_descriptors,7,5
rdkit_EState_VSA4,0.0,model_feature_importances,XGBoost,provided_plus_rdkit_descriptors,7,5
rdkit_EState_VSA5,0.0004933865275233984,model_feature_importances,XGBoost,provided_plus_rdkit_descriptors,7,5
rdkit_EState_VSA6,0.0,model_feature_importances,XGBoost,provided_plus_rdkit_descriptors,7,5
rdkit_EState_VSA7,0.0,model_feature_importances,XGBoost,provided_plus_rdkit_descriptors,7,5
rdkit_EState_VSA8,0.0002903633576352149,model_feature_importances,XGBoost,provided_plus_rdkit_descriptors,7,5
rdkit_EState_VSA9,0.004469235893338919,model_feature_importances,XGBoost,provided_plus_rdkit_descriptors,7,5
rdkit_VSA_EState1,0.0,model_feature_importances,XGBoost,provided_plus_rdkit_descriptors,7,5
rdkit_VSA_EState10,0.0,model_feature_importances,XGBoost,provided_plus_rdkit_descriptors,7,5
rdkit_VSA_EState2,0.058406680822372437,model_feature_importances,XGBoost,provided_plus_rdkit_descriptors,7,5
rdkit_VSA_EState3,0.004568039905279875,model_feature_importances,XGBoost,provided_plus_rdkit_descriptors,7,5
rdkit_VSA_EState4,0.0,model_feature_importances,XGBoost,provided_plus_rdkit_descriptors,7,5
rdkit_VSA_EState5,0.00012931811215821654,model_feature_importances,XGBoost,provided_plus_rdkit_descriptors,7,5
rdkit_VSA_EState6,0.0,model_feature_importances,XGBoost,provided_plus_rdkit_descriptors,7,5
rdkit_VSA_EState7,0.02113528363406658,model_feature_importances,XGBoost,provided_plus_rdkit_descriptors,7,5
rdkit_VSA_EState8,0.03032177872955799,model_feature_importances,XGBoost,provided_plus_rdkit_descriptors,7,5
rdkit_VSA_EState9,0.0,model_feature_importances,XGBoost,provided_plus_rdkit_descriptors,7,5
rdkit_FractionCSP3,0.0008043025736697018,model_feature_importances,XGBoost,provided_plus_rdkit_descriptors,7,5
rdkit_HeavyAtomCount,0.0,model_feature_importances,XGBoost,provided_plus_rdkit_descriptors,7,5
rdkit_NHOHCount,0.004668794572353363,model_feature_importances,XGBoost,provided_plus_rdkit_descriptors,7,5
rdkit_NOCount,0.0,model_feature_importances,XGBoost,provided_plus_rdkit_descriptors,7,5
rdkit_NumAliphaticCarbocycles,0.0,model_feature_importances,XGBoost,provided_plus_rdkit_descriptors,7,5
rdkit_NumAliphaticHeterocycles,0.0,model_feature_importances,XGBoost,provided_plus_rdkit_descriptors,7,5
rdkit_NumAliphaticRings,0.0,model_feature_importances,XGBoost,provided_plus_rdkit_descriptors,7,5
rdkit_NumAmideBonds,0.0,model_feature_importances,XGBoost,provided_plus_rdkit_descriptors,7,5
rdkit_NumAtomStereoCenters,0.003334140870720148,model_feature_importances,XGBoost,provided_plus_rdkit_descriptors,7,5
rdkit_NumBridgeheadAtoms,0.0,model_feature_importances,XGBoost,provided_plus_rdkit_descriptors,7,5
rdkit_NumHAcceptors,0.0,model_feature_importances,XGBoost,provided_plus_rdkit_descriptors,7,5
rdkit_NumHDonors,0.0,model_feature_importances,XGBoost,provided_plus_rdkit_descriptors,7,5
rdkit_NumHeteroatoms,0.0004548746219370514,model_feature_importances,XGBoost,provided_plus_rdkit_descriptors,7,5
rdkit_NumHeterocycles,0.0,model_feature_importances,XGBoost,provided_plus_rdkit_descriptors,7,5
rdkit_NumRotatableBonds,0.0005644295597448945,model_feature_importances,XGBoost,provided_plus_rdkit_descriptors,7,5
rdkit_NumSaturatedCarbocycles,0.0,model_feature_importances,XGBoost,provided_plus_rdkit_descriptors,7,5
rdkit_NumSaturatedHeterocycles,0.0,model_feature_importances,XGBoost,provided_plus_rdkit_descriptors,7,5
rdkit_NumSaturatedRings,0.0,model_feature_importances,XGBoost,provided_plus_rdkit_descriptors,7,5
rdkit_NumUnspecifiedAtomStereoCenters,0.016158882528543472,model_feature_importances,XGBoost,provided_plus_rdkit_descriptors,7,5
rdkit_Phi,0.00015707551210653037,model_feature_importances,XGBoost,provided_plus_rdkit_descriptors,7,5
rdkit_RingCount,0.0,model_feature_importances,XGBoost,provided_plus_rdkit_descriptors,7,5
rdkit_MolLogP,0.011996888555586338,model_feature_importances,XGBoost,provided_plus_rdkit_descriptors,7,5
rdkit_MolMR,0.005057484842836857,model_feature_importances,XGBoost,provided_plus_rdkit_descriptors,7,5
rdkit_fr_Al_COO,0.0,model_feature_importances,XGBoost,provided_plus_rdkit_descriptors,7,5
rdkit_fr_Al_OH,0.0010098684579133987,model_feature_importances,XGBoost,provided_plus_rdkit_descriptors,7,5
rdkit_fr_Al_OH_noTert,0.0,model_feature_importances,XGBoost,provided_plus_rdkit_descriptors,7,5
rdkit_fr_COO,0.0,model_feature_importances,XGBoost,provided_plus_rdkit_descriptors,7,5
rdkit_fr_COO2,0.0,model_feature_importances,XGBoost,provided_plus_rdkit_descriptors,7,5
rdkit_fr_C_O,0.0,model_feature_importances,XGBoost,provided_plus_rdkit_descriptors,7,5
rdkit_fr_C_O_noCOO,0.0,model_feature_importances,XGBoost,provided_plus_rdkit_descriptors,7,5
rdkit_fr_NH1,0.0,model_feature_importances,XGBoost,provided_plus_rdkit_descriptors,7,5
rdkit_fr_NH2,0.0,model_feature_importances,XGBoost,provided_plus_rdkit_descriptors,7,5
rdkit_fr_aldehyde,0.015891116112470627,model_feature_importances,XGBoost,provided_plus_rdkit_descriptors,7,5
rdkit_fr_alkyl_halide,0.0,model_feature_importances,XGBoost,provided_plus_rdkit_descriptors,7,5
rdkit_fr_allylic_oxid,0.0,model_feature_importances,XGBoost,provided_plus_rdkit_descriptors,7,5
rdkit_fr_amide,0.0,model_feature_importances,XGBoost,provided_plus_rdkit_descriptors,7,5
rdkit_fr_bicyclic,0.0,model_feature_importances,XGBoost,provided_plus_rdkit_descriptors,7,5
rdkit_fr_ether,0.0,model_feature_importances,XGBoost,provided_plus_rdkit_descriptors,7,5
rdkit_fr_halogen,0.0,model_feature_importances,XGBoost,provided_plus_rdkit_descriptors,7,5
rdkit_fr_ketone,0.0,model_feature_importances,XGBoost,provided_plus_rdkit_descriptors,7,5
rdkit_fr_ketone_Topliss,0.0,model_feature_importances,XGBoost,provided_plus_rdkit_descriptors,7,5
rdkit_fr_methoxy,0.0,model_feature_importances,XGBoost,provided_plus_rdkit_descriptors,7,5
rdkit_fr_phos_acid,0.0,model_feature_importances,XGBoost,provided_plus_rdkit_descriptors,7,5
rdkit_fr_phos_ester,0.0,model_feature_importances,XGBoost,provided_plus_rdkit_descriptors,7,5
Molecular weight (Da),0.004241289105266333,model_feature_importances,XGBoost,provided_plus_rdkit_descriptors,8,1
Solubility (mg/mL),0.01923949271440506,model_feature_importances,XGBoost,provided_plus_rdkit_descriptors,8,1
"Glass transition temperature (Tg, degC)",0.005512334406375885,model_feature_importances,XGBoost,provided_plus_rdkit_descriptors,8,1
Viscosity (mPa.s),0.001768012996762991,model_feature_importances,XGBoost,provided_plus_rdkit_descriptors,8,1
Concentration (% w/v),0.0036250825505703688,model_feature_importances,XGBoost,provided_plus_rdkit_descriptors,8,1
rdkit_MaxAbsEStateIndex,0.00640288507565856,model_feature_importances,XGBoost,provided_plus_rdkit_descriptors,8,1
rdkit_MaxEStateIndex,0.0,model_feature_importances,XGBoost,provided_plus_rdkit_descriptors,8,1
rdkit_MinAbsEStateIndex,0.007499487139284611,model_feature_importances,XGBoost,provided_plus_rdkit_descriptors,8,1
rdkit_MinEStateIndex,0.008816213347017765,model_feature_importances,XGBoost,provided_plus_rdkit_descriptors,8,1
rdkit_qed,0.016358161345124245,model_feature_importances,XGBoost,provided_plus_rdkit_descriptors,8,1
rdkit_SPS,0.0075196572579443455,model_feature_importances,XGBoost,provided_plus_rdkit_descriptors,8,1
rdkit_MolWt,0.0,model_feature_importances,XGBoost,provided_plus_rdkit_descriptors,8,1
rdkit_HeavyAtomMolWt,0.0,model_feature_importances,XGBoost,provided_plus_rdkit_descriptors,8,1
rdkit_ExactMolWt,0.0,model_feature_importances,XGBoost,provided_plus_rdkit_descriptors,8,1
rdkit_NumValenceElectrons,0.00026712994440458715,model_feature_importances,XGBoost,provided_plus_rdkit_descriptors,8,1
rdkit_MaxPartialCharge,0.014075186103582382,model_feature_importances,XGBoost,provided_plus_rdkit_descriptors,8,1
rdkit_MinPartialCharge,0.023013118654489517,model_feature_importances,XGBoost,provided_plus_rdkit_descriptors,8,1
rdkit_MaxAbsPartialCharge,0.0018437323160469532,model_feature_importances,XGBoost,provided_plus_rdkit_descriptors,8,1
rdkit_MinAbsPartialCharge,0.0,model_feature_importances,XGBoost,provided_plus_rdkit_descriptors,8,1
rdkit_FpDensityMorgan1,0.0032177618704736233,model_feature_importances,XGBoost,provided_plus_rdkit_descriptors,8,1
rdkit_FpDensityMorgan2,0.0021856657695025206,model_feature_importances,XGBoost,provided_plus_rdkit_descriptors,8,1
rdkit_FpDensityMorgan3,0.0058057899586856365,model_feature_importances,XGBoost,provided_plus_rdkit_descriptors,8,1
rdkit_BCUT2D_MWHI,0.004095884505659342,model_feature_importances,XGBoost,provided_plus_rdkit_descriptors,8,1
rdkit_BCUT2D_MWLOW,0.01381904911249876,model_feature_importances,XGBoost,provided_plus_rdkit_descriptors,8,1
rdkit_BCUT2D_CHGHI,0.02127310074865818,model_feature_importances,XGBoost,provided_plus_rdkit_descriptors,8,1
rdkit_BCUT2D_CHGLO,0.014638343825936317,model_feature_importances,XGBoost,provided_plus_rdkit_descriptors,8,1
rdkit_BCUT2D_LOGPHI,0.0014361540088430047,model_feature_importances,XGBoost,provided_plus_rdkit_descriptors,8,1
rdkit_BCUT2D_LOGPLOW,0.0044161113910377026,model_feature_importances,XGBoost,provided_plus_rdkit_descriptors,8,1
rdkit_BCUT2D_MRHI,0.003212006064131856,model_feature_importances,XGBoost,provided_plus_rdkit_descriptors,8,1
rdkit_BCUT2D_MRLOW,0.0055796196684241295,model_feature_importances,XGBoost,provided_plus_rdkit_descriptors,8,1
rdkit_AvgIpc,0.007473059464246035,model_feature_importances,XGBoost,provided_plus_rdkit_descriptors,8,1
rdkit_BalabanJ,0.00419505825266242,model_feature_importances,XGBoost,provided_plus_rdkit_descriptors,8,1
rdkit_BertzCT,0.023633256554603577,model_feature_importances,XGBoost,provided_plus_rdkit_descriptors,8,1
rdkit_Chi0,0.0016683018766343594,model_feature_importances,XGBoost,provided_plus_rdkit_descriptors,8,1
rdkit_Chi0n,0.012368205934762955,model_feature_importances,XGBoost,provided_plus_rdkit_descriptors,8,1
rdkit_Chi0v,0.017338864505290985,model_feature_importances,XGBoost,provided_plus_rdkit_descriptors,8,1
rdkit_Chi1,0.0074163759127259254,model_feature_importances,XGBoost,provided_plus_rdkit_descriptors,8,1
rdkit_Chi1n,0.00020161127031315118,model_feature_importances,XGBoost,provided_plus_rdkit_descriptors,8,1
rdkit_Chi1v,0.0018654478481039405,model_feature_importances,XGBoost,provided_plus_rdkit_descriptors,8,1
rdkit_Chi2n,0.0038276039995253086,model_feature_importances,XGBoost,provided_plus_rdkit_descriptors,8,1
rdkit_Chi2v,0.0006764754070900381,model_feature_importances,XGBoost,provided_plus_rdkit_descriptors,8,1
rdkit_Chi3n,0.0006562754861079156,model_feature_importances,XGBoost,provided_plus_rdkit_descriptors,8,1
rdkit_Chi3v,0.001302212942391634,model_feature_importances,XGBoost,provided_plus_rdkit_descriptors,8,1
rdkit_Chi4n,0.0009543217602185905,model_feature_importances,XGBoost,provided_plus_rdkit_descriptors,8,1
rdkit_Chi4v,0.0020400756038725376,model_feature_importances,XGBoost,provided_plus_rdkit_descriptors,8,1
rdkit_HallKierAlpha,0.052589744329452515,model_feature_importances,XGBoost,provided_plus_rdkit_descriptors,8,1
rdkit_Ipc,0.0010966199915856123,model_feature_importances,XGBoost,provided_plus_rdkit_descriptors,8,1
rdkit_Kappa1,0.0035998953972011805,model_feature_importances,XGBoost,provided_plus_rdkit_descriptors,8,1
rdkit_Kappa2,0.0012117503210902214,model_feature_importances,XGBoost,provided_plus_rdkit_descriptors,8,1
rdkit_Kappa3,0.0030713952146470547,model_feature_importances,XGBoost,provided_plus_rdkit_descriptors,8,1
rdkit_LabuteASA,0.00010813349217642099,model_feature_importances,XGBoost,provided_plus_rdkit_descriptors,8,1
rdkit_PEOE_VSA1,0.0008144343737512827,model_feature_importances,XGBoost,provided_plus_rdkit_descriptors,8,1
rdkit_PEOE_VSA10,0.0003993786231148988,model_feature_importances,XGBoost,provided_plus_rdkit_descriptors,8,1
rdkit_PEOE_VSA11,0.004253975115716457,model_feature_importances,XGBoost,provided_plus_rdkit_descriptors,8,1
rdkit_PEOE_VSA12,6.227456469787285e-05,model_feature_importances,XGBoost,provided_plus_rdkit_descriptors,8,1
rdkit_PEOE_VSA14,0.0,model_feature_importances,XGBoost,provided_plus_rdkit_descriptors,8,1
rdkit_PEOE_VSA2,0.0009443958988413215,model_feature_importances,XGBoost,provided_plus_rdkit_descriptors,8,1
rdkit_PEOE_VSA3,0.0,model_feature_importances,XGBoost,provided_plus_rdkit_descriptors,8,1
rdkit_PEOE_VSA5,0.0,model_feature_importances,XGBoost,provided_plus_rdkit_descriptors,8,1
rdkit_PEOE_VSA6,0.0,model_feature_importances,XGBoost,provided_plus_rdkit_descriptors,8,1
rdkit_PEOE_VSA7,0.00023836814216338098,model_feature_importances,XGBoost,provided_plus_rdkit_descriptors,8,1
rdkit_PEOE_VSA8,0.0,model_feature_importances,XGBoost,provided_plus_rdkit_descriptors,8,1
rdkit_PEOE_VSA9,0.007121399976313114,model_feature_importances,XGBoost,provided_plus_rdkit_descriptors,8,1
rdkit_SMR_VSA1,0.003709197975695133,model_feature_importances,XGBoost,provided_plus_rdkit_descriptors,8,1
rdkit_SMR_VSA10,0.0011773037258535624,model_feature_importances,XGBoost,provided_plus_rdkit_descriptors,8,1
rdkit_SMR_VSA3,0.0,model_feature_importances,XGBoost,provided_plus_rdkit_descriptors,8,1
rdkit_SMR_VSA4,0.00015433084627147764,model_feature_importances,XGBoost,provided_plus_rdkit_descriptors,8,1
rdkit_SMR_VSA5,0.0010095437755808234,model_feature_importances,XGBoost,provided_plus_rdkit_descriptors,8,1
rdkit_SMR_VSA6,0.0003289394953753799,model_feature_importances,XGBoost,provided_plus_rdkit_descriptors,8,1
rdkit_SMR_VSA7,0.0,model_feature_importances,XGBoost,provided_plus_rdkit_descriptors,8,1
rdkit_SlogP_VSA1,0.0009827895555645227,model_feature_importances,XGBoost,provided_plus_rdkit_descriptors,8,1
rdkit_SlogP_VSA12,0.0,model_feature_importances,XGBoost,provided_plus_rdkit_descriptors,8,1
rdkit_SlogP_VSA2,0.0005169262876734138,model_feature_importances,XGBoost,provided_plus_rdkit_descriptors,8,1
rdkit_SlogP_VSA3,0.07678508013486862,model_feature_importances,XGBoost,provided_plus_rdkit_descriptors,8,1
rdkit_SlogP_VSA4,0.0,model_feature_importances,XGBoost,provided_plus_rdkit_descriptors,8,1
rdkit_SlogP_VSA5,0.0016534014139324427,model_feature_importances,XGBoost,provided_plus_rdkit_descriptors,8,1
rdkit_SlogP_VSA6,0.0,model_feature_importances,XGBoost,provided_plus_rdkit_descriptors,8,1
rdkit_TPSA,0.0,model_feature_importances,XGBoost,provided_plus_rdkit_descriptors,8,1
rdkit_EState_VSA1,0.001200667698867619,model_feature_importances,XGBoost,provided_plus_rdkit_descriptors,8,1
rdkit_EState_VSA10,0.32108157873153687,model_feature_importances,XGBoost,provided_plus_rdkit_descriptors,8,1
rdkit_EState_VSA2,0.013699425384402275,model_feature_importances,XGBoost,provided_plus_rdkit_descriptors,8,1
rdkit_EState_VSA3,0.003798905061557889,model_feature_importances,XGBoost,provided_plus_rdkit_descriptors,8,1
rdkit_EState_VSA4,0.0,model_feature_importances,XGBoost,provided_plus_rdkit_descriptors,8,1
rdkit_EState_VSA5,0.0002415149356238544,model_feature_importances,XGBoost,provided_plus_rdkit_descriptors,8,1
rdkit_EState_VSA6,0.0,model_feature_importances,XGBoost,provided_plus_rdkit_descriptors,8,1
rdkit_EState_VSA7,0.0,model_feature_importances,XGBoost,provided_plus_rdkit_descriptors,8,1
rdkit_EState_VSA8,0.0009793860372155905,model_feature_importances,XGBoost,provided_plus_rdkit_descriptors,8,1
rdkit_EState_VSA9,0.004464107099920511,model_feature_importances,XGBoost,provided_plus_rdkit_descriptors,8,1
rdkit_VSA_EState1,0.000859745021443814,model_feature_importances,XGBoost,provided_plus_rdkit_descriptors,8,1
rdkit_VSA_EState10,0.0,model_feature_importances,XGBoost,provided_plus_rdkit_descriptors,8,1
rdkit_VSA_EState2,0.010448116809129715,model_feature_importances,XGBoost,provided_plus_rdkit_descriptors,8,1
rdkit_VSA_EState3,0.050349872559309006,model_feature_importances,XGBoost,provided_plus_rdkit_descriptors,8,1
rdkit_VSA_EState4,0.0,model_feature_importances,XGBoost,provided_plus_rdkit_descriptors,8,1
rdkit_VSA_EState5,0.005948071833699942,model_feature_importances,XGBoost,provided_plus_rdkit_descriptors,8,1
rdkit_VSA_EState6,0.0,model_feature_importances,XGBoost,provided_plus_rdkit_descriptors,8,1
rdkit_VSA_EState7,0.012639009393751621,model_feature_importances,XGBoost,provided_plus_rdkit_descriptors,8,1
rdkit_VSA_EState8,0.03352564573287964,model_feature_importances,XGBoost,provided_plus_rdkit_descriptors,8,1
rdkit_VSA_EState9,0.0,model_feature_importances,XGBoost,provided_plus_rdkit_descriptors,8,1
rdkit_FractionCSP3,0.002067149616777897,model_feature_importances,XGBoost,provided_plus_rdkit_descriptors,8,1
rdkit_HeavyAtomCount,0.0,model_feature_importances,XGBoost,provided_plus_rdkit_descriptors,8,1
rdkit_NHOHCount,0.009995313361287117,model_feature_importances,XGBoost,provided_plus_rdkit_descriptors,8,1
rdkit_NOCount,0.0,model_feature_importances,XGBoost,provided_plus_rdkit_descriptors,8,1
rdkit_NumAliphaticCarbocycles,0.0,model_feature_importances,XGBoost,provided_plus_rdkit_descriptors,8,1
rdkit_NumAliphaticHeterocycles,0.0,model_feature_importances,XGBoost,provided_plus_rdkit_descriptors,8,1
rdkit_NumAliphaticRings,0.0,model_feature_importances,XGBoost,provided_plus_rdkit_descriptors,8,1
rdkit_NumAmideBonds,0.0,model_feature_importances,XGBoost,provided_plus_rdkit_descriptors,8,1
rdkit_NumAtomStereoCenters,0.0011741493362933397,model_feature_importances,XGBoost,provided_plus_rdkit_descriptors,8,1
rdkit_NumBridgeheadAtoms,0.0,model_feature_importances,XGBoost,provided_plus_rdkit_descriptors,8,1
rdkit_NumHAcceptors,0.0,model_feature_importances,XGBoost,provided_plus_rdkit_descriptors,8,1
rdkit_NumHDonors,0.0,model_feature_importances,XGBoost,provided_plus_rdkit_descriptors,8,1
rdkit_NumHeteroatoms,0.0,model_feature_importances,XGBoost,provided_plus_rdkit_descriptors,8,1
rdkit_NumHeterocycles,0.0,model_feature_importances,XGBoost,provided_plus_rdkit_descriptors,8,1
rdkit_NumRotatableBonds,0.00031727540772408247,model_feature_importances,XGBoost,provided_plus_rdkit_descriptors,8,1
rdkit_NumSaturatedCarbocycles,0.0,model_feature_importances,XGBoost,provided_plus_rdkit_descriptors,8,1
rdkit_NumSaturatedHeterocycles,0.0,model_feature_importances,XGBoost,provided_plus_rdkit_descriptors,8,1
rdkit_NumSaturatedRings,0.0,model_feature_importances,XGBoost,provided_plus_rdkit_descriptors,8,1
rdkit_NumUnspecifiedAtomStereoCenters,0.011587620712816715,model_feature_importances,XGBoost,provided_plus_rdkit_descriptors,8,1
rdkit_Phi,0.0,model_feature_importances,XGBoost,provided_plus_rdkit_descriptors,8,1
rdkit_RingCount,0.0,model_feature_importances,XGBoost,provided_plus_rdkit_descriptors,8,1
rdkit_MolLogP,0.0236560869961977,model_feature_importances,XGBoost,provided_plus_rdkit_descriptors,8,1
rdkit_MolMR,0.004113062750548124,model_feature_importances,XGBoost,provided_plus_rdkit_descriptors,8,1
rdkit_fr_Al_COO,0.0,model_feature_importances,XGBoost,provided_plus_rdkit_descriptors,8,1
rdkit_fr_Al_OH,0.037226758897304535,model_feature_importances,XGBoost,provided_plus_rdkit_descriptors,8,1
rdkit_fr_Al_OH_noTert,0.0,model_feature_importances,XGBoost,provided_plus_rdkit_descriptors,8,1
rdkit_fr_COO,0.0,model_feature_importances,XGBoost,provided_plus_rdkit_descriptors,8,1
rdkit_fr_COO2,0.0,model_feature_importances,XGBoost,provided_plus_rdkit_descriptors,8,1
rdkit_fr_C_O,0.0,model_feature_importances,XGBoost,provided_plus_rdkit_descriptors,8,1
rdkit_fr_C_O_noCOO,0.0,model_feature_importances,XGBoost,provided_plus_rdkit_descriptors,8,1
rdkit_fr_NH1,0.0,model_feature_importances,XGBoost,provided_plus_rdkit_descriptors,8,1
rdkit_fr_NH2,0.0,model_feature_importances,XGBoost,provided_plus_rdkit_descriptors,8,1
rdkit_fr_aldehyde,0.0024167464580386877,model_feature_importances,XGBoost,provided_plus_rdkit_descriptors,8,1
rdkit_fr_alkyl_halide,0.0,model_feature_importances,XGBoost,provided_plus_rdkit_descriptors,8,1
rdkit_fr_allylic_oxid,0.0,model_feature_importances,XGBoost,provided_plus_rdkit_descriptors,8,1
rdkit_fr_amide,0.0,model_feature_importances,XGBoost,provided_plus_rdkit_descriptors,8,1
rdkit_fr_bicyclic,0.0,model_feature_importances,XGBoost,provided_plus_rdkit_descriptors,8,1
rdkit_fr_ether,0.0009021530277095735,model_feature_importances,XGBoost,provided_plus_rdkit_descriptors,8,1
rdkit_fr_halogen,0.0,model_feature_importances,XGBoost,provided_plus_rdkit_descriptors,8,1
rdkit_fr_ketone,0.0,model_feature_importances,XGBoost,provided_plus_rdkit_descriptors,8,1
rdkit_fr_ketone_Topliss,0.0,model_feature_importances,XGBoost,provided_plus_rdkit_descriptors,8,1
rdkit_fr_methoxy,0.0,model_feature_importances,XGBoost,provided_plus_rdkit_descriptors,8,1
rdkit_fr_phos_acid,0.0,model_feature_importances,XGBoost,provided_plus_rdkit_descriptors,8,1
rdkit_fr_phos_ester,0.0,model_feature_importances,XGBoost,provided_plus_rdkit_descriptors,8,1
Molecular weight (Da),0.0026233308017253876,model_feature_importances,XGBoost,provided_plus_rdkit_descriptors,8,2
Solubility (mg/mL),0.012957940809428692,model_feature_importances,XGBoost,provided_plus_rdkit_descriptors,8,2
"Glass transition temperature (Tg, degC)",0.0037360715214163065,model_feature_importances,XGBoost,provided_plus_rdkit_descriptors,8,2
Viscosity (mPa.s),0.0014946339651942253,model_feature_importances,XGBoost,provided_plus_rdkit_descriptors,8,2
Concentration (% w/v),0.00385782727971673,model_feature_importances,XGBoost,provided_plus_rdkit_descriptors,8,2
rdkit_MaxAbsEStateIndex,0.00672720605507493,model_feature_importances,XGBoost,provided_plus_rdkit_descriptors,8,2
rdkit_MaxEStateIndex,0.0,model_feature_importances,XGBoost,provided_plus_rdkit_descriptors,8,2
rdkit_MinAbsEStateIndex,0.0038525392301380634,model_feature_importances,XGBoost,provided_plus_rdkit_descriptors,8,2
rdkit_MinEStateIndex,0.011219511739909649,model_feature_importances,XGBoost,provided_plus_rdkit_descriptors,8,2
rdkit_qed,0.006778986193239689,model_feature_importances,XGBoost,provided_plus_rdkit_descriptors,8,2
rdkit_SPS,0.016604626551270485,model_feature_importances,XGBoost,provided_plus_rdkit_descriptors,8,2
rdkit_MolWt,0.0,model_feature_importances,XGBoost,provided_plus_rdkit_descriptors,8,2
rdkit_HeavyAtomMolWt,0.0,model_feature_importances,XGBoost,provided_plus_rdkit_descriptors,8,2
rdkit_ExactMolWt,0.0,model_feature_importances,XGBoost,provided_plus_rdkit_descriptors,8,2
rdkit_NumValenceElectrons,0.00013023251085542142,model_feature_importances,XGBoost,provided_plus_rdkit_descriptors,8,2
rdkit_MaxPartialCharge,0.02671392820775509,model_feature_importances,XGBoost,provided_plus_rdkit_descriptors,8,2
rdkit_MinPartialCharge,0.006651644129306078,model_feature_importances,XGBoost,provided_plus_rdkit_descriptors,8,2
rdkit_MaxAbsPartialCharge,0.002649625763297081,model_feature_importances,XGBoost,provided_plus_rdkit_descriptors,8,2
rdkit_MinAbsPartialCharge,0.0,model_feature_importances,XGBoost,provided_plus_rdkit_descriptors,8,2
rdkit_FpDensityMorgan1,0.0031778402626514435,model_feature_importances,XGBoost,provided_plus_rdkit_descriptors,8,2
rdkit_FpDensityMorgan2,0.00683751842007041,model_feature_importances,XGBoost,provided_plus_rdkit_descriptors,8,2
rdkit_FpDensityMorgan3,0.010146409273147583,model_feature_importances,XGBoost,provided_plus_rdkit_descriptors,8,2
rdkit_BCUT2D_MWHI,0.0014152928488329053,model_feature_importances,XGBoost,provided_plus_rdkit_descriptors,8,2
rdkit_BCUT2D_MWLOW,0.004466918297111988,model_feature_importances,XGBoost,provided_plus_rdkit_descriptors,8,2
rdkit_BCUT2D_CHGHI,0.004259174223989248,model_feature_importances,XGBoost,provided_plus_rdkit_descriptors,8,2
rdkit_BCUT2D_CHGLO,0.002770475810393691,model_feature_importances,XGBoost,provided_plus_rdkit_descriptors,8,2
rdkit_BCUT2D_LOGPHI,0.040410805493593216,model_feature_importances,XGBoost,provided_plus_rdkit_descriptors,8,2
rdkit_BCUT2D_LOGPLOW,0.0011657230788841844,model_feature_importances,XGBoost,provided_plus_rdkit_descriptors,8,2
rdkit_BCUT2D_MRHI,0.003003541612997651,model_feature_importances,XGBoost,provided_plus_rdkit_descriptors,8,2
rdkit_BCUT2D_MRLOW,0.010146238841116428,model_feature_importances,XGBoost,provided_plus_rdkit_descriptors,8,2
rdkit_AvgIpc,0.013239739462733269,model_feature_importances,XGBoost,provided_plus_rdkit_descriptors,8,2
rdkit_BalabanJ,0.0012749953893944621,model_feature_importances,XGBoost,provided_plus_rdkit_descriptors,8,2
rdkit_BertzCT,0.015376783907413483,model_feature_importances,XGBoost,provided_plus_rdkit_descriptors,8,2
rdkit_Chi0,0.01372707448899746,model_feature_importances,XGBoost,provided_plus_rdkit_descriptors,8,2
rdkit_Chi0n,0.0021256308536976576,model_feature_importances,XGBoost,provided_plus_rdkit_descriptors,8,2
rdkit_Chi0v,0.05831000953912735,model_feature_importances,XGBoost,provided_plus_rdkit_descriptors,8,2
rdkit_Chi1,0.0009264975087717175,model_feature_importances,XGBoost,provided_plus_rdkit_descriptors,8,2
rdkit_Chi1n,0.001056624110788107,model_feature_importances,XGBoost,provided_plus_rdkit_descriptors,8,2
rdkit_Chi1v,0.006190808489918709,model_feature_importances,XGBoost,provided_plus_rdkit_descriptors,8,2
rdkit_Chi2n,0.0017722641350701451,model_feature_importances,XGBoost,provided_plus_rdkit_descriptors,8,2
rdkit_Chi2v,0.0005228064837865531,model_feature_importances,XGBoost,provided_plus_rdkit_descriptors,8,2
rdkit_Chi3n,6.326132279355079e-05,model_feature_importances,XGBoost,provided_plus_rdkit_descriptors,8,2
rdkit_Chi3v,0.0013724875170737505,model_feature_importances,XGBoost,provided_plus_rdkit_descriptors,8,2
rdkit_Chi4n,0.0007203697459772229,model_feature_importances,XGBoost,provided_plus_rdkit_descriptors,8,2
rdkit_Chi4v,0.00200462294742465,model_feature_importances,XGBoost,provided_plus_rdkit_descriptors,8,2
rdkit_HallKierAlpha,0.00549629470333457,model_feature_importances,XGBoost,provided_plus_rdkit_descriptors,8,2
rdkit_Ipc,0.015567763708531857,model_feature_importances,XGBoost,provided_plus_rdkit_descriptors,8,2
rdkit_Kappa1,0.0009792828932404518,model_feature_importances,XGBoost,provided_plus_rdkit_descriptors,8,2
rdkit_Kappa2,0.014766399748623371,model_feature_importances,XGBoost,provided_plus_rdkit_descriptors,8,2
rdkit_Kappa3,0.0026807787362486124,model_feature_importances,XGBoost,provided_plus_rdkit_descriptors,8,2
rdkit_LabuteASA,0.0,model_feature_importances,XGBoost,provided_plus_rdkit_descriptors,8,2
rdkit_PEOE_VSA1,0.00507044093683362,model_feature_importances,XGBoost,provided_plus_rdkit_descriptors,8,2
rdkit_PEOE_VSA10,0.00013497787585947663,model_feature_importances,XGBoost,provided_plus_rdkit_descriptors,8,2
rdkit_PEOE_VSA11,0.006415008567273617,model_feature_importances,XGBoost,provided_plus_rdkit_descriptors,8,2
rdkit_PEOE_VSA12,0.027478240430355072,model_feature_importances,XGBoost,provided_plus_rdkit_descriptors,8,2
rdkit_PEOE_VSA14,0.0,model_feature_importances,XGBoost,provided_plus_rdkit_descriptors,8,2
rdkit_PEOE_VSA2,0.00011495496437419206,model_feature_importances,XGBoost,provided_plus_rdkit_descriptors,8,2
rdkit_PEOE_VSA3,0.0,model_feature_importances,XGBoost,provided_plus_rdkit_descriptors,8,2
rdkit_PEOE_VSA5,0.0,model_feature_importances,XGBoost,provided_plus_rdkit_descriptors,8,2
rdkit_PEOE_VSA6,0.0,model_feature_importances,XGBoost,provided_plus_rdkit_descriptors,8,2
rdkit_PEOE_VSA7,0.0,model_feature_importances,XGBoost,provided_plus_rdkit_descriptors,8,2
rdkit_PEOE_VSA8,0.04539548233151436,model_feature_importances,XGBoost,provided_plus_rdkit_descriptors,8,2
rdkit_PEOE_VSA9,0.00039200784522108734,model_feature_importances,XGBoost,provided_plus_rdkit_descriptors,8,2
rdkit_SMR_VSA1,0.0,model_feature_importances,XGBoost,provided_plus_rdkit_descriptors,8,2
rdkit_SMR_VSA10,0.004870310891419649,model_feature_importances,XGBoost,provided_plus_rdkit_descriptors,8,2
rdkit_SMR_VSA3,0.0,model_feature_importances,XGBoost,provided_plus_rdkit_descriptors,8,2
rdkit_SMR_VSA4,0.0,model_feature_importances,XGBoost,provided_plus_rdkit_descriptors,8,2
rdkit_SMR_VSA5,0.0003315340436529368,model_feature_importances,XGBoost,provided_plus_rdkit_descriptors,8,2
rdkit_SMR_VSA6,0.0006904561305418611,model_feature_importances,XGBoost,provided_plus_rdkit_descriptors,8,2
rdkit_SMR_VSA7,0.0,model_feature_importances,XGBoost,provided_plus_rdkit_descriptors,8,2
rdkit_SlogP_VSA1,0.0010440662736073136,model_feature_importances,XGBoost,provided_plus_rdkit_descriptors,8,2
rdkit_SlogP_VSA12,0.0,model_feature_importances,XGBoost,provided_plus_rdkit_descriptors,8,2
rdkit_SlogP_VSA2,0.006323876790702343,model_feature_importances,XGBoost,provided_plus_rdkit_descriptors,8,2
rdkit_SlogP_VSA3,0.05915477126836777,model_feature_importances,XGBoost,provided_plus_rdkit_descriptors,8,2
rdkit_SlogP_VSA4,0.0,model_feature_importances,XGBoost,provided_plus_rdkit_descriptors,8,2
rdkit_SlogP_VSA5,0.0021266601979732513,model_feature_importances,XGBoost,provided_plus_rdkit_descriptors,8,2
rdkit_SlogP_VSA6,0.0,model_feature_importances,XGBoost,provided_plus_rdkit_descriptors,8,2
rdkit_TPSA,0.0,model_feature_importances,XGBoost,provided_plus_rdkit_descriptors,8,2
rdkit_EState_VSA1,0.01730102300643921,model_feature_importances,XGBoost,provided_plus_rdkit_descriptors,8,2
rdkit_EState_VSA10,0.29415130615234375,model_feature_importances,XGBoost,provided_plus_rdkit_descriptors,8,2
rdkit_EState_VSA2,0.0027615707367658615,model_feature_importances,XGBoost,provided_plus_rdkit_descriptors,8,2
rdkit_EState_VSA3,0.0005580526776611805,model_feature_importances,XGBoost,provided_plus_rdkit_descriptors,8,2
rdkit_EState_VSA4,0.0,model_feature_importances,XGBoost,provided_plus_rdkit_descriptors,8,2
rdkit_EState_VSA5,0.002196609042584896,model_feature_importances,XGBoost,provided_plus_rdkit_descriptors,8,2
rdkit_EState_VSA6,0.0,model_feature_importances,XGBoost,provided_plus_rdkit_descriptors,8,2
rdkit_EState_VSA7,0.0,model_feature_importances,XGBoost,provided_plus_rdkit_descriptors,8,2
rdkit_EState_VSA8,0.00034747342579066753,model_feature_importances,XGBoost,provided_plus_rdkit_descriptors,8,2
rdkit_EState_VSA9,0.011003891937434673,model_feature_importances,XGBoost,provided_plus_rdkit_descriptors,8,2
rdkit_VSA_EState1,0.0003163119836244732,model_feature_importances,XGBoost,provided_plus_rdkit_descriptors,8,2
rdkit_VSA_EState10,0.0,model_feature_importances,XGBoost,provided_plus_rdkit_descriptors,8,2
rdkit_VSA_EState2,0.03699726238846779,model_feature_importances,XGBoost,provided_plus_rdkit_descriptors,8,2
rdkit_VSA_EState3,0.006114050280302763,model_feature_importances,XGBoost,provided_plus_rdkit_descriptors,8,2
rdkit_VSA_EState4,0.0,model_feature_importances,XGBoost,provided_plus_rdkit_descriptors,8,2
rdkit_VSA_EState5,0.0003608659899327904,model_feature_importances,XGBoost,provided_plus_rdkit_descriptors,8,2
rdkit_VSA_EState6,0.0,model_feature_importances,XGBoost,provided_plus_rdkit_descriptors,8,2
rdkit_VSA_EState7,0.0214473195374012,model_feature_importances,XGBoost,provided_plus_rdkit_descriptors,8,2
rdkit_VSA_EState8,0.04535533860325813,model_feature_importances,XGBoost,provided_plus_rdkit_descriptors,8,2
rdkit_VSA_EState9,0.0,model_feature_importances,XGBoost,provided_plus_rdkit_descriptors,8,2
rdkit_FractionCSP3,0.00020017576753161848,model_feature_importances,XGBoost,provided_plus_rdkit_descriptors,8,2
rdkit_HeavyAtomCount,0.0,model_feature_importances,XGBoost,provided_plus_rdkit_descriptors,8,2
rdkit_NHOHCount,0.00850088894367218,model_feature_importances,XGBoost,provided_plus_rdkit_descriptors,8,2
rdkit_NOCount,0.0,model_feature_importances,XGBoost,provided_plus_rdkit_descriptors,8,2
rdkit_NumAliphaticCarbocycles,0.0,model_feature_importances,XGBoost,provided_plus_rdkit_descriptors,8,2
rdkit_NumAliphaticHeterocycles,0.0,model_feature_importances,XGBoost,provided_plus_rdkit_descriptors,8,2
rdkit_NumAliphaticRings,0.0,model_feature_importances,XGBoost,provided_plus_rdkit_descriptors,8,2
rdkit_NumAmideBonds,0.0,model_feature_importances,XGBoost,provided_plus_rdkit_descriptors,8,2
rdkit_NumAtomStereoCenters,0.0071630883030593395,model_feature_importances,XGBoost,provided_plus_rdkit_descriptors,8,2
rdkit_NumBridgeheadAtoms,0.0,model_feature_importances,XGBoost,provided_plus_rdkit_descriptors,8,2
rdkit_NumHAcceptors,0.0,model_feature_importances,XGBoost,provided_plus_rdkit_descriptors,8,2
rdkit_NumHDonors,0.0,model_feature_importances,XGBoost,provided_plus_rdkit_descriptors,8,2
rdkit_NumHeteroatoms,0.0009023950551636517,model_feature_importances,XGBoost,provided_plus_rdkit_descriptors,8,2
rdkit_NumHeterocycles,0.0,model_feature_importances,XGBoost,provided_plus_rdkit_descriptors,8,2
rdkit_NumRotatableBonds,0.00035011113504879177,model_feature_importances,XGBoost,provided_plus_rdkit_descriptors,8,2
rdkit_NumSaturatedCarbocycles,0.0,model_feature_importances,XGBoost,provided_plus_rdkit_descriptors,8,2
rdkit_NumSaturatedHeterocycles,0.0,model_feature_importances,XGBoost,provided_plus_rdkit_descriptors,8,2
rdkit_NumSaturatedRings,0.0,model_feature_importances,XGBoost,provided_plus_rdkit_descriptors,8,2
rdkit_NumUnspecifiedAtomStereoCenters,0.0047144643031060696,model_feature_importances,XGBoost,provided_plus_rdkit_descriptors,8,2
rdkit_Phi,0.0006602647481486201,model_feature_importances,XGBoost,provided_plus_rdkit_descriptors,8,2
rdkit_RingCount,0.0,model_feature_importances,XGBoost,provided_plus_rdkit_descriptors,8,2
rdkit_MolLogP,0.020142467692494392,model_feature_importances,XGBoost,provided_plus_rdkit_descriptors,8,2
rdkit_MolMR,0.006510893348604441,model_feature_importances,XGBoost,provided_plus_rdkit_descriptors,8,2
rdkit_fr_Al_COO,0.0,model_feature_importances,XGBoost,provided_plus_rdkit_descriptors,8,2
rdkit_fr_Al_OH,0.0,model_feature_importances,XGBoost,provided_plus_rdkit_descriptors,8,2
rdkit_fr_Al_OH_noTert,0.0,model_feature_importances,XGBoost,provided_plus_rdkit_descriptors,8,2
rdkit_fr_COO,0.0,model_feature_importances,XGBoost,provided_plus_rdkit_descriptors,8,2
rdkit_fr_COO2,0.0,model_feature_importances,XGBoost,provided_plus_rdkit_descriptors,8,2
rdkit_fr_C_O,0.0,model_feature_importances,XGBoost,provided_plus_rdkit_descriptors,8,2
rdkit_fr_C_O_noCOO,0.0,model_feature_importances,XGBoost,provided_plus_rdkit_descriptors,8,2
rdkit_fr_NH1,0.0,model_feature_importances,XGBoost,provided_plus_rdkit_descriptors,8,2
rdkit_fr_NH2,0.0,model_feature_importances,XGBoost,provided_plus_rdkit_descriptors,8,2
rdkit_fr_aldehyde,0.0004288084455765784,model_feature_importances,XGBoost,provided_plus_rdkit_descriptors,8,2
rdkit_fr_alkyl_halide,0.0,model_feature_importances,XGBoost,provided_plus_rdkit_descriptors,8,2
rdkit_fr_allylic_oxid,0.0,model_feature_importances,XGBoost,provided_plus_rdkit_descriptors,8,2
rdkit_fr_amide,0.0,model_feature_importances,XGBoost,provided_plus_rdkit_descriptors,8,2
rdkit_fr_bicyclic,0.0,model_feature_importances,XGBoost,provided_plus_rdkit_descriptors,8,2
rdkit_fr_ether,0.0,model_feature_importances,XGBoost,provided_plus_rdkit_descriptors,8,2
rdkit_fr_halogen,0.0,model_feature_importances,XGBoost,provided_plus_rdkit_descriptors,8,2
rdkit_fr_ketone,0.0,model_feature_importances,XGBoost,provided_plus_rdkit_descriptors,8,2
rdkit_fr_ketone_Topliss,0.0,model_feature_importances,XGBoost,provided_plus_rdkit_descriptors,8,2
rdkit_fr_methoxy,0.0,model_feature_importances,XGBoost,provided_plus_rdkit_descriptors,8,2
rdkit_fr_phos_acid,0.0,model_feature_importances,XGBoost,provided_plus_rdkit_descriptors,8,2
rdkit_fr_phos_ester,0.0,model_feature_importances,XGBoost,provided_plus_rdkit_descriptors,8,2
Molecular weight (Da),0.006543492898344994,model_feature_importances,XGBoost,provided_plus_rdkit_descriptors,8,3
Solubility (mg/mL),0.013840463943779469,model_feature_importances,XGBoost,provided_plus_rdkit_descriptors,8,3
"Glass transition temperature (Tg, degC)",0.006128173787146807,model_feature_importances,XGBoost,provided_plus_rdkit_descriptors,8,3
Viscosity (mPa.s),0.0015731127932667732,model_feature_importances,XGBoost,provided_plus_rdkit_descriptors,8,3
Concentration (% w/v),0.0045804353430867195,model_feature_importances,XGBoost,provided_plus_rdkit_descriptors,8,3
rdkit_MaxAbsEStateIndex,0.0036835498176515102,model_feature_importances,XGBoost,provided_plus_rdkit_descriptors,8,3
rdkit_MaxEStateIndex,0.0,model_feature_importances,XGBoost,provided_plus_rdkit_descriptors,8,3
rdkit_MinAbsEStateIndex,0.008772310800850391,model_feature_importances,XGBoost,provided_plus_rdkit_descriptors,8,3
rdkit_MinEStateIndex,0.005186113063246012,model_feature_importances,XGBoost,provided_plus_rdkit_descriptors,8,3
rdkit_qed,0.005077086854726076,model_feature_importances,XGBoost,provided_plus_rdkit_descriptors,8,3
rdkit_SPS,0.02025831677019596,model_feature_importances,XGBoost,provided_plus_rdkit_descriptors,8,3
rdkit_MolWt,0.0,model_feature_importances,XGBoost,provided_plus_rdkit_descriptors,8,3
rdkit_HeavyAtomMolWt,0.0,model_feature_importances,XGBoost,provided_plus_rdkit_descriptors,8,3
rdkit_ExactMolWt,0.0,model_feature_importances,XGBoost,provided_plus_rdkit_descriptors,8,3
rdkit_NumValenceElectrons,0.0009883586317300797,model_feature_importances,XGBoost,provided_plus_rdkit_descriptors,8,3
rdkit_MaxPartialCharge,0.02274661883711815,model_feature_importances,XGBoost,provided_plus_rdkit_descriptors,8,3
rdkit_MinPartialCharge,0.003973862621933222,model_feature_importances,XGBoost,provided_plus_rdkit_descriptors,8,3
rdkit_MaxAbsPartialCharge,0.0022510597482323647,model_feature_importances,XGBoost,provided_plus_rdkit_descriptors,8,3
rdkit_MinAbsPartialCharge,0.0,model_feature_importances,XGBoost,provided_plus_rdkit_descriptors,8,3
rdkit_FpDensityMorgan1,0.0026729770470410585,model_feature_importances,XGBoost,provided_plus_rdkit_descriptors,8,3
rdkit_FpDensityMorgan2,0.001154010184109211,model_feature_importances,XGBoost,provided_plus_rdkit_descriptors,8,3
rdkit_FpDensityMorgan3,0.006410170346498489,model_feature_importances,XGBoost,provided_plus_rdkit_descriptors,8,3
rdkit_BCUT2D_MWHI,0.0019319282146170735,model_feature_importances,XGBoost,provided_plus_rdkit_descriptors,8,3
rdkit_BCUT2D_MWLOW,0.007380260154604912,model_feature_importances,XGBoost,provided_plus_rdkit_descriptors,8,3
rdkit_BCUT2D_CHGHI,0.014099931344389915,model_feature_importances,XGBoost,provided_plus_rdkit_descriptors,8,3
rdkit_BCUT2D_CHGLO,0.018078584223985672,model_feature_importances,XGBoost,provided_plus_rdkit_descriptors,8,3
rdkit_BCUT2D_LOGPHI,0.0,model_feature_importances,XGBoost,provided_plus_rdkit_descriptors,8,3
rdkit_BCUT2D_LOGPLOW,0.00035854370798915625,model_feature_importances,XGBoost,provided_plus_rdkit_descriptors,8,3
rdkit_BCUT2D_MRHI,0.0024055878166109324,model_feature_importances,XGBoost,provided_plus_rdkit_descriptors,8,3
rdkit_BCUT2D_MRLOW,0.0026430836878716946,model_feature_importances,XGBoost,provided_plus_rdkit_descriptors,8,3
rdkit_AvgIpc,0.02228439226746559,model_feature_importances,XGBoost,provided_plus_rdkit_descriptors,8,3
rdkit_BalabanJ,0.0071264044381678104,model_feature_importances,XGBoost,provided_plus_rdkit_descriptors,8,3
rdkit_BertzCT,0.0035227027256041765,model_feature_importances,XGBoost,provided_plus_rdkit_descriptors,8,3
rdkit_Chi0,0.0,model_feature_importances,XGBoost,provided_plus_rdkit_descriptors,8,3
rdkit_Chi0n,0.0005054609500803053,model_feature_importances,XGBoost,provided_plus_rdkit_descriptors,8,3
rdkit_Chi0v,0.031648989766836166,model_feature_importances,XGBoost,provided_plus_rdkit_descriptors,8,3
rdkit_Chi1,0.0018407056340947747,model_feature_importances,XGBoost,provided_plus_rdkit_descriptors,8,3
rdkit_Chi1n,0.004741213750094175,model_feature_importances,XGBoost,provided_plus_rdkit_descriptors,8,3
rdkit_Chi1v,0.0,model_feature_importances,XGBoost,provided_plus_rdkit_descriptors,8,3
rdkit_Chi2n,0.0,model_feature_importances,XGBoost,provided_plus_rdkit_descriptors,8,3
rdkit_Chi2v,0.0,model_feature_importances,XGBoost,provided_plus_rdkit_descriptors,8,3
rdkit_Chi3n,0.00040984697989188135,model_feature_importances,XGBoost,provided_plus_rdkit_descriptors,8,3
rdkit_Chi3v,0.00013607519213110209,model_feature_importances,XGBoost,provided_plus_rdkit_descriptors,8,3
rdkit_Chi4n,0.0023673316463828087,model_feature_importances,XGBoost,provided_plus_rdkit_descriptors,8,3
rdkit_Chi4v,0.001522317063063383,model_feature_importances,XGBoost,provided_plus_rdkit_descriptors,8,3
rdkit_HallKierAlpha,0.03500404581427574,model_feature_importances,XGBoost,provided_plus_rdkit_descriptors,8,3
rdkit_Ipc,0.0009486536146141589,model_feature_importances,XGBoost,provided_plus_rdkit_descriptors,8,3
rdkit_Kappa1,0.004924760200083256,model_feature_importances,XGBoost,provided_plus_rdkit_descriptors,8,3
rdkit_Kappa2,0.001006665755994618,model_feature_importances,XGBoost,provided_plus_rdkit_descriptors,8,3
rdkit_Kappa3,0.0023930275347083807,model_feature_importances,XGBoost,provided_plus_rdkit_descriptors,8,3
rdkit_LabuteASA,0.00030717262416146696,model_feature_importances,XGBoost,provided_plus_rdkit_descriptors,8,3
rdkit_PEOE_VSA1,0.022067317739129066,model_feature_importances,XGBoost,provided_plus_rdkit_descriptors,8,3
rdkit_PEOE_VSA10,0.0023781638592481613,model_feature_importances,XGBoost,provided_plus_rdkit_descriptors,8,3
rdkit_PEOE_VSA11,0.01611148752272129,model_feature_importances,XGBoost,provided_plus_rdkit_descriptors,8,3
rdkit_PEOE_VSA12,0.0,model_feature_importances,XGBoost,provided_plus_rdkit_descriptors,8,3
rdkit_PEOE_VSA14,0.0,model_feature_importances,XGBoost,provided_plus_rdkit_descriptors,8,3
rdkit_PEOE_VSA2,0.0,model_feature_importances,XGBoost,provided_plus_rdkit_descriptors,8,3
rdkit_PEOE_VSA3,0.0,model_feature_importances,XGBoost,provided_plus_rdkit_descriptors,8,3
rdkit_PEOE_VSA5,0.0,model_feature_importances,XGBoost,provided_plus_rdkit_descriptors,8,3
rdkit_PEOE_VSA6,0.0,model_feature_importances,XGBoost,provided_plus_rdkit_descriptors,8,3
rdkit_PEOE_VSA7,0.0006824344163760543,model_feature_importances,XGBoost,provided_plus_rdkit_descriptors,8,3
rdkit_PEOE_VSA8,0.0002550752542447299,model_feature_importances,XGBoost,provided_plus_rdkit_descriptors,8,3
rdkit_PEOE_VSA9,0.00017851137090474367,model_feature_importances,XGBoost,provided_plus_rdkit_descriptors,8,3
rdkit_SMR_VSA1,0.0024630159605294466,model_feature_importances,XGBoost,provided_plus_rdkit_descriptors,8,3
rdkit_SMR_VSA10,0.0008700562757439911,model_feature_importances,XGBoost,provided_plus_rdkit_descriptors,8,3
rdkit_SMR_VSA3,0.0,model_feature_importances,XGBoost,provided_plus_rdkit_descriptors,8,3
rdkit_SMR_VSA4,0.0,model_feature_importances,XGBoost,provided_plus_rdkit_descriptors,8,3
rdkit_SMR_VSA5,0.0009021341684274375,model_feature_importances,XGBoost,provided_plus_rdkit_descriptors,8,3
rdkit_SMR_VSA6,0.0016101119108498096,model_feature_importances,XGBoost,provided_plus_rdkit_descriptors,8,3
rdkit_SMR_VSA7,0.0,model_feature_importances,XGBoost,provided_plus_rdkit_descriptors,8,3
rdkit_SlogP_VSA1,0.0,model_feature_importances,XGBoost,provided_plus_rdkit_descriptors,8,3
rdkit_SlogP_VSA12,0.0,model_feature_importances,XGBoost,provided_plus_rdkit_descriptors,8,3
rdkit_SlogP_VSA2,0.02090785652399063,model_feature_importances,XGBoost,provided_plus_rdkit_descriptors,8,3
rdkit_SlogP_VSA3,0.000707064347807318,model_feature_importances,XGBoost,provided_plus_rdkit_descriptors,8,3
rdkit_SlogP_VSA4,0.0,model_feature_importances,XGBoost,provided_plus_rdkit_descriptors,8,3
rdkit_SlogP_VSA5,0.003321551252156496,model_feature_importances,XGBoost,provided_plus_rdkit_descriptors,8,3
rdkit_SlogP_VSA6,0.0,model_feature_importances,XGBoost,provided_plus_rdkit_descriptors,8,3
rdkit_TPSA,0.0,model_feature_importances,XGBoost,provided_plus_rdkit_descriptors,8,3
rdkit_EState_VSA1,0.0006293999613262713,model_feature_importances,XGBoost,provided_plus_rdkit_descriptors,8,3
rdkit_EState_VSA10,0.41620302200317383,model_feature_importances,XGBoost,provided_plus_rdkit_descriptors,8,3
rdkit_EState_VSA2,0.0014171010116115212,model_feature_importances,XGBoost,provided_plus_rdkit_descriptors,8,3
rdkit_EState_VSA3,0.005222137086093426,model_feature_importances,XGBoost,provided_plus_rdkit_descriptors,8,3
rdkit_EState_VSA4,0.0,model_feature_importances,XGBoost,provided_plus_rdkit_descriptors,8,3
rdkit_EState_VSA5,0.003618862945586443,model_feature_importances,XGBoost,provided_plus_rdkit_descriptors,8,3
rdkit_EState_VSA6,0.0,model_feature_importances,XGBoost,provided_plus_rdkit_descriptors,8,3
rdkit_EState_VSA7,0.0,model_feature_importances,XGBoost,provided_plus_rdkit_descriptors,8,3
rdkit_EState_VSA8,0.0011544263688847423,model_feature_importances,XGBoost,provided_plus_rdkit_descriptors,8,3
rdkit_EState_VSA9,0.017944036051630974,model_feature_importances,XGBoost,provided_plus_rdkit_descriptors,8,3
rdkit_VSA_EState1,0.0,model_feature_importances,XGBoost,provided_plus_rdkit_descriptors,8,3
rdkit_VSA_EState10,0.0,model_feature_importances,XGBoost,provided_plus_rdkit_descriptors,8,3
rdkit_VSA_EState2,0.034055061638355255,model_feature_importances,XGBoost,provided_plus_rdkit_descriptors,8,3
rdkit_VSA_EState3,0.036906927824020386,model_feature_importances,XGBoost,provided_plus_rdkit_descriptors,8,3
rdkit_VSA_EState4,0.0,model_feature_importances,XGBoost,provided_plus_rdkit_descriptors,8,3
rdkit_VSA_EState5,0.0009836418321356177,model_feature_importances,XGBoost,provided_plus_rdkit_descriptors,8,3
rdkit_VSA_EState6,0.0,model_feature_importances,XGBoost,provided_plus_rdkit_descriptors,8,3
rdkit_VSA_EState7,0.001422020373865962,model_feature_importances,XGBoost,provided_plus_rdkit_descriptors,8,3
rdkit_VSA_EState8,0.041571322828531265,model_feature_importances,XGBoost,provided_plus_rdkit_descriptors,8,3
rdkit_VSA_EState9,0.0,model_feature_importances,XGBoost,provided_plus_rdkit_descriptors,8,3
rdkit_FractionCSP3,0.000418712617829442,model_feature_importances,XGBoost,provided_plus_rdkit_descriptors,8,3
rdkit_HeavyAtomCount,0.0,model_feature_importances,XGBoost,provided_plus_rdkit_descriptors,8,3
rdkit_NHOHCount,0.0,model_feature_importances,XGBoost,provided_plus_rdkit_descriptors,8,3
rdkit_NOCount,0.0,model_feature_importances,XGBoost,provided_plus_rdkit_descriptors,8,3
rdkit_NumAliphaticCarbocycles,0.0,model_feature_importances,XGBoost,provided_plus_rdkit_descriptors,8,3
rdkit_NumAliphaticHeterocycles,0.0,model_feature_importances,XGBoost,provided_plus_rdkit_descriptors,8,3
rdkit_NumAliphaticRings,0.0,model_feature_importances,XGBoost,provided_plus_rdkit_descriptors,8,3
rdkit_NumAmideBonds,0.0,model_feature_importances,XGBoost,provided_plus_rdkit_descriptors,8,3
rdkit_NumAtomStereoCenters,0.0013082631630823016,model_feature_importances,XGBoost,provided_plus_rdkit_descriptors,8,3
rdkit_NumBridgeheadAtoms,0.0,model_feature_importances,XGBoost,provided_plus_rdkit_descriptors,8,3
rdkit_NumHAcceptors,0.0,model_feature_importances,XGBoost,provided_plus_rdkit_descriptors,8,3
rdkit_NumHDonors,0.02272186055779457,model_feature_importances,XGBoost,provided_plus_rdkit_descriptors,8,3
rdkit_NumHeteroatoms,0.0,model_feature_importances,XGBoost,provided_plus_rdkit_descriptors,8,3
rdkit_NumHeterocycles,0.0,model_feature_importances,XGBoost,provided_plus_rdkit_descriptors,8,3
rdkit_NumRotatableBonds,0.00011207188799744472,model_feature_importances,XGBoost,provided_plus_rdkit_descriptors,8,3
rdkit_NumSaturatedCarbocycles,0.0,model_feature_importances,XGBoost,provided_plus_rdkit_descriptors,8,3
rdkit_NumSaturatedHeterocycles,0.0,model_feature_importances,XGBoost,provided_plus_rdkit_descriptors,8,3
rdkit_NumSaturatedRings,0.0,model_feature_importances,XGBoost,provided_plus_rdkit_descriptors,8,3
rdkit_NumUnspecifiedAtomStereoCenters,0.0021274934988468885,model_feature_importances,XGBoost,provided_plus_rdkit_descriptors,8,3
rdkit_Phi,0.0012329162564128637,model_feature_importances,XGBoost,provided_plus_rdkit_descriptors,8,3
rdkit_RingCount,0.0,model_feature_importances,XGBoost,provided_plus_rdkit_descriptors,8,3
rdkit_MolLogP,0.016721881926059723,model_feature_importances,XGBoost,provided_plus_rdkit_descriptors,8,3
rdkit_MolMR,0.02475845441222191,model_feature_importances,XGBoost,provided_plus_rdkit_descriptors,8,3
rdkit_fr_Al_COO,0.0,model_feature_importances,XGBoost,provided_plus_rdkit_descriptors,8,3
rdkit_fr_Al_OH,0.0,model_feature_importances,XGBoost,provided_plus_rdkit_descriptors,8,3
rdkit_fr_Al_OH_noTert,0.0,model_feature_importances,XGBoost,provided_plus_rdkit_descriptors,8,3
rdkit_fr_COO,0.0,model_feature_importances,XGBoost,provided_plus_rdkit_descriptors,8,3
rdkit_fr_COO2,0.0,model_feature_importances,XGBoost,provided_plus_rdkit_descriptors,8,3
rdkit_fr_C_O,0.0,model_feature_importances,XGBoost,provided_plus_rdkit_descriptors,8,3
rdkit_fr_C_O_noCOO,0.0,model_feature_importances,XGBoost,provided_plus_rdkit_descriptors,8,3
rdkit_fr_NH1,0.0,model_feature_importances,XGBoost,provided_plus_rdkit_descriptors,8,3
rdkit_fr_NH2,0.0,model_feature_importances,XGBoost,provided_plus_rdkit_descriptors,8,3
rdkit_fr_aldehyde,0.010642316192388535,model_feature_importances,XGBoost,provided_plus_rdkit_descriptors,8,3
rdkit_fr_alkyl_halide,0.0,model_feature_importances,XGBoost,provided_plus_rdkit_descriptors,8,3
rdkit_fr_allylic_oxid,0.0,model_feature_importances,XGBoost,provided_plus_rdkit_descriptors,8,3
rdkit_fr_amide,0.0,model_feature_importances,XGBoost,provided_plus_rdkit_descriptors,8,3
rdkit_fr_bicyclic,0.0,model_feature_importances,XGBoost,provided_plus_rdkit_descriptors,8,3
rdkit_fr_ether,0.0,model_feature_importances,XGBoost,provided_plus_rdkit_descriptors,8,3
rdkit_fr_halogen,0.0,model_feature_importances,XGBoost,provided_plus_rdkit_descriptors,8,3
rdkit_fr_ketone,0.0029455216135829687,model_feature_importances,XGBoost,provided_plus_rdkit_descriptors,8,3
rdkit_fr_ketone_Topliss,0.0,model_feature_importances,XGBoost,provided_plus_rdkit_descriptors,8,3
rdkit_fr_methoxy,0.0,model_feature_importances,XGBoost,provided_plus_rdkit_descriptors,8,3
rdkit_fr_phos_acid,0.0,model_feature_importances,XGBoost,provided_plus_rdkit_descriptors,8,3
rdkit_fr_phos_ester,0.0,model_feature_importances,XGBoost,provided_plus_rdkit_descriptors,8,3
Molecular weight (Da),0.011626649647951126,model_feature_importances,XGBoost,provided_plus_rdkit_descriptors,8,4
Solubility (mg/mL),0.023235538974404335,model_feature_importances,XGBoost,provided_plus_rdkit_descriptors,8,4
"Glass transition temperature (Tg, degC)",0.00604696711525321,model_feature_importances,XGBoost,provided_plus_rdkit_descriptors,8,4
Viscosity (mPa.s),0.0018139707390218973,model_feature_importances,XGBoost,provided_plus_rdkit_descriptors,8,4
Concentration (% w/v),0.003576300572603941,model_feature_importances,XGBoost,provided_plus_rdkit_descriptors,8,4
rdkit_MaxAbsEStateIndex,0.013206091709434986,model_feature_importances,XGBoost,provided_plus_rdkit_descriptors,8,4
rdkit_MaxEStateIndex,0.0,model_feature_importances,XGBoost,provided_plus_rdkit_descriptors,8,4
rdkit_MinAbsEStateIndex,0.010799245908856392,model_feature_importances,XGBoost,provided_plus_rdkit_descriptors,8,4
rdkit_MinEStateIndex,0.00965750589966774,model_feature_importances,XGBoost,provided_plus_rdkit_descriptors,8,4
rdkit_qed,0.006544779986143112,model_feature_importances,XGBoost,provided_plus_rdkit_descriptors,8,4
rdkit_SPS,0.013345636427402496,model_feature_importances,XGBoost,provided_plus_rdkit_descriptors,8,4
rdkit_MolWt,0.0,model_feature_importances,XGBoost,provided_plus_rdkit_descriptors,8,4
rdkit_HeavyAtomMolWt,0.0004058188060298562,model_feature_importances,XGBoost,provided_plus_rdkit_descriptors,8,4
rdkit_ExactMolWt,0.0,model_feature_importances,XGBoost,provided_plus_rdkit_descriptors,8,4
rdkit_NumValenceElectrons,0.0,model_feature_importances,XGBoost,provided_plus_rdkit_descriptors,8,4
rdkit_MaxPartialCharge,0.02127593569457531,model_feature_importances,XGBoost,provided_plus_rdkit_descriptors,8,4
rdkit_MinPartialCharge,0.0033110897056758404,model_feature_importances,XGBoost,provided_plus_rdkit_descriptors,8,4
rdkit_MaxAbsPartialCharge,0.0018278579227626324,model_feature_importances,XGBoost,provided_plus_rdkit_descriptors,8,4
rdkit_MinAbsPartialCharge,0.0,model_feature_importances,XGBoost,provided_plus_rdkit_descriptors,8,4
rdkit_FpDensityMorgan1,0.002332292962819338,model_feature_importances,XGBoost,provided_plus_rdkit_descriptors,8,4
rdkit_FpDensityMorgan2,0.0014036771608516574,model_feature_importances,XGBoost,provided_plus_rdkit_descriptors,8,4
rdkit_FpDensityMorgan3,0.0076728458516299725,model_feature_importances,XGBoost,provided_plus_rdkit_descriptors,8,4
rdkit_BCUT2D_MWHI,0.00824771262705326,model_feature_importances,XGBoost,provided_plus_rdkit_descriptors,8,4
rdkit_BCUT2D_MWLOW,0.001273043337278068,model_feature_importances,XGBoost,provided_plus_rdkit_descriptors,8,4
rdkit_BCUT2D_CHGHI,0.02643813192844391,model_feature_importances,XGBoost,provided_plus_rdkit_descriptors,8,4
rdkit_BCUT2D_CHGLO,0.007596895098686218,model_feature_importances,XGBoost,provided_plus_rdkit_descriptors,8,4
rdkit_BCUT2D_LOGPHI,0.03966870531439781,model_feature_importances,XGBoost,provided_plus_rdkit_descriptors,8,4
rdkit_BCUT2D_LOGPLOW,0.001919967820867896,model_feature_importances,XGBoost,provided_plus_rdkit_descriptors,8,4
rdkit_BCUT2D_MRHI,0.003432905999943614,model_feature_importances,XGBoost,provided_plus_rdkit_descriptors,8,4
rdkit_BCUT2D_MRLOW,0.0023851117584854364,model_feature_importances,XGBoost,provided_plus_rdkit_descriptors,8,4
rdkit_AvgIpc,0.017664244398474693,model_feature_importances,XGBoost,provided_plus_rdkit_descriptors,8,4
rdkit_BalabanJ,0.008392135612666607,model_feature_importances,XGBoost,provided_plus_rdkit_descriptors,8,4
rdkit_BertzCT,0.056589577347040176,model_feature_importances,XGBoost,provided_plus_rdkit_descriptors,8,4
rdkit_Chi0,0.0010034720180556178,model_feature_importances,XGBoost,provided_plus_rdkit_descriptors,8,4
rdkit_Chi0n,0.016575807705521584,model_feature_importances,XGBoost,provided_plus_rdkit_descriptors,8,4
rdkit_Chi0v,0.03594768047332764,model_feature_importances,XGBoost,provided_plus_rdkit_descriptors,8,4
rdkit_Chi1,0.006009725853800774,model_feature_importances,XGBoost,provided_plus_rdkit_descriptors,8,4
rdkit_Chi1n,0.006065471097826958,model_feature_importances,XGBoost,provided_plus_rdkit_descriptors,8,4
rdkit_Chi1v,0.00028632572502829134,model_feature_importances,XGBoost,provided_plus_rdkit_descriptors,8,4
rdkit_Chi2n,0.007059171795845032,model_feature_importances,XGBoost,provided_plus_rdkit_descriptors,8,4
rdkit_Chi2v,0.00018384050054010004,model_feature_importances,XGBoost,provided_plus_rdkit_descriptors,8,4
rdkit_Chi3n,0.0,model_feature_importances,XGBoost,provided_plus_rdkit_descriptors,8,4
rdkit_Chi3v,0.0,model_feature_importances,XGBoost,provided_plus_rdkit_descriptors,8,4
rdkit_Chi4n,0.0,model_feature_importances,XGBoost,provided_plus_rdkit_descriptors,8,4
rdkit_Chi4v,0.0,model_feature_importances,XGBoost,provided_plus_rdkit_descriptors,8,4
rdkit_HallKierAlpha,0.04126008227467537,model_feature_importances,XGBoost,provided_plus_rdkit_descriptors,8,4
rdkit_Ipc,0.007350451312959194,model_feature_importances,XGBoost,provided_plus_rdkit_descriptors,8,4
rdkit_Kappa1,0.004596163518726826,model_feature_importances,XGBoost,provided_plus_rdkit_descriptors,8,4
rdkit_Kappa2,0.0009421665454283357,model_feature_importances,XGBoost,provided_plus_rdkit_descriptors,8,4
rdkit_Kappa3,0.0013428917154669762,model_feature_importances,XGBoost,provided_plus_rdkit_descriptors,8,4
rdkit_LabuteASA,0.0,model_feature_importances,XGBoost,provided_plus_rdkit_descriptors,8,4
rdkit_PEOE_VSA1,0.009097862057387829,model_feature_importances,XGBoost,provided_plus_rdkit_descriptors,8,4
rdkit_PEOE_VSA10,0.0016026519006118178,model_feature_importances,XGBoost,provided_plus_rdkit_descriptors,8,4
rdkit_PEOE_VSA11,0.013329489156603813,model_feature_importances,XGBoost,provided_plus_rdkit_descriptors,8,4
rdkit_PEOE_VSA12,0.00017462125106249005,model_feature_importances,XGBoost,provided_plus_rdkit_descriptors,8,4
rdkit_PEOE_VSA14,0.0,model_feature_importances,XGBoost,provided_plus_rdkit_descriptors,8,4
rdkit_PEOE_VSA2,0.0,model_feature_importances,XGBoost,provided_plus_rdkit_descriptors,8,4
rdkit_PEOE_VSA3,0.0,model_feature_importances,XGBoost,provided_plus_rdkit_descriptors,8,4
rdkit_PEOE_VSA5,0.0,model_feature_importances,XGBoost,provided_plus_rdkit_descriptors,8,4
rdkit_PEOE_VSA6,0.0,model_feature_importances,XGBoost,provided_plus_rdkit_descriptors,8,4
rdkit_PEOE_VSA7,0.0023661404848098755,model_feature_importances,XGBoost,provided_plus_rdkit_descriptors,8,4
rdkit_PEOE_VSA8,0.00023601239081472158,model_feature_importances,XGBoost,provided_plus_rdkit_descriptors,8,4
rdkit_PEOE_VSA9,0.00021417406969703734,model_feature_importances,XGBoost,provided_plus_rdkit_descriptors,8,4
rdkit_SMR_VSA1,0.019962389022111893,model_feature_importances,XGBoost,provided_plus_rdkit_descriptors,8,4
rdkit_SMR_VSA10,0.0014923984417691827,model_feature_importances,XGBoost,provided_plus_rdkit_descriptors,8,4
rdkit_SMR_VSA3,0.0,model_feature_importances,XGBoost,provided_plus_rdkit_descriptors,8,4
rdkit_SMR_VSA4,0.00022776826517656446,model_feature_importances,XGBoost,provided_plus_rdkit_descriptors,8,4
rdkit_SMR_VSA5,0.004113263916224241,model_feature_importances,XGBoost,provided_plus_rdkit_descriptors,8,4
rdkit_SMR_VSA6,0.00011004423868143931,model_feature_importances,XGBoost,provided_plus_rdkit_descriptors,8,4
rdkit_SMR_VSA7,0.0,model_feature_importances,XGBoost,provided_plus_rdkit_descriptors,8,4
rdkit_SlogP_VSA1,0.004222455900162458,model_feature_importances,XGBoost,provided_plus_rdkit_descriptors,8,4
rdkit_SlogP_VSA12,0.0,model_feature_importances,XGBoost,provided_plus_rdkit_descriptors,8,4
rdkit_SlogP_VSA2,0.02949509583413601,model_feature_importances,XGBoost,provided_plus_rdkit_descriptors,8,4
rdkit_SlogP_VSA3,0.060656968504190445,model_feature_importances,XGBoost,provided_plus_rdkit_descriptors,8,4
rdkit_SlogP_VSA4,0.0,model_feature_importances,XGBoost,provided_plus_rdkit_descriptors,8,4
rdkit_SlogP_VSA5,0.0010606884025037289,model_feature_importances,XGBoost,provided_plus_rdkit_descriptors,8,4
rdkit_SlogP_VSA6,0.0,model_feature_importances,XGBoost,provided_plus_rdkit_descriptors,8,4
rdkit_TPSA,0.0004350559611339122,model_feature_importances,XGBoost,provided_plus_rdkit_descriptors,8,4
rdkit_EState_VSA1,0.0015930735971778631,model_feature_importances,XGBoost,provided_plus_rdkit_descriptors,8,4
rdkit_EState_VSA10,0.2911378741264343,model_feature_importances,XGBoost,provided_plus_rdkit_descriptors,8,4
rdkit_EState_VSA2,0.006536394823342562,model_feature_importances,XGBoost,provided_plus_rdkit_descriptors,8,4
rdkit_EState_VSA3,0.0003953798150178045,model_feature_importances,XGBoost,provided_plus_rdkit_descriptors,8,4
rdkit_EState_VSA4,0.0009157221065834165,model_feature_importances,XGBoost,provided_plus_rdkit_descriptors,8,4
rdkit_EState_VSA5,0.0003111723344773054,model_feature_importances,XGBoost,provided_plus_rdkit_descriptors,8,4
rdkit_EState_VSA6,0.0,model_feature_importances,XGBoost,provided_plus_rdkit_descriptors,8,4
rdkit_EState_VSA7,0.0,model_feature_importances,XGBoost,provided_plus_rdkit_descriptors,8,4
rdkit_EState_VSA8,0.0012477487325668335,model_feature_importances,XGBoost,provided_plus_rdkit_descriptors,8,4
rdkit_EState_VSA9,0.007563303224742413,model_feature_importances,XGBoost,provided_plus_rdkit_descriptors,8,4
rdkit_VSA_EState1,0.0004093073366675526,model_feature_importances,XGBoost,provided_plus_rdkit_descriptors,8,4
rdkit_VSA_EState10,0.0,model_feature_importances,XGBoost,provided_plus_rdkit_descriptors,8,4
rdkit_VSA_EState2,0.0206748079508543,model_feature_importances,XGBoost,provided_plus_rdkit_descriptors,8,4
rdkit_VSA_EState3,0.0027543101459741592,model_feature_importances,XGBoost,provided_plus_rdkit_descriptors,8,4
rdkit_VSA_EState4,0.0,model_feature_importances,XGBoost,provided_plus_rdkit_descriptors,8,4
rdkit_VSA_EState5,0.0018184841610491276,model_feature_importances,XGBoost,provided_plus_rdkit_descriptors,8,4
rdkit_VSA_EState6,0.0,model_feature_importances,XGBoost,provided_plus_rdkit_descriptors,8,4
rdkit_VSA_EState7,0.003570997156202793,model_feature_importances,XGBoost,provided_plus_rdkit_descriptors,8,4
rdkit_VSA_EState8,0.027452604845166206,model_feature_importances,XGBoost,provided_plus_rdkit_descriptors,8,4
rdkit_VSA_EState9,0.0,model_feature_importances,XGBoost,provided_plus_rdkit_descriptors,8,4
rdkit_FractionCSP3,0.0002840684028342366,model_feature_importances,XGBoost,provided_plus_rdkit_descriptors,8,4
rdkit_HeavyAtomCount,0.0,model_feature_importances,XGBoost,provided_plus_rdkit_descriptors,8,4
rdkit_NHOHCount,0.0,model_feature_importances,XGBoost,provided_plus_rdkit_descriptors,8,4
rdkit_NOCount,0.0,model_feature_importances,XGBoost,provided_plus_rdkit_descriptors,8,4
rdkit_NumAliphaticCarbocycles,0.0,model_feature_importances,XGBoost,provided_plus_rdkit_descriptors,8,4
rdkit_NumAliphaticHeterocycles,0.0,model_feature_importances,XGBoost,provided_plus_rdkit_descriptors,8,4
rdkit_NumAliphaticRings,0.0,model_feature_importances,XGBoost,provided_plus_rdkit_descriptors,8,4
rdkit_NumAmideBonds,0.0,model_feature_importances,XGBoost,provided_plus_rdkit_descriptors,8,4
rdkit_NumAtomStereoCenters,0.005933592561632395,model_feature_importances,XGBoost,provided_plus_rdkit_descriptors,8,4
rdkit_NumBridgeheadAtoms,0.0,model_feature_importances,XGBoost,provided_plus_rdkit_descriptors,8,4
rdkit_NumHAcceptors,0.0,model_feature_importances,XGBoost,provided_plus_rdkit_descriptors,8,4
rdkit_NumHDonors,0.0,model_feature_importances,XGBoost,provided_plus_rdkit_descriptors,8,4
rdkit_NumHeteroatoms,0.0,model_feature_importances,XGBoost,provided_plus_rdkit_descriptors,8,4
rdkit_NumHeterocycles,0.0,model_feature_importances,XGBoost,provided_plus_rdkit_descriptors,8,4
rdkit_NumRotatableBonds,0.00017652648966759443,model_feature_importances,XGBoost,provided_plus_rdkit_descriptors,8,4
rdkit_NumSaturatedCarbocycles,0.0,model_feature_importances,XGBoost,provided_plus_rdkit_descriptors,8,4
rdkit_NumSaturatedHeterocycles,0.0,model_feature_importances,XGBoost,provided_plus_rdkit_descriptors,8,4
rdkit_NumSaturatedRings,0.0,model_feature_importances,XGBoost,provided_plus_rdkit_descriptors,8,4
rdkit_NumUnspecifiedAtomStereoCenters,0.002799350069835782,model_feature_importances,XGBoost,provided_plus_rdkit_descriptors,8,4
rdkit_Phi,0.002168431645259261,model_feature_importances,XGBoost,provided_plus_rdkit_descriptors,8,4
rdkit_RingCount,0.0,model_feature_importances,XGBoost,provided_plus_rdkit_descriptors,8,4
rdkit_MolLogP,0.028915265575051308,model_feature_importances,XGBoost,provided_plus_rdkit_descriptors,8,4
rdkit_MolMR,0.0019356048433110118,model_feature_importances,XGBoost,provided_plus_rdkit_descriptors,8,4
rdkit_fr_Al_COO,0.0,model_feature_importances,XGBoost,provided_plus_rdkit_descriptors,8,4
rdkit_fr_Al_OH,0.0006250079604797065,model_feature_importances,XGBoost,provided_plus_rdkit_descriptors,8,4
rdkit_fr_Al_OH_noTert,0.0,model_feature_importances,XGBoost,provided_plus_rdkit_descriptors,8,4
rdkit_fr_COO,0.0,model_feature_importances,XGBoost,provided_plus_rdkit_descriptors,8,4
rdkit_fr_COO2,0.0,model_feature_importances,XGBoost,provided_plus_rdkit_descriptors,8,4
rdkit_fr_C_O,0.0,model_feature_importances,XGBoost,provided_plus_rdkit_descriptors,8,4
rdkit_fr_C_O_noCOO,0.00035847938852384686,model_feature_importances,XGBoost,provided_plus_rdkit_descriptors,8,4
rdkit_fr_NH1,0.0,model_feature_importances,XGBoost,provided_plus_rdkit_descriptors,8,4
rdkit_fr_NH2,0.0,model_feature_importances,XGBoost,provided_plus_rdkit_descriptors,8,4
rdkit_fr_aldehyde,0.0013115734327584505,model_feature_importances,XGBoost,provided_plus_rdkit_descriptors,8,4
rdkit_fr_alkyl_halide,0.0,model_feature_importances,XGBoost,provided_plus_rdkit_descriptors,8,4
rdkit_fr_allylic_oxid,0.0,model_feature_importances,XGBoost,provided_plus_rdkit_descriptors,8,4
rdkit_fr_amide,0.0,model_feature_importances,XGBoost,provided_plus_rdkit_descriptors,8,4
rdkit_fr_bicyclic,0.0,model_feature_importances,XGBoost,provided_plus_rdkit_descriptors,8,4
rdkit_fr_ether,0.0,model_feature_importances,XGBoost,provided_plus_rdkit_descriptors,8,4
rdkit_fr_halogen,0.0,model_feature_importances,XGBoost,provided_plus_rdkit_descriptors,8,4
rdkit_fr_ketone,0.0,model_feature_importances,XGBoost,provided_plus_rdkit_descriptors,8,4
rdkit_fr_ketone_Topliss,0.0,model_feature_importances,XGBoost,provided_plus_rdkit_descriptors,8,4
rdkit_fr_methoxy,0.0,model_feature_importances,XGBoost,provided_plus_rdkit_descriptors,8,4
rdkit_fr_phos_acid,0.0,model_feature_importances,XGBoost,provided_plus_rdkit_descriptors,8,4
rdkit_fr_phos_ester,0.0,model_feature_importances,XGBoost,provided_plus_rdkit_descriptors,8,4
Molecular weight (Da),0.001761739025823772,model_feature_importances,XGBoost,provided_plus_rdkit_descriptors,8,5
Solubility (mg/mL),0.012533901259303093,model_feature_importances,XGBoost,provided_plus_rdkit_descriptors,8,5
"Glass transition temperature (Tg, degC)",0.004431404173374176,model_feature_importances,XGBoost,provided_plus_rdkit_descriptors,8,5
Viscosity (mPa.s),0.0017369784181937575,model_feature_importances,XGBoost,provided_plus_rdkit_descriptors,8,5
Concentration (% w/v),0.0028226764407008886,model_feature_importances,XGBoost,provided_plus_rdkit_descriptors,8,5
rdkit_MaxAbsEStateIndex,0.00495973089709878,model_feature_importances,XGBoost,provided_plus_rdkit_descriptors,8,5
rdkit_MaxEStateIndex,0.0,model_feature_importances,XGBoost,provided_plus_rdkit_descriptors,8,5
rdkit_MinAbsEStateIndex,0.0074471221305429935,model_feature_importances,XGBoost,provided_plus_rdkit_descriptors,8,5
rdkit_MinEStateIndex,0.00884565245360136,model_feature_importances,XGBoost,provided_plus_rdkit_descriptors,8,5
rdkit_qed,0.007762002758681774,model_feature_importances,XGBoost,provided_plus_rdkit_descriptors,8,5
rdkit_SPS,0.00592460110783577,model_feature_importances,XGBoost,provided_plus_rdkit_descriptors,8,5
rdkit_MolWt,0.0,model_feature_importances,XGBoost,provided_plus_rdkit_descriptors,8,5
rdkit_HeavyAtomMolWt,0.0,model_feature_importances,XGBoost,provided_plus_rdkit_descriptors,8,5
rdkit_ExactMolWt,0.0,model_feature_importances,XGBoost,provided_plus_rdkit_descriptors,8,5
rdkit_NumValenceElectrons,0.0009851474314928055,model_feature_importances,XGBoost,provided_plus_rdkit_descriptors,8,5
rdkit_MaxPartialCharge,0.018599338829517365,model_feature_importances,XGBoost,provided_plus_rdkit_descriptors,8,5
rdkit_MinPartialCharge,0.0032616297248750925,model_feature_importances,XGBoost,provided_plus_rdkit_descriptors,8,5
rdkit_MaxAbsPartialCharge,0.0004992311587557197,model_feature_importances,XGBoost,provided_plus_rdkit_descriptors,8,5
rdkit_MinAbsPartialCharge,0.0,model_feature_importances,XGBoost,provided_plus_rdkit_descriptors,8,5
rdkit_FpDensityMorgan1,0.0011251199757680297,model_feature_importances,XGBoost,provided_plus_rdkit_descriptors,8,5
rdkit_FpDensityMorgan2,0.005419572815299034,model_feature_importances,XGBoost,provided_plus_rdkit_descriptors,8,5
rdkit_FpDensityMorgan3,0.01373090036213398,model_feature_importances,XGBoost,provided_plus_rdkit_descriptors,8,5
rdkit_BCUT2D_MWHI,0.0007874879520386457,model_feature_importances,XGBoost,provided_plus_rdkit_descriptors,8,5
rdkit_BCUT2D_MWLOW,0.01218184269964695,model_feature_importances,XGBoost,provided_plus_rdkit_descriptors,8,5
rdkit_BCUT2D_CHGHI,0.014443887397646904,model_feature_importances,XGBoost,provided_plus_rdkit_descriptors,8,5
rdkit_BCUT2D_CHGLO,0.016788912937045097,model_feature_importances,XGBoost,provided_plus_rdkit_descriptors,8,5
rdkit_BCUT2D_LOGPHI,0.0051079620607197285,model_feature_importances,XGBoost,provided_plus_rdkit_descriptors,8,5
rdkit_BCUT2D_LOGPLOW,0.0003564434591680765,model_feature_importances,XGBoost,provided_plus_rdkit_descriptors,8,5
rdkit_BCUT2D_MRHI,0.005358923692256212,model_feature_importances,XGBoost,provided_plus_rdkit_descriptors,8,5
rdkit_BCUT2D_MRLOW,0.006787190679460764,model_feature_importances,XGBoost,provided_plus_rdkit_descriptors,8,5
rdkit_AvgIpc,0.020622871816158295,model_feature_importances,XGBoost,provided_plus_rdkit_descriptors,8,5
rdkit_BalabanJ,0.0035726423375308514,model_feature_importances,XGBoost,provided_plus_rdkit_descriptors,8,5
rdkit_BertzCT,0.0008849462028592825,model_feature_importances,XGBoost,provided_plus_rdkit_descriptors,8,5
rdkit_Chi0,0.0002716702874749899,model_feature_importances,XGBoost,provided_plus_rdkit_descriptors,8,5
rdkit_Chi0n,0.0007139744120649993,model_feature_importances,XGBoost,provided_plus_rdkit_descriptors,8,5
rdkit_Chi0v,0.0034622743260115385,model_feature_importances,XGBoost,provided_plus_rdkit_descriptors,8,5
rdkit_Chi1,0.0,model_feature_importances,XGBoost,provided_plus_rdkit_descriptors,8,5
rdkit_Chi1n,0.00039720715722069144,model_feature_importances,XGBoost,provided_plus_rdkit_descriptors,8,5
rdkit_Chi1v,0.0012438582489266992,model_feature_importances,XGBoost,provided_plus_rdkit_descriptors,8,5
rdkit_Chi2n,0.0007503715460188687,model_feature_importances,XGBoost,provided_plus_rdkit_descriptors,8,5
rdkit_Chi2v,0.013368990272283554,model_feature_importances,XGBoost,provided_plus_rdkit_descriptors,8,5
rdkit_Chi3n,0.0006175163434818387,model_feature_importances,XGBoost,provided_plus_rdkit_descriptors,8,5
rdkit_Chi3v,0.001713791978545487,model_feature_importances,XGBoost,provided_plus_rdkit_descriptors,8,5
rdkit_Chi4n,0.0008201604359783232,model_feature_importances,XGBoost,provided_plus_rdkit_descriptors,8,5
rdkit_Chi4v,0.0005363575764931738,model_feature_importances,XGBoost,provided_plus_rdkit_descriptors,8,5
rdkit_HallKierAlpha,0.014885252341628075,model_feature_importances,XGBoost,provided_plus_rdkit_descriptors,8,5
rdkit_Ipc,0.0012041564332321286,model_feature_importances,XGBoost,provided_plus_rdkit_descriptors,8,5
rdkit_Kappa1,0.0021403725259006023,model_feature_importances,XGBoost,provided_plus_rdkit_descriptors,8,5
rdkit_Kappa2,0.00045706439414061606,model_feature_importances,XGBoost,provided_plus_rdkit_descriptors,8,5
rdkit_Kappa3,0.0009914241963997483,model_feature_importances,XGBoost,provided_plus_rdkit_descriptors,8,5
rdkit_LabuteASA,0.0,model_feature_importances,XGBoost,provided_plus_rdkit_descriptors,8,5
rdkit_PEOE_VSA1,0.010556741617619991,model_feature_importances,XGBoost,provided_plus_rdkit_descriptors,8,5
rdkit_PEOE_VSA10,0.00020158490224275738,model_feature_importances,XGBoost,provided_plus_rdkit_descriptors,8,5
rdkit_PEOE_VSA11,0.012528123334050179,model_feature_importances,XGBoost,provided_plus_rdkit_descriptors,8,5
rdkit_PEOE_VSA12,0.0,model_feature_importances,XGBoost,provided_plus_rdkit_descriptors,8,5
rdkit_PEOE_VSA14,0.0,model_feature_importances,XGBoost,provided_plus_rdkit_descriptors,8,5
rdkit_PEOE_VSA2,0.0002908120513893664,model_feature_importances,XGBoost,provided_plus_rdkit_descriptors,8,5
rdkit_PEOE_VSA3,0.0,model_feature_importances,XGBoost,provided_plus_rdkit_descriptors,8,5
rdkit_PEOE_VSA5,0.0,model_feature_importances,XGBoost,provided_plus_rdkit_descriptors,8,5
rdkit_PEOE_VSA6,0.0,model_feature_importances,XGBoost,provided_plus_rdkit_descriptors,8,5
rdkit_PEOE_VSA7,0.0062548755668103695,model_feature_importances,XGBoost,provided_plus_rdkit_descriptors,8,5
rdkit_PEOE_VSA8,0.0,model_feature_importances,XGBoost,provided_plus_rdkit_descriptors,8,5
rdkit_PEOE_VSA9,0.035511285066604614,model_feature_importances,XGBoost,provided_plus_rdkit_descriptors,8,5
rdkit_SMR_VSA1,2.373217103013303e-05,model_feature_importances,XGBoost,provided_plus_rdkit_descriptors,8,5
rdkit_SMR_VSA10,0.00017790240235626698,model_feature_importances,XGBoost,provided_plus_rdkit_descriptors,8,5
rdkit_SMR_VSA3,0.0,model_feature_importances,XGBoost,provided_plus_rdkit_descriptors,8,5
rdkit_SMR_VSA4,0.0,model_feature_importances,XGBoost,provided_plus_rdkit_descriptors,8,5
rdkit_SMR_VSA5,0.0010938594350591302,model_feature_importances,XGBoost,provided_plus_rdkit_descriptors,8,5
rdkit_SMR_VSA6,0.000626996043138206,model_feature_importances,XGBoost,provided_plus_rdkit_descriptors,8,5
rdkit_SMR_VSA7,0.0,model_feature_importances,XGBoost,provided_plus_rdkit_descriptors,8,5
rdkit_SlogP_VSA1,0.0,model_feature_importances,XGBoost,provided_plus_rdkit_descriptors,8,5
rdkit_SlogP_VSA12,0.0,model_feature_importances,XGBoost,provided_plus_rdkit_descriptors,8,5
rdkit_SlogP_VSA2,0.003930035978555679,model_feature_importances,XGBoost,provided_plus_rdkit_descriptors,8,5
rdkit_SlogP_VSA3,0.009832472540438175,model_feature_importances,XGBoost,provided_plus_rdkit_descriptors,8,5
rdkit_SlogP_VSA4,0.0,model_feature_importances,XGBoost,provided_plus_rdkit_descriptors,8,5
rdkit_SlogP_VSA5,0.00018276092305313796,model_feature_importances,XGBoost,provided_plus_rdkit_descriptors,8,5
rdkit_SlogP_VSA6,0.0,model_feature_importances,XGBoost,provided_plus_rdkit_descriptors,8,5
rdkit_TPSA,0.0017873563338071108,model_feature_importances,XGBoost,provided_plus_rdkit_descriptors,8,5
rdkit_EState_VSA1,0.00021740305237472057,model_feature_importances,XGBoost,provided_plus_rdkit_descriptors,8,5
rdkit_EState_VSA10,0.3587752878665924,model_feature_importances,XGBoost,provided_plus_rdkit_descriptors,8,5
rdkit_EState_VSA2,0.0123043367639184,model_feature_importances,XGBoost,provided_plus_rdkit_descriptors,8,5
rdkit_EState_VSA3,0.008924479596316814,model_feature_importances,XGBoost,provided_plus_rdkit_descriptors,8,5
rdkit_EState_VSA4,0.0,model_feature_importances,XGBoost,provided_plus_rdkit_descriptors,8,5
rdkit_EState_VSA5,0.00022939835616853088,model_feature_importances,XGBoost,provided_plus_rdkit_descriptors,8,5
rdkit_EState_VSA6,0.0,model_feature_importances,XGBoost,provided_plus_rdkit_descriptors,8,5
rdkit_EState_VSA7,0.0,model_feature_importances,XGBoost,provided_plus_rdkit_descriptors,8,5
rdkit_EState_VSA8,0.0011118603870272636,model_feature_importances,XGBoost,provided_plus_rdkit_descriptors,8,5
rdkit_EState_VSA9,0.009785370901226997,model_feature_importances,XGBoost,provided_plus_rdkit_descriptors,8,5
rdkit_VSA_EState1,0.001033646403811872,model_feature_importances,XGBoost,provided_plus_rdkit_descriptors,8,5
rdkit_VSA_EState10,0.0,model_feature_importances,XGBoost,provided_plus_rdkit_descriptors,8,5
rdkit_VSA_EState2,0.02106865867972374,model_feature_importances,XGBoost,provided_plus_rdkit_descriptors,8,5
rdkit_VSA_EState3,0.008682447485625744,model_feature_importances,XGBoost,provided_plus_rdkit_descriptors,8,5
rdkit_VSA_EState4,0.0,model_feature_importances,XGBoost,provided_plus_rdkit_descriptors,8,5
rdkit_VSA_EState5,0.0007633551140315831,model_feature_importances,XGBoost,provided_plus_rdkit_descriptors,8,5
rdkit_VSA_EState6,0.0,model_feature_importances,XGBoost,provided_plus_rdkit_descriptors,8,5
rdkit_VSA_EState7,0.0038116266950964928,model_feature_importances,XGBoost,provided_plus_rdkit_descriptors,8,5
rdkit_VSA_EState8,0.02687024138867855,model_feature_importances,XGBoost,provided_plus_rdkit_descriptors,8,5
rdkit_VSA_EState9,4.9479232984595e-05,model_feature_importances,XGBoost,provided_plus_rdkit_descriptors,8,5
rdkit_FractionCSP3,0.00044251250801607966,model_feature_importances,XGBoost,provided_plus_rdkit_descriptors,8,5
rdkit_HeavyAtomCount,0.0,model_feature_importances,XGBoost,provided_plus_rdkit_descriptors,8,5
rdkit_NHOHCount,0.0005717941094189882,model_feature_importances,XGBoost,provided_plus_rdkit_descriptors,8,5
rdkit_NOCount,0.0,model_feature_importances,XGBoost,provided_plus_rdkit_descriptors,8,5
rdkit_NumAliphaticCarbocycles,0.0,model_feature_importances,XGBoost,provided_plus_rdkit_descriptors,8,5
rdkit_NumAliphaticHeterocycles,0.0,model_feature_importances,XGBoost,provided_plus_rdkit_descriptors,8,5
rdkit_NumAliphaticRings,0.0,model_feature_importances,XGBoost,provided_plus_rdkit_descriptors,8,5
rdkit_NumAmideBonds,0.0,model_feature_importances,XGBoost,provided_plus_rdkit_descriptors,8,5
rdkit_NumAtomStereoCenters,0.029294060543179512,model_feature_importances,XGBoost,provided_plus_rdkit_descriptors,8,5
rdkit_NumBridgeheadAtoms,0.0,model_feature_importances,XGBoost,provided_plus_rdkit_descriptors,8,5
rdkit_NumHAcceptors,0.0,model_feature_importances,XGBoost,provided_plus_rdkit_descriptors,8,5
rdkit_NumHDonors,0.0,model_feature_importances,XGBoost,provided_plus_rdkit_descriptors,8,5
rdkit_NumHeteroatoms,0.0,model_feature_importances,XGBoost,provided_plus_rdkit_descriptors,8,5
rdkit_NumHeterocycles,0.0,model_feature_importances,XGBoost,provided_plus_rdkit_descriptors,8,5
rdkit_NumRotatableBonds,0.00024041153665166348,model_feature_importances,XGBoost,provided_plus_rdkit_descriptors,8,5
rdkit_NumSaturatedCarbocycles,0.0,model_feature_importances,XGBoost,provided_plus_rdkit_descriptors,8,5
rdkit_NumSaturatedHeterocycles,0.0,model_feature_importances,XGBoost,provided_plus_rdkit_descriptors,8,5
rdkit_NumSaturatedRings,0.0,model_feature_importances,XGBoost,provided_plus_rdkit_descriptors,8,5
rdkit_NumUnspecifiedAtomStereoCenters,0.02367490902543068,model_feature_importances,XGBoost,provided_plus_rdkit_descriptors,8,5
rdkit_Phi,0.010282312519848347,model_feature_importances,XGBoost,provided_plus_rdkit_descriptors,8,5
rdkit_RingCount,0.0,model_feature_importances,XGBoost,provided_plus_rdkit_descriptors,8,5
rdkit_MolLogP,0.010707761161029339,model_feature_importances,XGBoost,provided_plus_rdkit_descriptors,8,5
rdkit_MolMR,0.006573194172233343,model_feature_importances,XGBoost,provided_plus_rdkit_descriptors,8,5
rdkit_fr_Al_COO,0.0,model_feature_importances,XGBoost,provided_plus_rdkit_descriptors,8,5
rdkit_fr_Al_OH,0.011208046227693558,model_feature_importances,XGBoost,provided_plus_rdkit_descriptors,8,5
rdkit_fr_Al_OH_noTert,0.0,model_feature_importances,XGBoost,provided_plus_rdkit_descriptors,8,5
rdkit_fr_COO,0.0,model_feature_importances,XGBoost,provided_plus_rdkit_descriptors,8,5
rdkit_fr_COO2,0.0,model_feature_importances,XGBoost,provided_plus_rdkit_descriptors,8,5
rdkit_fr_C_O,0.0,model_feature_importances,XGBoost,provided_plus_rdkit_descriptors,8,5
rdkit_fr_C_O_noCOO,0.0,model_feature_importances,XGBoost,provided_plus_rdkit_descriptors,8,5
rdkit_fr_NH1,0.0,model_feature_importances,XGBoost,provided_plus_rdkit_descriptors,8,5
rdkit_fr_NH2,0.0,model_feature_importances,XGBoost,provided_plus_rdkit_descriptors,8,5
rdkit_fr_aldehyde,0.13749593496322632,model_feature_importances,XGBoost,provided_plus_rdkit_descriptors,8,5
rdkit_fr_alkyl_halide,0.0,model_feature_importances,XGBoost,provided_plus_rdkit_descriptors,8,5
rdkit_fr_allylic_oxid,0.0,model_feature_importances,XGBoost,provided_plus_rdkit_descriptors,8,5
rdkit_fr_amide,0.0,model_feature_importances,XGBoost,provided_plus_rdkit_descriptors,8,5
rdkit_fr_bicyclic,0.0,model_feature_importances,XGBoost,provided_plus_rdkit_descriptors,8,5
rdkit_fr_ether,0.0,model_feature_importances,XGBoost,provided_plus_rdkit_descriptors,8,5
rdkit_fr_halogen,0.0,model_feature_importances,XGBoost,provided_plus_rdkit_descriptors,8,5
rdkit_fr_ketone,0.0005686205695383251,model_feature_importances,XGBoost,provided_plus_rdkit_descriptors,8,5
rdkit_fr_ketone_Topliss,0.0,model_feature_importances,XGBoost,provided_plus_rdkit_descriptors,8,5
rdkit_fr_methoxy,0.0,model_feature_importances,XGBoost,provided_plus_rdkit_descriptors,8,5
rdkit_fr_phos_acid,0.0,model_feature_importances,XGBoost,provided_plus_rdkit_descriptors,8,5
rdkit_fr_phos_ester,0.0,model_feature_importances,XGBoost,provided_plus_rdkit_descriptors,8,5
Molecular weight (Da),0.0032444915268570185,model_feature_importances,XGBoost,provided_plus_rdkit_descriptors,9,1
Solubility (mg/mL),0.01730429381132126,model_feature_importances,XGBoost,provided_plus_rdkit_descriptors,9,1
"Glass transition temperature (Tg, degC)",0.004617057275027037,model_feature_importances,XGBoost,provided_plus_rdkit_descriptors,9,1
Viscosity (mPa.s),0.001594219240359962,model_feature_importances,XGBoost,provided_plus_rdkit_descriptors,9,1
Concentration (% w/v),0.004460376687347889,model_feature_importances,XGBoost,provided_plus_rdkit_descriptors,9,1
rdkit_MaxAbsEStateIndex,0.014990701340138912,model_feature_importances,XGBoost,provided_plus_rdkit_descriptors,9,1
rdkit_MaxEStateIndex,0.0,model_feature_importances,XGBoost,provided_plus_rdkit_descriptors,9,1
rdkit_MinAbsEStateIndex,0.017915109172463417,model_feature_importances,XGBoost,provided_plus_rdkit_descriptors,9,1
rdkit_MinEStateIndex,0.004038342274725437,model_feature_importances,XGBoost,provided_plus_rdkit_descriptors,9,1
rdkit_qed,0.0059628235176205635,model_feature_importances,XGBoost,provided_plus_rdkit_descriptors,9,1
rdkit_SPS,0.013514483347535133,model_feature_importances,XGBoost,provided_plus_rdkit_descriptors,9,1
rdkit_MolWt,0.0,model_feature_importances,XGBoost,provided_plus_rdkit_descriptors,9,1
rdkit_HeavyAtomMolWt,0.0,model_feature_importances,XGBoost,provided_plus_rdkit_descriptors,9,1
rdkit_ExactMolWt,0.0,model_feature_importances,XGBoost,provided_plus_rdkit_descriptors,9,1
rdkit_NumValenceElectrons,0.0,model_feature_importances,XGBoost,provided_plus_rdkit_descriptors,9,1
rdkit_MaxPartialCharge,0.03382236510515213,model_feature_importances,XGBoost,provided_plus_rdkit_descriptors,9,1
rdkit_MinPartialCharge,0.00525088282302022,model_feature_importances,XGBoost,provided_plus_rdkit_descriptors,9,1
rdkit_MaxAbsPartialCharge,0.0018958257278427482,model_feature_importances,XGBoost,provided_plus_rdkit_descriptors,9,1
rdkit_MinAbsPartialCharge,0.0,model_feature_importances,XGBoost,provided_plus_rdkit_descriptors,9,1
rdkit_FpDensityMorgan1,0.0015342453261837363,model_feature_importances,XGBoost,provided_plus_rdkit_descriptors,9,1
rdkit_FpDensityMorgan2,0.009534113109111786,model_feature_importances,XGBoost,provided_plus_rdkit_descriptors,9,1
rdkit_FpDensityMorgan3,0.004759988281875849,model_feature_importances,XGBoost,provided_plus_rdkit_descriptors,9,1
rdkit_BCUT2D_MWHI,0.002554180333390832,model_feature_importances,XGBoost,provided_plus_rdkit_descriptors,9,1
rdkit_BCUT2D_MWLOW,0.006378278601914644,model_feature_importances,XGBoost,provided_plus_rdkit_descriptors,9,1
rdkit_BCUT2D_CHGHI,0.010950315743684769,model_feature_importances,XGBoost,provided_plus_rdkit_descriptors,9,1
rdkit_BCUT2D_CHGLO,0.00773230567574501,model_feature_importances,XGBoost,provided_plus_rdkit_descriptors,9,1
rdkit_BCUT2D_LOGPHI,0.01235310360789299,model_feature_importances,XGBoost,provided_plus_rdkit_descriptors,9,1
rdkit_BCUT2D_LOGPLOW,0.0007213008939288557,model_feature_importances,XGBoost,provided_plus_rdkit_descriptors,9,1
rdkit_BCUT2D_MRHI,0.0028921961784362793,model_feature_importances,XGBoost,provided_plus_rdkit_descriptors,9,1
rdkit_BCUT2D_MRLOW,0.005410034209489822,model_feature_importances,XGBoost,provided_plus_rdkit_descriptors,9,1
rdkit_AvgIpc,0.009756217710673809,model_feature_importances,XGBoost,provided_plus_rdkit_descriptors,9,1
rdkit_BalabanJ,0.005256982054561377,model_feature_importances,XGBoost,provided_plus_rdkit_descriptors,9,1
rdkit_BertzCT,0.00038119012606330216,model_feature_importances,XGBoost,provided_plus_rdkit_descriptors,9,1
rdkit_Chi0,0.0,model_feature_importances,XGBoost,provided_plus_rdkit_descriptors,9,1
rdkit_Chi0n,0.019602417945861816,model_feature_importances,XGBoost,provided_plus_rdkit_descriptors,9,1
rdkit_Chi0v,0.02484065294265747,model_feature_importances,XGBoost,provided_plus_rdkit_descriptors,9,1
rdkit_Chi1,0.0016164679545909166,model_feature_importances,XGBoost,provided_plus_rdkit_descriptors,9,1
rdkit_Chi1n,0.0020172554068267345,model_feature_importances,XGBoost,provided_plus_rdkit_descriptors,9,1
rdkit_Chi1v,0.0004484163655433804,model_feature_importances,XGBoost,provided_plus_rdkit_descriptors,9,1
rdkit_Chi2n,0.002258575987070799,model_feature_importances,XGBoost,provided_plus_rdkit_descriptors,9,1
rdkit_Chi2v,0.00027727149426937103,model_feature_importances,XGBoost,provided_plus_rdkit_descriptors,9,1
rdkit_Chi3n,0.0,model_feature_importances,XGBoost,provided_plus_rdkit_descriptors,9,1
rdkit_Chi3v,0.00024838451645337045,model_feature_importances,XGBoost,provided_plus_rdkit_descriptors,9,1
rdkit_Chi4n,0.0013359766453504562,model_feature_importances,XGBoost,provided_plus_rdkit_descriptors,9,1
rdkit_Chi4v,0.0011067480081692338,model_feature_importances,XGBoost,provided_plus_rdkit_descriptors,9,1
rdkit_HallKierAlpha,0.023529062047600746,model_feature_importances,XGBoost,provided_plus_rdkit_descriptors,9,1
rdkit_Ipc,0.0009694739710539579,model_feature_importances,XGBoost,provided_plus_rdkit_descriptors,9,1
rdkit_Kappa1,0.00164798554033041,model_feature_importances,XGBoost,provided_plus_rdkit_descriptors,9,1
rdkit_Kappa2,0.00031465664505958557,model_feature_importances,XGBoost,provided_plus_rdkit_descriptors,9,1
rdkit_Kappa3,0.002106521977111697,model_feature_importances,XGBoost,provided_plus_rdkit_descriptors,9,1
rdkit_LabuteASA,0.0005339185590855777,model_feature_importances,XGBoost,provided_plus_rdkit_descriptors,9,1
rdkit_PEOE_VSA1,0.004834165330976248,model_feature_importances,XGBoost,provided_plus_rdkit_descriptors,9,1
rdkit_PEOE_VSA10,0.00032104930141940713,model_feature_importances,XGBoost,provided_plus_rdkit_descriptors,9,1
rdkit_PEOE_VSA11,0.0024037801194936037,model_feature_importances,XGBoost,provided_plus_rdkit_descriptors,9,1
rdkit_PEOE_VSA12,0.0,model_feature_importances,XGBoost,provided_plus_rdkit_descriptors,9,1
rdkit_PEOE_VSA14,0.0,model_feature_importances,XGBoost,provided_plus_rdkit_descriptors,9,1
rdkit_PEOE_VSA2,0.0,model_feature_importances,XGBoost,provided_plus_rdkit_descriptors,9,1
rdkit_PEOE_VSA3,0.0,model_feature_importances,XGBoost,provided_plus_rdkit_descriptors,9,1
rdkit_PEOE_VSA5,0.0,model_feature_importances,XGBoost,provided_plus_rdkit_descriptors,9,1
rdkit_PEOE_VSA6,0.00021206300880294293,model_feature_importances,XGBoost,provided_plus_rdkit_descriptors,9,1
rdkit_PEOE_VSA7,0.0,model_feature_importances,XGBoost,provided_plus_rdkit_descriptors,9,1
rdkit_PEOE_VSA8,0.020964905619621277,model_feature_importances,XGBoost,provided_plus_rdkit_descriptors,9,1
rdkit_PEOE_VSA9,0.006944119464606047,model_feature_importances,XGBoost,provided_plus_rdkit_descriptors,9,1
rdkit_SMR_VSA1,0.0022123209200799465,model_feature_importances,XGBoost,provided_plus_rdkit_descriptors,9,1
rdkit_SMR_VSA10,0.002454069210216403,model_feature_importances,XGBoost,provided_plus_rdkit_descriptors,9,1
rdkit_SMR_VSA3,0.0,model_feature_importances,XGBoost,provided_plus_rdkit_descriptors,9,1
rdkit_SMR_VSA4,0.00028745559393428266,model_feature_importances,XGBoost,provided_plus_rdkit_descriptors,9,1
rdkit_SMR_VSA5,0.00025276042288169265,model_feature_importances,XGBoost,provided_plus_rdkit_descriptors,9,1
rdkit_SMR_VSA6,0.0009158048778772354,model_feature_importances,XGBoost,provided_plus_rdkit_descriptors,9,1
rdkit_SMR_VSA7,0.0,model_feature_importances,XGBoost,provided_plus_rdkit_descriptors,9,1
rdkit_SlogP_VSA1,0.0,model_feature_importances,XGBoost,provided_plus_rdkit_descriptors,9,1
rdkit_SlogP_VSA12,0.0,model_feature_importances,XGBoost,provided_plus_rdkit_descriptors,9,1
rdkit_SlogP_VSA2,0.011553259566426277,model_feature_importances,XGBoost,provided_plus_rdkit_descriptors,9,1
rdkit_SlogP_VSA3,0.010584123432636261,model_feature_importances,XGBoost,provided_plus_rdkit_descriptors,9,1
rdkit_SlogP_VSA4,0.0,model_feature_importances,XGBoost,provided_plus_rdkit_descriptors,9,1
rdkit_SlogP_VSA5,0.0020065796561539173,model_feature_importances,XGBoost,provided_plus_rdkit_descriptors,9,1
rdkit_SlogP_VSA6,0.0,model_feature_importances,XGBoost,provided_plus_rdkit_descriptors,9,1
rdkit_TPSA,0.015966417267918587,model_feature_importances,XGBoost,provided_plus_rdkit_descriptors,9,1
rdkit_EState_VSA1,0.00026867547421716154,model_feature_importances,XGBoost,provided_plus_rdkit_descriptors,9,1
rdkit_EState_VSA10,0.44782763719558716,model_feature_importances,XGBoost,provided_plus_rdkit_descriptors,9,1
rdkit_EState_VSA2,0.005876576062291861,model_feature_importances,XGBoost,provided_plus_rdkit_descriptors,9,1
rdkit_EState_VSA3,0.0,model_feature_importances,XGBoost,provided_plus_rdkit_descriptors,9,1
rdkit_EState_VSA4,0.0001765505294315517,model_feature_importances,XGBoost,provided_plus_rdkit_descriptors,9,1
rdkit_EState_VSA5,0.0,model_feature_importances,XGBoost,provided_plus_rdkit_descriptors,9,1
rdkit_EState_VSA6,0.0,model_feature_importances,XGBoost,provided_plus_rdkit_descriptors,9,1
rdkit_EState_VSA7,0.0,model_feature_importances,XGBoost,provided_plus_rdkit_descriptors,9,1
rdkit_EState_VSA8,0.0003780150436796248,model_feature_importances,XGBoost,provided_plus_rdkit_descriptors,9,1
rdkit_EState_VSA9,0.010359054431319237,model_feature_importances,XGBoost,provided_plus_rdkit_descriptors,9,1
rdkit_VSA_EState1,0.00026380756753496826,model_feature_importances,XGBoost,provided_plus_rdkit_descriptors,9,1
rdkit_VSA_EState10,0.0,model_feature_importances,XGBoost,provided_plus_rdkit_descriptors,9,1
rdkit_VSA_EState2,0.0262256171554327,model_feature_importances,XGBoost,provided_plus_rdkit_descriptors,9,1
rdkit_VSA_EState3,0.01227665226906538,model_feature_importances,XGBoost,provided_plus_rdkit_descriptors,9,1
rdkit_VSA_EState4,0.0,model_feature_importances,XGBoost,provided_plus_rdkit_descriptors,9,1
rdkit_VSA_EState5,0.003060383489355445,model_feature_importances,XGBoost,provided_plus_rdkit_descriptors,9,1
rdkit_VSA_EState6,0.0,model_feature_importances,XGBoost,provided_plus_rdkit_descriptors,9,1
rdkit_VSA_EState7,0.010496011935174465,model_feature_importances,XGBoost,provided_plus_rdkit_descriptors,9,1
rdkit_VSA_EState8,0.03920755162835121,model_feature_importances,XGBoost,provided_plus_rdkit_descriptors,9,1
rdkit_VSA_EState9,0.0,model_feature_importances,XGBoost,provided_plus_rdkit_descriptors,9,1
rdkit_FractionCSP3,0.0002568694471847266,model_feature_importances,XGBoost,provided_plus_rdkit_descriptors,9,1
rdkit_HeavyAtomCount,0.0,model_feature_importances,XGBoost,provided_plus_rdkit_descriptors,9,1
rdkit_NHOHCount,0.0,model_feature_importances,XGBoost,provided_plus_rdkit_descriptors,9,1
rdkit_NOCount,0.0,model_feature_importances,XGBoost,provided_plus_rdkit_descriptors,9,1
rdkit_NumAliphaticCarbocycles,0.0,model_feature_importances,XGBoost,provided_plus_rdkit_descriptors,9,1
rdkit_NumAliphaticHeterocycles,0.0,model_feature_importances,XGBoost,provided_plus_rdkit_descriptors,9,1
rdkit_NumAliphaticRings,0.0,model_feature_importances,XGBoost,provided_plus_rdkit_descriptors,9,1
rdkit_NumAmideBonds,0.0,model_feature_importances,XGBoost,provided_plus_rdkit_descriptors,9,1
rdkit_NumAtomStereoCenters,0.017950648441910744,model_feature_importances,XGBoost,provided_plus_rdkit_descriptors,9,1
rdkit_NumBridgeheadAtoms,0.0,model_feature_importances,XGBoost,provided_plus_rdkit_descriptors,9,1
rdkit_NumHAcceptors,0.0,model_feature_importances,XGBoost,provided_plus_rdkit_descriptors,9,1
rdkit_NumHDonors,0.0,model_feature_importances,XGBoost,provided_plus_rdkit_descriptors,9,1
rdkit_NumHeteroatoms,0.0007841684273444116,model_feature_importances,XGBoost,provided_plus_rdkit_descriptors,9,1
rdkit_NumHeterocycles,0.0,model_feature_importances,XGBoost,provided_plus_rdkit_descriptors,9,1
rdkit_NumRotatableBonds,0.0005158907733857632,model_feature_importances,XGBoost,provided_plus_rdkit_descriptors,9,1
rdkit_NumSaturatedCarbocycles,0.0,model_feature_importances,XGBoost,provided_plus_rdkit_descriptors,9,1
rdkit_NumSaturatedHeterocycles,0.0,model_feature_importances,XGBoost,provided_plus_rdkit_descriptors,9,1
rdkit_NumSaturatedRings,0.0,model_feature_importances,XGBoost,provided_plus_rdkit_descriptors,9,1
rdkit_NumUnspecifiedAtomStereoCenters,0.003907450474798679,model_feature_importances,XGBoost,provided_plus_rdkit_descriptors,9,1
rdkit_Phi,0.0051543498411774635,model_feature_importances,XGBoost,provided_plus_rdkit_descriptors,9,1
rdkit_RingCount,0.0,model_feature_importances,XGBoost,provided_plus_rdkit_descriptors,9,1
rdkit_MolLogP,0.008289852179586887,model_feature_importances,XGBoost,provided_plus_rdkit_descriptors,9,1
rdkit_MolMR,0.0023121379781514406,model_feature_importances,XGBoost,provided_plus_rdkit_descriptors,9,1
rdkit_fr_Al_COO,0.0,model_feature_importances,XGBoost,provided_plus_rdkit_descriptors,9,1
rdkit_fr_Al_OH,0.030260644853115082,model_feature_importances,XGBoost,provided_plus_rdkit_descriptors,9,1
rdkit_fr_Al_OH_noTert,0.0,model_feature_importances,XGBoost,provided_plus_rdkit_descriptors,9,1
rdkit_fr_COO,0.0,model_feature_importances,XGBoost,provided_plus_rdkit_descriptors,9,1
rdkit_fr_COO2,0.0,model_feature_importances,XGBoost,provided_plus_rdkit_descriptors,9,1
rdkit_fr_C_O,0.0,model_feature_importances,XGBoost,provided_plus_rdkit_descriptors,9,1
rdkit_fr_C_O_noCOO,0.00024781524552963674,model_feature_importances,XGBoost,provided_plus_rdkit_descriptors,9,1
rdkit_fr_NH1,0.0,model_feature_importances,XGBoost,provided_plus_rdkit_descriptors,9,1
rdkit_fr_NH2,0.0,model_feature_importances,XGBoost,provided_plus_rdkit_descriptors,9,1
rdkit_fr_aldehyde,0.0,model_feature_importances,XGBoost,provided_plus_rdkit_descriptors,9,1
rdkit_fr_alkyl_halide,0.0,model_feature_importances,XGBoost,provided_plus_rdkit_descriptors,9,1
rdkit_fr_allylic_oxid,0.0,model_feature_importances,XGBoost,provided_plus_rdkit_descriptors,9,1
rdkit_fr_amide,0.0,model_feature_importances,XGBoost,provided_plus_rdkit_descriptors,9,1
rdkit_fr_bicyclic,0.0,model_feature_importances,XGBoost,provided_plus_rdkit_descriptors,9,1
rdkit_fr_ether,0.0,model_feature_importances,XGBoost,provided_plus_rdkit_descriptors,9,1
rdkit_fr_halogen,0.0,model_feature_importances,XGBoost,provided_plus_rdkit_descriptors,9,1
rdkit_fr_ketone,0.00031155120814219117,model_feature_importances,XGBoost,provided_plus_rdkit_descriptors,9,1
rdkit_fr_ketone_Topliss,0.0,model_feature_importances,XGBoost,provided_plus_rdkit_descriptors,9,1
rdkit_fr_methoxy,0.0,model_feature_importances,XGBoost,provided_plus_rdkit_descriptors,9,1
rdkit_fr_phos_acid,0.0,model_feature_importances,XGBoost,provided_plus_rdkit_descriptors,9,1
rdkit_fr_phos_ester,0.0,model_feature_importances,XGBoost,provided_plus_rdkit_descriptors,9,1
Molecular weight (Da),0.005769942421466112,model_feature_importances,XGBoost,provided_plus_rdkit_descriptors,9,2
Solubility (mg/mL),0.016611704602837563,model_feature_importances,XGBoost,provided_plus_rdkit_descriptors,9,2
"Glass transition temperature (Tg, degC)",0.004112320486456156,model_feature_importances,XGBoost,provided_plus_rdkit_descriptors,9,2
Viscosity (mPa.s),0.0022234043572098017,model_feature_importances,XGBoost,provided_plus_rdkit_descriptors,9,2
Concentration (% w/v),0.003110975958406925,model_feature_importances,XGBoost,provided_plus_rdkit_descriptors,9,2
rdkit_MaxAbsEStateIndex,0.005374133121222258,model_feature_importances,XGBoost,provided_plus_rdkit_descriptors,9,2
rdkit_MaxEStateIndex,0.0,model_feature_importances,XGBoost,provided_plus_rdkit_descriptors,9,2
rdkit_MinAbsEStateIndex,0.01810559071600437,model_feature_importances,XGBoost,provided_plus_rdkit_descriptors,9,2
rdkit_MinEStateIndex,0.004397571086883545,model_feature_importances,XGBoost,provided_plus_rdkit_descriptors,9,2
rdkit_qed,0.0009732185280881822,model_feature_importances,XGBoost,provided_plus_rdkit_descriptors,9,2
rdkit_SPS,0.0052676452323794365,model_feature_importances,XGBoost,provided_plus_rdkit_descriptors,9,2
rdkit_MolWt,0.0,model_feature_importances,XGBoost,provided_plus_rdkit_descriptors,9,2
rdkit_HeavyAtomMolWt,0.0,model_feature_importances,XGBoost,provided_plus_rdkit_descriptors,9,2
rdkit_ExactMolWt,0.0,model_feature_importances,XGBoost,provided_plus_rdkit_descriptors,9,2
rdkit_NumValenceElectrons,0.0,model_feature_importances,XGBoost,provided_plus_rdkit_descriptors,9,2
rdkit_MaxPartialCharge,0.018202124163508415,model_feature_importances,XGBoost,provided_plus_rdkit_descriptors,9,2
rdkit_MinPartialCharge,0.011347019113600254,model_feature_importances,XGBoost,provided_plus_rdkit_descriptors,9,2
rdkit_MaxAbsPartialCharge,0.003940161317586899,model_feature_importances,XGBoost,provided_plus_rdkit_descriptors,9,2
rdkit_MinAbsPartialCharge,0.0,model_feature_importances,XGBoost,provided_plus_rdkit_descriptors,9,2
rdkit_FpDensityMorgan1,0.003502198262140155,model_feature_importances,XGBoost,provided_plus_rdkit_descriptors,9,2
rdkit_FpDensityMorgan2,0.0026156804524362087,model_feature_importances,XGBoost,provided_plus_rdkit_descriptors,9,2
rdkit_FpDensityMorgan3,0.0015957275172695518,model_feature_importances,XGBoost,provided_plus_rdkit_descriptors,9,2
rdkit_BCUT2D_MWHI,0.0024346807040274143,model_feature_importances,XGBoost,provided_plus_rdkit_descriptors,9,2
rdkit_BCUT2D_MWLOW,0.004339789040386677,model_feature_importances,XGBoost,provided_plus_rdkit_descriptors,9,2
rdkit_BCUT2D_CHGHI,0.018549691885709763,model_feature_importances,XGBoost,provided_plus_rdkit_descriptors,9,2
rdkit_BCUT2D_CHGLO,0.011876264587044716,model_feature_importances,XGBoost,provided_plus_rdkit_descriptors,9,2
rdkit_BCUT2D_LOGPHI,0.000671801099088043,model_feature_importances,XGBoost,provided_plus_rdkit_descriptors,9,2
rdkit_BCUT2D_LOGPLOW,0.017198579385876656,model_feature_importances,XGBoost,provided_plus_rdkit_descriptors,9,2
rdkit_BCUT2D_MRHI,0.005666155368089676,model_feature_importances,XGBoost,provided_plus_rdkit_descriptors,9,2
rdkit_BCUT2D_MRLOW,0.002610498806461692,model_feature_importances,XGBoost,provided_plus_rdkit_descriptors,9,2
rdkit_AvgIpc,0.010225145146250725,model_feature_importances,XGBoost,provided_plus_rdkit_descriptors,9,2
rdkit_BalabanJ,0.012084553949534893,model_feature_importances,XGBoost,provided_plus_rdkit_descriptors,9,2
rdkit_BertzCT,0.007678162306547165,model_feature_importances,XGBoost,provided_plus_rdkit_descriptors,9,2
rdkit_Chi0,0.0026707123033702374,model_feature_importances,XGBoost,provided_plus_rdkit_descriptors,9,2
rdkit_Chi0n,0.01967589557170868,model_feature_importances,XGBoost,provided_plus_rdkit_descriptors,9,2
rdkit_Chi0v,0.06265723705291748,model_feature_importances,XGBoost,provided_plus_rdkit_descriptors,9,2
rdkit_Chi1,0.0,model_feature_importances,XGBoost,provided_plus_rdkit_descriptors,9,2
rdkit_Chi1n,0.0004899943014606833,model_feature_importances,XGBoost,provided_plus_rdkit_descriptors,9,2
rdkit_Chi1v,0.0006114025018177927,model_feature_importances,XGBoost,provided_plus_rdkit_descriptors,9,2
rdkit_Chi2n,0.0006338566308841109,model_feature_importances,XGBoost,provided_plus_rdkit_descriptors,9,2
rdkit_Chi2v,0.0002442752302158624,model_feature_importances,XGBoost,provided_plus_rdkit_descriptors,9,2
rdkit_Chi3n,0.00037538306787610054,model_feature_importances,XGBoost,provided_plus_rdkit_descriptors,9,2
rdkit_Chi3v,0.0025439399760216475,model_feature_importances,XGBoost,provided_plus_rdkit_descriptors,9,2
rdkit_Chi4n,0.0,model_feature_importances,XGBoost,provided_plus_rdkit_descriptors,9,2
rdkit_Chi4v,0.005598720628768206,model_feature_importances,XGBoost,provided_plus_rdkit_descriptors,9,2
rdkit_HallKierAlpha,0.010299035347998142,model_feature_importances,XGBoost,provided_plus_rdkit_descriptors,9,2
rdkit_Ipc,0.00036368201836012304,model_feature_importances,XGBoost,provided_plus_rdkit_descriptors,9,2
rdkit_Kappa1,0.006002345122396946,model_feature_importances,XGBoost,provided_plus_rdkit_descriptors,9,2
rdkit_Kappa2,0.030984526500105858,model_feature_importances,XGBoost,provided_plus_rdkit_descriptors,9,2
rdkit_Kappa3,0.0008771574939601123,model_feature_importances,XGBoost,provided_plus_rdkit_descriptors,9,2
rdkit_LabuteASA,0.0,model_feature_importances,XGBoost,provided_plus_rdkit_descriptors,9,2
rdkit_PEOE_VSA1,0.0043847872875630856,model_feature_importances,XGBoost,provided_plus_rdkit_descriptors,9,2
rdkit_PEOE_VSA10,0.0019654801581054926,model_feature_importances,XGBoost,provided_plus_rdkit_descriptors,9,2
rdkit_PEOE_VSA11,0.004779116716235876,model_feature_importances,XGBoost,provided_plus_rdkit_descriptors,9,2
rdkit_PEOE_VSA12,0.0012111132964491844,model_feature_importances,XGBoost,provided_plus_rdkit_descriptors,9,2
rdkit_PEOE_VSA14,0.0,model_feature_importances,XGBoost,provided_plus_rdkit_descriptors,9,2
rdkit_PEOE_VSA2,0.0005829660804010928,model_feature_importances,XGBoost,provided_plus_rdkit_descriptors,9,2
rdkit_PEOE_VSA3,0.0,model_feature_importances,XGBoost,provided_plus_rdkit_descriptors,9,2
rdkit_PEOE_VSA5,0.0,model_feature_importances,XGBoost,provided_plus_rdkit_descriptors,9,2
rdkit_PEOE_VSA6,0.0,model_feature_importances,XGBoost,provided_plus_rdkit_descriptors,9,2
rdkit_PEOE_VSA7,0.005454882513731718,model_feature_importances,XGBoost,provided_plus_rdkit_descriptors,9,2
rdkit_PEOE_VSA8,0.009582292288541794,model_feature_importances,XGBoost,provided_plus_rdkit_descriptors,9,2
rdkit_PEOE_VSA9,0.0008336421451531351,model_feature_importances,XGBoost,provided_plus_rdkit_descriptors,9,2
rdkit_SMR_VSA1,0.0002677933080121875,model_feature_importances,XGBoost,provided_plus_rdkit_descriptors,9,2
rdkit_SMR_VSA10,0.007944968529045582,model_feature_importances,XGBoost,provided_plus_rdkit_descriptors,9,2
rdkit_SMR_VSA3,0.0,model_feature_importances,XGBoost,provided_plus_rdkit_descriptors,9,2
rdkit_SMR_VSA4,0.0,model_feature_importances,XGBoost,provided_plus_rdkit_descriptors,9,2
rdkit_SMR_VSA5,0.0010569586884230375,model_feature_importances,XGBoost,provided_plus_rdkit_descriptors,9,2
rdkit_SMR_VSA6,0.00038350190152414143,model_feature_importances,XGBoost,provided_plus_rdkit_descriptors,9,2
rdkit_SMR_VSA7,0.0,model_feature_importances,XGBoost,provided_plus_rdkit_descriptors,9,2
rdkit_SlogP_VSA1,0.0,model_feature_importances,XGBoost,provided_plus_rdkit_descriptors,9,2
rdkit_SlogP_VSA12,0.0,model_feature_importances,XGBoost,provided_plus_rdkit_descriptors,9,2
rdkit_SlogP_VSA2,0.05812932550907135,model_feature_importances,XGBoost,provided_plus_rdkit_descriptors,9,2
rdkit_SlogP_VSA3,0.022473372519016266,model_feature_importances,XGBoost,provided_plus_rdkit_descriptors,9,2
rdkit_SlogP_VSA4,0.0,model_feature_importances,XGBoost,provided_plus_rdkit_descriptors,9,2
rdkit_SlogP_VSA5,0.000632101611699909,model_feature_importances,XGBoost,provided_plus_rdkit_descriptors,9,2
rdkit_SlogP_VSA6,0.0,model_feature_importances,XGBoost,provided_plus_rdkit_descriptors,9,2
rdkit_TPSA,0.00035598690737970173,model_feature_importances,XGBoost,provided_plus_rdkit_descriptors,9,2
rdkit_EState_VSA1,0.008779488503932953,model_feature_importances,XGBoost,provided_plus_rdkit_descriptors,9,2
rdkit_EState_VSA10,0.3959135413169861,model_feature_importances,XGBoost,provided_plus_rdkit_descriptors,9,2
rdkit_EState_VSA2,0.007451847195625305,model_feature_importances,XGBoost,provided_plus_rdkit_descriptors,9,2
rdkit_EState_VSA3,0.0,model_feature_importances,XGBoost,provided_plus_rdkit_descriptors,9,2
rdkit_EState_VSA4,0.0,model_feature_importances,XGBoost,provided_plus_rdkit_descriptors,9,2
rdkit_EState_VSA5,0.0017225292976945639,model_feature_importances,XGBoost,provided_plus_rdkit_descriptors,9,2
rdkit_EState_VSA6,0.0,model_feature_importances,XGBoost,provided_plus_rdkit_descriptors,9,2
rdkit_EState_VSA7,0.0,model_feature_importances,XGBoost,provided_plus_rdkit_descriptors,9,2
rdkit_EState_VSA8,0.0002223401825176552,model_feature_importances,XGBoost,provided_plus_rdkit_descriptors,9,2
rdkit_EState_VSA9,0.009747830219566822,model_feature_importances,XGBoost,provided_plus_rdkit_descriptors,9,2
rdkit_VSA_EState1,0.0006113526178523898,model_feature_importances,XGBoost,provided_plus_rdkit_descriptors,9,2
rdkit_VSA_EState10,0.0,model_feature_importances,XGBoost,provided_plus_rdkit_descriptors,9,2
rdkit_VSA_EState2,0.02866174653172493,model_feature_importances,XGBoost,provided_plus_rdkit_descriptors,9,2
rdkit_VSA_EState3,0.004430742003023624,model_feature_importances,XGBoost,provided_plus_rdkit_descriptors,9,2
rdkit_VSA_EState4,0.0,model_feature_importances,XGBoost,provided_plus_rdkit_descriptors,9,2
rdkit_VSA_EState5,0.03489002212882042,model_feature_importances,XGBoost,provided_plus_rdkit_descriptors,9,2
rdkit_VSA_EState6,0.0,model_feature_importances,XGBoost,provided_plus_rdkit_descriptors,9,2
rdkit_VSA_EState7,0.006439820863306522,model_feature_importances,XGBoost,provided_plus_rdkit_descriptors,9,2
rdkit_VSA_EState8,0.022932611405849457,model_feature_importances,XGBoost,provided_plus_rdkit_descriptors,9,2
rdkit_VSA_EState9,0.0,model_feature_importances,XGBoost,provided_plus_rdkit_descriptors,9,2
rdkit_FractionCSP3,0.0002837731735780835,model_feature_importances,XGBoost,provided_plus_rdkit_descriptors,9,2
rdkit_HeavyAtomCount,0.0,model_feature_importances,XGBoost,provided_plus_rdkit_descriptors,9,2
rdkit_NHOHCount,0.0,model_feature_importances,XGBoost,provided_plus_rdkit_descriptors,9,2
rdkit_NOCount,0.0,model_feature_importances,XGBoost,provided_plus_rdkit_descriptors,9,2
rdkit_NumAliphaticCarbocycles,0.0,model_feature_importances,XGBoost,provided_plus_rdkit_descriptors,9,2
rdkit_NumAliphaticHeterocycles,0.0,model_feature_importances,XGBoost,provided_plus_rdkit_descriptors,9,2
rdkit_NumAliphaticRings,0.0,model_feature_importances,XGBoost,provided_plus_rdkit_descriptors,9,2
rdkit_NumAmideBonds,0.0,model_feature_importances,XGBoost,provided_plus_rdkit_descriptors,9,2
rdkit_NumAtomStereoCenters,0.00048469851026311517,model_feature_importances,XGBoost,provided_plus_rdkit_descriptors,9,2
rdkit_NumBridgeheadAtoms,0.0,model_feature_importances,XGBoost,provided_plus_rdkit_descriptors,9,2
rdkit_NumHAcceptors,0.0,model_feature_importances,XGBoost,provided_plus_rdkit_descriptors,9,2
rdkit_NumHDonors,0.0,model_feature_importances,XGBoost,provided_plus_rdkit_descriptors,9,2
rdkit_NumHeteroatoms,0.0,model_feature_importances,XGBoost,provided_plus_rdkit_descriptors,9,2
rdkit_NumHeterocycles,0.0,model_feature_importances,XGBoost,provided_plus_rdkit_descriptors,9,2
rdkit_NumRotatableBonds,0.00048028744640760124,model_feature_importances,XGBoost,provided_plus_rdkit_descriptors,9,2
rdkit_NumSaturatedCarbocycles,0.0,model_feature_importances,XGBoost,provided_plus_rdkit_descriptors,9,2
rdkit_NumSaturatedHeterocycles,0.0,model_feature_importances,XGBoost,provided_plus_rdkit_descriptors,9,2
rdkit_NumSaturatedRings,0.0,model_feature_importances,XGBoost,provided_plus_rdkit_descriptors,9,2
rdkit_NumUnspecifiedAtomStereoCenters,0.0046099270693957806,model_feature_importances,XGBoost,provided_plus_rdkit_descriptors,9,2
rdkit_Phi,0.0005937287933193147,model_feature_importances,XGBoost,provided_plus_rdkit_descriptors,9,2
rdkit_RingCount,0.0,model_feature_importances,XGBoost,provided_plus_rdkit_descriptors,9,2
rdkit_MolLogP,0.004839790984988213,model_feature_importances,XGBoost,provided_plus_rdkit_descriptors,9,2
rdkit_MolMR,0.0004776613786816597,model_feature_importances,XGBoost,provided_plus_rdkit_descriptors,9,2
rdkit_fr_Al_COO,0.0,model_feature_importances,XGBoost,provided_plus_rdkit_descriptors,9,2
rdkit_fr_Al_OH,6.243590178200975e-05,model_feature_importances,XGBoost,provided_plus_rdkit_descriptors,9,2
rdkit_fr_Al_OH_noTert,0.0,model_feature_importances,XGBoost,provided_plus_rdkit_descriptors,9,2
rdkit_fr_COO,0.0,model_feature_importances,XGBoost,provided_plus_rdkit_descriptors,9,2
rdkit_fr_COO2,0.0,model_feature_importances,XGBoost,provided_plus_rdkit_descriptors,9,2
rdkit_fr_C_O,0.0,model_feature_importances,XGBoost,provided_plus_rdkit_descriptors,9,2
rdkit_fr_C_O_noCOO,0.0,model_feature_importances,XGBoost,provided_plus_rdkit_descriptors,9,2
rdkit_fr_NH1,0.0,model_feature_importances,XGBoost,provided_plus_rdkit_descriptors,9,2
rdkit_fr_NH2,0.0,model_feature_importances,XGBoost,provided_plus_rdkit_descriptors,9,2
rdkit_fr_aldehyde,0.0010174019262194633,model_feature_importances,XGBoost,provided_plus_rdkit_descriptors,9,2
rdkit_fr_alkyl_halide,0.0,model_feature_importances,XGBoost,provided_plus_rdkit_descriptors,9,2
rdkit_fr_allylic_oxid,0.0,model_feature_importances,XGBoost,provided_plus_rdkit_descriptors,9,2
rdkit_fr_amide,0.0,model_feature_importances,XGBoost,provided_plus_rdkit_descriptors,9,2
rdkit_fr_bicyclic,0.0,model_feature_importances,XGBoost,provided_plus_rdkit_descriptors,9,2
rdkit_fr_ether,0.0,model_feature_importances,XGBoost,provided_plus_rdkit_descriptors,9,2
rdkit_fr_halogen,0.0,model_feature_importances,XGBoost,provided_plus_rdkit_descriptors,9,2
rdkit_fr_ketone,0.000795187777839601,model_feature_importances,XGBoost,provided_plus_rdkit_descriptors,9,2
rdkit_fr_ketone_Topliss,0.0,model_feature_importances,XGBoost,provided_plus_rdkit_descriptors,9,2
rdkit_fr_methoxy,0.0,model_feature_importances,XGBoost,provided_plus_rdkit_descriptors,9,2
rdkit_fr_phos_acid,0.0,model_feature_importances,XGBoost,provided_plus_rdkit_descriptors,9,2
rdkit_fr_phos_ester,0.0,model_feature_importances,XGBoost,provided_plus_rdkit_descriptors,9,2
Molecular weight (Da),0.0023357439786195755,model_feature_importances,XGBoost,provided_plus_rdkit_descriptors,9,3
Solubility (mg/mL),0.017670219764113426,model_feature_importances,XGBoost,provided_plus_rdkit_descriptors,9,3
"Glass transition temperature (Tg, degC)",0.003624026430770755,model_feature_importances,XGBoost,provided_plus_rdkit_descriptors,9,3
Viscosity (mPa.s),0.0016777977580204606,model_feature_importances,XGBoost,provided_plus_rdkit_descriptors,9,3
Concentration (% w/v),0.0036564322654157877,model_feature_importances,XGBoost,provided_plus_rdkit_descriptors,9,3
rdkit_MaxAbsEStateIndex,0.008780977688729763,model_feature_importances,XGBoost,provided_plus_rdkit_descriptors,9,3
rdkit_MaxEStateIndex,0.0,model_feature_importances,XGBoost,provided_plus_rdkit_descriptors,9,3
rdkit_MinAbsEStateIndex,0.012917226180434227,model_feature_importances,XGBoost,provided_plus_rdkit_descriptors,9,3
rdkit_MinEStateIndex,0.003998415544629097,model_feature_importances,XGBoost,provided_plus_rdkit_descriptors,9,3
rdkit_qed,0.004226905293762684,model_feature_importances,XGBoost,provided_plus_rdkit_descriptors,9,3
rdkit_SPS,0.008223658427596092,model_feature_importances,XGBoost,provided_plus_rdkit_descriptors,9,3
rdkit_MolWt,0.0,model_feature_importances,XGBoost,provided_plus_rdkit_descriptors,9,3
rdkit_HeavyAtomMolWt,0.0,model_feature_importances,XGBoost,provided_plus_rdkit_descriptors,9,3
rdkit_ExactMolWt,0.0,model_feature_importances,XGBoost,provided_plus_rdkit_descriptors,9,3
rdkit_NumValenceElectrons,0.0,model_feature_importances,XGBoost,provided_plus_rdkit_descriptors,9,3
rdkit_MaxPartialCharge,0.03276512771844864,model_feature_importances,XGBoost,provided_plus_rdkit_descriptors,9,3
rdkit_MinPartialCharge,0.005164501257240772,model_feature_importances,XGBoost,provided_plus_rdkit_descriptors,9,3
rdkit_MaxAbsPartialCharge,0.004271629732102156,model_feature_importances,XGBoost,provided_plus_rdkit_descriptors,9,3
rdkit_MinAbsPartialCharge,0.0,model_feature_importances,XGBoost,provided_plus_rdkit_descriptors,9,3
rdkit_FpDensityMorgan1,0.0019698557443916798,model_feature_importances,XGBoost,provided_plus_rdkit_descriptors,9,3
rdkit_FpDensityMorgan2,0.00130058778449893,model_feature_importances,XGBoost,provided_plus_rdkit_descriptors,9,3
rdkit_FpDensityMorgan3,0.0029355445876717567,model_feature_importances,XGBoost,provided_plus_rdkit_descriptors,9,3
rdkit_BCUT2D_MWHI,0.003033039392903447,model_feature_importances,XGBoost,provided_plus_rdkit_descriptors,9,3
rdkit_BCUT2D_MWLOW,0.007381897419691086,model_feature_importances,XGBoost,provided_plus_rdkit_descriptors,9,3
rdkit_BCUT2D_CHGHI,0.008767769671976566,model_feature_importances,XGBoost,provided_plus_rdkit_descriptors,9,3
rdkit_BCUT2D_CHGLO,0.0140945790335536,model_feature_importances,XGBoost,provided_plus_rdkit_descriptors,9,3
rdkit_BCUT2D_LOGPHI,0.001719747786410153,model_feature_importances,XGBoost,provided_plus_rdkit_descriptors,9,3
rdkit_BCUT2D_LOGPLOW,0.000559706415515393,model_feature_importances,XGBoost,provided_plus_rdkit_descriptors,9,3
rdkit_BCUT2D_MRHI,0.002161242300644517,model_feature_importances,XGBoost,provided_plus_rdkit_descriptors,9,3
rdkit_BCUT2D_MRLOW,0.009252762421965599,model_feature_importances,XGBoost,provided_plus_rdkit_descriptors,9,3
rdkit_AvgIpc,0.020244086161255836,model_feature_importances,XGBoost,provided_plus_rdkit_descriptors,9,3
rdkit_BalabanJ,0.0007688983459956944,model_feature_importances,XGBoost,provided_plus_rdkit_descriptors,9,3
rdkit_BertzCT,0.0010080495849251747,model_feature_importances,XGBoost,provided_plus_rdkit_descriptors,9,3
rdkit_Chi0,0.00016564627003390342,model_feature_importances,XGBoost,provided_plus_rdkit_descriptors,9,3
rdkit_Chi0n,0.003003285266458988,model_feature_importances,XGBoost,provided_plus_rdkit_descriptors,9,3
rdkit_Chi0v,0.06231803447008133,model_feature_importances,XGBoost,provided_plus_rdkit_descriptors,9,3
rdkit_Chi1,0.0004544180119410157,model_feature_importances,XGBoost,provided_plus_rdkit_descriptors,9,3
rdkit_Chi1n,0.00033129245275631547,model_feature_importances,XGBoost,provided_plus_rdkit_descriptors,9,3
rdkit_Chi1v,0.002409388544037938,model_feature_importances,XGBoost,provided_plus_rdkit_descriptors,9,3
rdkit_Chi2n,0.0030814087949693203,model_feature_importances,XGBoost,provided_plus_rdkit_descriptors,9,3
rdkit_Chi2v,0.0001581836841069162,model_feature_importances,XGBoost,provided_plus_rdkit_descriptors,9,3
rdkit_Chi3n,0.00019111164147034287,model_feature_importances,XGBoost,provided_plus_rdkit_descriptors,9,3
rdkit_Chi3v,0.00013883085921406746,model_feature_importances,XGBoost,provided_plus_rdkit_descriptors,9,3
rdkit_Chi4n,0.0,model_feature_importances,XGBoost,provided_plus_rdkit_descriptors,9,3
rdkit_Chi4v,0.00161284813657403,model_feature_importances,XGBoost,provided_plus_rdkit_descriptors,9,3
rdkit_HallKierAlpha,0.031665049493312836,model_feature_importances,XGBoost,provided_plus_rdkit_descriptors,9,3
rdkit_Ipc,0.0011223602341488004,model_feature_importances,XGBoost,provided_plus_rdkit_descriptors,9,3
rdkit_Kappa1,0.003566225990653038,model_feature_importances,XGBoost,provided_plus_rdkit_descriptors,9,3
rdkit_Kappa2,0.0012608683900907636,model_feature_importances,XGBoost,provided_plus_rdkit_descriptors,9,3
rdkit_Kappa3,0.002806036965921521,model_feature_importances,XGBoost,provided_plus_rdkit_descriptors,9,3
rdkit_LabuteASA,0.0,model_feature_importances,XGBoost,provided_plus_rdkit_descriptors,9,3
rdkit_PEOE_VSA1,0.0034697747323662043,model_feature_importances,XGBoost,provided_plus_rdkit_descriptors,9,3
rdkit_PEOE_VSA10,0.0015774881467223167,model_feature_importances,XGBoost,provided_plus_rdkit_descriptors,9,3
rdkit_PEOE_VSA11,0.009968667291104794,model_feature_importances,XGBoost,provided_plus_rdkit_descriptors,9,3
rdkit_PEOE_VSA12,0.005442490801215172,model_feature_importances,XGBoost,provided_plus_rdkit_descriptors,9,3
rdkit_PEOE_VSA14,0.0,model_feature_importances,XGBoost,provided_plus_rdkit_descriptors,9,3
rdkit_PEOE_VSA2,0.0021597566083073616,model_feature_importances,XGBoost,provided_plus_rdkit_descriptors,9,3
rdkit_PEOE_VSA3,0.0,model_feature_importances,XGBoost,provided_plus_rdkit_descriptors,9,3
rdkit_PEOE_VSA5,0.0,model_feature_importances,XGBoost,provided_plus_rdkit_descriptors,9,3
rdkit_PEOE_VSA6,0.0001846517698140815,model_feature_importances,XGBoost,provided_plus_rdkit_descriptors,9,3
rdkit_PEOE_VSA7,0.005006569437682629,model_feature_importances,XGBoost,provided_plus_rdkit_descriptors,9,3
rdkit_PEOE_VSA8,0.00028975686291232705,model_feature_importances,XGBoost,provided_plus_rdkit_descriptors,9,3
rdkit_PEOE_VSA9,0.022490905597805977,model_feature_importances,XGBoost,provided_plus_rdkit_descriptors,9,3
rdkit_SMR_VSA1,0.0024297654163092375,model_feature_importances,XGBoost,provided_plus_rdkit_descriptors,9,3
rdkit_SMR_VSA10,0.0011806015390902758,model_feature_importances,XGBoost,provided_plus_rdkit_descriptors,9,3
rdkit_SMR_VSA3,0.0,model_feature_importances,XGBoost,provided_plus_rdkit_descriptors,9,3
rdkit_SMR_VSA4,0.0,model_feature_importances,XGBoost,provided_plus_rdkit_descriptors,9,3
rdkit_SMR_VSA5,0.0007550340378656983,model_feature_importances,XGBoost,provided_plus_rdkit_descriptors,9,3
rdkit_SMR_VSA6,7.011355046415702e-05,model_feature_importances,XGBoost,provided_plus_rdkit_descriptors,9,3
rdkit_SMR_VSA7,0.0,model_feature_importances,XGBoost,provided_plus_rdkit_descriptors,9,3
rdkit_SlogP_VSA1,0.0,model_feature_importances,XGBoost,provided_plus_rdkit_descriptors,9,3
rdkit_SlogP_VSA12,0.0,model_feature_importances,XGBoost,provided_plus_rdkit_descriptors,9,3
rdkit_SlogP_VSA2,0.008979247882962227,model_feature_importances,XGBoost,provided_plus_rdkit_descriptors,9,3
rdkit_SlogP_VSA3,0.028514156118035316,model_feature_importances,XGBoost,provided_plus_rdkit_descriptors,9,3
rdkit_SlogP_VSA4,0.0,model_feature_importances,XGBoost,provided_plus_rdkit_descriptors,9,3
rdkit_SlogP_VSA5,0.00014892179751768708,model_feature_importances,XGBoost,provided_plus_rdkit_descriptors,9,3
rdkit_SlogP_VSA6,0.0,model_feature_importances,XGBoost,provided_plus_rdkit_descriptors,9,3
rdkit_TPSA,0.0008954359800554812,model_feature_importances,XGBoost,provided_plus_rdkit_descriptors,9,3
rdkit_EState_VSA1,0.0006250066799111664,model_feature_importances,XGBoost,provided_plus_rdkit_descriptors,9,3
rdkit_EState_VSA10,0.4425114095211029,model_feature_importances,XGBoost,provided_plus_rdkit_descriptors,9,3
rdkit_EState_VSA2,0.005788269452750683,model_feature_importances,XGBoost,provided_plus_rdkit_descriptors,9,3
rdkit_EState_VSA3,0.005812656134366989,model_feature_importances,XGBoost,provided_plus_rdkit_descriptors,9,3
rdkit_EState_VSA4,0.0,model_feature_importances,XGBoost,provided_plus_rdkit_descriptors,9,3
rdkit_EState_VSA5,0.008312144316732883,model_feature_importances,XGBoost,provided_plus_rdkit_descriptors,9,3
rdkit_EState_VSA6,0.0,model_feature_importances,XGBoost,provided_plus_rdkit_descriptors,9,3
rdkit_EState_VSA7,0.0,model_feature_importances,XGBoost,provided_plus_rdkit_descriptors,9,3
rdkit_EState_VSA8,0.003292802954092622,model_feature_importances,XGBoost,provided_plus_rdkit_descriptors,9,3
rdkit_EState_VSA9,0.002074861666187644,model_feature_importances,XGBoost,provided_plus_rdkit_descriptors,9,3
rdkit_VSA_EState1,0.00024176172155421227,model_feature_importances,XGBoost,provided_plus_rdkit_descriptors,9,3
rdkit_VSA_EState10,0.0,model_feature_importances,XGBoost,provided_plus_rdkit_descriptors,9,3
rdkit_VSA_EState2,0.00200423551723361,model_feature_importances,XGBoost,provided_plus_rdkit_descriptors,9,3
rdkit_VSA_EState3,0.023990223184227943,model_feature_importances,XGBoost,provided_plus_rdkit_descriptors,9,3
rdkit_VSA_EState4,0.0,model_feature_importances,XGBoost,provided_plus_rdkit_descriptors,9,3
rdkit_VSA_EState5,0.0008804475073702633,model_feature_importances,XGBoost,provided_plus_rdkit_descriptors,9,3
rdkit_VSA_EState6,0.0,model_feature_importances,XGBoost,provided_plus_rdkit_descriptors,9,3
rdkit_VSA_EState7,0.004601992666721344,model_feature_importances,XGBoost,provided_plus_rdkit_descriptors,9,3
rdkit_VSA_EState8,0.029901746660470963,model_feature_importances,XGBoost,provided_plus_rdkit_descriptors,9,3
rdkit_VSA_EState9,0.0,model_feature_importances,XGBoost,provided_plus_rdkit_descriptors,9,3
rdkit_FractionCSP3,0.013604264706373215,model_feature_importances,XGBoost,provided_plus_rdkit_descriptors,9,3
rdkit_HeavyAtomCount,0.0,model_feature_importances,XGBoost,provided_plus_rdkit_descriptors,9,3
rdkit_NHOHCount,0.00026794220320880413,model_feature_importances,XGBoost,provided_plus_rdkit_descriptors,9,3
rdkit_NOCount,0.0,model_feature_importances,XGBoost,provided_plus_rdkit_descriptors,9,3
rdkit_NumAliphaticCarbocycles,0.0,model_feature_importances,XGBoost,provided_plus_rdkit_descriptors,9,3
rdkit_NumAliphaticHeterocycles,0.0,model_feature_importances,XGBoost,provided_plus_rdkit_descriptors,9,3
rdkit_NumAliphaticRings,0.0,model_feature_importances,XGBoost,provided_plus_rdkit_descriptors,9,3
rdkit_NumAmideBonds,0.0,model_feature_importances,XGBoost,provided_plus_rdkit_descriptors,9,3
rdkit_NumAtomStereoCenters,0.002745774807408452,model_feature_importances,XGBoost,provided_plus_rdkit_descriptors,9,3
rdkit_NumBridgeheadAtoms,0.0,model_feature_importances,XGBoost,provided_plus_rdkit_descriptors,9,3
rdkit_NumHAcceptors,0.0,model_feature_importances,XGBoost,provided_plus_rdkit_descriptors,9,3
rdkit_NumHDonors,0.0,model_feature_importances,XGBoost,provided_plus_rdkit_descriptors,9,3
rdkit_NumHeteroatoms,0.0,model_feature_importances,XGBoost,provided_plus_rdkit_descriptors,9,3
rdkit_NumHeterocycles,0.0,model_feature_importances,XGBoost,provided_plus_rdkit_descriptors,9,3
rdkit_NumRotatableBonds,0.0010488409316167235,model_feature_importances,XGBoost,provided_plus_rdkit_descriptors,9,3
rdkit_NumSaturatedCarbocycles,0.0,model_feature_importances,XGBoost,provided_plus_rdkit_descriptors,9,3
rdkit_NumSaturatedHeterocycles,0.0,model_feature_importances,XGBoost,provided_plus_rdkit_descriptors,9,3
rdkit_NumSaturatedRings,0.0,model_feature_importances,XGBoost,provided_plus_rdkit_descriptors,9,3
rdkit_NumUnspecifiedAtomStereoCenters,0.0015028681373223662,model_feature_importances,XGBoost,provided_plus_rdkit_descriptors,9,3
rdkit_Phi,9.425745520275086e-05,model_feature_importances,XGBoost,provided_plus_rdkit_descriptors,9,3
rdkit_RingCount,0.0,model_feature_importances,XGBoost,provided_plus_rdkit_descriptors,9,3
rdkit_MolLogP,0.03937111049890518,model_feature_importances,XGBoost,provided_plus_rdkit_descriptors,9,3
rdkit_MolMR,0.0008624733309261501,model_feature_importances,XGBoost,provided_plus_rdkit_descriptors,9,3
rdkit_fr_Al_COO,0.0,model_feature_importances,XGBoost,provided_plus_rdkit_descriptors,9,3
rdkit_fr_Al_OH,0.017878245562314987,model_feature_importances,XGBoost,provided_plus_rdkit_descriptors,9,3
rdkit_fr_Al_OH_noTert,0.0,model_feature_importances,XGBoost,provided_plus_rdkit_descriptors,9,3
rdkit_fr_COO,0.0,model_feature_importances,XGBoost,provided_plus_rdkit_descriptors,9,3
rdkit_fr_COO2,0.0,model_feature_importances,XGBoost,provided_plus_rdkit_descriptors,9,3
rdkit_fr_C_O,0.0,model_feature_importances,XGBoost,provided_plus_rdkit_descriptors,9,3
rdkit_fr_C_O_noCOO,0.0,model_feature_importances,XGBoost,provided_plus_rdkit_descriptors,9,3
rdkit_fr_NH1,0.0,model_feature_importances,XGBoost,provided_plus_rdkit_descriptors,9,3
rdkit_fr_NH2,0.0,model_feature_importances,XGBoost,provided_plus_rdkit_descriptors,9,3
rdkit_fr_aldehyde,0.00022793769312556833,model_feature_importances,XGBoost,provided_plus_rdkit_descriptors,9,3
rdkit_fr_alkyl_halide,0.0,model_feature_importances,XGBoost,provided_plus_rdkit_descriptors,9,3
rdkit_fr_allylic_oxid,0.0,model_feature_importances,XGBoost,provided_plus_rdkit_descriptors,9,3
rdkit_fr_amide,0.0,model_feature_importances,XGBoost,provided_plus_rdkit_descriptors,9,3
rdkit_fr_bicyclic,0.0,model_feature_importances,XGBoost,provided_plus_rdkit_descriptors,9,3
rdkit_fr_ether,0.0,model_feature_importances,XGBoost,provided_plus_rdkit_descriptors,9,3
rdkit_fr_halogen,0.0,model_feature_importances,XGBoost,provided_plus_rdkit_descriptors,9,3
rdkit_fr_ketone,0.0,model_feature_importances,XGBoost,provided_plus_rdkit_descriptors,9,3
rdkit_fr_ketone_Topliss,0.0,model_feature_importances,XGBoost,provided_plus_rdkit_descriptors,9,3
rdkit_fr_methoxy,0.0,model_feature_importances,XGBoost,provided_plus_rdkit_descriptors,9,3
rdkit_fr_phos_acid,0.0,model_feature_importances,XGBoost,provided_plus_rdkit_descriptors,9,3
rdkit_fr_phos_ester,0.0,model_feature_importances,XGBoost,provided_plus_rdkit_descriptors,9,3
Molecular weight (Da),0.003069333964958787,model_feature_importances,XGBoost,provided_plus_rdkit_descriptors,9,4
Solubility (mg/mL),0.011601522564888,model_feature_importances,XGBoost,provided_plus_rdkit_descriptors,9,4
"Glass transition temperature (Tg, degC)",0.00675564119592309,model_feature_importances,XGBoost,provided_plus_rdkit_descriptors,9,4
Viscosity (mPa.s),0.0017073767958208919,model_feature_importances,XGBoost,provided_plus_rdkit_descriptors,9,4
Concentration (% w/v),0.003659243695437908,model_feature_importances,XGBoost,provided_plus_rdkit_descriptors,9,4
rdkit_MaxAbsEStateIndex,0.012302786111831665,model_feature_importances,XGBoost,provided_plus_rdkit_descriptors,9,4
rdkit_MaxEStateIndex,0.0,model_feature_importances,XGBoost,provided_plus_rdkit_descriptors,9,4
rdkit_MinAbsEStateIndex,0.00547059578821063,model_feature_importances,XGBoost,provided_plus_rdkit_descriptors,9,4
rdkit_MinEStateIndex,0.009350238367915154,model_feature_importances,XGBoost,provided_plus_rdkit_descriptors,9,4
rdkit_qed,0.005933478008955717,model_feature_importances,XGBoost,provided_plus_rdkit_descriptors,9,4
rdkit_SPS,0.0037350452039390802,model_feature_importances,XGBoost,provided_plus_rdkit_descriptors,9,4
rdkit_MolWt,0.0,model_feature_importances,XGBoost,provided_plus_rdkit_descriptors,9,4
rdkit_HeavyAtomMolWt,0.0,model_feature_importances,XGBoost,provided_plus_rdkit_descriptors,9,4
rdkit_ExactMolWt,0.0,model_feature_importances,XGBoost,provided_plus_rdkit_descriptors,9,4
rdkit_NumValenceElectrons,0.0,model_feature_importances,XGBoost,provided_plus_rdkit_descriptors,9,4
rdkit_MaxPartialCharge,0.025050539523363113,model_feature_importances,XGBoost,provided_plus_rdkit_descriptors,9,4
rdkit_MinPartialCharge,0.009959869086742401,model_feature_importances,XGBoost,provided_plus_rdkit_descriptors,9,4
rdkit_MaxAbsPartialCharge,0.0014963748399168253,model_feature_importances,XGBoost,provided_plus_rdkit_descriptors,9,4
rdkit_MinAbsPartialCharge,0.0,model_feature_importances,XGBoost,provided_plus_rdkit_descriptors,9,4
rdkit_FpDensityMorgan1,0.00367716234177351,model_feature_importances,XGBoost,provided_plus_rdkit_descriptors,9,4
rdkit_FpDensityMorgan2,0.0017256978899240494,model_feature_importances,XGBoost,provided_plus_rdkit_descriptors,9,4
rdkit_FpDensityMorgan3,0.00604591891169548,model_feature_importances,XGBoost,provided_plus_rdkit_descriptors,9,4
rdkit_BCUT2D_MWHI,0.002140986267477274,model_feature_importances,XGBoost,provided_plus_rdkit_descriptors,9,4
rdkit_BCUT2D_MWLOW,0.03308571130037308,model_feature_importances,XGBoost,provided_plus_rdkit_descriptors,9,4
rdkit_BCUT2D_CHGHI,0.001963990041986108,model_feature_importances,XGBoost,provided_plus_rdkit_descriptors,9,4
rdkit_BCUT2D_CHGLO,0.015330863185226917,model_feature_importances,XGBoost,provided_plus_rdkit_descriptors,9,4
rdkit_BCUT2D_LOGPHI,0.0002055653021670878,model_feature_importances,XGBoost,provided_plus_rdkit_descriptors,9,4
rdkit_BCUT2D_LOGPLOW,0.00010212830238742754,model_feature_importances,XGBoost,provided_plus_rdkit_descriptors,9,4
rdkit_BCUT2D_MRHI,0.004625800531357527,model_feature_importances,XGBoost,provided_plus_rdkit_descriptors,9,4
rdkit_BCUT2D_MRLOW,0.01788906939327717,model_feature_importances,XGBoost,provided_plus_rdkit_descriptors,9,4
rdkit_AvgIpc,0.010630575940012932,model_feature_importances,XGBoost,provided_plus_rdkit_descriptors,9,4
rdkit_BalabanJ,0.005606945138424635,model_feature_importances,XGBoost,provided_plus_rdkit_descriptors,9,4
rdkit_BertzCT,0.0017108130268752575,model_feature_importances,XGBoost,provided_plus_rdkit_descriptors,9,4
rdkit_Chi0,0.0009388190228492022,model_feature_importances,XGBoost,provided_plus_rdkit_descriptors,9,4
rdkit_Chi0n,0.00012905125913675874,model_feature_importances,XGBoost,provided_plus_rdkit_descriptors,9,4
rdkit_Chi0v,0.03454026207327843,model_feature_importances,XGBoost,provided_plus_rdkit_descriptors,9,4
rdkit_Chi1,7.476941391360015e-05,model_feature_importances,XGBoost,provided_plus_rdkit_descriptors,9,4
rdkit_Chi1n,0.00025350143550895154,model_feature_importances,XGBoost,provided_plus_rdkit_descriptors,9,4
rdkit_Chi1v,0.002484546974301338,model_feature_importances,XGBoost,provided_plus_rdkit_descriptors,9,4
rdkit_Chi2n,0.004578076768666506,model_feature_importances,XGBoost,provided_plus_rdkit_descriptors,9,4
rdkit_Chi2v,0.0002744905068539083,model_feature_importances,XGBoost,provided_plus_rdkit_descriptors,9,4
rdkit_Chi3n,0.00011208625073777512,model_feature_importances,XGBoost,provided_plus_rdkit_descriptors,9,4
rdkit_Chi3v,0.00013169890735298395,model_feature_importances,XGBoost,provided_plus_rdkit_descriptors,9,4
rdkit_Chi4n,0.0007489948184229434,model_feature_importances,XGBoost,provided_plus_rdkit_descriptors,9,4
rdkit_Chi4v,0.00166106887627393,model_feature_importances,XGBoost,provided_plus_rdkit_descriptors,9,4
rdkit_HallKierAlpha,0.09253574162721634,model_feature_importances,XGBoost,provided_plus_rdkit_descriptors,9,4
rdkit_Ipc,0.002585320733487606,model_feature_importances,XGBoost,provided_plus_rdkit_descriptors,9,4
rdkit_Kappa1,0.0009815746452659369,model_feature_importances,XGBoost,provided_plus_rdkit_descriptors,9,4
rdkit_Kappa2,0.00150978600140661,model_feature_importances,XGBoost,provided_plus_rdkit_descriptors,9,4
rdkit_Kappa3,0.002578388899564743,model_feature_importances,XGBoost,provided_plus_rdkit_descriptors,9,4
rdkit_LabuteASA,0.0009076170972548425,model_feature_importances,XGBoost,provided_plus_rdkit_descriptors,9,4
rdkit_PEOE_VSA1,0.015218728221952915,model_feature_importances,XGBoost,provided_plus_rdkit_descriptors,9,4
rdkit_PEOE_VSA10,0.021308263763785362,model_feature_importances,XGBoost,provided_plus_rdkit_descriptors,9,4
rdkit_PEOE_VSA11,0.0017225397750735283,model_feature_importances,XGBoost,provided_plus_rdkit_descriptors,9,4
rdkit_PEOE_VSA12,0.0010630165925249457,model_feature_importances,XGBoost,provided_plus_rdkit_descriptors,9,4
rdkit_PEOE_VSA14,0.0,model_feature_importances,XGBoost,provided_plus_rdkit_descriptors,9,4
rdkit_PEOE_VSA2,0.00014759108307771385,model_feature_importances,XGBoost,provided_plus_rdkit_descriptors,9,4
rdkit_PEOE_VSA3,0.0,model_feature_importances,XGBoost,provided_plus_rdkit_descriptors,9,4
rdkit_PEOE_VSA5,0.0,model_feature_importances,XGBoost,provided_plus_rdkit_descriptors,9,4
rdkit_PEOE_VSA6,0.0,model_feature_importances,XGBoost,provided_plus_rdkit_descriptors,9,4
rdkit_PEOE_VSA7,0.0030658210162073374,model_feature_importances,XGBoost,provided_plus_rdkit_descriptors,9,4
rdkit_PEOE_VSA8,0.0,model_feature_importances,XGBoost,provided_plus_rdkit_descriptors,9,4
rdkit_PEOE_VSA9,0.0004633004136849195,model_feature_importances,XGBoost,provided_plus_rdkit_descriptors,9,4
rdkit_SMR_VSA1,0.00028075138106942177,model_feature_importances,XGBoost,provided_plus_rdkit_descriptors,9,4
rdkit_SMR_VSA10,0.011016812175512314,model_feature_importances,XGBoost,provided_plus_rdkit_descriptors,9,4
rdkit_SMR_VSA3,0.0,model_feature_importances,XGBoost,provided_plus_rdkit_descriptors,9,4
rdkit_SMR_VSA4,0.0006279269582591951,model_feature_importances,XGBoost,provided_plus_rdkit_descriptors,9,4
rdkit_SMR_VSA5,0.0034244335256516933,model_feature_importances,XGBoost,provided_plus_rdkit_descriptors,9,4
rdkit_SMR_VSA6,0.0005961121059954166,model_feature_importances,XGBoost,provided_plus_rdkit_descriptors,9,4
rdkit_SMR_VSA7,0.0,model_feature_importances,XGBoost,provided_plus_rdkit_descriptors,9,4
rdkit_SlogP_VSA1,0.0,model_feature_importances,XGBoost,provided_plus_rdkit_descriptors,9,4
rdkit_SlogP_VSA12,0.0,model_feature_importances,XGBoost,provided_plus_rdkit_descriptors,9,4
rdkit_SlogP_VSA2,0.012671716511249542,model_feature_importances,XGBoost,provided_plus_rdkit_descriptors,9,4
rdkit_SlogP_VSA3,0.004375889431685209,model_feature_importances,XGBoost,provided_plus_rdkit_descriptors,9,4
rdkit_SlogP_VSA4,0.0,model_feature_importances,XGBoost,provided_plus_rdkit_descriptors,9,4
rdkit_SlogP_VSA5,0.011646772734820843,model_feature_importances,XGBoost,provided_plus_rdkit_descriptors,9,4
rdkit_SlogP_VSA6,0.0,model_feature_importances,XGBoost,provided_plus_rdkit_descriptors,9,4
rdkit_TPSA,0.0,model_feature_importances,XGBoost,provided_plus_rdkit_descriptors,9,4
rdkit_EState_VSA1,0.0011231186799705029,model_feature_importances,XGBoost,provided_plus_rdkit_descriptors,9,4
rdkit_EState_VSA10,0.27108925580978394,model_feature_importances,XGBoost,provided_plus_rdkit_descriptors,9,4
rdkit_EState_VSA2,0.005584910046309233,model_feature_importances,XGBoost,provided_plus_rdkit_descriptors,9,4
rdkit_EState_VSA3,0.0021593610290437937,model_feature_importances,XGBoost,provided_plus_rdkit_descriptors,9,4
rdkit_EState_VSA4,0.0,model_feature_importances,XGBoost,provided_plus_rdkit_descriptors,9,4
rdkit_EState_VSA5,0.00044481860822997987,model_feature_importances,XGBoost,provided_plus_rdkit_descriptors,9,4
rdkit_EState_VSA6,0.0,model_feature_importances,XGBoost,provided_plus_rdkit_descriptors,9,4
rdkit_EState_VSA7,0.0,model_feature_importances,XGBoost,provided_plus_rdkit_descriptors,9,4
rdkit_EState_VSA8,0.009607038460671902,model_feature_importances,XGBoost,provided_plus_rdkit_descriptors,9,4
rdkit_EState_VSA9,0.012872744351625443,model_feature_importances,XGBoost,provided_plus_rdkit_descriptors,9,4
rdkit_VSA_EState1,0.0003276987699791789,model_feature_importances,XGBoost,provided_plus_rdkit_descriptors,9,4
rdkit_VSA_EState10,0.0,model_feature_importances,XGBoost,provided_plus_rdkit_descriptors,9,4
rdkit_VSA_EState2,0.03686961159110069,model_feature_importances,XGBoost,provided_plus_rdkit_descriptors,9,4
rdkit_VSA_EState3,0.039816658943891525,model_feature_importances,XGBoost,provided_plus_rdkit_descriptors,9,4
rdkit_VSA_EState4,0.0,model_feature_importances,XGBoost,provided_plus_rdkit_descriptors,9,4
rdkit_VSA_EState5,0.00025951798306778073,model_feature_importances,XGBoost,provided_plus_rdkit_descriptors,9,4
rdkit_VSA_EState6,0.0,model_feature_importances,XGBoost,provided_plus_rdkit_descriptors,9,4
rdkit_VSA_EState7,0.003457596991211176,model_feature_importances,XGBoost,provided_plus_rdkit_descriptors,9,4
rdkit_VSA_EState8,0.03516123443841934,model_feature_importances,XGBoost,provided_plus_rdkit_descriptors,9,4
rdkit_VSA_EState9,0.0,model_feature_importances,XGBoost,provided_plus_rdkit_descriptors,9,4
rdkit_FractionCSP3,0.00013302545994520187,model_feature_importances,XGBoost,provided_plus_rdkit_descriptors,9,4
rdkit_HeavyAtomCount,0.0,model_feature_importances,XGBoost,provided_plus_rdkit_descriptors,9,4
rdkit_NHOHCount,0.007246938534080982,model_feature_importances,XGBoost,provided_plus_rdkit_descriptors,9,4
rdkit_NOCount,0.0,model_feature_importances,XGBoost,provided_plus_rdkit_descriptors,9,4
rdkit_NumAliphaticCarbocycles,0.0,model_feature_importances,XGBoost,provided_plus_rdkit_descriptors,9,4
rdkit_NumAliphaticHeterocycles,0.0,model_feature_importances,XGBoost,provided_plus_rdkit_descriptors,9,4
rdkit_NumAliphaticRings,0.0,model_feature_importances,XGBoost,provided_plus_rdkit_descriptors,9,4
rdkit_NumAmideBonds,0.0,model_feature_importances,XGBoost,provided_plus_rdkit_descriptors,9,4
rdkit_NumAtomStereoCenters,0.0012016028631478548,model_feature_importances,XGBoost,provided_plus_rdkit_descriptors,9,4
rdkit_NumBridgeheadAtoms,0.0,model_feature_importances,XGBoost,provided_plus_rdkit_descriptors,9,4
rdkit_NumHAcceptors,0.0,model_feature_importances,XGBoost,provided_plus_rdkit_descriptors,9,4
rdkit_NumHDonors,0.0,model_feature_importances,XGBoost,provided_plus_rdkit_descriptors,9,4
rdkit_NumHeteroatoms,0.0,model_feature_importances,XGBoost,provided_plus_rdkit_descriptors,9,4
rdkit_NumHeterocycles,0.0,model_feature_importances,XGBoost,provided_plus_rdkit_descriptors,9,4
rdkit_NumRotatableBonds,0.00033106456976383924,model_feature_importances,XGBoost,provided_plus_rdkit_descriptors,9,4
rdkit_NumSaturatedCarbocycles,0.0,model_feature_importances,XGBoost,provided_plus_rdkit_descriptors,9,4
rdkit_NumSaturatedHeterocycles,0.0,model_feature_importances,XGBoost,provided_plus_rdkit_descriptors,9,4
rdkit_NumSaturatedRings,0.0,model_feature_importances,XGBoost,provided_plus_rdkit_descriptors,9,4
rdkit_NumUnspecifiedAtomStereoCenters,0.009988825768232346,model_feature_importances,XGBoost,provided_plus_rdkit_descriptors,9,4
rdkit_Phi,0.06704949587583542,model_feature_importances,XGBoost,provided_plus_rdkit_descriptors,9,4
rdkit_RingCount,0.0,model_feature_importances,XGBoost,provided_plus_rdkit_descriptors,9,4
rdkit_MolLogP,0.007788923569023609,model_feature_importances,XGBoost,provided_plus_rdkit_descriptors,9,4
rdkit_MolMR,0.00439384113997221,model_feature_importances,XGBoost,provided_plus_rdkit_descriptors,9,4
rdkit_fr_Al_COO,0.0,model_feature_importances,XGBoost,provided_plus_rdkit_descriptors,9,4
rdkit_fr_Al_OH,0.000996665796265006,model_feature_importances,XGBoost,provided_plus_rdkit_descriptors,9,4
rdkit_fr_Al_OH_noTert,0.0,model_feature_importances,XGBoost,provided_plus_rdkit_descriptors,9,4
rdkit_fr_COO,0.0,model_feature_importances,XGBoost,provided_plus_rdkit_descriptors,9,4
rdkit_fr_COO2,0.0,model_feature_importances,XGBoost,provided_plus_rdkit_descriptors,9,4
rdkit_fr_C_O,0.0,model_feature_importances,XGBoost,provided_plus_rdkit_descriptors,9,4
rdkit_fr_C_O_noCOO,0.0,model_feature_importances,XGBoost,provided_plus_rdkit_descriptors,9,4
rdkit_fr_NH1,0.0,model_feature_importances,XGBoost,provided_plus_rdkit_descriptors,9,4
rdkit_fr_NH2,0.0,model_feature_importances,XGBoost,provided_plus_rdkit_descriptors,9,4
rdkit_fr_aldehyde,0.04260730743408203,model_feature_importances,XGBoost,provided_plus_rdkit_descriptors,9,4
rdkit_fr_alkyl_halide,0.0,model_feature_importances,XGBoost,provided_plus_rdkit_descriptors,9,4
rdkit_fr_allylic_oxid,0.0,model_feature_importances,XGBoost,provided_plus_rdkit_descriptors,9,4
rdkit_fr_amide,0.0,model_feature_importances,XGBoost,provided_plus_rdkit_descriptors,9,4
rdkit_fr_bicyclic,0.0,model_feature_importances,XGBoost,provided_plus_rdkit_descriptors,9,4
rdkit_fr_ether,0.0,model_feature_importances,XGBoost,provided_plus_rdkit_descriptors,9,4
rdkit_fr_halogen,0.0,model_feature_importances,XGBoost,provided_plus_rdkit_descriptors,9,4
rdkit_fr_ketone,0.0,model_feature_importances,XGBoost,provided_plus_rdkit_descriptors,9,4
rdkit_fr_ketone_Topliss,0.0,model_feature_importances,XGBoost,provided_plus_rdkit_descriptors,9,4
rdkit_fr_methoxy,0.0,model_feature_importances,XGBoost,provided_plus_rdkit_descriptors,9,4
rdkit_fr_phos_acid,0.0,model_feature_importances,XGBoost,provided_plus_rdkit_descriptors,9,4
rdkit_fr_phos_ester,0.0,model_feature_importances,XGBoost,provided_plus_rdkit_descriptors,9,4
Molecular weight (Da),0.0026299399323761463,model_feature_importances,XGBoost,provided_plus_rdkit_descriptors,9,5
Solubility (mg/mL),0.01348499022424221,model_feature_importances,XGBoost,provided_plus_rdkit_descriptors,9,5
"Glass transition temperature (Tg, degC)",0.005982669536024332,model_feature_importances,XGBoost,provided_plus_rdkit_descriptors,9,5
Viscosity (mPa.s),0.0016066123498603702,model_feature_importances,XGBoost,provided_plus_rdkit_descriptors,9,5
Concentration (% w/v),0.0028842610772699118,model_feature_importances,XGBoost,provided_plus_rdkit_descriptors,9,5
rdkit_MaxAbsEStateIndex,0.004522113595157862,model_feature_importances,XGBoost,provided_plus_rdkit_descriptors,9,5
rdkit_MaxEStateIndex,0.0,model_feature_importances,XGBoost,provided_plus_rdkit_descriptors,9,5
rdkit_MinAbsEStateIndex,0.005880372133105993,model_feature_importances,XGBoost,provided_plus_rdkit_descriptors,9,5
rdkit_MinEStateIndex,0.005427574273198843,model_feature_importances,XGBoost,provided_plus_rdkit_descriptors,9,5
rdkit_qed,0.006294011604040861,model_feature_importances,XGBoost,provided_plus_rdkit_descriptors,9,5
rdkit_SPS,0.009748141281306744,model_feature_importances,XGBoost,provided_plus_rdkit_descriptors,9,5
rdkit_MolWt,0.0,model_feature_importances,XGBoost,provided_plus_rdkit_descriptors,9,5
rdkit_HeavyAtomMolWt,0.0,model_feature_importances,XGBoost,provided_plus_rdkit_descriptors,9,5
rdkit_ExactMolWt,0.0,model_feature_importances,XGBoost,provided_plus_rdkit_descriptors,9,5
rdkit_NumValenceElectrons,0.00013444351498037577,model_feature_importances,XGBoost,provided_plus_rdkit_descriptors,9,5
rdkit_MaxPartialCharge,0.021618306636810303,model_feature_importances,XGBoost,provided_plus_rdkit_descriptors,9,5
rdkit_MinPartialCharge,0.0075253150425851345,model_feature_importances,XGBoost,provided_plus_rdkit_descriptors,9,5
rdkit_MaxAbsPartialCharge,0.0008355909958481789,model_feature_importances,XGBoost,provided_plus_rdkit_descriptors,9,5
rdkit_MinAbsPartialCharge,0.0,model_feature_importances,XGBoost,provided_plus_rdkit_descriptors,9,5
rdkit_FpDensityMorgan1,0.0014496755320578814,model_feature_importances,XGBoost,provided_plus_rdkit_descriptors,9,5
rdkit_FpDensityMorgan2,0.006668594665825367,model_feature_importances,XGBoost,provided_plus_rdkit_descriptors,9,5
rdkit_FpDensityMorgan3,0.0044168089516460896,model_feature_importances,XGBoost,provided_plus_rdkit_descriptors,9,5
rdkit_BCUT2D_MWHI,0.0013940787175670266,model_feature_importances,XGBoost,provided_plus_rdkit_descriptors,9,5
rdkit_BCUT2D_MWLOW,0.013894007541239262,model_feature_importances,XGBoost,provided_plus_rdkit_descriptors,9,5
rdkit_BCUT2D_CHGHI,0.008218399249017239,model_feature_importances,XGBoost,provided_plus_rdkit_descriptors,9,5
rdkit_BCUT2D_CHGLO,0.00866893120110035,model_feature_importances,XGBoost,provided_plus_rdkit_descriptors,9,5
rdkit_BCUT2D_LOGPHI,0.00011368216655682772,model_feature_importances,XGBoost,provided_plus_rdkit_descriptors,9,5
rdkit_BCUT2D_LOGPLOW,0.0013443336356431246,model_feature_importances,XGBoost,provided_plus_rdkit_descriptors,9,5
rdkit_BCUT2D_MRHI,0.0025715164374560118,model_feature_importances,XGBoost,provided_plus_rdkit_descriptors,9,5
rdkit_BCUT2D_MRLOW,0.020752690732479095,model_feature_importances,XGBoost,provided_plus_rdkit_descriptors,9,5
rdkit_AvgIpc,0.010823752731084824,model_feature_importances,XGBoost,provided_plus_rdkit_descriptors,9,5
rdkit_BalabanJ,0.007737560197710991,model_feature_importances,XGBoost,provided_plus_rdkit_descriptors,9,5
rdkit_BertzCT,0.0033963248133659363,model_feature_importances,XGBoost,provided_plus_rdkit_descriptors,9,5
rdkit_Chi0,0.002977505326271057,model_feature_importances,XGBoost,provided_plus_rdkit_descriptors,9,5
rdkit_Chi0n,0.014866857789456844,model_feature_importances,XGBoost,provided_plus_rdkit_descriptors,9,5
rdkit_Chi0v,0.014506603591144085,model_feature_importances,XGBoost,provided_plus_rdkit_descriptors,9,5
rdkit_Chi1,0.005029996857047081,model_feature_importances,XGBoost,provided_plus_rdkit_descriptors,9,5
rdkit_Chi1n,0.005996419116854668,model_feature_importances,XGBoost,provided_plus_rdkit_descriptors,9,5
rdkit_Chi1v,0.0007527776760980487,model_feature_importances,XGBoost,provided_plus_rdkit_descriptors,9,5
rdkit_Chi2n,0.0024051745422184467,model_feature_importances,XGBoost,provided_plus_rdkit_descriptors,9,5
rdkit_Chi2v,0.0,model_feature_importances,XGBoost,provided_plus_rdkit_descriptors,9,5
rdkit_Chi3n,0.00018427976465318352,model_feature_importances,XGBoost,provided_plus_rdkit_descriptors,9,5
rdkit_Chi3v,0.004368665628135204,model_feature_importances,XGBoost,provided_plus_rdkit_descriptors,9,5
rdkit_Chi4n,0.0014644612092524767,model_feature_importances,XGBoost,provided_plus_rdkit_descriptors,9,5
rdkit_Chi4v,0.00018914091924671084,model_feature_importances,XGBoost,provided_plus_rdkit_descriptors,9,5
rdkit_HallKierAlpha,0.04085872694849968,model_feature_importances,XGBoost,provided_plus_rdkit_descriptors,9,5
rdkit_Ipc,0.0011610528454184532,model_feature_importances,XGBoost,provided_plus_rdkit_descriptors,9,5
rdkit_Kappa1,0.011123343370854855,model_feature_importances,XGBoost,provided_plus_rdkit_descriptors,9,5
rdkit_Kappa2,0.001944949384778738,model_feature_importances,XGBoost,provided_plus_rdkit_descriptors,9,5
rdkit_Kappa3,0.0019856367725878954,model_feature_importances,XGBoost,provided_plus_rdkit_descriptors,9,5
rdkit_LabuteASA,0.0,model_feature_importances,XGBoost,provided_plus_rdkit_descriptors,9,5
rdkit_PEOE_VSA1,0.017190318554639816,model_feature_importances,XGBoost,provided_plus_rdkit_descriptors,9,5
rdkit_PEOE_VSA10,0.008622041903436184,model_feature_importances,XGBoost,provided_plus_rdkit_descriptors,9,5
rdkit_PEOE_VSA11,0.007104686927050352,model_feature_importances,XGBoost,provided_plus_rdkit_descriptors,9,5
rdkit_PEOE_VSA12,0.0015552270924672484,model_feature_importances,XGBoost,provided_plus_rdkit_descriptors,9,5
rdkit_PEOE_VSA14,0.0,model_feature_importances,XGBoost,provided_plus_rdkit_descriptors,9,5
rdkit_PEOE_VSA2,6.953419506317005e-05,model_feature_importances,XGBoost,provided_plus_rdkit_descriptors,9,5
rdkit_PEOE_VSA3,0.0,model_feature_importances,XGBoost,provided_plus_rdkit_descriptors,9,5
rdkit_PEOE_VSA5,0.0,model_feature_importances,XGBoost,provided_plus_rdkit_descriptors,9,5
rdkit_PEOE_VSA6,0.0,model_feature_importances,XGBoost,provided_plus_rdkit_descriptors,9,5
rdkit_PEOE_VSA7,0.0055978246964514256,model_feature_importances,XGBoost,provided_plus_rdkit_descriptors,9,5
rdkit_PEOE_VSA8,0.0,model_feature_importances,XGBoost,provided_plus_rdkit_descriptors,9,5
rdkit_PEOE_VSA9,0.001835501752793789,model_feature_importances,XGBoost,provided_plus_rdkit_descriptors,9,5
rdkit_SMR_VSA1,0.0001927911798702553,model_feature_importances,XGBoost,provided_plus_rdkit_descriptors,9,5
rdkit_SMR_VSA10,0.0007161693647503853,model_feature_importances,XGBoost,provided_plus_rdkit_descriptors,9,5
rdkit_SMR_VSA3,0.0,model_feature_importances,XGBoost,provided_plus_rdkit_descriptors,9,5
rdkit_SMR_VSA4,0.0,model_feature_importances,XGBoost,provided_plus_rdkit_descriptors,9,5
rdkit_SMR_VSA5,0.001671525533311069,model_feature_importances,XGBoost,provided_plus_rdkit_descriptors,9,5
rdkit_SMR_VSA6,0.004604764748364687,model_feature_importances,XGBoost,provided_plus_rdkit_descriptors,9,5
rdkit_SMR_VSA7,0.0,model_feature_importances,XGBoost,provided_plus_rdkit_descriptors,9,5
rdkit_SlogP_VSA1,0.0,model_feature_importances,XGBoost,provided_plus_rdkit_descriptors,9,5
rdkit_SlogP_VSA12,0.0,model_feature_importances,XGBoost,provided_plus_rdkit_descriptors,9,5
rdkit_SlogP_VSA2,0.0014331330312415957,model_feature_importances,XGBoost,provided_plus_rdkit_descriptors,9,5
rdkit_SlogP_VSA3,0.02808288112282753,model_feature_importances,XGBoost,provided_plus_rdkit_descriptors,9,5
rdkit_SlogP_VSA4,0.0,model_feature_importances,XGBoost,provided_plus_rdkit_descriptors,9,5
rdkit_SlogP_VSA5,0.0,model_feature_importances,XGBoost,provided_plus_rdkit_descriptors,9,5
rdkit_SlogP_VSA6,0.0,model_feature_importances,XGBoost,provided_plus_rdkit_descriptors,9,5
rdkit_TPSA,0.08281651139259338,model_feature_importances,XGBoost,provided_plus_rdkit_descriptors,9,5
rdkit_EState_VSA1,0.0012727150460705161,model_feature_importances,XGBoost,provided_plus_rdkit_descriptors,9,5
rdkit_EState_VSA10,0.3214048445224762,model_feature_importances,XGBoost,provided_plus_rdkit_descriptors,9,5
rdkit_EState_VSA2,0.010961130261421204,model_feature_importances,XGBoost,provided_plus_rdkit_descriptors,9,5
rdkit_EState_VSA3,0.0,model_feature_importances,XGBoost,provided_plus_rdkit_descriptors,9,5
rdkit_EState_VSA4,0.0,model_feature_importances,XGBoost,provided_plus_rdkit_descriptors,9,5
rdkit_EState_VSA5,0.0004057892074342817,model_feature_importances,XGBoost,provided_plus_rdkit_descriptors,9,5
rdkit_EState_VSA6,0.0,model_feature_importances,XGBoost,provided_plus_rdkit_descriptors,9,5
rdkit_EState_VSA7,0.0,model_feature_importances,XGBoost,provided_plus_rdkit_descriptors,9,5
rdkit_EState_VSA8,0.00037007874925620854,model_feature_importances,XGBoost,provided_plus_rdkit_descriptors,9,5
rdkit_EState_VSA9,0.021659912541508675,model_feature_importances,XGBoost,provided_plus_rdkit_descriptors,9,5
rdkit_VSA_EState1,0.00024856856907717884,model_feature_importances,XGBoost,provided_plus_rdkit_descriptors,9,5
rdkit_VSA_EState10,0.0,model_feature_importances,XGBoost,provided_plus_rdkit_descriptors,9,5
rdkit_VSA_EState2,0.0006027708877809346,model_feature_importances,XGBoost,provided_plus_rdkit_descriptors,9,5
rdkit_VSA_EState3,0.0840589851140976,model_feature_importances,XGBoost,provided_plus_rdkit_descriptors,9,5
rdkit_VSA_EState4,0.0,model_feature_importances,XGBoost,provided_plus_rdkit_descriptors,9,5
rdkit_VSA_EState5,0.0006463705212809145,model_feature_importances,XGBoost,provided_plus_rdkit_descriptors,9,5
rdkit_VSA_EState6,0.0,model_feature_importances,XGBoost,provided_plus_rdkit_descriptors,9,5
rdkit_VSA_EState7,0.020370569080114365,model_feature_importances,XGBoost,provided_plus_rdkit_descriptors,9,5
rdkit_VSA_EState8,0.03263557329773903,model_feature_importances,XGBoost,provided_plus_rdkit_descriptors,9,5
rdkit_VSA_EState9,0.0,model_feature_importances,XGBoost,provided_plus_rdkit_descriptors,9,5
rdkit_FractionCSP3,0.00013028951070737094,model_feature_importances,XGBoost,provided_plus_rdkit_descriptors,9,5
rdkit_HeavyAtomCount,0.0,model_feature_importances,XGBoost,provided_plus_rdkit_descriptors,9,5
rdkit_NHOHCount,0.014263958670198917,model_feature_importances,XGBoost,provided_plus_rdkit_descriptors,9,5
rdkit_NOCount,0.0,model_feature_importances,XGBoost,provided_plus_rdkit_descriptors,9,5
rdkit_NumAliphaticCarbocycles,0.0,model_feature_importances,XGBoost,provided_plus_rdkit_descriptors,9,5
rdkit_NumAliphaticHeterocycles,0.0,model_feature_importances,XGBoost,provided_plus_rdkit_descriptors,9,5
rdkit_NumAliphaticRings,0.0,model_feature_importances,XGBoost,provided_plus_rdkit_descriptors,9,5
rdkit_NumAmideBonds,0.0,model_feature_importances,XGBoost,provided_plus_rdkit_descriptors,9,5
rdkit_NumAtomStereoCenters,0.0004899228806607425,model_feature_importances,XGBoost,provided_plus_rdkit_descriptors,9,5
rdkit_NumBridgeheadAtoms,0.0,model_feature_importances,XGBoost,provided_plus_rdkit_descriptors,9,5
rdkit_NumHAcceptors,0.0,model_feature_importances,XGBoost,provided_plus_rdkit_descriptors,9,5
rdkit_NumHDonors,0.0,model_feature_importances,XGBoost,provided_plus_rdkit_descriptors,9,5
rdkit_NumHeteroatoms,0.0,model_feature_importances,XGBoost,provided_plus_rdkit_descriptors,9,5
rdkit_NumHeterocycles,0.0,model_feature_importances,XGBoost,provided_plus_rdkit_descriptors,9,5
rdkit_NumRotatableBonds,0.0015853539807721972,model_feature_importances,XGBoost,provided_plus_rdkit_descriptors,9,5
rdkit_NumSaturatedCarbocycles,0.0,model_feature_importances,XGBoost,provided_plus_rdkit_descriptors,9,5
rdkit_NumSaturatedHeterocycles,0.0,model_feature_importances,XGBoost,provided_plus_rdkit_descriptors,9,5
rdkit_NumSaturatedRings,0.0,model_feature_importances,XGBoost,provided_plus_rdkit_descriptors,9,5
rdkit_NumUnspecifiedAtomStereoCenters,0.0007890943088568747,model_feature_importances,XGBoost,provided_plus_rdkit_descriptors,9,5
rdkit_Phi,0.0010853360872715712,model_feature_importances,XGBoost,provided_plus_rdkit_descriptors,9,5
rdkit_RingCount,0.0,model_feature_importances,XGBoost,provided_plus_rdkit_descriptors,9,5
rdkit_MolLogP,0.009209861978888512,model_feature_importances,XGBoost,provided_plus_rdkit_descriptors,9,5
rdkit_MolMR,0.025205111131072044,model_feature_importances,XGBoost,provided_plus_rdkit_descriptors,9,5
rdkit_fr_Al_COO,0.0,model_feature_importances,XGBoost,provided_plus_rdkit_descriptors,9,5
rdkit_fr_Al_OH,0.0,model_feature_importances,XGBoost,provided_plus_rdkit_descriptors,9,5
rdkit_fr_Al_OH_noTert,0.0,model_feature_importances,XGBoost,provided_plus_rdkit_descriptors,9,5
rdkit_fr_COO,0.0,model_feature_importances,XGBoost,provided_plus_rdkit_descriptors,9,5
rdkit_fr_COO2,0.0,model_feature_importances,XGBoost,provided_plus_rdkit_descriptors,9,5
rdkit_fr_C_O,0.0,model_feature_importances,XGBoost,provided_plus_rdkit_descriptors,9,5
rdkit_fr_C_O_noCOO,0.0,model_feature_importances,XGBoost,provided_plus_rdkit_descriptors,9,5
rdkit_fr_NH1,0.0,model_feature_importances,XGBoost,provided_plus_rdkit_descriptors,9,5
rdkit_fr_NH2,0.0,model_feature_importances,XGBoost,provided_plus_rdkit_descriptors,9,5
rdkit_fr_aldehyde,0.0012705754488706589,model_feature_importances,XGBoost,provided_plus_rdkit_descriptors,9,5
rdkit_fr_alkyl_halide,0.0,model_feature_importances,XGBoost,provided_plus_rdkit_descriptors,9,5
rdkit_fr_allylic_oxid,0.0,model_feature_importances,XGBoost,provided_plus_rdkit_descriptors,9,5
rdkit_fr_amide,0.0,model_feature_importances,XGBoost,provided_plus_rdkit_descriptors,9,5
rdkit_fr_bicyclic,0.0,model_feature_importances,XGBoost,provided_plus_rdkit_descriptors,9,5
rdkit_fr_ether,0.0,model_feature_importances,XGBoost,provided_plus_rdkit_descriptors,9,5
rdkit_fr_halogen,0.0,model_feature_importances,XGBoost,provided_plus_rdkit_descriptors,9,5
rdkit_fr_ketone,0.0,model_feature_importances,XGBoost,provided_plus_rdkit_descriptors,9,5
rdkit_fr_ketone_Topliss,0.0,model_feature_importances,XGBoost,provided_plus_rdkit_descriptors,9,5
rdkit_fr_methoxy,0.0,model_feature_importances,XGBoost,provided_plus_rdkit_descriptors,9,5
rdkit_fr_phos_acid,0.0,model_feature_importances,XGBoost,provided_plus_rdkit_descriptors,9,5
rdkit_fr_phos_ester,0.0,model_feature_importances,XGBoost,provided_plus_rdkit_descriptors,9,5
Molecular weight (Da),0.0012994030257686973,model_feature_importances,XGBoost,provided_plus_rdkit_descriptors,10,1
Solubility (mg/mL),0.011510656215250492,model_feature_importances,XGBoost,provided_plus_rdkit_descriptors,10,1
"Glass transition temperature (Tg, degC)",0.003811235772445798,model_feature_importances,XGBoost,provided_plus_rdkit_descriptors,10,1
Viscosity (mPa.s),0.0013888967223465443,model_feature_importances,XGBoost,provided_plus_rdkit_descriptors,10,1
Concentration (% w/v),0.0028719939291477203,model_feature_importances,XGBoost,provided_plus_rdkit_descriptors,10,1
rdkit_MaxAbsEStateIndex,0.009755442850291729,model_feature_importances,XGBoost,provided_plus_rdkit_descriptors,10,1
rdkit_MaxEStateIndex,0.0,model_feature_importances,XGBoost,provided_plus_rdkit_descriptors,10,1
rdkit_MinAbsEStateIndex,0.013769224286079407,model_feature_importances,XGBoost,provided_plus_rdkit_descriptors,10,1
rdkit_MinEStateIndex,0.008625817485153675,model_feature_importances,XGBoost,provided_plus_rdkit_descriptors,10,1
rdkit_qed,0.0040797521360218525,model_feature_importances,XGBoost,provided_plus_rdkit_descriptors,10,1
rdkit_SPS,0.006449918728321791,model_feature_importances,XGBoost,provided_plus_rdkit_descriptors,10,1
rdkit_MolWt,0.0,model_feature_importances,XGBoost,provided_plus_rdkit_descriptors,10,1
rdkit_HeavyAtomMolWt,0.0,model_feature_importances,XGBoost,provided_plus_rdkit_descriptors,10,1
rdkit_ExactMolWt,0.0,model_feature_importances,XGBoost,provided_plus_rdkit_descriptors,10,1
rdkit_NumValenceElectrons,0.0,model_feature_importances,XGBoost,provided_plus_rdkit_descriptors,10,1
rdkit_MaxPartialCharge,0.01883506029844284,model_feature_importances,XGBoost,provided_plus_rdkit_descriptors,10,1
rdkit_MinPartialCharge,0.004262174945324659,model_feature_importances,XGBoost,provided_plus_rdkit_descriptors,10,1
rdkit_MaxAbsPartialCharge,0.0006728111184202135,model_feature_importances,XGBoost,provided_plus_rdkit_descriptors,10,1
rdkit_MinAbsPartialCharge,0.0,model_feature_importances,XGBoost,provided_plus_rdkit_descriptors,10,1
rdkit_FpDensityMorgan1,0.005585875362157822,model_feature_importances,XGBoost,provided_plus_rdkit_descriptors,10,1
rdkit_FpDensityMorgan2,0.0031315572559833527,model_feature_importances,XGBoost,provided_plus_rdkit_descriptors,10,1
rdkit_FpDensityMorgan3,0.014434321783483028,model_feature_importances,XGBoost,provided_plus_rdkit_descriptors,10,1
rdkit_BCUT2D_MWHI,0.0008675752324052155,model_feature_importances,XGBoost,provided_plus_rdkit_descriptors,10,1
rdkit_BCUT2D_MWLOW,0.008477706462144852,model_feature_importances,XGBoost,provided_plus_rdkit_descriptors,10,1
rdkit_BCUT2D_CHGHI,0.0017201983137056231,model_feature_importances,XGBoost,provided_plus_rdkit_descriptors,10,1
rdkit_BCUT2D_CHGLO,0.004251458682119846,model_feature_importances,XGBoost,provided_plus_rdkit_descriptors,10,1
rdkit_BCUT2D_LOGPHI,0.0038896293845027685,model_feature_importances,XGBoost,provided_plus_rdkit_descriptors,10,1
rdkit_BCUT2D_LOGPLOW,0.000725794117897749,model_feature_importances,XGBoost,provided_plus_rdkit_descriptors,10,1
rdkit_BCUT2D_MRHI,0.0027583453338593245,model_feature_importances,XGBoost,provided_plus_rdkit_descriptors,10,1
rdkit_BCUT2D_MRLOW,0.002918460639193654,model_feature_importances,XGBoost,provided_plus_rdkit_descriptors,10,1
rdkit_AvgIpc,0.009360939264297485,model_feature_importances,XGBoost,provided_plus_rdkit_descriptors,10,1
rdkit_BalabanJ,0.0019845017232000828,model_feature_importances,XGBoost,provided_plus_rdkit_descriptors,10,1
rdkit_BertzCT,0.0034842127934098244,model_feature_importances,XGBoost,provided_plus_rdkit_descriptors,10,1
rdkit_Chi0,0.004743002820760012,model_feature_importances,XGBoost,provided_plus_rdkit_descriptors,10,1
rdkit_Chi0n,0.005640585906803608,model_feature_importances,XGBoost,provided_plus_rdkit_descriptors,10,1
rdkit_Chi0v,0.03938501700758934,model_feature_importances,XGBoost,provided_plus_rdkit_descriptors,10,1
rdkit_Chi1,0.00031061351182870567,model_feature_importances,XGBoost,provided_plus_rdkit_descriptors,10,1
rdkit_Chi1n,0.003331233048811555,model_feature_importances,XGBoost,provided_plus_rdkit_descriptors,10,1
rdkit_Chi1v,0.005187107250094414,model_feature_importances,XGBoost,provided_plus_rdkit_descriptors,10,1
rdkit_Chi2n,0.00038357748417183757,model_feature_importances,XGBoost,provided_plus_rdkit_descriptors,10,1
rdkit_Chi2v,0.0005158846033737063,model_feature_importances,XGBoost,provided_plus_rdkit_descriptors,10,1
rdkit_Chi3n,0.0,model_feature_importances,XGBoost,provided_plus_rdkit_descriptors,10,1
rdkit_Chi3v,0.0005535829695872962,model_feature_importances,XGBoost,provided_plus_rdkit_descriptors,10,1
rdkit_Chi4n,0.0,model_feature_importances,XGBoost,provided_plus_rdkit_descriptors,10,1
rdkit_Chi4v,0.0008989868219941854,model_feature_importances,XGBoost,provided_plus_rdkit_descriptors,10,1
rdkit_HallKierAlpha,0.01689983904361725,model_feature_importances,XGBoost,provided_plus_rdkit_descriptors,10,1
rdkit_Ipc,0.0016789876390248537,model_feature_importances,XGBoost,provided_plus_rdkit_descriptors,10,1
rdkit_Kappa1,0.0025216052308678627,model_feature_importances,XGBoost,provided_plus_rdkit_descriptors,10,1
rdkit_Kappa2,0.0005446511204354465,model_feature_importances,XGBoost,provided_plus_rdkit_descriptors,10,1
rdkit_Kappa3,0.0009899372234940529,model_feature_importances,XGBoost,provided_plus_rdkit_descriptors,10,1
rdkit_LabuteASA,0.0,model_feature_importances,XGBoost,provided_plus_rdkit_descriptors,10,1
rdkit_PEOE_VSA1,0.003802485764026642,model_feature_importances,XGBoost,provided_plus_rdkit_descriptors,10,1
rdkit_PEOE_VSA10,0.0007575000054202974,model_feature_importances,XGBoost,provided_plus_rdkit_descriptors,10,1
rdkit_PEOE_VSA11,0.015810085460543633,model_feature_importances,XGBoost,provided_plus_rdkit_descriptors,10,1
rdkit_PEOE_VSA12,0.000956046802457422,model_feature_importances,XGBoost,provided_plus_rdkit_descriptors,10,1
rdkit_PEOE_VSA14,0.0,model_feature_importances,XGBoost,provided_plus_rdkit_descriptors,10,1
rdkit_PEOE_VSA2,0.0,model_feature_importances,XGBoost,provided_plus_rdkit_descriptors,10,1
rdkit_PEOE_VSA3,0.0,model_feature_importances,XGBoost,provided_plus_rdkit_descriptors,10,1
rdkit_PEOE_VSA5,0.0,model_feature_importances,XGBoost,provided_plus_rdkit_descriptors,10,1
rdkit_PEOE_VSA6,0.0,model_feature_importances,XGBoost,provided_plus_rdkit_descriptors,10,1
rdkit_PEOE_VSA7,0.0,model_feature_importances,XGBoost,provided_plus_rdkit_descriptors,10,1
rdkit_PEOE_VSA8,0.06780092418193817,model_feature_importances,XGBoost,provided_plus_rdkit_descriptors,10,1
rdkit_PEOE_VSA9,0.0006187824765220284,model_feature_importances,XGBoost,provided_plus_rdkit_descriptors,10,1
rdkit_SMR_VSA1,7.399616879411042e-05,model_feature_importances,XGBoost,provided_plus_rdkit_descriptors,10,1
rdkit_SMR_VSA10,0.02039399929344654,model_feature_importances,XGBoost,provided_plus_rdkit_descriptors,10,1
rdkit_SMR_VSA3,4.046547110192478e-05,model_feature_importances,XGBoost,provided_plus_rdkit_descriptors,10,1
rdkit_SMR_VSA4,0.0003098418819718063,model_feature_importances,XGBoost,provided_plus_rdkit_descriptors,10,1
rdkit_SMR_VSA5,0.0004044213565066457,model_feature_importances,XGBoost,provided_plus_rdkit_descriptors,10,1
rdkit_SMR_VSA6,0.00010036225285148248,model_feature_importances,XGBoost,provided_plus_rdkit_descriptors,10,1
rdkit_SMR_VSA7,0.0,model_feature_importances,XGBoost,provided_plus_rdkit_descriptors,10,1
rdkit_SlogP_VSA1,0.0,model_feature_importances,XGBoost,provided_plus_rdkit_descriptors,10,1
rdkit_SlogP_VSA12,0.0,model_feature_importances,XGBoost,provided_plus_rdkit_descriptors,10,1
rdkit_SlogP_VSA2,0.006925502792000771,model_feature_importances,XGBoost,provided_plus_rdkit_descriptors,10,1
rdkit_SlogP_VSA3,0.0843832716345787,model_feature_importances,XGBoost,provided_plus_rdkit_descriptors,10,1
rdkit_SlogP_VSA4,0.0,model_feature_importances,XGBoost,provided_plus_rdkit_descriptors,10,1
rdkit_SlogP_VSA5,0.0,model_feature_importances,XGBoost,provided_plus_rdkit_descriptors,10,1
rdkit_SlogP_VSA6,0.0,model_feature_importances,XGBoost,provided_plus_rdkit_descriptors,10,1
rdkit_TPSA,8.251903636846691e-06,model_feature_importances,XGBoost,provided_plus_rdkit_descriptors,10,1
rdkit_EState_VSA1,0.0004202299169264734,model_feature_importances,XGBoost,provided_plus_rdkit_descriptors,10,1
rdkit_EState_VSA10,0.361150324344635,model_feature_importances,XGBoost,provided_plus_rdkit_descriptors,10,1
rdkit_EState_VSA2,0.008913791738450527,model_feature_importances,XGBoost,provided_plus_rdkit_descriptors,10,1
rdkit_EState_VSA3,0.00947751197963953,model_feature_importances,XGBoost,provided_plus_rdkit_descriptors,10,1
rdkit_EState_VSA4,0.0,model_feature_importances,XGBoost,provided_plus_rdkit_descriptors,10,1
rdkit_EState_VSA5,0.002503884956240654,model_feature_importances,XGBoost,provided_plus_rdkit_descriptors,10,1
rdkit_EState_VSA6,0.0,model_feature_importances,XGBoost,provided_plus_rdkit_descriptors,10,1
rdkit_EState_VSA7,0.0,model_feature_importances,XGBoost,provided_plus_rdkit_descriptors,10,1
rdkit_EState_VSA8,0.0004184188146609813,model_feature_importances,XGBoost,provided_plus_rdkit_descriptors,10,1
rdkit_EState_VSA9,0.011331587098538876,model_feature_importances,XGBoost,provided_plus_rdkit_descriptors,10,1
rdkit_VSA_EState1,0.0002618405851535499,model_feature_importances,XGBoost,provided_plus_rdkit_descriptors,10,1
rdkit_VSA_EState10,0.0,model_feature_importances,XGBoost,provided_plus_rdkit_descriptors,10,1
rdkit_VSA_EState2,0.014117242768406868,model_feature_importances,XGBoost,provided_plus_rdkit_descriptors,10,1
rdkit_VSA_EState3,0.027921808883547783,model_feature_importances,XGBoost,provided_plus_rdkit_descriptors,10,1
rdkit_VSA_EState4,0.0,model_feature_importances,XGBoost,provided_plus_rdkit_descriptors,10,1
rdkit_VSA_EState5,0.0005167700001038611,model_feature_importances,XGBoost,provided_plus_rdkit_descriptors,10,1
rdkit_VSA_EState6,0.0,model_feature_importances,XGBoost,provided_plus_rdkit_descriptors,10,1
rdkit_VSA_EState7,0.008698170073330402,model_feature_importances,XGBoost,provided_plus_rdkit_descriptors,10,1
rdkit_VSA_EState8,0.03294922038912773,model_feature_importances,XGBoost,provided_plus_rdkit_descriptors,10,1
rdkit_VSA_EState9,0.0,model_feature_importances,XGBoost,provided_plus_rdkit_descriptors,10,1
rdkit_FractionCSP3,0.003633650951087475,model_feature_importances,XGBoost,provided_plus_rdkit_descriptors,10,1
rdkit_HeavyAtomCount,0.0,model_feature_importances,XGBoost,provided_plus_rdkit_descriptors,10,1
rdkit_NHOHCount,0.0,model_feature_importances,XGBoost,provided_plus_rdkit_descriptors,10,1
rdkit_NOCount,0.0,model_feature_importances,XGBoost,provided_plus_rdkit_descriptors,10,1
rdkit_NumAliphaticCarbocycles,0.0,model_feature_importances,XGBoost,provided_plus_rdkit_descriptors,10,1
rdkit_NumAliphaticHeterocycles,0.0,model_feature_importances,XGBoost,provided_plus_rdkit_descriptors,10,1
rdkit_NumAliphaticRings,0.0,model_feature_importances,XGBoost,provided_plus_rdkit_descriptors,10,1
rdkit_NumAmideBonds,0.0,model_feature_importances,XGBoost,provided_plus_rdkit_descriptors,10,1
rdkit_NumAtomStereoCenters,0.010118319652974606,model_feature_importances,XGBoost,provided_plus_rdkit_descriptors,10,1
rdkit_NumBridgeheadAtoms,0.0,model_feature_importances,XGBoost,provided_plus_rdkit_descriptors,10,1
rdkit_NumHAcceptors,0.0006965550710447133,model_feature_importances,XGBoost,provided_plus_rdkit_descriptors,10,1
rdkit_NumHDonors,0.0,model_feature_importances,XGBoost,provided_plus_rdkit_descriptors,10,1
rdkit_NumHeteroatoms,0.0,model_feature_importances,XGBoost,provided_plus_rdkit_descriptors,10,1
rdkit_NumHeterocycles,0.0,model_feature_importances,XGBoost,provided_plus_rdkit_descriptors,10,1
rdkit_NumRotatableBonds,0.0009799945401027799,model_feature_importances,XGBoost,provided_plus_rdkit_descriptors,10,1
rdkit_NumSaturatedCarbocycles,0.0,model_feature_importances,XGBoost,provided_plus_rdkit_descriptors,10,1
rdkit_NumSaturatedHeterocycles,0.0,model_feature_importances,XGBoost,provided_plus_rdkit_descriptors,10,1
rdkit_NumSaturatedRings,0.0,model_feature_importances,XGBoost,provided_plus_rdkit_descriptors,10,1
rdkit_NumUnspecifiedAtomStereoCenters,0.05054780840873718,model_feature_importances,XGBoost,provided_plus_rdkit_descriptors,10,1
rdkit_Phi,0.005983295384794474,model_feature_importances,XGBoost,provided_plus_rdkit_descriptors,10,1
rdkit_RingCount,0.0,model_feature_importances,XGBoost,provided_plus_rdkit_descriptors,10,1
rdkit_MolLogP,0.008720668032765388,model_feature_importances,XGBoost,provided_plus_rdkit_descriptors,10,1
rdkit_MolMR,0.0014847659040242434,model_feature_importances,XGBoost,provided_plus_rdkit_descriptors,10,1
rdkit_fr_Al_COO,0.0,model_feature_importances,XGBoost,provided_plus_rdkit_descriptors,10,1
rdkit_fr_Al_OH,0.0,model_feature_importances,XGBoost,provided_plus_rdkit_descriptors,10,1
rdkit_fr_Al_OH_noTert,0.0,model_feature_importances,XGBoost,provided_plus_rdkit_descriptors,10,1
rdkit_fr_COO,0.0,model_feature_importances,XGBoost,provided_plus_rdkit_descriptors,10,1
rdkit_fr_COO2,0.0,model_feature_importances,XGBoost,provided_plus_rdkit_descriptors,10,1
rdkit_fr_C_O,0.0,model_feature_importances,XGBoost,provided_plus_rdkit_descriptors,10,1
rdkit_fr_C_O_noCOO,0.0,model_feature_importances,XGBoost,provided_plus_rdkit_descriptors,10,1
rdkit_fr_NH1,0.0,model_feature_importances,XGBoost,provided_plus_rdkit_descriptors,10,1
rdkit_fr_NH2,0.0,model_feature_importances,XGBoost,provided_plus_rdkit_descriptors,10,1
rdkit_fr_aldehyde,0.0,model_feature_importances,XGBoost,provided_plus_rdkit_descriptors,10,1
rdkit_fr_alkyl_halide,0.0,model_feature_importances,XGBoost,provided_plus_rdkit_descriptors,10,1
rdkit_fr_allylic_oxid,0.0,model_feature_importances,XGBoost,provided_plus_rdkit_descriptors,10,1
rdkit_fr_amide,0.0,model_feature_importances,XGBoost,provided_plus_rdkit_descriptors,10,1
rdkit_fr_bicyclic,0.0,model_feature_importances,XGBoost,provided_plus_rdkit_descriptors,10,1
rdkit_fr_ether,0.0007224683649837971,model_feature_importances,XGBoost,provided_plus_rdkit_descriptors,10,1
rdkit_fr_halogen,0.0,model_feature_importances,XGBoost,provided_plus_rdkit_descriptors,10,1
rdkit_fr_ketone,0.0015382400015369058,model_feature_importances,XGBoost,provided_plus_rdkit_descriptors,10,1
rdkit_fr_ketone_Topliss,0.0,model_feature_importances,XGBoost,provided_plus_rdkit_descriptors,10,1
rdkit_fr_methoxy,0.0,model_feature_importances,XGBoost,provided_plus_rdkit_descriptors,10,1
rdkit_fr_phos_acid,0.0,model_feature_importances,XGBoost,provided_plus_rdkit_descriptors,10,1
rdkit_fr_phos_ester,0.0,model_feature_importances,XGBoost,provided_plus_rdkit_descriptors,10,1
Molecular weight (Da),0.004189258441329002,model_feature_importances,XGBoost,provided_plus_rdkit_descriptors,10,2
Solubility (mg/mL),0.012572593055665493,model_feature_importances,XGBoost,provided_plus_rdkit_descriptors,10,2
"Glass transition temperature (Tg, degC)",0.003451234893873334,model_feature_importances,XGBoost,provided_plus_rdkit_descriptors,10,2
Viscosity (mPa.s),0.001465909881517291,model_feature_importances,XGBoost,provided_plus_rdkit_descriptors,10,2
Concentration (% w/v),0.002300729975104332,model_feature_importances,XGBoost,provided_plus_rdkit_descriptors,10,2
rdkit_MaxAbsEStateIndex,0.006066943518817425,model_feature_importances,XGBoost,provided_plus_rdkit_descriptors,10,2
rdkit_MaxEStateIndex,0.0,model_feature_importances,XGBoost,provided_plus_rdkit_descriptors,10,2
rdkit_MinAbsEStateIndex,0.004011394456028938,model_feature_importances,XGBoost,provided_plus_rdkit_descriptors,10,2
rdkit_MinEStateIndex,0.0026068345177918673,model_feature_importances,XGBoost,provided_plus_rdkit_descriptors,10,2
rdkit_qed,0.034250397235155106,model_feature_importances,XGBoost,provided_plus_rdkit_descriptors,10,2
rdkit_SPS,0.011343186721205711,model_feature_importances,XGBoost,provided_plus_rdkit_descriptors,10,2
rdkit_MolWt,0.0,model_feature_importances,XGBoost,provided_plus_rdkit_descriptors,10,2
rdkit_HeavyAtomMolWt,0.0,model_feature_importances,XGBoost,provided_plus_rdkit_descriptors,10,2
rdkit_ExactMolWt,0.0,model_feature_importances,XGBoost,provided_plus_rdkit_descriptors,10,2
rdkit_NumValenceElectrons,0.00037141545908525586,model_feature_importances,XGBoost,provided_plus_rdkit_descriptors,10,2
rdkit_MaxPartialCharge,0.019751938059926033,model_feature_importances,XGBoost,provided_plus_rdkit_descriptors,10,2
rdkit_MinPartialCharge,0.010004363022744656,model_feature_importances,XGBoost,provided_plus_rdkit_descriptors,10,2
rdkit_MaxAbsPartialCharge,0.0005996203981339931,model_feature_importances,XGBoost,provided_plus_rdkit_descriptors,10,2
rdkit_MinAbsPartialCharge,0.0,model_feature_importances,XGBoost,provided_plus_rdkit_descriptors,10,2
rdkit_FpDensityMorgan1,0.0011041031684726477,model_feature_importances,XGBoost,provided_plus_rdkit_descriptors,10,2
rdkit_FpDensityMorgan2,0.0005105308955535293,model_feature_importances,XGBoost,provided_plus_rdkit_descriptors,10,2
rdkit_FpDensityMorgan3,0.012082410044968128,model_feature_importances,XGBoost,provided_plus_rdkit_descriptors,10,2
rdkit_BCUT2D_MWHI,0.007594794500619173,model_feature_importances,XGBoost,provided_plus_rdkit_descriptors,10,2
rdkit_BCUT2D_MWLOW,0.00449013477191329,model_feature_importances,XGBoost,provided_plus_rdkit_descriptors,10,2
rdkit_BCUT2D_CHGHI,0.00322412746027112,model_feature_importances,XGBoost,provided_plus_rdkit_descriptors,10,2
rdkit_BCUT2D_CHGLO,0.003592741908505559,model_feature_importances,XGBoost,provided_plus_rdkit_descriptors,10,2
rdkit_BCUT2D_LOGPHI,0.0002785168180707842,model_feature_importances,XGBoost,provided_plus_rdkit_descriptors,10,2
rdkit_BCUT2D_LOGPLOW,4.942571831634268e-05,model_feature_importances,XGBoost,provided_plus_rdkit_descriptors,10,2
rdkit_BCUT2D_MRHI,0.004082741681486368,model_feature_importances,XGBoost,provided_plus_rdkit_descriptors,10,2
rdkit_BCUT2D_MRLOW,0.003955664578825235,model_feature_importances,XGBoost,provided_plus_rdkit_descriptors,10,2
rdkit_AvgIpc,0.020777180790901184,model_feature_importances,XGBoost,provided_plus_rdkit_descriptors,10,2
rdkit_BalabanJ,0.0024538671132177114,model_feature_importances,XGBoost,provided_plus_rdkit_descriptors,10,2
rdkit_BertzCT,0.0023698860313743353,model_feature_importances,XGBoost,provided_plus_rdkit_descriptors,10,2
rdkit_Chi0,0.0,model_feature_importances,XGBoost,provided_plus_rdkit_descriptors,10,2
rdkit_Chi0n,0.0012593596475198865,model_feature_importances,XGBoost,provided_plus_rdkit_descriptors,10,2
rdkit_Chi0v,0.002678481163457036,model_feature_importances,XGBoost,provided_plus_rdkit_descriptors,10,2
rdkit_Chi1,0.015797855332493782,model_feature_importances,XGBoost,provided_plus_rdkit_descriptors,10,2
rdkit_Chi1n,0.0,model_feature_importances,XGBoost,provided_plus_rdkit_descriptors,10,2
rdkit_Chi1v,0.0,model_feature_importances,XGBoost,provided_plus_rdkit_descriptors,10,2
rdkit_Chi2n,0.0007782745524309576,model_feature_importances,XGBoost,provided_plus_rdkit_descriptors,10,2
rdkit_Chi2v,0.0,model_feature_importances,XGBoost,provided_plus_rdkit_descriptors,10,2
rdkit_Chi3n,0.0016912157880142331,model_feature_importances,XGBoost,provided_plus_rdkit_descriptors,10,2
rdkit_Chi3v,0.00020340232003945857,model_feature_importances,XGBoost,provided_plus_rdkit_descriptors,10,2
rdkit_Chi4n,0.0028143262024968863,model_feature_importances,XGBoost,provided_plus_rdkit_descriptors,10,2
rdkit_Chi4v,0.0,model_feature_importances,XGBoost,provided_plus_rdkit_descriptors,10,2
rdkit_HallKierAlpha,0.007620772812515497,model_feature_importances,XGBoost,provided_plus_rdkit_descriptors,10,2
rdkit_Ipc,0.0005985772586427629,model_feature_importances,XGBoost,provided_plus_rdkit_descriptors,10,2
rdkit_Kappa1,0.0015453970991075039,model_feature_importances,XGBoost,provided_plus_rdkit_descriptors,10,2
rdkit_Kappa2,0.00374201568774879,model_feature_importances,XGBoost,provided_plus_rdkit_descriptors,10,2
rdkit_Kappa3,0.0006149634718894958,model_feature_importances,XGBoost,provided_plus_rdkit_descriptors,10,2
rdkit_LabuteASA,0.0,model_feature_importances,XGBoost,provided_plus_rdkit_descriptors,10,2
rdkit_PEOE_VSA1,0.004677262157201767,model_feature_importances,XGBoost,provided_plus_rdkit_descriptors,10,2
rdkit_PEOE_VSA10,0.0012922337045893073,model_feature_importances,XGBoost,provided_plus_rdkit_descriptors,10,2
rdkit_PEOE_VSA11,0.012287392280995846,model_feature_importances,XGBoost,provided_plus_rdkit_descriptors,10,2
rdkit_PEOE_VSA12,0.0,model_feature_importances,XGBoost,provided_plus_rdkit_descriptors,10,2
rdkit_PEOE_VSA14,0.0,model_feature_importances,XGBoost,provided_plus_rdkit_descriptors,10,2
rdkit_PEOE_VSA2,0.0,model_feature_importances,XGBoost,provided_plus_rdkit_descriptors,10,2
rdkit_PEOE_VSA3,0.0,model_feature_importances,XGBoost,provided_plus_rdkit_descriptors,10,2
rdkit_PEOE_VSA5,0.0,model_feature_importances,XGBoost,provided_plus_rdkit_descriptors,10,2
rdkit_PEOE_VSA6,0.00022220035316422582,model_feature_importances,XGBoost,provided_plus_rdkit_descriptors,10,2
rdkit_PEOE_VSA7,0.0,model_feature_importances,XGBoost,provided_plus_rdkit_descriptors,10,2
rdkit_PEOE_VSA8,0.0,model_feature_importances,XGBoost,provided_plus_rdkit_descriptors,10,2
rdkit_PEOE_VSA9,0.0003140704648103565,model_feature_importances,XGBoost,provided_plus_rdkit_descriptors,10,2
rdkit_SMR_VSA1,0.006168592255562544,model_feature_importances,XGBoost,provided_plus_rdkit_descriptors,10,2
rdkit_SMR_VSA10,0.00041573497583158314,model_feature_importances,XGBoost,provided_plus_rdkit_descriptors,10,2
rdkit_SMR_VSA3,0.0,model_feature_importances,XGBoost,provided_plus_rdkit_descriptors,10,2
rdkit_SMR_VSA4,0.0017139216652140021,model_feature_importances,XGBoost,provided_plus_rdkit_descriptors,10,2
rdkit_SMR_VSA5,0.0015801249537616968,model_feature_importances,XGBoost,provided_plus_rdkit_descriptors,10,2
rdkit_SMR_VSA6,0.00017897271027322859,model_feature_importances,XGBoost,provided_plus_rdkit_descriptors,10,2
rdkit_SMR_VSA7,0.0,model_feature_importances,XGBoost,provided_plus_rdkit_descriptors,10,2
rdkit_SlogP_VSA1,0.0,model_feature_importances,XGBoost,provided_plus_rdkit_descriptors,10,2
rdkit_SlogP_VSA12,0.0,model_feature_importances,XGBoost,provided_plus_rdkit_descriptors,10,2
rdkit_SlogP_VSA2,0.0,model_feature_importances,XGBoost,provided_plus_rdkit_descriptors,10,2
rdkit_SlogP_VSA3,0.02031739614903927,model_feature_importances,XGBoost,provided_plus_rdkit_descriptors,10,2
rdkit_SlogP_VSA4,0.0,model_feature_importances,XGBoost,provided_plus_rdkit_descriptors,10,2
rdkit_SlogP_VSA5,0.003603211371228099,model_feature_importances,XGBoost,provided_plus_rdkit_descriptors,10,2
rdkit_SlogP_VSA6,0.0,model_feature_importances,XGBoost,provided_plus_rdkit_descriptors,10,2
rdkit_TPSA,0.0,model_feature_importances,XGBoost,provided_plus_rdkit_descriptors,10,2
rdkit_EState_VSA1,0.04658644273877144,model_feature_importances,XGBoost,provided_plus_rdkit_descriptors,10,2
rdkit_EState_VSA10,0.2426571100950241,model_feature_importances,XGBoost,provided_plus_rdkit_descriptors,10,2
rdkit_EState_VSA2,0.0030070426873862743,model_feature_importances,XGBoost,provided_plus_rdkit_descriptors,10,2
rdkit_EState_VSA3,0.00019202449766453356,model_feature_importances,XGBoost,provided_plus_rdkit_descriptors,10,2
rdkit_EState_VSA4,0.0,model_feature_importances,XGBoost,provided_plus_rdkit_descriptors,10,2
rdkit_EState_VSA5,0.0,model_feature_importances,XGBoost,provided_plus_rdkit_descriptors,10,2
rdkit_EState_VSA6,0.0,model_feature_importances,XGBoost,provided_plus_rdkit_descriptors,10,2
rdkit_EState_VSA7,0.0,model_feature_importances,XGBoost,provided_plus_rdkit_descriptors,10,2
rdkit_EState_VSA8,0.00022301729768514633,model_feature_importances,XGBoost,provided_plus_rdkit_descriptors,10,2
rdkit_EState_VSA9,0.002340818988159299,model_feature_importances,XGBoost,provided_plus_rdkit_descriptors,10,2
rdkit_VSA_EState1,0.005068713333457708,model_feature_importances,XGBoost,provided_plus_rdkit_descriptors,10,2
rdkit_VSA_EState10,0.0,model_feature_importances,XGBoost,provided_plus_rdkit_descriptors,10,2
rdkit_VSA_EState2,0.07033369690179825,model_feature_importances,XGBoost,provided_plus_rdkit_descriptors,10,2
rdkit_VSA_EState3,0.02762979455292225,model_feature_importances,XGBoost,provided_plus_rdkit_descriptors,10,2
rdkit_VSA_EState4,0.0,model_feature_importances,XGBoost,provided_plus_rdkit_descriptors,10,2
rdkit_VSA_EState5,0.0011567915789783,model_feature_importances,XGBoost,provided_plus_rdkit_descriptors,10,2
rdkit_VSA_EState6,0.0,model_feature_importances,XGBoost,provided_plus_rdkit_descriptors,10,2
rdkit_VSA_EState7,0.007262741215527058,model_feature_importances,XGBoost,provided_plus_rdkit_descriptors,10,2
rdkit_VSA_EState8,0.02245803363621235,model_feature_importances,XGBoost,provided_plus_rdkit_descriptors,10,2
rdkit_VSA_EState9,0.0,model_feature_importances,XGBoost,provided_plus_rdkit_descriptors,10,2
rdkit_FractionCSP3,0.00016468133253511041,model_feature_importances,XGBoost,provided_plus_rdkit_descriptors,10,2
rdkit_HeavyAtomCount,0.0,model_feature_importances,XGBoost,provided_plus_rdkit_descriptors,10,2
rdkit_NHOHCount,0.0,model_feature_importances,XGBoost,provided_plus_rdkit_descriptors,10,2
rdkit_NOCount,0.0,model_feature_importances,XGBoost,provided_plus_rdkit_descriptors,10,2
rdkit_NumAliphaticCarbocycles,0.0,model_feature_importances,XGBoost,provided_plus_rdkit_descriptors,10,2
rdkit_NumAliphaticHeterocycles,0.0,model_feature_importances,XGBoost,provided_plus_rdkit_descriptors,10,2
rdkit_NumAliphaticRings,0.0,model_feature_importances,XGBoost,provided_plus_rdkit_descriptors,10,2
rdkit_NumAmideBonds,0.0,model_feature_importances,XGBoost,provided_plus_rdkit_descriptors,10,2
rdkit_NumAtomStereoCenters,0.00021788949379697442,model_feature_importances,XGBoost,provided_plus_rdkit_descriptors,10,2
rdkit_NumBridgeheadAtoms,0.0,model_feature_importances,XGBoost,provided_plus_rdkit_descriptors,10,2
rdkit_NumHAcceptors,0.0,model_feature_importances,XGBoost,provided_plus_rdkit_descriptors,10,2
rdkit_NumHDonors,0.0,model_feature_importances,XGBoost,provided_plus_rdkit_descriptors,10,2
rdkit_NumHeteroatoms,0.003214223776012659,model_feature_importances,XGBoost,provided_plus_rdkit_descriptors,10,2
rdkit_NumHeterocycles,0.0,model_feature_importances,XGBoost,provided_plus_rdkit_descriptors,10,2
rdkit_NumRotatableBonds,0.0003151469863951206,model_feature_importances,XGBoost,provided_plus_rdkit_descriptors,10,2
rdkit_NumSaturatedCarbocycles,0.0,model_feature_importances,XGBoost,provided_plus_rdkit_descriptors,10,2
rdkit_NumSaturatedHeterocycles,0.0,model_feature_importances,XGBoost,provided_plus_rdkit_descriptors,10,2
rdkit_NumSaturatedRings,0.0,model_feature_importances,XGBoost,provided_plus_rdkit_descriptors,10,2
rdkit_NumUnspecifiedAtomStereoCenters,0.00023257402062881738,model_feature_importances,XGBoost,provided_plus_rdkit_descriptors,10,2
rdkit_Phi,0.0009953241096809506,model_feature_importances,XGBoost,provided_plus_rdkit_descriptors,10,2
rdkit_RingCount,0.0,model_feature_importances,XGBoost,provided_plus_rdkit_descriptors,10,2
rdkit_MolLogP,0.035568851977586746,model_feature_importances,XGBoost,provided_plus_rdkit_descriptors,10,2
rdkit_MolMR,0.006510893348604441,model_feature_importances,XGBoost,provided_plus_rdkit_descriptors,10,2
rdkit_fr_Al_COO,0.0,model_feature_importances,XGBoost,provided_plus_rdkit_descriptors,10,2
rdkit_fr_Al_OH,0.06838078051805496,model_feature_importances,XGBoost,provided_plus_rdkit_descriptors,10,2
rdkit_fr_Al_OH_noTert,0.0,model_feature_importances,XGBoost,provided_plus_rdkit_descriptors,10,2
rdkit_fr_COO,0.0,model_feature_importances,XGBoost,provided_plus_rdkit_descriptors,10,2
rdkit_fr_COO2,0.0,model_feature_importances,XGBoost,provided_plus_rdkit_descriptors,10,2
rdkit_fr_C_O,0.0,model_feature_importances,XGBoost,provided_plus_rdkit_descriptors,10,2
rdkit_fr_C_O_noCOO,0.0,model_feature_importances,XGBoost,provided_plus_rdkit_descriptors,10,2
rdkit_fr_NH1,0.0,model_feature_importances,XGBoost,provided_plus_rdkit_descriptors,10,2
rdkit_fr_NH2,0.0,model_feature_importances,XGBoost,provided_plus_rdkit_descriptors,10,2
rdkit_fr_aldehyde,0.18381567299365997,model_feature_importances,XGBoost,provided_plus_rdkit_descriptors,10,2
rdkit_fr_alkyl_halide,0.0,model_feature_importances,XGBoost,provided_plus_rdkit_descriptors,10,2
rdkit_fr_allylic_oxid,0.0,model_feature_importances,XGBoost,provided_plus_rdkit_descriptors,10,2
rdkit_fr_amide,0.0,model_feature_importances,XGBoost,provided_plus_rdkit_descriptors,10,2
rdkit_fr_bicyclic,0.0,model_feature_importances,XGBoost,provided_plus_rdkit_descriptors,10,2
rdkit_fr_ether,0.0,model_feature_importances,XGBoost,provided_plus_rdkit_descriptors,10,2
rdkit_fr_halogen,0.0,model_feature_importances,XGBoost,provided_plus_rdkit_descriptors,10,2
rdkit_fr_ketone,0.0,model_feature_importances,XGBoost,provided_plus_rdkit_descriptors,10,2
rdkit_fr_ketone_Topliss,0.0,model_feature_importances,XGBoost,provided_plus_rdkit_descriptors,10,2
rdkit_fr_methoxy,0.0,model_feature_importances,XGBoost,provided_plus_rdkit_descriptors,10,2
rdkit_fr_phos_acid,0.0,model_feature_importances,XGBoost,provided_plus_rdkit_descriptors,10,2
rdkit_fr_phos_ester,0.0,model_feature_importances,XGBoost,provided_plus_rdkit_descriptors,10,2
Molecular weight (Da),0.004904655274003744,model_feature_importances,XGBoost,provided_plus_rdkit_descriptors,10,3
Solubility (mg/mL),0.014158191159367561,model_feature_importances,XGBoost,provided_plus_rdkit_descriptors,10,3
"Glass transition temperature (Tg, degC)",0.00560259073972702,model_feature_importances,XGBoost,provided_plus_rdkit_descriptors,10,3
Viscosity (mPa.s),0.0014449915615841746,model_feature_importances,XGBoost,provided_plus_rdkit_descriptors,10,3
Concentration (% w/v),0.003835331881418824,model_feature_importances,XGBoost,provided_plus_rdkit_descriptors,10,3
rdkit_MaxAbsEStateIndex,0.004310906399041414,model_feature_importances,XGBoost,provided_plus_rdkit_descriptors,10,3
rdkit_MaxEStateIndex,0.0,model_feature_importances,XGBoost,provided_plus_rdkit_descriptors,10,3
rdkit_MinAbsEStateIndex,0.0037365404423326254,model_feature_importances,XGBoost,provided_plus_rdkit_descriptors,10,3
rdkit_MinEStateIndex,0.0050688800401985645,model_feature_importances,XGBoost,provided_plus_rdkit_descriptors,10,3
rdkit_qed,0.008101996034383774,model_feature_importances,XGBoost,provided_plus_rdkit_descriptors,10,3
rdkit_SPS,0.009923946112394333,model_feature_importances,XGBoost,provided_plus_rdkit_descriptors,10,3
rdkit_MolWt,0.0,model_feature_importances,XGBoost,provided_plus_rdkit_descriptors,10,3
rdkit_HeavyAtomMolWt,0.0,model_feature_importances,XGBoost,provided_plus_rdkit_descriptors,10,3
rdkit_ExactMolWt,0.0,model_feature_importances,XGBoost,provided_plus_rdkit_descriptors,10,3
rdkit_NumValenceElectrons,0.000153034707182087,model_feature_importances,XGBoost,provided_plus_rdkit_descriptors,10,3
rdkit_MaxPartialCharge,0.007040474563837051,model_feature_importances,XGBoost,provided_plus_rdkit_descriptors,10,3
rdkit_MinPartialCharge,0.01136942021548748,model_feature_importances,XGBoost,provided_plus_rdkit_descriptors,10,3
rdkit_MaxAbsPartialCharge,0.0016229274915531278,model_feature_importances,XGBoost,provided_plus_rdkit_descriptors,10,3
rdkit_MinAbsPartialCharge,0.0,model_feature_importances,XGBoost,provided_plus_rdkit_descriptors,10,3
rdkit_FpDensityMorgan1,0.0041736094281077385,model_feature_importances,XGBoost,provided_plus_rdkit_descriptors,10,3
rdkit_FpDensityMorgan2,0.0007579739321954548,model_feature_importances,XGBoost,provided_plus_rdkit_descriptors,10,3
rdkit_FpDensityMorgan3,0.0032537400256842375,model_feature_importances,XGBoost,provided_plus_rdkit_descriptors,10,3
rdkit_BCUT2D_MWHI,0.007072904147207737,model_feature_importances,XGBoost,provided_plus_rdkit_descriptors,10,3
rdkit_BCUT2D_MWLOW,0.007334895897656679,model_feature_importances,XGBoost,provided_plus_rdkit_descriptors,10,3
rdkit_BCUT2D_CHGHI,0.0049132537096738815,model_feature_importances,XGBoost,provided_plus_rdkit_descriptors,10,3
rdkit_BCUT2D_CHGLO,0.009846488945186138,model_feature_importances,XGBoost,provided_plus_rdkit_descriptors,10,3
rdkit_BCUT2D_LOGPHI,0.0017417948693037033,model_feature_importances,XGBoost,provided_plus_rdkit_descriptors,10,3
rdkit_BCUT2D_LOGPLOW,0.0005712833954021335,model_feature_importances,XGBoost,provided_plus_rdkit_descriptors,10,3
rdkit_BCUT2D_MRHI,0.00457025645300746,model_feature_importances,XGBoost,provided_plus_rdkit_descriptors,10,3
rdkit_BCUT2D_MRLOW,0.001357699278742075,model_feature_importances,XGBoost,provided_plus_rdkit_descriptors,10,3
rdkit_AvgIpc,0.014441238716244698,model_feature_importances,XGBoost,provided_plus_rdkit_descriptors,10,3
rdkit_BalabanJ,0.0071806274354457855,model_feature_importances,XGBoost,provided_plus_rdkit_descriptors,10,3
rdkit_BertzCT,0.016391726210713387,model_feature_importances,XGBoost,provided_plus_rdkit_descriptors,10,3
rdkit_Chi0,0.0001280323340324685,model_feature_importances,XGBoost,provided_plus_rdkit_descriptors,10,3
rdkit_Chi0n,0.0,model_feature_importances,XGBoost,provided_plus_rdkit_descriptors,10,3
rdkit_Chi0v,0.05905775725841522,model_feature_importances,XGBoost,provided_plus_rdkit_descriptors,10,3
rdkit_Chi1,0.0,model_feature_importances,XGBoost,provided_plus_rdkit_descriptors,10,3
rdkit_Chi1n,0.0,model_feature_importances,XGBoost,provided_plus_rdkit_descriptors,10,3
rdkit_Chi1v,0.0004753128159791231,model_feature_importances,XGBoost,provided_plus_rdkit_descriptors,10,3
rdkit_Chi2n,0.015168556943535805,model_feature_importances,XGBoost,provided_plus_rdkit_descriptors,10,3
rdkit_Chi2v,0.00023235808475874364,model_feature_importances,XGBoost,provided_plus_rdkit_descriptors,10,3
rdkit_Chi3n,6.434334500227123e-05,model_feature_importances,XGBoost,provided_plus_rdkit_descriptors,10,3
rdkit_Chi3v,0.0011743849609047174,model_feature_importances,XGBoost,provided_plus_rdkit_descriptors,10,3
rdkit_Chi4n,0.0,model_feature_importances,XGBoost,provided_plus_rdkit_descriptors,10,3
rdkit_Chi4v,0.0,model_feature_importances,XGBoost,provided_plus_rdkit_descriptors,10,3
rdkit_HallKierAlpha,0.041252270340919495,model_feature_importances,XGBoost,provided_plus_rdkit_descriptors,10,3
rdkit_Ipc,0.0008877153741195798,model_feature_importances,XGBoost,provided_plus_rdkit_descriptors,10,3
rdkit_Kappa1,0.003280638251453638,model_feature_importances,XGBoost,provided_plus_rdkit_descriptors,10,3
rdkit_Kappa2,0.0023575173690915108,model_feature_importances,XGBoost,provided_plus_rdkit_descriptors,10,3
rdkit_Kappa3,0.001853519817814231,model_feature_importances,XGBoost,provided_plus_rdkit_descriptors,10,3
rdkit_LabuteASA,0.0,model_feature_importances,XGBoost,provided_plus_rdkit_descriptors,10,3
rdkit_PEOE_VSA1,0.009066070429980755,model_feature_importances,XGBoost,provided_plus_rdkit_descriptors,10,3
rdkit_PEOE_VSA10,0.008258421905338764,model_feature_importances,XGBoost,provided_plus_rdkit_descriptors,10,3
rdkit_PEOE_VSA11,0.00981120951473713,model_feature_importances,XGBoost,provided_plus_rdkit_descriptors,10,3
rdkit_PEOE_VSA12,0.0003305385180283338,model_feature_importances,XGBoost,provided_plus_rdkit_descriptors,10,3
rdkit_PEOE_VSA14,0.0,model_feature_importances,XGBoost,provided_plus_rdkit_descriptors,10,3
rdkit_PEOE_VSA2,0.0,model_feature_importances,XGBoost,provided_plus_rdkit_descriptors,10,3
rdkit_PEOE_VSA3,0.0,model_feature_importances,XGBoost,provided_plus_rdkit_descriptors,10,3
rdkit_PEOE_VSA5,0.0,model_feature_importances,XGBoost,provided_plus_rdkit_descriptors,10,3
rdkit_PEOE_VSA6,0.0,model_feature_importances,XGBoost,provided_plus_rdkit_descriptors,10,3
rdkit_PEOE_VSA7,0.0036826985888183117,model_feature_importances,XGBoost,provided_plus_rdkit_descriptors,10,3
rdkit_PEOE_VSA8,0.013539484702050686,model_feature_importances,XGBoost,provided_plus_rdkit_descriptors,10,3
rdkit_PEOE_VSA9,0.0028348772320896387,model_feature_importances,XGBoost,provided_plus_rdkit_descriptors,10,3
rdkit_SMR_VSA1,0.027583420276641846,model_feature_importances,XGBoost,provided_plus_rdkit_descriptors,10,3
rdkit_SMR_VSA10,0.0017703896155580878,model_feature_importances,XGBoost,provided_plus_rdkit_descriptors,10,3
rdkit_SMR_VSA3,0.00022264794097281992,model_feature_importances,XGBoost,provided_plus_rdkit_descriptors,10,3
rdkit_SMR_VSA4,0.0,model_feature_importances,XGBoost,provided_plus_rdkit_descriptors,10,3
rdkit_SMR_VSA5,0.0018893979722633958,model_feature_importances,XGBoost,provided_plus_rdkit_descriptors,10,3
rdkit_SMR_VSA6,0.0007646681624464691,model_feature_importances,XGBoost,provided_plus_rdkit_descriptors,10,3
rdkit_SMR_VSA7,0.0,model_feature_importances,XGBoost,provided_plus_rdkit_descriptors,10,3
rdkit_SlogP_VSA1,0.0,model_feature_importances,XGBoost,provided_plus_rdkit_descriptors,10,3
rdkit_SlogP_VSA12,0.0,model_feature_importances,XGBoost,provided_plus_rdkit_descriptors,10,3
rdkit_SlogP_VSA2,0.00636430736631155,model_feature_importances,XGBoost,provided_plus_rdkit_descriptors,10,3
rdkit_SlogP_VSA3,0.003396640531718731,model_feature_importances,XGBoost,provided_plus_rdkit_descriptors,10,3
rdkit_SlogP_VSA4,0.0,model_feature_importances,XGBoost,provided_plus_rdkit_descriptors,10,3
rdkit_SlogP_VSA5,0.00011025369167327881,model_feature_importances,XGBoost,provided_plus_rdkit_descriptors,10,3
rdkit_SlogP_VSA6,0.0,model_feature_importances,XGBoost,provided_plus_rdkit_descriptors,10,3
rdkit_TPSA,0.0005164803005754948,model_feature_importances,XGBoost,provided_plus_rdkit_descriptors,10,3
rdkit_EState_VSA1,0.0026469232980161905,model_feature_importances,XGBoost,provided_plus_rdkit_descriptors,10,3
rdkit_EState_VSA10,0.24721308052539825,model_feature_importances,XGBoost,provided_plus_rdkit_descriptors,10,3
rdkit_EState_VSA2,0.006100006401538849,model_feature_importances,XGBoost,provided_plus_rdkit_descriptors,10,3
rdkit_EState_VSA3,0.008647906593978405,model_feature_importances,XGBoost,provided_plus_rdkit_descriptors,10,3
rdkit_EState_VSA4,0.0,model_feature_importances,XGBoost,provided_plus_rdkit_descriptors,10,3
rdkit_EState_VSA5,8.300019544549286e-05,model_feature_importances,XGBoost,provided_plus_rdkit_descriptors,10,3
rdkit_EState_VSA6,0.0,model_feature_importances,XGBoost,provided_plus_rdkit_descriptors,10,3
rdkit_EState_VSA7,0.0,model_feature_importances,XGBoost,provided_plus_rdkit_descriptors,10,3
rdkit_EState_VSA8,0.000997494556941092,model_feature_importances,XGBoost,provided_plus_rdkit_descriptors,10,3
rdkit_EState_VSA9,0.004642574582248926,model_feature_importances,XGBoost,provided_plus_rdkit_descriptors,10,3
rdkit_VSA_EState1,5.830449299537577e-05,model_feature_importances,XGBoost,provided_plus_rdkit_descriptors,10,3
rdkit_VSA_EState10,0.0,model_feature_importances,XGBoost,provided_plus_rdkit_descriptors,10,3
rdkit_VSA_EState2,0.09381967782974243,model_feature_importances,XGBoost,provided_plus_rdkit_descriptors,10,3
rdkit_VSA_EState3,0.025003820657730103,model_feature_importances,XGBoost,provided_plus_rdkit_descriptors,10,3
rdkit_VSA_EState4,0.0,model_feature_importances,XGBoost,provided_plus_rdkit_descriptors,10,3
rdkit_VSA_EState5,0.0005005095736123621,model_feature_importances,XGBoost,provided_plus_rdkit_descriptors,10,3
rdkit_VSA_EState6,0.0,model_feature_importances,XGBoost,provided_plus_rdkit_descriptors,10,3
rdkit_VSA_EState7,0.007300977595150471,model_feature_importances,XGBoost,provided_plus_rdkit_descriptors,10,3
rdkit_VSA_EState8,0.03839847445487976,model_feature_importances,XGBoost,provided_plus_rdkit_descriptors,10,3
rdkit_VSA_EState9,6.586258677998558e-05,model_feature_importances,XGBoost,provided_plus_rdkit_descriptors,10,3
rdkit_FractionCSP3,0.0003303772828076035,model_feature_importances,XGBoost,provided_plus_rdkit_descriptors,10,3
rdkit_HeavyAtomCount,0.0,model_feature_importances,XGBoost,provided_plus_rdkit_descriptors,10,3
rdkit_NHOHCount,0.0,model_feature_importances,XGBoost,provided_plus_rdkit_descriptors,10,3
rdkit_NOCount,0.0,model_feature_importances,XGBoost,provided_plus_rdkit_descriptors,10,3
rdkit_NumAliphaticCarbocycles,0.0,model_feature_importances,XGBoost,provided_plus_rdkit_descriptors,10,3
rdkit_NumAliphaticHeterocycles,0.0,model_feature_importances,XGBoost,provided_plus_rdkit_descriptors,10,3
rdkit_NumAliphaticRings,0.0,model_feature_importances,XGBoost,provided_plus_rdkit_descriptors,10,3
rdkit_NumAmideBonds,0.0,model_feature_importances,XGBoost,provided_plus_rdkit_descriptors,10,3
rdkit_NumAtomStereoCenters,0.0038221797440201044,model_feature_importances,XGBoost,provided_plus_rdkit_descriptors,10,3
rdkit_NumBridgeheadAtoms,0.0,model_feature_importances,XGBoost,provided_plus_rdkit_descriptors,10,3
rdkit_NumHAcceptors,0.0,model_feature_importances,XGBoost,provided_plus_rdkit_descriptors,10,3
rdkit_NumHDonors,0.0,model_feature_importances,XGBoost,provided_plus_rdkit_descriptors,10,3
rdkit_NumHeteroatoms,0.0,model_feature_importances,XGBoost,provided_plus_rdkit_descriptors,10,3
rdkit_NumHeterocycles,0.0,model_feature_importances,XGBoost,provided_plus_rdkit_descriptors,10,3
rdkit_NumRotatableBonds,0.0083500100299716,model_feature_importances,XGBoost,provided_plus_rdkit_descriptors,10,3
rdkit_NumSaturatedCarbocycles,0.0,model_feature_importances,XGBoost,provided_plus_rdkit_descriptors,10,3
rdkit_NumSaturatedHeterocycles,0.0,model_feature_importances,XGBoost,provided_plus_rdkit_descriptors,10,3
rdkit_NumSaturatedRings,0.0,model_feature_importances,XGBoost,provided_plus_rdkit_descriptors,10,3
rdkit_NumUnspecifiedAtomStereoCenters,0.09006734937429428,model_feature_importances,XGBoost,provided_plus_rdkit_descriptors,10,3
rdkit_Phi,0.04643920436501503,model_feature_importances,XGBoost,provided_plus_rdkit_descriptors,10,3
rdkit_RingCount,0.0,model_feature_importances,XGBoost,provided_plus_rdkit_descriptors,10,3
rdkit_MolLogP,0.012026684358716011,model_feature_importances,XGBoost,provided_plus_rdkit_descriptors,10,3
rdkit_MolMR,0.021072955802083015,model_feature_importances,XGBoost,provided_plus_rdkit_descriptors,10,3
rdkit_fr_Al_COO,0.0,model_feature_importances,XGBoost,provided_plus_rdkit_descriptors,10,3
rdkit_fr_Al_OH,0.0,model_feature_importances,XGBoost,provided_plus_rdkit_descriptors,10,3
rdkit_fr_Al_OH_noTert,0.0,model_feature_importances,XGBoost,provided_plus_rdkit_descriptors,10,3
rdkit_fr_COO,0.0,model_feature_importances,XGBoost,provided_plus_rdkit_descriptors,10,3
rdkit_fr_COO2,0.0,model_feature_importances,XGBoost,provided_plus_rdkit_descriptors,10,3
rdkit_fr_C_O,0.0,model_feature_importances,XGBoost,provided_plus_rdkit_descriptors,10,3
rdkit_fr_C_O_noCOO,0.0,model_feature_importances,XGBoost,provided_plus_rdkit_descriptors,10,3
rdkit_fr_NH1,0.0,model_feature_importances,XGBoost,provided_plus_rdkit_descriptors,10,3
rdkit_fr_NH2,0.0,model_feature_importances,XGBoost,provided_plus_rdkit_descriptors,10,3
rdkit_fr_aldehyde,0.00116058811545372,model_feature_importances,XGBoost,provided_plus_rdkit_descriptors,10,3
rdkit_fr_alkyl_halide,0.0,model_feature_importances,XGBoost,provided_plus_rdkit_descriptors,10,3
rdkit_fr_allylic_oxid,0.0,model_feature_importances,XGBoost,provided_plus_rdkit_descriptors,10,3
rdkit_fr_amide,0.0,model_feature_importances,XGBoost,provided_plus_rdkit_descriptors,10,3
rdkit_fr_bicyclic,0.0,model_feature_importances,XGBoost,provided_plus_rdkit_descriptors,10,3
rdkit_fr_ether,0.0,model_feature_importances,XGBoost,provided_plus_rdkit_descriptors,10,3
rdkit_fr_halogen,0.0,model_feature_importances,XGBoost,provided_plus_rdkit_descriptors,10,3
rdkit_fr_ketone,0.0002967581676784903,model_feature_importances,XGBoost,provided_plus_rdkit_descriptors,10,3
rdkit_fr_ketone_Topliss,0.0,model_feature_importances,XGBoost,provided_plus_rdkit_descriptors,10,3
rdkit_fr_methoxy,0.0,model_feature_importances,XGBoost,provided_plus_rdkit_descriptors,10,3
rdkit_fr_phos_acid,0.0,model_feature_importances,XGBoost,provided_plus_rdkit_descriptors,10,3
rdkit_fr_phos_ester,0.0,model_feature_importances,XGBoost,provided_plus_rdkit_descriptors,10,3
Molecular weight (Da),0.0014407437993213534,model_feature_importances,XGBoost,provided_plus_rdkit_descriptors,10,4
Solubility (mg/mL),0.008319859392940998,model_feature_importances,XGBoost,provided_plus_rdkit_descriptors,10,4
"Glass transition temperature (Tg, degC)",0.003504605498164892,model_feature_importances,XGBoost,provided_plus_rdkit_descriptors,10,4
Viscosity (mPa.s),0.0009252901072613895,model_feature_importances,XGBoost,provided_plus_rdkit_descriptors,10,4
Concentration (% w/v),0.002305843634530902,model_feature_importances,XGBoost,provided_plus_rdkit_descriptors,10,4
rdkit_MaxAbsEStateIndex,0.003024035133421421,model_feature_importances,XGBoost,provided_plus_rdkit_descriptors,10,4
rdkit_MaxEStateIndex,0.0,model_feature_importances,XGBoost,provided_plus_rdkit_descriptors,10,4
rdkit_MinAbsEStateIndex,0.007341017480939627,model_feature_importances,XGBoost,provided_plus_rdkit_descriptors,10,4
rdkit_MinEStateIndex,0.002553905826061964,model_feature_importances,XGBoost,provided_plus_rdkit_descriptors,10,4
rdkit_qed,0.006304213311523199,model_feature_importances,XGBoost,provided_plus_rdkit_descriptors,10,4
rdkit_SPS,0.007383720017969608,model_feature_importances,XGBoost,provided_plus_rdkit_descriptors,10,4
rdkit_MolWt,0.0,model_feature_importances,XGBoost,provided_plus_rdkit_descriptors,10,4
rdkit_HeavyAtomMolWt,0.0,model_feature_importances,XGBoost,provided_plus_rdkit_descriptors,10,4
rdkit_ExactMolWt,0.0,model_feature_importances,XGBoost,provided_plus_rdkit_descriptors,10,4
rdkit_NumValenceElectrons,0.0,model_feature_importances,XGBoost,provided_plus_rdkit_descriptors,10,4
rdkit_MaxPartialCharge,0.019009223207831383,model_feature_importances,XGBoost,provided_plus_rdkit_descriptors,10,4
rdkit_MinPartialCharge,0.002762079704552889,model_feature_importances,XGBoost,provided_plus_rdkit_descriptors,10,4
rdkit_MaxAbsPartialCharge,0.000997465685941279,model_feature_importances,XGBoost,provided_plus_rdkit_descriptors,10,4
rdkit_MinAbsPartialCharge,0.0,model_feature_importances,XGBoost,provided_plus_rdkit_descriptors,10,4
rdkit_FpDensityMorgan1,0.0014076728839427233,model_feature_importances,XGBoost,provided_plus_rdkit_descriptors,10,4
rdkit_FpDensityMorgan2,0.005332309752702713,model_feature_importances,XGBoost,provided_plus_rdkit_descriptors,10,4
rdkit_FpDensityMorgan3,0.0035142526030540466,model_feature_importances,XGBoost,provided_plus_rdkit_descriptors,10,4
rdkit_BCUT2D_MWHI,0.0010644550202414393,model_feature_importances,XGBoost,provided_plus_rdkit_descriptors,10,4
rdkit_BCUT2D_MWLOW,0.002899954793974757,model_feature_importances,XGBoost,provided_plus_rdkit_descriptors,10,4
rdkit_BCUT2D_CHGHI,0.005601325538009405,model_feature_importances,XGBoost,provided_plus_rdkit_descriptors,10,4
rdkit_BCUT2D_CHGLO,0.039344411343336105,model_feature_importances,XGBoost,provided_plus_rdkit_descriptors,10,4
rdkit_BCUT2D_LOGPHI,0.03471710532903671,model_feature_importances,XGBoost,provided_plus_rdkit_descriptors,10,4
rdkit_BCUT2D_LOGPLOW,0.0012804694706574082,model_feature_importances,XGBoost,provided_plus_rdkit_descriptors,10,4
rdkit_BCUT2D_MRHI,0.002782272407785058,model_feature_importances,XGBoost,provided_plus_rdkit_descriptors,10,4
rdkit_BCUT2D_MRLOW,0.0024937314447015524,model_feature_importances,XGBoost,provided_plus_rdkit_descriptors,10,4
rdkit_AvgIpc,0.0220431387424469,model_feature_importances,XGBoost,provided_plus_rdkit_descriptors,10,4
rdkit_BalabanJ,0.008589249104261398,model_feature_importances,XGBoost,provided_plus_rdkit_descriptors,10,4
rdkit_BertzCT,0.0043856422416865826,model_feature_importances,XGBoost,provided_plus_rdkit_descriptors,10,4
rdkit_Chi0,0.00020177214173600078,model_feature_importances,XGBoost,provided_plus_rdkit_descriptors,10,4
rdkit_Chi0n,0.020709799602627754,model_feature_importances,XGBoost,provided_plus_rdkit_descriptors,10,4
rdkit_Chi0v,0.03981901705265045,model_feature_importances,XGBoost,provided_plus_rdkit_descriptors,10,4
rdkit_Chi1,0.0006541042821481824,model_feature_importances,XGBoost,provided_plus_rdkit_descriptors,10,4
rdkit_Chi1n,4.370073293102905e-05,model_feature_importances,XGBoost,provided_plus_rdkit_descriptors,10,4
rdkit_Chi1v,0.001155385747551918,model_feature_importances,XGBoost,provided_plus_rdkit_descriptors,10,4
rdkit_Chi2n,0.02801000326871872,model_feature_importances,XGBoost,provided_plus_rdkit_descriptors,10,4
rdkit_Chi2v,0.0001114754777518101,model_feature_importances,XGBoost,provided_plus_rdkit_descriptors,10,4
rdkit_Chi3n,0.0,model_feature_importances,XGBoost,provided_plus_rdkit_descriptors,10,4
rdkit_Chi3v,0.0010065431706607342,model_feature_importances,XGBoost,provided_plus_rdkit_descriptors,10,4
rdkit_Chi4n,0.11664295196533203,model_feature_importances,XGBoost,provided_plus_rdkit_descriptors,10,4
rdkit_Chi4v,0.0006580603658221662,model_feature_importances,XGBoost,provided_plus_rdkit_descriptors,10,4
rdkit_HallKierAlpha,0.0007448488031513989,model_feature_importances,XGBoost,provided_plus_rdkit_descriptors,10,4
rdkit_Ipc,0.0008757133618928492,model_feature_importances,XGBoost,provided_plus_rdkit_descriptors,10,4
rdkit_Kappa1,0.0008419665391556919,model_feature_importances,XGBoost,provided_plus_rdkit_descriptors,10,4
rdkit_Kappa2,0.007818510755896568,model_feature_importances,XGBoost,provided_plus_rdkit_descriptors,10,4
rdkit_Kappa3,0.00607406347990036,model_feature_importances,XGBoost,provided_plus_rdkit_descriptors,10,4
rdkit_LabuteASA,0.0,model_feature_importances,XGBoost,provided_plus_rdkit_descriptors,10,4
rdkit_PEOE_VSA1,0.011706473305821419,model_feature_importances,XGBoost,provided_plus_rdkit_descriptors,10,4
rdkit_PEOE_VSA10,0.009221162647008896,model_feature_importances,XGBoost,provided_plus_rdkit_descriptors,10,4
rdkit_PEOE_VSA11,0.01032494567334652,model_feature_importances,XGBoost,provided_plus_rdkit_descriptors,10,4
rdkit_PEOE_VSA12,0.00022839868324808776,model_feature_importances,XGBoost,provided_plus_rdkit_descriptors,10,4
rdkit_PEOE_VSA14,0.0,model_feature_importances,XGBoost,provided_plus_rdkit_descriptors,10,4
rdkit_PEOE_VSA2,0.0,model_feature_importances,XGBoost,provided_plus_rdkit_descriptors,10,4
rdkit_PEOE_VSA3,0.0,model_feature_importances,XGBoost,provided_plus_rdkit_descriptors,10,4
rdkit_PEOE_VSA5,0.0,model_feature_importances,XGBoost,provided_plus_rdkit_descriptors,10,4
rdkit_PEOE_VSA6,0.0,model_feature_importances,XGBoost,provided_plus_rdkit_descriptors,10,4
rdkit_PEOE_VSA7,0.0028400311712175608,model_feature_importances,XGBoost,provided_plus_rdkit_descriptors,10,4
rdkit_PEOE_VSA8,0.0,model_feature_importances,XGBoost,provided_plus_rdkit_descriptors,10,4
rdkit_PEOE_VSA9,0.0002887351147364825,model_feature_importances,XGBoost,provided_plus_rdkit_descriptors,10,4
rdkit_SMR_VSA1,0.002109780441969633,model_feature_importances,XGBoost,provided_plus_rdkit_descriptors,10,4
rdkit_SMR_VSA10,0.00047383285709656775,model_feature_importances,XGBoost,provided_plus_rdkit_descriptors,10,4
rdkit_SMR_VSA3,0.0,model_feature_importances,XGBoost,provided_plus_rdkit_descriptors,10,4
rdkit_SMR_VSA4,0.00014013025793246925,model_feature_importances,XGBoost,provided_plus_rdkit_descriptors,10,4
rdkit_SMR_VSA5,0.001458468846976757,model_feature_importances,XGBoost,provided_plus_rdkit_descriptors,10,4
rdkit_SMR_VSA6,9.842518920777366e-05,model_feature_importances,XGBoost,provided_plus_rdkit_descriptors,10,4
rdkit_SMR_VSA7,0.0,model_feature_importances,XGBoost,provided_plus_rdkit_descriptors,10,4
rdkit_SlogP_VSA1,0.0,model_feature_importances,XGBoost,provided_plus_rdkit_descriptors,10,4
rdkit_SlogP_VSA12,0.0,model_feature_importances,XGBoost,provided_plus_rdkit_descriptors,10,4
rdkit_SlogP_VSA2,0.02798132598400116,model_feature_importances,XGBoost,provided_plus_rdkit_descriptors,10,4
rdkit_SlogP_VSA3,0.0033605429343879223,model_feature_importances,XGBoost,provided_plus_rdkit_descriptors,10,4
rdkit_SlogP_VSA4,0.0,model_feature_importances,XGBoost,provided_plus_rdkit_descriptors,10,4
rdkit_SlogP_VSA5,0.0011774774175137281,model_feature_importances,XGBoost,provided_plus_rdkit_descriptors,10,4
rdkit_SlogP_VSA6,0.0,model_feature_importances,XGBoost,provided_plus_rdkit_descriptors,10,4
rdkit_TPSA,0.0005641239695250988,model_feature_importances,XGBoost,provided_plus_rdkit_descriptors,10,4
rdkit_EState_VSA1,0.0056260316632688046,model_feature_importances,XGBoost,provided_plus_rdkit_descriptors,10,4
rdkit_EState_VSA10,0.29290521144866943,model_feature_importances,XGBoost,provided_plus_rdkit_descriptors,10,4
rdkit_EState_VSA2,0.004222093150019646,model_feature_importances,XGBoost,provided_plus_rdkit_descriptors,10,4
rdkit_EState_VSA3,0.003238979959860444,model_feature_importances,XGBoost,provided_plus_rdkit_descriptors,10,4
rdkit_EState_VSA4,0.0,model_feature_importances,XGBoost,provided_plus_rdkit_descriptors,10,4
rdkit_EState_VSA5,3.4560707717901096e-05,model_feature_importances,XGBoost,provided_plus_rdkit_descriptors,10,4
rdkit_EState_VSA6,0.0,model_feature_importances,XGBoost,provided_plus_rdkit_descriptors,10,4
rdkit_EState_VSA7,0.0,model_feature_importances,XGBoost,provided_plus_rdkit_descriptors,10,4
rdkit_EState_VSA8,0.001145188114605844,model_feature_importances,XGBoost,provided_plus_rdkit_descriptors,10,4
rdkit_EState_VSA9,0.003931698855012655,model_feature_importances,XGBoost,provided_plus_rdkit_descriptors,10,4
rdkit_VSA_EState1,0.00030260515632107854,model_feature_importances,XGBoost,provided_plus_rdkit_descriptors,10,4
rdkit_VSA_EState10,0.0,model_feature_importances,XGBoost,provided_plus_rdkit_descriptors,10,4
rdkit_VSA_EState2,0.026148153468966484,model_feature_importances,XGBoost,provided_plus_rdkit_descriptors,10,4
rdkit_VSA_EState3,0.010112348943948746,model_feature_importances,XGBoost,provided_plus_rdkit_descriptors,10,4
rdkit_VSA_EState4,0.0,model_feature_importances,XGBoost,provided_plus_rdkit_descriptors,10,4
rdkit_VSA_EState5,0.00042890117038041353,model_feature_importances,XGBoost,provided_plus_rdkit_descriptors,10,4
rdkit_VSA_EState6,0.0,model_feature_importances,XGBoost,provided_plus_rdkit_descriptors,10,4
rdkit_VSA_EState7,0.002956892130896449,model_feature_importances,XGBoost,provided_plus_rdkit_descriptors,10,4
rdkit_VSA_EState8,0.025073524564504623,model_feature_importances,XGBoost,provided_plus_rdkit_descriptors,10,4
rdkit_VSA_EState9,0.0,model_feature_importances,XGBoost,provided_plus_rdkit_descriptors,10,4
rdkit_FractionCSP3,0.00013651882181875408,model_feature_importances,XGBoost,provided_plus_rdkit_descriptors,10,4
rdkit_HeavyAtomCount,0.0,model_feature_importances,XGBoost,provided_plus_rdkit_descriptors,10,4
rdkit_NHOHCount,7.024110527709126e-05,model_feature_importances,XGBoost,provided_plus_rdkit_descriptors,10,4
rdkit_NOCount,0.0,model_feature_importances,XGBoost,provided_plus_rdkit_descriptors,10,4
rdkit_NumAliphaticCarbocycles,0.0,model_feature_importances,XGBoost,provided_plus_rdkit_descriptors,10,4
rdkit_NumAliphaticHeterocycles,0.0,model_feature_importances,XGBoost,provided_plus_rdkit_descriptors,10,4
rdkit_NumAliphaticRings,0.0,model_feature_importances,XGBoost,provided_plus_rdkit_descriptors,10,4
rdkit_NumAmideBonds,0.0,model_feature_importances,XGBoost,provided_plus_rdkit_descriptors,10,4
rdkit_NumAtomStereoCenters,0.00425160676240921,model_feature_importances,XGBoost,provided_plus_rdkit_descriptors,10,4
rdkit_NumBridgeheadAtoms,0.0,model_feature_importances,XGBoost,provided_plus_rdkit_descriptors,10,4
rdkit_NumHAcceptors,0.0,model_feature_importances,XGBoost,provided_plus_rdkit_descriptors,10,4
rdkit_NumHDonors,0.00041772425174713135,model_feature_importances,XGBoost,provided_plus_rdkit_descriptors,10,4
rdkit_NumHeteroatoms,0.0,model_feature_importances,XGBoost,provided_plus_rdkit_descriptors,10,4
rdkit_NumHeterocycles,0.0,model_feature_importances,XGBoost,provided_plus_rdkit_descriptors,10,4
rdkit_NumRotatableBonds,0.0015566860092803836,model_feature_importances,XGBoost,provided_plus_rdkit_descriptors,10,4
rdkit_NumSaturatedCarbocycles,0.0,model_feature_importances,XGBoost,provided_plus_rdkit_descriptors,10,4
rdkit_NumSaturatedHeterocycles,0.0,model_feature_importances,XGBoost,provided_plus_rdkit_descriptors,10,4
rdkit_NumSaturatedRings,0.0,model_feature_importances,XGBoost,provided_plus_rdkit_descriptors,10,4
rdkit_NumUnspecifiedAtomStereoCenters,0.016937239095568657,model_feature_importances,XGBoost,provided_plus_rdkit_descriptors,10,4
rdkit_Phi,0.04061654582619667,model_feature_importances,XGBoost,provided_plus_rdkit_descriptors,10,4
rdkit_RingCount,0.0,model_feature_importances,XGBoost,provided_plus_rdkit_descriptors,10,4
rdkit_MolLogP,0.00613789539784193,model_feature_importances,XGBoost,provided_plus_rdkit_descriptors,10,4
rdkit_MolMR,0.00013754995597992092,model_feature_importances,XGBoost,provided_plus_rdkit_descriptors,10,4
rdkit_fr_Al_COO,0.0,model_feature_importances,XGBoost,provided_plus_rdkit_descriptors,10,4
rdkit_fr_Al_OH,0.0,model_feature_importances,XGBoost,provided_plus_rdkit_descriptors,10,4
rdkit_fr_Al_OH_noTert,0.0,model_feature_importances,XGBoost,provided_plus_rdkit_descriptors,10,4
rdkit_fr_COO,0.0,model_feature_importances,XGBoost,provided_plus_rdkit_descriptors,10,4
rdkit_fr_COO2,0.0,model_feature_importances,XGBoost,provided_plus_rdkit_descriptors,10,4
rdkit_fr_C_O,0.0,model_feature_importances,XGBoost,provided_plus_rdkit_descriptors,10,4
rdkit_fr_C_O_noCOO,0.0,model_feature_importances,XGBoost,provided_plus_rdkit_descriptors,10,4
rdkit_fr_NH1,0.0,model_feature_importances,XGBoost,provided_plus_rdkit_descriptors,10,4
rdkit_fr_NH2,0.0,model_feature_importances,XGBoost,provided_plus_rdkit_descriptors,10,4
rdkit_fr_aldehyde,0.054942093789577484,model_feature_importances,XGBoost,provided_plus_rdkit_descriptors,10,4
rdkit_fr_alkyl_halide,0.0,model_feature_importances,XGBoost,provided_plus_rdkit_descriptors,10,4
rdkit_fr_allylic_oxid,0.0,model_feature_importances,XGBoost,provided_plus_rdkit_descriptors,10,4
rdkit_fr_amide,0.0,model_feature_importances,XGBoost,provided_plus_rdkit_descriptors,10,4
rdkit_fr_bicyclic,0.0,model_feature_importances,XGBoost,provided_plus_rdkit_descriptors,10,4
rdkit_fr_ether,0.0,model_feature_importances,XGBoost,provided_plus_rdkit_descriptors,10,4
rdkit_fr_halogen,0.0,model_feature_importances,XGBoost,provided_plus_rdkit_descriptors,10,4
rdkit_fr_ketone,0.0,model_feature_importances,XGBoost,provided_plus_rdkit_descriptors,10,4
rdkit_fr_ketone_Topliss,0.0,model_feature_importances,XGBoost,provided_plus_rdkit_descriptors,10,4
rdkit_fr_methoxy,0.0,model_feature_importances,XGBoost,provided_plus_rdkit_descriptors,10,4
rdkit_fr_phos_acid,0.0,model_feature_importances,XGBoost,provided_plus_rdkit_descriptors,10,4
rdkit_fr_phos_ester,0.0,model_feature_importances,XGBoost,provided_plus_rdkit_descriptors,10,4
Molecular weight (Da),0.0024086458142846823,model_feature_importances,XGBoost,provided_plus_rdkit_descriptors,10,5
Solubility (mg/mL),0.01577514037489891,model_feature_importances,XGBoost,provided_plus_rdkit_descriptors,10,5
"Glass transition temperature (Tg, degC)",0.00410626782104373,model_feature_importances,XGBoost,provided_plus_rdkit_descriptors,10,5
Viscosity (mPa.s),0.0016600154340267181,model_feature_importances,XGBoost,provided_plus_rdkit_descriptors,10,5
Concentration (% w/v),0.0035022690426558256,model_feature_importances,XGBoost,provided_plus_rdkit_descriptors,10,5
rdkit_MaxAbsEStateIndex,0.004092400427907705,model_feature_importances,XGBoost,provided_plus_rdkit_descriptors,10,5
rdkit_MaxEStateIndex,0.0,model_feature_importances,XGBoost,provided_plus_rdkit_descriptors,10,5
rdkit_MinAbsEStateIndex,0.014947456307709217,model_feature_importances,XGBoost,provided_plus_rdkit_descriptors,10,5
rdkit_MinEStateIndex,0.004558007698506117,model_feature_importances,XGBoost,provided_plus_rdkit_descriptors,10,5
rdkit_qed,0.009569104760885239,model_feature_importances,XGBoost,provided_plus_rdkit_descriptors,10,5
rdkit_SPS,0.021826941519975662,model_feature_importances,XGBoost,provided_plus_rdkit_descriptors,10,5
rdkit_MolWt,0.0,model_feature_importances,XGBoost,provided_plus_rdkit_descriptors,10,5
rdkit_HeavyAtomMolWt,0.0,model_feature_importances,XGBoost,provided_plus_rdkit_descriptors,10,5
rdkit_ExactMolWt,0.0,model_feature_importances,XGBoost,provided_plus_rdkit_descriptors,10,5
rdkit_NumValenceElectrons,0.004585404880344868,model_feature_importances,XGBoost,provided_plus_rdkit_descriptors,10,5
rdkit_MaxPartialCharge,0.01720322296023369,model_feature_importances,XGBoost,provided_plus_rdkit_descriptors,10,5
rdkit_MinPartialCharge,0.0035469906870275736,model_feature_importances,XGBoost,provided_plus_rdkit_descriptors,10,5
rdkit_MaxAbsPartialCharge,0.0007455637096427381,model_feature_importances,XGBoost,provided_plus_rdkit_descriptors,10,5
rdkit_MinAbsPartialCharge,0.0,model_feature_importances,XGBoost,provided_plus_rdkit_descriptors,10,5
rdkit_FpDensityMorgan1,0.0011367592960596085,model_feature_importances,XGBoost,provided_plus_rdkit_descriptors,10,5
rdkit_FpDensityMorgan2,0.0008463243138976395,model_feature_importances,XGBoost,provided_plus_rdkit_descriptors,10,5
rdkit_FpDensityMorgan3,0.0010093735763803124,model_feature_importances,XGBoost,provided_plus_rdkit_descriptors,10,5
rdkit_BCUT2D_MWHI,0.0029835861641913652,model_feature_importances,XGBoost,provided_plus_rdkit_descriptors,10,5
rdkit_BCUT2D_MWLOW,0.009182527661323547,model_feature_importances,XGBoost,provided_plus_rdkit_descriptors,10,5
rdkit_BCUT2D_CHGHI,0.025920303538441658,model_feature_importances,XGBoost,provided_plus_rdkit_descriptors,10,5
rdkit_BCUT2D_CHGLO,0.0059518576599657536,model_feature_importances,XGBoost,provided_plus_rdkit_descriptors,10,5
rdkit_BCUT2D_LOGPHI,0.07250875234603882,model_feature_importances,XGBoost,provided_plus_rdkit_descriptors,10,5
rdkit_BCUT2D_LOGPLOW,0.001067592529579997,model_feature_importances,XGBoost,provided_plus_rdkit_descriptors,10,5
rdkit_BCUT2D_MRHI,0.002586590824648738,model_feature_importances,XGBoost,provided_plus_rdkit_descriptors,10,5
rdkit_BCUT2D_MRLOW,0.006362605839967728,model_feature_importances,XGBoost,provided_plus_rdkit_descriptors,10,5
rdkit_AvgIpc,0.01146077923476696,model_feature_importances,XGBoost,provided_plus_rdkit_descriptors,10,5
rdkit_BalabanJ,0.0041440436616539955,model_feature_importances,XGBoost,provided_plus_rdkit_descriptors,10,5
rdkit_BertzCT,0.00876721739768982,model_feature_importances,XGBoost,provided_plus_rdkit_descriptors,10,5
rdkit_Chi0,0.00037713765050284564,model_feature_importances,XGBoost,provided_plus_rdkit_descriptors,10,5
rdkit_Chi0n,0.00046577650937251747,model_feature_importances,XGBoost,provided_plus_rdkit_descriptors,10,5
rdkit_Chi0v,0.11767192929983139,model_feature_importances,XGBoost,provided_plus_rdkit_descriptors,10,5
rdkit_Chi1,0.0002292922727065161,model_feature_importances,XGBoost,provided_plus_rdkit_descriptors,10,5
rdkit_Chi1n,0.0015632319264113903,model_feature_importances,XGBoost,provided_plus_rdkit_descriptors,10,5
rdkit_Chi1v,0.0,model_feature_importances,XGBoost,provided_plus_rdkit_descriptors,10,5
rdkit_Chi2n,0.0011975782690569758,model_feature_importances,XGBoost,provided_plus_rdkit_descriptors,10,5
rdkit_Chi2v,0.0001887860707938671,model_feature_importances,XGBoost,provided_plus_rdkit_descriptors,10,5
rdkit_Chi3n,0.0009612287394702435,model_feature_importances,XGBoost,provided_plus_rdkit_descriptors,10,5
rdkit_Chi3v,0.0009340659016743302,model_feature_importances,XGBoost,provided_plus_rdkit_descriptors,10,5
rdkit_Chi4n,0.0025041496846824884,model_feature_importances,XGBoost,provided_plus_rdkit_descriptors,10,5
rdkit_Chi4v,0.0009560675243847072,model_feature_importances,XGBoost,provided_plus_rdkit_descriptors,10,5
rdkit_HallKierAlpha,0.03328704833984375,model_feature_importances,XGBoost,provided_plus_rdkit_descriptors,10,5
rdkit_Ipc,0.002059459686279297,model_feature_importances,XGBoost,provided_plus_rdkit_descriptors,10,5
rdkit_Kappa1,0.012988487258553505,model_feature_importances,XGBoost,provided_plus_rdkit_descriptors,10,5
rdkit_Kappa2,0.0015377154340967536,model_feature_importances,XGBoost,provided_plus_rdkit_descriptors,10,5
rdkit_Kappa3,0.004201940260827541,model_feature_importances,XGBoost,provided_plus_rdkit_descriptors,10,5
rdkit_LabuteASA,0.0,model_feature_importances,XGBoost,provided_plus_rdkit_descriptors,10,5
rdkit_PEOE_VSA1,0.007230160757899284,model_feature_importances,XGBoost,provided_plus_rdkit_descriptors,10,5
rdkit_PEOE_VSA10,0.0006277036154642701,model_feature_importances,XGBoost,provided_plus_rdkit_descriptors,10,5
rdkit_PEOE_VSA11,0.002129349624738097,model_feature_importances,XGBoost,provided_plus_rdkit_descriptors,10,5
rdkit_PEOE_VSA12,5.671619510394521e-05,model_feature_importances,XGBoost,provided_plus_rdkit_descriptors,10,5
rdkit_PEOE_VSA14,0.0,model_feature_importances,XGBoost,provided_plus_rdkit_descriptors,10,5
rdkit_PEOE_VSA2,0.0,model_feature_importances,XGBoost,provided_plus_rdkit_descriptors,10,5
rdkit_PEOE_VSA3,0.0,model_feature_importances,XGBoost,provided_plus_rdkit_descriptors,10,5
rdkit_PEOE_VSA5,0.0,model_feature_importances,XGBoost,provided_plus_rdkit_descriptors,10,5
rdkit_PEOE_VSA6,0.0,model_feature_importances,XGBoost,provided_plus_rdkit_descriptors,10,5
rdkit_PEOE_VSA7,0.0011699354508891702,model_feature_importances,XGBoost,provided_plus_rdkit_descriptors,10,5
rdkit_PEOE_VSA8,0.001927885110490024,model_feature_importances,XGBoost,provided_plus_rdkit_descriptors,10,5
rdkit_PEOE_VSA9,0.009582550264894962,model_feature_importances,XGBoost,provided_plus_rdkit_descriptors,10,5
rdkit_SMR_VSA1,0.040765032172203064,model_feature_importances,XGBoost,provided_plus_rdkit_descriptors,10,5
rdkit_SMR_VSA10,6.588615360669792e-05,model_feature_importances,XGBoost,provided_plus_rdkit_descriptors,10,5
rdkit_SMR_VSA3,0.0,model_feature_importances,XGBoost,provided_plus_rdkit_descriptors,10,5
rdkit_SMR_VSA4,0.0,model_feature_importances,XGBoost,provided_plus_rdkit_descriptors,10,5
rdkit_SMR_VSA5,0.0010616231011226773,model_feature_importances,XGBoost,provided_plus_rdkit_descriptors,10,5
rdkit_SMR_VSA6,0.0008051775512285531,model_feature_importances,XGBoost,provided_plus_rdkit_descriptors,10,5
rdkit_SMR_VSA7,0.0,model_feature_importances,XGBoost,provided_plus_rdkit_descriptors,10,5
rdkit_SlogP_VSA1,0.003985550720244646,model_feature_importances,XGBoost,provided_plus_rdkit_descriptors,10,5
rdkit_SlogP_VSA12,0.0,model_feature_importances,XGBoost,provided_plus_rdkit_descriptors,10,5
rdkit_SlogP_VSA2,0.004477831069380045,model_feature_importances,XGBoost,provided_plus_rdkit_descriptors,10,5
rdkit_SlogP_VSA3,0.004681773483753204,model_feature_importances,XGBoost,provided_plus_rdkit_descriptors,10,5
rdkit_SlogP_VSA4,0.0,model_feature_importances,XGBoost,provided_plus_rdkit_descriptors,10,5
rdkit_SlogP_VSA5,0.0007682986324653029,model_feature_importances,XGBoost,provided_plus_rdkit_descriptors,10,5
rdkit_SlogP_VSA6,0.0,model_feature_importances,XGBoost,provided_plus_rdkit_descriptors,10,5
rdkit_TPSA,0.0,model_feature_importances,XGBoost,provided_plus_rdkit_descriptors,10,5
rdkit_EState_VSA1,0.0006725481362082064,model_feature_importances,XGBoost,provided_plus_rdkit_descriptors,10,5
rdkit_EState_VSA10,0.3210274577140808,model_feature_importances,XGBoost,provided_plus_rdkit_descriptors,10,5
rdkit_EState_VSA2,0.005792055744677782,model_feature_importances,XGBoost,provided_plus_rdkit_descriptors,10,5
rdkit_EState_VSA3,6.416079850168899e-05,model_feature_importances,XGBoost,provided_plus_rdkit_descriptors,10,5
rdkit_EState_VSA4,0.0,model_feature_importances,XGBoost,provided_plus_rdkit_descriptors,10,5
rdkit_EState_VSA5,0.0001679042907198891,model_feature_importances,XGBoost,provided_plus_rdkit_descriptors,10,5
rdkit_EState_VSA6,0.0,model_feature_importances,XGBoost,provided_plus_rdkit_descriptors,10,5
rdkit_EState_VSA7,0.0,model_feature_importances,XGBoost,provided_plus_rdkit_descriptors,10,5
rdkit_EState_VSA8,0.006806747522205114,model_feature_importances,XGBoost,provided_plus_rdkit_descriptors,10,5
rdkit_EState_VSA9,0.008153806440532207,model_feature_importances,XGBoost,provided_plus_rdkit_descriptors,10,5
rdkit_VSA_EState1,0.0006639794446527958,model_feature_importances,XGBoost,provided_plus_rdkit_descriptors,10,5
rdkit_VSA_EState10,0.0,model_feature_importances,XGBoost,provided_plus_rdkit_descriptors,10,5
rdkit_VSA_EState2,0.03481023386120796,model_feature_importances,XGBoost,provided_plus_rdkit_descriptors,10,5
rdkit_VSA_EState3,0.026889832690358162,model_feature_importances,XGBoost,provided_plus_rdkit_descriptors,10,5
rdkit_VSA_EState4,0.0,model_feature_importances,XGBoost,provided_plus_rdkit_descriptors,10,5
rdkit_VSA_EState5,0.0014509899774566293,model_feature_importances,XGBoost,provided_plus_rdkit_descriptors,10,5
rdkit_VSA_EState6,0.0,model_feature_importances,XGBoost,provided_plus_rdkit_descriptors,10,5
rdkit_VSA_EState7,0.01249562669545412,model_feature_importances,XGBoost,provided_plus_rdkit_descriptors,10,5
rdkit_VSA_EState8,0.028931384906172752,model_feature_importances,XGBoost,provided_plus_rdkit_descriptors,10,5
rdkit_VSA_EState9,0.0,model_feature_importances,XGBoost,provided_plus_rdkit_descriptors,10,5
rdkit_FractionCSP3,0.0,model_feature_importances,XGBoost,provided_plus_rdkit_descriptors,10,5
rdkit_HeavyAtomCount,0.0,model_feature_importances,XGBoost,provided_plus_rdkit_descriptors,10,5
rdkit_NHOHCount,7.185322465375066e-05,model_feature_importances,XGBoost,provided_plus_rdkit_descriptors,10,5
rdkit_NOCount,0.0,model_feature_importances,XGBoost,provided_plus_rdkit_descriptors,10,5
rdkit_NumAliphaticCarbocycles,0.0,model_feature_importances,XGBoost,provided_plus_rdkit_descriptors,10,5
rdkit_NumAliphaticHeterocycles,0.0,model_feature_importances,XGBoost,provided_plus_rdkit_descriptors,10,5
rdkit_NumAliphaticRings,0.0,model_feature_importances,XGBoost,provided_plus_rdkit_descriptors,10,5
rdkit_NumAmideBonds,0.0,model_feature_importances,XGBoost,provided_plus_rdkit_descriptors,10,5
rdkit_NumAtomStereoCenters,0.0011858409270644188,model_feature_importances,XGBoost,provided_plus_rdkit_descriptors,10,5
rdkit_NumBridgeheadAtoms,0.0,model_feature_importances,XGBoost,provided_plus_rdkit_descriptors,10,5
rdkit_NumHAcceptors,0.0,model_feature_importances,XGBoost,provided_plus_rdkit_descriptors,10,5
rdkit_NumHDonors,0.0,model_feature_importances,XGBoost,provided_plus_rdkit_descriptors,10,5
rdkit_NumHeteroatoms,0.0,model_feature_importances,XGBoost,provided_plus_rdkit_descriptors,10,5
rdkit_NumHeterocycles,0.0,model_feature_importances,XGBoost,provided_plus_rdkit_descriptors,10,5
rdkit_NumRotatableBonds,0.00026148059987463057,model_feature_importances,XGBoost,provided_plus_rdkit_descriptors,10,5
rdkit_NumSaturatedCarbocycles,0.0,model_feature_importances,XGBoost,provided_plus_rdkit_descriptors,10,5
rdkit_NumSaturatedHeterocycles,0.0,model_feature_importances,XGBoost,provided_plus_rdkit_descriptors,10,5
rdkit_NumSaturatedRings,0.0,model_feature_importances,XGBoost,provided_plus_rdkit_descriptors,10,5
rdkit_NumUnspecifiedAtomStereoCenters,0.001309969462454319,model_feature_importances,XGBoost,provided_plus_rdkit_descriptors,10,5
rdkit_Phi,0.0029523249249905348,model_feature_importances,XGBoost,provided_plus_rdkit_descriptors,10,5
rdkit_RingCount,0.0,model_feature_importances,XGBoost,provided_plus_rdkit_descriptors,10,5
rdkit_MolLogP,0.01917211152613163,model_feature_importances,XGBoost,provided_plus_rdkit_descriptors,10,5
rdkit_MolMR,0.004204560071229935,model_feature_importances,XGBoost,provided_plus_rdkit_descriptors,10,5
rdkit_fr_Al_COO,0.0,model_feature_importances,XGBoost,provided_plus_rdkit_descriptors,10,5
rdkit_fr_Al_OH,0.0,model_feature_importances,XGBoost,provided_plus_rdkit_descriptors,10,5
rdkit_fr_Al_OH_noTert,0.0,model_feature_importances,XGBoost,provided_plus_rdkit_descriptors,10,5
rdkit_fr_COO,0.0,model_feature_importances,XGBoost,provided_plus_rdkit_descriptors,10,5
rdkit_fr_COO2,0.0,model_feature_importances,XGBoost,provided_plus_rdkit_descriptors,10,5
rdkit_fr_C_O,0.0,model_feature_importances,XGBoost,provided_plus_rdkit_descriptors,10,5
rdkit_fr_C_O_noCOO,0.0,model_feature_importances,XGBoost,provided_plus_rdkit_descriptors,10,5
rdkit_fr_NH1,0.0,model_feature_importances,XGBoost,provided_plus_rdkit_descriptors,10,5
rdkit_fr_NH2,0.0,model_feature_importances,XGBoost,provided_plus_rdkit_descriptors,10,5
rdkit_fr_aldehyde,0.0,model_feature_importances,XGBoost,provided_plus_rdkit_descriptors,10,5
rdkit_fr_alkyl_halide,0.0,model_feature_importances,XGBoost,provided_plus_rdkit_descriptors,10,5
rdkit_fr_allylic_oxid,0.0,model_feature_importances,XGBoost,provided_plus_rdkit_descriptors,10,5
rdkit_fr_amide,0.0,model_feature_importances,XGBoost,provided_plus_rdkit_descriptors,10,5
rdkit_fr_bicyclic,0.0,model_feature_importances,XGBoost,provided_plus_rdkit_descriptors,10,5
rdkit_fr_ether,0.0,model_feature_importances,XGBoost,provided_plus_rdkit_descriptors,10,5
rdkit_fr_halogen,0.0,model_feature_importances,XGBoost,provided_plus_rdkit_descriptors,10,5
rdkit_fr_ketone,0.0,model_feature_importances,XGBoost,provided_plus_rdkit_descriptors,10,5
rdkit_fr_ketone_Topliss,0.0,model_feature_importances,XGBoost,provided_plus_rdkit_descriptors,10,5
rdkit_fr_methoxy,0.0,model_feature_importances,XGBoost,provided_plus_rdkit_descriptors,10,5
rdkit_fr_phos_acid,0.0,model_feature_importances,XGBoost,provided_plus_rdkit_descriptors,10,5
rdkit_fr_phos_ester,0.0,model_feature_importances,XGBoost,provided_plus_rdkit_descriptors,10,5
rdkit_qed,0.02796013653278351,model_feature_importances,XGBoost,rdkit_descriptors_only,1,1
rdkit_HallKierAlpha,0.0343356728553772,model_feature_importances,XGBoost,rdkit_descriptors_only,1,1
rdkit_PEOE_VSA1,0.023223476484417915,model_feature_importances,XGBoost,rdkit_descriptors_only,1,1
rdkit_PEOE_VSA10,0.022228572517633438,model_feature_importances,XGBoost,rdkit_descriptors_only,1,1
rdkit_SMR_VSA1,0.03406672179698944,model_feature_importances,XGBoost,rdkit_descriptors_only,1,1
rdkit_SlogP_VSA2,0.04928012192249298,model_feature_importances,XGBoost,rdkit_descriptors_only,1,1
rdkit_SlogP_VSA3,0.015387523919343948,model_feature_importances,XGBoost,rdkit_descriptors_only,1,1
rdkit_TPSA,0.015005652792751789,model_feature_importances,XGBoost,rdkit_descriptors_only,1,1
rdkit_EState_VSA1,0.016899069771170616,model_feature_importances,XGBoost,rdkit_descriptors_only,1,1
rdkit_EState_VSA10,0.14521463215351105,model_feature_importances,XGBoost,rdkit_descriptors_only,1,1
rdkit_VSA_EState3,0.0314452201128006,model_feature_importances,XGBoost,rdkit_descriptors_only,1,1
rdkit_VSA_EState7,0.04187639802694321,model_feature_importances,XGBoost,rdkit_descriptors_only,1,1
rdkit_NHOHCount,0.05142999067902565,model_feature_importances,XGBoost,rdkit_descriptors_only,1,1
rdkit_NOCount,0.0010764669859781861,model_feature_importances,XGBoost,rdkit_descriptors_only,1,1
rdkit_NumHAcceptors,0.046101588755846024,model_feature_importances,XGBoost,rdkit_descriptors_only,1,1
rdkit_NumHDonors,0.05066656321287155,model_feature_importances,XGBoost,rdkit_descriptors_only,1,1
rdkit_NumHeteroatoms,0.006595568265765905,model_feature_importances,XGBoost,rdkit_descriptors_only,1,1
rdkit_MolLogP,0.038988787680864334,model_feature_importances,XGBoost,rdkit_descriptors_only,1,1
rdkit_fr_Al_OH,0.09068489819765091,model_feature_importances,XGBoost,rdkit_descriptors_only,1,1
rdkit_fr_Al_OH_noTert,0.25753292441368103,model_feature_importances,XGBoost,rdkit_descriptors_only,1,1
rdkit_qed,0.017047785222530365,model_feature_importances,XGBoost,rdkit_descriptors_only,1,2
rdkit_Chi0,0.02999543584883213,model_feature_importances,XGBoost,rdkit_descriptors_only,1,2
rdkit_HallKierAlpha,0.09234775602817535,model_feature_importances,XGBoost,rdkit_descriptors_only,1,2
rdkit_Kappa2,0.04011562466621399,model_feature_importances,XGBoost,rdkit_descriptors_only,1,2
rdkit_Kappa3,0.01773699000477791,model_feature_importances,XGBoost,rdkit_descriptors_only,1,2
rdkit_PEOE_VSA1,0.025714799761772156,model_feature_importances,XGBoost,rdkit_descriptors_only,1,2
rdkit_PEOE_VSA10,0.0274874959141016,model_feature_importances,XGBoost,rdkit_descriptors_only,1,2
rdkit_SMR_VSA1,0.03223615139722824,model_feature_importances,XGBoost,rdkit_descriptors_only,1,2
rdkit_SMR_VSA5,0.056152213364839554,model_feature_importances,XGBoost,rdkit_descriptors_only,1,2
rdkit_SlogP_VSA3,0.014603531919419765,model_feature_importances,XGBoost,rdkit_descriptors_only,1,2
rdkit_TPSA,0.03999190405011177,model_feature_importances,XGBoost,rdkit_descriptors_only,1,2
rdkit_EState_VSA10,0.31849434971809387,model_feature_importances,XGBoost,rdkit_descriptors_only,1,2
rdkit_VSA_EState7,0.035571467131376266,model_feature_importances,XGBoost,rdkit_descriptors_only,1,2
rdkit_NHOHCount,0.07100149989128113,model_feature_importances,XGBoost,rdkit_descriptors_only,1,2
rdkit_NOCount,0.010629826225340366,model_feature_importances,XGBoost,rdkit_descriptors_only,1,2
rdkit_NumAtomStereoCenters,0.020435502752661705,model_feature_importances,XGBoost,rdkit_descriptors_only,1,2
rdkit_NumHAcceptors,0.0,model_feature_importances,XGBoost,rdkit_descriptors_only,1,2
rdkit_NumHDonors,0.06097378209233284,model_feature_importances,XGBoost,rdkit_descriptors_only,1,2
rdkit_NumHeteroatoms,0.05343838036060333,model_feature_importances,XGBoost,rdkit_descriptors_only,1,2
rdkit_MolLogP,0.0360255092382431,model_feature_importances,XGBoost,rdkit_descriptors_only,1,2
rdkit_qed,0.02020644024014473,model_feature_importances,XGBoost,rdkit_descriptors_only,1,3
rdkit_BCUT2D_LOGPLOW,0.03148619085550308,model_feature_importances,XGBoost,rdkit_descriptors_only,1,3
rdkit_HallKierAlpha,0.07763484120368958,model_feature_importances,XGBoost,rdkit_descriptors_only,1,3
rdkit_Kappa3,0.015806464478373528,model_feature_importances,XGBoost,rdkit_descriptors_only,1,3
rdkit_PEOE_VSA1,0.04182114452123642,model_feature_importances,XGBoost,rdkit_descriptors_only,1,3
rdkit_PEOE_VSA10,0.04090549796819687,model_feature_importances,XGBoost,rdkit_descriptors_only,1,3
rdkit_SMR_VSA1,0.04810715839266777,model_feature_importances,XGBoost,rdkit_descriptors_only,1,3
rdkit_SlogP_VSA2,0.029498575255274773,model_feature_importances,XGBoost,rdkit_descriptors_only,1,3
rdkit_SlogP_VSA3,0.05214555189013481,model_feature_importances,XGBoost,rdkit_descriptors_only,1,3
rdkit_TPSA,0.06320148706436157,model_feature_importances,XGBoost,rdkit_descriptors_only,1,3
rdkit_EState_VSA10,0.2530735731124878,model_feature_importances,XGBoost,rdkit_descriptors_only,1,3
rdkit_VSA_EState3,0.05004248768091202,model_feature_importances,XGBoost,rdkit_descriptors_only,1,3
rdkit_VSA_EState7,0.06010464206337929,model_feature_importances,XGBoost,rdkit_descriptors_only,1,3
rdkit_NHOHCount,0.009426286444067955,model_feature_importances,XGBoost,rdkit_descriptors_only,1,3
rdkit_NOCount,0.022294504567980766,model_feature_importances,XGBoost,rdkit_descriptors_only,1,3
rdkit_NumAtomStereoCenters,0.019891206175088882,model_feature_importances,XGBoost,rdkit_descriptors_only,1,3
rdkit_NumHAcceptors,0.0473727285861969,model_feature_importances,XGBoost,rdkit_descriptors_only,1,3
rdkit_NumHDonors,0.019114015623927116,model_feature_importances,XGBoost,rdkit_descriptors_only,1,3
rdkit_NumHeteroatoms,0.04710404947400093,model_feature_importances,XGBoost,rdkit_descriptors_only,1,3
rdkit_MolLogP,0.050763074308633804,model_feature_importances,XGBoost,rdkit_descriptors_only,1,3
rdkit_qed,0.013607972301542759,model_feature_importances,XGBoost,rdkit_descriptors_only,1,4
rdkit_BCUT2D_LOGPLOW,0.03768458962440491,model_feature_importances,XGBoost,rdkit_descriptors_only,1,4
rdkit_HallKierAlpha,0.0965239629149437,model_feature_importances,XGBoost,rdkit_descriptors_only,1,4
rdkit_Kappa3,0.018186276778578758,model_feature_importances,XGBoost,rdkit_descriptors_only,1,4
rdkit_PEOE_VSA1,0.06082809343934059,model_feature_importances,XGBoost,rdkit_descriptors_only,1,4
rdkit_PEOE_VSA10,0.030790681019425392,model_feature_importances,XGBoost,rdkit_descriptors_only,1,4
rdkit_PEOE_VSA11,0.03499358892440796,model_feature_importances,XGBoost,rdkit_descriptors_only,1,4
rdkit_SMR_VSA1,0.06084159016609192,model_feature_importances,XGBoost,rdkit_descriptors_only,1,4
rdkit_SlogP_VSA2,0.0464826263487339,model_feature_importances,XGBoost,rdkit_descriptors_only,1,4
rdkit_SlogP_VSA3,0.023741550743579865,model_feature_importances,XGBoost,rdkit_descriptors_only,1,4
rdkit_TPSA,0.06428352743387222,model_feature_importances,XGBoost,rdkit_descriptors_only,1,4
rdkit_EState_VSA1,0.0404009185731411,model_feature_importances,XGBoost,rdkit_descriptors_only,1,4
rdkit_EState_VSA10,0.23249554634094238,model_feature_importances,XGBoost,rdkit_descriptors_only,1,4
rdkit_VSA_EState7,0.04280081391334534,model_feature_importances,XGBoost,rdkit_descriptors_only,1,4
rdkit_NHOHCount,0.0843902975320816,model_feature_importances,XGBoost,rdkit_descriptors_only,1,4
rdkit_NOCount,0.006210343446582556,model_feature_importances,XGBoost,rdkit_descriptors_only,1,4
rdkit_NumHAcceptors,0.0,model_feature_importances,XGBoost,rdkit_descriptors_only,1,4
rdkit_NumHDonors,0.027994532138109207,model_feature_importances,XGBoost,rdkit_descriptors_only,1,4
rdkit_NumHeteroatoms,0.026760876178741455,model_feature_importances,XGBoost,rdkit_descriptors_only,1,4
rdkit_MolLogP,0.05098218098282814,model_feature_importances,XGBoost,rdkit_descriptors_only,1,4
rdkit_qed,0.021007776260375977,model_feature_importances,XGBoost,rdkit_descriptors_only,1,5
rdkit_HallKierAlpha,0.09625986963510513,model_feature_importances,XGBoost,rdkit_descriptors_only,1,5
rdkit_Kappa3,0.015455027110874653,model_feature_importances,XGBoost,rdkit_descriptors_only,1,5
rdkit_PEOE_VSA1,0.04898954927921295,model_feature_importances,XGBoost,rdkit_descriptors_only,1,5
rdkit_PEOE_VSA10,0.02582709491252899,model_feature_importances,XGBoost,rdkit_descriptors_only,1,5
rdkit_SMR_VSA1,0.07930231839418411,model_feature_importances,XGBoost,rdkit_descriptors_only,1,5
rdkit_SlogP_VSA2,0.03018445149064064,model_feature_importances,XGBoost,rdkit_descriptors_only,1,5
rdkit_SlogP_VSA3,0.013297387398779392,model_feature_importances,XGBoost,rdkit_descriptors_only,1,5
rdkit_TPSA,0.04354036971926689,model_feature_importances,XGBoost,rdkit_descriptors_only,1,5
rdkit_EState_VSA10,0.2074510157108307,model_feature_importances,XGBoost,rdkit_descriptors_only,1,5
rdkit_VSA_EState3,0.05290079116821289,model_feature_importances,XGBoost,rdkit_descriptors_only,1,5
rdkit_VSA_EState7,0.03758683800697327,model_feature_importances,XGBoost,rdkit_descriptors_only,1,5
rdkit_NHOHCount,0.0631798505783081,model_feature_importances,XGBoost,rdkit_descriptors_only,1,5
rdkit_NOCount,0.018096210435032845,model_feature_importances,XGBoost,rdkit_descriptors_only,1,5
rdkit_NumAtomStereoCenters,0.02677137777209282,model_feature_importances,XGBoost,rdkit_descriptors_only,1,5
rdkit_NumHAcceptors,0.0,model_feature_importances,XGBoost,rdkit_descriptors_only,1,5
rdkit_NumHDonors,0.011366372928023338,model_feature_importances,XGBoost,rdkit_descriptors_only,1,5
rdkit_NumHeteroatoms,0.054701536893844604,model_feature_importances,XGBoost,rdkit_descriptors_only,1,5
rdkit_MolLogP,0.05598577857017517,model_feature_importances,XGBoost,rdkit_descriptors_only,1,5
rdkit_fr_Al_OH_noTert,0.09809636324644089,model_feature_importances,XGBoost,rdkit_descriptors_only,1,5
rdkit_qed,0.04050731658935547,model_feature_importances,XGBoost,rdkit_descriptors_only,2,1
rdkit_HallKierAlpha,0.0818604975938797,model_feature_importances,XGBoost,rdkit_descriptors_only,2,1
rdkit_Kappa3,0.014441363513469696,model_feature_importances,XGBoost,rdkit_descriptors_only,2,1
rdkit_PEOE_VSA1,0.03205372393131256,model_feature_importances,XGBoost,rdkit_descriptors_only,2,1
rdkit_PEOE_VSA10,0.022653434425592422,model_feature_importances,XGBoost,rdkit_descriptors_only,2,1
rdkit_SMR_VSA1,0.021113989874720573,model_feature_importances,XGBoost,rdkit_descriptors_only,2,1
rdkit_SlogP_VSA2,0.03716966509819031,model_feature_importances,XGBoost,rdkit_descriptors_only,2,1
rdkit_SlogP_VSA3,0.011556596495211124,model_feature_importances,XGBoost,rdkit_descriptors_only,2,1
rdkit_TPSA,0.023325636982917786,model_feature_importances,XGBoost,rdkit_descriptors_only,2,1
rdkit_EState_VSA10,0.20890302956104279,model_feature_importances,XGBoost,rdkit_descriptors_only,2,1
rdkit_VSA_EState3,0.05714201554656029,model_feature_importances,XGBoost,rdkit_descriptors_only,2,1
rdkit_VSA_EState7,0.03801069036126137,model_feature_importances,XGBoost,rdkit_descriptors_only,2,1
rdkit_NHOHCount,0.060974862426519394,model_feature_importances,XGBoost,rdkit_descriptors_only,2,1
rdkit_NOCount,0.005658143665641546,model_feature_importances,XGBoost,rdkit_descriptors_only,2,1
rdkit_NumHAcceptors,0.0,model_feature_importances,XGBoost,rdkit_descriptors_only,2,1
rdkit_NumHDonors,0.02373768389225006,model_feature_importances,XGBoost,rdkit_descriptors_only,2,1
rdkit_NumHeteroatoms,0.007536333054304123,model_feature_importances,XGBoost,rdkit_descriptors_only,2,1
rdkit_MolLogP,0.05299963057041168,model_feature_importances,XGBoost,rdkit_descriptors_only,2,1
rdkit_fr_Al_OH,0.1233450397849083,model_feature_importances,XGBoost,rdkit_descriptors_only,2,1
rdkit_fr_Al_OH_noTert,0.137010395526886,model_feature_importances,XGBoost,rdkit_descriptors_only,2,1
rdkit_qed,0.018548008054494858,model_feature_importances,XGBoost,rdkit_descriptors_only,2,2
rdkit_BCUT2D_LOGPLOW,0.02750582993030548,model_feature_importances,XGBoost,rdkit_descriptors_only,2,2
rdkit_HallKierAlpha,0.06771927326917648,model_feature_importances,XGBoost,rdkit_descriptors_only,2,2
rdkit_Kappa3,0.013855943456292152,model_feature_importances,XGBoost,rdkit_descriptors_only,2,2
rdkit_PEOE_VSA1,0.030810821801424026,model_feature_importances,XGBoost,rdkit_descriptors_only,2,2
rdkit_PEOE_VSA10,0.029461601749062538,model_feature_importances,XGBoost,rdkit_descriptors_only,2,2
rdkit_SMR_VSA1,0.03325292468070984,model_feature_importances,XGBoost,rdkit_descriptors_only,2,2
rdkit_SlogP_VSA2,0.06258008629083633,model_feature_importances,XGBoost,rdkit_descriptors_only,2,2
rdkit_SlogP_VSA3,0.015110648237168789,model_feature_importances,XGBoost,rdkit_descriptors_only,2,2
rdkit_TPSA,0.052077677100896835,model_feature_importances,XGBoost,rdkit_descriptors_only,2,2
rdkit_EState_VSA1,0.030515620484948158,model_feature_importances,XGBoost,rdkit_descriptors_only,2,2
rdkit_EState_VSA10,0.3245612680912018,model_feature_importances,XGBoost,rdkit_descriptors_only,2,2
rdkit_VSA_EState7,0.02669082023203373,model_feature_importances,XGBoost,rdkit_descriptors_only,2,2
rdkit_NHOHCount,0.09320689737796783,model_feature_importances,XGBoost,rdkit_descriptors_only,2,2
rdkit_NOCount,0.006429100874811411,model_feature_importances,XGBoost,rdkit_descriptors_only,2,2
rdkit_NumAtomStereoCenters,0.01704288460314274,model_feature_importances,XGBoost,rdkit_descriptors_only,2,2
rdkit_NumHAcceptors,0.024114280939102173,model_feature_importances,XGBoost,rdkit_descriptors_only,2,2
rdkit_NumHDonors,0.035479266196489334,model_feature_importances,XGBoost,rdkit_descriptors_only,2,2
rdkit_NumHeteroatoms,0.05255170911550522,model_feature_importances,XGBoost,rdkit_descriptors_only,2,2
rdkit_MolLogP,0.038485296070575714,model_feature_importances,XGBoost,rdkit_descriptors_only,2,2
rdkit_qed,0.01665203832089901,model_feature_importances,XGBoost,rdkit_descriptors_only,2,3
rdkit_BCUT2D_LOGPLOW,0.02538328990340233,model_feature_importances,XGBoost,rdkit_descriptors_only,2,3
rdkit_HallKierAlpha,0.06683488190174103,model_feature_importances,XGBoost,rdkit_descriptors_only,2,3
rdkit_Kappa3,0.011223305016756058,model_feature_importances,XGBoost,rdkit_descriptors_only,2,3
rdkit_PEOE_VSA1,0.05568233132362366,model_feature_importances,XGBoost,rdkit_descriptors_only,2,3
rdkit_PEOE_VSA10,0.02411556802690029,model_feature_importances,XGBoost,rdkit_descriptors_only,2,3
rdkit_PEOE_VSA11,0.027101026847958565,model_feature_importances,XGBoost,rdkit_descriptors_only,2,3
rdkit_SMR_VSA1,0.04316715896129608,model_feature_importances,XGBoost,rdkit_descriptors_only,2,3
rdkit_SlogP_VSA2,0.024661649018526077,model_feature_importances,XGBoost,rdkit_descriptors_only,2,3
rdkit_SlogP_VSA3,0.009280403144657612,model_feature_importances,XGBoost,rdkit_descriptors_only,2,3
rdkit_TPSA,0.07194702327251434,model_feature_importances,XGBoost,rdkit_descriptors_only,2,3
rdkit_EState_VSA10,0.26173362135887146,model_feature_importances,XGBoost,rdkit_descriptors_only,2,3
rdkit_VSA_EState3,0.05100654065608978,model_feature_importances,XGBoost,rdkit_descriptors_only,2,3
rdkit_VSA_EState7,0.025809992104768753,model_feature_importances,XGBoost,rdkit_descriptors_only,2,3
rdkit_NHOHCount,0.11189908534288406,model_feature_importances,XGBoost,rdkit_descriptors_only,2,3
rdkit_NOCount,0.007827228866517544,model_feature_importances,XGBoost,rdkit_descriptors_only,2,3
rdkit_NumHAcceptors,0.0,model_feature_importances,XGBoost,rdkit_descriptors_only,2,3
rdkit_NumHDonors,0.015111370012164116,model_feature_importances,XGBoost,rdkit_descriptors_only,2,3
rdkit_NumHeteroatoms,0.10657818615436554,model_feature_importances,XGBoost,rdkit_descriptors_only,2,3
rdkit_MolLogP,0.043985262513160706,model_feature_importances,XGBoost,rdkit_descriptors_only,2,3
rdkit_qed,0.022427285090088844,model_feature_importances,XGBoost,rdkit_descriptors_only,2,4
rdkit_BCUT2D_LOGPLOW,0.034840065985918045,model_feature_importances,XGBoost,rdkit_descriptors_only,2,4
rdkit_HallKierAlpha,0.04923921078443527,model_feature_importances,XGBoost,rdkit_descriptors_only,2,4
rdkit_PEOE_VSA1,0.04651690647006035,model_feature_importances,XGBoost,rdkit_descriptors_only,2,4
rdkit_PEOE_VSA10,0.02607426792383194,model_feature_importances,XGBoost,rdkit_descriptors_only,2,4
rdkit_PEOE_VSA11,0.06692096590995789,model_feature_importances,XGBoost,rdkit_descriptors_only,2,4
rdkit_SMR_VSA1,0.06049712002277374,model_feature_importances,XGBoost,rdkit_descriptors_only,2,4
rdkit_SlogP_VSA3,0.019695976749062538,model_feature_importances,XGBoost,rdkit_descriptors_only,2,4
rdkit_TPSA,0.05016579106450081,model_feature_importances,XGBoost,rdkit_descriptors_only,2,4
rdkit_EState_VSA10,0.14401422441005707,model_feature_importances,XGBoost,rdkit_descriptors_only,2,4
rdkit_VSA_EState3,0.04174920171499252,model_feature_importances,XGBoost,rdkit_descriptors_only,2,4
rdkit_VSA_EState7,0.03615916892886162,model_feature_importances,XGBoost,rdkit_descriptors_only,2,4
rdkit_NHOHCount,0.034389011561870575,model_feature_importances,XGBoost,rdkit_descriptors_only,2,4
rdkit_NOCount,0.0059585911221802235,model_feature_importances,XGBoost,rdkit_descriptors_only,2,4
rdkit_NumHAcceptors,0.007689455524086952,model_feature_importances,XGBoost,rdkit_descriptors_only,2,4
rdkit_NumHDonors,0.02530490793287754,model_feature_importances,XGBoost,rdkit_descriptors_only,2,4
rdkit_NumHeteroatoms,0.10875385254621506,model_feature_importances,XGBoost,rdkit_descriptors_only,2,4
rdkit_MolLogP,0.07037854939699173,model_feature_importances,XGBoost,rdkit_descriptors_only,2,4
rdkit_fr_Al_OH,0.03874557092785835,model_feature_importances,XGBoost,rdkit_descriptors_only,2,4
rdkit_fr_Al_OH_noTert,0.110479936003685,model_feature_importances,XGBoost,rdkit_descriptors_only,2,4
rdkit_qed,0.027695177122950554,model_feature_importances,XGBoost,rdkit_descriptors_only,2,5
rdkit_HallKierAlpha,0.08636681735515594,model_feature_importances,XGBoost,rdkit_descriptors_only,2,5
rdkit_Kappa3,0.028874104842543602,model_feature_importances,XGBoost,rdkit_descriptors_only,2,5
rdkit_PEOE_VSA1,0.06595157086849213,model_feature_importances,XGBoost,rdkit_descriptors_only,2,5
rdkit_PEOE_VSA10,0.029418429359793663,model_feature_importances,XGBoost,rdkit_descriptors_only,2,5
rdkit_SMR_VSA1,0.05914165452122688,model_feature_importances,XGBoost,rdkit_descriptors_only,2,5
rdkit_SlogP_VSA2,0.043804533779621124,model_feature_importances,XGBoost,rdkit_descriptors_only,2,5
rdkit_SlogP_VSA3,0.03367035463452339,model_feature_importances,XGBoost,rdkit_descriptors_only,2,5
rdkit_TPSA,0.07428748160600662,model_feature_importances,XGBoost,rdkit_descriptors_only,2,5
rdkit_EState_VSA1,0.026987317949533463,model_feature_importances,XGBoost,rdkit_descriptors_only,2,5
rdkit_EState_VSA10,0.2529493272304535,model_feature_importances,XGBoost,rdkit_descriptors_only,2,5
rdkit_VSA_EState3,0.05173183232545853,model_feature_importances,XGBoost,rdkit_descriptors_only,2,5
rdkit_VSA_EState7,0.04806775599718094,model_feature_importances,XGBoost,rdkit_descriptors_only,2,5
rdkit_NHOHCount,0.008325095288455486,model_feature_importances,XGBoost,rdkit_descriptors_only,2,5
rdkit_NOCount,0.0,model_feature_importances,XGBoost,rdkit_descriptors_only,2,5
rdkit_NumAtomStereoCenters,0.01433985959738493,model_feature_importances,XGBoost,rdkit_descriptors_only,2,5
rdkit_NumHAcceptors,0.010601785033941269,model_feature_importances,XGBoost,rdkit_descriptors_only,2,5
rdkit_NumHDonors,0.024570494890213013,model_feature_importances,XGBoost,rdkit_descriptors_only,2,5
rdkit_NumHeteroatoms,0.051395319402217865,model_feature_importances,XGBoost,rdkit_descriptors_only,2,5
rdkit_MolLogP,0.0618211030960083,model_feature_importances,XGBoost,rdkit_descriptors_only,2,5
rdkit_qed,0.022175602614879608,model_feature_importances,XGBoost,rdkit_descriptors_only,3,1
rdkit_BCUT2D_LOGPLOW,0.03552012890577316,model_feature_importances,XGBoost,rdkit_descriptors_only,3,1
rdkit_HallKierAlpha,0.08128214627504349,model_feature_importances,XGBoost,rdkit_descriptors_only,3,1
rdkit_Kappa3,0.01521167904138565,model_feature_importances,XGBoost,rdkit_descriptors_only,3,1
rdkit_PEOE_VSA1,0.04982086271047592,model_feature_importances,XGBoost,rdkit_descriptors_only,3,1
rdkit_PEOE_VSA10,0.033734891563653946,model_feature_importances,XGBoost,rdkit_descriptors_only,3,1
rdkit_PEOE_VSA11,0.03663347288966179,model_feature_importances,XGBoost,rdkit_descriptors_only,3,1
rdkit_SMR_VSA1,0.050211574882268906,model_feature_importances,XGBoost,rdkit_descriptors_only,3,1
rdkit_SlogP_VSA2,0.029626790434122086,model_feature_importances,XGBoost,rdkit_descriptors_only,3,1
rdkit_SlogP_VSA3,0.013574413023889065,model_feature_importances,XGBoost,rdkit_descriptors_only,3,1
rdkit_TPSA,0.09163796901702881,model_feature_importances,XGBoost,rdkit_descriptors_only,3,1
rdkit_EState_VSA10,0.3497830629348755,model_feature_importances,XGBoost,rdkit_descriptors_only,3,1
rdkit_VSA_EState7,0.03846327215433121,model_feature_importances,XGBoost,rdkit_descriptors_only,3,1
rdkit_NHOHCount,0.02976597286760807,model_feature_importances,XGBoost,rdkit_descriptors_only,3,1
rdkit_NOCount,0.0033449113834649324,model_feature_importances,XGBoost,rdkit_descriptors_only,3,1
rdkit_NumAtomStereoCenters,0.013232610188424587,model_feature_importances,XGBoost,rdkit_descriptors_only,3,1
rdkit_NumHAcceptors,0.02481202967464924,model_feature_importances,XGBoost,rdkit_descriptors_only,3,1
rdkit_NumHDonors,0.03224048390984535,model_feature_importances,XGBoost,rdkit_descriptors_only,3,1
rdkit_NumHeteroatoms,0.008455413393676281,model_feature_importances,XGBoost,rdkit_descriptors_only,3,1
rdkit_MolLogP,0.04047258943319321,model_feature_importances,XGBoost,rdkit_descriptors_only,3,1
rdkit_qed,0.025851598009467125,model_feature_importances,XGBoost,rdkit_descriptors_only,3,2
rdkit_BCUT2D_LOGPLOW,0.027568643912672997,model_feature_importances,XGBoost,rdkit_descriptors_only,3,2
rdkit_HallKierAlpha,0.04433591291308403,model_feature_importances,XGBoost,rdkit_descriptors_only,3,2
rdkit_Kappa3,0.013790829107165337,model_feature_importances,XGBoost,rdkit_descriptors_only,3,2
rdkit_PEOE_VSA1,0.06526435911655426,model_feature_importances,XGBoost,rdkit_descriptors_only,3,2
rdkit_PEOE_VSA10,0.02127791754901409,model_feature_importances,XGBoost,rdkit_descriptors_only,3,2
rdkit_PEOE_VSA11,0.05183274298906326,model_feature_importances,XGBoost,rdkit_descriptors_only,3,2
rdkit_SMR_VSA1,0.021142836660146713,model_feature_importances,XGBoost,rdkit_descriptors_only,3,2
rdkit_SlogP_VSA3,0.015611747279763222,model_feature_importances,XGBoost,rdkit_descriptors_only,3,2
rdkit_TPSA,0.051431093364953995,model_feature_importances,XGBoost,rdkit_descriptors_only,3,2
rdkit_EState_VSA10,0.2983512580394745,model_feature_importances,XGBoost,rdkit_descriptors_only,3,2
rdkit_VSA_EState3,0.06419709324836731,model_feature_importances,XGBoost,rdkit_descriptors_only,3,2
rdkit_VSA_EState7,0.0268072672188282,model_feature_importances,XGBoost,rdkit_descriptors_only,3,2
rdkit_NHOHCount,0.01840205304324627,model_feature_importances,XGBoost,rdkit_descriptors_only,3,2
rdkit_NOCount,0.05744389817118645,model_feature_importances,XGBoost,rdkit_descriptors_only,3,2
rdkit_NumAtomStereoCenters,0.017232049256563187,model_feature_importances,XGBoost,rdkit_descriptors_only,3,2
rdkit_NumHAcceptors,0.008870741352438927,model_feature_importances,XGBoost,rdkit_descriptors_only,3,2
rdkit_NumHDonors,0.03014005906879902,model_feature_importances,XGBoost,rdkit_descriptors_only,3,2
rdkit_NumHeteroatoms,0.0706254094839096,model_feature_importances,XGBoost,rdkit_descriptors_only,3,2
rdkit_MolLogP,0.06982257962226868,model_feature_importances,XGBoost,rdkit_descriptors_only,3,2
rdkit_qed,0.03239131346344948,model_feature_importances,XGBoost,rdkit_descriptors_only,3,3
rdkit_BCUT2D_LOGPLOW,0.04040565341711044,model_feature_importances,XGBoost,rdkit_descriptors_only,3,3
rdkit_HallKierAlpha,0.09528603404760361,model_feature_importances,XGBoost,rdkit_descriptors_only,3,3
rdkit_Kappa3,0.019251294434070587,model_feature_importances,XGBoost,rdkit_descriptors_only,3,3
rdkit_PEOE_VSA1,0.02631978876888752,model_feature_importances,XGBoost,rdkit_descriptors_only,3,3
rdkit_PEOE_VSA10,0.026949485763907433,model_feature_importances,XGBoost,rdkit_descriptors_only,3,3
rdkit_SMR_VSA1,0.04395345598459244,model_feature_importances,XGBoost,rdkit_descriptors_only,3,3
rdkit_SlogP_VSA2,0.053058821707963943,model_feature_importances,XGBoost,rdkit_descriptors_only,3,3
rdkit_SlogP_VSA3,0.021738171577453613,model_feature_importances,XGBoost,rdkit_descriptors_only,3,3
rdkit_TPSA,0.021099718287587166,model_feature_importances,XGBoost,rdkit_descriptors_only,3,3
rdkit_EState_VSA1,0.01059733796864748,model_feature_importances,XGBoost,rdkit_descriptors_only,3,3
rdkit_EState_VSA10,0.30862462520599365,model_feature_importances,XGBoost,rdkit_descriptors_only,3,3
rdkit_VSA_EState3,0.06858449429273605,model_feature_importances,XGBoost,rdkit_descriptors_only,3,3
rdkit_VSA_EState7,0.03566061705350876,model_feature_importances,XGBoost,rdkit_descriptors_only,3,3
rdkit_NHOHCount,0.03634615242481232,model_feature_importances,XGBoost,rdkit_descriptors_only,3,3
rdkit_NOCount,0.006136978045105934,model_feature_importances,XGBoost,rdkit_descriptors_only,3,3
rdkit_NumHAcceptors,0.015018538571894169,model_feature_importances,XGBoost,rdkit_descriptors_only,3,3
rdkit_NumHDonors,0.04328962042927742,model_feature_importances,XGBoost,rdkit_descriptors_only,3,3
rdkit_NumHeteroatoms,0.012540154159069061,model_feature_importances,XGBoost,rdkit_descriptors_only,3,3
rdkit_MolLogP,0.08274774253368378,model_feature_importances,XGBoost,rdkit_descriptors_only,3,3
rdkit_HallKierAlpha,0.08515295386314392,model_feature_importances,XGBoost,rdkit_descriptors_only,3,4
rdkit_Kappa3,0.02314121462404728,model_feature_importances,XGBoost,rdkit_descriptors_only,3,4
rdkit_PEOE_VSA1,0.051132988184690475,model_feature_importances,XGBoost,rdkit_descriptors_only,3,4
rdkit_PEOE_VSA10,0.024863095954060555,model_feature_importances,XGBoost,rdkit_descriptors_only,3,4
rdkit_SMR_VSA1,0.05629166588187218,model_feature_importances,XGBoost,rdkit_descriptors_only,3,4
rdkit_SlogP_VSA2,0.0426601767539978,model_feature_importances,XGBoost,rdkit_descriptors_only,3,4
rdkit_SlogP_VSA3,0.012645560316741467,model_feature_importances,XGBoost,rdkit_descriptors_only,3,4
rdkit_TPSA,0.023430602625012398,model_feature_importances,XGBoost,rdkit_descriptors_only,3,4
rdkit_EState_VSA1,0.02692590095102787,model_feature_importances,XGBoost,rdkit_descriptors_only,3,4
rdkit_EState_VSA10,0.28201454877853394,model_feature_importances,XGBoost,rdkit_descriptors_only,3,4
rdkit_VSA_EState3,0.053540244698524475,model_feature_importances,XGBoost,rdkit_descriptors_only,3,4
rdkit_VSA_EState7,0.026656614616513252,model_feature_importances,XGBoost,rdkit_descriptors_only,3,4
rdkit_NHOHCount,0.015431574545800686,model_feature_importances,XGBoost,rdkit_descriptors_only,3,4
rdkit_NOCount,0.009060374461114407,model_feature_importances,XGBoost,rdkit_descriptors_only,3,4
rdkit_NumAtomStereoCenters,0.01887623965740204,model_feature_importances,XGBoost,rdkit_descriptors_only,3,4
rdkit_NumHAcceptors,0.0,model_feature_importances,XGBoost,rdkit_descriptors_only,3,4
rdkit_NumHDonors,0.01384483277797699,model_feature_importances,XGBoost,rdkit_descriptors_only,3,4
rdkit_NumHeteroatoms,0.010550185106694698,model_feature_importances,XGBoost,rdkit_descriptors_only,3,4
rdkit_MolLogP,0.04549310356378555,model_feature_importances,XGBoost,rdkit_descriptors_only,3,4
rdkit_fr_Al_OH_noTert,0.17828816175460815,model_feature_importances,XGBoost,rdkit_descriptors_only,3,4
rdkit_qed,0.04695155844092369,model_feature_importances,XGBoost,rdkit_descriptors_only,3,5
rdkit_BCUT2D_LOGPLOW,0.02292533777654171,model_feature_importances,XGBoost,rdkit_descriptors_only,3,5
rdkit_HallKierAlpha,0.06017978489398956,model_feature_importances,XGBoost,rdkit_descriptors_only,3,5
rdkit_Kappa3,0.017232920974493027,model_feature_importances,XGBoost,rdkit_descriptors_only,3,5
rdkit_PEOE_VSA1,0.02525358647108078,model_feature_importances,XGBoost,rdkit_descriptors_only,3,5
rdkit_PEOE_VSA10,0.02883388288319111,model_feature_importances,XGBoost,rdkit_descriptors_only,3,5
rdkit_SMR_VSA1,0.034680262207984924,model_feature_importances,XGBoost,rdkit_descriptors_only,3,5
rdkit_SlogP_VSA2,0.0659058690071106,model_feature_importances,XGBoost,rdkit_descriptors_only,3,5
rdkit_SlogP_VSA3,0.01973501220345497,model_feature_importances,XGBoost,rdkit_descriptors_only,3,5
rdkit_TPSA,0.008961740881204605,model_feature_importances,XGBoost,rdkit_descriptors_only,3,5
rdkit_EState_VSA10,0.35760441422462463,model_feature_importances,XGBoost,rdkit_descriptors_only,3,5
rdkit_VSA_EState3,0.04587598517537117,model_feature_importances,XGBoost,rdkit_descriptors_only,3,5
rdkit_VSA_EState7,0.0223556961864233,model_feature_importances,XGBoost,rdkit_descriptors_only,3,5
rdkit_NHOHCount,0.007663317956030369,model_feature_importances,XGBoost,rdkit_descriptors_only,3,5
rdkit_NOCount,0.0067319246008992195,model_feature_importances,XGBoost,rdkit_descriptors_only,3,5
rdkit_NumHAcceptors,0.0,model_feature_importances,XGBoost,rdkit_descriptors_only,3,5
rdkit_NumHDonors,0.008436313830316067,model_feature_importances,XGBoost,rdkit_descriptors_only,3,5
rdkit_NumHeteroatoms,0.02804596535861492,model_feature_importances,XGBoost,rdkit_descriptors_only,3,5
rdkit_MolLogP,0.041891347616910934,model_feature_importances,XGBoost,rdkit_descriptors_only,3,5
rdkit_fr_Al_OH_noTert,0.15073509514331818,model_feature_importances,XGBoost,rdkit_descriptors_only,3,5
rdkit_qed,0.02432197704911232,model_feature_importances,XGBoost,rdkit_descriptors_only,4,1
rdkit_BCUT2D_LOGPLOW,0.023430433124303818,model_feature_importances,XGBoost,rdkit_descriptors_only,4,1
rdkit_HallKierAlpha,0.040045902132987976,model_feature_importances,XGBoost,rdkit_descriptors_only,4,1
rdkit_PEOE_VSA1,0.04455137252807617,model_feature_importances,XGBoost,rdkit_descriptors_only,4,1
rdkit_PEOE_VSA10,0.021586375311017036,model_feature_importances,XGBoost,rdkit_descriptors_only,4,1
rdkit_PEOE_VSA11,0.05573808401823044,model_feature_importances,XGBoost,rdkit_descriptors_only,4,1
rdkit_SMR_VSA1,0.04814969003200531,model_feature_importances,XGBoost,rdkit_descriptors_only,4,1
rdkit_SlogP_VSA2,0.04202757775783539,model_feature_importances,XGBoost,rdkit_descriptors_only,4,1
rdkit_SlogP_VSA3,0.039127662777900696,model_feature_importances,XGBoost,rdkit_descriptors_only,4,1
rdkit_TPSA,0.021767379716038704,model_feature_importances,XGBoost,rdkit_descriptors_only,4,1
rdkit_EState_VSA10,0.3359178602695465,model_feature_importances,XGBoost,rdkit_descriptors_only,4,1
rdkit_VSA_EState7,0.028518740087747574,model_feature_importances,XGBoost,rdkit_descriptors_only,4,1
rdkit_NHOHCount,0.037745699286460876,model_feature_importances,XGBoost,rdkit_descriptors_only,4,1
rdkit_NOCount,0.007864747196435928,model_feature_importances,XGBoost,rdkit_descriptors_only,4,1
rdkit_NumAtomStereoCenters,0.013948522508144379,model_feature_importances,XGBoost,rdkit_descriptors_only,4,1
rdkit_NumHAcceptors,0.04041857272386551,model_feature_importances,XGBoost,rdkit_descriptors_only,4,1
rdkit_NumHDonors,0.023080945014953613,model_feature_importances,XGBoost,rdkit_descriptors_only,4,1
rdkit_NumHeteroatoms,0.06140851229429245,model_feature_importances,XGBoost,rdkit_descriptors_only,4,1
rdkit_MolLogP,0.04443802684545517,model_feature_importances,XGBoost,rdkit_descriptors_only,4,1
rdkit_fr_ether,0.04591184854507446,model_feature_importances,XGBoost,rdkit_descriptors_only,4,1
rdkit_qed,0.02451939322054386,model_feature_importances,XGBoost,rdkit_descriptors_only,4,2
rdkit_BCUT2D_LOGPLOW,0.0407085157930851,model_feature_importances,XGBoost,rdkit_descriptors_only,4,2
rdkit_HallKierAlpha,0.12591511011123657,model_feature_importances,XGBoost,rdkit_descriptors_only,4,2
rdkit_Kappa3,0.024515865370631218,model_feature_importances,XGBoost,rdkit_descriptors_only,4,2
rdkit_PEOE_VSA1,0.04434224218130112,model_feature_importances,XGBoost,rdkit_descriptors_only,4,2
rdkit_PEOE_VSA10,0.02286481112241745,model_feature_importances,XGBoost,rdkit_descriptors_only,4,2
rdkit_SMR_VSA1,0.09873060882091522,model_feature_importances,XGBoost,rdkit_descriptors_only,4,2
rdkit_SlogP_VSA2,0.05053190141916275,model_feature_importances,XGBoost,rdkit_descriptors_only,4,2
rdkit_SlogP_VSA3,0.04399534687399864,model_feature_importances,XGBoost,rdkit_descriptors_only,4,2
rdkit_TPSA,0.05106865614652634,model_feature_importances,XGBoost,rdkit_descriptors_only,4,2
rdkit_EState_VSA1,0.023983502760529518,model_feature_importances,XGBoost,rdkit_descriptors_only,4,2
rdkit_EState_VSA10,0.206736221909523,model_feature_importances,XGBoost,rdkit_descriptors_only,4,2
rdkit_VSA_EState7,0.044301632791757584,model_feature_importances,XGBoost,rdkit_descriptors_only,4,2
rdkit_NHOHCount,0.030468473210930824,model_feature_importances,XGBoost,rdkit_descriptors_only,4,2
rdkit_NOCount,0.0049621486105024815,model_feature_importances,XGBoost,rdkit_descriptors_only,4,2
rdkit_NumAtomStereoCenters,0.03126413747668266,model_feature_importances,XGBoost,rdkit_descriptors_only,4,2
rdkit_NumHAcceptors,0.0,model_feature_importances,XGBoost,rdkit_descriptors_only,4,2
rdkit_NumHDonors,0.02533399499952793,model_feature_importances,XGBoost,rdkit_descriptors_only,4,2
rdkit_NumHeteroatoms,0.013495337218046188,model_feature_importances,XGBoost,rdkit_descriptors_only,4,2
rdkit_MolLogP,0.09226212650537491,model_feature_importances,XGBoost,rdkit_descriptors_only,4,2
rdkit_qed,0.017537498846650124,model_feature_importances,XGBoost,rdkit_descriptors_only,4,3
rdkit_HallKierAlpha,0.041274506598711014,model_feature_importances,XGBoost,rdkit_descriptors_only,4,3
rdkit_Kappa3,0.01791260950267315,model_feature_importances,XGBoost,rdkit_descriptors_only,4,3
rdkit_PEOE_VSA1,0.04887033626437187,model_feature_importances,XGBoost,rdkit_descriptors_only,4,3
rdkit_PEOE_VSA10,0.020404880866408348,model_feature_importances,XGBoost,rdkit_descriptors_only,4,3
rdkit_PEOE_VSA11,0.08557260036468506,model_feature_importances,XGBoost,rdkit_descriptors_only,4,3
rdkit_SMR_VSA1,0.04189632087945938,model_feature_importances,XGBoost,rdkit_descriptors_only,4,3
rdkit_SlogP_VSA3,0.012389441952109337,model_feature_importances,XGBoost,rdkit_descriptors_only,4,3
rdkit_TPSA,0.023875344544649124,model_feature_importances,XGBoost,rdkit_descriptors_only,4,3
rdkit_EState_VSA10,0.2482290416955948,model_feature_importances,XGBoost,rdkit_descriptors_only,4,3
rdkit_VSA_EState3,0.03197423368692398,model_feature_importances,XGBoost,rdkit_descriptors_only,4,3
rdkit_VSA_EState7,0.018701480701565742,model_feature_importances,XGBoost,rdkit_descriptors_only,4,3
rdkit_NHOHCount,0.03160692751407623,model_feature_importances,XGBoost,rdkit_descriptors_only,4,3
rdkit_NOCount,0.0,model_feature_importances,XGBoost,rdkit_descriptors_only,4,3
rdkit_NumHAcceptors,0.005734570790082216,model_feature_importances,XGBoost,rdkit_descriptors_only,4,3
rdkit_NumHDonors,0.017750216647982597,model_feature_importances,XGBoost,rdkit_descriptors_only,4,3
rdkit_NumHeteroatoms,0.13447681069374084,model_feature_importances,XGBoost,rdkit_descriptors_only,4,3
rdkit_MolLogP,0.058176930993795395,model_feature_importances,XGBoost,rdkit_descriptors_only,4,3
rdkit_fr_Al_OH,0.08446069061756134,model_feature_importances,XGBoost,rdkit_descriptors_only,4,3
rdkit_fr_Al_OH_noTert,0.05915562063455582,model_feature_importances,XGBoost,rdkit_descriptors_only,4,3
rdkit_qed,0.018833445385098457,model_feature_importances,XGBoost,rdkit_descriptors_only,4,4
rdkit_BCUT2D_LOGPLOW,0.025738243013620377,model_feature_importances,XGBoost,rdkit_descriptors_only,4,4
rdkit_HallKierAlpha,0.06060158461332321,model_feature_importances,XGBoost,rdkit_descriptors_only,4,4
rdkit_Kappa3,0.024572694674134254,model_feature_importances,XGBoost,rdkit_descriptors_only,4,4
rdkit_PEOE_VSA1,0.03840383514761925,model_feature_importances,XGBoost,rdkit_descriptors_only,4,4
rdkit_PEOE_VSA10,0.026602255180478096,model_feature_importances,XGBoost,rdkit_descriptors_only,4,4
rdkit_PEOE_VSA11,0.047831941395998,model_feature_importances,XGBoost,rdkit_descriptors_only,4,4
rdkit_SMR_VSA1,0.042210690677165985,model_feature_importances,XGBoost,rdkit_descriptors_only,4,4
rdkit_SMR_VSA5,0.05900619551539421,model_feature_importances,XGBoost,rdkit_descriptors_only,4,4
rdkit_SlogP_VSA3,0.028738386929035187,model_feature_importances,XGBoost,rdkit_descriptors_only,4,4
rdkit_TPSA,0.04004424065351486,model_feature_importances,XGBoost,rdkit_descriptors_only,4,4
rdkit_EState_VSA10,0.1962619423866272,model_feature_importances,XGBoost,rdkit_descriptors_only,4,4
rdkit_VSA_EState7,0.029241038486361504,model_feature_importances,XGBoost,rdkit_descriptors_only,4,4
rdkit_NHOHCount,0.14156204462051392,model_feature_importances,XGBoost,rdkit_descriptors_only,4,4
rdkit_NOCount,0.013646850362420082,model_feature_importances,XGBoost,rdkit_descriptors_only,4,4
rdkit_NumAtomStereoCenters,0.017774702981114388,model_feature_importances,XGBoost,rdkit_descriptors_only,4,4
rdkit_NumHAcceptors,0.007988551631569862,model_feature_importances,XGBoost,rdkit_descriptors_only,4,4
rdkit_NumHDonors,0.06058676540851593,model_feature_importances,XGBoost,rdkit_descriptors_only,4,4
rdkit_NumHeteroatoms,0.0812457799911499,model_feature_importances,XGBoost,rdkit_descriptors_only,4,4
rdkit_MolLogP,0.039108794182538986,model_feature_importances,XGBoost,rdkit_descriptors_only,4,4
rdkit_qed,0.04032287746667862,model_feature_importances,XGBoost,rdkit_descriptors_only,4,5
rdkit_HallKierAlpha,0.04731928929686546,model_feature_importances,XGBoost,rdkit_descriptors_only,4,5
rdkit_Kappa3,0.014980425126850605,model_feature_importances,XGBoost,rdkit_descriptors_only,4,5
rdkit_PEOE_VSA1,0.031193004921078682,model_feature_importances,XGBoost,rdkit_descriptors_only,4,5
rdkit_PEOE_VSA10,0.024828486144542694,model_feature_importances,XGBoost,rdkit_descriptors_only,4,5
rdkit_SMR_VSA1,0.05291139334440231,model_feature_importances,XGBoost,rdkit_descriptors_only,4,5
rdkit_SlogP_VSA2,0.024768341332674026,model_feature_importances,XGBoost,rdkit_descriptors_only,4,5
rdkit_SlogP_VSA3,0.02965855970978737,model_feature_importances,XGBoost,rdkit_descriptors_only,4,5
rdkit_TPSA,0.036753345280885696,model_feature_importances,XGBoost,rdkit_descriptors_only,4,5
rdkit_EState_VSA10,0.2081572264432907,model_feature_importances,XGBoost,rdkit_descriptors_only,4,5
rdkit_VSA_EState3,0.0706326812505722,model_feature_importances,XGBoost,rdkit_descriptors_only,4,5
rdkit_VSA_EState7,0.030469713732600212,model_feature_importances,XGBoost,rdkit_descriptors_only,4,5
rdkit_NHOHCount,0.0,model_feature_importances,XGBoost,rdkit_descriptors_only,4,5
rdkit_NOCount,0.006770417559891939,model_feature_importances,XGBoost,rdkit_descriptors_only,4,5
rdkit_NumHAcceptors,0.0038188586477190256,model_feature_importances,XGBoost,rdkit_descriptors_only,4,5
rdkit_NumHDonors,0.01919572800397873,model_feature_importances,XGBoost,rdkit_descriptors_only,4,5
rdkit_NumHeteroatoms,0.08255408704280853,model_feature_importances,XGBoost,rdkit_descriptors_only,4,5
rdkit_MolLogP,0.07980004698038101,model_feature_importances,XGBoost,rdkit_descriptors_only,4,5
rdkit_fr_Al_OH,0.14246982336044312,model_feature_importances,XGBoost,rdkit_descriptors_only,4,5
rdkit_fr_Al_OH_noTert,0.053395647555589676,model_feature_importances,XGBoost,rdkit_descriptors_only,4,5
rdkit_qed,0.025802088901400566,model_feature_importances,XGBoost,rdkit_descriptors_only,5,1
rdkit_HallKierAlpha,0.12328918278217316,model_feature_importances,XGBoost,rdkit_descriptors_only,5,1
rdkit_Kappa3,0.018921678885817528,model_feature_importances,XGBoost,rdkit_descriptors_only,5,1
rdkit_PEOE_VSA1,0.05253152549266815,model_feature_importances,XGBoost,rdkit_descriptors_only,5,1
rdkit_PEOE_VSA10,0.018943773582577705,model_feature_importances,XGBoost,rdkit_descriptors_only,5,1
rdkit_PEOE_VSA11,0.043872226029634476,model_feature_importances,XGBoost,rdkit_descriptors_only,5,1
rdkit_SMR_VSA1,0.033914029598236084,model_feature_importances,XGBoost,rdkit_descriptors_only,5,1
rdkit_SlogP_VSA3,0.019485054537653923,model_feature_importances,XGBoost,rdkit_descriptors_only,5,1
rdkit_TPSA,0.05888441950082779,model_feature_importances,XGBoost,rdkit_descriptors_only,5,1
rdkit_EState_VSA1,0.008876567706465721,model_feature_importances,XGBoost,rdkit_descriptors_only,5,1
rdkit_EState_VSA10,0.24129921197891235,model_feature_importances,XGBoost,rdkit_descriptors_only,5,1
rdkit_VSA_EState3,0.06586817651987076,model_feature_importances,XGBoost,rdkit_descriptors_only,5,1
rdkit_VSA_EState7,0.02744072489440441,model_feature_importances,XGBoost,rdkit_descriptors_only,5,1
rdkit_NHOHCount,0.020971937105059624,model_feature_importances,XGBoost,rdkit_descriptors_only,5,1
rdkit_NOCount,0.011733482591807842,model_feature_importances,XGBoost,rdkit_descriptors_only,5,1
rdkit_NumAtomStereoCenters,0.029817985370755196,model_feature_importances,XGBoost,rdkit_descriptors_only,5,1
rdkit_NumHAcceptors,0.014494737610220909,model_feature_importances,XGBoost,rdkit_descriptors_only,5,1
rdkit_NumHDonors,0.027712976559996605,model_feature_importances,XGBoost,rdkit_descriptors_only,5,1
rdkit_NumHeteroatoms,0.11582202464342117,model_feature_importances,XGBoost,rdkit_descriptors_only,5,1
rdkit_MolLogP,0.04031810536980629,model_feature_importances,XGBoost,rdkit_descriptors_only,5,1
rdkit_qed,0.01715352199971676,model_feature_importances,XGBoost,rdkit_descriptors_only,5,2
rdkit_BCUT2D_LOGPLOW,0.024667542427778244,model_feature_importances,XGBoost,rdkit_descriptors_only,5,2
rdkit_HallKierAlpha,0.04877202585339546,model_feature_importances,XGBoost,rdkit_descriptors_only,5,2
rdkit_Kappa3,0.011843696236610413,model_feature_importances,XGBoost,rdkit_descriptors_only,5,2
rdkit_PEOE_VSA1,0.043148286640644073,model_feature_importances,XGBoost,rdkit_descriptors_only,5,2
rdkit_PEOE_VSA10,0.021034372970461845,model_feature_importances,XGBoost,rdkit_descriptors_only,5,2
rdkit_SMR_VSA1,0.059280723333358765,model_feature_importances,XGBoost,rdkit_descriptors_only,5,2
rdkit_SlogP_VSA2,0.036102622747421265,model_feature_importances,XGBoost,rdkit_descriptors_only,5,2
rdkit_SlogP_VSA3,0.027941031381487846,model_feature_importances,XGBoost,rdkit_descriptors_only,5,2
rdkit_TPSA,0.009799255058169365,model_feature_importances,XGBoost,rdkit_descriptors_only,5,2
rdkit_EState_VSA1,0.0350957065820694,model_feature_importances,XGBoost,rdkit_descriptors_only,5,2
rdkit_EState_VSA10,0.4093417823314667,model_feature_importances,XGBoost,rdkit_descriptors_only,5,2
rdkit_VSA_EState3,0.04063419625163078,model_feature_importances,XGBoost,rdkit_descriptors_only,5,2
rdkit_VSA_EState7,0.03665866702795029,model_feature_importances,XGBoost,rdkit_descriptors_only,5,2
rdkit_NHOHCount,0.06871581822633743,model_feature_importances,XGBoost,rdkit_descriptors_only,5,2
rdkit_NOCount,0.00721833948045969,model_feature_importances,XGBoost,rdkit_descriptors_only,5,2
rdkit_NumHAcceptors,0.00673616724088788,model_feature_importances,XGBoost,rdkit_descriptors_only,5,2
rdkit_NumHDonors,0.028025273233652115,model_feature_importances,XGBoost,rdkit_descriptors_only,5,2
rdkit_NumHeteroatoms,0.021289037540555,model_feature_importances,XGBoost,rdkit_descriptors_only,5,2
rdkit_MolLogP,0.046541862189769745,model_feature_importances,XGBoost,rdkit_descriptors_only,5,2
rdkit_qed,0.026445528492331505,model_feature_importances,XGBoost,rdkit_descriptors_only,5,3
rdkit_BCUT2D_LOGPLOW,0.027881288900971413,model_feature_importances,XGBoost,rdkit_descriptors_only,5,3
rdkit_HallKierAlpha,0.03540588915348053,model_feature_importances,XGBoost,rdkit_descriptors_only,5,3
rdkit_PEOE_VSA1,0.043579474091529846,model_feature_importances,XGBoost,rdkit_descriptors_only,5,3
rdkit_PEOE_VSA10,0.025151511654257774,model_feature_importances,XGBoost,rdkit_descriptors_only,5,3
rdkit_SMR_VSA1,0.047124892473220825,model_feature_importances,XGBoost,rdkit_descriptors_only,5,3
rdkit_SlogP_VSA2,0.05078604444861412,model_feature_importances,XGBoost,rdkit_descriptors_only,5,3
rdkit_SlogP_VSA3,0.012179141864180565,model_feature_importances,XGBoost,rdkit_descriptors_only,5,3
rdkit_TPSA,0.021371303126215935,model_feature_importances,XGBoost,rdkit_descriptors_only,5,3
rdkit_EState_VSA10,0.3692874014377594,model_feature_importances,XGBoost,rdkit_descriptors_only,5,3
rdkit_VSA_EState3,0.055274974554777145,model_feature_importances,XGBoost,rdkit_descriptors_only,5,3
rdkit_VSA_EState7,0.034149087965488434,model_feature_importances,XGBoost,rdkit_descriptors_only,5,3
rdkit_NHOHCount,0.011597936041653156,model_feature_importances,XGBoost,rdkit_descriptors_only,5,3
rdkit_NOCount,0.0,model_feature_importances,XGBoost,rdkit_descriptors_only,5,3
rdkit_NumAtomStereoCenters,0.017581980675458908,model_feature_importances,XGBoost,rdkit_descriptors_only,5,3
rdkit_NumHAcceptors,0.01529080979526043,model_feature_importances,XGBoost,rdkit_descriptors_only,5,3
rdkit_NumHDonors,0.014917107298970222,model_feature_importances,XGBoost,rdkit_descriptors_only,5,3
rdkit_NumHeteroatoms,0.03322027251124382,model_feature_importances,XGBoost,rdkit_descriptors_only,5,3
rdkit_MolLogP,0.0592341385781765,model_feature_importances,XGBoost,rdkit_descriptors_only,5,3
rdkit_fr_Al_OH_noTert,0.0995211973786354,model_feature_importances,XGBoost,rdkit_descriptors_only,5,3
rdkit_qed,0.022672493010759354,model_feature_importances,XGBoost,rdkit_descriptors_only,5,4
rdkit_HallKierAlpha,0.08731908351182938,model_feature_importances,XGBoost,rdkit_descriptors_only,5,4
rdkit_Kappa3,0.021357746794819832,model_feature_importances,XGBoost,rdkit_descriptors_only,5,4
rdkit_PEOE_VSA1,0.05493887513875961,model_feature_importances,XGBoost,rdkit_descriptors_only,5,4
rdkit_PEOE_VSA10,0.02996375411748886,model_feature_importances,XGBoost,rdkit_descriptors_only,5,4
rdkit_PEOE_VSA11,0.0706791803240776,model_feature_importances,XGBoost,rdkit_descriptors_only,5,4
rdkit_SMR_VSA1,0.04433368518948555,model_feature_importances,XGBoost,rdkit_descriptors_only,5,4
rdkit_SlogP_VSA3,0.01310669258236885,model_feature_importances,XGBoost,rdkit_descriptors_only,5,4
rdkit_TPSA,0.018591616302728653,model_feature_importances,XGBoost,rdkit_descriptors_only,5,4
rdkit_EState_VSA1,0.022258635610342026,model_feature_importances,XGBoost,rdkit_descriptors_only,5,4
rdkit_EState_VSA10,0.1873980611562729,model_feature_importances,XGBoost,rdkit_descriptors_only,5,4
rdkit_VSA_EState3,0.052457697689533234,model_feature_importances,XGBoost,rdkit_descriptors_only,5,4
rdkit_VSA_EState7,0.04375598579645157,model_feature_importances,XGBoost,rdkit_descriptors_only,5,4
rdkit_NHOHCount,0.09366049617528915,model_feature_importances,XGBoost,rdkit_descriptors_only,5,4
rdkit_NOCount,0.0,model_feature_importances,XGBoost,rdkit_descriptors_only,5,4
rdkit_NumAtomStereoCenters,0.011045338585972786,model_feature_importances,XGBoost,rdkit_descriptors_only,5,4
rdkit_NumHAcceptors,0.1185758039355278,model_feature_importances,XGBoost,rdkit_descriptors_only,5,4
rdkit_NumHDonors,0.02924794703722,model_feature_importances,XGBoost,rdkit_descriptors_only,5,4
rdkit_NumHeteroatoms,0.0215036328881979,model_feature_importances,XGBoost,rdkit_descriptors_only,5,4
rdkit_MolLogP,0.057133328169584274,model_feature_importances,XGBoost,rdkit_descriptors_only,5,4
rdkit_qed,0.027782049030065536,model_feature_importances,XGBoost,rdkit_descriptors_only,5,5
rdkit_BCUT2D_LOGPLOW,0.021459214389324188,model_feature_importances,XGBoost,rdkit_descriptors_only,5,5
rdkit_HallKierAlpha,0.03502325341105461,model_feature_importances,XGBoost,rdkit_descriptors_only,5,5
rdkit_Kappa3,0.01861027255654335,model_feature_importances,XGBoost,rdkit_descriptors_only,5,5
rdkit_PEOE_VSA1,0.048622190952301025,model_feature_importances,XGBoost,rdkit_descriptors_only,5,5
rdkit_PEOE_VSA10,0.018794527277350426,model_feature_importances,XGBoost,rdkit_descriptors_only,5,5
rdkit_PEOE_VSA11,0.04393480345606804,model_feature_importances,XGBoost,rdkit_descriptors_only,5,5
rdkit_SMR_VSA1,0.0906565710902214,model_feature_importances,XGBoost,rdkit_descriptors_only,5,5
rdkit_SlogP_VSA3,0.032675400376319885,model_feature_importances,XGBoost,rdkit_descriptors_only,5,5
rdkit_TPSA,0.06725693494081497,model_feature_importances,XGBoost,rdkit_descriptors_only,5,5
rdkit_EState_VSA10,0.38055670261383057,model_feature_importances,XGBoost,rdkit_descriptors_only,5,5
rdkit_VSA_EState3,0.039791539311409,model_feature_importances,XGBoost,rdkit_descriptors_only,5,5
rdkit_VSA_EState7,0.022392043843865395,model_feature_importances,XGBoost,rdkit_descriptors_only,5,5
rdkit_NHOHCount,0.025279758498072624,model_feature_importances,XGBoost,rdkit_descriptors_only,5,5
rdkit_NOCount,0.0,model_feature_importances,XGBoost,rdkit_descriptors_only,5,5
rdkit_NumAtomStereoCenters,0.019978104159235954,model_feature_importances,XGBoost,rdkit_descriptors_only,5,5
rdkit_NumHAcceptors,0.007148580625653267,model_feature_importances,XGBoost,rdkit_descriptors_only,5,5
rdkit_NumHDonors,0.01500227302312851,model_feature_importances,XGBoost,rdkit_descriptors_only,5,5
rdkit_NumHeteroatoms,0.052562471479177475,model_feature_importances,XGBoost,rdkit_descriptors_only,5,5
rdkit_MolLogP,0.03247315436601639,model_feature_importances,XGBoost,rdkit_descriptors_only,5,5
rdkit_qed,0.02630096860229969,model_feature_importances,XGBoost,rdkit_descriptors_only,6,1
rdkit_BCUT2D_LOGPLOW,0.024857817217707634,model_feature_importances,XGBoost,rdkit_descriptors_only,6,1
rdkit_HallKierAlpha,0.0635681226849556,model_feature_importances,XGBoost,rdkit_descriptors_only,6,1
rdkit_Kappa3,0.02168780192732811,model_feature_importances,XGBoost,rdkit_descriptors_only,6,1
rdkit_PEOE_VSA1,0.0512775257229805,model_feature_importances,XGBoost,rdkit_descriptors_only,6,1
rdkit_PEOE_VSA10,0.025958208367228508,model_feature_importances,XGBoost,rdkit_descriptors_only,6,1
rdkit_PEOE_VSA11,0.05181795731186867,model_feature_importances,XGBoost,rdkit_descriptors_only,6,1
rdkit_SMR_VSA1,0.08762066066265106,model_feature_importances,XGBoost,rdkit_descriptors_only,6,1
rdkit_SMR_VSA5,0.03673360496759415,model_feature_importances,XGBoost,rdkit_descriptors_only,6,1
rdkit_SlogP_VSA3,0.028368311002850533,model_feature_importances,XGBoost,rdkit_descriptors_only,6,1
rdkit_TPSA,0.04087022691965103,model_feature_importances,XGBoost,rdkit_descriptors_only,6,1
rdkit_EState_VSA10,0.3255174458026886,model_feature_importances,XGBoost,rdkit_descriptors_only,6,1
rdkit_VSA_EState7,0.03326832875609398,model_feature_importances,XGBoost,rdkit_descriptors_only,6,1
rdkit_NHOHCount,0.016897527500987053,model_feature_importances,XGBoost,rdkit_descriptors_only,6,1
rdkit_NOCount,0.01551455445587635,model_feature_importances,XGBoost,rdkit_descriptors_only,6,1
rdkit_NumAtomStereoCenters,0.01925082877278328,model_feature_importances,XGBoost,rdkit_descriptors_only,6,1
rdkit_NumHAcceptors,0.024555962532758713,model_feature_importances,XGBoost,rdkit_descriptors_only,6,1
rdkit_NumHDonors,0.012231817469000816,model_feature_importances,XGBoost,rdkit_descriptors_only,6,1
rdkit_NumHeteroatoms,0.05760160833597183,model_feature_importances,XGBoost,rdkit_descriptors_only,6,1
rdkit_MolLogP,0.03610072657465935,model_feature_importances,XGBoost,rdkit_descriptors_only,6,1
rdkit_qed,0.036092791706323624,model_feature_importances,XGBoost,rdkit_descriptors_only,6,2
rdkit_BCUT2D_LOGPLOW,0.044120363891124725,model_feature_importances,XGBoost,rdkit_descriptors_only,6,2
rdkit_HallKierAlpha,0.07654660195112228,model_feature_importances,XGBoost,rdkit_descriptors_only,6,2
rdkit_Kappa3,0.03221879154443741,model_feature_importances,XGBoost,rdkit_descriptors_only,6,2
rdkit_PEOE_VSA1,0.06540985405445099,model_feature_importances,XGBoost,rdkit_descriptors_only,6,2
rdkit_PEOE_VSA10,0.03818603977560997,model_feature_importances,XGBoost,rdkit_descriptors_only,6,2
rdkit_PEOE_VSA11,0.09967590123414993,model_feature_importances,XGBoost,rdkit_descriptors_only,6,2
rdkit_SMR_VSA1,0.0417233370244503,model_feature_importances,XGBoost,rdkit_descriptors_only,6,2
rdkit_SlogP_VSA2,0.04995143413543701,model_feature_importances,XGBoost,rdkit_descriptors_only,6,2
rdkit_SlogP_VSA3,0.031176384538412094,model_feature_importances,XGBoost,rdkit_descriptors_only,6,2
rdkit_TPSA,0.03484674543142319,model_feature_importances,XGBoost,rdkit_descriptors_only,6,2
rdkit_EState_VSA1,0.027772463858127594,model_feature_importances,XGBoost,rdkit_descriptors_only,6,2
rdkit_EState_VSA10,0.2277372032403946,model_feature_importances,XGBoost,rdkit_descriptors_only,6,2
rdkit_VSA_EState7,0.05543723329901695,model_feature_importances,XGBoost,rdkit_descriptors_only,6,2
rdkit_NHOHCount,0.027449144050478935,model_feature_importances,XGBoost,rdkit_descriptors_only,6,2
rdkit_NOCount,0.0,model_feature_importances,XGBoost,rdkit_descriptors_only,6,2
rdkit_NumHAcceptors,0.007601226679980755,model_feature_importances,XGBoost,rdkit_descriptors_only,6,2
rdkit_NumHDonors,0.03206127509474754,model_feature_importances,XGBoost,rdkit_descriptors_only,6,2
rdkit_NumHeteroatoms,0.016619088128209114,model_feature_importances,XGBoost,rdkit_descriptors_only,6,2
rdkit_MolLogP,0.055374111980199814,model_feature_importances,XGBoost,rdkit_descriptors_only,6,2
rdkit_qed,0.03191964700818062,model_feature_importances,XGBoost,rdkit_descriptors_only,6,3
rdkit_HallKierAlpha,0.04343589022755623,model_feature_importances,XGBoost,rdkit_descriptors_only,6,3
rdkit_Kappa3,0.017809227108955383,model_feature_importances,XGBoost,rdkit_descriptors_only,6,3
rdkit_PEOE_VSA1,0.052220750600099564,model_feature_importances,XGBoost,rdkit_descriptors_only,6,3
rdkit_PEOE_VSA10,0.027136990800499916,model_feature_importances,XGBoost,rdkit_descriptors_only,6,3
rdkit_SMR_VSA1,0.04250292479991913,model_feature_importances,XGBoost,rdkit_descriptors_only,6,3
rdkit_SlogP_VSA2,0.037918880581855774,model_feature_importances,XGBoost,rdkit_descriptors_only,6,3
rdkit_SlogP_VSA3,0.013414555229246616,model_feature_importances,XGBoost,rdkit_descriptors_only,6,3
rdkit_TPSA,0.059334613382816315,model_feature_importances,XGBoost,rdkit_descriptors_only,6,3
rdkit_EState_VSA10,0.2558351755142212,model_feature_importances,XGBoost,rdkit_descriptors_only,6,3
rdkit_VSA_EState3,0.04959498718380928,model_feature_importances,XGBoost,rdkit_descriptors_only,6,3
rdkit_VSA_EState7,0.03456740826368332,model_feature_importances,XGBoost,rdkit_descriptors_only,6,3
rdkit_NHOHCount,0.007780957035720348,model_feature_importances,XGBoost,rdkit_descriptors_only,6,3
rdkit_NOCount,0.0,model_feature_importances,XGBoost,rdkit_descriptors_only,6,3
rdkit_NumHAcceptors,0.0,model_feature_importances,XGBoost,rdkit_descriptors_only,6,3
rdkit_NumHDonors,0.012270217761397362,model_feature_importances,XGBoost,rdkit_descriptors_only,6,3
rdkit_NumHeteroatoms,0.07977613061666489,model_feature_importances,XGBoost,rdkit_descriptors_only,6,3
rdkit_MolLogP,0.0612027570605278,model_feature_importances,XGBoost,rdkit_descriptors_only,6,3
rdkit_fr_Al_OH,0.09304291009902954,model_feature_importances,XGBoost,rdkit_descriptors_only,6,3
rdkit_fr_Al_OH_noTert,0.0802360400557518,model_feature_importances,XGBoost,rdkit_descriptors_only,6,3
rdkit_qed,0.03155185654759407,model_feature_importances,XGBoost,rdkit_descriptors_only,6,4
rdkit_BCUT2D_LOGPLOW,0.027493607252836227,model_feature_importances,XGBoost,rdkit_descriptors_only,6,4
rdkit_HallKierAlpha,0.04422193393111229,model_feature_importances,XGBoost,rdkit_descriptors_only,6,4
rdkit_Kappa3,0.020451923832297325,model_feature_importances,XGBoost,rdkit_descriptors_only,6,4
rdkit_PEOE_VSA1,0.04245319962501526,model_feature_importances,XGBoost,rdkit_descriptors_only,6,4
rdkit_PEOE_VSA10,0.025308076292276382,model_feature_importances,XGBoost,rdkit_descriptors_only,6,4
rdkit_SMR_VSA1,0.04287329688668251,model_feature_importances,XGBoost,rdkit_descriptors_only,6,4
rdkit_SlogP_VSA2,0.044055961072444916,model_feature_importances,XGBoost,rdkit_descriptors_only,6,4
rdkit_SlogP_VSA3,0.04226672276854515,model_feature_importances,XGBoost,rdkit_descriptors_only,6,4
rdkit_TPSA,0.017061125487089157,model_feature_importances,XGBoost,rdkit_descriptors_only,6,4
rdkit_EState_VSA1,0.021167300641536713,model_feature_importances,XGBoost,rdkit_descriptors_only,6,4
rdkit_EState_VSA10,0.309625506401062,model_feature_importances,XGBoost,rdkit_descriptors_only,6,4
rdkit_VSA_EState3,0.05125525966286659,model_feature_importances,XGBoost,rdkit_descriptors_only,6,4
rdkit_VSA_EState7,0.028080327436327934,model_feature_importances,XGBoost,rdkit_descriptors_only,6,4
rdkit_NHOHCount,0.09854892641305923,model_feature_importances,XGBoost,rdkit_descriptors_only,6,4
rdkit_NOCount,0.009061542339622974,model_feature_importances,XGBoost,rdkit_descriptors_only,6,4
rdkit_NumHAcceptors,0.004976579453796148,model_feature_importances,XGBoost,rdkit_descriptors_only,6,4
rdkit_NumHDonors,0.011259842664003372,model_feature_importances,XGBoost,rdkit_descriptors_only,6,4
rdkit_NumHeteroatoms,0.03887933865189552,model_feature_importances,XGBoost,rdkit_descriptors_only,6,4
rdkit_MolLogP,0.08940774947404861,model_feature_importances,XGBoost,rdkit_descriptors_only,6,4
rdkit_qed,0.03088725358247757,model_feature_importances,XGBoost,rdkit_descriptors_only,6,5
rdkit_HallKierAlpha,0.07060635834932327,model_feature_importances,XGBoost,rdkit_descriptors_only,6,5
rdkit_PEOE_VSA1,0.04357661306858063,model_feature_importances,XGBoost,rdkit_descriptors_only,6,5
rdkit_PEOE_VSA10,0.031027765944600105,model_feature_importances,XGBoost,rdkit_descriptors_only,6,5
rdkit_SMR_VSA1,0.059910938143730164,model_feature_importances,XGBoost,rdkit_descriptors_only,6,5
rdkit_SlogP_VSA2,0.030630294233560562,model_feature_importances,XGBoost,rdkit_descriptors_only,6,5
rdkit_SlogP_VSA3,0.025342347100377083,model_feature_importances,XGBoost,rdkit_descriptors_only,6,5
rdkit_TPSA,0.034540560096502304,model_feature_importances,XGBoost,rdkit_descriptors_only,6,5
rdkit_EState_VSA1,0.013486982323229313,model_feature_importances,XGBoost,rdkit_descriptors_only,6,5
rdkit_EState_VSA10,0.2679510712623596,model_feature_importances,XGBoost,rdkit_descriptors_only,6,5
rdkit_VSA_EState3,0.053991083055734634,model_feature_importances,XGBoost,rdkit_descriptors_only,6,5
rdkit_VSA_EState7,0.05715053156018257,model_feature_importances,XGBoost,rdkit_descriptors_only,6,5
rdkit_NHOHCount,0.0135884378105402,model_feature_importances,XGBoost,rdkit_descriptors_only,6,5
rdkit_NOCount,0.0,model_feature_importances,XGBoost,rdkit_descriptors_only,6,5
rdkit_NumAtomStereoCenters,0.026752648875117302,model_feature_importances,XGBoost,rdkit_descriptors_only,6,5
rdkit_NumHAcceptors,0.0,model_feature_importances,XGBoost,rdkit_descriptors_only,6,5
rdkit_NumHDonors,0.03993816301226616,model_feature_importances,XGBoost,rdkit_descriptors_only,6,5
rdkit_NumHeteroatoms,0.11744555830955505,model_feature_importances,XGBoost,rdkit_descriptors_only,6,5
rdkit_MolLogP,0.06316236406564713,model_feature_importances,XGBoost,rdkit_descriptors_only,6,5
rdkit_fr_ether,0.020010976120829582,model_feature_importances,XGBoost,rdkit_descriptors_only,6,5
rdkit_qed,0.030779346823692322,model_feature_importances,XGBoost,rdkit_descriptors_only,7,1
rdkit_HallKierAlpha,0.05703464522957802,model_feature_importances,XGBoost,rdkit_descriptors_only,7,1
rdkit_Kappa3,0.02318151853978634,model_feature_importances,XGBoost,rdkit_descriptors_only,7,1
rdkit_PEOE_VSA1,0.03760916739702225,model_feature_importances,XGBoost,rdkit_descriptors_only,7,1
rdkit_PEOE_VSA10,0.027547350153326988,model_feature_importances,XGBoost,rdkit_descriptors_only,7,1
rdkit_PEOE_VSA11,0.07106739282608032,model_feature_importances,XGBoost,rdkit_descriptors_only,7,1
rdkit_SMR_VSA1,0.08085162937641144,model_feature_importances,XGBoost,rdkit_descriptors_only,7,1
rdkit_SlogP_VSA2,0.04608587175607681,model_feature_importances,XGBoost,rdkit_descriptors_only,7,1
rdkit_SlogP_VSA3,0.02018187940120697,model_feature_importances,XGBoost,rdkit_descriptors_only,7,1
rdkit_TPSA,0.036960892379283905,model_feature_importances,XGBoost,rdkit_descriptors_only,7,1
rdkit_EState_VSA10,0.18765239417552948,model_feature_importances,XGBoost,rdkit_descriptors_only,7,1
rdkit_VSA_EState3,0.06559013575315475,model_feature_importances,XGBoost,rdkit_descriptors_only,7,1
rdkit_VSA_EState7,0.0239099208265543,model_feature_importances,XGBoost,rdkit_descriptors_only,7,1
rdkit_NHOHCount,0.018133264034986496,model_feature_importances,XGBoost,rdkit_descriptors_only,7,1
rdkit_NOCount,0.004731899593025446,model_feature_importances,XGBoost,rdkit_descriptors_only,7,1
rdkit_NumHAcceptors,0.0,model_feature_importances,XGBoost,rdkit_descriptors_only,7,1
rdkit_NumHDonors,0.029998553916811943,model_feature_importances,XGBoost,rdkit_descriptors_only,7,1
rdkit_NumHeteroatoms,0.024368584156036377,model_feature_importances,XGBoost,rdkit_descriptors_only,7,1
rdkit_MolLogP,0.048210155218839645,model_feature_importances,XGBoost,rdkit_descriptors_only,7,1
rdkit_fr_Al_OH_noTert,0.16610540449619293,model_feature_importances,XGBoost,rdkit_descriptors_only,7,1
rdkit_qed,0.023293936625123024,model_feature_importances,XGBoost,rdkit_descriptors_only,7,2
rdkit_HallKierAlpha,0.08046966046094894,model_feature_importances,XGBoost,rdkit_descriptors_only,7,2
rdkit_Kappa3,0.025388197973370552,model_feature_importances,XGBoost,rdkit_descriptors_only,7,2
rdkit_PEOE_VSA1,0.0427083857357502,model_feature_importances,XGBoost,rdkit_descriptors_only,7,2
rdkit_PEOE_VSA10,0.034235015511512756,model_feature_importances,XGBoost,rdkit_descriptors_only,7,2
rdkit_SMR_VSA1,0.04038882255554199,model_feature_importances,XGBoost,rdkit_descriptors_only,7,2
rdkit_SlogP_VSA2,0.0243837907910347,model_feature_importances,XGBoost,rdkit_descriptors_only,7,2
rdkit_SlogP_VSA3,0.049453333020210266,model_feature_importances,XGBoost,rdkit_descriptors_only,7,2
rdkit_TPSA,0.039626482874155045,model_feature_importances,XGBoost,rdkit_descriptors_only,7,2
rdkit_EState_VSA1,0.021194882690906525,model_feature_importances,XGBoost,rdkit_descriptors_only,7,2
rdkit_EState_VSA10,0.22674359381198883,model_feature_importances,XGBoost,rdkit_descriptors_only,7,2
rdkit_VSA_EState3,0.06496652960777283,model_feature_importances,XGBoost,rdkit_descriptors_only,7,2
rdkit_VSA_EState7,0.04675624147057533,model_feature_importances,XGBoost,rdkit_descriptors_only,7,2
rdkit_NHOHCount,0.06777138262987137,model_feature_importances,XGBoost,rdkit_descriptors_only,7,2
rdkit_NOCount,0.007086541969329119,model_feature_importances,XGBoost,rdkit_descriptors_only,7,2
rdkit_NumHAcceptors,0.0,model_feature_importances,XGBoost,rdkit_descriptors_only,7,2
rdkit_NumHDonors,0.06392974406480789,model_feature_importances,XGBoost,rdkit_descriptors_only,7,2
rdkit_NumHeteroatoms,0.01603182777762413,model_feature_importances,XGBoost,rdkit_descriptors_only,7,2
rdkit_MolLogP,0.0788102000951767,model_feature_importances,XGBoost,rdkit_descriptors_only,7,2
rdkit_fr_ether,0.046761415898799896,model_feature_importances,XGBoost,rdkit_descriptors_only,7,2
rdkit_qed,0.03958592191338539,model_feature_importances,XGBoost,rdkit_descriptors_only,7,3
rdkit_BCUT2D_LOGPLOW,0.0182370413094759,model_feature_importances,XGBoost,rdkit_descriptors_only,7,3
rdkit_HallKierAlpha,0.040607750415802,model_feature_importances,XGBoost,rdkit_descriptors_only,7,3
rdkit_Kappa3,0.02069997601211071,model_feature_importances,XGBoost,rdkit_descriptors_only,7,3
rdkit_PEOE_VSA1,0.036536622792482376,model_feature_importances,XGBoost,rdkit_descriptors_only,7,3
rdkit_PEOE_VSA10,0.01972242258489132,model_feature_importances,XGBoost,rdkit_descriptors_only,7,3
rdkit_SMR_VSA1,0.07203313708305359,model_feature_importances,XGBoost,rdkit_descriptors_only,7,3
rdkit_SlogP_VSA3,0.027296293526887894,model_feature_importances,XGBoost,rdkit_descriptors_only,7,3
rdkit_TPSA,0.038543157279491425,model_feature_importances,XGBoost,rdkit_descriptors_only,7,3
rdkit_EState_VSA1,0.023547884076833725,model_feature_importances,XGBoost,rdkit_descriptors_only,7,3
rdkit_EState_VSA10,0.2984878718852997,model_feature_importances,XGBoost,rdkit_descriptors_only,7,3
rdkit_VSA_EState3,0.028427891433238983,model_feature_importances,XGBoost,rdkit_descriptors_only,7,3
rdkit_VSA_EState7,0.015545169822871685,model_feature_importances,XGBoost,rdkit_descriptors_only,7,3
rdkit_NHOHCount,0.11222920566797256,model_feature_importances,XGBoost,rdkit_descriptors_only,7,3
rdkit_NOCount,0.016329389065504074,model_feature_importances,XGBoost,rdkit_descriptors_only,7,3
rdkit_NumAtomStereoCenters,0.028238166123628616,model_feature_importances,XGBoost,rdkit_descriptors_only,7,3
rdkit_NumHAcceptors,0.0,model_feature_importances,XGBoost,rdkit_descriptors_only,7,3
rdkit_NumHDonors,0.1122685894370079,model_feature_importances,XGBoost,rdkit_descriptors_only,7,3
rdkit_NumHeteroatoms,0.010189468041062355,model_feature_importances,XGBoost,rdkit_descriptors_only,7,3
rdkit_MolLogP,0.041474029421806335,model_feature_importances,XGBoost,rdkit_descriptors_only,7,3
rdkit_qed,0.01687203161418438,model_feature_importances,XGBoost,rdkit_descriptors_only,7,4
rdkit_BCUT2D_CHGHI,0.036247290670871735,model_feature_importances,XGBoost,rdkit_descriptors_only,7,4
rdkit_BCUT2D_CHGLO,0.04300296679139137,model_feature_importances,XGBoost,rdkit_descriptors_only,7,4
rdkit_BCUT2D_LOGPLOW,0.016484122723340988,model_feature_importances,XGBoost,rdkit_descriptors_only,7,4
rdkit_BCUT2D_MRLOW,0.03489823639392853,model_feature_importances,XGBoost,rdkit_descriptors_only,7,4
rdkit_HallKierAlpha,0.029106099158525467,model_feature_importances,XGBoost,rdkit_descriptors_only,7,4
rdkit_PEOE_VSA1,0.03451473265886307,model_feature_importances,XGBoost,rdkit_descriptors_only,7,4
rdkit_PEOE_VSA10,0.022628817707300186,model_feature_importances,XGBoost,rdkit_descriptors_only,7,4
rdkit_PEOE_VSA11,0.05314316228032112,model_feature_importances,XGBoost,rdkit_descriptors_only,7,4
rdkit_SMR_VSA1,0.05421353876590729,model_feature_importances,XGBoost,rdkit_descriptors_only,7,4
rdkit_SlogP_VSA3,0.01672062836587429,model_feature_importances,XGBoost,rdkit_descriptors_only,7,4
rdkit_TPSA,0.03916456177830696,model_feature_importances,XGBoost,rdkit_descriptors_only,7,4
rdkit_EState_VSA10,0.29855287075042725,model_feature_importances,XGBoost,rdkit_descriptors_only,7,4
rdkit_VSA_EState7,0.05396142601966858,model_feature_importances,XGBoost,rdkit_descriptors_only,7,4
rdkit_NOCount,0.01305436808615923,model_feature_importances,XGBoost,rdkit_descriptors_only,7,4
rdkit_NumAtomStereoCenters,0.023910561576485634,model_feature_importances,XGBoost,rdkit_descriptors_only,7,4
rdkit_NumHAcceptors,0.05153827741742134,model_feature_importances,XGBoost,rdkit_descriptors_only,7,4
rdkit_NumHDonors,0.03818371146917343,model_feature_importances,XGBoost,rdkit_descriptors_only,7,4
rdkit_NumHeteroatoms,0.08316650986671448,model_feature_importances,XGBoost,rdkit_descriptors_only,7,4
rdkit_MolLogP,0.040636129677295685,model_feature_importances,XGBoost,rdkit_descriptors_only,7,4
rdkit_qed,0.02213178388774395,model_feature_importances,XGBoost,rdkit_descriptors_only,7,5
rdkit_HallKierAlpha,0.05234460160136223,model_feature_importances,XGBoost,rdkit_descriptors_only,7,5
rdkit_Kappa3,0.0237819142639637,model_feature_importances,XGBoost,rdkit_descriptors_only,7,5
rdkit_PEOE_VSA1,0.03993188217282295,model_feature_importances,XGBoost,rdkit_descriptors_only,7,5
rdkit_PEOE_VSA10,0.021725080907344818,model_feature_importances,XGBoost,rdkit_descriptors_only,7,5
rdkit_SMR_VSA1,0.056190330535173416,model_feature_importances,XGBoost,rdkit_descriptors_only,7,5
rdkit_SMR_VSA5,0.03514246270060539,model_feature_importances,XGBoost,rdkit_descriptors_only,7,5
rdkit_SlogP_VSA3,0.03312363848090172,model_feature_importances,XGBoost,rdkit_descriptors_only,7,5
rdkit_TPSA,0.03766780346632004,model_feature_importances,XGBoost,rdkit_descriptors_only,7,5
rdkit_EState_VSA1,0.023458994925022125,model_feature_importances,XGBoost,rdkit_descriptors_only,7,5
rdkit_EState_VSA10,0.324704110622406,model_feature_importances,XGBoost,rdkit_descriptors_only,7,5
rdkit_VSA_EState3,0.053113412111997604,model_feature_importances,XGBoost,rdkit_descriptors_only,7,5
rdkit_VSA_EState7,0.035422831773757935,model_feature_importances,XGBoost,rdkit_descriptors_only,7,5
rdkit_NHOHCount,0.08397821336984634,model_feature_importances,XGBoost,rdkit_descriptors_only,7,5
rdkit_NOCount,0.0,model_feature_importances,XGBoost,rdkit_descriptors_only,7,5
rdkit_NumAtomStereoCenters,0.014440193772315979,model_feature_importances,XGBoost,rdkit_descriptors_only,7,5
rdkit_NumHAcceptors,0.021408304572105408,model_feature_importances,XGBoost,rdkit_descriptors_only,7,5
rdkit_NumHDonors,0.020137913525104523,model_feature_importances,XGBoost,rdkit_descriptors_only,7,5
rdkit_NumHeteroatoms,0.05181758850812912,model_feature_importances,XGBoost,rdkit_descriptors_only,7,5
rdkit_MolLogP,0.04947889596223831,model_feature_importances,XGBoost,rdkit_descriptors_only,7,5
rdkit_qed,0.031209293752908707,model_feature_importances,XGBoost,rdkit_descriptors_only,8,1
rdkit_BCUT2D_LOGPLOW,0.03394373133778572,model_feature_importances,XGBoost,rdkit_descriptors_only,8,1
rdkit_HallKierAlpha,0.11272874474525452,model_feature_importances,XGBoost,rdkit_descriptors_only,8,1
rdkit_Kappa3,0.022206541150808334,model_feature_importances,XGBoost,rdkit_descriptors_only,8,1
rdkit_PEOE_VSA1,0.062237467616796494,model_feature_importances,XGBoost,rdkit_descriptors_only,8,1
rdkit_PEOE_VSA10,0.024206912145018578,model_feature_importances,XGBoost,rdkit_descriptors_only,8,1
rdkit_SMR_VSA1,0.028217120096087456,model_feature_importances,XGBoost,rdkit_descriptors_only,8,1
rdkit_SlogP_VSA2,0.05321867763996124,model_feature_importances,XGBoost,rdkit_descriptors_only,8,1
rdkit_SlogP_VSA3,0.07930894941091537,model_feature_importances,XGBoost,rdkit_descriptors_only,8,1
rdkit_TPSA,0.07618480175733566,model_feature_importances,XGBoost,rdkit_descriptors_only,8,1
rdkit_EState_VSA10,0.231139674782753,model_feature_importances,XGBoost,rdkit_descriptors_only,8,1
rdkit_VSA_EState3,0.05133930966258049,model_feature_importances,XGBoost,rdkit_descriptors_only,8,1
rdkit_VSA_EState7,0.040329352021217346,model_feature_importances,XGBoost,rdkit_descriptors_only,8,1
rdkit_NHOHCount,0.01756170392036438,model_feature_importances,XGBoost,rdkit_descriptors_only,8,1
rdkit_NOCount,0.01007692702114582,model_feature_importances,XGBoost,rdkit_descriptors_only,8,1
rdkit_NumAtomStereoCenters,0.023068126291036606,model_feature_importances,XGBoost,rdkit_descriptors_only,8,1
rdkit_NumHAcceptors,0.010110670700669289,model_feature_importances,XGBoost,rdkit_descriptors_only,8,1
rdkit_NumHDonors,0.018832774832844734,model_feature_importances,XGBoost,rdkit_descriptors_only,8,1
rdkit_NumHeteroatoms,0.0,model_feature_importances,XGBoost,rdkit_descriptors_only,8,1
rdkit_MolLogP,0.07407926023006439,model_feature_importances,XGBoost,rdkit_descriptors_only,8,1
rdkit_qed,0.04892423376441002,model_feature_importances,XGBoost,rdkit_descriptors_only,8,2
rdkit_HallKierAlpha,0.05637956038117409,model_feature_importances,XGBoost,rdkit_descriptors_only,8,2
rdkit_PEOE_VSA1,0.034453049302101135,model_feature_importances,XGBoost,rdkit_descriptors_only,8,2
rdkit_PEOE_VSA10,0.02913042902946472,model_feature_importances,XGBoost,rdkit_descriptors_only,8,2
rdkit_SMR_VSA1,0.10200141370296478,model_feature_importances,XGBoost,rdkit_descriptors_only,8,2
rdkit_SlogP_VSA2,0.04124200716614723,model_feature_importances,XGBoost,rdkit_descriptors_only,8,2
rdkit_SlogP_VSA3,0.0672113299369812,model_feature_importances,XGBoost,rdkit_descriptors_only,8,2
rdkit_TPSA,0.020586874336004257,model_feature_importances,XGBoost,rdkit_descriptors_only,8,2
rdkit_EState_VSA1,0.016514290124177933,model_feature_importances,XGBoost,rdkit_descriptors_only,8,2
rdkit_EState_VSA10,0.1702442616224289,model_feature_importances,XGBoost,rdkit_descriptors_only,8,2
rdkit_VSA_EState3,0.04861636087298393,model_feature_importances,XGBoost,rdkit_descriptors_only,8,2
rdkit_VSA_EState7,0.04109491780400276,model_feature_importances,XGBoost,rdkit_descriptors_only,8,2
rdkit_NHOHCount,0.014707141555845737,model_feature_importances,XGBoost,rdkit_descriptors_only,8,2
rdkit_NOCount,0.00946259405463934,model_feature_importances,XGBoost,rdkit_descriptors_only,8,2
rdkit_NumHAcceptors,0.015676401555538177,model_feature_importances,XGBoost,rdkit_descriptors_only,8,2
rdkit_NumHDonors,0.021299928426742554,model_feature_importances,XGBoost,rdkit_descriptors_only,8,2
rdkit_NumHeteroatoms,0.07912006974220276,model_feature_importances,XGBoost,rdkit_descriptors_only,8,2
rdkit_MolLogP,0.06806008517742157,model_feature_importances,XGBoost,rdkit_descriptors_only,8,2
rdkit_fr_Al_OH_noTert,0.08160114288330078,model_feature_importances,XGBoost,rdkit_descriptors_only,8,2
rdkit_fr_ether,0.03367392346262932,model_feature_importances,XGBoost,rdkit_descriptors_only,8,2
rdkit_qed,0.020194033160805702,model_feature_importances,XGBoost,rdkit_descriptors_only,8,3
rdkit_HallKierAlpha,0.0624975822865963,model_feature_importances,XGBoost,rdkit_descriptors_only,8,3
rdkit_Kappa3,0.017253395169973373,model_feature_importances,XGBoost,rdkit_descriptors_only,8,3
rdkit_PEOE_VSA1,0.04457521066069603,model_feature_importances,XGBoost,rdkit_descriptors_only,8,3
rdkit_PEOE_VSA10,0.023218683898448944,model_feature_importances,XGBoost,rdkit_descriptors_only,8,3
rdkit_PEOE_VSA11,0.03676576539874077,model_feature_importances,XGBoost,rdkit_descriptors_only,8,3
rdkit_SMR_VSA1,0.04120076820254326,model_feature_importances,XGBoost,rdkit_descriptors_only,8,3
rdkit_SlogP_VSA3,0.039064206182956696,model_feature_importances,XGBoost,rdkit_descriptors_only,8,3
rdkit_TPSA,0.05425106734037399,model_feature_importances,XGBoost,rdkit_descriptors_only,8,3
rdkit_EState_VSA1,0.014183025807142258,model_feature_importances,XGBoost,rdkit_descriptors_only,8,3
rdkit_EState_VSA10,0.20409664511680603,model_feature_importances,XGBoost,rdkit_descriptors_only,8,3
rdkit_VSA_EState3,0.051193591207265854,model_feature_importances,XGBoost,rdkit_descriptors_only,8,3
rdkit_VSA_EState7,0.05689188838005066,model_feature_importances,XGBoost,rdkit_descriptors_only,8,3
rdkit_NHOHCount,0.10984840989112854,model_feature_importances,XGBoost,rdkit_descriptors_only,8,3
rdkit_NOCount,0.02243909426033497,model_feature_importances,XGBoost,rdkit_descriptors_only,8,3
rdkit_NumAtomStereoCenters,0.015607199631631374,model_feature_importances,XGBoost,rdkit_descriptors_only,8,3
rdkit_NumHAcceptors,0.009445952251553535,model_feature_importances,XGBoost,rdkit_descriptors_only,8,3
rdkit_NumHDonors,0.028459476307034492,model_feature_importances,XGBoost,rdkit_descriptors_only,8,3
rdkit_NumHeteroatoms,0.10297153145074844,model_feature_importances,XGBoost,rdkit_descriptors_only,8,3
rdkit_MolLogP,0.045842453837394714,model_feature_importances,XGBoost,rdkit_descriptors_only,8,3
rdkit_qed,0.022065499797463417,model_feature_importances,XGBoost,rdkit_descriptors_only,8,4
rdkit_HallKierAlpha,0.08681781589984894,model_feature_importances,XGBoost,rdkit_descriptors_only,8,4
rdkit_Kappa3,0.02279248833656311,model_feature_importances,XGBoost,rdkit_descriptors_only,8,4
rdkit_PEOE_VSA1,0.041268862783908844,model_feature_importances,XGBoost,rdkit_descriptors_only,8,4
rdkit_PEOE_VSA10,0.03125756233930588,model_feature_importances,XGBoost,rdkit_descriptors_only,8,4
rdkit_SMR_VSA1,0.03512783348560333,model_feature_importances,XGBoost,rdkit_descriptors_only,8,4
rdkit_SlogP_VSA2,0.06700178235769272,model_feature_importances,XGBoost,rdkit_descriptors_only,8,4
rdkit_SlogP_VSA3,0.018450114876031876,model_feature_importances,XGBoost,rdkit_descriptors_only,8,4
rdkit_TPSA,0.03841204568743706,model_feature_importances,XGBoost,rdkit_descriptors_only,8,4
rdkit_EState_VSA10,0.1871640831232071,model_feature_importances,XGBoost,rdkit_descriptors_only,8,4
rdkit_VSA_EState3,0.0461004301905632,model_feature_importances,XGBoost,rdkit_descriptors_only,8,4
rdkit_VSA_EState7,0.03799614682793617,model_feature_importances,XGBoost,rdkit_descriptors_only,8,4
rdkit_NHOHCount,0.07795178145170212,model_feature_importances,XGBoost,rdkit_descriptors_only,8,4
rdkit_NOCount,0.0,model_feature_importances,XGBoost,rdkit_descriptors_only,8,4
rdkit_NumHAcceptors,0.0,model_feature_importances,XGBoost,rdkit_descriptors_only,8,4
rdkit_NumHDonors,0.007691264618188143,model_feature_importances,XGBoost,rdkit_descriptors_only,8,4
rdkit_NumHeteroatoms,0.03126809000968933,model_feature_importances,XGBoost,rdkit_descriptors_only,8,4
rdkit_MolLogP,0.06704822182655334,model_feature_importances,XGBoost,rdkit_descriptors_only,8,4
rdkit_fr_Al_OH,0.07071938365697861,model_feature_importances,XGBoost,rdkit_descriptors_only,8,4
rdkit_fr_Al_OH_noTert,0.11086665093898773,model_feature_importances,XGBoost,rdkit_descriptors_only,8,4
rdkit_qed,0.019805679097771645,model_feature_importances,XGBoost,rdkit_descriptors_only,8,5
rdkit_BCUT2D_LOGPLOW,0.0409969836473465,model_feature_importances,XGBoost,rdkit_descriptors_only,8,5
rdkit_HallKierAlpha,0.0780818909406662,model_feature_importances,XGBoost,rdkit_descriptors_only,8,5
rdkit_Kappa3,0.02064179629087448,model_feature_importances,XGBoost,rdkit_descriptors_only,8,5
rdkit_PEOE_VSA1,0.028501512482762337,model_feature_importances,XGBoost,rdkit_descriptors_only,8,5
rdkit_PEOE_VSA10,0.03133980184793472,model_feature_importances,XGBoost,rdkit_descriptors_only,8,5
rdkit_PEOE_VSA11,0.07101041078567505,model_feature_importances,XGBoost,rdkit_descriptors_only,8,5
rdkit_SMR_VSA1,0.04175112769007683,model_feature_importances,XGBoost,rdkit_descriptors_only,8,5
rdkit_SMR_VSA5,0.05322777107357979,model_feature_importances,XGBoost,rdkit_descriptors_only,8,5
rdkit_SlogP_VSA3,0.025405902415513992,model_feature_importances,XGBoost,rdkit_descriptors_only,8,5
rdkit_TPSA,0.05802452936768532,model_feature_importances,XGBoost,rdkit_descriptors_only,8,5
rdkit_EState_VSA10,0.3646554946899414,model_feature_importances,XGBoost,rdkit_descriptors_only,8,5
rdkit_VSA_EState7,0.02247868850827217,model_feature_importances,XGBoost,rdkit_descriptors_only,8,5
rdkit_NHOHCount,0.017307426780462265,model_feature_importances,XGBoost,rdkit_descriptors_only,8,5
rdkit_NOCount,0.009433700703084469,model_feature_importances,XGBoost,rdkit_descriptors_only,8,5
rdkit_NumAtomStereoCenters,0.03328120335936546,model_feature_importances,XGBoost,rdkit_descriptors_only,8,5
rdkit_NumHAcceptors,0.009095482528209686,model_feature_importances,XGBoost,rdkit_descriptors_only,8,5
rdkit_NumHDonors,0.024772416800260544,model_feature_importances,XGBoost,rdkit_descriptors_only,8,5
rdkit_NumHeteroatoms,0.014792324975132942,model_feature_importances,XGBoost,rdkit_descriptors_only,8,5
rdkit_MolLogP,0.035395849496126175,model_feature_importances,XGBoost,rdkit_descriptors_only,8,5
rdkit_qed,0.03129486367106438,model_feature_importances,XGBoost,rdkit_descriptors_only,9,1
rdkit_HallKierAlpha,0.057028092443943024,model_feature_importances,XGBoost,rdkit_descriptors_only,9,1
rdkit_Kappa3,0.014120526611804962,model_feature_importances,XGBoost,rdkit_descriptors_only,9,1
rdkit_PEOE_VSA1,0.03637941554188728,model_feature_importances,XGBoost,rdkit_descriptors_only,9,1
rdkit_PEOE_VSA10,0.026473795995116234,model_feature_importances,XGBoost,rdkit_descriptors_only,9,1
rdkit_SMR_VSA1,0.0463871993124485,model_feature_importances,XGBoost,rdkit_descriptors_only,9,1
rdkit_SlogP_VSA2,0.048934709280729294,model_feature_importances,XGBoost,rdkit_descriptors_only,9,1
rdkit_SlogP_VSA3,0.012351242825388908,model_feature_importances,XGBoost,rdkit_descriptors_only,9,1
rdkit_TPSA,0.05689247325062752,model_feature_importances,XGBoost,rdkit_descriptors_only,9,1
rdkit_EState_VSA1,0.034811560064554214,model_feature_importances,XGBoost,rdkit_descriptors_only,9,1
rdkit_EState_VSA10,0.19817303121089935,model_feature_importances,XGBoost,rdkit_descriptors_only,9,1
rdkit_VSA_EState3,0.04712202027440071,model_feature_importances,XGBoost,rdkit_descriptors_only,9,1
rdkit_VSA_EState7,0.029430562630295753,model_feature_importances,XGBoost,rdkit_descriptors_only,9,1
rdkit_NHOHCount,0.08177316933870316,model_feature_importances,XGBoost,rdkit_descriptors_only,9,1
rdkit_NOCount,0.014681643806397915,model_feature_importances,XGBoost,rdkit_descriptors_only,9,1
rdkit_NumHAcceptors,0.01647847704589367,model_feature_importances,XGBoost,rdkit_descriptors_only,9,1
rdkit_NumHDonors,0.012798481620848179,model_feature_importances,XGBoost,rdkit_descriptors_only,9,1
rdkit_NumHeteroatoms,0.02645956166088581,model_feature_importances,XGBoost,rdkit_descriptors_only,9,1
rdkit_MolLogP,0.06352958083152771,model_feature_importances,XGBoost,rdkit_descriptors_only,9,1
rdkit_fr_Al_OH_noTert,0.1448795646429062,model_feature_importances,XGBoost,rdkit_descriptors_only,9,1
rdkit_qed,0.023328883573412895,model_feature_importances,XGBoost,rdkit_descriptors_only,9,2
rdkit_BCUT2D_CHGLO,0.04764242470264435,model_feature_importances,XGBoost,rdkit_descriptors_only,9,2
rdkit_BCUT2D_LOGPLOW,0.0273533146828413,model_feature_importances,XGBoost,rdkit_descriptors_only,9,2
rdkit_HallKierAlpha,0.03425843268632889,model_feature_importances,XGBoost,rdkit_descriptors_only,9,2
rdkit_PEOE_VSA1,0.026433203369379044,model_feature_importances,XGBoost,rdkit_descriptors_only,9,2
rdkit_PEOE_VSA10,0.020312679931521416,model_feature_importances,XGBoost,rdkit_descriptors_only,9,2
rdkit_PEOE_VSA11,0.09232623875141144,model_feature_importances,XGBoost,rdkit_descriptors_only,9,2
rdkit_SMR_VSA1,0.05092432349920273,model_feature_importances,XGBoost,rdkit_descriptors_only,9,2
rdkit_SMR_VSA5,0.04664866253733635,model_feature_importances,XGBoost,rdkit_descriptors_only,9,2
rdkit_SlogP_VSA3,0.029344918206334114,model_feature_importances,XGBoost,rdkit_descriptors_only,9,2
rdkit_TPSA,0.027170030400156975,model_feature_importances,XGBoost,rdkit_descriptors_only,9,2
rdkit_EState_VSA10,0.3868406116962433,model_feature_importances,XGBoost,rdkit_descriptors_only,9,2
rdkit_VSA_EState7,0.026111086830496788,model_feature_importances,XGBoost,rdkit_descriptors_only,9,2
rdkit_NHOHCount,0.058740563690662384,model_feature_importances,XGBoost,rdkit_descriptors_only,9,2
rdkit_NOCount,0.0,model_feature_importances,XGBoost,rdkit_descriptors_only,9,2
rdkit_NumAtomStereoCenters,0.01645374484360218,model_feature_importances,XGBoost,rdkit_descriptors_only,9,2
rdkit_NumHAcceptors,0.012458953075110912,model_feature_importances,XGBoost,rdkit_descriptors_only,9,2
rdkit_NumHDonors,0.023628752678632736,model_feature_importances,XGBoost,rdkit_descriptors_only,9,2
rdkit_NumHeteroatoms,0.022331753745675087,model_feature_importances,XGBoost,rdkit_descriptors_only,9,2
rdkit_MolLogP,0.027691565454006195,model_feature_importances,XGBoost,rdkit_descriptors_only,9,2
rdkit_qed,0.023759497329592705,model_feature_importances,XGBoost,rdkit_descriptors_only,9,3
rdkit_BCUT2D_LOGPLOW,0.03848840296268463,model_feature_importances,XGBoost,rdkit_descriptors_only,9,3
rdkit_HallKierAlpha,0.07849191129207611,model_feature_importances,XGBoost,rdkit_descriptors_only,9,3
rdkit_PEOE_VSA1,0.04545227065682411,model_feature_importances,XGBoost,rdkit_descriptors_only,9,3
rdkit_PEOE_VSA10,0.020499177277088165,model_feature_importances,XGBoost,rdkit_descriptors_only,9,3
rdkit_SMR_VSA1,0.047972146421670914,model_feature_importances,XGBoost,rdkit_descriptors_only,9,3
rdkit_SlogP_VSA2,0.03057616949081421,model_feature_importances,XGBoost,rdkit_descriptors_only,9,3
rdkit_SlogP_VSA3,0.011783622205257416,model_feature_importances,XGBoost,rdkit_descriptors_only,9,3
rdkit_TPSA,0.01831188052892685,model_feature_importances,XGBoost,rdkit_descriptors_only,9,3
rdkit_EState_VSA10,0.18873631954193115,model_feature_importances,XGBoost,rdkit_descriptors_only,9,3
rdkit_VSA_EState3,0.044766224920749664,model_feature_importances,XGBoost,rdkit_descriptors_only,9,3
rdkit_VSA_EState7,0.06695418804883957,model_feature_importances,XGBoost,rdkit_descriptors_only,9,3
rdkit_NHOHCount,0.05055426061153412,model_feature_importances,XGBoost,rdkit_descriptors_only,9,3
rdkit_NOCount,0.016338547691702843,model_feature_importances,XGBoost,rdkit_descriptors_only,9,3
rdkit_NumHAcceptors,0.0,model_feature_importances,XGBoost,rdkit_descriptors_only,9,3
rdkit_NumHDonors,0.008191341534256935,model_feature_importances,XGBoost,rdkit_descriptors_only,9,3
rdkit_NumHeteroatoms,0.06764371693134308,model_feature_importances,XGBoost,rdkit_descriptors_only,9,3
rdkit_MolLogP,0.05273302644491196,model_feature_importances,XGBoost,rdkit_descriptors_only,9,3
rdkit_fr_Al_OH,0.006835259031504393,model_feature_importances,XGBoost,rdkit_descriptors_only,9,3
rdkit_fr_Al_OH_noTert,0.18191207945346832,model_feature_importances,XGBoost,rdkit_descriptors_only,9,3
rdkit_qed,0.015801146626472473,model_feature_importances,XGBoost,rdkit_descriptors_only,9,4
rdkit_BCUT2D_LOGPLOW,0.03018859773874283,model_feature_importances,XGBoost,rdkit_descriptors_only,9,4
rdkit_HallKierAlpha,0.10220897942781448,model_feature_importances,XGBoost,rdkit_descriptors_only,9,4
rdkit_Kappa3,0.019219018518924713,model_feature_importances,XGBoost,rdkit_descriptors_only,9,4
rdkit_PEOE_VSA1,0.039327505975961685,model_feature_importances,XGBoost,rdkit_descriptors_only,9,4
rdkit_PEOE_VSA10,0.02780129387974739,model_feature_importances,XGBoost,rdkit_descriptors_only,9,4
rdkit_PEOE_VSA11,0.09434624761343002,model_feature_importances,XGBoost,rdkit_descriptors_only,9,4
rdkit_SMR_VSA1,0.05102907121181488,model_feature_importances,XGBoost,rdkit_descriptors_only,9,4
rdkit_SlogP_VSA2,0.04316239431500435,model_feature_importances,XGBoost,rdkit_descriptors_only,9,4
rdkit_SlogP_VSA3,0.014820917509496212,model_feature_importances,XGBoost,rdkit_descriptors_only,9,4
rdkit_TPSA,0.019885921850800514,model_feature_importances,XGBoost,rdkit_descriptors_only,9,4
rdkit_EState_VSA10,0.32402682304382324,model_feature_importances,XGBoost,rdkit_descriptors_only,9,4
rdkit_VSA_EState3,0.05372202768921852,model_feature_importances,XGBoost,rdkit_descriptors_only,9,4
rdkit_VSA_EState7,0.02979307807981968,model_feature_importances,XGBoost,rdkit_descriptors_only,9,4
rdkit_NHOHCount,0.004581935238093138,model_feature_importances,XGBoost,rdkit_descriptors_only,9,4
rdkit_NOCount,0.011027517728507519,model_feature_importances,XGBoost,rdkit_descriptors_only,9,4
rdkit_NumHAcceptors,0.006869927980005741,model_feature_importances,XGBoost,rdkit_descriptors_only,9,4
rdkit_NumHDonors,0.010767297819256783,model_feature_importances,XGBoost,rdkit_descriptors_only,9,4
rdkit_NumHeteroatoms,0.0388985313475132,model_feature_importances,XGBoost,rdkit_descriptors_only,9,4
rdkit_MolLogP,0.062521792948246,model_feature_importances,XGBoost,rdkit_descriptors_only,9,4
rdkit_qed,0.02769174799323082,model_feature_importances,XGBoost,rdkit_descriptors_only,9,5
rdkit_HallKierAlpha,0.04087500646710396,model_feature_importances,XGBoost,rdkit_descriptors_only,9,5
rdkit_Kappa3,0.027683261781930923,model_feature_importances,XGBoost,rdkit_descriptors_only,9,5
rdkit_PEOE_VSA1,0.0512697733938694,model_feature_importances,XGBoost,rdkit_descriptors_only,9,5
rdkit_PEOE_VSA10,0.024765286594629288,model_feature_importances,XGBoost,rdkit_descriptors_only,9,5
rdkit_PEOE_VSA11,0.041997022926807404,model_feature_importances,XGBoost,rdkit_descriptors_only,9,5
rdkit_SMR_VSA1,0.060570769011974335,model_feature_importances,XGBoost,rdkit_descriptors_only,9,5
rdkit_SlogP_VSA3,0.05628279224038124,model_feature_importances,XGBoost,rdkit_descriptors_only,9,5
rdkit_TPSA,0.057115741074085236,model_feature_importances,XGBoost,rdkit_descriptors_only,9,5
rdkit_EState_VSA1,0.014261976815760136,model_feature_importances,XGBoost,rdkit_descriptors_only,9,5
rdkit_EState_VSA10,0.3014901876449585,model_feature_importances,XGBoost,rdkit_descriptors_only,9,5
rdkit_VSA_EState3,0.05792665109038353,model_feature_importances,XGBoost,rdkit_descriptors_only,9,5
rdkit_VSA_EState7,0.021898724138736725,model_feature_importances,XGBoost,rdkit_descriptors_only,9,5
rdkit_NHOHCount,0.06076761335134506,model_feature_importances,XGBoost,rdkit_descriptors_only,9,5
rdkit_NOCount,0.030307872220873833,model_feature_importances,XGBoost,rdkit_descriptors_only,9,5
rdkit_NumAtomStereoCenters,0.011670511215925217,model_feature_importances,XGBoost,rdkit_descriptors_only,9,5
rdkit_NumHAcceptors,0.01540327724069357,model_feature_importances,XGBoost,rdkit_descriptors_only,9,5
rdkit_NumHDonors,0.01587824895977974,model_feature_importances,XGBoost,rdkit_descriptors_only,9,5
rdkit_NumHeteroatoms,0.03782571107149124,model_feature_importances,XGBoost,rdkit_descriptors_only,9,5
rdkit_MolLogP,0.04431772232055664,model_feature_importances,XGBoost,rdkit_descriptors_only,9,5
rdkit_qed,0.017056813463568687,model_feature_importances,XGBoost,rdkit_descriptors_only,10,1
rdkit_BCUT2D_LOGPLOW,0.031653739511966705,model_feature_importances,XGBoost,rdkit_descriptors_only,10,1
rdkit_HallKierAlpha,0.08487961441278458,model_feature_importances,XGBoost,rdkit_descriptors_only,10,1
rdkit_Kappa3,0.016611672937870026,model_feature_importances,XGBoost,rdkit_descriptors_only,10,1
rdkit_PEOE_VSA1,0.022022157907485962,model_feature_importances,XGBoost,rdkit_descriptors_only,10,1
rdkit_PEOE_VSA10,0.034475427120923996,model_feature_importances,XGBoost,rdkit_descriptors_only,10,1
rdkit_SMR_VSA1,0.06040053442120552,model_feature_importances,XGBoost,rdkit_descriptors_only,10,1
rdkit_SlogP_VSA2,0.05054377391934395,model_feature_importances,XGBoost,rdkit_descriptors_only,10,1
rdkit_SlogP_VSA3,0.023186946287751198,model_feature_importances,XGBoost,rdkit_descriptors_only,10,1
rdkit_TPSA,0.020259980112314224,model_feature_importances,XGBoost,rdkit_descriptors_only,10,1
rdkit_EState_VSA10,0.22695721685886383,model_feature_importances,XGBoost,rdkit_descriptors_only,10,1
rdkit_VSA_EState3,0.0652393326163292,model_feature_importances,XGBoost,rdkit_descriptors_only,10,1
rdkit_VSA_EState7,0.0936412438750267,model_feature_importances,XGBoost,rdkit_descriptors_only,10,1
rdkit_NHOHCount,0.026656247675418854,model_feature_importances,XGBoost,rdkit_descriptors_only,10,1
rdkit_NOCount,0.016272127628326416,model_feature_importances,XGBoost,rdkit_descriptors_only,10,1
rdkit_NumHAcceptors,0.014991924166679382,model_feature_importances,XGBoost,rdkit_descriptors_only,10,1
rdkit_NumHDonors,0.046701185405254364,model_feature_importances,XGBoost,rdkit_descriptors_only,10,1
rdkit_NumHeteroatoms,0.06888849288225174,model_feature_importances,XGBoost,rdkit_descriptors_only,10,1
rdkit_MolLogP,0.07630621641874313,model_feature_importances,XGBoost,rdkit_descriptors_only,10,1
rdkit_fr_ether,0.003255350049585104,model_feature_importances,XGBoost,rdkit_descriptors_only,10,1
rdkit_qed,0.028937092050909996,model_feature_importances,XGBoost,rdkit_descriptors_only,10,2
rdkit_BCUT2D_LOGPLOW,0.03138558939099312,model_feature_importances,XGBoost,rdkit_descriptors_only,10,2
rdkit_HallKierAlpha,0.07156132161617279,model_feature_importances,XGBoost,rdkit_descriptors_only,10,2
rdkit_Kappa3,0.023480163887143135,model_feature_importances,XGBoost,rdkit_descriptors_only,10,2
rdkit_PEOE_VSA1,0.0546191930770874,model_feature_importances,XGBoost,rdkit_descriptors_only,10,2
rdkit_PEOE_VSA10,0.0337446965277195,model_feature_importances,XGBoost,rdkit_descriptors_only,10,2
rdkit_PEOE_VSA11,0.031544145196676254,model_feature_importances,XGBoost,rdkit_descriptors_only,10,2
rdkit_SMR_VSA1,0.0186875369399786,model_feature_importances,XGBoost,rdkit_descriptors_only,10,2
rdkit_SlogP_VSA3,0.02157452516257763,model_feature_importances,XGBoost,rdkit_descriptors_only,10,2
rdkit_TPSA,0.08972260355949402,model_feature_importances,XGBoost,rdkit_descriptors_only,10,2
rdkit_EState_VSA10,0.2725277841091156,model_feature_importances,XGBoost,rdkit_descriptors_only,10,2
rdkit_VSA_EState3,0.0572274886071682,model_feature_importances,XGBoost,rdkit_descriptors_only,10,2
rdkit_VSA_EState7,0.02930333837866783,model_feature_importances,XGBoost,rdkit_descriptors_only,10,2
rdkit_NHOHCount,0.014609047211706638,model_feature_importances,XGBoost,rdkit_descriptors_only,10,2
rdkit_NOCount,0.0,model_feature_importances,XGBoost,rdkit_descriptors_only,10,2
rdkit_NumAtomStereoCenters,0.0322931706905365,model_feature_importances,XGBoost,rdkit_descriptors_only,10,2
rdkit_NumHAcceptors,0.014893904328346252,model_feature_importances,XGBoost,rdkit_descriptors_only,10,2
rdkit_NumHDonors,0.012352797202765942,model_feature_importances,XGBoost,rdkit_descriptors_only,10,2
rdkit_NumHeteroatoms,0.04347764700651169,model_feature_importances,XGBoost,rdkit_descriptors_only,10,2
rdkit_MolLogP,0.11805794388055801,model_feature_importances,XGBoost,rdkit_descriptors_only,10,2
rdkit_qed,0.020157594233751297,model_feature_importances,XGBoost,rdkit_descriptors_only,10,3
rdkit_BCUT2D_LOGPLOW,0.03479237109422684,model_feature_importances,XGBoost,rdkit_descriptors_only,10,3
rdkit_HallKierAlpha,0.08763119578361511,model_feature_importances,XGBoost,rdkit_descriptors_only,10,3
rdkit_Kappa3,0.03326326236128807,model_feature_importances,XGBoost,rdkit_descriptors_only,10,3
rdkit_PEOE_VSA1,0.046262893825769424,model_feature_importances,XGBoost,rdkit_descriptors_only,10,3
rdkit_PEOE_VSA10,0.03299834951758385,model_feature_importances,XGBoost,rdkit_descriptors_only,10,3
rdkit_SMR_VSA1,0.03653453662991524,model_feature_importances,XGBoost,rdkit_descriptors_only,10,3
rdkit_SlogP_VSA3,0.019766690209507942,model_feature_importances,XGBoost,rdkit_descriptors_only,10,3
rdkit_TPSA,0.06711102277040482,model_feature_importances,XGBoost,rdkit_descriptors_only,10,3
rdkit_EState_VSA1,0.019642436876893044,model_feature_importances,XGBoost,rdkit_descriptors_only,10,3
rdkit_EState_VSA10,0.22413942217826843,model_feature_importances,XGBoost,rdkit_descriptors_only,10,3
rdkit_VSA_EState3,0.05782482028007507,model_feature_importances,XGBoost,rdkit_descriptors_only,10,3
rdkit_VSA_EState7,0.048192255198955536,model_feature_importances,XGBoost,rdkit_descriptors_only,10,3
rdkit_NHOHCount,0.01608939655125141,model_feature_importances,XGBoost,rdkit_descriptors_only,10,3
rdkit_NOCount,0.0,model_feature_importances,XGBoost,rdkit_descriptors_only,10,3
rdkit_NumAtomStereoCenters,0.02062201499938965,model_feature_importances,XGBoost,rdkit_descriptors_only,10,3
rdkit_NumHAcceptors,0.0,model_feature_importances,XGBoost,rdkit_descriptors_only,10,3
rdkit_NumHDonors,0.012027128599584103,model_feature_importances,XGBoost,rdkit_descriptors_only,10,3
rdkit_NumHeteroatoms,0.16519957780838013,model_feature_importances,XGBoost,rdkit_descriptors_only,10,3
rdkit_MolLogP,0.057745032012462616,model_feature_importances,XGBoost,rdkit_descriptors_only,10,3
rdkit_qed,0.03338097035884857,model_feature_importances,XGBoost,rdkit_descriptors_only,10,4
rdkit_HallKierAlpha,0.028315579518675804,model_feature_importances,XGBoost,rdkit_descriptors_only,10,4
rdkit_Kappa3,0.025496425107121468,model_feature_importances,XGBoost,rdkit_descriptors_only,10,4
rdkit_PEOE_VSA1,0.045822739601135254,model_feature_importances,XGBoost,rdkit_descriptors_only,10,4
rdkit_PEOE_VSA10,0.020053330808877945,model_feature_importances,XGBoost,rdkit_descriptors_only,10,4
rdkit_PEOE_VSA11,0.051029402762651443,model_feature_importances,XGBoost,rdkit_descriptors_only,10,4
rdkit_SMR_VSA1,0.05287521705031395,model_feature_importances,XGBoost,rdkit_descriptors_only,10,4
rdkit_SlogP_VSA3,0.01948920078575611,model_feature_importances,XGBoost,rdkit_descriptors_only,10,4
rdkit_TPSA,0.06131164729595184,model_feature_importances,XGBoost,rdkit_descriptors_only,10,4
rdkit_EState_VSA1,0.012342709116637707,model_feature_importances,XGBoost,rdkit_descriptors_only,10,4
rdkit_EState_VSA10,0.25190794467926025,model_feature_importances,XGBoost,rdkit_descriptors_only,10,4
rdkit_VSA_EState3,0.06460953503847122,model_feature_importances,XGBoost,rdkit_descriptors_only,10,4
rdkit_VSA_EState7,0.02744566649198532,model_feature_importances,XGBoost,rdkit_descriptors_only,10,4
rdkit_NHOHCount,0.09981196373701096,model_feature_importances,XGBoost,rdkit_descriptors_only,10,4
rdkit_NOCount,0.01470128446817398,model_feature_importances,XGBoost,rdkit_descriptors_only,10,4
rdkit_NumAtomStereoCenters,0.019507069140672684,model_feature_importances,XGBoost,rdkit_descriptors_only,10,4
rdkit_NumHAcceptors,0.02334512770175934,model_feature_importances,XGBoost,rdkit_descriptors_only,10,4
rdkit_NumHDonors,0.021962232887744904,model_feature_importances,XGBoost,rdkit_descriptors_only,10,4
rdkit_NumHeteroatoms,0.08447202295064926,model_feature_importances,XGBoost,rdkit_descriptors_only,10,4
rdkit_MolLogP,0.04211995378136635,model_feature_importances,XGBoost,rdkit_descriptors_only,10,4
rdkit_qed,0.014633522368967533,model_feature_importances,XGBoost,rdkit_descriptors_only,10,5
rdkit_HallKierAlpha,0.08063752949237823,model_feature_importances,XGBoost,rdkit_descriptors_only,10,5
rdkit_Kappa3,0.016929417848587036,model_feature_importances,XGBoost,rdkit_descriptors_only,10,5
rdkit_PEOE_VSA1,0.035236187279224396,model_feature_importances,XGBoost,rdkit_descriptors_only,10,5
rdkit_PEOE_VSA10,0.019881799817085266,model_feature_importances,XGBoost,rdkit_descriptors_only,10,5
rdkit_SMR_VSA1,0.05787571147084236,model_feature_importances,XGBoost,rdkit_descriptors_only,10,5
rdkit_SlogP_VSA2,0.016669150441884995,model_feature_importances,XGBoost,rdkit_descriptors_only,10,5
rdkit_SlogP_VSA3,0.013528813607990742,model_feature_importances,XGBoost,rdkit_descriptors_only,10,5
rdkit_TPSA,0.009138086810708046,model_feature_importances,XGBoost,rdkit_descriptors_only,10,5
rdkit_EState_VSA10,0.1860201507806778,model_feature_importances,XGBoost,rdkit_descriptors_only,10,5
rdkit_VSA_EState3,0.04177093878388405,model_feature_importances,XGBoost,rdkit_descriptors_only,10,5
rdkit_VSA_EState7,0.026719991117715836,model_feature_importances,XGBoost,rdkit_descriptors_only,10,5
rdkit_NHOHCount,0.14027275145053864,model_feature_importances,XGBoost,rdkit_descriptors_only,10,5
rdkit_NOCount,0.0028021791949868202,model_feature_importances,XGBoost,rdkit_descriptors_only,10,5
rdkit_NumHAcceptors,0.012462970800697803,model_feature_importances,XGBoost,rdkit_descriptors_only,10,5
rdkit_NumHDonors,0.011083983816206455,model_feature_importances,XGBoost,rdkit_descriptors_only,10,5
rdkit_NumHeteroatoms,0.16895592212677002,model_feature_importances,XGBoost,rdkit_descriptors_only,10,5
rdkit_MolLogP,0.04342590272426605,model_feature_importances,XGBoost,rdkit_descriptors_only,10,5
rdkit_fr_Al_OH,0.09584256261587143,model_feature_importances,XGBoost,rdkit_descriptors_only,10,5
rdkit_fr_Al_OH_noTert,0.00611241115257144,model_feature_importances,XGBoost,rdkit_descriptors_only,10,5
