pair_rank,model,feature_set,feature_1,feature_2,pearson_r,abs_pearson_r
1,XGBoost,provided_plus_rdkit_descriptors,rdkit_fr_ketone,rdkit_fr_ketone_Topliss,1.0,1.0
2,XGBoost,provided_plus_rdkit_descriptors,rdkit_fr_allylic_oxid,rdkit_fr_bicyclic,1.0,1.0
3,XGBoost,provided_plus_rdkit_descriptors,rdkit_fr_Al_COO,rdkit_fr_COO2,1.0,1.0
4,XGBoost,provided_plus_rdkit_descriptors,rdkit_fr_Al_COO,rdkit_fr_COO,1.0,1.0
5,XGBoost,provided_plus_rdkit_descriptors,rdkit_MaxAbsEStateIndex,rdkit_MaxEStateIndex,1.0,1.0
6,XGBoost,provided_plus_rdkit_descriptors,rdkit_fr_COO,rdkit_fr_COO2,1.0,1.0
7,XGBoost,provided_plus_rdkit_descriptors,rdkit_SMR_VSA7,rdkit_SlogP_VSA6,1.0,1.0
8,XGBoost,provided_plus_rdkit_descriptors,rdkit_SlogP_VSA4,rdkit_EState_VSA6,1.0,1.0
9,XGBoost,provided_plus_rdkit_descriptors,rdkit_NumAliphaticRings,rdkit_RingCount,1.0,1.0
10,XGBoost,provided_plus_rdkit_descriptors,rdkit_EState_VSA6,rdkit_fr_bicyclic,1.0,1.0
11,XGBoost,provided_plus_rdkit_descriptors,rdkit_EState_VSA6,rdkit_fr_allylic_oxid,1.0,1.0
12,XGBoost,provided_plus_rdkit_descriptors,rdkit_NumAmideBonds,rdkit_fr_amide,1.0,1.0
13,XGBoost,provided_plus_rdkit_descriptors,rdkit_NumHeterocycles,rdkit_NumSaturatedHeterocycles,1.0,1.0
14,XGBoost,provided_plus_rdkit_descriptors,rdkit_SMR_VSA3,rdkit_fr_NH1,1.0,1.0
15,XGBoost,provided_plus_rdkit_descriptors,rdkit_NumAliphaticHeterocycles,rdkit_NumSaturatedHeterocycles,1.0,1.0
16,XGBoost,provided_plus_rdkit_descriptors,rdkit_NumAliphaticHeterocycles,rdkit_NumHeterocycles,1.0,1.0
17,XGBoost,provided_plus_rdkit_descriptors,rdkit_SlogP_VSA4,rdkit_fr_allylic_oxid,0.9999999999999992,0.9999999999999992
18,XGBoost,provided_plus_rdkit_descriptors,rdkit_SlogP_VSA4,rdkit_fr_bicyclic,0.9999999999999991,0.9999999999999991
19,XGBoost,provided_plus_rdkit_descriptors,Molecular weight (Da),rdkit_MolWt,0.9999999999532571,0.9999999999532571
20,XGBoost,provided_plus_rdkit_descriptors,Molecular weight (Da),rdkit_ExactMolWt,0.9999998645964124,0.9999998645964124
21,XGBoost,provided_plus_rdkit_descriptors,rdkit_MolWt,rdkit_ExactMolWt,0.9999998632059774,0.9999998632059774
22,XGBoost,provided_plus_rdkit_descriptors,rdkit_VSA_EState10,rdkit_fr_alkyl_halide,0.99996088983863,0.99996088983863
23,XGBoost,provided_plus_rdkit_descriptors,Molecular weight (Da),rdkit_HeavyAtomMolWt,0.9999509987115432,0.9999509987115432
24,XGBoost,provided_plus_rdkit_descriptors,rdkit_MolWt,rdkit_HeavyAtomMolWt,0.9999509554293384,0.9999509554293384
25,XGBoost,provided_plus_rdkit_descriptors,rdkit_HeavyAtomMolWt,rdkit_ExactMolWt,0.9999498919742552,0.9999498919742552
26,XGBoost,provided_plus_rdkit_descriptors,rdkit_NumValenceElectrons,rdkit_HeavyAtomCount,0.9998979117610365,0.9998979117610365
27,XGBoost,provided_plus_rdkit_descriptors,rdkit_Chi1,rdkit_HeavyAtomCount,0.9998722261552233,0.9998722261552233
28,XGBoost,provided_plus_rdkit_descriptors,rdkit_PEOE_VSA5,rdkit_fr_halogen,0.9997822148147503,0.9997822148147503
29,XGBoost,provided_plus_rdkit_descriptors,rdkit_Chi0,rdkit_HeavyAtomCount,0.9997602339681322,0.9997602339681322
30,XGBoost,provided_plus_rdkit_descriptors,rdkit_Chi0,rdkit_Chi1,0.9997544926296632,0.9997544926296632
31,XGBoost,provided_plus_rdkit_descriptors,rdkit_NumValenceElectrons,rdkit_Chi1,0.9997145987946311,0.9997145987946311
32,XGBoost,provided_plus_rdkit_descriptors,rdkit_Chi0n,rdkit_Chi1n,0.9996540818571622,0.9996540818571622
33,XGBoost,provided_plus_rdkit_descriptors,rdkit_fr_Al_OH,rdkit_fr_Al_OH_noTert,0.9996506894539373,0.9996506894539373
34,XGBoost,provided_plus_rdkit_descriptors,rdkit_NumValenceElectrons,rdkit_Chi0,0.9996408310075275,0.9996408310075275
35,XGBoost,provided_plus_rdkit_descriptors,rdkit_ExactMolWt,rdkit_HeavyAtomCount,0.9996127261098267,0.9996127261098267
36,XGBoost,provided_plus_rdkit_descriptors,rdkit_Chi0n,rdkit_MolMR,0.9996116534111221,0.9996116534111221
37,XGBoost,provided_plus_rdkit_descriptors,rdkit_MolWt,rdkit_HeavyAtomCount,0.999603041345534,0.999603041345534
38,XGBoost,provided_plus_rdkit_descriptors,Molecular weight (Da),rdkit_HeavyAtomCount,0.9996030279377051,0.9996030279377051
39,XGBoost,provided_plus_rdkit_descriptors,rdkit_ExactMolWt,rdkit_NumValenceElectrons,0.999490453275897,0.999490453275897
40,XGBoost,provided_plus_rdkit_descriptors,rdkit_MolWt,rdkit_NumValenceElectrons,0.9994810807400077,0.9994810807400077
41,XGBoost,provided_plus_rdkit_descriptors,Molecular weight (Da),rdkit_NumValenceElectrons,0.9994810737529081,0.9994810737529081
42,XGBoost,provided_plus_rdkit_descriptors,rdkit_SMR_VSA1,rdkit_NOCount,0.9994802450779516,0.9994802450779516
43,XGBoost,provided_plus_rdkit_descriptors,rdkit_Chi0v,rdkit_Chi1v,0.9994474112396179,0.9994474112396179
44,XGBoost,provided_plus_rdkit_descriptors,rdkit_ExactMolWt,rdkit_Chi1,0.9994451210240285,0.9994451210240285
45,XGBoost,provided_plus_rdkit_descriptors,Molecular weight (Da),rdkit_Chi1,0.9994350938175907,0.9994350938175907
46,XGBoost,provided_plus_rdkit_descriptors,rdkit_MolWt,rdkit_Chi1,0.9994350791359058,0.9994350791359058
47,XGBoost,provided_plus_rdkit_descriptors,rdkit_ExactMolWt,rdkit_LabuteASA,0.9993912744215177,0.9993912744215177
48,XGBoost,provided_plus_rdkit_descriptors,rdkit_MolWt,rdkit_LabuteASA,0.9993894971692513,0.9993894971692513
49,XGBoost,provided_plus_rdkit_descriptors,Molecular weight (Da),rdkit_LabuteASA,0.9993893661619419,0.9993893661619419
50,XGBoost,provided_plus_rdkit_descriptors,rdkit_HeavyAtomMolWt,rdkit_HeavyAtomCount,0.9993680002230518,0.9993680002230518
51,XGBoost,provided_plus_rdkit_descriptors,rdkit_ExactMolWt,rdkit_Chi0,0.9993350874886385,0.9993350874886385
52,XGBoost,provided_plus_rdkit_descriptors,Molecular weight (Da),rdkit_Chi0,0.999323966630838,0.999323966630838
53,XGBoost,provided_plus_rdkit_descriptors,rdkit_MolWt,rdkit_Chi0,0.9993239632934559,0.9993239632934559
54,XGBoost,provided_plus_rdkit_descriptors,rdkit_SlogP_VSA2,rdkit_NumHAcceptors,0.9993086153958131,0.9993086153958131
55,XGBoost,provided_plus_rdkit_descriptors,rdkit_Chi1n,rdkit_MolMR,0.9992351355869514,0.9992351355869514
56,XGBoost,provided_plus_rdkit_descriptors,rdkit_HeavyAtomMolWt,rdkit_Chi1,0.9992346970428179,0.9992346970428179
57,XGBoost,provided_plus_rdkit_descriptors,rdkit_HeavyAtomMolWt,rdkit_NumValenceElectrons,0.9992201301403372,0.9992201301403372
58,XGBoost,provided_plus_rdkit_descriptors,rdkit_LabuteASA,rdkit_HeavyAtomCount,0.9992102577818964,0.9992102577818964
59,XGBoost,provided_plus_rdkit_descriptors,rdkit_HeavyAtomMolWt,rdkit_LabuteASA,0.9991837720627214,0.9991837720627214
60,XGBoost,provided_plus_rdkit_descriptors,rdkit_Chi0v,rdkit_LabuteASA,0.999165892869268,0.999165892869268
61,XGBoost,provided_plus_rdkit_descriptors,rdkit_Chi2n,rdkit_Chi3n,0.9991493677161384,0.9991493677161384
62,XGBoost,provided_plus_rdkit_descriptors,rdkit_HeavyAtomMolWt,rdkit_Chi0,0.9990918808796202,0.9990918808796202
63,XGBoost,provided_plus_rdkit_descriptors,rdkit_Chi1,rdkit_LabuteASA,0.9990364606617333,0.9990364606617333
64,XGBoost,provided_plus_rdkit_descriptors,rdkit_Chi0,rdkit_LabuteASA,0.9989210687536888,0.9989210687536888
65,XGBoost,provided_plus_rdkit_descriptors,rdkit_NumAliphaticRings,rdkit_NumSaturatedRings,0.9988861594793783,0.9988861594793783
66,XGBoost,provided_plus_rdkit_descriptors,rdkit_NumSaturatedRings,rdkit_RingCount,0.9988861594793783,0.9988861594793783
67,XGBoost,provided_plus_rdkit_descriptors,rdkit_NumValenceElectrons,rdkit_LabuteASA,0.9987447202502645,0.9987447202502645
68,XGBoost,provided_plus_rdkit_descriptors,rdkit_Chi0n,rdkit_LabuteASA,0.9987223420975725,0.9987223420975725
69,XGBoost,provided_plus_rdkit_descriptors,rdkit_Chi0n,rdkit_HeavyAtomCount,0.9987083075098871,0.9987083075098871
70,XGBoost,provided_plus_rdkit_descriptors,rdkit_NOCount,rdkit_NumHeteroatoms,0.9986350104582846,0.9986350104582846
71,XGBoost,provided_plus_rdkit_descriptors,rdkit_Chi0v,rdkit_MolMR,0.9985596222037173,0.9985596222037173
72,XGBoost,provided_plus_rdkit_descriptors,rdkit_Chi0n,rdkit_Chi0v,0.9985586507154124,0.9985586507154124
73,XGBoost,provided_plus_rdkit_descriptors,rdkit_Chi2v,rdkit_Chi3v,0.9985405634326877,0.9985405634326877
74,XGBoost,provided_plus_rdkit_descriptors,rdkit_TPSA,rdkit_NOCount,0.9984944660633416,0.9984944660633416
75,XGBoost,provided_plus_rdkit_descriptors,rdkit_SMR_VSA1,rdkit_NumHAcceptors,0.9984813536660643,0.9984813536660643
76,XGBoost,provided_plus_rdkit_descriptors,rdkit_NOCount,rdkit_NumHAcceptors,0.9984716890418436,0.9984716890418436
77,XGBoost,provided_plus_rdkit_descriptors,rdkit_Chi0,rdkit_Chi0n,0.9984670799789895,0.9984670799789895
78,XGBoost,provided_plus_rdkit_descriptors,rdkit_SMR_VSA1,rdkit_TPSA,0.9984348800235252,0.9984348800235252
79,XGBoost,provided_plus_rdkit_descriptors,rdkit_Chi1v,rdkit_LabuteASA,0.998405794516823,0.998405794516823
80,XGBoost,provided_plus_rdkit_descriptors,rdkit_Chi0n,rdkit_Chi1,0.9984057504338473,0.9984057504338473
81,XGBoost,provided_plus_rdkit_descriptors,rdkit_NumValenceElectrons,rdkit_Chi0n,0.9983995667279045,0.9983995667279045
82,XGBoost,provided_plus_rdkit_descriptors,rdkit_ExactMolWt,rdkit_Kappa1,0.998331347976237,0.998331347976237
83,XGBoost,provided_plus_rdkit_descriptors,rdkit_MolWt,rdkit_Kappa1,0.9983233199043275,0.9983233199043275
84,XGBoost,provided_plus_rdkit_descriptors,Molecular weight (Da),rdkit_Kappa1,0.9983232399444777,0.9983232399444777
85,XGBoost,provided_plus_rdkit_descriptors,rdkit_LabuteASA,rdkit_MolMR,0.998313426893212,0.998313426893212
86,XGBoost,provided_plus_rdkit_descriptors,rdkit_NumValenceElectrons,rdkit_Kappa1,0.9982971944378144,0.9982971944378144
87,XGBoost,provided_plus_rdkit_descriptors,rdkit_Chi3n,rdkit_Chi4n,0.9982970718254657,0.9982970718254657
88,XGBoost,provided_plus_rdkit_descriptors,rdkit_Chi3v,rdkit_Chi4v,0.9982566232425121,0.9982566232425121
89,XGBoost,provided_plus_rdkit_descriptors,rdkit_Chi0,rdkit_Kappa1,0.998238495809694,0.998238495809694
90,XGBoost,provided_plus_rdkit_descriptors,rdkit_EState_VSA1,rdkit_NumHAcceptors,0.9982154155290041,0.9982154155290041
91,XGBoost,provided_plus_rdkit_descriptors,rdkit_HeavyAtomMolWt,rdkit_Kappa1,0.998164377807714,0.998164377807714
92,XGBoost,provided_plus_rdkit_descriptors,rdkit_Kappa1,rdkit_HeavyAtomCount,0.9981519118772824,0.9981519118772824
93,XGBoost,provided_plus_rdkit_descriptors,rdkit_Chi0n,rdkit_Chi1v,0.9980908534501701,0.9980908534501701
94,XGBoost,provided_plus_rdkit_descriptors,rdkit_Chi1n,rdkit_HeavyAtomCount,0.9980772883438913,0.9980772883438913
95,XGBoost,provided_plus_rdkit_descriptors,rdkit_Chi1v,rdkit_MolMR,0.9980435862198448,0.9980435862198448
96,XGBoost,provided_plus_rdkit_descriptors,rdkit_Chi1,rdkit_Chi1n,0.9980008070268341,0.9980008070268341
97,XGBoost,provided_plus_rdkit_descriptors,rdkit_Chi1n,rdkit_Chi2n,0.9979682565385349,0.9979682565385349
98,XGBoost,provided_plus_rdkit_descriptors,rdkit_Chi1n,rdkit_Chi1v,0.9979627065330611,0.9979627065330611
99,XGBoost,provided_plus_rdkit_descriptors,rdkit_Chi1n,rdkit_LabuteASA,0.9979580745580784,0.9979580745580784
100,XGBoost,provided_plus_rdkit_descriptors,rdkit_VSA_EState3,rdkit_fr_Al_OH,0.9979449411624748,0.9979449411624748
101,XGBoost,provided_plus_rdkit_descriptors,rdkit_HeavyAtomCount,rdkit_MolMR,0.9978874202543996,0.9978874202543996
102,XGBoost,provided_plus_rdkit_descriptors,rdkit_SlogP_VSA2,rdkit_EState_VSA1,0.9978535640278966,0.9978535640278966
103,XGBoost,provided_plus_rdkit_descriptors,rdkit_Chi0v,rdkit_Chi1n,0.9978150996850682,0.9978150996850682
104,XGBoost,provided_plus_rdkit_descriptors,rdkit_SlogP_VSA2,rdkit_NOCount,0.99778251652139,0.99778251652139
105,XGBoost,provided_plus_rdkit_descriptors,rdkit_NumValenceElectrons,rdkit_Chi1n,0.9977620317384444,0.9977620317384444
106,XGBoost,provided_plus_rdkit_descriptors,rdkit_ExactMolWt,rdkit_Chi0n,0.9977565099321436,0.9977565099321436
107,XGBoost,provided_plus_rdkit_descriptors,rdkit_MolWt,rdkit_Chi0n,0.9977469995943951,0.9977469995943951
108,XGBoost,provided_plus_rdkit_descriptors,Molecular weight (Da),rdkit_Chi0n,0.9977467257863519,0.9977467257863519
109,XGBoost,provided_plus_rdkit_descriptors,rdkit_Kappa1,rdkit_LabuteASA,0.9977255431336929,0.9977255431336929
110,XGBoost,provided_plus_rdkit_descriptors,rdkit_Chi1v,rdkit_Chi2v,0.9976959151467611,0.9976959151467611
111,XGBoost,provided_plus_rdkit_descriptors,rdkit_SMR_VSA1,rdkit_SlogP_VSA2,0.9976872601380781,0.9976872601380781
112,XGBoost,provided_plus_rdkit_descriptors,rdkit_Chi0,rdkit_MolMR,0.9976816927682656,0.9976816927682656
113,XGBoost,provided_plus_rdkit_descriptors,rdkit_Chi0,rdkit_Chi1n,0.9976708414796063,0.9976708414796063
114,XGBoost,provided_plus_rdkit_descriptors,rdkit_NumValenceElectrons,rdkit_MolMR,0.9976010879838014,0.9976010879838014
115,XGBoost,provided_plus_rdkit_descriptors,rdkit_VSA_EState3,rdkit_fr_Al_OH_noTert,0.9975200395215698,0.9975200395215698
116,XGBoost,provided_plus_rdkit_descriptors,rdkit_Chi1,rdkit_Kappa1,0.9974800633740516,0.9974800633740516
117,XGBoost,provided_plus_rdkit_descriptors,rdkit_Chi1,rdkit_MolMR,0.9974686398285424,0.9974686398285424
118,XGBoost,provided_plus_rdkit_descriptors,rdkit_SMR_VSA1,rdkit_NumHeteroatoms,0.9974602529086148,0.9974602529086148
119,XGBoost,provided_plus_rdkit_descriptors,rdkit_MolWt,rdkit_Chi0v,0.9974366918475942,0.9974366918475942
120,XGBoost,provided_plus_rdkit_descriptors,Molecular weight (Da),rdkit_Chi0v,0.997436383936432,0.997436383936432
121,XGBoost,provided_plus_rdkit_descriptors,rdkit_ExactMolWt,rdkit_Chi0v,0.9974357453316789,0.9974357453316789
122,XGBoost,provided_plus_rdkit_descriptors,rdkit_VSA_EState3,rdkit_NumHDonors,0.9973003748533591,0.9973003748533591
123,XGBoost,provided_plus_rdkit_descriptors,rdkit_MolWt,rdkit_MolMR,0.9972533151354558,0.9972533151354558
124,XGBoost,provided_plus_rdkit_descriptors,Molecular weight (Da),rdkit_MolMR,0.9972529106263105,0.9972529106263105
125,XGBoost,provided_plus_rdkit_descriptors,rdkit_ExactMolWt,rdkit_MolMR,0.9972513282780235,0.9972513282780235
126,XGBoost,provided_plus_rdkit_descriptors,rdkit_Chi0v,rdkit_HeavyAtomCount,0.9972368534376564,0.9972368534376564
127,XGBoost,provided_plus_rdkit_descriptors,rdkit_SMR_VSA1,rdkit_EState_VSA1,0.997141578083026,0.997141578083026
128,XGBoost,provided_plus_rdkit_descriptors,rdkit_SlogP_VSA2,rdkit_NumHeteroatoms,0.9971041217871254,0.9971041217871254
129,XGBoost,provided_plus_rdkit_descriptors,rdkit_Chi2n,rdkit_MolMR,0.9970950764237485,0.9970950764237485
130,XGBoost,provided_plus_rdkit_descriptors,rdkit_HeavyAtomMolWt,rdkit_Chi0n,0.9970892212763567,0.9970892212763567
131,XGBoost,provided_plus_rdkit_descriptors,rdkit_Chi0n,rdkit_Chi2n,0.9970433298877321,0.9970433298877321
132,XGBoost,provided_plus_rdkit_descriptors,rdkit_HeavyAtomMolWt,rdkit_Chi0v,0.9970257953280328,0.9970257953280328
133,XGBoost,provided_plus_rdkit_descriptors,rdkit_EState_VSA1,rdkit_NOCount,0.9970155100759782,0.9970155100759782
134,XGBoost,provided_plus_rdkit_descriptors,rdkit_Chi0,rdkit_Chi0v,0.9969619704651008,0.9969619704651008
135,XGBoost,provided_plus_rdkit_descriptors,rdkit_ExactMolWt,rdkit_Chi1n,0.9969010243552984,0.9969010243552984
136,XGBoost,provided_plus_rdkit_descriptors,rdkit_Chi0v,rdkit_Chi1,0.9968968430151948,0.9968968430151948
137,XGBoost,provided_plus_rdkit_descriptors,rdkit_MolWt,rdkit_Chi1n,0.9968926309938172,0.9968926309938172
138,XGBoost,provided_plus_rdkit_descriptors,Molecular weight (Da),rdkit_Chi1n,0.9968923481748535,0.9968923481748535
139,XGBoost,provided_plus_rdkit_descriptors,rdkit_NumHDonors,rdkit_fr_Al_OH,0.9968835539977705,0.9968835539977705
140,XGBoost,provided_plus_rdkit_descriptors,rdkit_NumHAcceptors,rdkit_NumHeteroatoms,0.9968370513637878,0.9968370513637878
141,XGBoost,provided_plus_rdkit_descriptors,rdkit_MolWt,rdkit_Chi1v,0.9968219617843902,0.9968219617843902
142,XGBoost,provided_plus_rdkit_descriptors,Molecular weight (Da),rdkit_Chi1v,0.9968216953071497,0.9968216953071497
143,XGBoost,provided_plus_rdkit_descriptors,rdkit_ExactMolWt,rdkit_Chi1v,0.9968208290770671,0.9968208290770671
144,XGBoost,provided_plus_rdkit_descriptors,rdkit_Chi0v,rdkit_Chi2v,0.9967494940514866,0.9967494940514866
145,XGBoost,provided_plus_rdkit_descriptors,rdkit_NumHDonors,rdkit_fr_Al_OH_noTert,0.9966499960745085,0.9966499960745085
146,XGBoost,provided_plus_rdkit_descriptors,rdkit_Chi1v,rdkit_HeavyAtomCount,0.996624136111054,0.996624136111054
147,XGBoost,provided_plus_rdkit_descriptors,rdkit_HeavyAtomMolWt,rdkit_MolMR,0.9965447932262471,0.9965447932262471
148,XGBoost,provided_plus_rdkit_descriptors,rdkit_Chi1,rdkit_Chi1v,0.9964887006990862,0.9964887006990862
149,XGBoost,provided_plus_rdkit_descriptors,rdkit_NumValenceElectrons,rdkit_Chi0v,0.9964824648102273,0.9964824648102273
150,XGBoost,provided_plus_rdkit_descriptors,rdkit_Chi2n,rdkit_Chi2v,0.996399165032247,0.996399165032247
151,XGBoost,provided_plus_rdkit_descriptors,rdkit_HeavyAtomMolWt,rdkit_Chi1v,0.9963872867325407,0.9963872867325407
152,XGBoost,provided_plus_rdkit_descriptors,rdkit_Chi0n,rdkit_Kappa1,0.9963599814725966,0.9963599814725966
153,XGBoost,provided_plus_rdkit_descriptors,rdkit_Chi0,rdkit_Chi1v,0.9962697824920324,0.9962697824920324
154,XGBoost,provided_plus_rdkit_descriptors,rdkit_Kappa2,rdkit_Phi,0.9961627738011175,0.9961627738011175
155,XGBoost,provided_plus_rdkit_descriptors,rdkit_VSA_EState3,rdkit_NumHAcceptors,0.9961579432250627,0.9961579432250627
156,XGBoost,provided_plus_rdkit_descriptors,rdkit_HeavyAtomMolWt,rdkit_Chi1n,0.9961513927302693,0.9961513927302693
157,XGBoost,provided_plus_rdkit_descriptors,rdkit_TPSA,rdkit_NumHAcceptors,0.9960675284762054,0.9960675284762054
158,XGBoost,provided_plus_rdkit_descriptors,rdkit_Kappa1,rdkit_MolMR,0.9960601367407254,0.9960601367407254
159,XGBoost,provided_plus_rdkit_descriptors,rdkit_PEOE_VSA1,rdkit_PEOE_VSA10,0.9960502232308481,0.9960502232308481
160,XGBoost,provided_plus_rdkit_descriptors,rdkit_TPSA,rdkit_NumHeteroatoms,0.9959731694128057,0.9959731694128057
161,XGBoost,provided_plus_rdkit_descriptors,rdkit_TPSA,rdkit_NHOHCount,0.9958770053581469,0.9958770053581469
162,XGBoost,provided_plus_rdkit_descriptors,rdkit_SlogP_VSA2,rdkit_VSA_EState3,0.9958661836457423,0.9958661836457423
163,XGBoost,provided_plus_rdkit_descriptors,rdkit_NumValenceElectrons,rdkit_Chi1v,0.9958481564645348,0.9958481564645348
164,XGBoost,provided_plus_rdkit_descriptors,rdkit_Chi1v,rdkit_Chi2n,0.9958423742101065,0.9958423742101065
165,XGBoost,provided_plus_rdkit_descriptors,rdkit_Chi2v,rdkit_Chi3n,0.9957188262930644,0.9957188262930644
166,XGBoost,provided_plus_rdkit_descriptors,rdkit_Chi0v,rdkit_Kappa1,0.9956316658057233,0.9956316658057233
167,XGBoost,provided_plus_rdkit_descriptors,rdkit_NHOHCount,rdkit_NumHDonors,0.9956212111690348,0.9956212111690348
168,XGBoost,provided_plus_rdkit_descriptors,rdkit_EState_VSA1,rdkit_NumHeteroatoms,0.9954964929650263,0.9954964929650263
169,XGBoost,provided_plus_rdkit_descriptors,rdkit_SlogP_VSA2,rdkit_TPSA,0.9954960544478922,0.9954960544478922
170,XGBoost,provided_plus_rdkit_descriptors,rdkit_Chi2n,rdkit_Chi4n,0.9954705191610624,0.9954705191610624
171,XGBoost,provided_plus_rdkit_descriptors,rdkit_EState_VSA1,rdkit_VSA_EState3,0.9954654823969392,0.9954654823969392
172,XGBoost,provided_plus_rdkit_descriptors,rdkit_Kappa1,rdkit_Kappa2,0.995341211493831,0.995341211493831
173,XGBoost,provided_plus_rdkit_descriptors,rdkit_Chi0v,rdkit_Chi2n,0.9950865925592415,0.9950865925592415
174,XGBoost,provided_plus_rdkit_descriptors,rdkit_SMR_VSA1,rdkit_VSA_EState3,0.9950379235570798,0.9950379235570798
175,XGBoost,provided_plus_rdkit_descriptors,rdkit_TPSA,rdkit_NumHDonors,0.9949292412701972,0.9949292412701972
176,XGBoost,provided_plus_rdkit_descriptors,rdkit_PEOE_VSA1,rdkit_SMR_VSA1,0.9948929364817432,0.9948929364817432
177,XGBoost,provided_plus_rdkit_descriptors,rdkit_Chi1n,rdkit_Chi3n,0.9948792985529948,0.9948792985529948
178,XGBoost,provided_plus_rdkit_descriptors,rdkit_Chi2v,rdkit_Chi4v,0.9947310512899937,0.9947310512899937
179,XGBoost,provided_plus_rdkit_descriptors,rdkit_Chi3n,rdkit_Chi3v,0.9946196161300136,0.9946196161300136
180,XGBoost,provided_plus_rdkit_descriptors,rdkit_Chi2v,rdkit_MolMR,0.9946058595839267,0.9946058595839267
181,XGBoost,provided_plus_rdkit_descriptors,rdkit_PEOE_VSA1,rdkit_VSA_EState3,0.9945852775968163,0.9945852775968163
182,XGBoost,provided_plus_rdkit_descriptors,rdkit_Chi1n,rdkit_Chi2v,0.9945658699392155,0.9945658699392155
183,XGBoost,provided_plus_rdkit_descriptors,rdkit_Chi1n,rdkit_Kappa1,0.9944047740230721,0.9944047740230721
184,XGBoost,provided_plus_rdkit_descriptors,rdkit_Chi0n,rdkit_Chi2v,0.9943236274491786,0.9943236274491786
185,XGBoost,provided_plus_rdkit_descriptors,rdkit_NumHeterocycles,rdkit_NumSaturatedRings,0.9942438982945938,0.9942438982945938
186,XGBoost,provided_plus_rdkit_descriptors,rdkit_NumAliphaticHeterocycles,rdkit_NumSaturatedRings,0.9942438982945938,0.9942438982945938
187,XGBoost,provided_plus_rdkit_descriptors,rdkit_NumSaturatedHeterocycles,rdkit_NumSaturatedRings,0.9942438982945938,0.9942438982945938
188,XGBoost,provided_plus_rdkit_descriptors,rdkit_TPSA,rdkit_VSA_EState3,0.9941927579953862,0.9941927579953862
189,XGBoost,provided_plus_rdkit_descriptors,rdkit_TPSA,rdkit_EState_VSA1,0.9940670795179359,0.9940670795179359
190,XGBoost,provided_plus_rdkit_descriptors,rdkit_Chi4n,rdkit_Chi4v,0.9939810347560136,0.9939810347560136
191,XGBoost,provided_plus_rdkit_descriptors,rdkit_PEOE_VSA1,rdkit_TPSA,0.993774877730952,0.993774877730952
192,XGBoost,provided_plus_rdkit_descriptors,rdkit_PEOE_VSA1,rdkit_NumHAcceptors,0.9936217532628572,0.9936217532628572
193,XGBoost,provided_plus_rdkit_descriptors,rdkit_VSA_EState3,rdkit_NOCount,0.9936157947105279,0.9936157947105279
194,XGBoost,provided_plus_rdkit_descriptors,rdkit_Chi1v,rdkit_Kappa1,0.993610832982761,0.993610832982761
195,XGBoost,provided_plus_rdkit_descriptors,rdkit_PEOE_VSA6,rdkit_fr_bicyclic,0.9935203948239331,0.9935203948239331
196,XGBoost,provided_plus_rdkit_descriptors,rdkit_PEOE_VSA6,rdkit_EState_VSA6,0.9935203948239323,0.9935203948239323
197,XGBoost,provided_plus_rdkit_descriptors,rdkit_PEOE_VSA6,rdkit_SlogP_VSA4,0.9935203948239317,0.9935203948239317
198,XGBoost,provided_plus_rdkit_descriptors,rdkit_PEOE_VSA6,rdkit_fr_allylic_oxid,0.9935203948239315,0.9935203948239315
199,XGBoost,provided_plus_rdkit_descriptors,rdkit_Chi3n,rdkit_MolMR,0.9935200387989932,0.9935200387989932
200,XGBoost,provided_plus_rdkit_descriptors,rdkit_PEOE_VSA1,rdkit_EState_VSA1,0.9934663071231142,0.9934663071231142
201,XGBoost,provided_plus_rdkit_descriptors,rdkit_Chi2n,rdkit_Chi3v,0.993409810731897,0.993409810731897
202,XGBoost,provided_plus_rdkit_descriptors,rdkit_Chi1v,rdkit_Chi3v,0.9933959745142196,0.9933959745142196
203,XGBoost,provided_plus_rdkit_descriptors,rdkit_Chi0n,rdkit_Chi3n,0.9933846978779323,0.9933846978779323
204,XGBoost,provided_plus_rdkit_descriptors,rdkit_PEOE_VSA1,rdkit_NOCount,0.9932757433544394,0.9932757433544394
205,XGBoost,provided_plus_rdkit_descriptors,rdkit_PEOE_VSA10,rdkit_NumHAcceptors,0.9932527340026085,0.9932527340026085
206,XGBoost,provided_plus_rdkit_descriptors,rdkit_Chi2v,rdkit_LabuteASA,0.9932244371831794,0.9932244371831794
207,XGBoost,provided_plus_rdkit_descriptors,rdkit_SMR_VSA1,rdkit_NumHDonors,0.9932130925451498,0.9932130925451498
208,XGBoost,provided_plus_rdkit_descriptors,rdkit_Chi2n,rdkit_LabuteASA,0.9931993860229386,0.9931993860229386
209,XGBoost,provided_plus_rdkit_descriptors,rdkit_VSA_EState3,rdkit_NHOHCount,0.9931338182176503,0.9931338182176503
210,XGBoost,provided_plus_rdkit_descriptors,rdkit_NumHAcceptors,rdkit_NumHDonors,0.9930971757798531,0.9930971757798531
211,XGBoost,provided_plus_rdkit_descriptors,rdkit_Chi3v,rdkit_Chi4n,0.9930789206706877,0.9930789206706877
212,XGBoost,provided_plus_rdkit_descriptors,rdkit_HeavyAtomMolWt,rdkit_EState_VSA1,0.9929362875285562,0.9929362875285562
213,XGBoost,provided_plus_rdkit_descriptors,rdkit_Chi1v,rdkit_Chi3n,0.9928271585754392,0.9928271585754392
214,XGBoost,provided_plus_rdkit_descriptors,rdkit_PEOE_VSA10,rdkit_EState_VSA1,0.9927558154266947,0.9927558154266947
215,XGBoost,provided_plus_rdkit_descriptors,rdkit_PEOE_VSA10,rdkit_VSA_EState3,0.9927174573239564,0.9927174573239564
216,XGBoost,provided_plus_rdkit_descriptors,rdkit_Chi1,rdkit_EState_VSA1,0.9926659807172579,0.9926659807172579
217,XGBoost,provided_plus_rdkit_descriptors,rdkit_PEOE_VSA1,rdkit_NumHDonors,0.9926353651910016,0.9926353651910016
218,XGBoost,provided_plus_rdkit_descriptors,rdkit_Chi2n,rdkit_HeavyAtomCount,0.992622913857038,0.992622913857038
219,XGBoost,provided_plus_rdkit_descriptors,rdkit_NumValenceElectrons,rdkit_EState_VSA1,0.9925553514149977,0.9925553514149977
220,XGBoost,provided_plus_rdkit_descriptors,rdkit_BertzCT,rdkit_Chi0n,0.9925274795657165,0.9925274795657165
221,XGBoost,provided_plus_rdkit_descriptors,rdkit_BertzCT,rdkit_Chi0,0.9924892262471879,0.9924892262471879
222,XGBoost,provided_plus_rdkit_descriptors,rdkit_SlogP_VSA2,rdkit_NumHDonors,0.9924769933648517,0.9924769933648517
223,XGBoost,provided_plus_rdkit_descriptors,rdkit_NOCount,rdkit_NumHDonors,0.9923973538439752,0.9923973538439752
224,XGBoost,provided_plus_rdkit_descriptors,rdkit_ExactMolWt,rdkit_EState_VSA1,0.9923926553917171,0.9923926553917171
225,XGBoost,provided_plus_rdkit_descriptors,Molecular weight (Da),rdkit_EState_VSA1,0.9923764004937161,0.9923764004937161
226,XGBoost,provided_plus_rdkit_descriptors,rdkit_MolWt,rdkit_EState_VSA1,0.992375784453372,0.992375784453372
227,XGBoost,provided_plus_rdkit_descriptors,rdkit_Chi0v,rdkit_Chi3v,0.9923546935735469,0.9923546935735469
228,XGBoost,provided_plus_rdkit_descriptors,rdkit_BertzCT,rdkit_HeavyAtomCount,0.9923381381323844,0.9923381381323844
229,XGBoost,provided_plus_rdkit_descriptors,rdkit_Chi1,rdkit_Chi2n,0.9922180292416564,0.9922180292416564
230,XGBoost,provided_plus_rdkit_descriptors,rdkit_Chi2v,rdkit_Chi4n,0.9922091270402154,0.9922091270402154
231,XGBoost,provided_plus_rdkit_descriptors,rdkit_NumValenceElectrons,rdkit_Chi2n,0.9921203650813197,0.9921203650813197
232,XGBoost,provided_plus_rdkit_descriptors,rdkit_Chi3n,rdkit_Chi4v,0.9921028522500258,0.9921028522500258
233,XGBoost,provided_plus_rdkit_descriptors,rdkit_NHOHCount,rdkit_fr_Al_OH,0.9920736944032602,0.9920736944032602
234,XGBoost,provided_plus_rdkit_descriptors,rdkit_SMR_VSA4,rdkit_EState_VSA6,0.9920704222316595,0.9920704222316595
235,XGBoost,provided_plus_rdkit_descriptors,rdkit_SMR_VSA4,rdkit_SlogP_VSA4,0.9920704222316591,0.9920704222316591
236,XGBoost,provided_plus_rdkit_descriptors,rdkit_SMR_VSA4,rdkit_fr_allylic_oxid,0.9920704222316589,0.9920704222316589
237,XGBoost,provided_plus_rdkit_descriptors,rdkit_SMR_VSA4,rdkit_fr_bicyclic,0.9920704222316588,0.9920704222316588
238,XGBoost,provided_plus_rdkit_descriptors,rdkit_BertzCT,rdkit_LabuteASA,0.9920667271808576,0.9920667271808576
239,XGBoost,provided_plus_rdkit_descriptors,rdkit_PEOE_VSA10,rdkit_SMR_VSA1,0.9920663837700096,0.9920663837700096
240,XGBoost,provided_plus_rdkit_descriptors,rdkit_EState_VSA1,rdkit_NumHDonors,0.9920633307208416,0.9920633307208416
241,XGBoost,provided_plus_rdkit_descriptors,rdkit_SlogP_VSA2,rdkit_fr_Al_OH,0.9920003417636974,0.9920003417636974
242,XGBoost,provided_plus_rdkit_descriptors,rdkit_SMR_VSA1,rdkit_NHOHCount,0.9919921968139829,0.9919921968139829
243,XGBoost,provided_plus_rdkit_descriptors,rdkit_EState_VSA1,rdkit_HeavyAtomCount,0.9919909809637458,0.9919909809637458
244,XGBoost,provided_plus_rdkit_descriptors,rdkit_NumHAcceptors,rdkit_fr_Al_OH,0.9919822281949429,0.9919822281949429
245,XGBoost,provided_plus_rdkit_descriptors,rdkit_Chi0,rdkit_Chi2n,0.9919357456869268,0.9919357456869268
246,XGBoost,provided_plus_rdkit_descriptors,rdkit_NHOHCount,rdkit_fr_Al_OH_noTert,0.9919163546068003,0.9919163546068003
247,XGBoost,provided_plus_rdkit_descriptors,rdkit_BertzCT,rdkit_Chi1,0.991906193416892,0.991906193416892
248,XGBoost,provided_plus_rdkit_descriptors,rdkit_Kappa3,rdkit_Phi,0.9918426088063226,0.9918426088063226
249,XGBoost,provided_plus_rdkit_descriptors,rdkit_ExactMolWt,rdkit_BertzCT,0.991837544884014,0.991837544884014
250,XGBoost,provided_plus_rdkit_descriptors,rdkit_PEOE_VSA1,rdkit_NHOHCount,0.9918326007258291,0.9918326007258291
251,XGBoost,provided_plus_rdkit_descriptors,Molecular weight (Da),rdkit_BertzCT,0.9918287373456803,0.9918287373456803
252,XGBoost,provided_plus_rdkit_descriptors,rdkit_MolWt,rdkit_BertzCT,0.9918287227672881,0.9918287227672881
253,XGBoost,provided_plus_rdkit_descriptors,rdkit_SlogP_VSA2,rdkit_fr_Al_OH_noTert,0.9917912653396688,0.9917912653396688
254,XGBoost,provided_plus_rdkit_descriptors,rdkit_NumValenceElectrons,rdkit_BertzCT,0.9917871480019886,0.9917871480019886
255,XGBoost,provided_plus_rdkit_descriptors,rdkit_NumHAcceptors,rdkit_fr_Al_OH_noTert,0.9917710702176278,0.9917710702176278
256,XGBoost,provided_plus_rdkit_descriptors,rdkit_HeavyAtomMolWt,rdkit_NumHeteroatoms,0.9917492945852466,0.9917492945852466
257,XGBoost,provided_plus_rdkit_descriptors,rdkit_Chi0,rdkit_EState_VSA1,0.9917099519004943,0.9917099519004943
258,XGBoost,provided_plus_rdkit_descriptors,rdkit_Chi2n,rdkit_SMR_VSA5,0.9916137058954767,0.9916137058954767
259,XGBoost,provided_plus_rdkit_descriptors,rdkit_BertzCT,rdkit_Chi0v,0.9916077343601228,0.9916077343601228
260,XGBoost,provided_plus_rdkit_descriptors,rdkit_Chi0v,rdkit_Chi3n,0.9916015260624451,0.9916015260624451
261,XGBoost,provided_plus_rdkit_descriptors,rdkit_HeavyAtomMolWt,rdkit_BertzCT,0.9915629858702231,0.9915629858702231
262,XGBoost,provided_plus_rdkit_descriptors,rdkit_BertzCT,rdkit_MolMR,0.9913739850020488,0.9913739850020488
263,XGBoost,provided_plus_rdkit_descriptors,rdkit_PEOE_VSA1,rdkit_SlogP_VSA2,0.9912779340395753,0.9912779340395753
264,XGBoost,provided_plus_rdkit_descriptors,rdkit_Chi0,rdkit_Kappa2,0.9911058636061573,0.9911058636061573
265,XGBoost,provided_plus_rdkit_descriptors,rdkit_BertzCT,rdkit_Chi1n,0.9910901952817205,0.9910901952817205
266,XGBoost,provided_plus_rdkit_descriptors,rdkit_PEOE_VSA1,rdkit_fr_Al_OH,0.9910415993118727,0.9910415993118727
267,XGBoost,provided_plus_rdkit_descriptors,rdkit_HeavyAtomMolWt,rdkit_SlogP_VSA2,0.9909529713515931,0.9909529713515931
268,XGBoost,provided_plus_rdkit_descriptors,rdkit_NHOHCount,rdkit_NOCount,0.9909517696223448,0.9909517696223448
269,XGBoost,provided_plus_rdkit_descriptors,rdkit_HeavyAtomMolWt,rdkit_NOCount,0.9909178393535389,0.9909178393535389
270,XGBoost,provided_plus_rdkit_descriptors,rdkit_ExactMolWt,rdkit_Chi2n,0.9908868691579064,0.9908868691579064
271,XGBoost,provided_plus_rdkit_descriptors,rdkit_MolWt,rdkit_Chi2n,0.9908817457480837,0.9908817457480837
272,XGBoost,provided_plus_rdkit_descriptors,Molecular weight (Da),rdkit_Chi2n,0.9908812291234232,0.9908812291234232
273,XGBoost,provided_plus_rdkit_descriptors,rdkit_PEOE_VSA10,rdkit_fr_Al_OH_noTert,0.9908349122365994,0.9908349122365994
274,XGBoost,provided_plus_rdkit_descriptors,rdkit_PEOE_VSA1,rdkit_fr_Al_OH_noTert,0.9907756794380334,0.9907756794380334
275,XGBoost,provided_plus_rdkit_descriptors,rdkit_PEOE_VSA10,rdkit_SlogP_VSA2,0.9907320475653569,0.9907320475653569
276,XGBoost,provided_plus_rdkit_descriptors,rdkit_HeavyAtomMolWt,rdkit_NumHAcceptors,0.9907053852568435,0.9907053852568435
277,XGBoost,provided_plus_rdkit_descriptors,rdkit_EState_VSA1,rdkit_fr_Al_OH,0.9906926330306759,0.9906926330306759
278,XGBoost,provided_plus_rdkit_descriptors,rdkit_ExactMolWt,rdkit_NumHeteroatoms,0.9906656353713927,0.9906656353713927
279,XGBoost,provided_plus_rdkit_descriptors,Molecular weight (Da),rdkit_NumHeteroatoms,0.9906518065177212,0.9906518065177212
280,XGBoost,provided_plus_rdkit_descriptors,rdkit_MolWt,rdkit_NumHeteroatoms,0.9906510996988437,0.9906510996988437
281,XGBoost,provided_plus_rdkit_descriptors,rdkit_Chi3n,rdkit_SMR_VSA5,0.9906123588173233,0.9906123588173233
282,XGBoost,provided_plus_rdkit_descriptors,rdkit_PEOE_VSA10,rdkit_NOCount,0.9905959615859911,0.9905959615859911
283,XGBoost,provided_plus_rdkit_descriptors,rdkit_NumValenceElectrons,rdkit_Kappa2,0.9905376430071355,0.9905376430071355
284,XGBoost,provided_plus_rdkit_descriptors,rdkit_BertzCT,rdkit_Chi1v,0.9905076665122589,0.9905076665122589
285,XGBoost,provided_plus_rdkit_descriptors,rdkit_ExactMolWt,rdkit_Kappa2,0.9904243999995892,0.9904243999995892
286,XGBoost,provided_plus_rdkit_descriptors,rdkit_MolWt,rdkit_Kappa2,0.9904128468512262,0.9904128468512262
287,XGBoost,provided_plus_rdkit_descriptors,Molecular weight (Da),rdkit_Kappa2,0.990412706830586,0.990412706830586
288,XGBoost,provided_plus_rdkit_descriptors,rdkit_HeavyAtomMolWt,rdkit_Kappa2,0.9903624512814382,0.9903624512814382
289,XGBoost,provided_plus_rdkit_descriptors,rdkit_Chi1,rdkit_NumAtomStereoCenters,0.9902975070691958,0.9902975070691958
290,XGBoost,provided_plus_rdkit_descriptors,rdkit_Chi1,rdkit_NumHAcceptors,0.9902411138540941,0.9902411138540941
291,XGBoost,provided_plus_rdkit_descriptors,rdkit_ExactMolWt,rdkit_SlogP_VSA2,0.9902088448474604,0.9902088448474604
292,XGBoost,provided_plus_rdkit_descriptors,rdkit_PEOE_VSA10,rdkit_fr_Al_OH,0.9901928525927132,0.9901928525927132
293,XGBoost,provided_plus_rdkit_descriptors,Molecular weight (Da),rdkit_SlogP_VSA2,0.9901853694816545,0.9901853694816545
294,XGBoost,provided_plus_rdkit_descriptors,rdkit_MolWt,rdkit_SlogP_VSA2,0.9901847320124079,0.9901847320124079
295,XGBoost,provided_plus_rdkit_descriptors,rdkit_Kappa2,rdkit_HeavyAtomCount,0.9901168903024334,0.9901168903024334
296,XGBoost,provided_plus_rdkit_descriptors,rdkit_ExactMolWt,rdkit_NOCount,0.990101834042009,0.990101834042009
297,XGBoost,provided_plus_rdkit_descriptors,Molecular weight (Da),rdkit_NOCount,0.990070462877111,0.990070462877111
298,XGBoost,provided_plus_rdkit_descriptors,rdkit_MolWt,rdkit_NOCount,0.9900697009696813,0.9900697009696813
299,XGBoost,provided_plus_rdkit_descriptors,rdkit_Kappa1,rdkit_NOCount,0.9900448534475434,0.9900448534475434
300,XGBoost,provided_plus_rdkit_descriptors,rdkit_Kappa1,rdkit_EState_VSA1,0.9900419111212756,0.9900419111212756
301,XGBoost,provided_plus_rdkit_descriptors,rdkit_SMR_VSA1,rdkit_fr_Al_OH,0.9900377927787025,0.9900377927787025
302,XGBoost,provided_plus_rdkit_descriptors,rdkit_EState_VSA1,rdkit_fr_Al_OH_noTert,0.9900294789027262,0.9900294789027262
303,XGBoost,provided_plus_rdkit_descriptors,rdkit_NumValenceElectrons,rdkit_NumHAcceptors,0.9900225758058697,0.9900225758058697
304,XGBoost,provided_plus_rdkit_descriptors,rdkit_ExactMolWt,rdkit_NumHAcceptors,0.9899881303800607,0.9899881303800607
305,XGBoost,provided_plus_rdkit_descriptors,rdkit_Kappa1,rdkit_NumHeteroatoms,0.9899647960978686,0.9899647960978686
306,XGBoost,provided_plus_rdkit_descriptors,Molecular weight (Da),rdkit_NumHAcceptors,0.9899591911144371,0.9899591911144371
307,XGBoost,provided_plus_rdkit_descriptors,rdkit_MolWt,rdkit_NumHAcceptors,0.9899584395232585,0.9899584395232585
308,XGBoost,provided_plus_rdkit_descriptors,rdkit_HeavyAtomMolWt,rdkit_SMR_VSA1,0.9899469799926327,0.9899469799926327
309,XGBoost,provided_plus_rdkit_descriptors,rdkit_NumValenceElectrons,rdkit_NOCount,0.9899291840917187,0.9899291840917187
310,XGBoost,provided_plus_rdkit_descriptors,rdkit_Chi1,rdkit_SlogP_VSA2,0.9899249620697899,0.9899249620697899
311,XGBoost,provided_plus_rdkit_descriptors,rdkit_NumValenceElectrons,rdkit_NumAtomStereoCenters,0.9899060989836835,0.9899060989836835
312,XGBoost,provided_plus_rdkit_descriptors,rdkit_Chi2v,rdkit_HeavyAtomCount,0.9898815116114155,0.9898815116114155
313,XGBoost,provided_plus_rdkit_descriptors,rdkit_SMR_VSA1,rdkit_fr_Al_OH_noTert,0.9898669669048916,0.9898669669048916
314,XGBoost,provided_plus_rdkit_descriptors,rdkit_NumAliphaticRings,rdkit_NumSaturatedHeterocycles,0.9898108377476342,0.9898108377476342
315,XGBoost,provided_plus_rdkit_descriptors,rdkit_NumAliphaticRings,rdkit_NumHeterocycles,0.9898108377476342,0.9898108377476342
316,XGBoost,provided_plus_rdkit_descriptors,rdkit_NumAliphaticHeterocycles,rdkit_RingCount,0.9898108377476341,0.9898108377476341
317,XGBoost,provided_plus_rdkit_descriptors,rdkit_NumSaturatedHeterocycles,rdkit_RingCount,0.9898108377476341,0.9898108377476341
318,XGBoost,provided_plus_rdkit_descriptors,rdkit_NumAliphaticHeterocycles,rdkit_NumAliphaticRings,0.9898108377476341,0.9898108377476341
319,XGBoost,provided_plus_rdkit_descriptors,rdkit_NumHeterocycles,rdkit_RingCount,0.9898108377476341,0.9898108377476341
320,XGBoost,provided_plus_rdkit_descriptors,rdkit_HeavyAtomCount,rdkit_NumAtomStereoCenters,0.9897705099962715,0.9897705099962715
321,XGBoost,provided_plus_rdkit_descriptors,rdkit_MolWt,rdkit_Chi2v,0.9897633823477563,0.9897633823477563
322,XGBoost,provided_plus_rdkit_descriptors,Molecular weight (Da),rdkit_Chi2v,0.989762884762453,0.989762884762453
323,XGBoost,provided_plus_rdkit_descriptors,rdkit_ExactMolWt,rdkit_Chi2v,0.9897614288927743,0.9897614288927743
324,XGBoost,provided_plus_rdkit_descriptors,rdkit_NumValenceElectrons,rdkit_SlogP_VSA2,0.9897475220797693,0.9897475220797693
325,XGBoost,provided_plus_rdkit_descriptors,rdkit_Chi1,rdkit_Kappa2,0.9897469646084113,0.9897469646084113
326,XGBoost,provided_plus_rdkit_descriptors,rdkit_BertzCT,rdkit_Kappa1,0.9896958543673607,0.9896958543673607
327,XGBoost,provided_plus_rdkit_descriptors,rdkit_PEOE_VSA12,rdkit_VSA_EState5,-0.9896857681940795,0.9896857681940795
328,XGBoost,provided_plus_rdkit_descriptors,rdkit_TPSA,rdkit_fr_Al_OH,0.9896837867372756,0.9896837867372756
329,XGBoost,provided_plus_rdkit_descriptors,rdkit_HeavyAtomMolWt,rdkit_Chi2n,0.9896788084236376,0.9896788084236376
330,XGBoost,provided_plus_rdkit_descriptors,rdkit_TPSA,rdkit_fr_Al_OH_noTert,0.9896527774747367,0.9896527774747367
331,XGBoost,provided_plus_rdkit_descriptors,rdkit_MaxAbsPartialCharge,rdkit_PEOE_VSA3,0.9896526802708405,0.9896526802708405
332,XGBoost,provided_plus_rdkit_descriptors,rdkit_Chi0,rdkit_NumHAcceptors,0.9895977103124902,0.9895977103124902
333,XGBoost,provided_plus_rdkit_descriptors,rdkit_Kappa1,rdkit_SlogP_VSA2,0.9895690924211377,0.9895690924211377
334,XGBoost,provided_plus_rdkit_descriptors,rdkit_HeavyAtomCount,rdkit_NumHAcceptors,0.9895645367344178,0.9895645367344178
335,XGBoost,provided_plus_rdkit_descriptors,rdkit_Chi1,rdkit_NOCount,0.9895568639972089,0.9895568639972089
336,XGBoost,provided_plus_rdkit_descriptors,rdkit_NumValenceElectrons,rdkit_SMR_VSA1,0.9894768041562079,0.9894768041562079
337,XGBoost,provided_plus_rdkit_descriptors,rdkit_Chi1n,rdkit_SMR_VSA5,0.9894515677488258,0.9894515677488258
338,XGBoost,provided_plus_rdkit_descriptors,rdkit_Chi1n,rdkit_Chi3v,0.9894383873089898,0.9894383873089898
339,XGBoost,provided_plus_rdkit_descriptors,rdkit_HeavyAtomCount,rdkit_NOCount,0.9894359079798425,0.9894359079798425
340,XGBoost,provided_plus_rdkit_descriptors,rdkit_Chi1,rdkit_Chi2v,0.98942739042591,0.98942739042591
341,XGBoost,provided_plus_rdkit_descriptors,rdkit_Kappa2,rdkit_LabuteASA,0.9894108787546321,0.9894108787546321
342,XGBoost,provided_plus_rdkit_descriptors,rdkit_VSA_EState3,rdkit_NumHeteroatoms,0.9894020945405954,0.9894020945405954
343,XGBoost,provided_plus_rdkit_descriptors,rdkit_Kappa1,rdkit_TPSA,0.989387315043732,0.989387315043732
344,XGBoost,provided_plus_rdkit_descriptors,rdkit_SlogP_VSA2,rdkit_HeavyAtomCount,0.9893478657195026,0.9893478657195026
345,XGBoost,provided_plus_rdkit_descriptors,rdkit_Chi4n,rdkit_SMR_VSA5,0.9893432530693346,0.9893432530693346
346,XGBoost,provided_plus_rdkit_descriptors,rdkit_Chi0,rdkit_NOCount,0.9893396724637533,0.9893396724637533
347,XGBoost,provided_plus_rdkit_descriptors,rdkit_SlogP_VSA2,rdkit_NHOHCount,0.9893052911558972,0.9893052911558972
348,XGBoost,provided_plus_rdkit_descriptors,rdkit_Chi0,rdkit_SlogP_VSA2,0.9892948065580744,0.9892948065580744
349,XGBoost,provided_plus_rdkit_descriptors,rdkit_PEOE_VSA10,rdkit_NumHDonors,0.9892743258557516,0.9892743258557516
350,XGBoost,provided_plus_rdkit_descriptors,rdkit_Chi0,rdkit_Chi2v,0.9892476410128123,0.9892476410128123
351,XGBoost,provided_plus_rdkit_descriptors,rdkit_ExactMolWt,rdkit_SMR_VSA1,0.989204332852318,0.989204332852318
352,XGBoost,provided_plus_rdkit_descriptors,Molecular weight (Da),rdkit_SMR_VSA1,0.9891715068810139,0.9891715068810139
353,XGBoost,provided_plus_rdkit_descriptors,rdkit_PEOE_VSA10,rdkit_TPSA,0.9891710356863335,0.9891710356863335
354,XGBoost,provided_plus_rdkit_descriptors,rdkit_MolWt,rdkit_SMR_VSA1,0.9891706901390241,0.9891706901390241
355,XGBoost,provided_plus_rdkit_descriptors,rdkit_Chi3v,rdkit_MolMR,0.9891470719947367,0.9891470719947367
356,XGBoost,provided_plus_rdkit_descriptors,rdkit_LabuteASA,rdkit_EState_VSA1,0.9891345971062411,0.9891345971062411
357,XGBoost,provided_plus_rdkit_descriptors,rdkit_ExactMolWt,rdkit_NumAtomStereoCenters,0.9890784177407745,0.9890784177407745
358,XGBoost,provided_plus_rdkit_descriptors,rdkit_MolWt,rdkit_NumAtomStereoCenters,0.9890714725185769,0.9890714725185769
359,XGBoost,provided_plus_rdkit_descriptors,Molecular weight (Da),rdkit_NumAtomStereoCenters,0.989071434330778,0.989071434330778
360,XGBoost,provided_plus_rdkit_descriptors,rdkit_Kappa1,rdkit_NumHAcceptors,0.9890044873406635,0.9890044873406635
361,XGBoost,provided_plus_rdkit_descriptors,rdkit_NHOHCount,rdkit_NumHAcceptors,0.9889748873813484,0.9889748873813484
362,XGBoost,provided_plus_rdkit_descriptors,rdkit_Chi1n,rdkit_NumAtomStereoCenters,0.9889682812088406,0.9889682812088406
363,XGBoost,provided_plus_rdkit_descriptors,rdkit_HeavyAtomMolWt,rdkit_Chi2v,0.9889459964516072,0.9889459964516072
364,XGBoost,provided_plus_rdkit_descriptors,rdkit_Kappa1,rdkit_SMR_VSA1,0.9889238404683575,0.9889238404683575
365,XGBoost,provided_plus_rdkit_descriptors,rdkit_Chi2n,rdkit_Chi4v,0.9889066292447749,0.9889066292447749
366,XGBoost,provided_plus_rdkit_descriptors,rdkit_NumValenceElectrons,rdkit_NumHeteroatoms,0.9888786910571632,0.9888786910571632
367,XGBoost,provided_plus_rdkit_descriptors,rdkit_Chi1,rdkit_SMR_VSA1,0.9888688858969481,0.9888688858969481
368,XGBoost,provided_plus_rdkit_descriptors,rdkit_PEOE_VSA6,rdkit_PEOE_VSA7,0.9888081313597826,0.9888081313597826
369,XGBoost,provided_plus_rdkit_descriptors,rdkit_HeavyAtomMolWt,rdkit_NumAtomStereoCenters,0.9887952214491359,0.9887952214491359
370,XGBoost,provided_plus_rdkit_descriptors,rdkit_Chi1,rdkit_NumHeteroatoms,0.9887562266309187,0.9887562266309187
371,XGBoost,provided_plus_rdkit_descriptors,rdkit_SMR_VSA1,rdkit_HeavyAtomCount,0.9887258327492037,0.9887258327492037
372,XGBoost,provided_plus_rdkit_descriptors,rdkit_Chi0n,rdkit_Chi3v,0.9886961191074657,0.9886961191074657
373,XGBoost,provided_plus_rdkit_descriptors,rdkit_HeavyAtomCount,rdkit_NumHeteroatoms,0.9886935636726419,0.9886935636726419
374,XGBoost,provided_plus_rdkit_descriptors,rdkit_Chi3n,rdkit_LabuteASA,0.9886733663912392,0.9886733663912392
375,XGBoost,provided_plus_rdkit_descriptors,rdkit_NumValenceElectrons,rdkit_Chi2v,0.9886470214214393,0.9886470214214393
376,XGBoost,provided_plus_rdkit_descriptors,rdkit_Chi0,rdkit_NumHeteroatoms,0.9885406052085677,0.9885406052085677
377,XGBoost,provided_plus_rdkit_descriptors,rdkit_Chi0,rdkit_SMR_VSA1,0.9885401878886234,0.9885401878886234
378,XGBoost,provided_plus_rdkit_descriptors,rdkit_BertzCT,rdkit_Chi2n,0.9885113398629705,0.9885113398629705
379,XGBoost,provided_plus_rdkit_descriptors,rdkit_Chi0,rdkit_NumAtomStereoCenters,0.9883567662429734,0.9883567662429734
380,XGBoost,provided_plus_rdkit_descriptors,rdkit_LabuteASA,rdkit_NumAtomStereoCenters,0.9882983366508866,0.9882983366508866
381,XGBoost,provided_plus_rdkit_descriptors,rdkit_NumHDonors,rdkit_NumHeteroatoms,0.988249599368257,0.988249599368257
382,XGBoost,provided_plus_rdkit_descriptors,rdkit_PEOE_VSA1,rdkit_NumHeteroatoms,0.9881288996950283,0.9881288996950283
383,XGBoost,provided_plus_rdkit_descriptors,rdkit_Chi1n,rdkit_Chi4n,0.9881258177001782,0.9881258177001782
384,XGBoost,provided_plus_rdkit_descriptors,rdkit_EState_VSA1,rdkit_NHOHCount,0.987957424415443,0.987957424415443
385,XGBoost,provided_plus_rdkit_descriptors,rdkit_NOCount,rdkit_fr_Al_OH,0.9877687321163944,0.9877687321163944
386,XGBoost,provided_plus_rdkit_descriptors,rdkit_Kappa2,rdkit_TPSA,0.9877061950361823,0.9877061950361823
387,XGBoost,provided_plus_rdkit_descriptors,rdkit_SMR_VSA5,rdkit_MolMR,0.987704620206755,0.987704620206755
388,XGBoost,provided_plus_rdkit_descriptors,rdkit_NOCount,rdkit_fr_Al_OH_noTert,0.9876381473884223,0.9876381473884223
389,XGBoost,provided_plus_rdkit_descriptors,rdkit_Chi2n,rdkit_Kappa1,0.987634416390462,0.987634416390462
390,XGBoost,provided_plus_rdkit_descriptors,rdkit_Chi0n,rdkit_NumAtomStereoCenters,0.9876225180719055,0.9876225180719055
391,XGBoost,provided_plus_rdkit_descriptors,rdkit_HeavyAtomMolWt,rdkit_TPSA,0.987566349253905,0.987566349253905
392,XGBoost,provided_plus_rdkit_descriptors,rdkit_NumValenceElectrons,rdkit_TPSA,0.987556038441247,0.987556038441247
393,XGBoost,provided_plus_rdkit_descriptors,rdkit_Chi3n,rdkit_HeavyAtomCount,0.9875388052782931,0.9875388052782931
394,XGBoost,provided_plus_rdkit_descriptors,rdkit_Chi3v,rdkit_LabuteASA,0.9874854541403782,0.9874854541403782
395,XGBoost,provided_plus_rdkit_descriptors,rdkit_EState_VSA1,rdkit_fr_ether,0.9874408034780916,0.9874408034780916
396,XGBoost,provided_plus_rdkit_descriptors,rdkit_LabuteASA,rdkit_SlogP_VSA2,0.9874199104068176,0.9874199104068176
397,XGBoost,provided_plus_rdkit_descriptors,rdkit_MaxPartialCharge,rdkit_MinAbsPartialCharge,0.98737660999735,0.98737660999735
398,XGBoost,provided_plus_rdkit_descriptors,rdkit_NumValenceElectrons,rdkit_VSA_EState3,0.9873075202857189,0.9873075202857189
399,XGBoost,provided_plus_rdkit_descriptors,rdkit_LabuteASA,rdkit_NumHeteroatoms,0.9872320247018196,0.9872320247018196
400,XGBoost,provided_plus_rdkit_descriptors,rdkit_SlogP_VSA3,rdkit_NumHeteroatoms,0.9872189157419092,0.9872189157419092
401,XGBoost,provided_plus_rdkit_descriptors,rdkit_Kappa2,rdkit_MolMR,0.9871833099366129,0.9871833099366129
402,XGBoost,provided_plus_rdkit_descriptors,rdkit_Chi1,rdkit_Chi3n,0.9870627859195085,0.9870627859195085
403,XGBoost,provided_plus_rdkit_descriptors,rdkit_Chi0n,rdkit_SMR_VSA5,0.9870618017007993,0.9870618017007993
404,XGBoost,provided_plus_rdkit_descriptors,rdkit_Chi0n,rdkit_Kappa2,0.98695681427068,0.98695681427068
405,XGBoost,provided_plus_rdkit_descriptors,rdkit_ExactMolWt,rdkit_TPSA,0.9869078074800425,0.9869078074800425
406,XGBoost,provided_plus_rdkit_descriptors,Molecular weight (Da),rdkit_TPSA,0.9868709223068285,0.9868709223068285
407,XGBoost,provided_plus_rdkit_descriptors,rdkit_MolWt,rdkit_TPSA,0.9868701666481398,0.9868701666481398
408,XGBoost,provided_plus_rdkit_descriptors,rdkit_NumValenceElectrons,rdkit_Chi3n,0.9868656122330872,0.9868656122330872
409,XGBoost,provided_plus_rdkit_descriptors,rdkit_BertzCT,rdkit_Chi2v,0.9868284478169422,0.9868284478169422
410,XGBoost,provided_plus_rdkit_descriptors,rdkit_NumAtomStereoCenters,rdkit_MolMR,0.9867923003846908,0.9867923003846908
411,XGBoost,provided_plus_rdkit_descriptors,rdkit_NHOHCount,rdkit_NumHeteroatoms,0.9867667501704349,0.9867667501704349
412,XGBoost,provided_plus_rdkit_descriptors,rdkit_LabuteASA,rdkit_NumHAcceptors,0.9867082681314868,0.9867082681314868
413,XGBoost,provided_plus_rdkit_descriptors,rdkit_Chi0,rdkit_TPSA,0.9866731620842268,0.9866731620842268
414,XGBoost,provided_plus_rdkit_descriptors,rdkit_Chi1,rdkit_VSA_EState3,0.986668384032066,0.986668384032066
415,XGBoost,provided_plus_rdkit_descriptors,rdkit_Kappa2,rdkit_Kappa3,0.9866682324289161,0.9866682324289161
416,XGBoost,provided_plus_rdkit_descriptors,rdkit_Kappa2,rdkit_SlogP_VSA2,0.9866665985614557,0.9866665985614557
417,XGBoost,provided_plus_rdkit_descriptors,rdkit_Kappa1,rdkit_Phi,0.9866303661802511,0.9866303661802511
418,XGBoost,provided_plus_rdkit_descriptors,rdkit_Chi0,rdkit_VSA_EState3,0.9865950725397024,0.9865950725397024
419,XGBoost,provided_plus_rdkit_descriptors,rdkit_TPSA,rdkit_HeavyAtomCount,0.9865603541620374,0.9865603541620374
420,XGBoost,provided_plus_rdkit_descriptors,rdkit_VSA_EState1,rdkit_fr_ether,0.9865203332195561,0.9865203332195561
421,XGBoost,provided_plus_rdkit_descriptors,rdkit_Chi0,rdkit_Chi3n,0.9864169365560194,0.9864169365560194
422,XGBoost,provided_plus_rdkit_descriptors,rdkit_Chi1v,rdkit_Chi4v,0.9863731701228106,0.9863731701228106
423,XGBoost,provided_plus_rdkit_descriptors,rdkit_Chi4n,rdkit_MolMR,0.9863490269267526,0.9863490269267526
424,XGBoost,provided_plus_rdkit_descriptors,rdkit_LabuteASA,rdkit_NOCount,0.9862960395430141,0.9862960395430141
425,XGBoost,provided_plus_rdkit_descriptors,rdkit_Kappa2,rdkit_NOCount,0.986274414421942,0.986274414421942
426,XGBoost,provided_plus_rdkit_descriptors,rdkit_Chi1v,rdkit_Chi4n,0.9862527546346164,0.9862527546346164
427,XGBoost,provided_plus_rdkit_descriptors,rdkit_NumValenceElectrons,rdkit_PEOE_VSA1,0.9861948475464271,0.9861948475464271
428,XGBoost,provided_plus_rdkit_descriptors,rdkit_Chi1,rdkit_TPSA,0.9861815135999698,0.9861815135999698
429,XGBoost,provided_plus_rdkit_descriptors,rdkit_Chi2v,rdkit_SMR_VSA5,0.9861389505356113,0.9861389505356113
430,XGBoost,provided_plus_rdkit_descriptors,rdkit_VSA_EState3,rdkit_HeavyAtomCount,0.9861120856806975,0.9861120856806975
431,XGBoost,provided_plus_rdkit_descriptors,rdkit_PEOE_VSA10,rdkit_NumHeteroatoms,0.986066413536238,0.986066413536238
432,XGBoost,provided_plus_rdkit_descriptors,rdkit_Chi0v,rdkit_Kappa2,0.9860548266683237,0.9860548266683237
433,XGBoost,provided_plus_rdkit_descriptors,rdkit_Kappa1,rdkit_VSA_EState3,0.9859574943967171,0.9859574943967171
434,XGBoost,provided_plus_rdkit_descriptors,rdkit_Chi1v,rdkit_NumAtomStereoCenters,0.985911486654132,0.985911486654132
435,XGBoost,provided_plus_rdkit_descriptors,rdkit_Chi2v,rdkit_Kappa1,0.9858886925942987,0.9858886925942987
436,XGBoost,provided_plus_rdkit_descriptors,rdkit_Kappa2,rdkit_NumHeteroatoms,0.9858545254847559,0.9858545254847559
437,XGBoost,provided_plus_rdkit_descriptors,rdkit_Chi1v,rdkit_SMR_VSA5,0.9858380305374878,0.9858380305374878
438,XGBoost,provided_plus_rdkit_descriptors,rdkit_Chi0n,rdkit_Chi4n,0.9858344577866679,0.9858344577866679
439,XGBoost,provided_plus_rdkit_descriptors,rdkit_MinPartialCharge,rdkit_fr_COO2,-0.9857555878467046,0.9857555878467046
440,XGBoost,provided_plus_rdkit_descriptors,rdkit_MinPartialCharge,rdkit_fr_COO,-0.9857555878467046,0.9857555878467046
441,XGBoost,provided_plus_rdkit_descriptors,rdkit_MinPartialCharge,rdkit_fr_Al_COO,-0.9857555878467046,0.9857555878467046
442,XGBoost,provided_plus_rdkit_descriptors,rdkit_SMR_VSA5,rdkit_NumAtomStereoCenters,0.9857215335838585,0.9857215335838585
443,XGBoost,provided_plus_rdkit_descriptors,rdkit_HeavyAtomMolWt,rdkit_VSA_EState3,0.9856860048538384,0.9856860048538384
444,XGBoost,provided_plus_rdkit_descriptors,rdkit_SlogP_VSA3,rdkit_VSA_EState1,0.9856163085458237,0.9856163085458237
445,XGBoost,provided_plus_rdkit_descriptors,rdkit_ExactMolWt,rdkit_Chi3n,0.9855653594151565,0.9855653594151565
446,XGBoost,provided_plus_rdkit_descriptors,rdkit_MolWt,rdkit_Chi3n,0.9855629369450056,0.9855629369450056
447,XGBoost,provided_plus_rdkit_descriptors,Molecular weight (Da),rdkit_Chi3n,0.9855623052621845,0.9855623052621845
448,XGBoost,provided_plus_rdkit_descriptors,rdkit_Kappa2,rdkit_NumHAcceptors,0.985559292883958,0.985559292883958
449,XGBoost,provided_plus_rdkit_descriptors,rdkit_Kappa1,rdkit_NumAtomStereoCenters,0.9854815718672407,0.9854815718672407
450,XGBoost,provided_plus_rdkit_descriptors,rdkit_PEOE_VSA6,rdkit_SMR_VSA4,0.9854465208830308,0.9854465208830308
451,XGBoost,provided_plus_rdkit_descriptors,rdkit_ExactMolWt,rdkit_VSA_EState3,0.985438425269418,0.985438425269418
452,XGBoost,provided_plus_rdkit_descriptors,Molecular weight (Da),rdkit_VSA_EState3,0.9854026404162946,0.9854026404162946
453,XGBoost,provided_plus_rdkit_descriptors,rdkit_MolWt,rdkit_VSA_EState3,0.9854020031390108,0.9854020031390108
454,XGBoost,provided_plus_rdkit_descriptors,rdkit_SlogP_VSA3,rdkit_NOCount,0.9853065510209791,0.9853065510209791
455,XGBoost,provided_plus_rdkit_descriptors,rdkit_Chi0n,rdkit_EState_VSA1,0.985197825190392,0.985197825190392
456,XGBoost,provided_plus_rdkit_descriptors,rdkit_BertzCT,rdkit_Chi3n,0.9851364768376082,0.9851364768376082
457,XGBoost,provided_plus_rdkit_descriptors,rdkit_PEOE_VSA10,rdkit_NHOHCount,0.9851224627111131,0.9851224627111131
458,XGBoost,provided_plus_rdkit_descriptors,rdkit_LabuteASA,rdkit_SMR_VSA1,0.9850261442414507,0.9850261442414507
459,XGBoost,provided_plus_rdkit_descriptors,rdkit_Chi0v,rdkit_NumAtomStereoCenters,0.9850222480465699,0.9850222480465699
460,XGBoost,provided_plus_rdkit_descriptors,rdkit_NumHAcceptors,rdkit_fr_ether,0.9848142659135225,0.9848142659135225
461,XGBoost,provided_plus_rdkit_descriptors,rdkit_Kappa2,rdkit_EState_VSA1,0.9847613258901997,0.9847613258901997
462,XGBoost,provided_plus_rdkit_descriptors,rdkit_Chi1,rdkit_PEOE_VSA1,0.9847594600538634,0.9847594600538634
463,XGBoost,provided_plus_rdkit_descriptors,rdkit_Chi1n,rdkit_EState_VSA1,0.9845764370117305,0.9845764370117305
464,XGBoost,provided_plus_rdkit_descriptors,rdkit_PEOE_VSA1,rdkit_HeavyAtomCount,0.9845377402989053,0.9845377402989053
465,XGBoost,provided_plus_rdkit_descriptors,rdkit_Kappa2,rdkit_SMR_VSA1,0.9845198617928472,0.9845198617928472
466,XGBoost,provided_plus_rdkit_descriptors,rdkit_Chi0v,rdkit_Chi4v,0.9844430808807483,0.9844430808807483
467,XGBoost,provided_plus_rdkit_descriptors,rdkit_Kappa2,rdkit_NumHDonors,0.984415798160842,0.984415798160842
468,XGBoost,provided_plus_rdkit_descriptors,rdkit_Chi1n,rdkit_Kappa2,0.9842865559800082,0.9842865559800082
469,XGBoost,provided_plus_rdkit_descriptors,rdkit_EState_VSA1,rdkit_NumAtomStereoCenters,0.9841914271569857,0.9841914271569857
470,XGBoost,provided_plus_rdkit_descriptors,rdkit_HeavyAtomMolWt,rdkit_Chi3n,0.9841529599073641,0.9841529599073641
471,XGBoost,provided_plus_rdkit_descriptors,rdkit_Chi0v,rdkit_Chi4n,0.9841430733078851,0.9841430733078851
472,XGBoost,provided_plus_rdkit_descriptors,rdkit_HeavyAtomMolWt,rdkit_PEOE_VSA1,0.9841312507416551,0.9841312507416551
473,XGBoost,provided_plus_rdkit_descriptors,rdkit_Chi0,rdkit_PEOE_VSA1,0.984041328048108,0.984041328048108
474,XGBoost,provided_plus_rdkit_descriptors,rdkit_Kappa1,rdkit_NumHDonors,0.9840365054707988,0.9840365054707988
475,XGBoost,provided_plus_rdkit_descriptors,rdkit_Chi0v,rdkit_SMR_VSA5,0.9840158222436132,0.9840158222436132
476,XGBoost,provided_plus_rdkit_descriptors,rdkit_ExactMolWt,rdkit_PEOE_VSA1,0.9838096638293502,0.9838096638293502
477,XGBoost,provided_plus_rdkit_descriptors,Molecular weight (Da),rdkit_PEOE_VSA1,0.9837837451023936,0.9837837451023936
478,XGBoost,provided_plus_rdkit_descriptors,rdkit_MolWt,rdkit_PEOE_VSA1,0.9837830814886043,0.9837830814886043
479,XGBoost,provided_plus_rdkit_descriptors,rdkit_NumValenceElectrons,rdkit_NumHDonors,0.9837725891709694,0.9837725891709694
480,XGBoost,provided_plus_rdkit_descriptors,rdkit_SlogP_VSA2,rdkit_fr_ether,0.9836265099781285,0.9836265099781285
481,XGBoost,provided_plus_rdkit_descriptors,rdkit_Kappa1,rdkit_PEOE_VSA1,0.9834246556277813,0.9834246556277813
482,XGBoost,provided_plus_rdkit_descriptors,rdkit_Kappa1,rdkit_NHOHCount,0.9833791211838964,0.9833791211838964
483,XGBoost,provided_plus_rdkit_descriptors,rdkit_Chi0,rdkit_NumHDonors,0.9833642388140273,0.9833642388140273
484,XGBoost,provided_plus_rdkit_descriptors,rdkit_SMR_VSA1,rdkit_fr_ether,0.9832683852368339,0.9832683852368339
485,XGBoost,provided_plus_rdkit_descriptors,rdkit_PEOE_VSA7,rdkit_SlogP_VSA5,0.9830000840388,0.9830000840388
486,XGBoost,provided_plus_rdkit_descriptors,rdkit_Kappa2,rdkit_VSA_EState3,0.9829636844951457,0.9829636844951457
487,XGBoost,provided_plus_rdkit_descriptors,rdkit_Chi3v,rdkit_SMR_VSA5,0.9829509668741472,0.9829509668741472
488,XGBoost,provided_plus_rdkit_descriptors,rdkit_PEOE_VSA10,rdkit_fr_ether,0.9829319230891446,0.9829319230891446
489,XGBoost,provided_plus_rdkit_descriptors,rdkit_NumHeteroatoms,rdkit_fr_Al_OH,0.9829255697593565,0.9829255697593565
490,XGBoost,provided_plus_rdkit_descriptors,rdkit_Kappa2,rdkit_NHOHCount,0.9829196042921986,0.9829196042921986
491,XGBoost,provided_plus_rdkit_descriptors,rdkit_Chi0v,rdkit_EState_VSA1,0.9828845824256907,0.9828845824256907
492,XGBoost,provided_plus_rdkit_descriptors,rdkit_SMR_VSA1,rdkit_SlogP_VSA3,0.9828793136202227,0.9828793136202227
493,XGBoost,provided_plus_rdkit_descriptors,rdkit_Chi1v,rdkit_Kappa2,0.9828726086326096,0.9828726086326096
494,XGBoost,provided_plus_rdkit_descriptors,rdkit_NumHeteroatoms,rdkit_fr_Al_OH_noTert,0.9828374218891651,0.9828374218891651
495,XGBoost,provided_plus_rdkit_descriptors,rdkit_EState_VSA1,rdkit_MolMR,0.9826992064747769,0.9826992064747769
496,XGBoost,provided_plus_rdkit_descriptors,rdkit_Chi3v,rdkit_HeavyAtomCount,0.9826782537235446,0.9826782537235446
497,XGBoost,provided_plus_rdkit_descriptors,rdkit_MolWt,rdkit_Chi3v,0.9826134739798145,0.9826134739798145
498,XGBoost,provided_plus_rdkit_descriptors,Molecular weight (Da),rdkit_Chi3v,0.9826128144163873,0.9826128144163873
499,XGBoost,provided_plus_rdkit_descriptors,rdkit_ExactMolWt,rdkit_Chi3v,0.98260447686544,0.98260447686544
500,XGBoost,provided_plus_rdkit_descriptors,rdkit_Chi1,rdkit_NumHDonors,0.9825771937907406,0.9825771937907406
501,XGBoost,provided_plus_rdkit_descriptors,rdkit_SlogP_VSA3,rdkit_fr_ether,0.9825267796243574,0.9825267796243574
502,XGBoost,provided_plus_rdkit_descriptors,rdkit_LabuteASA,rdkit_TPSA,0.9825224250816791,0.9825224250816791
503,XGBoost,provided_plus_rdkit_descriptors,rdkit_SlogP_VSA3,rdkit_NumHAcceptors,0.9824613641554317,0.9824613641554317
504,XGBoost,provided_plus_rdkit_descriptors,rdkit_LabuteASA,rdkit_SMR_VSA5,0.9822638104348169,0.9822638104348169
505,XGBoost,provided_plus_rdkit_descriptors,rdkit_EState_VSA10,rdkit_NOCount,0.9822605364030031,0.9822605364030031
506,XGBoost,provided_plus_rdkit_descriptors,rdkit_HeavyAtomCount,rdkit_NumHDonors,0.982230817284789,0.982230817284789
507,XGBoost,provided_plus_rdkit_descriptors,rdkit_Chi1,rdkit_Chi3v,0.982215808542712,0.982215808542712
508,XGBoost,provided_plus_rdkit_descriptors,rdkit_HeavyAtomMolWt,rdkit_NumHDonors,0.9821668244848056,0.9821668244848056
509,XGBoost,provided_plus_rdkit_descriptors,rdkit_Chi2n,rdkit_NumAtomStereoCenters,0.9821613900509655,0.9821613900509655
510,XGBoost,provided_plus_rdkit_descriptors,rdkit_Chi1v,rdkit_EState_VSA1,0.9821041861876241,0.9821041861876241
511,XGBoost,provided_plus_rdkit_descriptors,rdkit_NOCount,rdkit_fr_ether,0.981994992104478,0.981994992104478
512,XGBoost,provided_plus_rdkit_descriptors,rdkit_SMR_VSA5,rdkit_HeavyAtomCount,0.9819718427770976,0.9819718427770976
513,XGBoost,provided_plus_rdkit_descriptors,rdkit_Chi1n,rdkit_Chi4v,0.9818836009524436,0.9818836009524436
514,XGBoost,provided_plus_rdkit_descriptors,rdkit_ExactMolWt,rdkit_NumHDonors,0.9818802023858656,0.9818802023858656
515,XGBoost,provided_plus_rdkit_descriptors,Molecular weight (Da),rdkit_NumHDonors,0.9818405637443056,0.9818405637443056
516,XGBoost,provided_plus_rdkit_descriptors,rdkit_MolWt,rdkit_NumHDonors,0.9818398615700733,0.9818398615700733
517,XGBoost,provided_plus_rdkit_descriptors,rdkit_LabuteASA,rdkit_VSA_EState3,0.9818064190021364,0.9818064190021364
518,XGBoost,provided_plus_rdkit_descriptors,rdkit_Chi0n,rdkit_SlogP_VSA2,0.9817812932792819,0.9817812932792819
519,XGBoost,provided_plus_rdkit_descriptors,rdkit_Chi0n,rdkit_NumHAcceptors,0.9817787670208629,0.9817787670208629
520,XGBoost,provided_plus_rdkit_descriptors,rdkit_Chi1,rdkit_SMR_VSA5,0.9817553784382472,0.9817553784382472
521,XGBoost,provided_plus_rdkit_descriptors,rdkit_HeavyAtomMolWt,rdkit_Chi3v,0.9816548813771462,0.9816548813771462
522,XGBoost,provided_plus_rdkit_descriptors,rdkit_PEOE_VSA7,rdkit_fr_allylic_oxid,0.9816320713240432,0.9816320713240432
523,XGBoost,provided_plus_rdkit_descriptors,rdkit_PEOE_VSA7,rdkit_fr_bicyclic,0.9816320713240428,0.9816320713240428
524,XGBoost,provided_plus_rdkit_descriptors,rdkit_PEOE_VSA7,rdkit_SlogP_VSA4,0.9816320713240423,0.9816320713240423
525,XGBoost,provided_plus_rdkit_descriptors,rdkit_PEOE_VSA7,rdkit_EState_VSA6,0.9816320713240423,0.9816320713240423
526,XGBoost,provided_plus_rdkit_descriptors,rdkit_NumAtomStereoCenters,rdkit_NumHAcceptors,0.9815900643064808,0.9815900643064808
527,XGBoost,provided_plus_rdkit_descriptors,rdkit_Chi0,rdkit_Chi3v,0.9815546027169733,0.9815546027169733
528,XGBoost,provided_plus_rdkit_descriptors,rdkit_EState_VSA10,rdkit_NumHAcceptors,0.9814936071458846,0.9814936071458846
529,XGBoost,provided_plus_rdkit_descriptors,rdkit_NumValenceElectrons,rdkit_SMR_VSA5,0.9814765765050498,0.9814765765050498
530,XGBoost,provided_plus_rdkit_descriptors,rdkit_PEOE_VSA1,rdkit_fr_ether,0.9814601531684103,0.9814601531684103
531,XGBoost,provided_plus_rdkit_descriptors,rdkit_EState_VSA1,rdkit_EState_VSA10,0.9813808784400058,0.9813808784400058
532,XGBoost,provided_plus_rdkit_descriptors,rdkit_Chi0v,rdkit_NumHeteroatoms,0.9813402807752627,0.9813402807752627
533,XGBoost,provided_plus_rdkit_descriptors,rdkit_Chi0n,rdkit_NOCount,0.9813019598859388,0.9813019598859388
534,XGBoost,provided_plus_rdkit_descriptors,rdkit_NumHeteroatoms,rdkit_fr_ether,0.9812838698952356,0.9812838698952356
535,XGBoost,provided_plus_rdkit_descriptors,rdkit_BertzCT,rdkit_Chi3v,0.981266104290017,0.981266104290017
536,XGBoost,provided_plus_rdkit_descriptors,rdkit_Chi3n,rdkit_Kappa1,0.9811951055988222,0.9811951055988222
537,XGBoost,provided_plus_rdkit_descriptors,rdkit_Chi4v,rdkit_MolMR,0.981186198709052,0.981186198709052
538,XGBoost,provided_plus_rdkit_descriptors,rdkit_SlogP_VSA2,rdkit_NumAtomStereoCenters,0.9810947949656518,0.9810947949656518
539,XGBoost,provided_plus_rdkit_descriptors,rdkit_EState_VSA10,rdkit_NumHeteroatoms,0.9810716223569262,0.9810716223569262
540,XGBoost,provided_plus_rdkit_descriptors,rdkit_NumValenceElectrons,rdkit_Chi3v,0.9810431269014485,0.9810431269014485
541,XGBoost,provided_plus_rdkit_descriptors,rdkit_NumValenceElectrons,rdkit_NHOHCount,0.981011868657782,0.981011868657782
542,XGBoost,provided_plus_rdkit_descriptors,rdkit_Chi0v,rdkit_SlogP_VSA2,0.9810053616829866,0.9810053616829866
543,XGBoost,provided_plus_rdkit_descriptors,rdkit_SlogP_VSA3,rdkit_EState_VSA1,0.9809171937418633,0.9809171937418633
544,XGBoost,provided_plus_rdkit_descriptors,rdkit_NumValenceElectrons,rdkit_fr_Al_OH,0.9807530992874391,0.9807530992874391
545,XGBoost,provided_plus_rdkit_descriptors,rdkit_SlogP_VSA2,rdkit_EState_VSA10,0.980729182194807,0.980729182194807
546,XGBoost,provided_plus_rdkit_descriptors,rdkit_Chi4v,rdkit_SMR_VSA5,0.9807287818459025,0.9807287818459025
547,XGBoost,provided_plus_rdkit_descriptors,rdkit_Kappa2,rdkit_NumAtomStereoCenters,0.9806693399831491,0.9806693399831491
548,XGBoost,provided_plus_rdkit_descriptors,rdkit_Chi0,rdkit_SMR_VSA5,0.9805510649408286,0.9805510649408286
549,XGBoost,provided_plus_rdkit_descriptors,rdkit_BertzCT,rdkit_EState_VSA1,0.9805284955058762,0.9805284955058762
550,XGBoost,provided_plus_rdkit_descriptors,rdkit_Chi1n,rdkit_NumHAcceptors,0.9805100232120503,0.9805100232120503
551,XGBoost,provided_plus_rdkit_descriptors,rdkit_Chi0n,rdkit_SMR_VSA1,0.980461230111736,0.980461230111736
552,XGBoost,provided_plus_rdkit_descriptors,rdkit_Chi0n,rdkit_NumHeteroatoms,0.9804505039935585,0.9804505039935585
553,XGBoost,provided_plus_rdkit_descriptors,rdkit_Chi0n,rdkit_Chi4v,0.9804027753315412,0.9804027753315412
554,XGBoost,provided_plus_rdkit_descriptors,rdkit_VSA_EState1,rdkit_NumHeteroatoms,0.9803951873436868,0.9803951873436868
555,XGBoost,provided_plus_rdkit_descriptors,rdkit_Chi1n,rdkit_SlogP_VSA2,0.9803205021152991,0.9803205021152991
556,XGBoost,provided_plus_rdkit_descriptors,rdkit_VSA_EState7,rdkit_NumHAcceptors,-0.9803053772313759,0.9803053772313759
557,XGBoost,provided_plus_rdkit_descriptors,rdkit_SMR_VSA1,rdkit_EState_VSA10,0.980285118119187,0.980285118119187
558,XGBoost,provided_plus_rdkit_descriptors,rdkit_SlogP_VSA2,rdkit_SlogP_VSA3,0.9801676609067036,0.9801676609067036
559,XGBoost,provided_plus_rdkit_descriptors,rdkit_SMR_VSA1,rdkit_VSA_EState7,-0.9800534722534432,0.9800534722534432
560,XGBoost,provided_plus_rdkit_descriptors,rdkit_PEOE_VSA1,rdkit_NumAtomStereoCenters,0.9799289755981566,0.9799289755981566
561,XGBoost,provided_plus_rdkit_descriptors,rdkit_Chi0v,rdkit_NumHAcceptors,0.9798884352153007,0.9798884352153007
562,XGBoost,provided_plus_rdkit_descriptors,rdkit_Chi1,rdkit_fr_Al_OH,0.9798550073708507,0.9798550073708507
563,XGBoost,provided_plus_rdkit_descriptors,rdkit_Chi0,rdkit_fr_Al_OH,0.9798293345184119,0.9798293345184119
564,XGBoost,provided_plus_rdkit_descriptors,rdkit_TPSA,rdkit_Phi,0.9798255705958513,0.9798255705958513
565,XGBoost,provided_plus_rdkit_descriptors,rdkit_SMR_VSA1,rdkit_NumAtomStereoCenters,0.9798198529764753,0.9798198529764753
566,XGBoost,provided_plus_rdkit_descriptors,rdkit_Chi1v,rdkit_NumHeteroatoms,0.9797994382312016,0.9797994382312016
567,XGBoost,provided_plus_rdkit_descriptors,rdkit_NumValenceElectrons,rdkit_PEOE_VSA10,0.9797208537335109,0.9797208537335109
568,XGBoost,provided_plus_rdkit_descriptors,rdkit_EState_VSA10,rdkit_NumAtomStereoCenters,0.9796387570090949,0.9796387570090949
569,XGBoost,provided_plus_rdkit_descriptors,rdkit_Kappa1,rdkit_fr_Al_OH,0.9796325053946754,0.9796325053946754
570,XGBoost,provided_plus_rdkit_descriptors,rdkit_NOCount,rdkit_NumAtomStereoCenters,0.9795824739056408,0.9795824739056408
571,XGBoost,provided_plus_rdkit_descriptors,rdkit_PEOE_VSA10,rdkit_VSA_EState7,-0.9795776870971167,0.9795776870971167
572,XGBoost,provided_plus_rdkit_descriptors,rdkit_Chi0v,rdkit_NOCount,0.9795656797635862,0.9795656797635862
573,XGBoost,provided_plus_rdkit_descriptors,rdkit_Chi4n,rdkit_LabuteASA,0.9795525946768595,0.9795525946768595
574,XGBoost,provided_plus_rdkit_descriptors,rdkit_Kappa2,rdkit_fr_Al_OH,0.9795485885131493,0.9795485885131493
575,XGBoost,provided_plus_rdkit_descriptors,rdkit_ExactMolWt,rdkit_SMR_VSA5,0.9795038719749781,0.9795038719749781
576,XGBoost,provided_plus_rdkit_descriptors,rdkit_MolWt,rdkit_SMR_VSA5,0.9794979951344622,0.9794979951344622
577,XGBoost,provided_plus_rdkit_descriptors,Molecular weight (Da),rdkit_SMR_VSA5,0.9794973143789132,0.9794973143789132
578,XGBoost,provided_plus_rdkit_descriptors,rdkit_TPSA,rdkit_EState_VSA10,0.9794320687475829,0.9794320687475829
579,XGBoost,provided_plus_rdkit_descriptors,rdkit_VSA_EState7,rdkit_NOCount,-0.9793910643254549,0.9793910643254549
580,XGBoost,provided_plus_rdkit_descriptors,rdkit_Chi1,rdkit_EState_VSA10,0.9793453510651686,0.9793453510651686
581,XGBoost,provided_plus_rdkit_descriptors,rdkit_Chi1,rdkit_PEOE_VSA10,0.9792598698340581,0.9792598698340581
582,XGBoost,provided_plus_rdkit_descriptors,rdkit_Chi1n,rdkit_NOCount,0.9792258286898907,0.9792258286898907
583,XGBoost,provided_plus_rdkit_descriptors,rdkit_Chi1v,rdkit_SlogP_VSA2,0.9792165043087317,0.9792165043087317
584,XGBoost,provided_plus_rdkit_descriptors,rdkit_HeavyAtomMolWt,rdkit_EState_VSA10,0.9792125732800635,0.9792125732800635
585,XGBoost,provided_plus_rdkit_descriptors,rdkit_HeavyAtomMolWt,rdkit_NHOHCount,0.9792110457460472,0.9792110457460472
586,XGBoost,provided_plus_rdkit_descriptors,rdkit_HeavyAtomMolWt,rdkit_SlogP_VSA3,0.9792029494098704,0.9792029494098704
587,XGBoost,provided_plus_rdkit_descriptors,rdkit_Kappa2,rdkit_PEOE_VSA1,0.979198744431849,0.979198744431849
588,XGBoost,provided_plus_rdkit_descriptors,rdkit_HeavyAtomCount,rdkit_fr_Al_OH,0.9790921613307929,0.9790921613307929
589,XGBoost,provided_plus_rdkit_descriptors,rdkit_Chi0n,rdkit_VSA_EState3,0.979059986532253,0.979059986532253
590,XGBoost,provided_plus_rdkit_descriptors,rdkit_HeavyAtomCount,rdkit_NHOHCount,0.9790536374311566,0.9790536374311566
591,XGBoost,provided_plus_rdkit_descriptors,rdkit_SlogP_VSA2,rdkit_MolMR,0.9790167800928733,0.9790167800928733
592,XGBoost,provided_plus_rdkit_descriptors,rdkit_SlogP_VSA2,rdkit_VSA_EState7,-0.9790047559786292,0.9790047559786292
593,XGBoost,provided_plus_rdkit_descriptors,rdkit_ExactMolWt,rdkit_NHOHCount,0.9789601810113141,0.9789601810113141
594,XGBoost,provided_plus_rdkit_descriptors,Molecular weight (Da),rdkit_NHOHCount,0.9789215757655871,0.9789215757655871
595,XGBoost,provided_plus_rdkit_descriptors,rdkit_MolWt,rdkit_NHOHCount,0.9789209645207143,0.9789209645207143
596,XGBoost,provided_plus_rdkit_descriptors,rdkit_Chi0,rdkit_NHOHCount,0.978798332498178,0.978798332498178
597,XGBoost,provided_plus_rdkit_descriptors,rdkit_NumHAcceptors,rdkit_MolMR,0.9787625075887293,0.9787625075887293
598,XGBoost,provided_plus_rdkit_descriptors,rdkit_Chi0,rdkit_EState_VSA10,0.9787338518546216,0.9787338518546216
599,XGBoost,provided_plus_rdkit_descriptors,rdkit_Chi1n,rdkit_SMR_VSA1,0.9787182508216696,0.9787182508216696
600,XGBoost,provided_plus_rdkit_descriptors,rdkit_HeavyAtomMolWt,rdkit_PEOE_VSA10,0.9786457491326165,0.9786457491326165
601,XGBoost,provided_plus_rdkit_descriptors,rdkit_BertzCT,rdkit_NOCount,0.9786304927305262,0.9786304927305262
602,XGBoost,provided_plus_rdkit_descriptors,rdkit_ExactMolWt,rdkit_EState_VSA10,0.978600919914359,0.978600919914359
603,XGBoost,provided_plus_rdkit_descriptors,rdkit_HeavyAtomMolWt,rdkit_fr_ether,0.9785923585042029,0.9785923585042029
604,XGBoost,provided_plus_rdkit_descriptors,Molecular weight (Da),rdkit_EState_VSA10,0.9785822631095357,0.9785822631095357
605,XGBoost,provided_plus_rdkit_descriptors,rdkit_MolWt,rdkit_EState_VSA10,0.9785816494233321,0.9785816494233321
606,XGBoost,provided_plus_rdkit_descriptors,rdkit_EState_VSA10,rdkit_HeavyAtomCount,0.9784636440091237,0.9784636440091237
607,XGBoost,provided_plus_rdkit_descriptors,rdkit_HeavyAtomMolWt,rdkit_fr_Al_OH,0.9784627186002817,0.9784627186002817
608,XGBoost,provided_plus_rdkit_descriptors,rdkit_Chi1v,rdkit_NumHAcceptors,0.9784185366597093,0.9784185366597093
609,XGBoost,provided_plus_rdkit_descriptors,rdkit_BertzCT,rdkit_NumHAcceptors,0.9784058798394119,0.9784058798394119
610,XGBoost,provided_plus_rdkit_descriptors,rdkit_BertzCT,rdkit_NumHeteroatoms,0.9783960135041583,0.9783960135041583
611,XGBoost,provided_plus_rdkit_descriptors,rdkit_NOCount,rdkit_MolMR,0.9783855265608604,0.9783855265608604
612,XGBoost,provided_plus_rdkit_descriptors,rdkit_NumValenceElectrons,rdkit_EState_VSA10,0.9783782700316858,0.9783782700316858
613,XGBoost,provided_plus_rdkit_descriptors,rdkit_ExactMolWt,rdkit_fr_Al_OH,0.9783468954664112,0.9783468954664112
614,XGBoost,provided_plus_rdkit_descriptors,Molecular weight (Da),rdkit_fr_Al_OH,0.9783075844866038,0.9783075844866038
615,XGBoost,provided_plus_rdkit_descriptors,rdkit_MolWt,rdkit_fr_Al_OH,0.9783068516833738,0.9783068516833738
616,XGBoost,provided_plus_rdkit_descriptors,rdkit_PEOE_VSA1,rdkit_VSA_EState7,-0.9782598883089781,0.9782598883089781
617,XGBoost,provided_plus_rdkit_descriptors,rdkit_PEOE_VSA10,rdkit_HeavyAtomCount,0.9782598257443087,0.9782598257443087
618,XGBoost,provided_plus_rdkit_descriptors,rdkit_LabuteASA,rdkit_PEOE_VSA1,0.9782451896280359,0.9782451896280359
619,XGBoost,provided_plus_rdkit_descriptors,rdkit_NumHeteroatoms,rdkit_MolMR,0.9782401943919827,0.9782401943919827
620,XGBoost,provided_plus_rdkit_descriptors,rdkit_Chi0n,rdkit_TPSA,0.978215332879137,0.978215332879137
621,XGBoost,provided_plus_rdkit_descriptors,rdkit_NumValenceElectrons,rdkit_fr_Al_OH_noTert,0.9781955787063709,0.9781955787063709
622,XGBoost,provided_plus_rdkit_descriptors,rdkit_Kappa2,rdkit_fr_Al_OH_noTert,0.9781686963612698,0.9781686963612698
623,XGBoost,provided_plus_rdkit_descriptors,rdkit_Kappa2,rdkit_EState_VSA10,0.978164977773976,0.978164977773976
624,XGBoost,provided_plus_rdkit_descriptors,rdkit_Chi1,rdkit_NHOHCount,0.9781575922941897,0.9781575922941897
625,XGBoost,provided_plus_rdkit_descriptors,rdkit_Chi1n,rdkit_VSA_EState3,0.9781565478061843,0.9781565478061843
626,XGBoost,provided_plus_rdkit_descriptors,rdkit_Chi1n,rdkit_NumHeteroatoms,0.9780664332221697,0.9780664332221697
627,XGBoost,provided_plus_rdkit_descriptors,rdkit_Chi1,rdkit_fr_ether,0.9780599769048574,0.9780599769048574
628,XGBoost,provided_plus_rdkit_descriptors,rdkit_HeavyAtomMolWt,rdkit_SMR_VSA5,0.9780200618780089,0.9780200618780089
629,XGBoost,provided_plus_rdkit_descriptors,rdkit_Chi0,rdkit_PEOE_VSA10,0.9780031476750982,0.9780031476750982
630,XGBoost,provided_plus_rdkit_descriptors,rdkit_ExactMolWt,rdkit_PEOE_VSA10,0.9779764638750452,0.9779764638750452
631,XGBoost,provided_plus_rdkit_descriptors,rdkit_Chi1v,rdkit_NOCount,0.9779555307589018,0.9779555307589018
632,XGBoost,provided_plus_rdkit_descriptors,Molecular weight (Da),rdkit_PEOE_VSA10,0.9779539565742327,0.9779539565742327
633,XGBoost,provided_plus_rdkit_descriptors,rdkit_MolWt,rdkit_PEOE_VSA10,0.9779529534842176,0.9779529534842176
634,XGBoost,provided_plus_rdkit_descriptors,rdkit_Chi0v,rdkit_SMR_VSA1,0.9779369130612893,0.9779369130612893
635,XGBoost,provided_plus_rdkit_descriptors,rdkit_NumAtomStereoCenters,rdkit_NumHeteroatoms,0.9779238502607143,0.9779238502607143
636,XGBoost,provided_plus_rdkit_descriptors,rdkit_Chi4v,rdkit_LabuteASA,0.9777927330767675,0.9777927330767675
637,XGBoost,provided_plus_rdkit_descriptors,rdkit_ExactMolWt,rdkit_fr_ether,0.977753579445908,0.977753579445908
638,XGBoost,provided_plus_rdkit_descriptors,Molecular weight (Da),rdkit_fr_ether,0.9777497046387362,0.9777497046387362
639,XGBoost,provided_plus_rdkit_descriptors,rdkit_MolWt,rdkit_fr_ether,0.977749038994626,0.977749038994626
640,XGBoost,provided_plus_rdkit_descriptors,rdkit_Chi4n,rdkit_HeavyAtomCount,0.9777437600016887,0.9777437600016887
641,XGBoost,provided_plus_rdkit_descriptors,rdkit_ExactMolWt,rdkit_SlogP_VSA3,0.9776851835107103,0.9776851835107103
642,XGBoost,provided_plus_rdkit_descriptors,Molecular weight (Da),rdkit_SlogP_VSA3,0.9776697596482928,0.9776697596482928
643,XGBoost,provided_plus_rdkit_descriptors,rdkit_MolWt,rdkit_SlogP_VSA3,0.9776688866265096,0.9776688866265096
644,XGBoost,provided_plus_rdkit_descriptors,rdkit_EState_VSA1,rdkit_VSA_EState7,-0.9776425067085839,0.9776425067085839
645,XGBoost,provided_plus_rdkit_descriptors,rdkit_Chi0,rdkit_Phi,0.9776024933023049,0.9776024933023049
646,XGBoost,provided_plus_rdkit_descriptors,rdkit_BertzCT,rdkit_SMR_VSA1,0.9775465248306807,0.9775465248306807
647,XGBoost,provided_plus_rdkit_descriptors,rdkit_Chi3v,rdkit_Kappa1,0.9775429497545614,0.9775429497545614
648,XGBoost,provided_plus_rdkit_descriptors,rdkit_NumAtomStereoCenters,rdkit_fr_ether,0.977420635404606,0.977420635404606
649,XGBoost,provided_plus_rdkit_descriptors,rdkit_NHOHCount,rdkit_Phi,0.977400952360007,0.977400952360007
650,XGBoost,provided_plus_rdkit_descriptors,rdkit_Kappa1,rdkit_fr_Al_OH_noTert,0.9773866296342131,0.9773866296342131
651,XGBoost,provided_plus_rdkit_descriptors,rdkit_SMR_VSA1,rdkit_MolMR,0.9773222856449351,0.9773222856449351
652,XGBoost,provided_plus_rdkit_descriptors,rdkit_LabuteASA,rdkit_NumHDonors,0.9773077787933355,0.9773077787933355
653,XGBoost,provided_plus_rdkit_descriptors,rdkit_Chi1,rdkit_fr_Al_OH_noTert,0.977306299791367,0.977306299791367
654,XGBoost,provided_plus_rdkit_descriptors,rdkit_Chi2v,rdkit_NumAtomStereoCenters,0.9772942097114332,0.9772942097114332
655,XGBoost,provided_plus_rdkit_descriptors,rdkit_HeavyAtomMolWt,rdkit_Phi,0.9772907803213915,0.9772907803213915
656,XGBoost,provided_plus_rdkit_descriptors,rdkit_ExactMolWt,rdkit_Phi,0.9772783238914575,0.9772783238914575
657,XGBoost,provided_plus_rdkit_descriptors,rdkit_MolWt,rdkit_Phi,0.9772702852689793,0.9772702852689793
658,XGBoost,provided_plus_rdkit_descriptors,Molecular weight (Da),rdkit_Phi,0.9772700039642805,0.9772700039642805
659,XGBoost,provided_plus_rdkit_descriptors,rdkit_Chi0,rdkit_fr_Al_OH_noTert,0.9772561903014221,0.9772561903014221
660,XGBoost,provided_plus_rdkit_descriptors,rdkit_BertzCT,rdkit_SlogP_VSA2,0.9772088871383962,0.9772088871383962
661,XGBoost,provided_plus_rdkit_descriptors,rdkit_NumValenceElectrons,rdkit_fr_ether,0.9772053655776965,0.9772053655776965
662,XGBoost,provided_plus_rdkit_descriptors,rdkit_Chi1,rdkit_Chi4n,0.977188840520708,0.977188840520708
663,XGBoost,provided_plus_rdkit_descriptors,rdkit_Kappa1,rdkit_EState_VSA10,0.9770736851541371,0.9770736851541371
664,XGBoost,provided_plus_rdkit_descriptors,rdkit_Chi3n,rdkit_NumAtomStereoCenters,0.9770516023221469,0.9770516023221469
665,XGBoost,provided_plus_rdkit_descriptors,rdkit_TPSA,rdkit_VSA_EState7,-0.9770289398794284,0.9770289398794284
666,XGBoost,provided_plus_rdkit_descriptors,rdkit_NumValenceElectrons,rdkit_Phi,0.9769693547960208,0.9769693547960208
667,XGBoost,provided_plus_rdkit_descriptors,rdkit_HeavyAtomCount,rdkit_fr_ether,0.9769548307061303,0.9769548307061303
668,XGBoost,provided_plus_rdkit_descriptors,rdkit_NumValenceElectrons,rdkit_Chi4n,0.9767484401436574,0.9767484401436574
669,XGBoost,provided_plus_rdkit_descriptors,rdkit_Chi1v,rdkit_SMR_VSA1,0.9766738891045493,0.9766738891045493
670,XGBoost,provided_plus_rdkit_descriptors,rdkit_Chi1,rdkit_SlogP_VSA3,0.9766736869647842,0.9766736869647842
671,XGBoost,provided_plus_rdkit_descriptors,rdkit_SlogP_VSA3,rdkit_TPSA,0.9766491357747159,0.9766491357747159
672,XGBoost,provided_plus_rdkit_descriptors,rdkit_HeavyAtomCount,rdkit_fr_Al_OH_noTert,0.9764683615298912,0.9764683615298912
673,XGBoost,provided_plus_rdkit_descriptors,rdkit_VSA_EState3,rdkit_NumAtomStereoCenters,0.9764530058467665,0.9764530058467665
674,XGBoost,provided_plus_rdkit_descriptors,rdkit_Chi0n,rdkit_PEOE_VSA1,0.97641118556193,0.97641118556193
675,XGBoost,provided_plus_rdkit_descriptors,rdkit_MolLogP,rdkit_fr_Al_OH_noTert,-0.9763540127556751,0.9763540127556751
676,XGBoost,provided_plus_rdkit_descriptors,rdkit_VSA_EState3,rdkit_fr_ether,0.9763406377620292,0.9763406377620292
677,XGBoost,provided_plus_rdkit_descriptors,rdkit_VSA_EState7,rdkit_NumHeteroatoms,-0.9763391333535165,0.9763391333535165
678,XGBoost,provided_plus_rdkit_descriptors,rdkit_HeavyAtomCount,rdkit_Phi,0.9762012404948025,0.9762012404948025
679,XGBoost,provided_plus_rdkit_descriptors,rdkit_HeavyAtomMolWt,rdkit_fr_Al_OH_noTert,0.9761782718134412,0.9761782718134412
680,XGBoost,provided_plus_rdkit_descriptors,rdkit_Chi0,rdkit_Chi4n,0.9761388187289843,0.9761388187289843
681,XGBoost,provided_plus_rdkit_descriptors,rdkit_LabuteASA,rdkit_Phi,0.9761031535093277,0.9761031535093277
682,XGBoost,provided_plus_rdkit_descriptors,rdkit_BertzCT,rdkit_Chi4n,0.9761023600580158,0.9761023600580158
683,XGBoost,provided_plus_rdkit_descriptors,rdkit_LabuteASA,rdkit_EState_VSA10,0.976084026003488,0.976084026003488
684,XGBoost,provided_plus_rdkit_descriptors,rdkit_PEOE_VSA10,rdkit_MolLogP,-0.9760547861149945,0.9760547861149945
685,XGBoost,provided_plus_rdkit_descriptors,rdkit_SlogP_VSA3,rdkit_HeavyAtomCount,0.9760274651008841,0.9760274651008841
686,XGBoost,provided_plus_rdkit_descriptors,rdkit_VSA_EState3,rdkit_MolMR,0.9760269990771204,0.9760269990771204
687,XGBoost,provided_plus_rdkit_descriptors,rdkit_Kappa1,rdkit_PEOE_VSA10,0.9759821079522998,0.9759821079522998
688,XGBoost,provided_plus_rdkit_descriptors,rdkit_ExactMolWt,rdkit_fr_Al_OH_noTert,0.9759162360816982,0.9759162360816982
689,XGBoost,provided_plus_rdkit_descriptors,Molecular weight (Da),rdkit_fr_Al_OH_noTert,0.9758766118045664,0.9758766118045664
690,XGBoost,provided_plus_rdkit_descriptors,rdkit_MolWt,rdkit_fr_Al_OH_noTert,0.9758758112359719,0.9758758112359719
691,XGBoost,provided_plus_rdkit_descriptors,rdkit_NumHeteroatoms,rdkit_Phi,0.9758448890565722,0.9758448890565722
692,XGBoost,provided_plus_rdkit_descriptors,rdkit_Chi1n,rdkit_PEOE_VSA1,0.9757506430361451,0.9757506430361451
693,XGBoost,provided_plus_rdkit_descriptors,rdkit_SlogP_VSA2,rdkit_VSA_EState1,0.9756458878606601,0.9756458878606601
694,XGBoost,provided_plus_rdkit_descriptors,rdkit_Kappa1,rdkit_SMR_VSA5,0.9756393272357442,0.9756393272357442
695,XGBoost,provided_plus_rdkit_descriptors,rdkit_TPSA,rdkit_NumAtomStereoCenters,0.9755610525965159,0.9755610525965159
696,XGBoost,provided_plus_rdkit_descriptors,rdkit_Chi1n,rdkit_TPSA,0.9755552420643953,0.9755552420643953
697,XGBoost,provided_plus_rdkit_descriptors,rdkit_TPSA,rdkit_MolMR,0.9755532533523454,0.9755532533523454
698,XGBoost,provided_plus_rdkit_descriptors,rdkit_SlogP_VSA5,rdkit_fr_allylic_oxid,0.9755171039388336,0.9755171039388336
699,XGBoost,provided_plus_rdkit_descriptors,rdkit_SlogP_VSA5,rdkit_EState_VSA6,0.9755171039388333,0.9755171039388333
700,XGBoost,provided_plus_rdkit_descriptors,rdkit_SlogP_VSA5,rdkit_fr_bicyclic,0.975517103938833,0.975517103938833
701,XGBoost,provided_plus_rdkit_descriptors,rdkit_SlogP_VSA4,rdkit_SlogP_VSA5,0.9755171039388326,0.9755171039388326
702,XGBoost,provided_plus_rdkit_descriptors,rdkit_TPSA,rdkit_MolLogP,-0.9755145258605297,0.9755145258605297
703,XGBoost,provided_plus_rdkit_descriptors,rdkit_EState_VSA1,rdkit_VSA_EState1,0.9754975307528225,0.9754975307528225
704,XGBoost,provided_plus_rdkit_descriptors,rdkit_VSA_EState1,rdkit_NumHAcceptors,0.9754956157469663,0.9754956157469663
705,XGBoost,provided_plus_rdkit_descriptors,rdkit_NumHDonors,rdkit_Phi,0.9754633536243372,0.9754633536243372
706,XGBoost,provided_plus_rdkit_descriptors,rdkit_VSA_EState1,rdkit_NOCount,0.9754151515702685,0.9754151515702685
707,XGBoost,provided_plus_rdkit_descriptors,rdkit_PEOE_VSA1,rdkit_EState_VSA10,0.9753970560969124,0.9753970560969124
708,XGBoost,provided_plus_rdkit_descriptors,rdkit_PEOE_VSA6,rdkit_SlogP_VSA5,0.97538124612317,0.97538124612317
709,XGBoost,provided_plus_rdkit_descriptors,rdkit_SlogP_VSA2,rdkit_Phi,0.9753288256446537,0.9753288256446537
710,XGBoost,provided_plus_rdkit_descriptors,rdkit_NOCount,rdkit_Phi,0.9753201256112379,0.9753201256112379
711,XGBoost,provided_plus_rdkit_descriptors,rdkit_MolWt,rdkit_Chi4n,0.9753100910549426,0.9753100910549426
712,XGBoost,provided_plus_rdkit_descriptors,rdkit_ExactMolWt,rdkit_Chi4n,0.975309408122762,0.975309408122762
713,XGBoost,provided_plus_rdkit_descriptors,Molecular weight (Da),rdkit_Chi4n,0.9753092509842108,0.9753092509842108
714,XGBoost,provided_plus_rdkit_descriptors,rdkit_Chi0v,rdkit_TPSA,0.9752167604936274,0.9752167604936274
715,XGBoost,provided_plus_rdkit_descriptors,rdkit_EState_VSA10,rdkit_NumHDonors,0.9751505487902103,0.9751505487902103
716,XGBoost,provided_plus_rdkit_descriptors,rdkit_Chi1,rdkit_Phi,0.9750701216356386,0.9750701216356386
717,XGBoost,provided_plus_rdkit_descriptors,rdkit_Chi0,rdkit_SlogP_VSA3,0.9750658411928866,0.9750658411928866
718,XGBoost,provided_plus_rdkit_descriptors,rdkit_NumValenceElectrons,rdkit_SlogP_VSA3,0.9749307376509306,0.9749307376509306
719,XGBoost,provided_plus_rdkit_descriptors,rdkit_BertzCT,rdkit_VSA_EState3,0.9748421246738258,0.9748421246738258
720,XGBoost,provided_plus_rdkit_descriptors,rdkit_NHOHCount,rdkit_MolLogP,-0.9747875943468384,0.9747875943468384
721,XGBoost,provided_plus_rdkit_descriptors,rdkit_LabuteASA,rdkit_SlogP_VSA3,0.9747566288174124,0.9747566288174124
722,XGBoost,provided_plus_rdkit_descriptors,rdkit_BertzCT,rdkit_Kappa2,0.9746158174398516,0.9746158174398516
723,XGBoost,provided_plus_rdkit_descriptors,rdkit_SMR_VSA1,rdkit_VSA_EState1,0.9745312231182348,0.9745312231182348
724,XGBoost,provided_plus_rdkit_descriptors,rdkit_Chi0n,rdkit_NumHDonors,0.9744413744692588,0.9744413744692588
725,XGBoost,provided_plus_rdkit_descriptors,rdkit_LabuteASA,rdkit_fr_Al_OH,0.9744280256941018,0.9744280256941018
726,XGBoost,provided_plus_rdkit_descriptors,rdkit_Chi0v,rdkit_VSA_EState3,0.9743919428010601,0.9743919428010601
727,XGBoost,provided_plus_rdkit_descriptors,rdkit_BertzCT,rdkit_TPSA,0.974370902004782,0.974370902004782
728,XGBoost,provided_plus_rdkit_descriptors,rdkit_LabuteASA,rdkit_fr_ether,0.9743502754266727,0.9743502754266727
729,XGBoost,provided_plus_rdkit_descriptors,rdkit_Chi0,rdkit_fr_ether,0.9743013280481635,0.9743013280481635
730,XGBoost,provided_plus_rdkit_descriptors,rdkit_SlogP_VSA1,rdkit_VSA_EState6,-0.9742351148780696,0.9742351148780696
731,XGBoost,provided_plus_rdkit_descriptors,rdkit_LabuteASA,rdkit_NHOHCount,0.9740146270168115,0.9740146270168115
732,XGBoost,provided_plus_rdkit_descriptors,rdkit_NumHDonors,rdkit_MolLogP,-0.9740144645205356,0.9740144645205356
733,XGBoost,provided_plus_rdkit_descriptors,rdkit_VSA_EState3,rdkit_VSA_EState7,-0.973996957526622,0.973996957526622
734,XGBoost,provided_plus_rdkit_descriptors,rdkit_PEOE_VSA1,rdkit_MolMR,0.9737649461075386,0.9737649461075386
735,XGBoost,provided_plus_rdkit_descriptors,rdkit_Kappa1,rdkit_Kappa3,0.9737496114830727,0.9737496114830727
736,XGBoost,provided_plus_rdkit_descriptors,rdkit_Chi2n,rdkit_Kappa2,0.973725009158713,0.973725009158713
737,XGBoost,provided_plus_rdkit_descriptors,rdkit_Phi,rdkit_MolMR,0.9736003084449762,0.9736003084449762
738,XGBoost,provided_plus_rdkit_descriptors,rdkit_HeavyAtomMolWt,rdkit_Chi4n,0.9735749512430364,0.9735749512430364
739,XGBoost,provided_plus_rdkit_descriptors,rdkit_SMR_VSA1,rdkit_MolLogP,-0.9734114044385441,0.9734114044385441
740,XGBoost,provided_plus_rdkit_descriptors,rdkit_EState_VSA10,rdkit_VSA_EState3,0.9733694130619407,0.9733694130619407
741,XGBoost,provided_plus_rdkit_descriptors,rdkit_TPSA,rdkit_fr_ether,0.9733075196398755,0.9733075196398755
742,XGBoost,provided_plus_rdkit_descriptors,rdkit_NumHAcceptors,rdkit_Phi,0.9732084583625906,0.9732084583625906
743,XGBoost,provided_plus_rdkit_descriptors,rdkit_HeavyAtomMolWt,rdkit_VSA_EState1,0.973185141101174,0.973185141101174
744,XGBoost,provided_plus_rdkit_descriptors,rdkit_PEOE_VSA7,rdkit_SMR_VSA4,0.973044531807772,0.973044531807772
745,XGBoost,provided_plus_rdkit_descriptors,rdkit_Chi1n,rdkit_NumHDonors,0.972930963454842,0.972930963454842
746,XGBoost,provided_plus_rdkit_descriptors,rdkit_SMR_VSA1,rdkit_Phi,0.9729134335652171,0.9729134335652171
747,XGBoost,provided_plus_rdkit_descriptors,rdkit_Chi1v,rdkit_TPSA,0.9728558225748518,0.9728558225748518
748,XGBoost,provided_plus_rdkit_descriptors,rdkit_Kappa1,rdkit_SlogP_VSA3,0.9727864207209284,0.9727864207209284
749,XGBoost,provided_plus_rdkit_descriptors,rdkit_MolLogP,rdkit_fr_Al_OH,-0.9727604055684003,0.9727604055684003
750,XGBoost,provided_plus_rdkit_descriptors,rdkit_Chi2n,rdkit_EState_VSA1,0.9727130337848825,0.9727130337848825
751,XGBoost,provided_plus_rdkit_descriptors,rdkit_Chi0v,rdkit_Phi,0.9726964308514217,0.9726964308514217
752,XGBoost,provided_plus_rdkit_descriptors,rdkit_Chi1v,rdkit_VSA_EState3,0.9725982816950715,0.9725982816950715
753,XGBoost,provided_plus_rdkit_descriptors,rdkit_VSA_EState7,rdkit_fr_Al_OH_noTert,-0.9725585604595091,0.9725585604595091
754,XGBoost,provided_plus_rdkit_descriptors,rdkit_Chi0n,rdkit_Phi,0.9725404804589943,0.9725404804589943
755,XGBoost,provided_plus_rdkit_descriptors,rdkit_NOCount,rdkit_MolLogP,-0.9723610661523879,0.9723610661523879
756,XGBoost,provided_plus_rdkit_descriptors,rdkit_NumAtomStereoCenters,rdkit_fr_Al_OH,0.9723461162663313,0.9723461162663313
757,XGBoost,provided_plus_rdkit_descriptors,rdkit_VSA_EState3,rdkit_MolLogP,-0.972335570190718,0.972335570190718
758,XGBoost,provided_plus_rdkit_descriptors,rdkit_NumHAcceptors,rdkit_MolLogP,-0.9722594019477849,0.9722594019477849
759,XGBoost,provided_plus_rdkit_descriptors,rdkit_NumAtomStereoCenters,rdkit_NumHDonors,0.9722253379216423,0.9722253379216423
760,XGBoost,provided_plus_rdkit_descriptors,rdkit_Kappa2,rdkit_PEOE_VSA10,0.9722056419343373,0.9722056419343373
761,XGBoost,provided_plus_rdkit_descriptors,rdkit_LabuteASA,rdkit_PEOE_VSA10,0.9721773751788377,0.9721773751788377
762,XGBoost,provided_plus_rdkit_descriptors,rdkit_Chi4v,rdkit_HeavyAtomCount,0.972131794831478,0.972131794831478
763,XGBoost,provided_plus_rdkit_descriptors,rdkit_VSA_EState7,rdkit_NumHDonors,-0.972091416092574,0.972091416092574
764,XGBoost,provided_plus_rdkit_descriptors,rdkit_BertzCT,rdkit_PEOE_VSA1,0.9720385783145975,0.9720385783145975
765,XGBoost,provided_plus_rdkit_descriptors,rdkit_NumHDonors,rdkit_MolMR,0.9719278492108009,0.9719278492108009
766,XGBoost,provided_plus_rdkit_descriptors,rdkit_Chi0n,rdkit_EState_VSA10,0.9718912470784657,0.9718912470784657
767,XGBoost,provided_plus_rdkit_descriptors,rdkit_PEOE_VSA10,rdkit_NumAtomStereoCenters,0.9718120275955877,0.9718120275955877
768,XGBoost,provided_plus_rdkit_descriptors,rdkit_ExactMolWt,rdkit_VSA_EState1,0.9717498096673214,0.9717498096673214
769,XGBoost,provided_plus_rdkit_descriptors,Molecular weight (Da),rdkit_VSA_EState1,0.9717398940707462,0.9717398940707462
770,XGBoost,provided_plus_rdkit_descriptors,rdkit_MolWt,rdkit_VSA_EState1,0.9717390983264858,0.9717390983264858
771,XGBoost,provided_plus_rdkit_descriptors,rdkit_Chi0n,rdkit_fr_Al_OH,0.9717377175288998,0.9717377175288998
772,XGBoost,provided_plus_rdkit_descriptors,rdkit_BertzCT,rdkit_SlogP_VSA3,0.9717269714254007,0.9717269714254007
773,XGBoost,provided_plus_rdkit_descriptors,rdkit_PEOE_VSA1,rdkit_MolLogP,-0.9717237723326104,0.9717237723326104
774,XGBoost,provided_plus_rdkit_descriptors,rdkit_MolWt,rdkit_Chi4v,0.9716797120441572,0.9716797120441572
775,XGBoost,provided_plus_rdkit_descriptors,Molecular weight (Da),rdkit_Chi4v,0.9716788522453607,0.9716788522453607
776,XGBoost,provided_plus_rdkit_descriptors,rdkit_ExactMolWt,rdkit_Chi4v,0.971668641775027,0.971668641775027
777,XGBoost,provided_plus_rdkit_descriptors,rdkit_PEOE_VSA10,rdkit_SlogP_VSA3,0.9716556421980929,0.9716556421980929
778,XGBoost,provided_plus_rdkit_descriptors,rdkit_Chi1,rdkit_Chi4v,0.9715853848392837,0.9715853848392837
779,XGBoost,provided_plus_rdkit_descriptors,rdkit_LabuteASA,rdkit_fr_Al_OH_noTert,0.9715749152185373,0.9715749152185373
780,XGBoost,provided_plus_rdkit_descriptors,rdkit_BertzCT,rdkit_Chi4v,0.9715716590910626,0.9715716590910626
781,XGBoost,provided_plus_rdkit_descriptors,rdkit_Chi2v,rdkit_Kappa2,0.9714971670579596,0.9714971670579596
782,XGBoost,provided_plus_rdkit_descriptors,rdkit_VSA_EState3,rdkit_Phi,0.9712806800899543,0.9712806800899543
783,XGBoost,provided_plus_rdkit_descriptors,rdkit_Chi1n,rdkit_fr_Al_OH,0.9712025823865728,0.9712025823865728
784,XGBoost,provided_plus_rdkit_descriptors,rdkit_VSA_EState7,rdkit_NumAtomStereoCenters,-0.9711885325664518,0.9711885325664518
785,XGBoost,provided_plus_rdkit_descriptors,rdkit_EState_VSA3,rdkit_fr_bicyclic,0.9711515765524835,0.9711515765524835
786,XGBoost,provided_plus_rdkit_descriptors,rdkit_EState_VSA3,rdkit_fr_allylic_oxid,0.9711515765524832,0.9711515765524832
787,XGBoost,provided_plus_rdkit_descriptors,rdkit_EState_VSA3,rdkit_EState_VSA6,0.9711515765524827,0.9711515765524827
788,XGBoost,provided_plus_rdkit_descriptors,rdkit_SlogP_VSA4,rdkit_EState_VSA3,0.9711515765524824,0.9711515765524824
789,XGBoost,provided_plus_rdkit_descriptors,rdkit_PEOE_VSA1,rdkit_SlogP_VSA3,0.9711382711565331,0.9711382711565331
790,XGBoost,provided_plus_rdkit_descriptors,rdkit_SlogP_VSA2,rdkit_MolLogP,-0.9710860443021573,0.9710860443021573
791,XGBoost,provided_plus_rdkit_descriptors,rdkit_Chi0n,rdkit_NHOHCount,0.9710232262998438,0.9710232262998438
792,XGBoost,provided_plus_rdkit_descriptors,rdkit_VSA_EState7,rdkit_fr_Al_OH,-0.971022545027735,0.971022545027735
793,XGBoost,provided_plus_rdkit_descriptors,rdkit_Chi1n,rdkit_EState_VSA10,0.9709578073934925,0.9709578073934925
794,XGBoost,provided_plus_rdkit_descriptors,rdkit_Chi1n,rdkit_fr_ether,0.9707490025021961,0.9707490025021961
795,XGBoost,provided_plus_rdkit_descriptors,rdkit_Chi0,rdkit_Chi4v,0.9705294927240284,0.9705294927240284
796,XGBoost,provided_plus_rdkit_descriptors,rdkit_PEOE_VSA10,rdkit_EState_VSA10,0.9705146643113538,0.9705146643113538
797,XGBoost,provided_plus_rdkit_descriptors,rdkit_EState_VSA1,rdkit_Phi,0.9705006016999546,0.9705006016999546
798,XGBoost,provided_plus_rdkit_descriptors,rdkit_HeavyAtomMolWt,rdkit_Chi4v,0.9704197106257109,0.9704197106257109
799,XGBoost,provided_plus_rdkit_descriptors,rdkit_EState_VSA10,rdkit_MolMR,0.9703198053680322,0.9703198053680322
800,XGBoost,provided_plus_rdkit_descriptors,rdkit_BertzCT,rdkit_NumAtomStereoCenters,0.9702897659129527,0.9702897659129527
801,XGBoost,provided_plus_rdkit_descriptors,rdkit_Chi0v,rdkit_EState_VSA10,0.9701486973303525,0.9701486973303525
802,XGBoost,provided_plus_rdkit_descriptors,rdkit_EState_VSA10,rdkit_NHOHCount,0.970122701042257,0.970122701042257
803,XGBoost,provided_plus_rdkit_descriptors,rdkit_NumValenceElectrons,rdkit_Chi4v,0.9701149870852742,0.9701149870852742
804,XGBoost,provided_plus_rdkit_descriptors,rdkit_Chi3v,rdkit_NumAtomStereoCenters,0.9700831052496713,0.9700831052496713
805,XGBoost,provided_plus_rdkit_descriptors,rdkit_SlogP_VSA3,rdkit_EState_VSA10,0.9700698499409252,0.9700698499409252
806,XGBoost,provided_plus_rdkit_descriptors,rdkit_LabuteASA,rdkit_VSA_EState1,0.9699942447074743,0.9699942447074743
807,XGBoost,provided_plus_rdkit_descriptors,rdkit_NumAtomStereoCenters,rdkit_fr_Al_OH_noTert,0.9698339654684588,0.9698339654684588
808,XGBoost,provided_plus_rdkit_descriptors,rdkit_VSA_EState7,rdkit_MolLogP,0.9697251718461338,0.9697251718461338
809,XGBoost,provided_plus_rdkit_descriptors,rdkit_FpDensityMorgan2,rdkit_FpDensityMorgan3,0.9697200584567873,0.9697200584567873
810,XGBoost,provided_plus_rdkit_descriptors,rdkit_Chi0v,rdkit_PEOE_VSA1,0.969660204611106,0.969660204611106
811,XGBoost,provided_plus_rdkit_descriptors,rdkit_EState_VSA10,rdkit_fr_Al_OH,0.9696511347466834,0.9696511347466834
812,XGBoost,provided_plus_rdkit_descriptors,rdkit_NHOHCount,rdkit_NumAtomStereoCenters,0.9696223258795289,0.9696223258795289
813,XGBoost,provided_plus_rdkit_descriptors,rdkit_Chi0v,rdkit_NumHDonors,0.969605027132918,0.969605027132918
814,XGBoost,provided_plus_rdkit_descriptors,rdkit_Chi0n,rdkit_fr_ether,0.96955983677549,0.96955983677549
815,XGBoost,provided_plus_rdkit_descriptors,rdkit_Chi4n,rdkit_Kappa1,0.9695266520681023,0.9695266520681023
816,XGBoost,provided_plus_rdkit_descriptors,rdkit_Chi1,rdkit_VSA_EState1,0.9693335409447524,0.9693335409447524
817,XGBoost,provided_plus_rdkit_descriptors,rdkit_Kappa1,rdkit_fr_ether,0.9693124879444702,0.9693124879444702
818,XGBoost,provided_plus_rdkit_descriptors,rdkit_Chi0v,rdkit_SlogP_VSA3,0.9692571604055992,0.9692571604055992
819,XGBoost,provided_plus_rdkit_descriptors,rdkit_Chi1v,rdkit_EState_VSA10,0.9692323169418449,0.9692323169418449
820,XGBoost,provided_plus_rdkit_descriptors,rdkit_VSA_EState7,rdkit_fr_ether,-0.9690697834222332,0.9690697834222332
821,XGBoost,provided_plus_rdkit_descriptors,rdkit_VSA_EState7,rdkit_NHOHCount,-0.9690587066932689,0.9690587066932689
822,XGBoost,provided_plus_rdkit_descriptors,rdkit_Phi,rdkit_fr_Al_OH,0.968908794935712,0.968908794935712
823,XGBoost,provided_plus_rdkit_descriptors,rdkit_EState_VSA10,rdkit_fr_Al_OH_noTert,0.9688415110897329,0.9688415110897329
824,XGBoost,provided_plus_rdkit_descriptors,rdkit_NHOHCount,rdkit_MolMR,0.9687297360371826,0.9687297360371826
825,XGBoost,provided_plus_rdkit_descriptors,rdkit_MolMR,rdkit_fr_Al_OH,0.9687292290802879,0.9687292290802879
826,XGBoost,provided_plus_rdkit_descriptors,rdkit_Chi1v,rdkit_fr_ether,0.9687251126410803,0.9687251126410803
827,XGBoost,provided_plus_rdkit_descriptors,rdkit_Chi0n,rdkit_PEOE_VSA10,0.9686588420065552,0.9686588420065552
828,XGBoost,provided_plus_rdkit_descriptors,rdkit_Chi4n,rdkit_NumAtomStereoCenters,0.9686578306778965,0.9686578306778965
829,XGBoost,provided_plus_rdkit_descriptors,rdkit_Chi2v,rdkit_EState_VSA1,0.9686558953588832,0.9686558953588832
830,XGBoost,provided_plus_rdkit_descriptors,rdkit_Chi1v,rdkit_PEOE_VSA1,0.968620789127953,0.968620789127953
831,XGBoost,provided_plus_rdkit_descriptors,rdkit_VSA_EState1,rdkit_HeavyAtomCount,0.9686047212610259,0.9686047212610259
832,XGBoost,provided_plus_rdkit_descriptors,rdkit_Chi1n,rdkit_NHOHCount,0.9685963485284917,0.9685963485284917
833,XGBoost,provided_plus_rdkit_descriptors,rdkit_fr_Al_OH,rdkit_fr_ether,0.968593758673988,0.968593758673988
834,XGBoost,provided_plus_rdkit_descriptors,rdkit_Chi1v,rdkit_SlogP_VSA3,0.9685070621282772,0.9685070621282772
835,XGBoost,provided_plus_rdkit_descriptors,rdkit_NumAliphaticCarbocycles,rdkit_NumSaturatedCarbocycles,0.9683554571752844,0.9683554571752844
836,XGBoost,provided_plus_rdkit_descriptors,rdkit_Chi1n,rdkit_PEOE_VSA10,0.9683474762813713,0.9683474762813713
837,XGBoost,provided_plus_rdkit_descriptors,rdkit_Chi0n,rdkit_fr_Al_OH_noTert,0.968242428908261,0.968242428908261
838,XGBoost,provided_plus_rdkit_descriptors,rdkit_Chi1v,rdkit_VSA_EState1,0.968155520391242,0.968155520391242
839,XGBoost,provided_plus_rdkit_descriptors,rdkit_Chi1n,rdkit_Phi,0.9681102210711944,0.9681102210711944
840,XGBoost,provided_plus_rdkit_descriptors,rdkit_BertzCT,rdkit_fr_ether,0.9680394964716937,0.9680394964716937
841,XGBoost,provided_plus_rdkit_descriptors,rdkit_Phi,rdkit_fr_Al_OH_noTert,0.9680114644045156,0.9680114644045156
842,XGBoost,provided_plus_rdkit_descriptors,rdkit_Chi1v,rdkit_NumHDonors,0.9679844572191902,0.9679844572191902
843,XGBoost,provided_plus_rdkit_descriptors,rdkit_fr_Al_OH_noTert,rdkit_fr_ether,0.9678973050039149,0.9678973050039149
844,XGBoost,provided_plus_rdkit_descriptors,rdkit_VSA_EState9,rdkit_fr_phos_acid,-0.9678610667285926,0.9678610667285926
845,XGBoost,provided_plus_rdkit_descriptors,rdkit_BertzCT,rdkit_NumHDonors,0.9678416224881672,0.9678416224881672
846,XGBoost,provided_plus_rdkit_descriptors,rdkit_Chi0v,rdkit_fr_ether,0.9678161057836254,0.9678161057836254
847,XGBoost,provided_plus_rdkit_descriptors,rdkit_Chi0n,rdkit_SlogP_VSA3,0.967654450633678,0.967654450633678
848,XGBoost,provided_plus_rdkit_descriptors,rdkit_NumValenceElectrons,rdkit_VSA_EState1,0.9676157532564661,0.9676157532564661
849,XGBoost,provided_plus_rdkit_descriptors,rdkit_Chi1n,rdkit_fr_Al_OH_noTert,0.9675201205488642,0.9675201205488642
850,XGBoost,provided_plus_rdkit_descriptors,rdkit_Chi1v,rdkit_Phi,0.9674888482442681,0.9674888482442681
851,XGBoost,provided_plus_rdkit_descriptors,rdkit_EState_VSA10,rdkit_VSA_EState7,-0.9674830634744389,0.9674830634744389
852,XGBoost,provided_plus_rdkit_descriptors,rdkit_Chi2n,rdkit_NumHAcceptors,0.9671328732980777,0.9671328732980777
853,XGBoost,provided_plus_rdkit_descriptors,rdkit_Chi2n,rdkit_SlogP_VSA2,0.9668916687999414,0.9668916687999414
854,XGBoost,provided_plus_rdkit_descriptors,rdkit_NumHeteroatoms,rdkit_MolLogP,-0.9668821787792732,0.9668821787792732
855,XGBoost,provided_plus_rdkit_descriptors,rdkit_SlogP_VSA3,rdkit_VSA_EState7,-0.9668061365563091,0.9668061365563091
856,XGBoost,provided_plus_rdkit_descriptors,rdkit_SlogP_VSA3,rdkit_NumAtomStereoCenters,0.9667941558253804,0.9667941558253804
857,XGBoost,provided_plus_rdkit_descriptors,rdkit_Chi0v,rdkit_VSA_EState1,0.9666932946264539,0.9666932946264539
858,XGBoost,provided_plus_rdkit_descriptors,rdkit_SMR_VSA4,rdkit_SlogP_VSA5,0.9664769266258354,0.9664769266258354
859,XGBoost,provided_plus_rdkit_descriptors,rdkit_Chi0v,rdkit_fr_Al_OH,0.9664721646070398,0.9664721646070398
860,XGBoost,provided_plus_rdkit_descriptors,rdkit_Chi0,rdkit_VSA_EState1,0.9664447338930483,0.9664447338930483
861,XGBoost,provided_plus_rdkit_descriptors,rdkit_BertzCT,rdkit_VSA_EState1,0.9662470708607539,0.9662470708607539
862,XGBoost,provided_plus_rdkit_descriptors,rdkit_PEOE_VSA1,rdkit_Phi,0.9661238248467922,0.9661238248467922
863,XGBoost,provided_plus_rdkit_descriptors,rdkit_Chi0v,rdkit_NHOHCount,0.9660996154383831,0.9660996154383831
864,XGBoost,provided_plus_rdkit_descriptors,rdkit_BertzCT,rdkit_SMR_VSA5,0.966022117016679,0.966022117016679
865,XGBoost,provided_plus_rdkit_descriptors,rdkit_Chi2v,rdkit_NumHeteroatoms,0.9659555618690571,0.9659555618690571
866,XGBoost,provided_plus_rdkit_descriptors,rdkit_BertzCT,rdkit_PEOE_VSA10,0.9659462359209164,0.9659462359209164
867,XGBoost,provided_plus_rdkit_descriptors,rdkit_Kappa3,rdkit_TPSA,0.9658570323522211,0.9658570323522211
868,XGBoost,provided_plus_rdkit_descriptors,rdkit_Chi2n,rdkit_VSA_EState3,0.9657683278332728,0.9657683278332728
869,XGBoost,provided_plus_rdkit_descriptors,rdkit_MolMR,rdkit_fr_ether,0.9657638751438524,0.9657638751438524
870,XGBoost,provided_plus_rdkit_descriptors,rdkit_Chi2n,rdkit_NOCount,0.9657427052886023,0.9657427052886023
871,XGBoost,provided_plus_rdkit_descriptors,rdkit_Kappa2,rdkit_SMR_VSA5,0.965655715266028,0.965655715266028
872,XGBoost,provided_plus_rdkit_descriptors,rdkit_Chi1n,rdkit_SlogP_VSA3,0.9656477594848065,0.9656477594848065
873,XGBoost,provided_plus_rdkit_descriptors,rdkit_Chi2n,rdkit_SMR_VSA1,0.9654936792048653,0.9654936792048653
874,XGBoost,provided_plus_rdkit_descriptors,rdkit_PEOE_VSA10,rdkit_MolMR,0.9654163590545016,0.9654163590545016
875,XGBoost,provided_plus_rdkit_descriptors,rdkit_NumHDonors,rdkit_fr_ether,0.9653840477854464,0.9653840477854464
876,XGBoost,provided_plus_rdkit_descriptors,rdkit_Chi2v,rdkit_SlogP_VSA2,0.9653661905317522,0.9653661905317522
877,XGBoost,provided_plus_rdkit_descriptors,rdkit_Chi0,rdkit_Kappa3,0.9653033968968835,0.9653033968968835
878,XGBoost,provided_plus_rdkit_descriptors,rdkit_FpDensityMorgan1,rdkit_FpDensityMorgan2,0.9652731648394224,0.9652731648394224
879,XGBoost,provided_plus_rdkit_descriptors,rdkit_SlogP_VSA3,rdkit_VSA_EState3,0.9652230860746193,0.9652230860746193
880,XGBoost,provided_plus_rdkit_descriptors,rdkit_Chi4v,rdkit_Kappa1,0.9651953162273857,0.9651953162273857
881,XGBoost,provided_plus_rdkit_descriptors,rdkit_EState_VSA1,rdkit_MolLogP,-0.9651930810139647,0.9651930810139647
882,XGBoost,provided_plus_rdkit_descriptors,rdkit_MolMR,rdkit_fr_Al_OH_noTert,0.9650904994544248,0.9650904994544248
883,XGBoost,provided_plus_rdkit_descriptors,rdkit_Chi3n,rdkit_EState_VSA1,0.9649586118913278,0.9649586118913278
884,XGBoost,provided_plus_rdkit_descriptors,rdkit_Chi1v,rdkit_fr_Al_OH,0.9648792288373846,0.9648792288373846
885,XGBoost,provided_plus_rdkit_descriptors,rdkit_Chi2n,rdkit_NumHeteroatoms,0.9645236171726173,0.9645236171726173
886,XGBoost,provided_plus_rdkit_descriptors,rdkit_PEOE_VSA6,rdkit_EState_VSA3,0.9644876337987407,0.9644876337987407
887,XGBoost,provided_plus_rdkit_descriptors,rdkit_Chi3n,rdkit_Kappa2,0.9644259435654166,0.9644259435654166
888,XGBoost,provided_plus_rdkit_descriptors,rdkit_SlogP_VSA3,rdkit_MolMR,0.9642825610891468,0.9642825610891468
889,XGBoost,provided_plus_rdkit_descriptors,rdkit_EState_VSA10,rdkit_Phi,0.9641700971286157,0.9641700971286157
890,XGBoost,provided_plus_rdkit_descriptors,rdkit_Chi2v,rdkit_NumHAcceptors,0.9640776389664873,0.9640776389664873
891,XGBoost,provided_plus_rdkit_descriptors,rdkit_TPSA,rdkit_VSA_EState1,0.964030183607861,0.964030183607861
892,XGBoost,provided_plus_rdkit_descriptors,rdkit_EState_VSA10,rdkit_fr_ether,0.9638345720077275,0.9638345720077275
893,XGBoost,provided_plus_rdkit_descriptors,rdkit_BertzCT,rdkit_fr_Al_OH,0.9636063020036386,0.9636063020036386
894,XGBoost,provided_plus_rdkit_descriptors,rdkit_Kappa2,rdkit_SlogP_VSA3,0.9635911564947425,0.9635911564947425
895,XGBoost,provided_plus_rdkit_descriptors,rdkit_NumAtomStereoCenters,rdkit_Phi,0.9634830555417296,0.9634830555417296
896,XGBoost,provided_plus_rdkit_descriptors,rdkit_BertzCT,rdkit_NHOHCount,0.9634282643245438,0.9634282643245438
897,XGBoost,provided_plus_rdkit_descriptors,rdkit_Chi2v,rdkit_NOCount,0.9633916635552837,0.9633916635552837
898,XGBoost,provided_plus_rdkit_descriptors,rdkit_Chi1v,rdkit_NHOHCount,0.9633368178184927,0.9633368178184927
899,XGBoost,provided_plus_rdkit_descriptors,rdkit_PEOE_VSA6,rdkit_NumAliphaticCarbocycles,0.9633211427006475,0.9633211427006475
900,XGBoost,provided_plus_rdkit_descriptors,rdkit_BCUT2D_CHGLO,rdkit_BCUT2D_LOGPLOW,0.9632184925019488,0.9632184925019488
901,XGBoost,provided_plus_rdkit_descriptors,rdkit_Kappa1,rdkit_VSA_EState1,0.9632005420033432,0.9632005420033432
902,XGBoost,provided_plus_rdkit_descriptors,rdkit_Chi2n,rdkit_PEOE_VSA1,0.9631647705698837,0.9631647705698837
903,XGBoost,provided_plus_rdkit_descriptors,rdkit_ExactMolWt,rdkit_Kappa3,0.9631237891006901,0.9631237891006901
904,XGBoost,provided_plus_rdkit_descriptors,rdkit_HeavyAtomMolWt,rdkit_Kappa3,0.9631113908758349,0.9631113908758349
905,XGBoost,provided_plus_rdkit_descriptors,rdkit_MolWt,rdkit_Kappa3,0.963105757704392,0.963105757704392
906,XGBoost,provided_plus_rdkit_descriptors,Molecular weight (Da),rdkit_Kappa3,0.9631054861585976,0.9631054861585976
907,XGBoost,provided_plus_rdkit_descriptors,rdkit_NHOHCount,rdkit_fr_ether,0.9630841753442717,0.9630841753442717
908,XGBoost,provided_plus_rdkit_descriptors,rdkit_SMR_VSA4,rdkit_EState_VSA3,0.9630401956099494,0.9630401956099494
909,XGBoost,provided_plus_rdkit_descriptors,rdkit_Chi0v,rdkit_fr_Al_OH_noTert,0.9630098802515196,0.9630098802515196
910,XGBoost,provided_plus_rdkit_descriptors,rdkit_NumValenceElectrons,rdkit_Kappa3,0.9628435325348222,0.9628435325348222
911,XGBoost,provided_plus_rdkit_descriptors,rdkit_Kappa2,rdkit_VSA_EState7,-0.9627899953208192,0.9627899953208192
912,XGBoost,provided_plus_rdkit_descriptors,rdkit_Chi0v,rdkit_PEOE_VSA10,0.9626616962518671,0.9626616962518671
913,XGBoost,provided_plus_rdkit_descriptors,rdkit_HeavyAtomMolWt,rdkit_VSA_EState7,-0.9623352237790056,0.9623352237790056
914,XGBoost,provided_plus_rdkit_descriptors,rdkit_Kappa3,rdkit_HeavyAtomCount,0.962282100834733,0.962282100834733
915,XGBoost,provided_plus_rdkit_descriptors,rdkit_Chi1,rdkit_VSA_EState7,-0.9621999743219439,0.9621999743219439
916,XGBoost,provided_plus_rdkit_descriptors,rdkit_Chi2v,rdkit_SMR_VSA1,0.9619848975654259,0.9619848975654259
917,XGBoost,provided_plus_rdkit_descriptors,rdkit_Chi2n,rdkit_TPSA,0.9617374648899332,0.9617374648899332
918,XGBoost,provided_plus_rdkit_descriptors,rdkit_Chi1v,rdkit_PEOE_VSA10,0.9617149929347147,0.9617149929347147
919,XGBoost,provided_plus_rdkit_descriptors,rdkit_PEOE_VSA10,rdkit_VSA_EState1,0.9616446462926828,0.9616446462926828
920,XGBoost,provided_plus_rdkit_descriptors,rdkit_Kappa3,rdkit_NumHDonors,0.9616356239901083,0.9616356239901083
921,XGBoost,provided_plus_rdkit_descriptors,rdkit_Kappa3,rdkit_LabuteASA,0.9615664701730428,0.9615664701730428
922,XGBoost,provided_plus_rdkit_descriptors,rdkit_Chi0n,rdkit_VSA_EState1,0.9615167540077335,0.9615167540077335
923,XGBoost,provided_plus_rdkit_descriptors,rdkit_NumValenceElectrons,rdkit_VSA_EState7,-0.9613816248917217,0.9613816248917217
924,XGBoost,provided_plus_rdkit_descriptors,rdkit_Kappa3,rdkit_NumHeteroatoms,0.9613312136646561,0.9613312136646561
925,XGBoost,provided_plus_rdkit_descriptors,rdkit_Chi1v,rdkit_fr_Al_OH_noTert,0.961236746603402,0.961236746603402
926,XGBoost,provided_plus_rdkit_descriptors,rdkit_Chi1,rdkit_Kappa3,0.9612323026407696,0.9612323026407696
927,XGBoost,provided_plus_rdkit_descriptors,rdkit_ExactMolWt,rdkit_VSA_EState7,-0.9610669441393191,0.9610669441393191
928,XGBoost,provided_plus_rdkit_descriptors,Molecular weight (Da),rdkit_VSA_EState7,-0.9610322986434865,0.9610322986434865
929,XGBoost,provided_plus_rdkit_descriptors,rdkit_MolWt,rdkit_VSA_EState7,-0.9610312222369193,0.9610312222369193
930,XGBoost,provided_plus_rdkit_descriptors,rdkit_PEOE_VSA9,rdkit_MolMR,0.9610257220877161,0.9610257220877161
931,XGBoost,provided_plus_rdkit_descriptors,rdkit_Kappa3,rdkit_NOCount,0.9609443710876014,0.9609443710876014
932,XGBoost,provided_plus_rdkit_descriptors,rdkit_Chi1n,rdkit_VSA_EState1,0.9609126618461216,0.9609126618461216
933,XGBoost,provided_plus_rdkit_descriptors,rdkit_Chi4v,rdkit_NumAtomStereoCenters,0.9607729276847606,0.9607729276847606
934,XGBoost,provided_plus_rdkit_descriptors,rdkit_VSA_EState7,rdkit_HeavyAtomCount,-0.9606928635547194,0.9606928635547194
935,XGBoost,provided_plus_rdkit_descriptors,rdkit_BertzCT,rdkit_fr_Al_OH_noTert,0.9606104603318683,0.9606104603318683
936,XGBoost,provided_plus_rdkit_descriptors,rdkit_Kappa3,rdkit_MolMR,0.9606043669953177,0.9606043669953177
937,XGBoost,provided_plus_rdkit_descriptors,rdkit_Chi3v,rdkit_Kappa2,0.960545246524536,0.960545246524536
938,XGBoost,provided_plus_rdkit_descriptors,rdkit_Chi2n,rdkit_fr_ether,0.9602630043160958,0.9602630043160958
939,XGBoost,provided_plus_rdkit_descriptors,rdkit_VSA_EState1,rdkit_NumAtomStereoCenters,0.9598891101885162,0.9598891101885162
940,XGBoost,provided_plus_rdkit_descriptors,rdkit_Chi0,rdkit_VSA_EState7,-0.9598280997199024,0.9598280997199024
941,XGBoost,provided_plus_rdkit_descriptors,rdkit_Chi2v,rdkit_VSA_EState1,0.9596589372862832,0.9596589372862832
942,XGBoost,provided_plus_rdkit_descriptors,rdkit_SMR_VSA5,rdkit_EState_VSA1,0.9596528129744577,0.9596528129744577
943,XGBoost,provided_plus_rdkit_descriptors,rdkit_BertzCT,rdkit_Phi,0.9596191185863988,0.9596191185863988
944,XGBoost,provided_plus_rdkit_descriptors,rdkit_Kappa3,rdkit_NHOHCount,0.9595620019973818,0.9595620019973818
945,XGBoost,provided_plus_rdkit_descriptors,rdkit_VSA_EState1,rdkit_VSA_EState3,0.9594150515442124,0.9594150515442124
946,XGBoost,provided_plus_rdkit_descriptors,rdkit_Chi2n,rdkit_NumHDonors,0.9593149288493314,0.9593149288493314
947,XGBoost,provided_plus_rdkit_descriptors,rdkit_PEOE_VSA1,rdkit_VSA_EState1,0.9592758735861284,0.9592758735861284
948,XGBoost,provided_plus_rdkit_descriptors,rdkit_SlogP_VSA5,rdkit_EState_VSA3,0.9592298180208573,0.9592298180208573
949,XGBoost,provided_plus_rdkit_descriptors,rdkit_Chi0n,rdkit_Kappa3,0.9591486084709424,0.9591486084709424
950,XGBoost,provided_plus_rdkit_descriptors,rdkit_Chi0v,rdkit_Kappa3,0.9590046438459499,0.9590046438459499
951,XGBoost,provided_plus_rdkit_descriptors,rdkit_Chi1n,rdkit_PEOE_VSA9,0.9589815347605924,0.9589815347605924
952,XGBoost,provided_plus_rdkit_descriptors,rdkit_Kappa1,rdkit_VSA_EState7,-0.9586957997764337,0.9586957997764337
953,XGBoost,provided_plus_rdkit_descriptors,rdkit_Chi3v,rdkit_EState_VSA1,0.9586728122343008,0.9586728122343008
954,XGBoost,provided_plus_rdkit_descriptors,rdkit_NumValenceElectrons,rdkit_PEOE_VSA9,0.9586484694131716,0.9586484694131716
955,XGBoost,provided_plus_rdkit_descriptors,rdkit_SlogP_VSA3,rdkit_NumHDonors,0.9586460671871461,0.9586460671871461
956,XGBoost,provided_plus_rdkit_descriptors,rdkit_BertzCT,rdkit_EState_VSA10,0.9586077166285668,0.9586077166285668
957,XGBoost,provided_plus_rdkit_descriptors,rdkit_Kappa2,rdkit_PEOE_VSA9,0.958498339914955,0.958498339914955
958,XGBoost,provided_plus_rdkit_descriptors,rdkit_Chi3n,rdkit_NumHAcceptors,0.9583989845257661,0.9583989845257661
959,XGBoost,provided_plus_rdkit_descriptors,rdkit_Chi3n,rdkit_SlogP_VSA2,0.9582659035990145,0.9582659035990145
960,XGBoost,provided_plus_rdkit_descriptors,rdkit_Chi2v,rdkit_VSA_EState3,0.9581890434590571,0.9581890434590571
961,XGBoost,provided_plus_rdkit_descriptors,rdkit_Chi0n,rdkit_PEOE_VSA9,0.9580633444509867,0.9580633444509867
962,XGBoost,provided_plus_rdkit_descriptors,rdkit_Chi2n,rdkit_fr_Al_OH,0.9579754585146505,0.9579754585146505
963,XGBoost,provided_plus_rdkit_descriptors,rdkit_Chi0,rdkit_PEOE_VSA9,0.95783112564542,0.95783112564542
964,XGBoost,provided_plus_rdkit_descriptors,rdkit_Chi2n,rdkit_EState_VSA10,0.957645007358782,0.957645007358782
965,XGBoost,provided_plus_rdkit_descriptors,rdkit_PEOE_VSA10,rdkit_Phi,0.9576200662147901,0.9576200662147901
966,XGBoost,provided_plus_rdkit_descriptors,rdkit_VSA_EState1,rdkit_MolMR,0.9575847290263111,0.9575847290263111
967,XGBoost,provided_plus_rdkit_descriptors,rdkit_Chi2v,rdkit_TPSA,0.9574469056503926,0.9574469056503926
968,XGBoost,provided_plus_rdkit_descriptors,rdkit_Chi1,rdkit_PEOE_VSA9,0.9574189980752064,0.9574189980752064
969,XGBoost,provided_plus_rdkit_descriptors,rdkit_Kappa3,rdkit_SMR_VSA1,0.9572098188713083,0.9572098188713083
970,XGBoost,provided_plus_rdkit_descriptors,rdkit_Kappa1,rdkit_PEOE_VSA9,0.9571911562530228,0.9571911562530228
971,XGBoost,provided_plus_rdkit_descriptors,rdkit_Chi3n,rdkit_VSA_EState3,0.9571606428549742,0.9571606428549742
972,XGBoost,provided_plus_rdkit_descriptors,rdkit_PEOE_VSA9,rdkit_HeavyAtomCount,0.9569341743746189,0.9569341743746189
973,XGBoost,provided_plus_rdkit_descriptors,rdkit_MolWt,rdkit_PEOE_VSA9,0.9566748921447527,0.9566748921447527
974,XGBoost,provided_plus_rdkit_descriptors,Molecular weight (Da),rdkit_PEOE_VSA9,0.956673654845366,0.956673654845366
975,XGBoost,provided_plus_rdkit_descriptors,rdkit_Chi2v,rdkit_fr_ether,0.9566639325733072,0.9566639325733072
976,XGBoost,provided_plus_rdkit_descriptors,rdkit_ExactMolWt,rdkit_PEOE_VSA9,0.9566356683012894,0.9566356683012894
977,XGBoost,provided_plus_rdkit_descriptors,rdkit_Kappa3,rdkit_SlogP_VSA2,0.9566158712984406,0.9566158712984406
978,XGBoost,provided_plus_rdkit_descriptors,rdkit_Chi3n,rdkit_SMR_VSA1,0.9564748009722152,0.9564748009722152
979,XGBoost,provided_plus_rdkit_descriptors,rdkit_Chi3n,rdkit_NOCount,0.956457450613067,0.956457450613067
980,XGBoost,provided_plus_rdkit_descriptors,rdkit_SMR_VSA5,rdkit_EState_VSA10,0.9560803315881602,0.9560803315881602
981,XGBoost,provided_plus_rdkit_descriptors,rdkit_Kappa3,rdkit_NumHAcceptors,0.9560237467155922,0.9560237467155922
982,XGBoost,provided_plus_rdkit_descriptors,rdkit_Chi2n,rdkit_Phi,0.9559928241452691,0.9559928241452691
983,XGBoost,provided_plus_rdkit_descriptors,rdkit_Chi3n,rdkit_fr_ether,0.9556494183598009,0.9556494183598009
984,XGBoost,provided_plus_rdkit_descriptors,rdkit_LabuteASA,rdkit_VSA_EState7,-0.9555781266404889,0.9555781266404889
985,XGBoost,provided_plus_rdkit_descriptors,rdkit_Chi2v,rdkit_SlogP_VSA3,0.9555358287255368,0.9555358287255368
986,XGBoost,provided_plus_rdkit_descriptors,rdkit_Kappa2,rdkit_fr_ether,0.9555118254738185,0.9555118254738185
987,XGBoost,provided_plus_rdkit_descriptors,rdkit_Chi3v,rdkit_SlogP_VSA2,0.9554682669751583,0.9554682669751583
988,XGBoost,provided_plus_rdkit_descriptors,rdkit_LabuteASA,rdkit_PEOE_VSA9,0.9554618142451614,0.9554618142451614
989,XGBoost,provided_plus_rdkit_descriptors,rdkit_HeavyAtomMolWt,rdkit_PEOE_VSA9,0.9554543514627456,0.9554543514627456
990,XGBoost,provided_plus_rdkit_descriptors,rdkit_Chi3n,rdkit_NumHeteroatoms,0.9553732339782579,0.9553732339782579
991,XGBoost,provided_plus_rdkit_descriptors,rdkit_SlogP_VSA3,rdkit_NHOHCount,0.9553691906891799,0.9553691906891799
992,XGBoost,provided_plus_rdkit_descriptors,rdkit_Chi2n,rdkit_NHOHCount,0.955270404527008,0.955270404527008
993,XGBoost,provided_plus_rdkit_descriptors,rdkit_SMR_VSA6,rdkit_VSA_EState3,0.955258398207116,0.955258398207116
994,XGBoost,provided_plus_rdkit_descriptors,rdkit_Chi2v,rdkit_Phi,0.9550467696913806,0.9550467696913806
995,XGBoost,provided_plus_rdkit_descriptors,rdkit_Chi3v,rdkit_NumHeteroatoms,0.9550316758204921,0.9550316758204921
996,XGBoost,provided_plus_rdkit_descriptors,rdkit_Kappa3,rdkit_EState_VSA10,0.9550082192496001,0.9550082192496001
997,XGBoost,provided_plus_rdkit_descriptors,rdkit_PEOE_VSA10,rdkit_SMR_VSA6,0.9549625242425871,0.9549625242425871
998,XGBoost,provided_plus_rdkit_descriptors,rdkit_Chi2v,rdkit_EState_VSA10,0.9547107528900137,0.9547107528900137
999,XGBoost,provided_plus_rdkit_descriptors,rdkit_Chi3v,rdkit_VSA_EState1,0.9546214391053952,0.9546214391053952
1000,XGBoost,provided_plus_rdkit_descriptors,rdkit_Chi1v,rdkit_Kappa3,0.9543962226026179,0.9543962226026179
1001,XGBoost,provided_plus_rdkit_descriptors,rdkit_Chi3n,rdkit_PEOE_VSA1,0.9543161395112334,0.9543161395112334
1002,XGBoost,provided_plus_rdkit_descriptors,rdkit_Chi2n,rdkit_PEOE_VSA9,0.9539504530833445,0.9539504530833445
1003,XGBoost,provided_plus_rdkit_descriptors,rdkit_Chi1n,rdkit_Kappa3,0.9538552819560147,0.9538552819560147
1004,XGBoost,provided_plus_rdkit_descriptors,rdkit_Chi2n,rdkit_PEOE_VSA10,0.9538078805550039,0.9538078805550039
1005,XGBoost,provided_plus_rdkit_descriptors,rdkit_Chi0v,rdkit_PEOE_VSA9,0.9536448591451209,0.9536448591451209
1006,XGBoost,provided_plus_rdkit_descriptors,rdkit_SMR_VSA5,rdkit_NumHAcceptors,0.9535038759102746,0.9535038759102746
1007,XGBoost,provided_plus_rdkit_descriptors,rdkit_VSA_EState4,rdkit_fr_NH2,0.9534802942493347,0.9534802942493347
1008,XGBoost,provided_plus_rdkit_descriptors,rdkit_SMR_VSA5,rdkit_SlogP_VSA2,0.9533839318299481,0.9533839318299481
1009,XGBoost,provided_plus_rdkit_descriptors,rdkit_Chi1v,rdkit_PEOE_VSA9,0.9533472965186509,0.9533472965186509
1010,XGBoost,provided_plus_rdkit_descriptors,rdkit_Chi3v,rdkit_NumHAcceptors,0.953299187307187,0.953299187307187
1011,XGBoost,provided_plus_rdkit_descriptors,rdkit_Chi2n,rdkit_fr_Al_OH_noTert,0.9531460816245454,0.9531460816245454
1012,XGBoost,provided_plus_rdkit_descriptors,rdkit_SMR_VSA6,rdkit_EState_VSA1,0.9531421301338915,0.9531421301338915
1013,XGBoost,provided_plus_rdkit_descriptors,rdkit_Kappa3,rdkit_EState_VSA1,0.9530663700090504,0.9530663700090504
1014,XGBoost,provided_plus_rdkit_descriptors,rdkit_SMR_VSA6,rdkit_NumHAcceptors,0.9526741878354956,0.9526741878354956
1015,XGBoost,provided_plus_rdkit_descriptors,rdkit_PEOE_VSA1,rdkit_SMR_VSA5,0.9526616748679994,0.9526616748679994
1016,XGBoost,provided_plus_rdkit_descriptors,rdkit_Chi2n,rdkit_SlogP_VSA3,0.9526270562570742,0.9526270562570742
1017,XGBoost,provided_plus_rdkit_descriptors,rdkit_Kappa3,rdkit_VSA_EState3,0.9524483359692428,0.9524483359692428
1018,XGBoost,provided_plus_rdkit_descriptors,rdkit_BCUT2D_CHGHI,rdkit_BCUT2D_LOGPHI,0.9523798010750122,0.9523798010750122
1019,XGBoost,provided_plus_rdkit_descriptors,rdkit_SMR_VSA6,rdkit_SlogP_VSA2,0.9523657349135549,0.9523657349135549
1020,XGBoost,provided_plus_rdkit_descriptors,rdkit_PEOE_VSA7,rdkit_NumAliphaticCarbocycles,0.9522579322085412,0.9522579322085412
1021,XGBoost,provided_plus_rdkit_descriptors,rdkit_Chi2v,rdkit_PEOE_VSA1,0.9522408747475172,0.9522408747475172
1022,XGBoost,provided_plus_rdkit_descriptors,rdkit_PEOE_VSA9,rdkit_NumAtomStereoCenters,0.9521320562598639,0.9521320562598639
1023,XGBoost,provided_plus_rdkit_descriptors,rdkit_SMR_VSA6,rdkit_fr_Al_OH_noTert,0.95202868808407,0.95202868808407
1024,XGBoost,provided_plus_rdkit_descriptors,rdkit_Chi2v,rdkit_NumHDonors,0.9519966435654554,0.9519966435654554
1025,XGBoost,provided_plus_rdkit_descriptors,rdkit_VSA_EState1,rdkit_VSA_EState7,-0.9519735589457672,0.9519735589457672
1026,XGBoost,provided_plus_rdkit_descriptors,rdkit_SlogP_VSA3,rdkit_fr_Al_OH,0.9518791622799136,0.9518791622799136
1027,XGBoost,provided_plus_rdkit_descriptors,rdkit_SMR_VSA5,rdkit_NOCount,0.9518710251883599,0.9518710251883599
1028,XGBoost,provided_plus_rdkit_descriptors,rdkit_SlogP_VSA3,rdkit_fr_Al_OH_noTert,0.9518496227793541,0.9518496227793541
1029,XGBoost,provided_plus_rdkit_descriptors,rdkit_PEOE_VSA7,rdkit_EState_VSA3,0.9517888143135182,0.9517888143135182
1030,XGBoost,provided_plus_rdkit_descriptors,rdkit_Chi3n,rdkit_TPSA,0.9516284320617743,0.9516284320617743
1031,XGBoost,provided_plus_rdkit_descriptors,rdkit_SMR_VSA1,rdkit_SMR_VSA5,0.9516073064808904,0.9516073064808904
1032,XGBoost,provided_plus_rdkit_descriptors,rdkit_SMR_VSA5,rdkit_VSA_EState3,0.9515920915951559,0.9515920915951559
1033,XGBoost,provided_plus_rdkit_descriptors,rdkit_Chi3v,rdkit_NOCount,0.9515093676319839,0.9515093676319839
1034,XGBoost,provided_plus_rdkit_descriptors,rdkit_SMR_VSA6,rdkit_fr_Al_OH,0.9510154411429578,0.9510154411429578
1035,XGBoost,provided_plus_rdkit_descriptors,rdkit_Chi2n,rdkit_VSA_EState1,0.9507887323448734,0.9507887323448734
1036,XGBoost,provided_plus_rdkit_descriptors,rdkit_PEOE_VSA9,rdkit_NumHDonors,0.9505961581524063,0.9505961581524063
1037,XGBoost,provided_plus_rdkit_descriptors,rdkit_Chi3v,rdkit_fr_ether,0.9503034288945755,0.9503034288945755
1038,XGBoost,provided_plus_rdkit_descriptors,rdkit_SMR_VSA1,rdkit_SMR_VSA6,0.9502333434281792,0.9502333434281792
1039,XGBoost,provided_plus_rdkit_descriptors,rdkit_Chi4n,rdkit_EState_VSA1,0.9501595026675588,0.9501595026675588
1040,XGBoost,provided_plus_rdkit_descriptors,rdkit_VSA_EState1,rdkit_NumHDonors,0.9501524824592539,0.9501524824592539
1041,XGBoost,provided_plus_rdkit_descriptors,rdkit_PEOE_VSA9,rdkit_EState_VSA1,0.9501489384325621,0.9501489384325621
1042,XGBoost,provided_plus_rdkit_descriptors,rdkit_PEOE_VSA9,rdkit_VSA_EState3,0.9501363187499163,0.9501363187499163
1043,XGBoost,provided_plus_rdkit_descriptors,rdkit_Chi3v,rdkit_SMR_VSA1,0.9500898005896231,0.9500898005896231
1044,XGBoost,provided_plus_rdkit_descriptors,rdkit_Chi4n,rdkit_Kappa2,0.9500508873948709,0.9500508873948709
1045,XGBoost,provided_plus_rdkit_descriptors,rdkit_PEOE_VSA9,rdkit_fr_Al_OH,0.949973722197781,0.949973722197781
1046,XGBoost,provided_plus_rdkit_descriptors,rdkit_SMR_VSA5,rdkit_NumHeteroatoms,0.949615938749661,0.949615938749661
1047,XGBoost,provided_plus_rdkit_descriptors,rdkit_Chi2v,rdkit_fr_Al_OH,0.9494733170910039,0.9494733170910039
1048,XGBoost,provided_plus_rdkit_descriptors,rdkit_NumRotatableBonds,rdkit_Phi,0.9493168259519358,0.9493168259519358
1049,XGBoost,provided_plus_rdkit_descriptors,rdkit_Chi3n,rdkit_NumHDonors,0.9490453515972834,0.9490453515972834
1050,XGBoost,provided_plus_rdkit_descriptors,rdkit_PEOE_VSA9,rdkit_Phi,0.9489878317604385,0.9489878317604385
1051,XGBoost,provided_plus_rdkit_descriptors,rdkit_Kappa3,rdkit_fr_Al_OH,0.948940131024148,0.948940131024148
1052,XGBoost,provided_plus_rdkit_descriptors,rdkit_EState_VSA10,rdkit_VSA_EState1,0.9488672131319422,0.9488672131319422
1053,XGBoost,provided_plus_rdkit_descriptors,rdkit_Chi3n,rdkit_fr_Al_OH,0.9488081896067876,0.9488081896067876
1054,XGBoost,provided_plus_rdkit_descriptors,rdkit_Kappa3,rdkit_PEOE_VSA1,0.9487644953038977,0.9487644953038977
1055,XGBoost,provided_plus_rdkit_descriptors,rdkit_Chi1n,rdkit_VSA_EState7,-0.9487414625611666,0.9487414625611666
1056,XGBoost,provided_plus_rdkit_descriptors,rdkit_VSA_EState1,rdkit_fr_Al_OH,0.9486350015049935,0.9486350015049935
1057,XGBoost,provided_plus_rdkit_descriptors,rdkit_Chi0n,rdkit_VSA_EState7,-0.9485030693391542,0.9485030693391542
1058,XGBoost,provided_plus_rdkit_descriptors,rdkit_SMR_VSA5,rdkit_fr_ether,0.9484595976579391,0.9484595976579391
1059,XGBoost,provided_plus_rdkit_descriptors,rdkit_VSA_EState7,rdkit_Phi,-0.9484483191338001,0.9484483191338001
1060,XGBoost,provided_plus_rdkit_descriptors,rdkit_EState_VSA6,rdkit_NumSaturatedCarbocycles,0.9482620798541173,0.9482620798541173
1061,XGBoost,provided_plus_rdkit_descriptors,rdkit_NumSaturatedCarbocycles,rdkit_fr_bicyclic,0.9482620798541168,0.9482620798541168
1062,XGBoost,provided_plus_rdkit_descriptors,rdkit_fr_alkyl_halide,rdkit_fr_halogen,0.9482620798541168,0.9482620798541168
1063,XGBoost,provided_plus_rdkit_descriptors,rdkit_NumSaturatedCarbocycles,rdkit_fr_allylic_oxid,0.9482620798541166,0.9482620798541166
1064,XGBoost,provided_plus_rdkit_descriptors,rdkit_SlogP_VSA4,rdkit_NumSaturatedCarbocycles,0.9482620798541165,0.9482620798541165
1065,XGBoost,provided_plus_rdkit_descriptors,rdkit_VSA_EState10,rdkit_fr_halogen,0.9481865286024429,0.9481865286024429
1066,XGBoost,provided_plus_rdkit_descriptors,rdkit_SMR_VSA5,rdkit_TPSA,0.9481502438286661,0.9481502438286661
1067,XGBoost,provided_plus_rdkit_descriptors,rdkit_SMR_VSA6,rdkit_NOCount,0.9480895485705451,0.9480895485705451
1068,XGBoost,provided_plus_rdkit_descriptors,rdkit_Chi3n,rdkit_EState_VSA10,0.9480871728887739,0.9480871728887739
1069,XGBoost,provided_plus_rdkit_descriptors,rdkit_VSA_EState1,rdkit_fr_Al_OH_noTert,0.9480324521789973,0.9480324521789973
1070,XGBoost,provided_plus_rdkit_descriptors,rdkit_Chi3n,rdkit_PEOE_VSA9,0.947994956765505,0.947994956765505
1071,XGBoost,provided_plus_rdkit_descriptors,rdkit_Kappa3,rdkit_fr_Al_OH_noTert,0.9479134597181044,0.9479134597181044
1072,XGBoost,provided_plus_rdkit_descriptors,rdkit_Kappa3,rdkit_NumRotatableBonds,0.9478379252005208,0.9478379252005208
1073,XGBoost,provided_plus_rdkit_descriptors,rdkit_Chi2v,rdkit_NHOHCount,0.9475885609825291,0.9475885609825291
1074,XGBoost,provided_plus_rdkit_descriptors,rdkit_SlogP_VSA3,rdkit_Phi,0.9473088413514051,0.9473088413514051
1075,XGBoost,provided_plus_rdkit_descriptors,rdkit_SMR_VSA6,rdkit_NumHDonors,0.9471839999371383,0.9471839999371383
1076,XGBoost,provided_plus_rdkit_descriptors,rdkit_Kappa2,rdkit_VSA_EState1,0.9471133346078683,0.9471133346078683
1077,XGBoost,provided_plus_rdkit_descriptors,rdkit_VSA_EState1,rdkit_NHOHCount,0.9469775416985922,0.9469775416985922
1078,XGBoost,provided_plus_rdkit_descriptors,rdkit_Chi3v,rdkit_VSA_EState3,0.9469699822918636,0.9469699822918636
1079,XGBoost,provided_plus_rdkit_descriptors,rdkit_BertzCT,rdkit_NumRotatableBonds,0.9469283358791154,0.9469283358791154
1080,XGBoost,provided_plus_rdkit_descriptors,rdkit_PEOE_VSA1,rdkit_SMR_VSA6,0.9468526740497907,0.9468526740497907
1081,XGBoost,provided_plus_rdkit_descriptors,rdkit_SMR_VSA6,rdkit_NumHeteroatoms,0.9468176639164326,0.9468176639164326
1082,XGBoost,provided_plus_rdkit_descriptors,rdkit_MolLogP,rdkit_fr_ether,-0.9467802041382749,0.9467802041382749
1083,XGBoost,provided_plus_rdkit_descriptors,rdkit_EState_VSA10,rdkit_MolLogP,-0.946736748274371,0.946736748274371
1084,XGBoost,provided_plus_rdkit_descriptors,rdkit_Kappa2,rdkit_NumRotatableBonds,0.9464551539358825,0.9464551539358825
1085,XGBoost,provided_plus_rdkit_descriptors,rdkit_SMR_VSA5,rdkit_NumHDonors,0.9464425182528124,0.9464425182528124
1086,XGBoost,provided_plus_rdkit_descriptors,rdkit_Chi3n,rdkit_VSA_EState1,0.9463598341460089,0.9463598341460089
1087,XGBoost,provided_plus_rdkit_descriptors,rdkit_Kappa3,rdkit_NumAtomStereoCenters,0.946223045127836,0.946223045127836
1088,XGBoost,provided_plus_rdkit_descriptors,rdkit_PEOE_VSA9,rdkit_fr_Al_OH_noTert,0.9461860105693372,0.9461860105693372
1089,XGBoost,provided_plus_rdkit_descriptors,rdkit_SMR_VSA5,rdkit_Phi,0.9461453801615668,0.9461453801615668
1090,XGBoost,provided_plus_rdkit_descriptors,rdkit_Chi3v,rdkit_SlogP_VSA3,0.9460089664603882,0.9460089664603882
1091,XGBoost,provided_plus_rdkit_descriptors,rdkit_SMR_VSA5,rdkit_fr_Al_OH,0.9458366188659978,0.9458366188659978
1092,XGBoost,provided_plus_rdkit_descriptors,rdkit_BertzCT,rdkit_Kappa3,0.9457998548040029,0.9457998548040029
1093,XGBoost,provided_plus_rdkit_descriptors,rdkit_SMR_VSA6,rdkit_fr_ether,0.9457745343972891,0.9457745343972891
1094,XGBoost,provided_plus_rdkit_descriptors,rdkit_PEOE_VSA1,rdkit_PEOE_VSA9,0.9457118104119959,0.9457118104119959
1095,XGBoost,provided_plus_rdkit_descriptors,rdkit_Chi4v,rdkit_Kappa2,0.9454733886016332,0.9454733886016332
1096,XGBoost,provided_plus_rdkit_descriptors,rdkit_PEOE_VSA9,rdkit_SMR_VSA5,0.9453357944314206,0.9453357944314206
1097,XGBoost,provided_plus_rdkit_descriptors,rdkit_Chi3n,rdkit_NHOHCount,0.9452615563898075,0.9452615563898075
1098,XGBoost,provided_plus_rdkit_descriptors,rdkit_Chi3n,rdkit_Phi,0.945020073985349,0.945020073985349
1099,XGBoost,provided_plus_rdkit_descriptors,rdkit_VSA_EState7,rdkit_MolMR,-0.9450042197286305,0.9450042197286305
1100,XGBoost,provided_plus_rdkit_descriptors,rdkit_Chi1v,rdkit_VSA_EState7,-0.9449574946009085,0.9449574946009085
1101,XGBoost,provided_plus_rdkit_descriptors,rdkit_Chi0v,rdkit_VSA_EState7,-0.9449206478989018,0.9449206478989018
1102,XGBoost,provided_plus_rdkit_descriptors,rdkit_PEOE_VSA6,rdkit_EState_VSA8,0.9448705761961358,0.9448705761961358
1103,XGBoost,provided_plus_rdkit_descriptors,rdkit_Chi3n,rdkit_SlogP_VSA3,0.9447693600387251,0.9447693600387251
1104,XGBoost,provided_plus_rdkit_descriptors,rdkit_SMR_VSA6,rdkit_TPSA,0.9447506508558238,0.9447506508558238
1105,XGBoost,provided_plus_rdkit_descriptors,rdkit_Chi2v,rdkit_fr_Al_OH_noTert,0.9446916539559234,0.9446916539559234
1106,XGBoost,provided_plus_rdkit_descriptors,rdkit_Chi3n,rdkit_PEOE_VSA10,0.9446120948004555,0.9446120948004555
1107,XGBoost,provided_plus_rdkit_descriptors,rdkit_Chi2v,rdkit_PEOE_VSA9,0.944308004967098,0.944308004967098
1108,XGBoost,provided_plus_rdkit_descriptors,rdkit_Chi3v,rdkit_TPSA,0.9442007586406556,0.9442007586406556
1109,XGBoost,provided_plus_rdkit_descriptors,rdkit_fr_C_O,rdkit_fr_C_O_noCOO,0.9441326755472582,0.9441326755472582
1110,XGBoost,provided_plus_rdkit_descriptors,rdkit_SlogP_VSA3,rdkit_MolLogP,-0.9439716068144774,0.9439716068144774
1111,XGBoost,provided_plus_rdkit_descriptors,rdkit_Chi2v,rdkit_PEOE_VSA10,0.9437990019826235,0.9437990019826235
1112,XGBoost,provided_plus_rdkit_descriptors,rdkit_Chi4n,rdkit_fr_ether,0.9437949805918038,0.9437949805918038
1113,XGBoost,provided_plus_rdkit_descriptors,rdkit_SMR_VSA5,rdkit_NHOHCount,0.9435793840322076,0.9435793840322076
1114,XGBoost,provided_plus_rdkit_descriptors,rdkit_Kappa1,rdkit_NumRotatableBonds,0.9435285540195217,0.9435285540195217
1115,XGBoost,provided_plus_rdkit_descriptors,rdkit_BertzCT,rdkit_PEOE_VSA9,0.9434295086915119,0.9434295086915119
1116,XGBoost,provided_plus_rdkit_descriptors,rdkit_Chi3n,rdkit_fr_Al_OH_noTert,0.9434080177780763,0.9434080177780763
1117,XGBoost,provided_plus_rdkit_descriptors,rdkit_PEOE_VSA9,rdkit_NHOHCount,0.9434055719426842,0.9434055719426842
1118,XGBoost,provided_plus_rdkit_descriptors,rdkit_Chi4v,rdkit_VSA_EState1,0.9432706036005754,0.9432706036005754
1119,XGBoost,provided_plus_rdkit_descriptors,rdkit_TPSA,rdkit_NumRotatableBonds,0.9432597998185008,0.9432597998185008
1120,XGBoost,provided_plus_rdkit_descriptors,rdkit_Chi3v,rdkit_EState_VSA10,0.9432154751284745,0.9432154751284745
1121,XGBoost,provided_plus_rdkit_descriptors,rdkit_Chi4v,rdkit_EState_VSA1,0.9430635474686027,0.9430635474686027
1122,XGBoost,provided_plus_rdkit_descriptors,rdkit_PEOE_VSA9,rdkit_SlogP_VSA2,0.9429954100779764,0.9429954100779764
1123,XGBoost,provided_plus_rdkit_descriptors,rdkit_NumHDonors,rdkit_NumRotatableBonds,0.942874222927371,0.942874222927371
1124,XGBoost,provided_plus_rdkit_descriptors,rdkit_EState_VSA6,rdkit_NumAliphaticCarbocycles,0.942830857532955,0.942830857532955
1125,XGBoost,provided_plus_rdkit_descriptors,rdkit_NumAliphaticCarbocycles,rdkit_fr_bicyclic,0.9428308575329544,0.9428308575329544
1126,XGBoost,provided_plus_rdkit_descriptors,rdkit_NumAliphaticCarbocycles,rdkit_fr_allylic_oxid,0.9428308575329544,0.9428308575329544
1127,XGBoost,provided_plus_rdkit_descriptors,rdkit_SlogP_VSA4,rdkit_NumAliphaticCarbocycles,0.9428308575329543,0.9428308575329543
1128,XGBoost,provided_plus_rdkit_descriptors,rdkit_Chi3v,rdkit_Phi,0.9427630280955211,0.9427630280955211
1129,XGBoost,provided_plus_rdkit_descriptors,rdkit_Kappa2,rdkit_MolLogP,-0.942669446046693,0.942669446046693
1130,XGBoost,provided_plus_rdkit_descriptors,rdkit_Chi4n,rdkit_NumHAcceptors,0.9418292856253901,0.9418292856253901
1131,XGBoost,provided_plus_rdkit_descriptors,rdkit_PEOE_VSA6,rdkit_NumSaturatedCarbocycles,0.9416234167531742,0.9416234167531742
1132,XGBoost,provided_plus_rdkit_descriptors,rdkit_Chi4n,rdkit_SlogP_VSA2,0.9416059768160824,0.9416059768160824
1133,XGBoost,provided_plus_rdkit_descriptors,rdkit_Chi2n,rdkit_Kappa3,0.9414331321712079,0.9414331321712079
1134,XGBoost,provided_plus_rdkit_descriptors,rdkit_PEOE_VSA5,rdkit_fr_alkyl_halide,0.9414298331033356,0.9414298331033356
1135,XGBoost,provided_plus_rdkit_descriptors,rdkit_PEOE_VSA9,rdkit_NumHAcceptors,0.9413783434950206,0.9413783434950206
1136,XGBoost,provided_plus_rdkit_descriptors,rdkit_PEOE_VSA5,rdkit_VSA_EState10,0.9413521598948895,0.9413521598948895
1137,XGBoost,provided_plus_rdkit_descriptors,rdkit_BCUT2D_CHGHI,rdkit_BCUT2D_MRLOW,-0.9413221705795478,0.9413221705795478
1138,XGBoost,provided_plus_rdkit_descriptors,rdkit_Chi2v,rdkit_Kappa3,0.9412660256117743,0.9412660256117743
1139,XGBoost,provided_plus_rdkit_descriptors,rdkit_PEOE_VSA10,rdkit_SMR_VSA5,0.9409101191660068,0.9409101191660068
1140,XGBoost,provided_plus_rdkit_descriptors,rdkit_SMR_VSA5,rdkit_fr_Al_OH_noTert,0.9407980681831594,0.9407980681831594
1141,XGBoost,provided_plus_rdkit_descriptors,rdkit_VSA_EState3,rdkit_NumRotatableBonds,0.940792876941164,0.940792876941164
1142,XGBoost,provided_plus_rdkit_descriptors,rdkit_EState_VSA6,rdkit_EState_VSA8,0.9404900689837346,0.9404900689837346
1143,XGBoost,provided_plus_rdkit_descriptors,rdkit_SlogP_VSA4,rdkit_EState_VSA8,0.9404900689837337,0.9404900689837337
1144,XGBoost,provided_plus_rdkit_descriptors,rdkit_EState_VSA8,rdkit_fr_bicyclic,0.9404900689837333,0.9404900689837333
1145,XGBoost,provided_plus_rdkit_descriptors,rdkit_EState_VSA8,rdkit_fr_allylic_oxid,0.9404900689837331,0.9404900689837331
1146,XGBoost,provided_plus_rdkit_descriptors,rdkit_BertzCT,rdkit_SMR_VSA6,0.9404533449277469,0.9404533449277469
1147,XGBoost,provided_plus_rdkit_descriptors,rdkit_SMR_VSA6,rdkit_NHOHCount,0.9402960092648809,0.9402960092648809
1148,XGBoost,provided_plus_rdkit_descriptors,rdkit_SMR_VSA4,rdkit_NumSaturatedCarbocycles,0.9401961455103713,0.9401961455103713
1149,XGBoost,provided_plus_rdkit_descriptors,rdkit_SMR_VSA6,rdkit_MolLogP,-0.9401781177387505,0.9401781177387505
1150,XGBoost,provided_plus_rdkit_descriptors,rdkit_Chi4n,rdkit_NOCount,0.9399828736456792,0.9399828736456792
1151,XGBoost,provided_plus_rdkit_descriptors,rdkit_Chi4n,rdkit_VSA_EState3,0.9399604035409889,0.9399604035409889
1152,XGBoost,provided_plus_rdkit_descriptors,rdkit_Chi4n,rdkit_SMR_VSA1,0.9398604626520956,0.9398604626520956
1153,XGBoost,provided_plus_rdkit_descriptors,rdkit_BCUT2D_CHGLO,rdkit_BCUT2D_MRLOW,0.9397096440295014,0.9397096440295014
1154,XGBoost,provided_plus_rdkit_descriptors,rdkit_SlogP_VSA5,rdkit_EState_VSA8,0.9391246942692002,0.9391246942692002
1155,XGBoost,provided_plus_rdkit_descriptors,rdkit_Chi3v,rdkit_PEOE_VSA1,0.939049562639572,0.939049562639572
1156,XGBoost,provided_plus_rdkit_descriptors,rdkit_Chi4n,rdkit_NumHeteroatoms,0.9390120349513154,0.9390120349513154
1157,XGBoost,provided_plus_rdkit_descriptors,rdkit_SMR_VSA6,rdkit_VSA_EState1,0.9387499524842388,0.9387499524842388
1158,XGBoost,provided_plus_rdkit_descriptors,rdkit_PEOE_VSA5,rdkit_SlogP_VSA12,0.9387233815159304,0.9387233815159304
1159,XGBoost,provided_plus_rdkit_descriptors,rdkit_Kappa3,rdkit_PEOE_VSA9,0.9386715798224009,0.9386715798224009
1160,XGBoost,provided_plus_rdkit_descriptors,rdkit_NOCount,rdkit_NumRotatableBonds,0.9386503385228993,0.9386503385228993
1161,XGBoost,provided_plus_rdkit_descriptors,rdkit_SlogP_VSA12,rdkit_fr_halogen,0.9386243066471629,0.9386243066471629
1162,XGBoost,provided_plus_rdkit_descriptors,rdkit_Kappa3,rdkit_PEOE_VSA10,0.9383083874641638,0.9383083874641638
1163,XGBoost,provided_plus_rdkit_descriptors,rdkit_Chi4v,rdkit_NumHeteroatoms,0.9382742652505838,0.9382742652505838
1164,XGBoost,provided_plus_rdkit_descriptors,rdkit_Chi0,rdkit_NumRotatableBonds,0.9382444756274156,0.9382444756274156
1165,XGBoost,provided_plus_rdkit_descriptors,rdkit_Chi4v,rdkit_SlogP_VSA2,0.938231996476771,0.938231996476771
1166,XGBoost,provided_plus_rdkit_descriptors,rdkit_Chi3v,rdkit_NumHDonors,0.9381237544681211,0.9381237544681211
1167,XGBoost,provided_plus_rdkit_descriptors,rdkit_Chi4n,rdkit_PEOE_VSA1,0.9380106849289587,0.9380106849289587
1168,XGBoost,provided_plus_rdkit_descriptors,rdkit_NumHAcceptors,rdkit_NumRotatableBonds,0.937864923712714,0.937864923712714
1169,XGBoost,provided_plus_rdkit_descriptors,rdkit_SMR_VSA6,rdkit_NumRotatableBonds,0.9376783862055971,0.9376783862055971
1170,XGBoost,provided_plus_rdkit_descriptors,rdkit_Chi4n,rdkit_PEOE_VSA9,0.937668493066014,0.937668493066014
1171,XGBoost,provided_plus_rdkit_descriptors,rdkit_Chi4v,rdkit_fr_ether,0.9376285271489605,0.9376285271489605
1172,XGBoost,provided_plus_rdkit_descriptors,rdkit_Chi3v,rdkit_fr_Al_OH,0.9376146310313013,0.9376146310313013
1173,XGBoost,provided_plus_rdkit_descriptors,rdkit_PEOE_VSA9,rdkit_TPSA,0.9374232806562499,0.9374232806562499
1174,XGBoost,provided_plus_rdkit_descriptors,rdkit_SMR_VSA5,rdkit_SlogP_VSA3,0.9371861832423752,0.9371861832423752
1175,XGBoost,provided_plus_rdkit_descriptors,rdkit_NumHeteroatoms,rdkit_NumRotatableBonds,0.9371415578509888,0.9371415578509888
1176,XGBoost,provided_plus_rdkit_descriptors,rdkit_Phi,rdkit_MolLogP,-0.9368918765391977,0.9368918765391977
1177,XGBoost,provided_plus_rdkit_descriptors,rdkit_PEOE_VSA9,rdkit_SMR_VSA1,0.936869625425152,0.936869625425152
1178,XGBoost,provided_plus_rdkit_descriptors,rdkit_SMR_VSA1,rdkit_NumRotatableBonds,0.9368430240914889,0.9368430240914889
1179,XGBoost,provided_plus_rdkit_descriptors,rdkit_PEOE_VSA9,rdkit_NOCount,0.9367432951174534,0.9367432951174534
1180,XGBoost,provided_plus_rdkit_descriptors,rdkit_SlogP_VSA2,rdkit_NumRotatableBonds,0.936721206169622,0.936721206169622
1181,XGBoost,provided_plus_rdkit_descriptors,rdkit_Kappa1,rdkit_MolLogP,-0.9366156941812058,0.9366156941812058
1182,XGBoost,provided_plus_rdkit_descriptors,rdkit_BCUT2D_CHGHI,rdkit_BCUT2D_CHGLO,-0.9361795619902955,0.9361795619902955
1183,XGBoost,provided_plus_rdkit_descriptors,rdkit_Chi4v,rdkit_NumHAcceptors,0.9360723079386266,0.9360723079386266
1184,XGBoost,provided_plus_rdkit_descriptors,rdkit_PEOE_VSA7,rdkit_EState_VSA8,0.9357273284315816,0.9357273284315816
1185,XGBoost,provided_plus_rdkit_descriptors,rdkit_Kappa3,rdkit_SlogP_VSA3,0.9356876249841881,0.9356876249841881
1186,XGBoost,provided_plus_rdkit_descriptors,rdkit_Chi3v,rdkit_PEOE_VSA9,0.9356177194600533,0.9356177194600533
1187,XGBoost,provided_plus_rdkit_descriptors,rdkit_SMR_VSA5,rdkit_VSA_EState7,-0.9353355570787697,0.9353355570787697
1188,XGBoost,provided_plus_rdkit_descriptors,rdkit_PEOE_VSA9,rdkit_NumHeteroatoms,0.9351557014200902,0.9351557014200902
1189,XGBoost,provided_plus_rdkit_descriptors,rdkit_NumRotatableBonds,rdkit_fr_Al_OH,0.9351227711779234,0.9351227711779234
1190,XGBoost,provided_plus_rdkit_descriptors,rdkit_NumRotatableBonds,rdkit_fr_Al_OH_noTert,0.9350903378733217,0.9350903378733217
1191,XGBoost,provided_plus_rdkit_descriptors,rdkit_HeavyAtomMolWt,rdkit_MolLogP,-0.9349625688017582,0.9349625688017582
1192,XGBoost,provided_plus_rdkit_descriptors,rdkit_Chi4n,rdkit_VSA_EState1,0.9348040772848673,0.9348040772848673
1193,XGBoost,provided_plus_rdkit_descriptors,rdkit_SMR_VSA4,rdkit_NumAliphaticCarbocycles,0.9345375298426922,0.9345375298426922
1194,XGBoost,provided_plus_rdkit_descriptors,rdkit_NHOHCount,rdkit_NumRotatableBonds,0.9344844632376988,0.9344844632376988
1195,XGBoost,provided_plus_rdkit_descriptors,rdkit_Chi4v,rdkit_NOCount,0.9344408113344297,0.9344408113344297
1196,XGBoost,provided_plus_rdkit_descriptors,rdkit_NumValenceElectrons,rdkit_MolLogP,-0.9344287957571614,0.9344287957571614
1197,XGBoost,provided_plus_rdkit_descriptors,rdkit_Chi4n,rdkit_EState_VSA10,0.934191397146332,0.934191397146332
1198,XGBoost,provided_plus_rdkit_descriptors,rdkit_Chi4n,rdkit_TPSA,0.9340010173477034,0.9340010173477034
1199,XGBoost,provided_plus_rdkit_descriptors,rdkit_Chi3v,rdkit_NHOHCount,0.9339631613608036,0.9339631613608036
1200,XGBoost,provided_plus_rdkit_descriptors,rdkit_NumValenceElectrons,rdkit_NumRotatableBonds,0.9338459253265092,0.9338459253265092
1201,XGBoost,provided_plus_rdkit_descriptors,rdkit_HeavyAtomMolWt,rdkit_NumRotatableBonds,0.9338402910625024,0.9338402910625024
1202,XGBoost,provided_plus_rdkit_descriptors,rdkit_Phi,rdkit_fr_ether,0.933601510413721,0.933601510413721
1203,XGBoost,provided_plus_rdkit_descriptors,rdkit_SMR_VSA6,rdkit_VSA_EState5,-0.9335956320269425,0.9335956320269425
1204,XGBoost,provided_plus_rdkit_descriptors,rdkit_PEOE_VSA9,rdkit_EState_VSA10,0.9335183080108574,0.9335183080108574
1205,XGBoost,provided_plus_rdkit_descriptors,rdkit_ExactMolWt,rdkit_NumRotatableBonds,0.9334850302189188,0.9334850302189188
1206,XGBoost,provided_plus_rdkit_descriptors,Molecular weight (Da),rdkit_NumRotatableBonds,0.9334614253529308,0.9334614253529308
1207,XGBoost,provided_plus_rdkit_descriptors,rdkit_MolWt,rdkit_NumRotatableBonds,0.9334608994041451,0.9334608994041451
1208,XGBoost,provided_plus_rdkit_descriptors,rdkit_Chi1,rdkit_MolLogP,-0.9331726443937037,0.9331726443937037
1209,XGBoost,provided_plus_rdkit_descriptors,rdkit_HeavyAtomCount,rdkit_NumRotatableBonds,0.9331539045796776,0.9331539045796776
1210,XGBoost,provided_plus_rdkit_descriptors,rdkit_ExactMolWt,rdkit_MolLogP,-0.933098224701522,0.933098224701522
1211,XGBoost,provided_plus_rdkit_descriptors,rdkit_BertzCT,rdkit_VSA_EState7,-0.9330602242546637,0.9330602242546637
1212,XGBoost,provided_plus_rdkit_descriptors,Molecular weight (Da),rdkit_MolLogP,-0.9330329077813239,0.9330329077813239
1213,XGBoost,provided_plus_rdkit_descriptors,rdkit_MolWt,rdkit_MolLogP,-0.9330311264312282,0.9330311264312282
1214,XGBoost,provided_plus_rdkit_descriptors,rdkit_HeavyAtomMolWt,rdkit_SMR_VSA6,0.9329956409216482,0.9329956409216482
1215,XGBoost,provided_plus_rdkit_descriptors,rdkit_Chi4v,rdkit_SMR_VSA1,0.9327864319735664,0.9327864319735664
1216,XGBoost,provided_plus_rdkit_descriptors,rdkit_Chi1,rdkit_NumRotatableBonds,0.9327279351911402,0.9327279351911402
1217,XGBoost,provided_plus_rdkit_descriptors,rdkit_Chi0,rdkit_MolLogP,-0.9326125424266143,0.9326125424266143
1218,XGBoost,provided_plus_rdkit_descriptors,rdkit_PEOE_VSA10,rdkit_PEOE_VSA9,0.9325830228722364,0.9325830228722364
1219,XGBoost,provided_plus_rdkit_descriptors,rdkit_Kappa3,rdkit_SMR_VSA5,0.9324826927775547,0.9324826927775547
1220,XGBoost,provided_plus_rdkit_descriptors,rdkit_Chi4v,rdkit_SlogP_VSA3,0.9323993489831022,0.9323993489831022
1221,XGBoost,provided_plus_rdkit_descriptors,rdkit_HeavyAtomCount,rdkit_MolLogP,-0.9323492613240646,0.9323492613240646
1222,XGBoost,provided_plus_rdkit_descriptors,rdkit_Chi3v,rdkit_fr_Al_OH_noTert,0.9322771501155657,0.9322771501155657
1223,XGBoost,provided_plus_rdkit_descriptors,rdkit_ExactMolWt,rdkit_SMR_VSA6,0.9318779397918356,0.9318779397918356
1224,XGBoost,provided_plus_rdkit_descriptors,Molecular weight (Da),rdkit_SMR_VSA6,0.9318685987787718,0.9318685987787718
1225,XGBoost,provided_plus_rdkit_descriptors,rdkit_MolWt,rdkit_SMR_VSA6,0.931867654726848,0.931867654726848
1226,XGBoost,provided_plus_rdkit_descriptors,rdkit_NumValenceElectrons,rdkit_SMR_VSA6,0.9317551371717357,0.9317551371717357
1227,XGBoost,provided_plus_rdkit_descriptors,rdkit_VSA_EState2,rdkit_fr_C_O,0.9317413777350917,0.9317413777350917
1228,XGBoost,provided_plus_rdkit_descriptors,rdkit_SMR_VSA5,rdkit_VSA_EState1,0.9315694416715687,0.9315694416715687
1229,XGBoost,provided_plus_rdkit_descriptors,rdkit_Chi4n,rdkit_SlogP_VSA3,0.9314338670547917,0.9314338670547917
1230,XGBoost,provided_plus_rdkit_descriptors,rdkit_Kappa3,rdkit_VSA_EState7,-0.931409629985938,0.931409629985938
1231,XGBoost,provided_plus_rdkit_descriptors,rdkit_EState_VSA1,rdkit_NumRotatableBonds,0.931322354261157,0.931322354261157
1232,XGBoost,provided_plus_rdkit_descriptors,rdkit_Chi1,rdkit_SMR_VSA6,0.9310747570943412,0.9310747570943412
1233,XGBoost,provided_plus_rdkit_descriptors,rdkit_SMR_VSA4,rdkit_EState_VSA8,0.9310124972603264,0.9310124972603264
1234,XGBoost,provided_plus_rdkit_descriptors,rdkit_Chi0,rdkit_SMR_VSA6,0.9309952390929938,0.9309952390929938
1235,XGBoost,provided_plus_rdkit_descriptors,rdkit_Chi3v,rdkit_PEOE_VSA10,0.9309076200733197,0.9309076200733197
1236,XGBoost,provided_plus_rdkit_descriptors,rdkit_Chi4n,rdkit_NumHDonors,0.9307421653573682,0.9307421653573682
1237,XGBoost,provided_plus_rdkit_descriptors,rdkit_LabuteASA,rdkit_NumRotatableBonds,0.9306752076614578,0.9306752076614578
1238,XGBoost,provided_plus_rdkit_descriptors,rdkit_Chi4n,rdkit_fr_Al_OH,0.9304765517008209,0.9304765517008209
1239,XGBoost,provided_plus_rdkit_descriptors,rdkit_Kappa1,rdkit_SMR_VSA6,0.9304628040909383,0.9304628040909383
1240,XGBoost,provided_plus_rdkit_descriptors,rdkit_BCUT2D_LOGPLOW,rdkit_BCUT2D_MRLOW,0.9303475620834859,0.9303475620834859
1241,XGBoost,provided_plus_rdkit_descriptors,rdkit_SlogP_VSA5,rdkit_NumAliphaticCarbocycles,0.9301977032529478,0.9301977032529478
1242,XGBoost,provided_plus_rdkit_descriptors,rdkit_PEOE_VSA1,rdkit_NumRotatableBonds,0.9300889323177247,0.9300889323177247
1243,XGBoost,provided_plus_rdkit_descriptors,rdkit_SMR_VSA6,rdkit_HeavyAtomCount,0.9300405957030721,0.9300405957030721
1244,XGBoost,provided_plus_rdkit_descriptors,rdkit_Chi2n,rdkit_VSA_EState7,-0.9300113485248,0.9300113485248
1245,XGBoost,provided_plus_rdkit_descriptors,rdkit_SMR_VSA6,rdkit_SlogP_VSA3,0.9296508978289663,0.9296508978289663
1246,XGBoost,provided_plus_rdkit_descriptors,rdkit_VSA_EState1,rdkit_MolLogP,-0.9293816500034343,0.9293816500034343
1247,XGBoost,provided_plus_rdkit_descriptors,rdkit_PEOE_VSA7,rdkit_NumSaturatedCarbocycles,0.9288144649673347,0.9288144649673347
1248,XGBoost,provided_plus_rdkit_descriptors,rdkit_Chi4v,rdkit_VSA_EState3,0.9287907527504358,0.9287907527504358
1249,XGBoost,provided_plus_rdkit_descriptors,rdkit_Chi4v,rdkit_EState_VSA10,0.9286556379376516,0.9286556379376516
1250,XGBoost,provided_plus_rdkit_descriptors,rdkit_Chi4n,rdkit_Phi,0.9283279764013278,0.9283279764013278
1251,XGBoost,provided_plus_rdkit_descriptors,rdkit_Chi3n,rdkit_Kappa3,0.928309875406654,0.928309875406654
1252,XGBoost,provided_plus_rdkit_descriptors,rdkit_VSA_EState1,rdkit_Phi,0.9282497608783488,0.9282497608783488
1253,XGBoost,provided_plus_rdkit_descriptors,rdkit_Chi0n,rdkit_NumRotatableBonds,0.9282404801557147,0.9282404801557147
1254,XGBoost,provided_plus_rdkit_descriptors,rdkit_NumRotatableBonds,rdkit_MolMR,0.9274788061062721,0.9274788061062721
1255,XGBoost,provided_plus_rdkit_descriptors,rdkit_BCUT2D_CHGLO,rdkit_BCUT2D_LOGPHI,-0.9273041201160847,0.9273041201160847
1256,XGBoost,provided_plus_rdkit_descriptors,rdkit_PEOE_VSA12,rdkit_SMR_VSA6,0.9272056510604803,0.9272056510604803
1257,XGBoost,provided_plus_rdkit_descriptors,rdkit_Chi4n,rdkit_NHOHCount,0.9270301110885641,0.9270301110885641
1258,XGBoost,provided_plus_rdkit_descriptors,rdkit_Chi4n,rdkit_PEOE_VSA10,0.9269939869437418,0.9269939869437418
1259,XGBoost,provided_plus_rdkit_descriptors,rdkit_SlogP_VSA5,rdkit_EState_VSA4,0.9268723911794542,0.9268723911794542
1260,XGBoost,provided_plus_rdkit_descriptors,rdkit_NumAtomStereoCenters,rdkit_MolLogP,-0.9264164397453554,0.9264164397453554
1261,XGBoost,provided_plus_rdkit_descriptors,rdkit_PEOE_VSA10,rdkit_NumRotatableBonds,0.9263904083336582,0.9263904083336582
1262,XGBoost,provided_plus_rdkit_descriptors,rdkit_Chi0v,rdkit_NumRotatableBonds,0.9262224996347779,0.9262224996347779
1263,XGBoost,provided_plus_rdkit_descriptors,rdkit_LabuteASA,rdkit_SMR_VSA6,0.9260631062001078,0.9260631062001078
1264,XGBoost,provided_plus_rdkit_descriptors,rdkit_Chi4v,rdkit_TPSA,0.9258577050374454,0.9258577050374454
1265,XGBoost,provided_plus_rdkit_descriptors,rdkit_Chi4v,rdkit_Phi,0.9254775186366833,0.9254775186366833
1266,XGBoost,provided_plus_rdkit_descriptors,rdkit_Chi3v,rdkit_Kappa3,0.9254105952291002,0.9254105952291002
1267,XGBoost,provided_plus_rdkit_descriptors,rdkit_Chi2v,rdkit_VSA_EState7,-0.9244683816623928,0.9244683816623928
1268,XGBoost,provided_plus_rdkit_descriptors,rdkit_LabuteASA,rdkit_MolLogP,-0.924351002514576,0.924351002514576
1269,XGBoost,provided_plus_rdkit_descriptors,rdkit_Chi4n,rdkit_fr_Al_OH_noTert,0.9242041865534333,0.9242041865534333
1270,XGBoost,provided_plus_rdkit_descriptors,rdkit_Chi4v,rdkit_PEOE_VSA9,0.9237467918181387,0.9237467918181387
1271,XGBoost,provided_plus_rdkit_descriptors,rdkit_PEOE_VSA9,rdkit_fr_ether,0.9225856158621686,0.9225856158621686
1272,XGBoost,provided_plus_rdkit_descriptors,rdkit_VSA_EState6,rdkit_fr_NH1,-0.9225069576478339,0.9225069576478339
1273,XGBoost,provided_plus_rdkit_descriptors,rdkit_SMR_VSA3,rdkit_VSA_EState6,-0.9225069576478336,0.9225069576478336
1274,XGBoost,provided_plus_rdkit_descriptors,rdkit_SlogP_VSA5,rdkit_NumSaturatedCarbocycles,0.92174997584645,0.92174997584645
1275,XGBoost,provided_plus_rdkit_descriptors,rdkit_Chi4v,rdkit_PEOE_VSA1,0.9214396482176295,0.9214396482176295
1276,XGBoost,provided_plus_rdkit_descriptors,rdkit_Chi1n,rdkit_NumRotatableBonds,0.9213511173205287,0.9213511173205287
1277,XGBoost,provided_plus_rdkit_descriptors,rdkit_BCUT2D_CHGHI,rdkit_BCUT2D_LOGPLOW,-0.9208475185713916,0.9208475185713916
1278,XGBoost,provided_plus_rdkit_descriptors,rdkit_Kappa2,rdkit_SMR_VSA6,0.9201028274661118,0.9201028274661118
1279,XGBoost,provided_plus_rdkit_descriptors,rdkit_Chi0n,rdkit_SMR_VSA6,0.9200142015686443,0.9200142015686443
1280,XGBoost,provided_plus_rdkit_descriptors,rdkit_EState_VSA3,rdkit_NumSaturatedCarbocycles,0.9198691001507205,0.9198691001507205
1281,XGBoost,provided_plus_rdkit_descriptors,rdkit_Chi1v,rdkit_NumRotatableBonds,0.9192604075614978,0.9192604075614978
1282,XGBoost,provided_plus_rdkit_descriptors,rdkit_Chi4v,rdkit_NumHDonors,0.9188934733923946,0.9188934733923946
1283,XGBoost,provided_plus_rdkit_descriptors,rdkit_Chi3n,rdkit_VSA_EState7,-0.9186732451682698,0.9186732451682698
1284,XGBoost,provided_plus_rdkit_descriptors,rdkit_Chi4v,rdkit_fr_Al_OH,0.9182529784022454,0.9182529784022454
1285,XGBoost,provided_plus_rdkit_descriptors,rdkit_SPS,rdkit_BCUT2D_MRLOW,-0.9181142288280022,0.9181142288280022
1286,XGBoost,provided_plus_rdkit_descriptors,rdkit_Chi0v,rdkit_SMR_VSA6,0.9176329516000729,0.9176329516000729
1287,XGBoost,provided_plus_rdkit_descriptors,rdkit_Chi1n,rdkit_SMR_VSA6,0.9172394482732513,0.9172394482732513
1288,XGBoost,provided_plus_rdkit_descriptors,rdkit_EState_VSA10,rdkit_NumRotatableBonds,0.9172014965728175,0.9172014965728175
1289,XGBoost,provided_plus_rdkit_descriptors,rdkit_Kappa3,rdkit_MolLogP,-0.9170871407615641,0.9170871407615641
1290,XGBoost,provided_plus_rdkit_descriptors,rdkit_SMR_VSA6,rdkit_MolMR,0.9155530184084796,0.9155530184084796
1291,XGBoost,provided_plus_rdkit_descriptors,rdkit_SMR_VSA6,rdkit_VSA_EState8,-0.9154517254925484,0.9154517254925484
1292,XGBoost,provided_plus_rdkit_descriptors,rdkit_Chi4v,rdkit_NHOHCount,0.9147855179958756,0.9147855179958756
1293,XGBoost,provided_plus_rdkit_descriptors,rdkit_Chi0n,rdkit_MolLogP,-0.9147624975982608,0.9147624975982608
1294,XGBoost,provided_plus_rdkit_descriptors,rdkit_Chi1v,rdkit_SMR_VSA6,0.9144387650206054,0.9144387650206054
1295,XGBoost,provided_plus_rdkit_descriptors,rdkit_EState_VSA3,rdkit_NumAliphaticCarbocycles,0.9140814059826193,0.9140814059826193
1296,XGBoost,provided_plus_rdkit_descriptors,rdkit_SlogP_VSA3,rdkit_NumRotatableBonds,0.9138680716576177,0.9138680716576177
1297,XGBoost,provided_plus_rdkit_descriptors,rdkit_BertzCT,rdkit_MolLogP,-0.9137010037200796,0.9137010037200796
1298,XGBoost,provided_plus_rdkit_descriptors,rdkit_Chi4v,rdkit_fr_Al_OH_noTert,0.9120492929022066,0.9120492929022066
1299,XGBoost,provided_plus_rdkit_descriptors,rdkit_Chi4v,rdkit_PEOE_VSA10,0.9120416146048503,0.9120416146048503
1300,XGBoost,provided_plus_rdkit_descriptors,rdkit_Chi1n,rdkit_MolLogP,-0.911569070376622,0.911569070376622
1301,XGBoost,provided_plus_rdkit_descriptors,rdkit_Chi4n,rdkit_Kappa3,0.9113859270523682,0.9113859270523682
1302,XGBoost,provided_plus_rdkit_descriptors,rdkit_NumRotatableBonds,rdkit_MolLogP,-0.9107275235279796,0.9107275235279796
1303,XGBoost,provided_plus_rdkit_descriptors,rdkit_Chi3v,rdkit_VSA_EState7,-0.9105272209261344,0.9105272209261344
1304,XGBoost,provided_plus_rdkit_descriptors,rdkit_SMR_VSA6,rdkit_Phi,0.9099500660993414,0.9099500660993414
1305,XGBoost,provided_plus_rdkit_descriptors,rdkit_EState_VSA3,rdkit_EState_VSA8,0.909526022311071,0.909526022311071
1306,XGBoost,provided_plus_rdkit_descriptors,rdkit_Chi0v,rdkit_MolLogP,-0.9093280860823315,0.9093280860823315
1307,XGBoost,provided_plus_rdkit_descriptors,rdkit_MolLogP,rdkit_MolMR,-0.9089921690671606,0.9089921690671606
1308,XGBoost,provided_plus_rdkit_descriptors,rdkit_Chi2n,rdkit_NumRotatableBonds,0.9086622508714556,0.9086622508714556
1309,XGBoost,provided_plus_rdkit_descriptors,rdkit_SMR_VSA6,rdkit_EState_VSA9,0.9083105384792625,0.9083105384792625
1310,XGBoost,provided_plus_rdkit_descriptors,rdkit_Chi4v,rdkit_Kappa3,0.9079156053773809,0.9079156053773809
1311,XGBoost,provided_plus_rdkit_descriptors,rdkit_Kappa3,rdkit_fr_ether,0.9077069295658055,0.9077069295658055
1312,XGBoost,provided_plus_rdkit_descriptors,rdkit_Kappa3,rdkit_VSA_EState1,0.9073786399452008,0.9073786399452008
1313,XGBoost,provided_plus_rdkit_descriptors,rdkit_VSA_EState5,rdkit_VSA_EState8,0.9065913773528638,0.9065913773528638
1314,XGBoost,provided_plus_rdkit_descriptors,rdkit_Chi1v,rdkit_MolLogP,-0.9053943707554098,0.9053943707554098
1315,XGBoost,provided_plus_rdkit_descriptors,rdkit_Chi2v,rdkit_NumRotatableBonds,0.9053452574212951,0.9053452574212951
1316,XGBoost,provided_plus_rdkit_descriptors,rdkit_PEOE_VSA9,rdkit_VSA_EState7,-0.9051042407274552,0.9051042407274552
1317,XGBoost,provided_plus_rdkit_descriptors,rdkit_EState_VSA8,rdkit_NumAliphaticCarbocycles,0.9047784649401871,0.9047784649401871
1318,XGBoost,provided_plus_rdkit_descriptors,rdkit_SMR_VSA6,rdkit_EState_VSA10,0.9046707668678153,0.9046707668678153
1319,XGBoost,provided_plus_rdkit_descriptors,rdkit_PEOE_VSA9,rdkit_SMR_VSA6,0.9044654529400382,0.9044654529400382
1320,XGBoost,provided_plus_rdkit_descriptors,rdkit_PEOE_VSA9,rdkit_NumRotatableBonds,0.9042309564376703,0.9042309564376703
1321,XGBoost,provided_plus_rdkit_descriptors,rdkit_Chi2n,rdkit_SMR_VSA6,0.9024412948531414,0.9024412948531414
1322,XGBoost,provided_plus_rdkit_descriptors,rdkit_Chi4n,rdkit_VSA_EState7,-0.9016386886734498,0.9016386886734498
1323,XGBoost,provided_plus_rdkit_descriptors,rdkit_VSA_EState8,rdkit_MolLogP,0.8998147106809399,0.8998147106809399
1324,XGBoost,provided_plus_rdkit_descriptors,rdkit_PEOE_VSA9,rdkit_SlogP_VSA3,0.899276307785112,0.899276307785112
1325,XGBoost,provided_plus_rdkit_descriptors,rdkit_SMR_VSA6,rdkit_NumAtomStereoCenters,0.8992441929506423,0.8992441929506423
1326,XGBoost,provided_plus_rdkit_descriptors,rdkit_PEOE_VSA9,rdkit_VSA_EState1,0.8984313465754235,0.8984313465754235
1327,XGBoost,provided_plus_rdkit_descriptors,rdkit_Chi2v,rdkit_SMR_VSA6,0.8978286021094081,0.8978286021094081
1328,XGBoost,provided_plus_rdkit_descriptors,rdkit_SMR_VSA6,rdkit_VSA_EState7,-0.8976378173492913,0.8976378173492913
1329,XGBoost,provided_plus_rdkit_descriptors,rdkit_Chi3n,rdkit_NumRotatableBonds,0.8965252901868745,0.8965252901868745
1330,XGBoost,provided_plus_rdkit_descriptors,rdkit_Chi3n,rdkit_SMR_VSA6,0.8945019933123424,0.8945019933123424
1331,XGBoost,provided_plus_rdkit_descriptors,rdkit_NumAtomStereoCenters,rdkit_NumRotatableBonds,0.8933130915861521,0.8933130915861521
1332,XGBoost,provided_plus_rdkit_descriptors,rdkit_SMR_VSA3,rdkit_SlogP_VSA1,0.8932154585123737,0.8932154585123737
1333,XGBoost,provided_plus_rdkit_descriptors,rdkit_SlogP_VSA1,rdkit_fr_NH1,0.8932154585123734,0.8932154585123734
1334,XGBoost,provided_plus_rdkit_descriptors,rdkit_Chi4v,rdkit_VSA_EState7,-0.8926693784719008,0.8926693784719008
1335,XGBoost,provided_plus_rdkit_descriptors,rdkit_EState_VSA4,rdkit_EState_VSA8,0.8918101478941235,0.8918101478941235
1336,XGBoost,provided_plus_rdkit_descriptors,rdkit_Chi3v,rdkit_NumRotatableBonds,0.8907600486708964,0.8907600486708964
1337,XGBoost,provided_plus_rdkit_descriptors,rdkit_SMR_VSA3,rdkit_fr_amide,0.8881060715737713,0.8881060715737713
1338,XGBoost,provided_plus_rdkit_descriptors,rdkit_SMR_VSA3,rdkit_NumAmideBonds,0.8881060715737713,0.8881060715737713
1339,XGBoost,provided_plus_rdkit_descriptors,rdkit_NumAmideBonds,rdkit_fr_NH1,0.8881060715737705,0.8881060715737705
1340,XGBoost,provided_plus_rdkit_descriptors,rdkit_fr_NH1,rdkit_fr_amide,0.8881060715737704,0.8881060715737704
1341,XGBoost,provided_plus_rdkit_descriptors,rdkit_PEOE_VSA12,rdkit_VSA_EState8,-0.8879798994656607,0.8879798994656607
1342,XGBoost,provided_plus_rdkit_descriptors,rdkit_Chi3v,rdkit_SMR_VSA6,0.8878563382379224,0.8878563382379224
1343,XGBoost,provided_plus_rdkit_descriptors,rdkit_SPS,rdkit_BCUT2D_CHGLO,-0.887845852237269,0.887845852237269
1344,XGBoost,provided_plus_rdkit_descriptors,rdkit_NumRotatableBonds,rdkit_fr_ether,0.8875232577553365,0.8875232577553365
1345,XGBoost,provided_plus_rdkit_descriptors,rdkit_VSA_EState1,rdkit_NumRotatableBonds,0.8871939485225193,0.8871939485225193
1346,XGBoost,provided_plus_rdkit_descriptors,rdkit_SlogP_VSA12,rdkit_VSA_EState10,0.8871072906649923,0.8871072906649923
1347,XGBoost,provided_plus_rdkit_descriptors,rdkit_BCUT2D_LOGPHI,rdkit_BCUT2D_MRLOW,-0.8870690302257617,0.8870690302257617
1348,XGBoost,provided_plus_rdkit_descriptors,rdkit_EState_VSA8,rdkit_NumSaturatedCarbocycles,0.886728640476418,0.886728640476418
1349,XGBoost,provided_plus_rdkit_descriptors,rdkit_Chi2n,rdkit_MolLogP,-0.8863598959256331,0.8863598959256331
1350,XGBoost,provided_plus_rdkit_descriptors,rdkit_Kappa3,rdkit_SMR_VSA6,0.8857660166361034,0.8857660166361034
1351,XGBoost,provided_plus_rdkit_descriptors,rdkit_SPS,rdkit_BCUT2D_CHGHI,0.8856565616978979,0.8856565616978979
1352,XGBoost,provided_plus_rdkit_descriptors,rdkit_SlogP_VSA12,rdkit_fr_alkyl_halide,0.8854447102764498,0.8854447102764498
1353,XGBoost,provided_plus_rdkit_descriptors,rdkit_VSA_EState2,rdkit_fr_C_O_noCOO,0.8854084255904333,0.8854084255904333
1354,XGBoost,provided_plus_rdkit_descriptors,rdkit_FractionCSP3,rdkit_fr_C_O,-0.8839043879658438,0.8839043879658438
1355,XGBoost,provided_plus_rdkit_descriptors,rdkit_PEOE_VSA9,rdkit_MolLogP,-0.8822084584496058,0.8822084584496058
1356,XGBoost,provided_plus_rdkit_descriptors,rdkit_EState_VSA4,rdkit_fr_allylic_oxid,0.8814755492566753,0.8814755492566753
1357,XGBoost,provided_plus_rdkit_descriptors,rdkit_EState_VSA4,rdkit_EState_VSA6,0.8814755492566749,0.8814755492566749
1358,XGBoost,provided_plus_rdkit_descriptors,rdkit_EState_VSA4,rdkit_fr_bicyclic,0.8814755492566747,0.8814755492566747
1359,XGBoost,provided_plus_rdkit_descriptors,rdkit_SlogP_VSA4,rdkit_EState_VSA4,0.8814755492566737,0.8814755492566737
1360,XGBoost,provided_plus_rdkit_descriptors,rdkit_VSA_EState5,rdkit_NumRotatableBonds,-0.8804664012091523,0.8804664012091523
1361,XGBoost,provided_plus_rdkit_descriptors,rdkit_VSA_EState7,rdkit_NumRotatableBonds,-0.8789144803997962,0.8789144803997962
1362,XGBoost,provided_plus_rdkit_descriptors,rdkit_PEOE_VSA12,rdkit_NumRotatableBonds,0.8787665502666814,0.8787665502666814
1363,XGBoost,provided_plus_rdkit_descriptors,rdkit_Chi2v,rdkit_MolLogP,-0.8783754307756646,0.8783754307756646
1364,XGBoost,provided_plus_rdkit_descriptors,rdkit_PEOE_VSA10,rdkit_EState_VSA9,0.875307183244762,0.875307183244762
1365,XGBoost,provided_plus_rdkit_descriptors,rdkit_FpDensityMorgan1,rdkit_FpDensityMorgan3,0.8745753676011053,0.8745753676011053
1366,XGBoost,provided_plus_rdkit_descriptors,rdkit_Chi4n,rdkit_NumRotatableBonds,0.8743364629615417,0.8743364629615417
1367,XGBoost,provided_plus_rdkit_descriptors,rdkit_PEOE_VSA6,rdkit_EState_VSA4,0.874262324783703,0.874262324783703
1368,XGBoost,provided_plus_rdkit_descriptors,rdkit_SMR_VSA4,rdkit_EState_VSA4,0.8728252771104297,0.8728252771104297
1369,XGBoost,provided_plus_rdkit_descriptors,rdkit_Chi4n,rdkit_SMR_VSA6,0.8724529357152054,0.8724529357152054
1370,XGBoost,provided_plus_rdkit_descriptors,rdkit_Chi3n,rdkit_MolLogP,-0.871111988406418,0.871111988406418
1371,XGBoost,provided_plus_rdkit_descriptors,rdkit_SMR_VSA5,rdkit_MolLogP,-0.8710919412232695,0.8710919412232695
1372,XGBoost,provided_plus_rdkit_descriptors,rdkit_EState_VSA9,rdkit_VSA_EState3,0.8710366373883343,0.8710366373883343
1373,XGBoost,provided_plus_rdkit_descriptors,rdkit_EState_VSA9,rdkit_VSA_EState5,-0.8701765619085906,0.8701765619085906
1374,XGBoost,provided_plus_rdkit_descriptors,rdkit_SMR_VSA5,rdkit_NumRotatableBonds,0.8690081826770348,0.8690081826770348
1375,XGBoost,provided_plus_rdkit_descriptors,rdkit_Chi4v,rdkit_NumRotatableBonds,0.8678084419414025,0.8678084419414025
1376,XGBoost,provided_plus_rdkit_descriptors,rdkit_PEOE_VSA1,rdkit_EState_VSA9,0.8659151493912389,0.8659151493912389
1377,XGBoost,provided_plus_rdkit_descriptors,rdkit_EState_VSA1,rdkit_EState_VSA9,0.8658461033251624,0.8658461033251624
1378,XGBoost,provided_plus_rdkit_descriptors,rdkit_BertzCT,rdkit_PEOE_VSA12,0.8651794442615729,0.8651794442615729
1379,XGBoost,provided_plus_rdkit_descriptors,rdkit_EState_VSA9,rdkit_fr_Al_OH_noTert,0.8651648681396845,0.8651648681396845
1380,XGBoost,provided_plus_rdkit_descriptors,rdkit_EState_VSA9,rdkit_fr_ether,0.8651106287568333,0.8651106287568333
1381,XGBoost,provided_plus_rdkit_descriptors,rdkit_SlogP_VSA2,rdkit_EState_VSA9,0.8650281108448945,0.8650281108448945
1382,XGBoost,provided_plus_rdkit_descriptors,rdkit_Chi4v,rdkit_SMR_VSA6,0.8649293049937596,0.8649293049937596
1383,XGBoost,provided_plus_rdkit_descriptors,rdkit_SMR_VSA1,rdkit_EState_VSA9,0.864754533167219,0.864754533167219
1384,XGBoost,provided_plus_rdkit_descriptors,rdkit_EState_VSA9,rdkit_fr_Al_OH,0.8638092209034411,0.8638092209034411
1385,XGBoost,provided_plus_rdkit_descriptors,rdkit_SPS,rdkit_BCUT2D_LOGPLOW,-0.8636695363707154,0.8636695363707154
1386,XGBoost,provided_plus_rdkit_descriptors,rdkit_EState_VSA9,rdkit_NumHAcceptors,0.8632908253897644,0.8632908253897644
1387,XGBoost,provided_plus_rdkit_descriptors,rdkit_EState_VSA9,rdkit_NumHeteroatoms,0.8627404227214904,0.8627404227214904
1388,XGBoost,provided_plus_rdkit_descriptors,rdkit_EState_VSA9,rdkit_VSA_EState1,0.8622777527336077,0.8622777527336077
1389,XGBoost,provided_plus_rdkit_descriptors,rdkit_BertzCT,rdkit_VSA_EState5,-0.8622530204063741,0.8622530204063741
1390,XGBoost,provided_plus_rdkit_descriptors,rdkit_BCUT2D_LOGPHI,rdkit_BCUT2D_LOGPLOW,-0.8616496016072146,0.8616496016072146
1391,XGBoost,provided_plus_rdkit_descriptors,rdkit_Chi3v,rdkit_MolLogP,-0.8600331411127224,0.8600331411127224
1392,XGBoost,provided_plus_rdkit_descriptors,rdkit_qed,rdkit_EState_VSA10,-0.8592724222080546,0.8592724222080546
1393,XGBoost,provided_plus_rdkit_descriptors,rdkit_PEOE_VSA7,rdkit_EState_VSA4,0.8591178029925711,0.8591178029925711
1394,XGBoost,provided_plus_rdkit_descriptors,rdkit_EState_VSA9,rdkit_NOCount,0.8587318476252463,0.8587318476252463
1395,XGBoost,provided_plus_rdkit_descriptors,rdkit_TPSA,rdkit_EState_VSA9,0.8577526878631947,0.8577526878631947
1396,XGBoost,provided_plus_rdkit_descriptors,rdkit_EState_VSA9,rdkit_NumHDonors,0.8573113390812118,0.8573113390812118
1397,XGBoost,provided_plus_rdkit_descriptors,rdkit_BertzCT,rdkit_EState_VSA9,0.8567493579775014,0.8567493579775014
1398,XGBoost,provided_plus_rdkit_descriptors,rdkit_EState_VSA9,rdkit_NHOHCount,0.855724434782424,0.855724434782424
1399,XGBoost,provided_plus_rdkit_descriptors,rdkit_SMR_VSA5,rdkit_SMR_VSA6,0.8554571919704611,0.8554571919704611
1400,XGBoost,provided_plus_rdkit_descriptors,rdkit_EState_VSA3,rdkit_EState_VSA4,0.8528957650368266,0.8528957650368266
1401,XGBoost,provided_plus_rdkit_descriptors,rdkit_HeavyAtomMolWt,rdkit_EState_VSA9,0.8526469662423938,0.8526469662423938
1402,XGBoost,provided_plus_rdkit_descriptors,Molecular weight (Da),rdkit_EState_VSA9,0.8511794433995512,0.8511794433995512
1403,XGBoost,provided_plus_rdkit_descriptors,rdkit_MolWt,rdkit_EState_VSA9,0.8511789276885511,0.8511789276885511
1404,XGBoost,provided_plus_rdkit_descriptors,rdkit_ExactMolWt,rdkit_EState_VSA9,0.8510972080768241,0.8510972080768241
1405,XGBoost,provided_plus_rdkit_descriptors,rdkit_qed,rdkit_NumHDonors,-0.8501602163318422,0.8501602163318422
1406,XGBoost,provided_plus_rdkit_descriptors,rdkit_EState_VSA9,rdkit_VSA_EState8,-0.8489522197501028,0.8489522197501028
1407,XGBoost,provided_plus_rdkit_descriptors,rdkit_Kappa1,rdkit_EState_VSA9,0.8484985475799424,0.8484985475799424
1408,XGBoost,provided_plus_rdkit_descriptors,rdkit_NumValenceElectrons,rdkit_EState_VSA9,0.8483594346332399,0.8483594346332399
1409,XGBoost,provided_plus_rdkit_descriptors,rdkit_PEOE_VSA12,rdkit_SlogP_VSA3,0.8481831167043693,0.8481831167043693
1410,XGBoost,provided_plus_rdkit_descriptors,rdkit_VSA_EState9,rdkit_fr_phos_ester,-0.8479918754811034,0.8479918754811034
1411,XGBoost,provided_plus_rdkit_descriptors,rdkit_PEOE_VSA12,rdkit_VSA_EState1,0.8467387483973625,0.8467387483973625
1412,XGBoost,provided_plus_rdkit_descriptors,rdkit_EState_VSA9,rdkit_MolLogP,-0.8464710225964727,0.8464710225964727
1413,XGBoost,provided_plus_rdkit_descriptors,rdkit_PEOE_VSA10,rdkit_VSA_EState8,-0.846072747590177,0.846072747590177
1414,XGBoost,provided_plus_rdkit_descriptors,rdkit_VSA_EState1,rdkit_VSA_EState5,-0.8459140064384539,0.8459140064384539
1415,XGBoost,provided_plus_rdkit_descriptors,rdkit_EState_VSA9,rdkit_HeavyAtomCount,0.8458177709760143,0.8458177709760143
1416,XGBoost,provided_plus_rdkit_descriptors,rdkit_Chi0,rdkit_EState_VSA9,0.8457579637862145,0.8457579637862145
1417,XGBoost,provided_plus_rdkit_descriptors,rdkit_Chi1,rdkit_EState_VSA9,0.8457333146928409,0.8457333146928409
1418,XGBoost,provided_plus_rdkit_descriptors,rdkit_qed,rdkit_NHOHCount,-0.8453779529165715,0.8453779529165715
1419,XGBoost,provided_plus_rdkit_descriptors,rdkit_Chi4n,rdkit_MolLogP,-0.8442216974675744,0.8442216974675744
1420,XGBoost,provided_plus_rdkit_descriptors,rdkit_PEOE_VSA12,rdkit_EState_VSA9,0.8441770220153479,0.8441770220153479
1421,XGBoost,provided_plus_rdkit_descriptors,rdkit_SlogP_VSA3,rdkit_VSA_EState5,-0.8441413216698009,0.8441413216698009
1422,XGBoost,provided_plus_rdkit_descriptors,rdkit_SPS,rdkit_BCUT2D_LOGPHI,0.8431726718326756,0.8431726718326756
1423,XGBoost,provided_plus_rdkit_descriptors,rdkit_LabuteASA,rdkit_EState_VSA9,0.8430546948368247,0.8430546948368247
1424,XGBoost,provided_plus_rdkit_descriptors,rdkit_PEOE_VSA12,rdkit_NumHeteroatoms,0.8430172169671556,0.8430172169671556
1425,XGBoost,provided_plus_rdkit_descriptors,rdkit_PEOE_VSA12,rdkit_NOCount,0.8422841117608802,0.8422841117608802
1426,XGBoost,provided_plus_rdkit_descriptors,rdkit_SMR_VSA1,rdkit_VSA_EState5,-0.8419916500849615,0.8419916500849615
1427,XGBoost,provided_plus_rdkit_descriptors,rdkit_VSA_EState5,rdkit_NumHeteroatoms,-0.8418225997646259,0.8418225997646259
1428,XGBoost,provided_plus_rdkit_descriptors,rdkit_qed,rdkit_Kappa2,-0.8416981457199224,0.8416981457199224
1429,XGBoost,provided_plus_rdkit_descriptors,rdkit_VSA_EState5,rdkit_NOCount,-0.8414826727167812,0.8414826727167812
1430,XGBoost,provided_plus_rdkit_descriptors,rdkit_SlogP_VSA3,rdkit_EState_VSA9,0.8414361496040373,0.8414361496040373
1431,XGBoost,provided_plus_rdkit_descriptors,rdkit_VSA_EState3,rdkit_VSA_EState5,-0.8414215786032825,0.8414215786032825
1432,XGBoost,provided_plus_rdkit_descriptors,rdkit_PEOE_VSA10,rdkit_PEOE_VSA12,0.8412975413277344,0.8412975413277344
1433,XGBoost,provided_plus_rdkit_descriptors,rdkit_PEOE_VSA10,rdkit_VSA_EState5,-0.8408729245493591,0.8408729245493591
1434,XGBoost,provided_plus_rdkit_descriptors,rdkit_PEOE_VSA12,rdkit_SMR_VSA1,0.8402910664287987,0.8402910664287987
1435,XGBoost,provided_plus_rdkit_descriptors,rdkit_qed,rdkit_fr_Al_OH,-0.8401027526639995,0.8401027526639995
1436,XGBoost,provided_plus_rdkit_descriptors,rdkit_PEOE_VSA12,rdkit_EState_VSA1,0.839741359283747,0.839741359283747
1437,XGBoost,provided_plus_rdkit_descriptors,rdkit_VSA_EState5,rdkit_NumHAcceptors,-0.8395758969114049,0.8395758969114049
1438,XGBoost,provided_plus_rdkit_descriptors,rdkit_MaxPartialCharge,rdkit_PEOE_VSA3,0.839429463420682,0.839429463420682
1439,XGBoost,provided_plus_rdkit_descriptors,rdkit_PEOE_VSA12,rdkit_NumHAcceptors,0.8393099369976089,0.8393099369976089
1440,XGBoost,provided_plus_rdkit_descriptors,rdkit_PEOE_VSA12,rdkit_fr_ether,0.8391273181001251,0.8391273181001251
1441,XGBoost,provided_plus_rdkit_descriptors,rdkit_PEOE_VSA12,rdkit_VSA_EState3,0.8388535771524853,0.8388535771524853
1442,XGBoost,provided_plus_rdkit_descriptors,rdkit_EState_VSA1,rdkit_VSA_EState5,-0.8380345557135824,0.8380345557135824
1443,XGBoost,provided_plus_rdkit_descriptors,rdkit_qed,rdkit_fr_Al_OH_noTert,-0.8377820918839517,0.8377820918839517
1444,XGBoost,provided_plus_rdkit_descriptors,rdkit_VSA_EState5,rdkit_fr_ether,-0.837556275110331,0.837556275110331
1445,XGBoost,provided_plus_rdkit_descriptors,rdkit_TPSA,rdkit_VSA_EState5,-0.8374887818499778,0.8374887818499778
1446,XGBoost,provided_plus_rdkit_descriptors,rdkit_qed,rdkit_NumAtomStereoCenters,-0.8373554274935782,0.8373554274935782
1447,XGBoost,provided_plus_rdkit_descriptors,rdkit_SlogP_VSA2,rdkit_VSA_EState5,-0.837310352979582,0.837310352979582
1448,XGBoost,provided_plus_rdkit_descriptors,rdkit_PEOE_VSA12,rdkit_SlogP_VSA2,0.8370423823384411,0.8370423823384411
1449,XGBoost,provided_plus_rdkit_descriptors,rdkit_PEOE_VSA12,rdkit_TPSA,0.8363464225849966,0.8363464225849966
1450,XGBoost,provided_plus_rdkit_descriptors,rdkit_qed,rdkit_SMR_VSA5,-0.8358307096421974,0.8358307096421974
1451,XGBoost,provided_plus_rdkit_descriptors,rdkit_MinAbsPartialCharge,rdkit_PEOE_VSA3,0.8355120862070654,0.8355120862070654
1452,XGBoost,provided_plus_rdkit_descriptors,rdkit_BCUT2D_MWHI,rdkit_SlogP_VSA12,0.8354881917800029,0.8354881917800029
1453,XGBoost,provided_plus_rdkit_descriptors,rdkit_EState_VSA9,rdkit_VSA_EState7,-0.8350882783108211,0.8350882783108211
1454,XGBoost,provided_plus_rdkit_descriptors,rdkit_qed,rdkit_Kappa3,-0.834794094475636,0.834794094475636
1455,XGBoost,provided_plus_rdkit_descriptors,rdkit_Chi0n,rdkit_EState_VSA9,0.8346611658914522,0.8346611658914522
1456,XGBoost,provided_plus_rdkit_descriptors,rdkit_Chi0v,rdkit_EState_VSA9,0.8346339104313294,0.8346339104313294
1457,XGBoost,provided_plus_rdkit_descriptors,rdkit_qed,rdkit_Phi,-0.8345561889873164,0.8345561889873164
1458,XGBoost,provided_plus_rdkit_descriptors,rdkit_qed,rdkit_TPSA,-0.8341891085270404,0.8341891085270404
1459,XGBoost,provided_plus_rdkit_descriptors,rdkit_PEOE_VSA1,rdkit_PEOE_VSA12,0.8341236063280132,0.8341236063280132
1460,XGBoost,provided_plus_rdkit_descriptors,rdkit_Kappa2,rdkit_EState_VSA9,0.834048494141426,0.834048494141426
1461,XGBoost,provided_plus_rdkit_descriptors,rdkit_EState_VSA9,rdkit_MolMR,0.8340340244901059,0.8340340244901059
1462,XGBoost,provided_plus_rdkit_descriptors,rdkit_VSA_EState5,rdkit_MolLogP,0.8338911972916055,0.8338911972916055
1463,XGBoost,provided_plus_rdkit_descriptors,rdkit_PEOE_VSA1,rdkit_VSA_EState5,-0.8334936854388397,0.8334936854388397
1464,XGBoost,provided_plus_rdkit_descriptors,rdkit_MaxAbsPartialCharge,rdkit_MinAbsPartialCharge,0.833097857894253,0.833097857894253
1465,XGBoost,provided_plus_rdkit_descriptors,rdkit_Chi1v,rdkit_EState_VSA9,0.8329082647118358,0.8329082647118358
1466,XGBoost,provided_plus_rdkit_descriptors,rdkit_Chi1n,rdkit_EState_VSA9,0.8328947599979283,0.8328947599979283
1467,XGBoost,provided_plus_rdkit_descriptors,rdkit_VSA_EState8,rdkit_fr_Al_OH_noTert,-0.8326772582056745,0.8326772582056745
1468,XGBoost,provided_plus_rdkit_descriptors,rdkit_qed,rdkit_VSA_EState7,0.8324630263198624,0.8324630263198624
1469,XGBoost,provided_plus_rdkit_descriptors,rdkit_EState_VSA9,rdkit_NumRotatableBonds,0.832436598802151,0.832436598802151
1470,XGBoost,provided_plus_rdkit_descriptors,rdkit_MaxPartialCharge,rdkit_MaxAbsPartialCharge,0.8324114739848808,0.8324114739848808
1471,XGBoost,provided_plus_rdkit_descriptors,rdkit_Chi4v,rdkit_MolLogP,-0.83233138220166,0.83233138220166
1472,XGBoost,provided_plus_rdkit_descriptors,rdkit_EState_VSA4,rdkit_NumSaturatedCarbocycles,0.831675136938826,0.831675136938826
1473,XGBoost,provided_plus_rdkit_descriptors,rdkit_VSA_EState8,rdkit_NumHAcceptors,-0.8310843531708471,0.8310843531708471
1474,XGBoost,provided_plus_rdkit_descriptors,rdkit_SMR_VSA1,rdkit_VSA_EState8,-0.8308324575285578,0.8308324575285578
1475,XGBoost,provided_plus_rdkit_descriptors,rdkit_BCUT2D_MWLOW,rdkit_NumAliphaticCarbocycles,-0.8302231926619098,0.8302231926619098
1476,XGBoost,provided_plus_rdkit_descriptors,rdkit_VSA_EState3,rdkit_VSA_EState8,-0.8292428964032368,0.8292428964032368
1477,XGBoost,provided_plus_rdkit_descriptors,rdkit_EState_VSA9,rdkit_Phi,0.8289818903924369,0.8289818903924369
1478,XGBoost,provided_plus_rdkit_descriptors,rdkit_FractionCSP3,rdkit_fr_C_O_noCOO,-0.8289398605637766,0.8289398605637766
1479,XGBoost,provided_plus_rdkit_descriptors,rdkit_SlogP_VSA2,rdkit_VSA_EState8,-0.8288447073339388,0.8288447073339388
1480,XGBoost,provided_plus_rdkit_descriptors,rdkit_SMR_VSA7,rdkit_NumAliphaticCarbocycles,0.8287671232876712,0.8287671232876712
1481,XGBoost,provided_plus_rdkit_descriptors,rdkit_SlogP_VSA6,rdkit_NumAliphaticCarbocycles,0.8287671232876712,0.8287671232876712
1482,XGBoost,provided_plus_rdkit_descriptors,rdkit_VSA_EState8,rdkit_NOCount,-0.8287606085053417,0.8287606085053417
1483,XGBoost,provided_plus_rdkit_descriptors,rdkit_PEOE_VSA12,rdkit_MolLogP,-0.8287124213972572,0.8287124213972572
1484,XGBoost,provided_plus_rdkit_descriptors,rdkit_VSA_EState8,rdkit_NumHeteroatoms,-0.8275558228498106,0.8275558228498106
1485,XGBoost,provided_plus_rdkit_descriptors,rdkit_qed,rdkit_VSA_EState3,-0.8270482244479913,0.8270482244479913
1486,XGBoost,provided_plus_rdkit_descriptors,rdkit_TPSA,rdkit_VSA_EState8,-0.826940642226386,0.826940642226386
1487,XGBoost,provided_plus_rdkit_descriptors,rdkit_VSA_EState5,rdkit_NumHDonors,-0.8263339323434526,0.8263339323434526
1488,XGBoost,provided_plus_rdkit_descriptors,rdkit_PEOE_VSA12,rdkit_NumHDonors,0.8257879988065859,0.8257879988065859
1489,XGBoost,provided_plus_rdkit_descriptors,rdkit_HeavyAtomMolWt,rdkit_PEOE_VSA12,0.8256330353786255,0.8256330353786255
1490,XGBoost,provided_plus_rdkit_descriptors,rdkit_VSA_EState7,rdkit_NumSaturatedHeterocycles,-0.8255729516988503,0.8255729516988503
1491,XGBoost,provided_plus_rdkit_descriptors,rdkit_VSA_EState7,rdkit_NumAliphaticHeterocycles,-0.8255729516988503,0.8255729516988503
1492,XGBoost,provided_plus_rdkit_descriptors,rdkit_VSA_EState7,rdkit_NumHeterocycles,-0.8255729516988503,0.8255729516988503
1493,XGBoost,provided_plus_rdkit_descriptors,rdkit_qed,rdkit_Kappa1,-0.825451628535876,0.825451628535876
1494,XGBoost,provided_plus_rdkit_descriptors,rdkit_qed,rdkit_Chi0,-0.8252541623113697,0.8252541623113697
1495,XGBoost,provided_plus_rdkit_descriptors,rdkit_EState_VSA4,rdkit_NumAliphaticCarbocycles,0.8248121489824384,0.8248121489824384
1496,XGBoost,provided_plus_rdkit_descriptors,rdkit_VSA_EState8,rdkit_fr_Al_OH,-0.8245096809102777,0.8245096809102777
1497,XGBoost,provided_plus_rdkit_descriptors,rdkit_PEOE_VSA1,rdkit_VSA_EState8,-0.8242695261757581,0.8242695261757581
1498,XGBoost,provided_plus_rdkit_descriptors,rdkit_VSA_EState5,rdkit_fr_Al_OH_noTert,-0.8241672342203469,0.8241672342203469
1499,XGBoost,provided_plus_rdkit_descriptors,rdkit_qed,rdkit_NumValenceElectrons,-0.8241602193532597,0.8241602193532597
1500,XGBoost,provided_plus_rdkit_descriptors,rdkit_MaxAbsPartialCharge,rdkit_fr_COO,0.8239552732311765,0.8239552732311765
1501,XGBoost,provided_plus_rdkit_descriptors,rdkit_MaxAbsPartialCharge,rdkit_fr_Al_COO,0.8239552732311765,0.8239552732311765
1502,XGBoost,provided_plus_rdkit_descriptors,rdkit_MaxAbsPartialCharge,rdkit_fr_COO2,0.8239552732311765,0.8239552732311765
1503,XGBoost,provided_plus_rdkit_descriptors,rdkit_VSA_EState5,rdkit_NHOHCount,-0.8239392320893214,0.8239392320893214
1504,XGBoost,provided_plus_rdkit_descriptors,Molecular weight (Da),rdkit_PEOE_VSA12,0.8237640224858817,0.8237640224858817
1505,XGBoost,provided_plus_rdkit_descriptors,rdkit_MolWt,rdkit_PEOE_VSA12,0.8237627498689081,0.8237627498689081
1506,XGBoost,provided_plus_rdkit_descriptors,rdkit_ExactMolWt,rdkit_PEOE_VSA12,0.8237580357177187,0.8237580357177187
1507,XGBoost,provided_plus_rdkit_descriptors,rdkit_VSA_EState8,rdkit_NumRotatableBonds,-0.8233035628358794,0.8233035628358794
1508,XGBoost,provided_plus_rdkit_descriptors,rdkit_qed,rdkit_Chi1,-0.8232032367580923,0.8232032367580923
1509,XGBoost,provided_plus_rdkit_descriptors,rdkit_qed,rdkit_HeavyAtomCount,-0.8230292354836697,0.8230292354836697
1510,XGBoost,provided_plus_rdkit_descriptors,rdkit_VSA_EState8,rdkit_NumHDonors,-0.8230065997069238,0.8230065997069238
1511,XGBoost,provided_plus_rdkit_descriptors,rdkit_Chi0,rdkit_PEOE_VSA12,0.8227735788720762,0.8227735788720762
1512,XGBoost,provided_plus_rdkit_descriptors,rdkit_qed,rdkit_NOCount,-0.8226384476535431,0.8226384476535431
1513,XGBoost,provided_plus_rdkit_descriptors,rdkit_VSA_EState5,rdkit_fr_Al_OH,-0.8224022341681094,0.8224022341681094
1514,XGBoost,provided_plus_rdkit_descriptors,rdkit_qed,rdkit_SMR_VSA1,-0.8219975597399922,0.8219975597399922
1515,XGBoost,provided_plus_rdkit_descriptors,rdkit_Chi2n,rdkit_EState_VSA9,0.8219408629724972,0.8219408629724972
1516,XGBoost,provided_plus_rdkit_descriptors,rdkit_PEOE_VSA12,rdkit_NHOHCount,0.8218833925527135,0.8218833925527135
1517,XGBoost,provided_plus_rdkit_descriptors,rdkit_MinPartialCharge,rdkit_MaxAbsPartialCharge,-0.8218077639763343,0.8218077639763343
1518,XGBoost,provided_plus_rdkit_descriptors,rdkit_NumValenceElectrons,rdkit_PEOE_VSA12,0.8216999944697699,0.8216999944697699
1519,XGBoost,provided_plus_rdkit_descriptors,rdkit_HeavyAtomMolWt,rdkit_VSA_EState5,-0.8216061423639294,0.8216061423639294
1520,XGBoost,provided_plus_rdkit_descriptors,rdkit_qed,rdkit_PEOE_VSA1,-0.8216036622059957,0.8216036622059957
1521,XGBoost,provided_plus_rdkit_descriptors,rdkit_Kappa1,rdkit_PEOE_VSA12,0.8215979023336465,0.8215979023336465
1522,XGBoost,provided_plus_rdkit_descriptors,rdkit_PEOE_VSA12,rdkit_HeavyAtomCount,0.821367359678584,0.821367359678584
1523,XGBoost,provided_plus_rdkit_descriptors,rdkit_PEOE_VSA9,rdkit_EState_VSA9,0.8210456396122585,0.8210456396122585
1524,XGBoost,provided_plus_rdkit_descriptors,rdkit_EState_VSA1,rdkit_VSA_EState8,-0.8208849041403422,0.8208849041403422
1525,XGBoost,provided_plus_rdkit_descriptors,rdkit_Chi1,rdkit_PEOE_VSA12,0.8207631014289183,0.8207631014289183
1526,XGBoost,provided_plus_rdkit_descriptors,rdkit_PEOE_VSA12,rdkit_fr_Al_OH_noTert,0.8206980159638264,0.8206980159638264
1527,XGBoost,provided_plus_rdkit_descriptors,rdkit_qed,rdkit_Chi1n,-0.8203315611295803,0.8203315611295803
1528,XGBoost,provided_plus_rdkit_descriptors,rdkit_VSA_EState1,rdkit_VSA_EState8,-0.8203251239793335,0.8203251239793335
1529,XGBoost,provided_plus_rdkit_descriptors,rdkit_VSA_EState8,rdkit_fr_ether,-0.8200945660227071,0.8200945660227071
1530,XGBoost,provided_plus_rdkit_descriptors,rdkit_qed,rdkit_NumHAcceptors,-0.8198578510579176,0.8198578510579176
1531,XGBoost,provided_plus_rdkit_descriptors,rdkit_qed,rdkit_ExactMolWt,-0.8198373420690178,0.8198373420690178
1532,XGBoost,provided_plus_rdkit_descriptors,Molecular weight (Da),rdkit_qed,-0.819757126030465,0.819757126030465
1533,XGBoost,provided_plus_rdkit_descriptors,rdkit_qed,rdkit_MolWt,-0.8197561545117552,0.8197561545117552
1534,XGBoost,provided_plus_rdkit_descriptors,rdkit_qed,rdkit_MolMR,-0.8196894079905054,0.8196894079905054
1535,XGBoost,provided_plus_rdkit_descriptors,rdkit_ExactMolWt,rdkit_VSA_EState5,-0.81959385237038,0.81959385237038
1536,XGBoost,provided_plus_rdkit_descriptors,Molecular weight (Da),rdkit_VSA_EState5,-0.8195930792688614,0.8195930792688614
1537,XGBoost,provided_plus_rdkit_descriptors,rdkit_MolWt,rdkit_VSA_EState5,-0.8195916501771129,0.8195916501771129
1538,XGBoost,provided_plus_rdkit_descriptors,rdkit_qed,rdkit_SlogP_VSA2,-0.8194526638814036,0.8194526638814036
1539,XGBoost,provided_plus_rdkit_descriptors,rdkit_PEOE_VSA12,rdkit_fr_Al_OH,0.8194103887657742,0.8194103887657742
1540,XGBoost,provided_plus_rdkit_descriptors,rdkit_qed,rdkit_Chi0n,-0.8190833771649133,0.8190833771649133
1541,XGBoost,provided_plus_rdkit_descriptors,rdkit_qed,rdkit_EState_VSA1,-0.8190115038958065,0.8190115038958065
1542,XGBoost,provided_plus_rdkit_descriptors,rdkit_qed,rdkit_HeavyAtomMolWt,-0.8189544238266319,0.8189544238266319
1543,XGBoost,provided_plus_rdkit_descriptors,rdkit_PEOE_VSA3,rdkit_fr_COO,0.8188659029676433,0.8188659029676433
1544,XGBoost,provided_plus_rdkit_descriptors,rdkit_PEOE_VSA3,rdkit_fr_COO2,0.8188659029676433,0.8188659029676433
1545,XGBoost,provided_plus_rdkit_descriptors,rdkit_PEOE_VSA3,rdkit_fr_Al_COO,0.8188659029676433,0.8188659029676433
1546,XGBoost,provided_plus_rdkit_descriptors,rdkit_SlogP_VSA3,rdkit_VSA_EState8,-0.818849919436542,0.818849919436542
1547,XGBoost,provided_plus_rdkit_descriptors,rdkit_VSA_EState7,rdkit_NumSaturatedRings,-0.8187057769335827,0.8187057769335827
1548,XGBoost,provided_plus_rdkit_descriptors,rdkit_VSA_EState8,rdkit_NHOHCount,-0.8185179044489168,0.8185179044489168
1549,XGBoost,provided_plus_rdkit_descriptors,rdkit_Chi2v,rdkit_EState_VSA9,0.8184544990647049,0.8184544990647049
1550,XGBoost,provided_plus_rdkit_descriptors,rdkit_Kappa1,rdkit_VSA_EState5,-0.8184161468736642,0.8184161468736642
1551,XGBoost,provided_plus_rdkit_descriptors,rdkit_Chi0,rdkit_VSA_EState5,-0.8184104172462271,0.8184104172462271
1552,XGBoost,provided_plus_rdkit_descriptors,rdkit_LabuteASA,rdkit_PEOE_VSA12,0.817920768848067,0.817920768848067
1553,XGBoost,provided_plus_rdkit_descriptors,rdkit_NumValenceElectrons,rdkit_VSA_EState5,-0.8176820920701101,0.8176820920701101
1554,XGBoost,provided_plus_rdkit_descriptors,rdkit_qed,rdkit_LabuteASA,-0.8176665098665813,0.8176665098665813
1555,XGBoost,provided_plus_rdkit_descriptors,rdkit_VSA_EState5,rdkit_HeavyAtomCount,-0.8170527120773151,0.8170527120773151
1556,XGBoost,provided_plus_rdkit_descriptors,rdkit_VSA_EState7,rdkit_RingCount,-0.8170330694645666,0.8170330694645666
1557,XGBoost,provided_plus_rdkit_descriptors,rdkit_VSA_EState7,rdkit_NumAliphaticRings,-0.8170330694645666,0.8170330694645666
1558,XGBoost,provided_plus_rdkit_descriptors,rdkit_Chi1,rdkit_VSA_EState5,-0.8162242041188247,0.8162242041188247
1559,XGBoost,provided_plus_rdkit_descriptors,rdkit_Chi3n,rdkit_EState_VSA9,0.8160791791147897,0.8160791791147897
1560,XGBoost,provided_plus_rdkit_descriptors,rdkit_qed,rdkit_NumHeteroatoms,-0.8153122274177804,0.8153122274177804
1561,XGBoost,provided_plus_rdkit_descriptors,rdkit_EState_VSA9,rdkit_NumAtomStereoCenters,0.8152185897402942,0.8152185897402942
1562,XGBoost,provided_plus_rdkit_descriptors,rdkit_qed,rdkit_Chi1v,-0.8141199299991789,0.8141199299991789
1563,XGBoost,provided_plus_rdkit_descriptors,rdkit_NumAtomStereoCenters,rdkit_RingCount,0.8133074556364849,0.8133074556364849
1564,XGBoost,provided_plus_rdkit_descriptors,rdkit_NumAliphaticRings,rdkit_NumAtomStereoCenters,0.8133074556364848,0.8133074556364848
1565,XGBoost,provided_plus_rdkit_descriptors,rdkit_LabuteASA,rdkit_VSA_EState5,-0.8130609321746012,0.8130609321746012
1566,XGBoost,provided_plus_rdkit_descriptors,rdkit_qed,rdkit_Chi0v,-0.8120286641140132,0.8120286641140132
1567,XGBoost,provided_plus_rdkit_descriptors,rdkit_Chi0n,rdkit_PEOE_VSA12,0.8116387903985306,0.8116387903985306
1568,XGBoost,provided_plus_rdkit_descriptors,rdkit_MinEStateIndex,rdkit_VSA_EState9,0.8115653599800906,0.8115653599800906
1569,XGBoost,provided_plus_rdkit_descriptors,rdkit_NumSaturatedRings,rdkit_fr_ether,0.8114732697360381,0.8114732697360381
1570,XGBoost,provided_plus_rdkit_descriptors,rdkit_Chi0v,rdkit_PEOE_VSA12,0.8110697116565379,0.8110697116565379
1571,XGBoost,provided_plus_rdkit_descriptors,rdkit_NumAliphaticRings,rdkit_fr_ether,0.8109578242858457,0.8109578242858457
1572,XGBoost,provided_plus_rdkit_descriptors,rdkit_RingCount,rdkit_fr_ether,0.8109578242858457,0.8109578242858457
1573,XGBoost,provided_plus_rdkit_descriptors,rdkit_fr_phos_acid,rdkit_fr_phos_ester,0.8108848540793832,0.8108848540793832
1574,XGBoost,provided_plus_rdkit_descriptors,rdkit_NumSaturatedHeterocycles,rdkit_fr_ether,0.8108319352448861,0.8108319352448861
1575,XGBoost,provided_plus_rdkit_descriptors,rdkit_NumAliphaticHeterocycles,rdkit_fr_ether,0.8108319352448861,0.8108319352448861
1576,XGBoost,provided_plus_rdkit_descriptors,rdkit_NumHeterocycles,rdkit_fr_ether,0.8108319352448861,0.8108319352448861
1577,XGBoost,provided_plus_rdkit_descriptors,rdkit_Chi3v,rdkit_EState_VSA9,0.8108309403363829,0.8108309403363829
1578,XGBoost,provided_plus_rdkit_descriptors,rdkit_qed,rdkit_Chi2n,-0.8104986456924058,0.8104986456924058
1579,XGBoost,provided_plus_rdkit_descriptors,rdkit_SMR_VSA5,rdkit_NumAliphaticRings,0.8087660083004096,0.8087660083004096
1580,XGBoost,provided_plus_rdkit_descriptors,rdkit_SMR_VSA5,rdkit_RingCount,0.8087660083004096,0.8087660083004096
1581,XGBoost,provided_plus_rdkit_descriptors,rdkit_qed,rdkit_PEOE_VSA10,-0.8084525646276743,0.8084525646276743
1582,XGBoost,provided_plus_rdkit_descriptors,rdkit_NumAtomStereoCenters,rdkit_NumSaturatedRings,0.8074777110203837,0.8074777110203837
1583,XGBoost,provided_plus_rdkit_descriptors,rdkit_PEOE_VSA12,rdkit_MolMR,0.8063072603604702,0.8063072603604702
1584,XGBoost,provided_plus_rdkit_descriptors,rdkit_BCUT2D_MWLOW,rdkit_NumSaturatedCarbocycles,-0.806101237283832,0.806101237283832
1585,XGBoost,provided_plus_rdkit_descriptors,rdkit_Chi0n,rdkit_VSA_EState5,-0.8060046698370976,0.8060046698370976
1586,XGBoost,provided_plus_rdkit_descriptors,rdkit_VSA_EState2,rdkit_FractionCSP3,-0.8054602474146274,0.8054602474146274
1587,XGBoost,provided_plus_rdkit_descriptors,rdkit_VSA_EState7,rdkit_VSA_EState8,0.8053180491311939,0.8053180491311939
1588,XGBoost,provided_plus_rdkit_descriptors,rdkit_Chi0v,rdkit_VSA_EState5,-0.805196250386446,0.805196250386446
1589,XGBoost,provided_plus_rdkit_descriptors,rdkit_Chi1n,rdkit_PEOE_VSA12,0.8051112510819612,0.8051112510819612
1590,XGBoost,provided_plus_rdkit_descriptors,rdkit_Chi1v,rdkit_PEOE_VSA12,0.8045442784410722,0.8045442784410722
1591,XGBoost,provided_plus_rdkit_descriptors,rdkit_BCUT2D_MRHI,rdkit_VSA_EState2,0.804237749878322,0.804237749878322
1592,XGBoost,provided_plus_rdkit_descriptors,rdkit_qed,rdkit_MolLogP,0.8035641688895954,0.8035641688895954
1593,XGBoost,provided_plus_rdkit_descriptors,rdkit_qed,rdkit_Chi2v,-0.8019131871218813,0.8019131871218813
1594,XGBoost,provided_plus_rdkit_descriptors,rdkit_VSA_EState1,rdkit_NumSaturatedRings,0.8001438365155744,0.8001438365155744
1595,XGBoost,provided_plus_rdkit_descriptors,rdkit_VSA_EState5,rdkit_MolMR,-0.8001244693440374,0.8001244693440374
1,XGBoost,rdkit_descriptors_only,rdkit_SMR_VSA1,rdkit_NOCount,0.9994802450779516,0.9994802450779516
2,XGBoost,rdkit_descriptors_only,rdkit_SlogP_VSA2,rdkit_NumHAcceptors,0.9993086153958131,0.9993086153958131
3,XGBoost,rdkit_descriptors_only,rdkit_NOCount,rdkit_NumHeteroatoms,0.9986350104582846,0.9986350104582846
4,XGBoost,rdkit_descriptors_only,rdkit_TPSA,rdkit_NOCount,0.9984944660633416,0.9984944660633416
5,XGBoost,rdkit_descriptors_only,rdkit_SMR_VSA1,rdkit_NumHAcceptors,0.9984813536660643,0.9984813536660643
6,XGBoost,rdkit_descriptors_only,rdkit_NOCount,rdkit_NumHAcceptors,0.9984716890418436,0.9984716890418436
7,XGBoost,rdkit_descriptors_only,rdkit_SMR_VSA1,rdkit_TPSA,0.9984348800235252,0.9984348800235252
8,XGBoost,rdkit_descriptors_only,rdkit_SlogP_VSA2,rdkit_NOCount,0.99778251652139,0.99778251652139
9,XGBoost,rdkit_descriptors_only,rdkit_SMR_VSA1,rdkit_SlogP_VSA2,0.9976872601380781,0.9976872601380781
10,XGBoost,rdkit_descriptors_only,rdkit_SMR_VSA1,rdkit_NumHeteroatoms,0.9974602529086148,0.9974602529086148
11,XGBoost,rdkit_descriptors_only,rdkit_VSA_EState3,rdkit_NumHDonors,0.9973003748533591,0.9973003748533591
12,XGBoost,rdkit_descriptors_only,rdkit_SlogP_VSA2,rdkit_NumHeteroatoms,0.9971041217871254,0.9971041217871254
13,XGBoost,rdkit_descriptors_only,rdkit_NumHAcceptors,rdkit_NumHeteroatoms,0.9968370513637878,0.9968370513637878
14,XGBoost,rdkit_descriptors_only,rdkit_VSA_EState3,rdkit_NumHAcceptors,0.9961579432250627,0.9961579432250627
15,XGBoost,rdkit_descriptors_only,rdkit_TPSA,rdkit_NumHAcceptors,0.9960675284762054,0.9960675284762054
16,XGBoost,rdkit_descriptors_only,rdkit_PEOE_VSA1,rdkit_PEOE_VSA10,0.9960502232308481,0.9960502232308481
17,XGBoost,rdkit_descriptors_only,rdkit_TPSA,rdkit_NumHeteroatoms,0.9959731694128057,0.9959731694128057
18,XGBoost,rdkit_descriptors_only,rdkit_TPSA,rdkit_NHOHCount,0.9958770053581469,0.9958770053581469
19,XGBoost,rdkit_descriptors_only,rdkit_SlogP_VSA2,rdkit_VSA_EState3,0.9958661836457423,0.9958661836457423
20,XGBoost,rdkit_descriptors_only,rdkit_NHOHCount,rdkit_NumHDonors,0.9956212111690348,0.9956212111690348
21,XGBoost,rdkit_descriptors_only,rdkit_SlogP_VSA2,rdkit_TPSA,0.9954960544478922,0.9954960544478922
22,XGBoost,rdkit_descriptors_only,rdkit_SMR_VSA1,rdkit_VSA_EState3,0.9950379235570798,0.9950379235570798
23,XGBoost,rdkit_descriptors_only,rdkit_TPSA,rdkit_NumHDonors,0.9949292412701972,0.9949292412701972
24,XGBoost,rdkit_descriptors_only,rdkit_PEOE_VSA1,rdkit_SMR_VSA1,0.9948929364817432,0.9948929364817432
25,XGBoost,rdkit_descriptors_only,rdkit_PEOE_VSA1,rdkit_VSA_EState3,0.9945852775968163,0.9945852775968163
26,XGBoost,rdkit_descriptors_only,rdkit_TPSA,rdkit_VSA_EState3,0.9941927579953862,0.9941927579953862
27,XGBoost,rdkit_descriptors_only,rdkit_PEOE_VSA1,rdkit_TPSA,0.993774877730952,0.993774877730952
28,XGBoost,rdkit_descriptors_only,rdkit_PEOE_VSA1,rdkit_NumHAcceptors,0.9936217532628572,0.9936217532628572
29,XGBoost,rdkit_descriptors_only,rdkit_VSA_EState3,rdkit_NOCount,0.9936157947105279,0.9936157947105279
30,XGBoost,rdkit_descriptors_only,rdkit_PEOE_VSA1,rdkit_NOCount,0.9932757433544394,0.9932757433544394
31,XGBoost,rdkit_descriptors_only,rdkit_PEOE_VSA10,rdkit_NumHAcceptors,0.9932527340026085,0.9932527340026085
32,XGBoost,rdkit_descriptors_only,rdkit_SMR_VSA1,rdkit_NumHDonors,0.9932130925451498,0.9932130925451498
33,XGBoost,rdkit_descriptors_only,rdkit_VSA_EState3,rdkit_NHOHCount,0.9931338182176503,0.9931338182176503
34,XGBoost,rdkit_descriptors_only,rdkit_NumHAcceptors,rdkit_NumHDonors,0.9930971757798531,0.9930971757798531
35,XGBoost,rdkit_descriptors_only,rdkit_PEOE_VSA10,rdkit_VSA_EState3,0.9927174573239564,0.9927174573239564
36,XGBoost,rdkit_descriptors_only,rdkit_PEOE_VSA1,rdkit_NumHDonors,0.9926353651910016,0.9926353651910016
37,XGBoost,rdkit_descriptors_only,rdkit_SlogP_VSA2,rdkit_NumHDonors,0.9924769933648517,0.9924769933648517
38,XGBoost,rdkit_descriptors_only,rdkit_NOCount,rdkit_NumHDonors,0.9923973538439752,0.9923973538439752
39,XGBoost,rdkit_descriptors_only,rdkit_PEOE_VSA10,rdkit_SMR_VSA1,0.9920663837700096,0.9920663837700096
40,XGBoost,rdkit_descriptors_only,rdkit_SMR_VSA1,rdkit_NHOHCount,0.9919921968139829,0.9919921968139829
41,XGBoost,rdkit_descriptors_only,rdkit_PEOE_VSA1,rdkit_NHOHCount,0.9918326007258291,0.9918326007258291
42,XGBoost,rdkit_descriptors_only,rdkit_PEOE_VSA1,rdkit_SlogP_VSA2,0.9912779340395753,0.9912779340395753
43,XGBoost,rdkit_descriptors_only,rdkit_NHOHCount,rdkit_NOCount,0.9909517696223448,0.9909517696223448
44,XGBoost,rdkit_descriptors_only,rdkit_PEOE_VSA10,rdkit_SlogP_VSA2,0.9907320475653569,0.9907320475653569
45,XGBoost,rdkit_descriptors_only,rdkit_PEOE_VSA10,rdkit_NOCount,0.9905959615859911,0.9905959615859911
46,XGBoost,rdkit_descriptors_only,rdkit_VSA_EState3,rdkit_NumHeteroatoms,0.9894020945405954,0.9894020945405954
47,XGBoost,rdkit_descriptors_only,rdkit_SlogP_VSA2,rdkit_NHOHCount,0.9893052911558972,0.9893052911558972
48,XGBoost,rdkit_descriptors_only,rdkit_PEOE_VSA10,rdkit_NumHDonors,0.9892743258557516,0.9892743258557516
49,XGBoost,rdkit_descriptors_only,rdkit_PEOE_VSA10,rdkit_TPSA,0.9891710356863335,0.9891710356863335
50,XGBoost,rdkit_descriptors_only,rdkit_NHOHCount,rdkit_NumHAcceptors,0.9889748873813484,0.9889748873813484
51,XGBoost,rdkit_descriptors_only,rdkit_NumHDonors,rdkit_NumHeteroatoms,0.988249599368257,0.988249599368257
52,XGBoost,rdkit_descriptors_only,rdkit_PEOE_VSA1,rdkit_NumHeteroatoms,0.9881288996950283,0.9881288996950283
53,XGBoost,rdkit_descriptors_only,rdkit_SlogP_VSA3,rdkit_NumHeteroatoms,0.9872189157419092,0.9872189157419092
54,XGBoost,rdkit_descriptors_only,rdkit_NHOHCount,rdkit_NumHeteroatoms,0.9867667501704349,0.9867667501704349
55,XGBoost,rdkit_descriptors_only,rdkit_PEOE_VSA10,rdkit_NumHeteroatoms,0.986066413536238,0.986066413536238
56,XGBoost,rdkit_descriptors_only,rdkit_SlogP_VSA3,rdkit_NOCount,0.9853065510209791,0.9853065510209791
57,XGBoost,rdkit_descriptors_only,rdkit_PEOE_VSA10,rdkit_NHOHCount,0.9851224627111131,0.9851224627111131
58,XGBoost,rdkit_descriptors_only,rdkit_SMR_VSA1,rdkit_SlogP_VSA3,0.9828793136202227,0.9828793136202227
59,XGBoost,rdkit_descriptors_only,rdkit_SlogP_VSA3,rdkit_NumHAcceptors,0.9824613641554317,0.9824613641554317
60,XGBoost,rdkit_descriptors_only,rdkit_EState_VSA10,rdkit_NOCount,0.9822605364030031,0.9822605364030031
61,XGBoost,rdkit_descriptors_only,rdkit_NumAtomStereoCenters,rdkit_NumHAcceptors,0.9815900643064808,0.9815900643064808
62,XGBoost,rdkit_descriptors_only,rdkit_EState_VSA10,rdkit_NumHAcceptors,0.9814936071458846,0.9814936071458846
63,XGBoost,rdkit_descriptors_only,rdkit_SlogP_VSA2,rdkit_NumAtomStereoCenters,0.9810947949656518,0.9810947949656518
64,XGBoost,rdkit_descriptors_only,rdkit_EState_VSA10,rdkit_NumHeteroatoms,0.9810716223569262,0.9810716223569262
65,XGBoost,rdkit_descriptors_only,rdkit_SlogP_VSA2,rdkit_EState_VSA10,0.980729182194807,0.980729182194807
66,XGBoost,rdkit_descriptors_only,rdkit_VSA_EState7,rdkit_NumHAcceptors,-0.9803053772313759,0.9803053772313759
67,XGBoost,rdkit_descriptors_only,rdkit_SMR_VSA1,rdkit_EState_VSA10,0.980285118119187,0.980285118119187
68,XGBoost,rdkit_descriptors_only,rdkit_SlogP_VSA2,rdkit_SlogP_VSA3,0.9801676609067036,0.9801676609067036
69,XGBoost,rdkit_descriptors_only,rdkit_SMR_VSA1,rdkit_VSA_EState7,-0.9800534722534432,0.9800534722534432
70,XGBoost,rdkit_descriptors_only,rdkit_PEOE_VSA1,rdkit_NumAtomStereoCenters,0.9799289755981566,0.9799289755981566
71,XGBoost,rdkit_descriptors_only,rdkit_SMR_VSA1,rdkit_NumAtomStereoCenters,0.9798198529764753,0.9798198529764753
72,XGBoost,rdkit_descriptors_only,rdkit_EState_VSA10,rdkit_NumAtomStereoCenters,0.9796387570090949,0.9796387570090949
73,XGBoost,rdkit_descriptors_only,rdkit_NOCount,rdkit_NumAtomStereoCenters,0.9795824739056408,0.9795824739056408
74,XGBoost,rdkit_descriptors_only,rdkit_PEOE_VSA10,rdkit_VSA_EState7,-0.9795776870971167,0.9795776870971167
75,XGBoost,rdkit_descriptors_only,rdkit_TPSA,rdkit_EState_VSA10,0.9794320687475829,0.9794320687475829
76,XGBoost,rdkit_descriptors_only,rdkit_VSA_EState7,rdkit_NOCount,-0.9793910643254549,0.9793910643254549
77,XGBoost,rdkit_descriptors_only,rdkit_SlogP_VSA2,rdkit_VSA_EState7,-0.9790047559786292,0.9790047559786292
78,XGBoost,rdkit_descriptors_only,rdkit_PEOE_VSA1,rdkit_VSA_EState7,-0.9782598883089781,0.9782598883089781
79,XGBoost,rdkit_descriptors_only,rdkit_NumAtomStereoCenters,rdkit_NumHeteroatoms,0.9779238502607143,0.9779238502607143
80,XGBoost,rdkit_descriptors_only,rdkit_TPSA,rdkit_VSA_EState7,-0.9770289398794284,0.9770289398794284
81,XGBoost,rdkit_descriptors_only,rdkit_SlogP_VSA3,rdkit_TPSA,0.9766491357747159,0.9766491357747159
82,XGBoost,rdkit_descriptors_only,rdkit_VSA_EState3,rdkit_NumAtomStereoCenters,0.9764530058467665,0.9764530058467665
83,XGBoost,rdkit_descriptors_only,rdkit_VSA_EState7,rdkit_NumHeteroatoms,-0.9763391333535165,0.9763391333535165
84,XGBoost,rdkit_descriptors_only,rdkit_PEOE_VSA10,rdkit_MolLogP,-0.9760547861149945,0.9760547861149945
85,XGBoost,rdkit_descriptors_only,rdkit_TPSA,rdkit_NumAtomStereoCenters,0.9755610525965159,0.9755610525965159
86,XGBoost,rdkit_descriptors_only,rdkit_TPSA,rdkit_MolLogP,-0.9755145258605297,0.9755145258605297
87,XGBoost,rdkit_descriptors_only,rdkit_PEOE_VSA1,rdkit_EState_VSA10,0.9753970560969124,0.9753970560969124
88,XGBoost,rdkit_descriptors_only,rdkit_EState_VSA10,rdkit_NumHDonors,0.9751505487902103,0.9751505487902103
89,XGBoost,rdkit_descriptors_only,rdkit_NHOHCount,rdkit_MolLogP,-0.9747875943468384,0.9747875943468384
90,XGBoost,rdkit_descriptors_only,rdkit_NumHDonors,rdkit_MolLogP,-0.9740144645205356,0.9740144645205356
91,XGBoost,rdkit_descriptors_only,rdkit_VSA_EState3,rdkit_VSA_EState7,-0.973996957526622,0.973996957526622
92,XGBoost,rdkit_descriptors_only,rdkit_SMR_VSA1,rdkit_MolLogP,-0.9734114044385441,0.9734114044385441
93,XGBoost,rdkit_descriptors_only,rdkit_EState_VSA10,rdkit_VSA_EState3,0.9733694130619407,0.9733694130619407
94,XGBoost,rdkit_descriptors_only,rdkit_NOCount,rdkit_MolLogP,-0.9723610661523879,0.9723610661523879
95,XGBoost,rdkit_descriptors_only,rdkit_VSA_EState3,rdkit_MolLogP,-0.972335570190718,0.972335570190718
96,XGBoost,rdkit_descriptors_only,rdkit_NumHAcceptors,rdkit_MolLogP,-0.9722594019477849,0.9722594019477849
97,XGBoost,rdkit_descriptors_only,rdkit_NumAtomStereoCenters,rdkit_NumHDonors,0.9722253379216423,0.9722253379216423
98,XGBoost,rdkit_descriptors_only,rdkit_VSA_EState7,rdkit_NumHDonors,-0.972091416092574,0.972091416092574
99,XGBoost,rdkit_descriptors_only,rdkit_PEOE_VSA10,rdkit_NumAtomStereoCenters,0.9718120275955877,0.9718120275955877
100,XGBoost,rdkit_descriptors_only,rdkit_PEOE_VSA1,rdkit_MolLogP,-0.9717237723326104,0.9717237723326104
101,XGBoost,rdkit_descriptors_only,rdkit_PEOE_VSA10,rdkit_SlogP_VSA3,0.9716556421980929,0.9716556421980929
102,XGBoost,rdkit_descriptors_only,rdkit_VSA_EState7,rdkit_NumAtomStereoCenters,-0.9711885325664518,0.9711885325664518
103,XGBoost,rdkit_descriptors_only,rdkit_PEOE_VSA1,rdkit_SlogP_VSA3,0.9711382711565331,0.9711382711565331
104,XGBoost,rdkit_descriptors_only,rdkit_SlogP_VSA2,rdkit_MolLogP,-0.9710860443021573,0.9710860443021573
105,XGBoost,rdkit_descriptors_only,rdkit_PEOE_VSA10,rdkit_EState_VSA10,0.9705146643113538,0.9705146643113538
106,XGBoost,rdkit_descriptors_only,rdkit_EState_VSA10,rdkit_NHOHCount,0.970122701042257,0.970122701042257
107,XGBoost,rdkit_descriptors_only,rdkit_SlogP_VSA3,rdkit_EState_VSA10,0.9700698499409252,0.9700698499409252
108,XGBoost,rdkit_descriptors_only,rdkit_VSA_EState7,rdkit_MolLogP,0.9697251718461338,0.9697251718461338
109,XGBoost,rdkit_descriptors_only,rdkit_NHOHCount,rdkit_NumAtomStereoCenters,0.9696223258795289,0.9696223258795289
110,XGBoost,rdkit_descriptors_only,rdkit_VSA_EState7,rdkit_NHOHCount,-0.9690587066932689,0.9690587066932689
111,XGBoost,rdkit_descriptors_only,rdkit_EState_VSA10,rdkit_VSA_EState7,-0.9674830634744389,0.9674830634744389
112,XGBoost,rdkit_descriptors_only,rdkit_NumHeteroatoms,rdkit_MolLogP,-0.9668821787792732,0.9668821787792732
113,XGBoost,rdkit_descriptors_only,rdkit_SlogP_VSA3,rdkit_VSA_EState7,-0.9668061365563091,0.9668061365563091
114,XGBoost,rdkit_descriptors_only,rdkit_SlogP_VSA3,rdkit_NumAtomStereoCenters,0.9667941558253804,0.9667941558253804
115,XGBoost,rdkit_descriptors_only,rdkit_Kappa3,rdkit_TPSA,0.9658570323522211,0.9658570323522211
116,XGBoost,rdkit_descriptors_only,rdkit_SlogP_VSA3,rdkit_VSA_EState3,0.9652230860746193,0.9652230860746193
117,XGBoost,rdkit_descriptors_only,rdkit_Kappa3,rdkit_NumHDonors,0.9616356239901083,0.9616356239901083
118,XGBoost,rdkit_descriptors_only,rdkit_Kappa3,rdkit_NumHeteroatoms,0.9613312136646561,0.9613312136646561
119,XGBoost,rdkit_descriptors_only,rdkit_Kappa3,rdkit_NOCount,0.9609443710876014,0.9609443710876014
120,XGBoost,rdkit_descriptors_only,rdkit_Kappa3,rdkit_NHOHCount,0.9595620019973818,0.9595620019973818
121,XGBoost,rdkit_descriptors_only,rdkit_SlogP_VSA3,rdkit_NumHDonors,0.9586460671871461,0.9586460671871461
122,XGBoost,rdkit_descriptors_only,rdkit_Kappa3,rdkit_SMR_VSA1,0.9572098188713083,0.9572098188713083
123,XGBoost,rdkit_descriptors_only,rdkit_Kappa3,rdkit_SlogP_VSA2,0.9566158712984406,0.9566158712984406
124,XGBoost,rdkit_descriptors_only,rdkit_Kappa3,rdkit_NumHAcceptors,0.9560237467155922,0.9560237467155922
125,XGBoost,rdkit_descriptors_only,rdkit_SlogP_VSA3,rdkit_NHOHCount,0.9553691906891799,0.9553691906891799
126,XGBoost,rdkit_descriptors_only,rdkit_Kappa3,rdkit_EState_VSA10,0.9550082192496001,0.9550082192496001
127,XGBoost,rdkit_descriptors_only,rdkit_Kappa3,rdkit_VSA_EState3,0.9524483359692428,0.9524483359692428
128,XGBoost,rdkit_descriptors_only,rdkit_Kappa3,rdkit_PEOE_VSA1,0.9487644953038977,0.9487644953038977
129,XGBoost,rdkit_descriptors_only,rdkit_EState_VSA10,rdkit_MolLogP,-0.946736748274371,0.946736748274371
130,XGBoost,rdkit_descriptors_only,rdkit_Kappa3,rdkit_NumAtomStereoCenters,0.946223045127836,0.946223045127836
131,XGBoost,rdkit_descriptors_only,rdkit_SlogP_VSA3,rdkit_MolLogP,-0.9439716068144774,0.9439716068144774
132,XGBoost,rdkit_descriptors_only,rdkit_Kappa3,rdkit_PEOE_VSA10,0.9383083874641638,0.9383083874641638
133,XGBoost,rdkit_descriptors_only,rdkit_Kappa3,rdkit_SlogP_VSA3,0.9356876249841881,0.9356876249841881
134,XGBoost,rdkit_descriptors_only,rdkit_Kappa3,rdkit_VSA_EState7,-0.931409629985938,0.931409629985938
135,XGBoost,rdkit_descriptors_only,rdkit_NumAtomStereoCenters,rdkit_MolLogP,-0.9264164397453554,0.9264164397453554
136,XGBoost,rdkit_descriptors_only,rdkit_Kappa3,rdkit_MolLogP,-0.9170871407615641,0.9170871407615641
137,XGBoost,rdkit_descriptors_only,rdkit_qed,rdkit_EState_VSA10,-0.8592724222080546,0.8592724222080546
138,XGBoost,rdkit_descriptors_only,rdkit_qed,rdkit_NumHDonors,-0.8501602163318422,0.8501602163318422
139,XGBoost,rdkit_descriptors_only,rdkit_qed,rdkit_NHOHCount,-0.8453779529165715,0.8453779529165715
140,XGBoost,rdkit_descriptors_only,rdkit_qed,rdkit_NumAtomStereoCenters,-0.8373554274935782,0.8373554274935782
141,XGBoost,rdkit_descriptors_only,rdkit_qed,rdkit_Kappa3,-0.834794094475636,0.834794094475636
142,XGBoost,rdkit_descriptors_only,rdkit_qed,rdkit_TPSA,-0.8341891085270404,0.8341891085270404
143,XGBoost,rdkit_descriptors_only,rdkit_qed,rdkit_VSA_EState7,0.8324630263198624,0.8324630263198624
144,XGBoost,rdkit_descriptors_only,rdkit_qed,rdkit_VSA_EState3,-0.8270482244479913,0.8270482244479913
145,XGBoost,rdkit_descriptors_only,rdkit_qed,rdkit_NOCount,-0.8226384476535431,0.8226384476535431
146,XGBoost,rdkit_descriptors_only,rdkit_qed,rdkit_SMR_VSA1,-0.8219975597399922,0.8219975597399922
147,XGBoost,rdkit_descriptors_only,rdkit_qed,rdkit_PEOE_VSA1,-0.8216036622059957,0.8216036622059957
148,XGBoost,rdkit_descriptors_only,rdkit_qed,rdkit_NumHAcceptors,-0.8198578510579176,0.8198578510579176
149,XGBoost,rdkit_descriptors_only,rdkit_qed,rdkit_SlogP_VSA2,-0.8194526638814036,0.8194526638814036
150,XGBoost,rdkit_descriptors_only,rdkit_qed,rdkit_NumHeteroatoms,-0.8153122274177804,0.8153122274177804
151,XGBoost,rdkit_descriptors_only,rdkit_qed,rdkit_PEOE_VSA10,-0.8084525646276743,0.8084525646276743
152,XGBoost,rdkit_descriptors_only,rdkit_qed,rdkit_MolLogP,0.8035641688895954,0.8035641688895954
