rmse,mae,median_ae,r2,explained_variance,mape,max_error,mean_error,std_error,mean_absolute_log_error,rmse_log1p,pearson,spearman,train_rmse,train_mae,train_median_ae,train_r2,train_explained_variance,train_mape,train_max_error,train_mean_error,train_std_error,train_mean_absolute_log_error,train_rmse_log1p,train_pearson,train_spearman,model,feature_set,repeat,repeat_seed,fold,n_train,n_val,n_features_input,best_params
865301.9451671601,627616.2741373698,446836.875,0.8874800537353547,0.8876780464339263,0.4122496520832044,2789120.0,36297.56648763021,871836.135460904,0.5014679768294135,1.613631755274134,0.94221909371269,0.9407057515976661,372852.44013650663,265832.72705078125,195680.5,0.9765450444692066,0.9765451844222578,0.1647320807763834,1510896.5,910.77451171875,373630.537227159,0.14153652423674964,0.262377041753467,0.9892599753440696,0.987544252681257,XGBoost,provided_only,1,42,1,240,60,5,"{""model__colsample_bytree"": 0.8, ""model__gamma"": 0.0, ""model__learning_rate"": 0.1, ""model__max_depth"": 4, ""model__min_child_weight"": 4, ""model__n_estimators"": 300, ""model__reg_alpha"": 1.0, ""model__reg_lambda"": 10.0, ""model__subsample"": 1.0}"
1108474.271617873,835902.1614583334,687240.125,0.8014930747612462,0.8015583913820952,0.6300868167531644,3663651.75,-20107.109375,1117644.7306988954,0.40529919889854643,0.5637523041844377,0.9001903886601162,0.8903584328980273,381097.44533994445,263772.4357747396,162073.4375,0.975916428912547,0.9759170563438498,0.155923605727139,1565260.5,-1945.1750325520834,381888.9134700761,0.12462537151834716,0.2277564945399729,0.988883143121109,0.9869040496218671,XGBoost,provided_only,1,42,2,240,60,5,"{""model__colsample_bytree"": 0.8, ""model__gamma"": 0.0, ""model__learning_rate"": 0.1, ""model__max_depth"": 4, ""model__min_child_weight"": 4, ""model__n_estimators"": 300, ""model__reg_alpha"": 1.0, ""model__reg_lambda"": 10.0, ""model__subsample"": 1.0}"
1195406.5297984239,861152.8567708334,645796.875,0.80183119225179,0.8075605644851478,0.31423254720197347,3875255.0,-203259.80052083332,1187940.344751543,0.47327115123970737,1.5897319563648178,0.9085112407710841,0.9319940539111973,393655.58107207925,285295.99103190104,214597.0,0.9727828993561154,0.972783144510055,0.1857087655728247,1775784.0,-1181.4488444010417,394476.4920533955,0.19882666025953538,0.7601868247872651,0.9873775974282871,0.9848048445331271,XGBoost,provided_only,1,42,3,240,60,5,"{""model__colsample_bytree"": 0.8, ""model__gamma"": 0.0, ""model__learning_rate"": 0.1, ""model__max_depth"": 4, ""model__min_child_weight"": 4, ""model__n_estimators"": 300, ""model__reg_alpha"": 1.0, ""model__reg_lambda"": 10.0, ""model__subsample"": 1.0}"
1085515.768991514,747419.36875,470486.34375,0.8104483412510654,0.810448352032523,0.3895229825660623,4069627.5,-258.8875,1094676.3708921743,0.3137836952756532,0.44689128890733426,0.9002671524225654,0.8941928313420395,392453.21734411136,288712.0492513021,207424.0,0.97448234917789,0.974482361109631,0.19388506355068405,1379390.0,268.36103515625,393273.30020673544,0.15617036817130392,0.2639674459328305,0.9881343268969511,0.9848825237996817,XGBoost,provided_only,1,42,4,240,60,5,"{""model__colsample_bytree"": 0.8, ""model__gamma"": 0.0, ""model__learning_rate"": 0.1, ""model__max_depth"": 4, ""model__min_child_weight"": 4, ""model__n_estimators"": 300, ""model__reg_alpha"": 1.0, ""model__reg_lambda"": 10.0, ""model__subsample"": 1.0}"
1040310.3868815472,807375.9072916667,701637.625,0.6984048189268868,0.7380489679168241,1.014334307610331,2794865.0,377172.73020833335,977710.7987924735,0.4698105076771005,0.7422597306656361,0.8612795523501883,0.8732269134895712,400630.93363844254,295556.7025390625,203714.5625,0.9758428265250559,0.975843056678861,0.1644974291050363,1501764.5,-1236.6035807291667,401466.286312584,0.14574875047838867,0.23026668013108434,0.9887500454420732,0.9840832567446816,XGBoost,provided_only,1,42,5,240,60,5,"{""model__colsample_bytree"": 0.8, ""model__gamma"": 0.0, ""model__learning_rate"": 0.1, ""model__max_depth"": 4, ""model__min_child_weight"": 4, ""model__n_estimators"": 300, ""model__reg_alpha"": 1.0, ""model__reg_lambda"": 10.0, ""model__subsample"": 1.0}"
1124783.97179298,874759.87109375,633963.625,0.7490144534887945,0.7490527628158833,0.4873999900458088,3393198.0,13896.230989583333,1134189.419193363,0.5425867846427436,1.5006025539702743,0.8655572870004827,0.8396732338121563,398162.1581130205,286650.2385559082,188075.875,0.9748422498179282,0.9748422606486107,0.1941131344876478,1609701.5,-261.2474100748698,398994.1779586041,0.20825583158848027,0.8212618964495654,0.9882033095707689,0.9856857106471499,XGBoost,provided_only,2,43,1,240,60,5,"{""model__colsample_bytree"": 0.8, ""model__gamma"": 0.0, ""model__learning_rate"": 0.1, ""model__max_depth"": 4, ""model__min_child_weight"": 4, ""model__n_estimators"": 300, ""model__reg_alpha"": 1.0, ""model__reg_lambda"": 10.0, ""model__subsample"": 1.0}"
952250.0822789092,712612.7328125,445515.375,0.8291037459088428,0.830380682457414,0.5050177866705565,2387758.5,82313.18489583333,956691.7354812516,0.32132759916964704,0.5088732041588535,0.9123595427471187,0.880006668696605,431858.10250532586,308050.71695963544,212887.875,0.9702181439536824,0.9702193541986285,0.19419206019915775,1805243.0,-2752.972233072917,432751.8351261751,0.20030534378135853,0.8100311997616533,0.9864219584871083,0.9852319228333445,XGBoost,provided_only,2,43,2,240,60,5,"{""model__colsample_bytree"": 0.8, ""model__gamma"": 0.0, ""model__learning_rate"": 0.1, ""model__max_depth"": 4, ""model__min_child_weight"": 4, ""model__n_estimators"": 300, ""model__reg_alpha"": 1.0, ""model__reg_lambda"": 10.0, ""model__subsample"": 1.0}"
1308469.4734540794,898250.884375,534906.15625,0.7248185191818759,0.7345635326272686,0.360116842199904,4702529.0,-246232.409375,1295937.0525887639,0.304612969024344,0.4025448344171127,0.8661437841094541,0.910667148646865,397586.76678938075,288749.874214681,179216.375,0.9737312978426323,0.973731484093763,0.19010127152910647,1506159.0,1058.6735717773438,398416.25759073184,0.24388010849045635,1.0781455109261053,0.9876962396685978,0.9839204933256513,XGBoost,provided_only,2,43,3,240,60,5,"{""model__colsample_bytree"": 0.8, ""model__gamma"": 0.0, ""model__learning_rate"": 0.1, ""model__max_depth"": 4, ""model__min_child_weight"": 4, ""model__n_estimators"": 300, ""model__reg_alpha"": 1.0, ""model__reg_lambda"": 10.0, ""model__subsample"": 1.0}"
845851.8929209132,682118.1994791667,582368.75,0.9030430662344247,0.9030689123433109,0.6019499105842584,2578522.0,-13810.2796875,852876.3104628102,0.3723032539430596,0.5683302537527727,0.9600093821619694,0.9353153653792723,441307.6757000501,319049.0283040365,244912.25,0.9660490167807666,0.9660490175976124,0.21586031964128174,1559555.5,-68.45187174479166,442229.9444805482,0.17292919727487005,0.30864761772867805,0.9845965343438319,0.9794440608057844,XGBoost,provided_only,2,43,4,240,60,5,"{""model__colsample_bytree"": 0.8, ""model__gamma"": 0.0, ""model__learning_rate"": 0.1, ""model__max_depth"": 4, ""model__min_child_weight"": 4, ""model__n_estimators"": 300, ""model__reg_alpha"": 1.0, ""model__reg_lambda"": 10.0, ""model__subsample"": 1.0}"
1026571.4429908568,797682.0208333334,587752.5,0.8308035384089671,0.8353263645930695,0.49662300301603335,2989288.5,167841.16666666666,1021304.3854794855,0.389513236625283,0.5263220878692408,0.9142320764577221,0.9140872464573495,396296.73819059954,291479.0762695313,222063.0,0.9739689676394251,0.9739691916148634,0.18052559600119178,1752257.5,-1162.4519205729166,397123.2369743407,0.14635614709237252,0.24457430893709084,0.9880536981462652,0.9842238706452123,XGBoost,provided_only,2,43,5,240,60,5,"{""model__colsample_bytree"": 0.8, ""model__gamma"": 0.0, ""model__learning_rate"": 0.1, ""model__max_depth"": 4, ""model__min_child_weight"": 4, ""model__n_estimators"": 300, ""model__reg_alpha"": 1.0, ""model__reg_lambda"": 10.0, ""model__subsample"": 1.0}"
1135918.6918438186,835957.3723958334,621675.0,0.7601699776560341,0.7617663333348508,0.28830501019225385,3401132.5,-92674.5109375,1141685.9564797368,0.25946999816599975,0.3340584010017531,0.8727931015687853,0.9037635978032198,369668.883250673,264022.60335388186,187321.296875,0.9779915871659931,0.9779916027802081,0.1863245203809938,1691928.0,-311.37132263183594,370441.310435297,0.16090524398628697,0.37712286738154954,0.9898227032138704,0.9868261487409303,XGBoost,provided_only,3,44,1,240,60,5,"{""model__colsample_bytree"": 0.8, ""model__gamma"": 0.0, ""model__learning_rate"": 0.1, ""model__max_depth"": 4, ""model__min_child_weight"": 4, ""model__n_estimators"": 300, ""model__reg_alpha"": 1.0, ""model__reg_lambda"": 10.0, ""model__subsample"": 1.0}"
958166.0862420453,717741.0973958333,555485.625,0.7969754506100414,0.7994962629429345,0.44881337587753556,3190364.5,106766.93489583333,960234.6484613941,0.3765508620384136,0.5731003291800063,0.8955316609241609,0.8835787718810784,424961.82637078426,311532.71990559896,211419.625,0.9720304610722771,0.972030601091706,0.1961451245138062,1747647.0,-950.826806640625,425848.87389573915,0.1659201949400479,0.2876783439226028,0.9871201947344292,0.9831392215961252,XGBoost,provided_only,3,44,2,240,60,5,"{""model__colsample_bytree"": 0.8, ""model__gamma"": 0.0, ""model__learning_rate"": 0.1, ""model__max_depth"": 4, ""model__min_child_weight"": 4, ""model__n_estimators"": 300, ""model__reg_alpha"": 1.0, ""model__reg_lambda"": 10.0, ""model__subsample"": 1.0}"
1380981.6906174344,1014126.1455729167,676833.125,0.7695845655492958,0.7708126487372668,0.5693022270814418,4868645.5,100819.84609375,1388919.5124222795,0.4129471319045293,0.5350834591193997,0.8858037647040655,0.89647124201167,394813.51393282914,280040.781640625,208532.65625,0.9716990566296619,0.9716999219621508,0.19790876508508462,1710297.5,-2183.147395833333,395632.5728556374,0.19666411623995514,0.7929543208311786,0.9870269898691808,0.9855446426819527,XGBoost,provided_only,3,44,3,240,60,5,"{""model__colsample_bytree"": 0.8, ""model__gamma"": 0.0, ""model__learning_rate"": 0.1, ""model__max_depth"": 4, ""model__min_child_weight"": 4, ""model__n_estimators"": 300, ""model__reg_alpha"": 1.0, ""model__reg_lambda"": 10.0, ""model__subsample"": 1.0}"
1041175.2394689725,833663.9666666667,613115.8125,0.7582730144973656,0.7786588399357977,1.5140326087373688,2540910.0,302360.75,1004712.8889875311,0.5753815547769513,0.8799342568187164,0.8860171748233767,0.7997777160322314,421884.1232995559,306683.5705240885,231337.125,0.9717228431549295,0.9717228638889311,0.16091359283723197,1429403.0,-361.25750325520835,422765.649774838,0.18735325723021656,0.8150862413340694,0.9868839835216424,0.982642905228665,XGBoost,provided_only,3,44,4,240,60,5,"{""model__colsample_bytree"": 0.8, ""model__gamma"": 0.0, ""model__learning_rate"": 0.1, ""model__max_depth"": 4, ""model__min_child_weight"": 4, ""model__n_estimators"": 300, ""model__reg_alpha"": 1.0, ""model__reg_lambda"": 10.0, ""model__subsample"": 1.0}"
1174591.048194211,864332.35234375,538491.5625,0.7993497701049381,0.8189329693829582,0.4534753585761508,3728210.0,-366951.50859375,1125216.689115093,0.535858204038665,1.5324409496834088,0.9086798993435775,0.903973325923868,405812.00829937635,296546.52942504885,204034.0,0.9718151232859831,0.9718151429464084,0.18965402711730703,1658171.0,-338.93255004882815,406659.95936242887,0.1876168509963207,0.49883665368822133,0.9869315343043175,0.983108839078608,XGBoost,provided_only,3,44,5,240,60,5,"{""model__colsample_bytree"": 0.8, ""model__gamma"": 0.0, ""model__learning_rate"": 0.1, ""model__max_depth"": 4, ""model__min_child_weight"": 4, ""model__n_estimators"": 300, ""model__reg_alpha"": 1.0, ""model__reg_lambda"": 10.0, ""model__subsample"": 1.0}"
1074995.4325947824,824149.6276041666,613936.0,0.7981953338130225,0.8060817405429674,0.4891218898215097,3223268.0,-212510.60260416666,1062673.8376859382,0.620283817880863,1.5923690446954808,0.8995352391177209,0.8652403445401502,430654.8637898275,316614.99602457683,228659.375,0.9698873286087915,0.9698873464116764,0.2075200282654445,1634663.5,-331.1310506184896,431554.74736656895,0.17285572418911757,0.318235756710006,0.9860851886510418,0.9837180191656505,XGBoost,provided_only,4,45,1,240,60,5,"{""model__colsample_bytree"": 0.8, ""model__gamma"": 0.0, ""model__learning_rate"": 0.1, ""model__max_depth"": 4, ""model__min_child_weight"": 4, ""model__n_estimators"": 300, ""model__reg_alpha"": 1.0, ""model__reg_lambda"": 10.0, ""model__subsample"": 1.0}"
1272514.5338587062,927302.6052083333,679345.3125,0.7499858965608077,0.750149205053333,0.9675972356935639,4890741.75,32522.571875,1282834.0663930725,0.4446262330561602,0.7189930776626001,0.8666296689864149,0.824451236454571,372626.1926518389,268114.90576171875,178140.4375,0.976741466837512,0.9767417299360912,0.15840497173956974,1235060.0,-1253.26083984375,373402.8196572784,0.13771572018119177,0.2237425861003688,0.9894296200322412,0.9865383772361753,XGBoost,provided_only,4,45,2,240,60,5,"{""model__colsample_bytree"": 0.8, ""model__gamma"": 0.0, ""model__learning_rate"": 0.1, ""model__max_depth"": 4, ""model__min_child_weight"": 4, ""model__n_estimators"": 300, ""model__reg_alpha"": 1.0, ""model__reg_lambda"": 10.0, ""model__subsample"": 1.0}"
1542370.9144691776,1094766.6166666667,658235.8125,0.683292281600007,0.6833030887553844,0.8570891242460213,4652505.25,-9009.801041666668,1555360.395737754,0.5130550808154892,0.706853234095551,0.832822283252818,0.8412453633121284,443941.6400751716,327398.403125,251099.3125,0.965474807196849,0.9654748468033179,0.20865228325459176,1873486.5,475.489453125,444869.16363753664,0.16062923066206675,0.2732276311444643,0.9838660972601427,0.9806556677622197,XGBoost,provided_only,4,45,3,240,60,5,"{""model__colsample_bytree"": 0.8, ""model__gamma"": 0.0, ""model__learning_rate"": 0.1, ""model__max_depth"": 4, ""model__min_child_weight"": 4, ""model__n_estimators"": 300, ""model__reg_alpha"": 1.0, ""model__reg_lambda"": 10.0, ""model__subsample"": 1.0}"
1036139.0453165616,737738.5375,479829.25,0.803275855736034,0.8132973299017539,0.4799478018372908,3596286.75,233859.49791666667,1017921.0400917009,0.32348320372072326,0.4839223050425063,0.9019878674394536,0.9199222006112812,389809.79235827795,285914.76217041013,205213.0,0.9755940819366907,0.9755942402862267,0.1822881791600207,1600582.5,-992.9184204101563,390623.17554138973,0.19147215047073501,0.7540837115232059,0.9888683881484512,0.9851585707374287,XGBoost,provided_only,4,45,4,240,60,5,"{""model__colsample_bytree"": 0.8, ""model__gamma"": 0.0, ""model__learning_rate"": 0.1, ""model__max_depth"": 4, ""model__min_child_weight"": 4, ""model__n_estimators"": 300, ""model__reg_alpha"": 1.0, ""model__reg_lambda"": 10.0, ""model__subsample"": 1.0}"
977219.98502575,718945.2192708333,509229.625,0.8152715070829233,0.8177250174940723,0.33876962572726677,3611472.5,-112620.9921875,978900.4959313662,0.30234457353362243,0.40553985269363296,0.9062916408926763,0.8865796054459574,399845.21184260823,290737.8604248047,214613.375,0.9746147218877788,0.9746149098796087,0.19785738148467627,1780879.0,-1088.1040445963542,400679.35129856144,0.20708108083157603,0.8141464161551462,0.9882911069872744,0.984028127268295,XGBoost,provided_only,4,45,5,240,60,5,"{""model__colsample_bytree"": 0.8, ""model__gamma"": 0.0, ""model__learning_rate"": 0.1, ""model__max_depth"": 4, ""model__min_child_weight"": 4, ""model__n_estimators"": 300, ""model__reg_alpha"": 1.0, ""model__reg_lambda"": 10.0, ""model__subsample"": 1.0}"
1064175.9560647872,828917.3427083333,720594.0,0.8069099784900632,0.8110886256147718,0.4221404446923256,2605931.0,156549.38854166667,1061480.9391361952,0.3560769252337572,0.5013658806892334,0.9014183872547415,0.8938996096946255,397320.54794425704,284605.6764322917,197181.6875,0.9741675740135188,0.9741676026675833,0.17843374173633006,1662971.5,-418.4576822916667,398150.6740024375,0.24727691249671582,1.0902479116406838,0.9879506190458037,0.9849328785224393,XGBoost,provided_only,5,46,1,240,60,5,"{""model__colsample_bytree"": 0.8, ""model__gamma"": 0.0, ""model__learning_rate"": 0.1, ""model__max_depth"": 4, ""model__min_child_weight"": 4, ""model__n_estimators"": 300, ""model__reg_alpha"": 1.0, ""model__reg_lambda"": 10.0, ""model__subsample"": 1.0}"
929646.0416360194,647353.584375,444873.5625,0.7873751926557931,0.7875516617191904,0.6682973064230393,4244396.5,26782.119791666668,937102.1763596275,0.4145729175097988,0.5975471605888079,0.8936044017827465,0.8958043901083637,354651.62059420056,259199.0296875,175150.9375,0.9802244189441808,0.980224426345334,0.1541280627181175,1149942.5,-216.963671875,355392.7286092235,0.13076179365423848,0.24809883708070374,0.9908410864066196,0.9880978681468143,XGBoost,provided_only,5,46,2,240,60,5,"{""model__colsample_bytree"": 0.8, ""model__gamma"": 0.0, ""model__learning_rate"": 0.1, ""model__max_depth"": 4, ""model__min_child_weight"": 4, ""model__n_estimators"": 300, ""model__reg_alpha"": 1.0, ""model__reg_lambda"": 10.0, ""model__subsample"": 1.0}"
1081018.6617422549,755948.92421875,523668.75,0.8400353677801214,0.8437706544785324,0.3315438213179347,3527824.0,-165189.78046875,1077338.3791471578,0.2799268186983085,0.394303166082449,0.9283061617950772,0.9103084190052794,444217.0489210005,320198.534391276,218812.875,0.9656618248974974,0.9656623478853674,0.20310291281020912,1820325.0,-1733.6140787760417,445142.01331453264,0.21150689454951976,0.8253382131074638,0.9846306064525829,0.9819614688997745,XGBoost,provided_only,5,46,3,240,60,5,"{""model__colsample_bytree"": 0.8, ""model__gamma"": 0.0, ""model__learning_rate"": 0.1, ""model__max_depth"": 4, ""model__min_child_weight"": 4, ""model__n_estimators"": 300, ""model__reg_alpha"": 1.0, ""model__reg_lambda"": 10.0, ""model__subsample"": 1.0}"
1102407.9098958652,831335.840625,596620.0625,0.8196446273684197,0.820936652368337,0.5688610012454107,3313555.5,-93306.7875,1107721.9148098037,0.35785322007566894,0.5397684697960169,0.9088457973669072,0.904251180883579,410437.9749092259,307050.30831705726,236916.625,0.9714382207390277,0.971438291256773,0.20791571675968853,1561071.0,-644.917431640625,411295.227722382,0.2047006454056857,0.8177680089304886,0.9866127149262857,0.9822750713610854,XGBoost,provided_only,5,46,4,240,60,5,"{""model__colsample_bytree"": 0.8, ""model__gamma"": 0.0, ""model__learning_rate"": 0.1, ""model__max_depth"": 4, ""model__min_child_weight"": 4, ""model__n_estimators"": 300, ""model__reg_alpha"": 1.0, ""model__reg_lambda"": 10.0, ""model__subsample"": 1.0}"
1096370.196300414,843786.5802083333,626512.375,0.782589327526458,0.7843684235916171,0.7031561784414814,3387600.0,99178.26145833333,1101089.4203700065,0.37128865876640804,0.6045421031860416,0.8891269274304963,0.8828007779938873,391382.897469075,282986.7568400065,208438.0625,0.9752647542121586,0.9752648053732702,0.16940135381325222,1734723.5,562.877274576823,392200.42984679696,0.14615935616165268,0.25793947612009976,0.9884546227349528,0.9872970609258239,XGBoost,provided_only,5,46,5,240,60,5,"{""model__colsample_bytree"": 0.8, ""model__gamma"": 0.0, ""model__learning_rate"": 0.1, ""model__max_depth"": 4, ""model__min_child_weight"": 4, ""model__n_estimators"": 300, ""model__reg_alpha"": 1.0, ""model__reg_lambda"": 10.0, ""model__subsample"": 1.0}"
1286336.4021550294,955049.8513020833,548370.6875,0.7209586405353822,0.7237061687711521,0.7231217113362832,3577212.75,127641.33932291667,1290789.6786778835,0.41796232992765936,0.6163457533995833,0.8513939720923938,0.8667092726122234,368178.2977569677,266145.022265625,186903.875,0.9777732560546389,0.9777734470179492,0.16402860269359257,1469623.5,-1079.1833333333334,368946.1562955223,0.13970320580006454,0.2510399001656056,0.9896885787149081,0.9876165223578083,XGBoost,provided_only,6,47,1,240,60,5,"{""model__colsample_bytree"": 0.8, ""model__gamma"": 0.0, ""model__learning_rate"": 0.1, ""model__max_depth"": 4, ""model__min_child_weight"": 4, ""model__n_estimators"": 300, ""model__reg_alpha"": 1.0, ""model__reg_lambda"": 10.0, ""model__subsample"": 1.0}"
1048745.3997959713,786797.7707682292,683581.625,0.8296288141939774,0.8300193109899915,0.665643660908206,4209498.0,-50208.903059895834,1056383.0101092716,0.6242006674160868,1.6861136573473832,0.911378338273303,0.8836899138649627,414960.39467684994,305010.51510416664,223216.5,0.9711767567277103,0.9711770396837103,0.17397126199289611,1445384.0,1300.1536458333333,415825.56539694377,0.14324233231401834,0.23641604534580818,0.9865229970248277,0.9820955782149996,XGBoost,provided_only,6,47,2,240,60,5,"{""model__colsample_bytree"": 0.8, ""model__gamma"": 0.0, ""model__learning_rate"": 0.1, ""model__max_depth"": 4, ""model__min_child_weight"": 4, ""model__n_estimators"": 300, ""model__reg_alpha"": 1.0, ""model__reg_lambda"": 10.0, ""model__subsample"": 1.0}"
1311013.5294445804,964732.1861979166,833408.0,0.7581147171405713,0.7742859859218806,0.6213126705235793,3994301.5,-338980.33046875,1277118.901307409,0.4130004480574726,0.5842297238728658,0.9034050835852416,0.911253125868297,379851.4390776802,268345.61298828124,182364.5625,0.9751415745208363,0.975141575971614,0.16703863093238688,1691177.0,-91.76507161458333,380645.2667442279,0.1876774856005497,0.8044588047797001,0.9884824811307023,0.9864072925018642,XGBoost,provided_only,6,47,3,240,60,5,"{""model__colsample_bytree"": 0.8, ""model__gamma"": 0.0, ""model__learning_rate"": 0.1, ""model__max_depth"": 4, ""model__min_child_weight"": 4, ""model__n_estimators"": 300, ""model__reg_alpha"": 1.0, ""model__reg_lambda"": 10.0, ""model__subsample"": 1.0}"
1038103.7977292544,814216.0100260417,687039.375,0.8037453255093105,0.8045613067771552,0.4412980396344828,2874828.5,66937.712890625,1044685.7466597828,0.5293378439693993,1.6056996647497812,0.8974771058565272,0.9118644067796612,411812.3799511809,291775.21393229166,194613.625,0.9727165123718867,0.9727165788415981,0.16872377223684573,1694642.0,-642.778515625,412672.5101329341,0.1429555420774444,0.2308228365831255,0.9873342167493837,0.9843938059616227,XGBoost,provided_only,6,47,4,240,60,5,"{""model__colsample_bytree"": 0.8, ""model__gamma"": 0.0, ""model__learning_rate"": 0.1, ""model__max_depth"": 4, ""model__min_child_weight"": 4, ""model__n_estimators"": 300, ""model__reg_alpha"": 1.0, ""model__reg_lambda"": 10.0, ""model__subsample"": 1.0}"
952823.3094992902,713773.0510416667,524333.125,0.828811887657905,0.8309664835748292,0.42981709786744215,2880062.0,106895.26979166667,954798.2272007928,0.5210362504145746,1.607731982911986,0.9115751063684276,0.8834243321821181,392730.0173859634,284108.7552083333,193177.578125,0.9753803719098475,0.9753803762439269,0.15200119571807338,1778241.0,164.77897135416666,393550.7360279659,0.13754508789755737,0.20264982260561099,0.9887364811735337,0.9852067551616304,XGBoost,provided_only,6,47,5,240,60,5,"{""model__colsample_bytree"": 0.8, ""model__gamma"": 0.0, ""model__learning_rate"": 0.1, ""model__max_depth"": 4, ""model__min_child_weight"": 4, ""model__n_estimators"": 300, ""model__reg_alpha"": 1.0, ""model__reg_lambda"": 10.0, ""model__subsample"": 1.0}"
1286686.7570902002,951231.7708333334,726214.1875,0.7494375298437135,0.7498288176649648,0.4364831466062856,4345028.0,-50846.725,1296531.5221362545,0.360221737584312,0.45273106624573733,0.8664620093572243,0.868963601000278,398288.0443546027,296658.4052652995,235959.5,0.9732201079895045,0.9732203189983021,0.2136597019008984,1557026.5,-1118.0034423828124,399118.8407585959,0.27705994795722977,1.1002493457893452,0.9875636035398845,0.9837918052329311,XGBoost,provided_only,7,48,1,240,60,5,"{""model__colsample_bytree"": 0.8, ""model__gamma"": 0.0, ""model__learning_rate"": 0.1, ""model__max_depth"": 4, ""model__min_child_weight"": 4, ""model__n_estimators"": 300, ""model__reg_alpha"": 1.0, ""model__reg_lambda"": 10.0, ""model__subsample"": 1.0}"
1077921.0615958904,831899.1692708334,701195.0,0.757286384836896,0.7638061211227498,1.346628730524501,3264735.5,176666.78385416666,1072318.569466026,0.4783103062833496,0.8065763837445589,0.8851057792350999,0.8440122256182274,401212.61032425147,289863.45589192706,213049.84375,0.9746015449619737,0.974601857534237,0.1766230472795509,1907082.0,1407.49267578125,402048.61711583304,0.14247223965608927,0.2521164308079622,0.9881720572397595,0.9839975312047583,XGBoost,provided_only,7,48,2,240,60,5,"{""model__colsample_bytree"": 0.8, ""model__gamma"": 0.0, ""model__learning_rate"": 0.1, ""model__max_depth"": 4, ""model__min_child_weight"": 4, ""model__n_estimators"": 300, ""model__reg_alpha"": 1.0, ""model__reg_lambda"": 10.0, ""model__subsample"": 1.0}"
1000086.4485236924,790447.6166015625,673095.0,0.8313544449488344,0.8317025560787509,0.5201115611358614,2809510.0,45436.93704427083,1007484.7297187056,0.4515493517718993,0.7287002977261731,0.9123919509179749,0.9064740205612671,383870.47706676775,275255.8271402995,202884.25,0.9758712596188738,0.9758714131825921,0.17937952145124178,1477410.0,-968.4154215494792,384671.49099585816,0.1445416368109512,0.2539935190031255,0.9888873757725346,0.9860730907746653,XGBoost,provided_only,7,48,3,240,60,5,"{""model__colsample_bytree"": 0.8, ""model__gamma"": 0.0, ""model__learning_rate"": 0.1, ""model__max_depth"": 4, ""model__min_child_weight"": 4, ""model__n_estimators"": 300, ""model__reg_alpha"": 1.0, ""model__reg_lambda"": 10.0, ""model__subsample"": 1.0}"
1283341.6099034664,887975.8548177084,578802.90625,0.7652192410421561,0.7834186725016773,0.5150644603620548,5141642.75,-357305.69231770834,1243000.0599753116,0.408392987290989,0.5759820165127044,0.8945202538640787,0.9134203945540429,399348.78909181873,281603.1405273437,184885.375,0.9726444323015361,0.9726445414889926,0.17377661767775923,1408377.5,-797.84013671875,400182.5760733314,0.1390882157654262,0.2430779582255353,0.9873209675200894,0.9856266879928718,XGBoost,provided_only,7,48,4,240,60,5,"{""model__colsample_bytree"": 0.8, ""model__gamma"": 0.0, ""model__learning_rate"": 0.1, ""model__max_depth"": 4, ""model__min_child_weight"": 4, ""model__n_estimators"": 300, ""model__reg_alpha"": 1.0, ""model__reg_lambda"": 10.0, ""model__subsample"": 1.0}"
1065943.4347309452,777897.1328125,542041.625,0.8026656692253576,0.8041574118788615,0.3447403257617712,3663052.0,-92678.66927083333,1070868.2064416953,0.3063726389932055,0.42384904408542506,0.8977500029127632,0.8927479855515421,362449.94440109085,268088.2248453776,185909.0625,0.978630853582505,0.9786312310757131,0.1891179835957239,1370630.0,1523.382706705729,363204.20827029896,0.19876063412930373,0.8138378904046354,0.9901987532526392,0.9879947768107248,XGBoost,provided_only,7,48,5,240,60,5,"{""model__colsample_bytree"": 0.8, ""model__gamma"": 0.0, ""model__learning_rate"": 0.1, ""model__max_depth"": 4, ""model__min_child_weight"": 4, ""model__n_estimators"": 300, ""model__reg_alpha"": 1.0, ""model__reg_lambda"": 10.0, ""model__subsample"": 1.0}"
955389.1223669976,748280.5427083333,628260.9375,0.8223092420420919,0.8246867812788381,0.6842346965410233,2775565.5,110512.58020833334,956984.323102497,0.36601104945391316,0.5925174392006507,0.9115731156473706,0.8974006308261265,431979.67854909535,309059.5147542318,223674.75,0.9704095009141701,0.9704095020742293,0.19436442396042686,1754435.5,85.53173014322917,432882.4498960268,0.16798073923543858,0.3026980325711052,0.9864004783748752,0.9827685548756379,XGBoost,provided_only,8,49,1,240,60,5,"{""model__colsample_bytree"": 0.8, ""model__gamma"": 0.0, ""model__learning_rate"": 0.1, ""model__max_depth"": 4, ""model__min_child_weight"": 4, ""model__n_estimators"": 300, ""model__reg_alpha"": 1.0, ""model__reg_lambda"": 10.0, ""model__subsample"": 1.0}"
1147713.805151978,875117.7549479167,718101.3125,0.8104930416655225,0.8128858408440198,0.5742816589720057,3464068.5,-128965.67942708333,1150069.1941156886,0.4866693693658152,0.6913655278902372,0.9040230640812866,0.8522485725825606,359173.37067195977,265273.07687174476,193664.75,0.9779187690692298,0.9779188457361883,0.15501678471031669,1751208.0,-669.2626790364583,359923.37020873884,0.13451238316343084,0.23073464004198618,0.9898400765938562,0.986703750676382,XGBoost,provided_only,8,49,2,240,60,5,"{""model__colsample_bytree"": 0.8, ""model__gamma"": 0.0, ""model__learning_rate"": 0.1, ""model__max_depth"": 4, ""model__min_child_weight"": 4, ""model__n_estimators"": 300, ""model__reg_alpha"": 1.0, ""model__reg_lambda"": 10.0, ""model__subsample"": 1.0}"
1150934.1512000076,860323.113671875,732249.75,0.7807921507463442,0.7862767191005714,0.4091494946996786,3157574.0,-182051.244921875,1146035.2131518226,0.5297157633983949,1.6115973323440762,0.8867578161684996,0.8846901917199224,385876.89941628557,274400.9112304688,193486.375,0.9752829950986494,0.9752830054038887,0.18838414430817293,1587199.0,249.16090494791666,386683.2499879258,0.19384766608329232,0.7570307241241424,0.9884211871971118,0.9857473437552401,XGBoost,provided_only,8,49,3,240,60,5,"{""model__colsample_bytree"": 0.8, ""model__gamma"": 0.0, ""model__learning_rate"": 0.1, ""model__max_depth"": 4, ""model__min_child_weight"": 4, ""model__n_estimators"": 300, ""model__reg_alpha"": 1.0, ""model__reg_lambda"": 10.0, ""model__subsample"": 1.0}"
1205553.6785757812,841359.8694010417,527485.875,0.7922026828448623,0.7990133537834827,0.6808183595450198,3970174.0,-218253.658984375,1195638.2646658148,0.5695186084190319,1.6765147704498224,0.9102795782604789,0.91204379063804,379598.6174370807,269027.1949707031,183571.625,0.9752313667501321,0.97523147567411,0.17493830400847507,1581587.5,796.0408365885417,380391.09142998257,0.18852586886454178,0.8092212682186608,0.9883736060451426,0.9871095628577226,XGBoost,provided_only,8,49,4,240,60,5,"{""model__colsample_bytree"": 0.8, ""model__gamma"": 0.0, ""model__learning_rate"": 0.1, ""model__max_depth"": 4, ""model__min_child_weight"": 4, ""model__n_estimators"": 300, ""model__reg_alpha"": 1.0, ""model__reg_lambda"": 10.0, ""model__subsample"": 1.0}"
1148219.2718042955,789128.2015625,559367.0,0.7195244640948633,0.7259476646334608,0.5103830285780542,4225008.5,173761.30885416668,1144573.5659267951,0.36676520675352436,0.5087941691735791,0.8542008136026292,0.8571825507085303,379996.39955883875,280041.28260091145,178723.5,0.9772191437788822,0.9772195168514501,0.18097054395258474,1393426.0,-1537.7690592447916,380787.42324437253,0.19429336247714832,0.7893329894224902,0.9892219615353397,0.9870435893755901,XGBoost,provided_only,8,49,5,240,60,5,"{""model__colsample_bytree"": 0.8, ""model__gamma"": 0.0, ""model__learning_rate"": 0.1, ""model__max_depth"": 4, ""model__min_child_weight"": 4, ""model__n_estimators"": 300, ""model__reg_alpha"": 1.0, ""model__reg_lambda"": 10.0, ""model__subsample"": 1.0}"
1092501.4308707016,819655.77265625,703776.25,0.8187294750023278,0.8193926698311913,0.8608945279980988,3447681.25,66081.36171875,1099703.7952910555,0.4516212145356776,0.6806598552052257,0.9173812806191747,0.9199627670069116,378050.11214609374,274262.2814778646,183295.0,0.9758776366398489,0.975878251901794,0.16910981384825294,1408157.5,1909.2793294270834,378835.3550317624,0.13904842450511878,0.2392672021137062,0.9888403160956301,0.984693731396516,XGBoost,provided_only,9,50,1,240,60,5,"{""model__colsample_bytree"": 0.8, ""model__gamma"": 0.0, ""model__learning_rate"": 0.1, ""model__max_depth"": 4, ""model__min_child_weight"": 4, ""model__n_estimators"": 300, ""model__reg_alpha"": 1.0, ""model__reg_lambda"": 10.0, ""model__subsample"": 1.0}"
1306797.4068564265,933878.3899739584,649314.25,0.7365138807617133,0.7409256922555232,0.5292297299338489,4509375.0,-169097.76497395834,1306746.0201328502,0.4109945452654621,0.6020398902144524,0.8614886553214371,0.8774103917754934,388308.65395145945,286220.1772664388,207035.3125,0.9746958519349405,0.9746959706639109,0.19648567392863125,1282481.0,-841.1230997721354,389119.2542834189,0.1702929006461746,0.33890714863152144,0.9880828561720416,0.9852957261351437,XGBoost,provided_only,9,50,2,240,60,5,"{""model__colsample_bytree"": 0.8, ""model__gamma"": 0.0, ""model__learning_rate"": 0.1, ""model__max_depth"": 4, ""model__min_child_weight"": 4, ""model__n_estimators"": 300, ""model__reg_alpha"": 1.0, ""model__reg_lambda"": 10.0, ""model__subsample"": 1.0}"
1168001.1830822113,809231.9,486486.375,0.7730000833548921,0.7736586207761558,0.4709143252064426,3866333.0,62910.14166666667,1176148.156421843,0.3264677505347565,0.4890830059159011,0.8857978974238299,0.9169213670464019,358698.9189881726,260395.19056803387,185671.15625,0.9788256535897133,0.9788256987860933,0.16646684605486234,1418321.5,-524.0550211588542,359448.16820099077,0.1444306291627955,0.25774383289411257,0.9901895150036608,0.9881811979063103,XGBoost,provided_only,9,50,3,240,60,5,"{""model__colsample_bytree"": 0.8, ""model__gamma"": 0.0, ""model__learning_rate"": 0.1, ""model__max_depth"": 4, ""model__min_child_weight"": 4, ""model__n_estimators"": 300, ""model__reg_alpha"": 1.0, ""model__reg_lambda"": 10.0, ""model__subsample"": 1.0}"
1040037.9652352548,825940.3712890625,630229.294921875,0.8022019424866317,0.8123269766416032,0.45367774460891935,2836861.0,235307.85787760417,1021618.4473758886,0.4264570323113875,0.6570313202443393,0.9090117189678377,0.8587941094748544,394921.92407185043,284918.10696614586,207888.125,0.9748702555416509,0.9748702560887219,0.17581232169740676,1670836.5,-58.269205729166664,395747.25383905094,0.18792243068314787,0.7527611175275863,0.9883400878686115,0.9866883395207326,XGBoost,provided_only,9,50,4,240,60,5,"{""model__colsample_bytree"": 0.8, ""model__gamma"": 0.0, ""model__learning_rate"": 0.1, ""model__max_depth"": 4, ""model__min_child_weight"": 4, ""model__n_estimators"": 300, ""model__reg_alpha"": 1.0, ""model__reg_lambda"": 10.0, ""model__subsample"": 1.0}"
1090763.2146768107,807395.9012207031,537507.75,0.7881586639799951,0.7889791555528108,0.5835515760287288,3363076.0,67883.18211263021,1097835.8977482775,0.3908509730993413,0.6367675190474843,0.8901936141106379,0.8859683245345932,402787.13933775225,298811.0924479167,233475.0,0.9737626870344444,0.97376289933781,0.19624376505728408,1426807.5,-1145.7618489583333,403627.27764517546,0.1626714874472984,0.2727402379147488,0.9879099821784691,0.983767058153395,XGBoost,provided_only,9,50,5,240,60,5,"{""model__colsample_bytree"": 0.8, ""model__gamma"": 0.0, ""model__learning_rate"": 0.1, ""model__max_depth"": 4, ""model__min_child_weight"": 4, ""model__n_estimators"": 300, ""model__reg_alpha"": 1.0, ""model__reg_lambda"": 10.0, ""model__subsample"": 1.0}"
1207096.3494448399,784654.1,502901.375,0.7332082122114553,0.7349383588764076,0.4000142381337137,5049663.0,-97206.91666666667,1213329.53263934,0.3320376046545469,0.4546307490326401,0.8610162840597723,0.8891760097552985,406018.50963032345,305072.04375,232152.4375,0.973504579743627,0.9735056327869479,0.19637444801527362,1411596.0,-2559.667447916667,406858.94867320574,0.20731115290878221,0.8182888633191873,0.9878007867604132,0.9843339090104208,XGBoost,provided_only,10,51,1,240,60,5,"{""model__colsample_bytree"": 0.8, ""model__gamma"": 0.0, ""model__learning_rate"": 0.1, ""model__max_depth"": 4, ""model__min_child_weight"": 4, ""model__n_estimators"": 300, ""model__reg_alpha"": 1.0, ""model__reg_lambda"": 10.0, ""model__subsample"": 1.0}"
1053285.10276089,822080.0766927083,608256.34375,0.7890979904114936,0.7892225898571457,0.3926946168451887,2564280.0,-25601.395442708334,1061859.9334280079,0.36047584584444414,0.49199656055015745,0.8884531353831762,0.8785218116143374,348508.42756508995,253080.29254964192,180070.3125,0.9806453326066463,0.9806453416684993,0.152811855933371,1411606.5,-238.46735432942708,349236.68187502195,0.14740169017565458,0.3222292063468126,0.9910258007098369,0.990022812936503,XGBoost,provided_only,10,51,2,240,60,5,"{""model__colsample_bytree"": 0.8, ""model__gamma"": 0.0, ""model__learning_rate"": 0.1, ""model__max_depth"": 4, ""model__min_child_weight"": 4, ""model__n_estimators"": 300, ""model__reg_alpha"": 1.0, ""model__reg_lambda"": 10.0, ""model__subsample"": 1.0}"
1034599.3781441032,734092.9578125,610096.75,0.867837973155321,0.8719040147366824,0.6596523399889602,3144414.0,-181469.9734375,1027155.6193865568,0.3464199321792743,0.5777085979625964,0.9446455524144589,0.93098082800778,433605.9977894534,308108.91031901044,209421.5625,0.9659623589855172,0.9659623988497398,0.16910721683403077,1834675.5,-469.25315755208334,434511.92196552054,0.14685476089070995,0.2251534641191802,0.9844943970969062,0.9822917625177784,XGBoost,provided_only,10,51,3,240,60,5,"{""model__colsample_bytree"": 0.8, ""model__gamma"": 0.0, ""model__learning_rate"": 0.1, ""model__max_depth"": 4, ""model__min_child_weight"": 4, ""model__n_estimators"": 300, ""model__reg_alpha"": 1.0, ""model__reg_lambda"": 10.0, ""model__subsample"": 1.0}"
1380201.5303287974,1091902.5451822917,962278.5,0.6909720119513254,0.6910626898828862,0.6734979533480909,3243626.5,-23642.554557291667,1391644.7873549352,0.7100269031645968,1.7656942652506376,0.8318366919880676,0.8098916365657128,438836.8085074085,312844.8048177083,215843.15625,0.9681597385794641,0.9681602113618509,0.21156122491214158,1971316.0,-1691.0069010416667,439750.65395462257,0.21717713876623743,0.792373734620548,0.9853256136312485,0.9819202354913383,XGBoost,provided_only,10,51,4,240,60,5,"{""model__colsample_bytree"": 0.8, ""model__gamma"": 0.0, ""model__learning_rate"": 0.1, ""model__max_depth"": 4, ""model__min_child_weight"": 4, ""model__n_estimators"": 300, ""model__reg_alpha"": 1.0, ""model__reg_lambda"": 10.0, ""model__subsample"": 1.0}"
930215.0473137044,667780.84296875,422531.125,0.8304311082087125,0.8379669628577324,0.6408754315062857,3337674.0,196099.51796875,916983.825135757,0.36244514931674643,0.5741915301207503,0.9189708739464847,0.9151986662961936,425431.3075637706,308164.27491455077,216159.78125,0.971162339151185,0.9711624413032282,0.1842328455832592,1660896.5,-800.7057739257813,426319.647094283,0.15235424698881297,0.2896509222995981,0.9866881188036793,0.9815612958226025,XGBoost,provided_only,10,51,5,240,60,5,"{""model__colsample_bytree"": 0.8, ""model__gamma"": 0.0, ""model__learning_rate"": 0.1, ""model__max_depth"": 4, ""model__min_child_weight"": 4, ""model__n_estimators"": 300, ""model__reg_alpha"": 1.0, ""model__reg_lambda"": 10.0, ""model__subsample"": 1.0}"
767550.142941206,517623.8015625,294831.875,0.9114664925863545,0.9129048393145133,0.36565431869011583,2499542.0,97832.85260416666,767714.1648174931,0.2449286718955928,0.41552627876500114,0.9555997487810773,0.961656015559878,120685.10734522397,85567.22848307292,56730.0,0.997542644459084,0.9975430642427887,0.04631052174329077,450138.5,-1577.3659830729166,120926.99295409957,0.04550996415668689,0.0854992761469884,0.9988129061823352,0.9984441980578426,XGBoost,provided_plus_rdkit_descriptors,1,42,1,240,60,222,"{""model__colsample_bytree"": 1.0, ""model__gamma"": 0.0, ""model__learning_rate"": 0.1, ""model__max_depth"": 5, ""model__min_child_weight"": 4, ""model__n_estimators"": 200, ""model__reg_alpha"": 1.0, ""model__reg_lambda"": 3.0, ""model__subsample"": 0.85, ""select__k"": ""all""}"
767024.8526084264,499197.9764322917,266094.28125,0.9049519306893776,0.9052676046909076,0.23806233472413058,2978931.5,-44203.55455729167,772212.2108548713,0.3892635391002547,1.5167267824816901,0.9537888415236832,0.9704362322867464,95596.36045318133,63865.41909179687,38304.5,0.9984845851967763,0.9984846167289122,0.03419588887023631,386875.0,436.066064453125,95795.14742970107,0.03471077241518148,0.07736736227732804,0.999268021456153,0.9991056688798837,XGBoost,provided_plus_rdkit_descriptors,1,42,2,240,60,222,"{""model__colsample_bytree"": 1.0, ""model__gamma"": 0.0, ""model__learning_rate"": 0.1, ""model__max_depth"": 5, ""model__min_child_weight"": 4, ""model__n_estimators"": 200, ""model__reg_alpha"": 1.0, ""model__reg_lambda"": 3.0, ""model__subsample"": 0.85, ""select__k"": ""all""}"
960444.4008299126,658400.8924967448,385668.5,0.8720770379192407,0.8741062883479914,0.2296373277331337,2996650.5,-120966.69041341146,960836.7682121816,0.4473762156353985,1.6388517564251996,0.9380274338996523,0.9596554598499586,125029.072890077,84084.78478190103,49998.203125,0.9972544392678959,0.9972544423585098,0.04898398856341961,528675.0,132.65323893229166,125290.29643508051,0.04958162208230286,0.09872346376829515,0.9986771249917527,0.9981748799244022,XGBoost,provided_plus_rdkit_descriptors,1,42,3,240,60,222,"{""model__colsample_bytree"": 1.0, ""model__gamma"": 0.0, ""model__learning_rate"": 0.1, ""model__max_depth"": 5, ""model__min_child_weight"": 4, ""model__n_estimators"": 200, ""model__reg_alpha"": 1.0, ""model__reg_lambda"": 3.0, ""model__subsample"": 0.85, ""select__k"": ""all""}"
738136.6232495969,521029.8958333333,339939.5,0.9123546613764721,0.9128117954107566,0.22484650984037566,2621159.0,-53308.2125,742421.993205773,0.20341148443245197,0.2822400794117302,0.9574732381690236,0.9553764934704085,127835.11128770988,86821.63933919271,53448.125,0.9972925202913209,0.9972927868165499,0.05049701249094718,533154.0,-1268.3429850260416,128095.96422562354,0.053316594689626434,0.12999962716381655,0.9986987864070361,0.9983754030039926,XGBoost,provided_plus_rdkit_descriptors,1,42,4,240,60,222,"{""model__colsample_bytree"": 1.0, ""model__gamma"": 0.0, ""model__learning_rate"": 0.1, ""model__max_depth"": 5, ""model__min_child_weight"": 4, ""model__n_estimators"": 200, ""model__reg_alpha"": 1.0, ""model__reg_lambda"": 3.0, ""model__subsample"": 0.85, ""select__k"": ""all""}"
774526.5574699753,563109.2046875,403027.5,0.832825067653151,0.8493029957144222,0.5478185647544012,2786632.5,243165.54427083334,741570.8747954175,0.2922608992093016,0.518036079517854,0.9273618183358346,0.9607524417770995,110268.66015347339,74072.68082682292,49594.0,0.9981699567445189,0.998170287397554,0.03724630287878964,454159.0,-1482.2029622395833,110489.12396050924,0.03686839630662167,0.07883692850795658,0.9991108455205281,0.9988087887911797,XGBoost,provided_plus_rdkit_descriptors,1,42,5,240,60,222,"{""model__colsample_bytree"": 1.0, ""model__gamma"": 0.0, ""model__learning_rate"": 0.1, ""model__max_depth"": 5, ""model__min_child_weight"": 4, ""model__n_estimators"": 200, ""model__reg_alpha"": 1.0, ""model__reg_lambda"": 3.0, ""model__subsample"": 0.85, ""select__k"": ""all""}"
960667.8322566325,702914.8348958333,488072.25,0.8169132262399735,0.8169134904079352,0.3380588925313622,2572332.0,-1153.9442708333333,968774.1786219784,0.26631033144154803,0.37342429270617683,0.9046068938347015,0.9255050157786593,127331.51662032434,82429.51479492188,54727.75,0.997427095534952,0.9974271737549983,0.04796821567516994,559013.5,-702.074365234375,127595.68289184762,0.05065746903912563,0.14347998431236167,0.9987431297438933,0.9987315298716165,XGBoost,provided_plus_rdkit_descriptors,2,43,1,240,60,222,"{""model__colsample_bytree"": 1.0, ""model__gamma"": 0.0, ""model__learning_rate"": 0.1, ""model__max_depth"": 5, ""model__min_child_weight"": 4, ""model__n_estimators"": 200, ""model__reg_alpha"": 1.0, ""model__reg_lambda"": 3.0, ""model__subsample"": 0.85, ""select__k"": ""all""}"
665294.4705392014,519253.69296875,405803.625,0.9165822765144025,0.9184252665723533,0.2666107599525506,1908312.5,98888.60338541666,663456.1101934846,0.229763450181296,0.3071300302872126,0.9587593041541423,0.942108114957756,113408.2985628372,73580.09239908853,40561.75,0.9979461946284213,0.9979463899420211,0.039217445608628235,498496.25,-1105.9396647135416,113639.90288807308,0.039341651579400505,0.08814034793363362,0.9990143946607755,0.9987243680015885,XGBoost,provided_plus_rdkit_descriptors,2,43,2,240,60,222,"{""model__colsample_bytree"": 1.0, ""model__gamma"": 0.0, ""model__learning_rate"": 0.1, ""model__max_depth"": 5, ""model__min_child_weight"": 4, ""model__n_estimators"": 200, ""model__reg_alpha"": 1.0, ""model__reg_lambda"": 3.0, ""model__subsample"": 0.85, ""select__k"": ""all""}"
953658.4026865289,611457.5973958333,321932.0,0.8538234550148466,0.8562680121966885,0.20632101832136931,3373526.5,-123325.84322916667,953630.9303188437,0.19790420984405996,0.25897424568443694,0.9306482939372426,0.9612659427423655,112760.58051372103,76364.68719889323,50056.75,0.9978870492201519,0.9978870511963098,0.049621362435759465,471979.5,-109.0494384765625,112996.1822260747,0.08889004097211779,0.7191941048509141,0.9989702832523693,0.9985336101040728,XGBoost,provided_plus_rdkit_descriptors,2,43,3,240,60,222,"{""model__colsample_bytree"": 1.0, ""model__gamma"": 0.0, ""model__learning_rate"": 0.1, ""model__max_depth"": 5, ""model__min_child_weight"": 4, ""model__n_estimators"": 200, ""model__reg_alpha"": 1.0, ""model__reg_lambda"": 3.0, ""model__subsample"": 0.85, ""select__k"": ""all""}"
679695.5762402522,486550.66174316406,286927.0,0.9373935457168078,0.9378005678421099,0.3153184277691855,2243129.0,54804.20700683594,683199.781130825,0.426618347960627,1.5854862250838455,0.9685500356159739,0.9666574048346765,127308.5424745549,85731.25143229167,52201.890625,0.9971745704330871,0.9971753495362744,0.04517194332133066,520535.5,-2114.038020833333,127557.00996760167,0.043777843433898095,0.08226920949644659,0.998642616853557,0.9981345137960252,XGBoost,provided_plus_rdkit_descriptors,2,43,4,240,60,222,"{""model__colsample_bytree"": 1.0, ""model__gamma"": 0.0, ""model__learning_rate"": 0.1, ""model__max_depth"": 5, ""model__min_child_weight"": 4, ""model__n_estimators"": 200, ""model__reg_alpha"": 1.0, ""model__reg_lambda"": 3.0, ""model__subsample"": 0.85, ""select__k"": ""all""}"
768902.5423919591,544092.0657552084,429000.25,0.905080484603076,0.9084461666155612,0.31885734420617934,2799012.0,144787.170703125,761520.1978669094,0.2349188879964483,0.36053343664576804,0.9533272795224919,0.9676021116976938,119574.87984711776,83767.4151204427,54791.25,0.9976300984621117,0.9976301447213216,0.03985830405651038,451118.0,528.291845703125,119823.60591192223,0.04004440925698544,0.0766668999446122,0.9988631057297181,0.9985982802204246,XGBoost,provided_plus_rdkit_descriptors,2,43,5,240,60,222,"{""model__colsample_bytree"": 1.0, ""model__gamma"": 0.0, ""model__learning_rate"": 0.1, ""model__max_depth"": 5, ""model__min_child_weight"": 4, ""model__n_estimators"": 200, ""model__reg_alpha"": 1.0, ""model__reg_lambda"": 3.0, ""model__subsample"": 0.85, ""select__k"": ""all""}"
861510.44303638,585956.6177083333,308145.1875,0.8620473179662809,0.8627503093771709,0.18090330613296352,2369127.0,-61499.34375,866564.2704141252,0.18151724980272047,0.23909699353489947,0.9290160072700842,0.9498325901526554,109168.46126640894,76689.0990234375,53612.75,0.9980806361503194,0.9980806552222963,0.04442374733640066,437377.5,344.12513020833336,109396.0652524724,0.04390377629750117,0.08567503085740702,0.9990627300884452,0.9985850436513454,XGBoost,provided_plus_rdkit_descriptors,3,44,1,240,60,222,"{""model__colsample_bytree"": 1.0, ""model__gamma"": 0.0, ""model__learning_rate"": 0.1, ""model__max_depth"": 5, ""model__min_child_weight"": 4, ""model__n_estimators"": 200, ""model__reg_alpha"": 1.0, ""model__reg_lambda"": 3.0, ""model__subsample"": 0.85, ""select__k"": ""all""}"
611656.5565533888,454220.53229166666,337584.25,0.9172663402746325,0.9285310891966241,0.23184001180560018,1850102.5,225697.77395833333,573290.4650290483,0.19482636899305553,0.2693550483008975,0.9643626051821923,0.9641567101972772,116414.11910876902,81837.66948649088,53729.40625,0.9979010756785192,0.9979015926668497,0.046405443310124764,481173.0,-1827.0382364908853,116643.04117784508,0.04731301940566277,0.1226289720988891,0.9989919846641563,0.9986640375675199,XGBoost,provided_plus_rdkit_descriptors,3,44,2,240,60,222,"{""model__colsample_bytree"": 1.0, ""model__gamma"": 0.0, ""model__learning_rate"": 0.1, ""model__max_depth"": 5, ""model__min_child_weight"": 4, ""model__n_estimators"": 200, ""model__reg_alpha"": 1.0, ""model__reg_lambda"": 3.0, ""model__subsample"": 0.85, ""select__k"": ""all""}"
1250837.8320204362,862976.0334391276,430466.09375,0.8109669497855994,0.8110975879979496,0.37014595410550183,3963377.5,-32882.683439127606,1260957.6712247063,0.4921317908013389,1.5950902750571774,0.9034830557106717,0.9217560433453739,108829.3025898736,69745.96354166667,40618.3671875,0.9978496528117323,0.9978496951836244,0.03552930613602758,663270.0,-483.09270833333335,109055.66682775797,0.03433801200726722,0.062385224659988435,0.9989500306199197,0.9988181197919874,XGBoost,provided_plus_rdkit_descriptors,3,44,3,240,60,222,"{""model__colsample_bytree"": 1.0, ""model__gamma"": 0.0, ""model__learning_rate"": 0.1, ""model__max_depth"": 5, ""model__min_child_weight"": 4, ""model__n_estimators"": 200, ""model__reg_alpha"": 1.0, ""model__reg_lambda"": 3.0, ""model__subsample"": 0.85, ""select__k"": ""all""}"
639245.5917760028,467255.53671875,301372.921875,0.9088801582414228,0.9100029008603255,0.6816367890244289,1876521.75,70958.00026041667,640656.3547530924,0.34251681667901496,0.5991440436022142,0.9551514844457973,0.9378160600166715,118694.29575298708,81497.34348958333,54318.46875,0.9977617475278634,0.9977618328610243,0.03381028268640637,483612.0,732.8822916666667,118940.08362362866,0.03324931927313741,0.05484299633842778,0.9989150642638103,0.9987169899446694,XGBoost,provided_plus_rdkit_descriptors,3,44,4,240,60,222,"{""model__colsample_bytree"": 1.0, ""model__gamma"": 0.0, ""model__learning_rate"": 0.1, ""model__max_depth"": 5, ""model__min_child_weight"": 4, ""model__n_estimators"": 200, ""model__reg_alpha"": 1.0, ""model__reg_lambda"": 3.0, ""model__subsample"": 0.85, ""select__k"": ""all""}"
786358.6705179237,524283.666015625,387529.125,0.9100693675162699,0.9103454476555336,0.2081859424944165,2726742.5,-43569.686848958336,791776.5742164253,0.35573871148554764,1.4463950842323052,0.9554655312418604,0.965212559044179,119147.43894394224,79688.01694335937,49339.875,0.9975703944284001,0.9975705853231154,0.04580488482523209,671025.0,-1056.121240234375,119391.75058159845,0.044844316583827,0.10279308615619476,0.9988348667024994,0.9987028834974334,XGBoost,provided_plus_rdkit_descriptors,3,44,5,240,60,222,"{""model__colsample_bytree"": 1.0, ""model__gamma"": 0.0, ""model__learning_rate"": 0.1, ""model__max_depth"": 5, ""model__min_child_weight"": 4, ""model__n_estimators"": 200, ""model__reg_alpha"": 1.0, ""model__reg_lambda"": 3.0, ""model__subsample"": 0.85, ""select__k"": ""all""}"
929365.5472383673,650679.9802083333,416574.1875,0.8491688289167988,0.8512084064329688,0.3470386569254825,2966459.5,-108071.48645833334,930850.2806346735,0.2851012303340779,0.40950410775023144,0.9231195359718436,0.9316476799110864,135484.9545578993,88710.95966796875,53153.96875,0.997019612646374,0.997020148661606,0.051448424551372454,603434.5,-1816.95126953125,135755.89069126712,0.049862709684961946,0.11651596301822911,0.9985772757393129,0.998690514323988,XGBoost,provided_plus_rdkit_descriptors,4,45,1,240,60,222,"{""model__colsample_bytree"": 1.0, ""model__gamma"": 0.0, ""model__learning_rate"": 0.1, ""model__max_depth"": 5, ""model__min_child_weight"": 4, ""model__n_estimators"": 200, ""model__reg_alpha"": 1.0, ""model__reg_lambda"": 3.0, ""model__subsample"": 0.85, ""select__k"": ""all""}"
1155348.4972497062,707435.8703125,364104.96875,0.7939061590532982,0.7940518565757613,0.49955676641463076,3913581.0,30718.965104166666,1164686.541934265,0.31321751220595495,0.5214186041397403,0.8921035434849938,0.8745762711864409,114377.23161199708,79209.98919067383,51997.75,0.9978086349796206,0.997808642692424,0.04571624270533034,382111.5,214.57955932617188,114616.06304580951,0.08920836872942674,0.7508971106606029,0.9989402914040741,0.9985186355482981,XGBoost,provided_plus_rdkit_descriptors,4,45,2,240,60,222,"{""model__colsample_bytree"": 1.0, ""model__gamma"": 0.0, ""model__learning_rate"": 0.1, ""model__max_depth"": 5, ""model__min_child_weight"": 4, ""model__n_estimators"": 200, ""model__reg_alpha"": 1.0, ""model__reg_lambda"": 3.0, ""model__subsample"": 0.85, ""select__k"": ""all""}"
1053470.936771898,711674.726529948,382215.96875,0.8522504688561885,0.8542050280629001,0.38721592222713963,3722976.0,-121166.87809244792,1055310.8316830238,0.49071747989607173,1.5472476256095777,0.930903371835712,0.960530154721131,118434.11654500006,77971.77666015625,42551.9375,0.9975428141945696,0.997542946836019,0.042056782220342155,591295.0,-870.1566731770833,118678.42470813924,0.04765832580862898,0.19142678765811472,0.9988167231495859,0.9985461965113726,XGBoost,provided_plus_rdkit_descriptors,4,45,3,240,60,222,"{""model__colsample_bytree"": 1.0, ""model__gamma"": 0.0, ""model__learning_rate"": 0.1, ""model__max_depth"": 5, ""model__min_child_weight"": 4, ""model__n_estimators"": 200, ""model__reg_alpha"": 1.0, ""model__reg_lambda"": 3.0, ""model__subsample"": 0.85, ""select__k"": ""all""}"
863836.729227416,641738.0296875,522347.875,0.8632633559102209,0.8725931938296335,0.37663160314260974,2672115.5,225645.28177083333,840882.1648500641,0.2537730913062219,0.408294610084827,0.9342151268395964,0.9460405668241181,108337.53603297325,74859.59143880209,49161.640625,0.9981148428161442,0.9981151241097149,0.04359351668704552,393398.0,-1323.38154296875,108555.84703125688,0.0434751258876181,0.09216551812560432,0.999095980405413,0.998572672705693,XGBoost,provided_plus_rdkit_descriptors,4,45,4,240,60,222,"{""model__colsample_bytree"": 1.0, ""model__gamma"": 0.0, ""model__learning_rate"": 0.1, ""model__max_depth"": 5, ""model__min_child_weight"": 4, ""model__n_estimators"": 200, ""model__reg_alpha"": 1.0, ""model__reg_lambda"": 3.0, ""model__subsample"": 0.85, ""select__k"": ""all""}"
775856.7225064865,505376.53098958335,358226.9375,0.8835573013832525,0.883813618154105,0.18908881081820528,3695953.5,-36401.04973958333,781542.5538603812,0.19116642766798758,0.25478344493760047,0.9401212207769132,0.9592108919144209,117778.28760657534,82805.75847981771,54042.5,0.9977974356890829,0.9977975059834087,0.047726137872288306,463099.0,665.3667154947917,118022.5451209409,0.04839942326078582,0.10299001327977952,0.9989416852642848,0.9985097374896855,XGBoost,provided_plus_rdkit_descriptors,4,45,5,240,60,222,"{""model__colsample_bytree"": 1.0, ""model__gamma"": 0.0, ""model__learning_rate"": 0.1, ""model__max_depth"": 5, ""model__min_child_weight"": 4, ""model__n_estimators"": 200, ""model__reg_alpha"": 1.0, ""model__reg_lambda"": 3.0, ""model__subsample"": 0.85, ""select__k"": ""all""}"
830896.0348774185,574856.5432291667,419154.0625,0.8822864874054328,0.8836070626749796,0.20068926728082864,3423056.0,-88006.57239583334,833194.626371123,0.19436694000553173,0.24209369649067794,0.940765427924882,0.95155531483641,124436.56731328867,79639.82298177083,45611.625,0.9974661600060858,0.9974661818595998,0.0453901999972846,575991.0,-365.44251302083336,124696.08538473501,0.04419216536339281,0.09631262288092228,0.9987784054066267,0.9987109134423735,XGBoost,provided_plus_rdkit_descriptors,5,46,1,240,60,222,"{""model__colsample_bytree"": 1.0, ""model__gamma"": 0.0, ""model__learning_rate"": 0.1, ""model__max_depth"": 5, ""model__min_child_weight"": 4, ""model__n_estimators"": 200, ""model__reg_alpha"": 1.0, ""model__reg_lambda"": 3.0, ""model__subsample"": 0.85, ""select__k"": ""all""}"
589445.2845043952,419790.75833333336,274798.09375,0.9145197704576644,0.9171273779627942,0.3504321059269226,2038611.5,102951.284375,585282.8750850327,0.2596116307209546,0.39249118650157166,0.9578765368370267,0.9631008613503753,114243.18822240221,77170.6963704427,52542.6015625,0.9979479592314942,0.9979480333132861,0.0388558753235011,462277.5,-686.424951171875,114479.87472255116,0.042171060938285536,0.1262579255941871,0.9990109117745126,0.998892340439492,XGBoost,provided_plus_rdkit_descriptors,5,46,2,240,60,222,"{""model__colsample_bytree"": 1.0, ""model__gamma"": 0.0, ""model__learning_rate"": 0.1, ""model__max_depth"": 5, ""model__min_child_weight"": 4, ""model__n_estimators"": 200, ""model__reg_alpha"": 1.0, ""model__reg_lambda"": 3.0, ""model__subsample"": 0.85, ""select__k"": ""all""}"
722206.4276555498,480960.033203125,242131.125,0.928602946699208,0.9286669024352812,0.20401032667075453,2274169.0,21615.284505208332,727974.8344663816,0.1757558325139955,0.26335799638590296,0.9645968664578457,0.9590997499305365,111061.90318211829,76882.74724171957,47786.4765625,0.9978535687214479,0.9978535731838551,0.0432285729609978,433318.5,-160.13682505289714,111293.89203658418,0.05437949778883479,0.25619681745698275,0.9989725926524429,0.9985260141582286,XGBoost,provided_plus_rdkit_descriptors,5,46,3,240,60,222,"{""model__colsample_bytree"": 1.0, ""model__gamma"": 0.0, ""model__learning_rate"": 0.1, ""model__max_depth"": 5, ""model__min_child_weight"": 4, ""model__n_estimators"": 200, ""model__reg_alpha"": 1.0, ""model__reg_lambda"": 3.0, ""model__subsample"": 0.85, ""select__k"": ""all""}"
1001113.0352122915,650859.909375,339157.0,0.8512658570676896,0.8549699044662618,0.31423568202026736,2953720.75,-157985.06979166667,996911.1755112435,0.2380427858998744,0.3738000575480892,0.9280969797371742,0.9509308141150321,119629.08378295349,79342.63697916667,51365.109375,0.9975735925025966,0.997573603261724,0.04189472530886132,581663.0,-251.90885416666666,119878.82680717307,0.04137442233999049,0.0791752491096907,0.9988165963023198,0.998523627921461,XGBoost,provided_plus_rdkit_descriptors,5,46,4,240,60,222,"{""model__colsample_bytree"": 1.0, ""model__gamma"": 0.0, ""model__learning_rate"": 0.1, ""model__max_depth"": 5, ""model__min_child_weight"": 4, ""model__n_estimators"": 200, ""model__reg_alpha"": 1.0, ""model__reg_lambda"": 3.0, ""model__subsample"": 0.85, ""select__k"": ""all""}"
796479.2611033621,564313.2798177083,356678.25,0.8852598638002912,0.8874034757814507,0.25759737889889545,2390159.5,108865.40169270833,795662.5238630029,0.2136918971403227,0.29820948295083527,0.9424256176002551,0.9527646568491248,110346.79947118933,74047.90179036459,48659.5,0.9980337803835546,0.9980338554051449,0.041518960383495354,506589.0,-681.61142578125,110575.2999698094,0.04121780411508757,0.07730555548356471,0.9990543910494138,0.9987187249774487,XGBoost,provided_plus_rdkit_descriptors,5,46,5,240,60,222,"{""model__colsample_bytree"": 1.0, ""model__gamma"": 0.0, ""model__learning_rate"": 0.1, ""model__max_depth"": 5, ""model__min_child_weight"": 4, ""model__n_estimators"": 200, ""model__reg_alpha"": 1.0, ""model__reg_lambda"": 3.0, ""model__subsample"": 0.85, ""select__k"": ""all""}"
950842.7735567483,703786.3151041666,403821.09375,0.8475326403192008,0.8579671629535828,0.435540856026915,2502791.5,248746.26197916668,925474.1032425992,0.487509713434631,1.5489684846528564,0.9273869169535635,0.9351190645194847,117614.77698632244,82319.63783365885,54925.5,0.9977317900338017,0.9977318018198685,0.04252915882501348,462459.5,268.10487467447916,117860.26994759105,0.0434260473283299,0.08923965613351563,0.9988935713788376,0.9986748884644767,XGBoost,provided_plus_rdkit_descriptors,6,47,1,240,60,222,"{""model__colsample_bytree"": 1.0, ""model__gamma"": 0.0, ""model__learning_rate"": 0.1, ""model__max_depth"": 5, ""model__min_child_weight"": 4, ""model__n_estimators"": 200, ""model__reg_alpha"": 1.0, ""model__reg_lambda"": 3.0, ""model__subsample"": 0.85, ""select__k"": ""all""}"
626471.2506005745,439611.96041666664,270739.328125,0.9392063386963728,0.9392699858185014,0.26904092139640134,2392543.5,20270.35625,631427.2295819245,0.21177566361857478,0.31966179001990663,0.9695949982705135,0.9721033620450127,121258.55637589296,83676.20717773438,57186.6875,0.9975387578829601,0.99753878138064,0.04178921005548107,502538.5,374.66896158854166,121511.39051947517,0.04047057219043846,0.07504107226603242,0.9988234611592186,0.9985965446841788,XGBoost,provided_plus_rdkit_descriptors,6,47,2,240,60,222,"{""model__colsample_bytree"": 1.0, ""model__gamma"": 0.0, ""model__learning_rate"": 0.1, ""model__max_depth"": 5, ""model__min_child_weight"": 4, ""model__n_estimators"": 200, ""model__reg_alpha"": 1.0, ""model__reg_lambda"": 3.0, ""model__subsample"": 0.85, ""select__k"": ""all""}"
1220860.1566022781,786720.1020833333,401349.75,0.7902379401338061,0.7969783087550764,0.5162142757497982,4328974.0,-218848.853125,1211220.7183698118,0.3201910351752507,0.513795491141831,0.8976664907389155,0.9407613225896084,104521.37924313381,73465.43279622396,45762.75,0.9981178409125017,0.9981179957437796,0.04331652365186218,472816.0,947.9955891927083,104735.50679296773,0.043976196183525176,0.120040663369182,0.9990786630021273,0.9986688113850557,XGBoost,provided_plus_rdkit_descriptors,6,47,3,240,60,222,"{""model__colsample_bytree"": 1.0, ""model__gamma"": 0.0, ""model__learning_rate"": 0.1, ""model__max_depth"": 5, ""model__min_child_weight"": 4, ""model__n_estimators"": 200, ""model__reg_alpha"": 1.0, ""model__reg_lambda"": 3.0, ""model__subsample"": 0.85, ""select__k"": ""all""}"
789860.2356345439,546526.7921875,386004.5,0.8863841423943144,0.8864683310265864,0.22921488581681387,2496255.0,21500.942708333332,796230.6760336013,0.3773184012846954,1.5639273136586775,0.9415291351246686,0.9682689636010006,115364.47347642391,80167.25498046874,52806.5625,0.9978588590129637,0.9978591110917832,0.04663400719413227,474081.0,1251.75009765625,115598.7644336926,0.045513324008831756,0.09612740399941994,0.9989732749118861,0.9985637752796387,XGBoost,provided_plus_rdkit_descriptors,6,47,4,240,60,222,"{""model__colsample_bytree"": 1.0, ""model__gamma"": 0.0, ""model__learning_rate"": 0.1, ""model__max_depth"": 5, ""model__min_child_weight"": 4, ""model__n_estimators"": 200, ""model__reg_alpha"": 1.0, ""model__reg_lambda"": 3.0, ""model__subsample"": 0.85, ""select__k"": ""all""}"
606880.1778871125,493801.8145833333,450345.625,0.9305527964830569,0.9386911217212301,0.22600212094665845,1659140.0,207750.98541666666,575025.1977123255,0.19705454173743053,0.2608557140651267,0.9689288629485869,0.9728948722093691,124984.53639423665,85157.99473470052,53415.25,0.9975065201574199,0.9975065207986448,0.04478275857388834,465874.5,63.380916341145834,125245.72127802183,0.04774947309364546,0.12581420307648866,0.998790759655354,0.9985572647414644,XGBoost,provided_plus_rdkit_descriptors,6,47,5,240,60,222,"{""model__colsample_bytree"": 1.0, ""model__gamma"": 0.0, ""model__learning_rate"": 0.1, ""model__max_depth"": 5, ""model__min_child_weight"": 4, ""model__n_estimators"": 200, ""model__reg_alpha"": 1.0, ""model__reg_lambda"": 3.0, ""model__subsample"": 0.85, ""select__k"": ""all""}"
1175886.8018827902,787757.0848958333,399543.375,0.7907326901664908,0.8001891229095845,0.22515277969668054,3682965.5,-249964.5890625,1158707.992516805,0.22744519825304474,0.27630970857601056,0.8945563484286936,0.9390941928313422,122104.06807342538,86384.89254150391,57719.25,0.9974830502343874,0.9974833575808678,0.05620914043211443,644458.5,1349.2952189127604,122351.77835283258,0.06029848765309616,0.1739319299280881,0.9987782134559441,0.9985316572614893,XGBoost,provided_plus_rdkit_descriptors,7,48,1,240,60,222,"{""model__colsample_bytree"": 1.0, ""model__gamma"": 0.0, ""model__learning_rate"": 0.1, ""model__max_depth"": 5, ""model__min_child_weight"": 4, ""model__n_estimators"": 200, ""model__reg_alpha"": 1.0, ""model__reg_lambda"": 3.0, ""model__subsample"": 0.85, ""select__k"": ""all""}"
680163.5200718659,488625.96953125,365160.0,0.9033622312484509,0.903765611310451,0.5269176413013489,2430629.0,43943.748697916664,684470.3712647076,0.29248120133195826,0.5157111997593955,0.9554833626438393,0.9563767713253684,110293.82023513787,76741.32470703125,48521.21875,0.9980806220132831,0.9980806494851245,0.036779140631860295,478873.0,417.2677408854167,110523.52862448955,0.03653680120225774,0.06156200625083639,0.9990709976860517,0.9988550133539605,XGBoost,provided_plus_rdkit_descriptors,7,48,2,240,60,222,"{""model__colsample_bytree"": 1.0, ""model__gamma"": 0.0, ""model__learning_rate"": 0.1, ""model__max_depth"": 5, ""model__min_child_weight"": 4, ""model__n_estimators"": 200, ""model__reg_alpha"": 1.0, ""model__reg_lambda"": 3.0, ""model__subsample"": 0.85, ""select__k"": ""all""}"
729961.810922141,539385.1227213541,353434.25,0.9101537213056567,0.9167546852080086,0.318949585483821,1931441.5,197858.07154947918,708564.8629525522,0.25681648556820397,0.3863641245799967,0.9580945811267507,0.9539316476799112,125451.9327359774,80371.94736328124,47127.25,0.9974229672442916,0.9974230619578718,0.038432603742889475,563314.0,-760.5425455729167,125711.80031579999,0.037756691387113274,0.06727049997830639,0.9987586164341875,0.9986375613789452,XGBoost,provided_plus_rdkit_descriptors,7,48,3,240,60,222,"{""model__colsample_bytree"": 1.0, ""model__gamma"": 0.0, ""model__learning_rate"": 0.1, ""model__max_depth"": 5, ""model__min_child_weight"": 4, ""model__n_estimators"": 200, ""model__reg_alpha"": 1.0, ""model__reg_lambda"": 3.0, ""model__subsample"": 0.85, ""select__k"": ""all""}"
951559.7280468437,610934.7293131511,289409.5625,0.8709226448584344,0.8718126117090623,0.23990070705763156,3323751.0,-79012.88868815104,956276.0821098296,0.2521907708236602,0.4113468190536681,0.9343107535129407,0.9557654904140039,135006.4663883159,86511.71282552084,47696.0,0.9968735597815893,0.9968735650402699,0.04521787864109504,624489.0,175.09264322916667,135288.49809343487,0.04541867050863587,0.09220454101378063,0.9984912816946937,0.9983582596473043,XGBoost,provided_plus_rdkit_descriptors,7,48,4,240,60,222,"{""model__colsample_bytree"": 1.0, ""model__gamma"": 0.0, ""model__learning_rate"": 0.1, ""model__max_depth"": 5, ""model__min_child_weight"": 4, ""model__n_estimators"": 200, ""model__reg_alpha"": 1.0, ""model__reg_lambda"": 3.0, ""model__subsample"": 0.85, ""select__k"": ""all""}"
907113.0439945867,613003.9145833333,386490.625,0.8570917986982103,0.8570998677634462,0.22240110599654528,4215455.0,-6816.233333333334,914742.3163401406,0.22108164851332487,0.2905842766312552,0.9257968841646158,0.9452625729369272,96782.37409904996,67760.8922220866,46878.75,0.9984763555207696,0.9984765406728927,0.04330882121271339,449975.0,1066.887921142578,96978.74340569584,0.05178452774864262,0.21463505501258562,0.9992593362482762,0.998882573905785,XGBoost,provided_plus_rdkit_descriptors,7,48,5,240,60,222,"{""model__colsample_bytree"": 1.0, ""model__gamma"": 0.0, ""model__learning_rate"": 0.1, ""model__max_depth"": 5, ""model__min_child_weight"": 4, ""model__n_estimators"": 200, ""model__reg_alpha"": 1.0, ""model__reg_lambda"": 3.0, ""model__subsample"": 0.85, ""select__k"": ""all""}"
763879.4969387845,485021.24244791665,294378.6875,0.8864063741719929,0.8896108714541161,0.25516549508953484,2971016.5,128300.34557291666,759382.6041556551,0.1968637966510872,0.3172472685824612,0.9434037658747674,0.9604745829571391,121120.38125716125,84857.92844848633,54445.625,0.997673730028096,0.9976740986785264,0.049988226228415,400495.5,1524.735614013672,121363.88909841348,0.09161231209310339,0.7521861446195685,0.9988857390595536,0.9985798346071347,XGBoost,provided_plus_rdkit_descriptors,8,49,1,240,60,222,"{""model__colsample_bytree"": 1.0, ""model__gamma"": 0.0, ""model__learning_rate"": 0.1, ""model__max_depth"": 5, ""model__min_child_weight"": 4, ""model__n_estimators"": 200, ""model__reg_alpha"": 1.0, ""model__reg_lambda"": 3.0, ""model__subsample"": 0.85, ""select__k"": ""all""}"
723443.3298867361,504287.98723958334,352741.96875,0.9247048533255074,0.924779469738537,0.2670319335140526,2180773.25,-22773.941927083335,729186.8694904845,0.22771663509805487,0.301306254504749,0.963032127789996,0.9695605663698442,118306.92274405081,83776.14415690103,56555.25,0.9976042839888206,0.9976043650366162,0.054522986904007247,410184.5,688.1182779947917,118552.16303271116,0.09342113813952964,0.7231431702800174,0.998839257952586,0.9984392076595434,XGBoost,provided_plus_rdkit_descriptors,8,49,2,240,60,222,"{""model__colsample_bytree"": 1.0, ""model__gamma"": 0.0, ""model__learning_rate"": 0.1, ""model__max_depth"": 5, ""model__min_child_weight"": 4, ""model__n_estimators"": 200, ""model__reg_alpha"": 1.0, ""model__reg_lambda"": 3.0, ""model__subsample"": 0.85, ""select__k"": ""all""}"
799897.5024458007,606739.3864583333,454709.5625,0.8941175873133026,0.894663632127212,0.22245299100802066,2745786.0,-57442.928125,804565.1469514063,0.21383329257634143,0.2760479294339868,0.9458953456479349,0.9529869408168937,112074.45135538992,75854.91031901042,47366.75,0.9979149737536546,0.9979150422392542,0.04381339595999134,502226.0,642.3185872395833,112306.82750711903,0.04313945437349085,0.08618432008969185,0.9989891056788958,0.9987549678141296,XGBoost,provided_plus_rdkit_descriptors,8,49,3,240,60,222,"{""model__colsample_bytree"": 1.0, ""model__gamma"": 0.0, ""model__learning_rate"": 0.1, ""model__max_depth"": 5, ""model__min_child_weight"": 4, ""model__n_estimators"": 200, ""model__reg_alpha"": 1.0, ""model__reg_lambda"": 3.0, ""model__subsample"": 0.85, ""select__k"": ""all""}"
1060675.9567599401,714032.8713541667,385740.5,0.8391458463724303,0.8418306067615741,0.3327842220160421,3502790.5,-137031.16510416666,1060663.021794471,0.2653803365624165,0.3851586628640334,0.9219097086171585,0.9400797455720451,114990.14267507987,78498.75598958334,45669.0625,0.9977271329939613,0.9977275371514105,0.04324425932899332,492822.5,1533.3768229166667,115220.21121497128,0.04194092081875724,0.08962044031015204,0.9988932643741125,0.9984925927419912,XGBoost,provided_plus_rdkit_descriptors,8,49,4,240,60,222,"{""model__colsample_bytree"": 1.0, ""model__gamma"": 0.0, ""model__learning_rate"": 0.1, ""model__max_depth"": 5, ""model__min_child_weight"": 4, ""model__n_estimators"": 200, ""model__reg_alpha"": 1.0, ""model__reg_lambda"": 3.0, ""model__subsample"": 0.85, ""select__k"": ""all""}"
825586.7436643781,527358.3458333333,337511.25,0.8549990843531801,0.8716701145107897,0.3206187870408461,3121883.0,279935.87395833334,783232.7907638081,0.23172268044842773,0.3657567781686823,0.9337457631110344,0.9535982217282579,117821.29177458039,79746.23649088542,53054.1875,0.997809926755643,0.9978102082755106,0.04881183859983307,536919.0,-1335.8232096354166,118059.93388276034,0.048332049323772934,0.1259534825245026,0.9989449291802589,0.9987551845623215,XGBoost,provided_plus_rdkit_descriptors,8,49,5,240,60,222,"{""model__colsample_bytree"": 1.0, ""model__gamma"": 0.0, ""model__learning_rate"": 0.1, ""model__max_depth"": 5, ""model__min_child_weight"": 4, ""model__n_estimators"": 200, ""model__reg_alpha"": 1.0, ""model__reg_lambda"": 3.0, ""model__subsample"": 0.85, ""select__k"": ""all""}"
770737.5911451724,498341.56350097654,280451.75,0.9097813661754529,0.909782781189354,0.2279513616541888,2448993.0,-3052.381209309896,777235.7258900807,0.4212535141706048,1.561051611300676,0.9538389909961175,0.9735061616132821,110486.7220932053,76944.63056640625,48172.5,0.9979396486293017,0.9979401044344983,0.039379801391898686,387083.5,1643.3462565104167,110705.37704840727,0.04177382963851749,0.12001399346817387,0.9989996282660953,0.9987026673233047,XGBoost,provided_plus_rdkit_descriptors,9,50,1,240,60,222,"{""model__colsample_bytree"": 1.0, ""model__gamma"": 0.0, ""model__learning_rate"": 0.1, ""model__max_depth"": 5, ""model__min_child_weight"": 4, ""model__n_estimators"": 200, ""model__reg_alpha"": 1.0, ""model__reg_lambda"": 3.0, ""model__subsample"": 0.85, ""select__k"": ""all""}"
971713.7310494824,642544.9533854167,425849.625,0.8543139755111708,0.8543712991379195,0.3561970214854099,2819531.5,-19275.081510416665,979721.1881195481,0.2510608107533636,0.4069641355321132,0.926119894887364,0.9202000555709922,119865.63732791739,78586.33586425781,44573.25,0.9975888347328705,0.9975888831801485,0.04332792046321933,476703.0,537.2988362630208,120114.93375423102,0.045607748662757276,0.1226427424150105,0.9988352557340828,0.9987838309427212,XGBoost,provided_plus_rdkit_descriptors,9,50,2,240,60,222,"{""model__colsample_bytree"": 1.0, ""model__gamma"": 0.0, ""model__learning_rate"": 0.1, ""model__max_depth"": 5, ""model__min_child_weight"": 4, ""model__n_estimators"": 200, ""model__reg_alpha"": 1.0, ""model__reg_lambda"": 3.0, ""model__subsample"": 0.85, ""select__k"": ""all""}"
968364.7038563811,687162.3072916666,469815.75,0.8439667928905271,0.8469259991538001,0.31771362343616527,3049669.0,133357.68645833334,967232.2528674916,0.24041892308927276,0.3603155140985955,0.9217356917811885,0.9482078355098639,135328.481050513,85616.17688802084,48120.75,0.9969861037881865,0.9969865430177052,0.042196061444599635,787127.0,-1633.6944010416667,135601.41749932288,0.04160688442157816,0.07555171614683356,0.9985485040397379,0.9987178574605885,XGBoost,provided_plus_rdkit_descriptors,9,50,3,240,60,222,"{""model__colsample_bytree"": 1.0, ""model__gamma"": 0.0, ""model__learning_rate"": 0.1, ""model__max_depth"": 5, ""model__min_child_weight"": 4, ""model__n_estimators"": 200, ""model__reg_alpha"": 1.0, ""model__reg_lambda"": 3.0, ""model__subsample"": 0.85, ""select__k"": ""all""}"
647759.0310784061,491907.8109375,419285.125,0.9232725809517385,0.93019163033053,0.23284369704151933,2075835.0,194518.7171875,623076.7542625908,0.20878837437377132,0.26467927791138274,0.9651585501741701,0.9609335926646292,116387.8336027108,78618.12649739583,49029.125,0.9978173668209791,0.997817387863181,0.04293470155189715,565356.0,361.37890625,116630.50642365286,0.042056639582994,0.08705117862490275,0.9989561828641733,0.9989112212362228,XGBoost,provided_plus_rdkit_descriptors,9,50,4,240,60,222,"{""model__colsample_bytree"": 1.0, ""model__gamma"": 0.0, ""model__learning_rate"": 0.1, ""model__max_depth"": 5, ""model__min_child_weight"": 4, ""model__n_estimators"": 200, ""model__reg_alpha"": 1.0, ""model__reg_lambda"": 3.0, ""model__subsample"": 0.85, ""select__k"": ""all""}"
891283.4758301759,607467.44375,371414.25,0.8585570029391695,0.8606163551276937,0.3130762460612563,3636652.0,107545.05416666667,892237.8809576542,0.23078342714148475,0.3566098226566404,0.9278448850519035,0.956321200333426,115262.9468299422,77191.33564453125,43597.375,0.9978514394265002,0.9978516572148776,0.04426261482971604,508514.5,1160.46826171875,115497.97683533984,0.04450171800286376,0.10146077573941598,0.9989572696821685,0.9986683779263025,XGBoost,provided_plus_rdkit_descriptors,9,50,5,240,60,222,"{""model__colsample_bytree"": 1.0, ""model__gamma"": 0.0, ""model__learning_rate"": 0.1, ""model__max_depth"": 5, ""model__min_child_weight"": 4, ""model__n_estimators"": 200, ""model__reg_alpha"": 1.0, ""model__reg_lambda"": 3.0, ""model__subsample"": 0.85, ""select__k"": ""all""}"
833913.4592209953,515055.7052083333,345986.25,0.8726700551654967,0.872991841300147,0.276317509558158,3882852.5,-41921.746875,839887.5376343145,0.21939762328910276,0.3344799099245052,0.9375076175803865,0.9616971617649647,129958.23635746173,87057.85203450521,50471.5078125,0.9972855192573717,0.9972855939456704,0.05131793470413991,502078.5,-681.6896647135417,130228.0400801066,0.05559690389920165,0.15003260913204394,0.9986895315834279,0.998501274113167,XGBoost,provided_plus_rdkit_descriptors,10,51,1,240,60,222,"{""model__colsample_bytree"": 1.0, ""model__gamma"": 0.0, ""model__learning_rate"": 0.1, ""model__max_depth"": 5, ""model__min_child_weight"": 4, ""model__n_estimators"": 200, ""model__reg_alpha"": 1.0, ""model__reg_lambda"": 3.0, ""model__subsample"": 0.85, ""select__k"": ""all""}"
1029455.6596720868,741736.18125,509532.25,0.798532904372186,0.7987474017497158,0.30022426844104133,2867762.5,33590.50833333333,1037590.4124693283,0.25747648900211606,0.3430126759142205,0.8938970480403841,0.889969435954432,110043.48347630182,74895.86949869791,45448.25,0.9980703088605061,0.9980704576447202,0.04013863167538476,452606.5,-966.27080078125,110269.20839171695,0.03925499672887981,0.07432310744108872,0.9990649151242068,0.9987914268358171,XGBoost,provided_plus_rdkit_descriptors,10,51,2,240,60,222,"{""model__colsample_bytree"": 1.0, ""model__gamma"": 0.0, ""model__learning_rate"": 0.1, ""model__max_depth"": 5, ""model__min_child_weight"": 4, ""model__n_estimators"": 200, ""model__reg_alpha"": 1.0, ""model__reg_lambda"": 3.0, ""model__subsample"": 0.85, ""select__k"": ""all""}"
868104.8141173985,573605.9041666667,341419.828125,0.9069520962286817,0.9070472513035026,0.33625886479790773,3134247.5,-27760.983333333334,874982.9806179203,0.22753817398406134,0.394171801442336,0.9531635526278717,0.9604890247290915,109692.81083993596,73960.36549479167,48673.9375,0.9978216622268645,0.9978216987610344,0.03671227214240875,436214.5,-449.22630208333334,109921.13237661724,0.03589732790724494,0.06252474282334251,0.9989581978935385,0.998466984614058,XGBoost,provided_plus_rdkit_descriptors,10,51,3,240,60,222,"{""model__colsample_bytree"": 1.0, ""model__gamma"": 0.0, ""model__learning_rate"": 0.1, ""model__max_depth"": 5, ""model__min_child_weight"": 4, ""model__n_estimators"": 200, ""model__reg_alpha"": 1.0, ""model__reg_lambda"": 3.0, ""model__subsample"": 0.85, ""select__k"": ""all""}"
1288823.3520087034,845364.0877604167,553230.25,0.7305367161972514,0.7359354126095552,0.4432984838433996,4823446.0,-182426.55234375,1286614.076578688,0.3375898865694597,0.4853062283457181,0.8590874964830277,0.8910252848013338,141117.87143200185,94287.68102213541,53347.25,0.9967074334396432,0.9967074492163289,0.053673219254602604,642322.5,308.9033528645833,141412.45013768182,0.05579062171671122,0.14763603224949742,0.9983981186883624,0.9979305169332365,XGBoost,provided_plus_rdkit_descriptors,10,51,4,240,60,222,"{""model__colsample_bytree"": 1.0, ""model__gamma"": 0.0, ""model__learning_rate"": 0.1, ""model__max_depth"": 5, ""model__min_child_weight"": 4, ""model__n_estimators"": 200, ""model__reg_alpha"": 1.0, ""model__reg_lambda"": 3.0, ""model__subsample"": 0.85, ""select__k"": ""all""}"
771317.4666358699,466987.4490885417,269380.40625,0.8834141634526971,0.8834251271772651,0.24549822926806397,3207739.0,-7479.788671875,777790.0159517591,0.5817394024852756,2.1711691560540514,0.9399918494590753,0.968435676576827,105980.4300841814,73471.85986328125,47587.75,0.9982104143360686,0.9982104344378798,0.03657086652385859,414312.5,-355.1951497395833,106201.31856134224,0.03733212598591564,0.08928043047678333,0.9991412709056046,0.9988224611737134,XGBoost,provided_plus_rdkit_descriptors,10,51,5,240,60,222,"{""model__colsample_bytree"": 1.0, ""model__gamma"": 0.0, ""model__learning_rate"": 0.1, ""model__max_depth"": 5, ""model__min_child_weight"": 4, ""model__n_estimators"": 200, ""model__reg_alpha"": 1.0, ""model__reg_lambda"": 3.0, ""model__subsample"": 0.85, ""select__k"": ""all""}"
1513546.0571330772,1081794.3447916666,647328.5625,0.6557408927302201,0.657835890395861,1.3211065928791366,4189735.0,118071.39479166667,1521667.510664501,0.4846418054173656,0.8029721164605542,0.8111271328824942,0.8111427542387053,1241366.4767057886,859330.6018229167,475912.625,0.7400075954869914,0.7400341651158686,0.4814183758367811,4857395.75,-12549.095572916667,1243897.2026393379,0.3317292061479645,0.49141229515933643,0.8606697976774631,0.8892364359949053,XGBoost,rdkit_descriptors_only,1,42,1,240,60,217,"{""model__colsample_bytree"": 0.6, ""model__gamma"": 0.0, ""model__learning_rate"": 0.1, ""model__max_depth"": 2, ""model__min_child_weight"": 8, ""model__n_estimators"": 300, ""model__reg_alpha"": 1.0, ""model__reg_lambda"": 3.0, ""model__subsample"": 0.85, ""select__k"": 20}"
1407876.1614896876,993637.0776041667,588902.375,0.6797763977854158,0.6828518263861411,0.5162182970500451,3934239.0,-137971.8890625,1412923.0587995895,0.3899587018637421,0.5161979423359903,0.8281732341368363,0.8831521143799188,1214585.695546845,860123.512890625,514884.5625,0.7553725810462251,0.7553818163945174,0.5055408851465274,4729740.5,-7462.807421875,1217101.0423458666,0.34188711783456965,0.5095625764767645,0.8698879299572382,0.8921320299400097,XGBoost,rdkit_descriptors_only,1,42,2,240,60,217,"{""model__colsample_bytree"": 0.6, ""model__gamma"": 0.0, ""model__learning_rate"": 0.1, ""model__max_depth"": 2, ""model__min_child_weight"": 8, ""model__n_estimators"": 300, ""model__reg_alpha"": 1.0, ""model__reg_lambda"": 3.0, ""model__subsample"": 0.85, ""select__k"": 20}"
1528300.547269105,1077673.8291666666,603646.8125,0.6760920658762262,0.6875212284931382,0.4231904108375328,4183984.0,-287081.48333333334,1513762.8896712803,0.3557686431137909,0.47270758793836826,0.8326972977469111,0.8557289572705823,1163341.4603964847,785648.2786458334,505845.5625,0.7623031395204447,0.7623058230126019,0.4726442787984959,4743284.0,3908.819791666667,1165766.1081239549,0.3343041030368878,0.4897978215289437,0.8736357256099196,0.900937487033949,XGBoost,rdkit_descriptors_only,1,42,3,240,60,217,"{""model__colsample_bytree"": 0.6, ""model__gamma"": 0.0, ""model__learning_rate"": 0.1, ""model__max_depth"": 2, ""model__min_child_weight"": 8, ""model__n_estimators"": 300, ""model__reg_alpha"": 1.0, ""model__reg_lambda"": 3.0, ""model__subsample"": 0.85, ""select__k"": 20}"
1426530.360399526,1072336.3958333333,794421.5625,0.6726462246988458,0.6726516836199641,0.5775917826055096,4024655.0,5825.4,1438556.809947813,0.40910803013354535,0.5523582567709084,0.8205640728240803,0.8286303976342939,1210069.1316540851,837518.41640625,454167.125,0.757403088486628,0.757403145225423,0.506247301666696,4305505.0,585.2044270833334,1212597.8727186068,0.34621095396097856,0.5168376646811401,0.8705811635444347,0.9009453096572654,XGBoost,rdkit_descriptors_only,1,42,4,240,60,217,"{""model__colsample_bytree"": 0.6, ""model__gamma"": 0.0, ""model__learning_rate"": 0.1, ""model__max_depth"": 2, ""model__min_child_weight"": 8, ""model__n_estimators"": 300, ""model__reg_alpha"": 1.0, ""model__reg_lambda"": 3.0, ""model__subsample"": 0.85, ""select__k"": 20}"
1164144.8398655537,805792.121875,509225.125,0.6223299344861293,0.6436617468074863,0.6201610150335697,4887815.0,276671.6197916667,1140332.700331296,0.35870938696792604,0.5638290934672451,0.8419112341234668,0.897800584980256,1252366.215126096,879519.1296875,524823.5625,0.7639413896294887,0.7639540566510001,0.48143709373188287,3944998.5,-9173.998697916666,1254949.8212791309,0.3374740847307167,0.49022749854464676,0.8745938559342474,0.8950780584819467,XGBoost,rdkit_descriptors_only,1,42,5,240,60,217,"{""model__colsample_bytree"": 0.6, ""model__gamma"": 0.0, ""model__learning_rate"": 0.1, ""model__max_depth"": 2, ""model__min_child_weight"": 8, ""model__n_estimators"": 300, ""model__reg_alpha"": 1.0, ""model__reg_lambda"": 3.0, ""model__subsample"": 0.85, ""select__k"": 20}"
1473132.097029989,1066499.665625,679221.375,0.5694794773908014,0.5700694728459981,0.558904267907246,4968037.75,54534.21875,1484545.5371309966,0.43716548912620573,0.5817814606692218,0.7674995907094929,0.8184070758229316,1209137.248014237,846000.05390625,500087.875,0.7679919591017091,0.7680089285894456,0.4944849644500173,3897996.0,-10340.902604166668,1211619.8709029865,0.3385179464116972,0.505003053456751,0.8767296976890881,0.8920862905071133,XGBoost,rdkit_descriptors_only,2,43,1,240,60,217,"{""model__colsample_bytree"": 0.6, ""model__gamma"": 0.0, ""model__learning_rate"": 0.1, ""model__max_depth"": 2, ""model__min_child_weight"": 8, ""model__n_estimators"": 300, ""model__reg_alpha"": 1.0, ""model__reg_lambda"": 3.0, ""model__subsample"": 0.85, ""select__k"": 20}"
1525502.351803079,1149325.7088541666,870679.75,0.5614124809375827,0.6000413724570641,0.7085154889639405,3872394.0,452731.6640625,1469068.0081563268,0.43494544643111765,0.6193628776086608,0.7758131784023572,0.7651907466160894,1180196.6168104007,804337.254296875,461333.125,0.7775776902793385,0.7775778677749514,0.4649176601354681,4511249.75,-1054.2873697916666,1182662.5982209179,0.3202784179370834,0.47954599428255446,0.8822529541858712,0.9141135654158177,XGBoost,rdkit_descriptors_only,2,43,2,240,60,217,"{""model__colsample_bytree"": 0.6, ""model__gamma"": 0.0, ""model__learning_rate"": 0.1, ""model__max_depth"": 2, ""model__min_child_weight"": 8, ""model__n_estimators"": 300, ""model__reg_alpha"": 1.0, ""model__reg_lambda"": 3.0, ""model__subsample"": 0.85, ""select__k"": 20}"
1403878.2666661341,956600.3989583333,429967.0,0.6832249887986354,0.6954612960896761,0.34001361138844416,3598897.0,-275917.4583333333,1388113.123829189,0.32080676207639686,0.4139173312776826,0.8344104044436256,0.8989602378088722,1195757.4613273973,820725.18671875,551637.5,0.7623920467246422,0.7623921650599644,0.4562889479550183,4856187.0,843.8588541666667,1198256.136331786,0.3409562009263349,0.49307863000200625,0.8734335322276046,0.8984774999421546,XGBoost,rdkit_descriptors_only,2,43,3,240,60,217,"{""model__colsample_bytree"": 0.6, ""model__gamma"": 0.0, ""model__learning_rate"": 0.1, ""model__max_depth"": 2, ""model__min_child_weight"": 8, ""model__n_estimators"": 300, ""model__reg_alpha"": 1.0, ""model__reg_lambda"": 3.0, ""model__subsample"": 0.85, ""select__k"": 20}"
1406952.0170342517,955756.5078125,546583.25,0.7317444015678636,0.7376588774514732,0.5125128230389809,4302557.0,-208911.82447916668,1403096.9962349697,0.3691399555812712,0.51868068472158,0.8588785277094801,0.898694526049032,1203848.1433161923,833754.058984375,486139.5625,0.7473537781414996,0.7473572846972387,0.47958951185639925,4899693.25,4484.930078125,1206355.653367372,0.3318103732657995,0.49255119384227763,0.8650468855258557,0.8888286466297773,XGBoost,rdkit_descriptors_only,2,43,4,240,60,217,"{""model__colsample_bytree"": 0.6, ""model__gamma"": 0.0, ""model__learning_rate"": 0.1, ""model__max_depth"": 2, ""model__min_child_weight"": 8, ""model__n_estimators"": 300, ""model__reg_alpha"": 1.0, ""model__reg_lambda"": 3.0, ""model__subsample"": 0.85, ""select__k"": 20}"
1329635.7925456522,984132.2484375,734337.6875,0.7161569183414844,0.7169763793403829,0.822388683693466,3649054.5,71442.67135416667,1338919.6070326858,0.4303376150258711,0.6566349996618347,0.847857209910974,0.8600712683662838,1259594.773634553,881006.170703125,530458.3125,0.7370264334776377,0.7370445394247886,0.5123459052334768,4261531.25,-10451.663671875,1262183.705038974,0.3406802248635151,0.5067704434950898,0.8593253626008751,0.8874736074240175,XGBoost,rdkit_descriptors_only,2,43,5,240,60,217,"{""model__colsample_bytree"": 0.6, ""model__gamma"": 0.0, ""model__learning_rate"": 0.1, ""model__max_depth"": 2, ""model__min_child_weight"": 8, ""model__n_estimators"": 300, ""model__reg_alpha"": 1.0, ""model__reg_lambda"": 3.0, ""model__subsample"": 0.85, ""select__k"": 20}"
1306091.2526801848,903969.31875,459608.703125,0.6829293101246351,0.7219708256891915,0.2902495919094604,3619470.0,-458309.44375,1233361.184303433,0.30934703439581346,0.3951078411894589,0.8501320618467108,0.8961175760165462,1237439.2492678843,852014.7635416667,556914.375,0.7533899866324096,0.7533933502247228,0.5210954861648948,4494724.5,-4570.0421875,1240016.8754458667,0.3622459918505714,0.537816248418306,0.8685260311692062,0.8959313897214499,XGBoost,rdkit_descriptors_only,3,44,1,240,60,217,"{""model__colsample_bytree"": 0.6, ""model__gamma"": 0.0, ""model__learning_rate"": 0.1, ""model__max_depth"": 2, ""model__min_child_weight"": 8, ""model__n_estimators"": 300, ""model__reg_alpha"": 1.0, ""model__reg_lambda"": 3.0, ""model__subsample"": 0.85, ""select__k"": 20}"
1128554.2412952632,842597.603125,610215.25,0.7183486485865874,0.7314701823325855,0.4853352234965175,3661211.5,243589.64270833333,1111251.5900783285,0.33195312307131386,0.47533131457561045,0.8571014270162314,0.8828326436803644,1251128.0795908002,864220.88671875,467763.265625,0.7575685215482891,0.7575713940727201,0.5145062441380047,4376323.75,-4306.645572916666,1253735.342472709,0.3484644719215343,0.513134937588567,0.8708295963990504,0.897444781111319,XGBoost,rdkit_descriptors_only,3,44,2,240,60,217,"{""model__colsample_bytree"": 0.6, ""model__gamma"": 0.0, ""model__learning_rate"": 0.1, ""model__max_depth"": 2, ""model__min_child_weight"": 8, ""model__n_estimators"": 300, ""model__reg_alpha"": 1.0, ""model__reg_lambda"": 3.0, ""model__subsample"": 0.85, ""select__k"": 20}"
1861075.7095918132,1316000.5567708334,713703.3125,0.5815305025247264,0.5860346958586369,0.6331839354206706,5293150.5,-193081.49322916666,1866653.5815999892,0.4605077126516937,0.5943360227252612,0.766038687049751,0.8158484370046191,1099676.5425614957,773195.222265625,454759.375,0.7804432388984437,0.780445119889727,0.4480294322445946,4035860.5,-3218.732942708333,1101969.9992202623,0.31909453456236486,0.4713851297770844,0.8838554748290572,0.9093375924391702,XGBoost,rdkit_descriptors_only,3,44,3,240,60,217,"{""model__colsample_bytree"": 0.6, ""model__gamma"": 0.0, ""model__learning_rate"": 0.1, ""model__max_depth"": 2, ""model__min_child_weight"": 8, ""model__n_estimators"": 300, ""model__reg_alpha"": 1.0, ""model__reg_lambda"": 3.0, ""model__subsample"": 0.85, ""select__k"": 20}"
1334441.1082980018,856393.9328125,472607.125,0.6029215685530671,0.607437097927956,0.7228997614899519,4319259.75,142303.50572916667,1338028.9514891577,0.4677701208197952,0.6631507752050171,0.7970774964837966,0.831699333795265,1208498.6927799277,854705.027734375,540342.125,0.7679712786302054,0.7680073915211042,0.4268844121727483,4460490.5,-15076.705078125,1210930.0482157287,0.3171581808242438,0.45467093522183805,0.877033399543184,0.9012026368073762,XGBoost,rdkit_descriptors_only,3,44,4,240,60,217,"{""model__colsample_bytree"": 0.6, ""model__gamma"": 0.0, ""model__learning_rate"": 0.1, ""model__max_depth"": 2, ""model__min_child_weight"": 8, ""model__n_estimators"": 300, ""model__reg_alpha"": 1.0, ""model__reg_lambda"": 3.0, ""model__subsample"": 0.85, ""select__k"": 20}"
1484904.5509688987,1034384.328125,656031.75,0.6793262836842199,0.6796672588975196,0.5179357512280567,4566362.0,48420.3875,1496639.2831814422,0.3568375448448099,0.5097870888196229,0.8245801762145751,0.8823002708719511,1201759.2177431446,823583.4091145833,481313.09375,0.7528268596518348,0.7528283822528203,0.48667690015003784,5007370.5,2982.702083333333,1204267.0248045193,0.33352022909411577,0.49375089030429686,0.8681920219577954,0.8969218073924541,XGBoost,rdkit_descriptors_only,3,44,5,240,60,217,"{""model__colsample_bytree"": 0.6, ""model__gamma"": 0.0, ""model__learning_rate"": 0.1, ""model__max_depth"": 2, ""model__min_child_weight"": 8, ""model__n_estimators"": 300, ""model__reg_alpha"": 1.0, ""model__reg_lambda"": 3.0, ""model__subsample"": 0.85, ""select__k"": 20}"
1462079.6083960852,1104414.7645833334,799122.375,0.6266982671288469,0.6283931190980436,0.8192507440491366,3514611.0,98516.03020833334,1471067.1923769393,0.4763964699233248,0.6890194739684534,0.7930735225120152,0.8189376306846812,1194385.462722863,810447.4661458334,474170.9375,0.7683781161579675,0.7684301890180902,0.47040496558712114,4771901.0,-17908.550260416665,1196747.0207566787,0.32252018137459654,0.48345067064143654,0.877297033866733,0.901068548643875,XGBoost,rdkit_descriptors_only,4,45,1,240,60,217,"{""model__colsample_bytree"": 0.6, ""model__gamma"": 0.0, ""model__learning_rate"": 0.1, ""model__max_depth"": 2, ""model__min_child_weight"": 8, ""model__n_estimators"": 300, ""model__reg_alpha"": 1.0, ""model__reg_lambda"": 3.0, ""model__subsample"": 0.85, ""select__k"": 20}"
1643726.2160028142,1189740.0276041667,721673.6875,0.582844504471465,0.5828556405566093,0.6179681836235217,4229618.5,-8492.719270833333,1657575.4440669909,0.4788804906898075,0.7032249102436677,0.7699656900626092,0.8069065121247339,1145052.456630833,789669.0837239583,437187.828125,0.7803726966101874,0.780387814412679,0.45398376777921834,3810437.5,-9500.064453125,1147405.9710808517,0.3364635541150677,0.5136467318332663,0.8839478061454211,0.9072680435240839,XGBoost,rdkit_descriptors_only,4,45,2,240,60,217,"{""model__colsample_bytree"": 0.6, ""model__gamma"": 0.0, ""model__learning_rate"": 0.1, ""model__max_depth"": 2, ""model__min_child_weight"": 8, ""model__n_estimators"": 300, ""model__reg_alpha"": 1.0, ""model__reg_lambda"": 3.0, ""model__subsample"": 0.85, ""select__k"": 20}"
1465967.7916370276,968754.325,583729.25,0.713892099025663,0.7398361798828657,0.5698388810689248,5453705.25,-441447.07916666666,1409719.0641192966,0.4082717654372239,0.5665499247902313,0.8817341041943297,0.9183091450806071,1243655.5702172506,885077.140625,542020.6875,0.7290528501161004,0.7290643447325884,0.507216788512109,4196415.25,-8100.373958333334,1246228.2085248174,0.34534901625349845,0.509012960893846,0.854623837712279,0.8759863295335694,XGBoost,rdkit_descriptors_only,4,45,3,240,60,217,"{""model__colsample_bytree"": 0.6, ""model__gamma"": 0.0, ""model__learning_rate"": 0.1, ""model__max_depth"": 2, ""model__min_child_weight"": 8, ""model__n_estimators"": 300, ""model__reg_alpha"": 1.0, ""model__reg_lambda"": 3.0, ""model__subsample"": 0.85, ""select__k"": 20}"
1400268.1232648464,1003005.2473958334,573656.375,0.6407109429360105,0.6497131720536415,0.8785499994347684,3545031.5,221648.21510416668,1394282.3507694725,0.4173847108750157,0.6732832522740584,0.8064596470283001,0.8102446189184553,1211916.327985772,845522.8970052083,535288.25,0.7640962021179086,0.7640986239110898,0.4814757960591639,4548736.0,-3883.0563802083334,1214442.8374502887,0.3392503322670134,0.49353303389681213,0.8746980992252076,0.9034866253888248,XGBoost,rdkit_descriptors_only,4,45,4,240,60,217,"{""model__colsample_bytree"": 0.6, ""model__gamma"": 0.0, ""model__learning_rate"": 0.1, ""model__max_depth"": 2, ""model__min_child_weight"": 8, ""model__n_estimators"": 300, ""model__reg_alpha"": 1.0, ""model__reg_lambda"": 3.0, ""model__subsample"": 0.85, ""select__k"": 20}"
1338080.89461325,967091.2911458333,642965.875,0.6536509932566323,0.6543601491816489,0.3551250560980483,4423562.0,60547.50677083333,1347990.775990482,0.3310125796830905,0.4023516366577937,0.8185617493727148,0.8843455139587466,1226955.0910424883,854543.7001302083,510552.375,0.7609683219447567,0.7609702623507568,0.5024488384142825,4717837.25,-3495.8053385416665,1229514.2728165176,0.35625630416635734,0.5144758268023008,0.8728954838867997,0.8952662663513311,XGBoost,rdkit_descriptors_only,4,45,5,240,60,217,"{""model__colsample_bytree"": 0.6, ""model__gamma"": 0.0, ""model__learning_rate"": 0.1, ""model__max_depth"": 2, ""model__min_child_weight"": 8, ""model__n_estimators"": 300, ""model__reg_alpha"": 1.0, ""model__reg_lambda"": 3.0, ""model__subsample"": 0.85, ""select__k"": 20}"
1564067.7065994963,1154672.4442708334,922982.5,0.5828962976475934,0.592499806532689,0.49962585337670057,5365976.0,-237327.73697916666,1559003.3765918652,0.4154176386021067,0.5165152463194843,0.7706024235814852,0.8037627758009281,1164830.2703745242,812953.090234375,483929.546875,0.7779716464263298,0.7779779448120601,0.4961775380097722,3832324.5,6204.018098958333,1167248.0537655493,0.3390063370867124,0.5038546658353998,0.8825792910732055,0.902924724653685,XGBoost,rdkit_descriptors_only,5,46,1,240,60,217,"{""model__colsample_bytree"": 0.6, ""model__gamma"": 0.0, ""model__learning_rate"": 0.1, ""model__max_depth"": 2, ""model__min_child_weight"": 8, ""model__n_estimators"": 300, ""model__reg_alpha"": 1.0, ""model__reg_lambda"": 3.0, ""model__subsample"": 0.85, ""select__k"": 20}"
1228579.5321767114,756682.6755208333,365286.0625,0.6286484543846023,0.6507159056939567,0.8332598509588894,4580824.5,299493.0484375,1201571.6745041353,0.4140025926227639,0.6593281981354773,0.8213201733579842,0.8466877692717732,1259045.6518998584,888092.9055989584,538059.375,0.7507654128933954,0.7507968879877646,0.46829597636105097,4584529.5,-14148.840234375,1261597.219926718,0.3260425458062811,0.4798201653737719,0.866984993560554,0.8878620396786581,XGBoost,rdkit_descriptors_only,5,46,2,240,60,217,"{""model__colsample_bytree"": 0.6, ""model__gamma"": 0.0, ""model__learning_rate"": 0.1, ""model__max_depth"": 2, ""model__min_child_weight"": 8, ""model__n_estimators"": 300, ""model__reg_alpha"": 1.0, ""model__reg_lambda"": 3.0, ""model__subsample"": 0.85, ""select__k"": 20}"
1484341.8767286756,1118487.6802083333,713288.3125,0.6984040749067747,0.6986937104343504,0.5742631690760326,3730785.5,-45998.865625,1496149.26452338,0.39400507364917964,0.5456779168305339,0.8401921210047849,0.8508067476895468,1190116.845849455,815124.1033854167,491454.0,0.7535289184533527,0.7535291321601633,0.4828825628769199,4740930.5,-1108.1940104166667,1192603.5140697034,0.33892670989393436,0.4973848849049581,0.8683272440664975,0.8932623633052293,XGBoost,rdkit_descriptors_only,5,46,3,240,60,217,"{""model__colsample_bytree"": 0.6, ""model__gamma"": 0.0, ""model__learning_rate"": 0.1, ""model__max_depth"": 2, ""model__min_child_weight"": 8, ""model__n_estimators"": 300, ""model__reg_alpha"": 1.0, ""model__reg_lambda"": 3.0, ""model__subsample"": 0.85, ""select__k"": 20}"
1442459.060831152,1021780.1864583333,688516.875,0.6912183846192959,0.6971557216235332,0.5750266179910787,4611052.0,-200020.09479166666,1440579.0163069218,0.39152863529241283,0.5596145706414887,0.83540440322399,0.8964639495223986,1213772.2059223822,841299.7638020833,469800.6875,0.7502160305728002,0.7502252302988592,0.5134479010140289,4312972.5,-7366.18046875,1216286.4287417706,0.3374715443257022,0.5108958184636586,0.8671304742342683,0.8867443134845586,XGBoost,rdkit_descriptors_only,5,46,4,240,60,217,"{""model__colsample_bytree"": 0.6, ""model__gamma"": 0.0, ""model__learning_rate"": 0.1, ""model__max_depth"": 2, ""model__min_child_weight"": 8, ""model__n_estimators"": 300, ""model__reg_alpha"": 1.0, ""model__reg_lambda"": 3.0, ""model__subsample"": 0.85, ""select__k"": 20}"
1423561.3484302345,1073939.609375,818575.5,0.6334621799061326,0.6334714171697494,0.48069932286205064,3613776.0,-7146.41875,1435556.6479953404,0.3818574370483281,0.4944680509108075,0.8031228333188639,0.8274819977724216,1193500.388236955,818419.5526041667,449282.5,0.7699841988589569,0.7699991369545379,0.4819641044496731,4536835.75,-9618.145572916666,1195955.8078053852,0.3414362432410141,0.49851824005772827,0.8781618154010987,0.9027431274489993,XGBoost,rdkit_descriptors_only,5,46,5,240,60,217,"{""model__colsample_bytree"": 0.6, ""model__gamma"": 0.0, ""model__learning_rate"": 0.1, ""model__max_depth"": 2, ""model__min_child_weight"": 8, ""model__n_estimators"": 300, ""model__reg_alpha"": 1.0, ""model__reg_lambda"": 3.0, ""model__subsample"": 0.85, ""select__k"": 20}"
1640068.6355984712,1132608.10390625,765057.0,0.5463890749552858,0.5840557384296451,0.6507086995613878,4761588.5,472605.58151041664,1583753.028319403,0.42495016765603216,0.5948438435127555,0.7863405926983786,0.8317068054326985,1138694.5074394378,789051.0544921875,454339.0625,0.7873947781680739,0.7873966519141385,0.4720358659807277,3955356.0,-3380.4586588541665,1141069.1985684626,0.32610778946094837,0.49149266311777284,0.8879637439671206,0.9070899791034039,XGBoost,rdkit_descriptors_only,6,47,1,240,60,217,"{""model__colsample_bytree"": 0.6, ""model__gamma"": 0.0, ""model__learning_rate"": 0.1, ""model__max_depth"": 2, ""model__min_child_weight"": 8, ""model__n_estimators"": 300, ""model__reg_alpha"": 1.0, ""model__reg_lambda"": 3.0, ""model__subsample"": 0.85, ""select__k"": 20}"
1391605.048463267,1040681.84375,775151.625,0.7000229708951142,0.7000396429770208,0.6622333629965883,3915229.5,10374.49375,1403309.7610816364,0.4295350623323738,0.5866644451008802,0.8370791108180923,0.8649327358199427,1221811.151974602,843721.4619791667,455762.75,0.7501164191689385,0.7501237452973137,0.4775492706385881,4688169.0,-6615.649479166666,1224346.6259014602,0.3279389542979889,0.49379444443633314,0.8664874059425589,0.8904724047130964,XGBoost,rdkit_descriptors_only,6,47,2,240,60,217,"{""model__colsample_bytree"": 0.6, ""model__gamma"": 0.0, ""model__learning_rate"": 0.1, ""model__max_depth"": 2, ""model__min_child_weight"": 8, ""model__n_estimators"": 300, ""model__reg_alpha"": 1.0, ""model__reg_lambda"": 3.0, ""model__subsample"": 0.85, ""select__k"": 20}"
1637387.8051168304,1044031.3442708333,471937.75,0.6226900994713249,0.6549064625414149,0.5178277438523196,5629665.25,-478454.56927083334,1579139.4511759167,0.37544505722061494,0.5454936590823755,0.8113148687644604,0.8949985111745482,1169660.2262519945,834673.0180989583,561686.5625,0.7642967833658034,0.7642968120763265,0.4770478559009389,3942899.5,408.223046875,1172104.5885172712,0.3384856450539244,0.4884535184648427,0.874897519903457,0.8929580309513588,XGBoost,rdkit_descriptors_only,6,47,3,240,60,217,"{""model__colsample_bytree"": 0.6, ""model__gamma"": 0.0, ""model__learning_rate"": 0.1, ""model__max_depth"": 2, ""model__min_child_weight"": 8, ""model__n_estimators"": 300, ""model__reg_alpha"": 1.0, ""model__reg_lambda"": 3.0, ""model__subsample"": 0.85, ""select__k"": 20}"
1293239.2760144274,991259.0588541667,701465.6875,0.6954236192765482,0.69561207368489,0.4819415080707567,3059094.0,-32168.730729166666,1303749.3511536205,0.36703147641007067,0.49472521452418144,0.8343060814612945,0.8546557618335012,1255380.88588359,867347.632421875,495540.6875,0.7464567153491799,0.7464676967277508,0.4977818244343496,4667943.25,-8261.861067708332,1257977.220843407,0.34406870107615023,0.5031392040854168,0.8645207043241155,0.898500227413456,XGBoost,rdkit_descriptors_only,6,47,4,240,60,217,"{""model__colsample_bytree"": 0.6, ""model__gamma"": 0.0, ""model__learning_rate"": 0.1, ""model__max_depth"": 2, ""model__min_child_weight"": 8, ""model__n_estimators"": 300, ""model__reg_alpha"": 1.0, ""model__reg_lambda"": 3.0, ""model__subsample"": 0.85, ""select__k"": 20}"
1256014.4577993287,939724.4026041667,688694.390625,0.7025334516816368,0.7028003063981496,0.5525105633929414,3448045.5,37619.49947916667,1266045.6620650673,0.3866427014312555,0.5708149639600434,0.8385728792303869,0.8444358052475315,1248669.254681382,867261.9360677083,506949.0,0.7511210697583323,0.751124108377636,0.4911222939717714,4599698.0,-4363.063151041667,1251271.1680526454,0.35537738452120954,0.5114036076940406,0.8673748773167094,0.897019950398085,XGBoost,rdkit_descriptors_only,6,47,5,240,60,217,"{""model__colsample_bytree"": 0.6, ""model__gamma"": 0.0, ""model__learning_rate"": 0.1, ""model__max_depth"": 2, ""model__min_child_weight"": 8, ""model__n_estimators"": 300, ""model__reg_alpha"": 1.0, ""model__reg_lambda"": 3.0, ""model__subsample"": 0.85, ""select__k"": 20}"
1814115.6380836025,1273510.7135416667,653874.0,0.5019186347386548,0.5398705100239474,0.48634983074710914,5043478.25,-500762.08645833336,1758346.5503007695,0.44128796666095343,0.5833254320060792,0.7355158261535194,0.7849141156727869,1132974.6899143322,787445.08828125,489670.875,0.7833021026953186,0.7833057248627626,0.47905927949630384,4342829.25,4632.09140625,1135332.966867392,0.3339885725210165,0.49668193712533937,0.8856210612582713,0.9022333329097547,XGBoost,rdkit_descriptors_only,7,48,1,240,60,217,"{""model__colsample_bytree"": 0.6, ""model__gamma"": 0.0, ""model__learning_rate"": 0.1, ""model__max_depth"": 2, ""model__min_child_weight"": 8, ""model__n_estimators"": 300, ""model__reg_alpha"": 1.0, ""model__reg_lambda"": 3.0, ""model__subsample"": 0.85, ""select__k"": 20}"
1284281.5385268661,892529.2734375,529570.5625,0.6554591642480827,0.6557524780406534,0.7781394502127539,4176944.0,37471.9359375,1294568.1529354132,0.4139550203537689,0.6534627531626709,0.8106519357194564,0.8376505751106076,1240741.892746158,873252.791015625,534795.625,0.7571036198503152,0.757108791012657,0.4570071852993163,4064835.5,5724.861848958333,1243321.6424762486,0.3238506471195486,0.46925118823629935,0.870677773950102,0.889474127274909,XGBoost,rdkit_descriptors_only,7,48,2,240,60,217,"{""model__colsample_bytree"": 0.6, ""model__gamma"": 0.0, ""model__learning_rate"": 0.1, ""model__max_depth"": 2, ""model__min_child_weight"": 8, ""model__n_estimators"": 300, ""model__reg_alpha"": 1.0, ""model__reg_lambda"": 3.0, ""model__subsample"": 0.85, ""select__k"": 20}"
1494906.7853448456,1108242.3713541667,735669.125,0.6231851233614616,0.6317632755408753,0.8495296939851406,3734280.25,225552.14739583334,1490264.1759922819,0.46924908542513,0.670311798528203,0.7969326397365201,0.8154357890634936,1198319.9151520757,816419.6233072917,462666.375,0.7648685187766113,0.7648790488135959,0.4496009258273517,4991570.25,-8019.223828125,1200797.3548006923,0.3156471631909564,0.4712163258134284,0.874884826339557,0.9045834713802489,XGBoost,rdkit_descriptors_only,7,48,3,240,60,217,"{""model__colsample_bytree"": 0.6, ""model__gamma"": 0.0, ""model__learning_rate"": 0.1, ""model__max_depth"": 2, ""model__min_child_weight"": 8, ""model__n_estimators"": 300, ""model__reg_alpha"": 1.0, ""model__reg_lambda"": 3.0, ""model__subsample"": 0.85, ""select__k"": 20}"
1330877.6996847475,1000746.7236979167,782105.3125,0.7475041485662125,0.7478933160637038,0.5140002986971973,3954156.0,-52249.15911458333,1341074.2507370033,0.41125694406578345,0.5480091046539188,0.8648180860272339,0.8806219112376283,1213914.3025796434,824981.9229817708,471519.0625,0.7472349375652255,0.7472352457579317,0.4788012348481449,4414854.0,-1340.4193359375,1216450.4797388988,0.34247142320762136,0.5113856906664825,0.8649144902076136,0.8912906687022653,XGBoost,rdkit_descriptors_only,7,48,4,240,60,217,"{""model__colsample_bytree"": 0.6, ""model__gamma"": 0.0, ""model__learning_rate"": 0.1, ""model__max_depth"": 2, ""model__min_child_weight"": 8, ""model__n_estimators"": 300, ""model__reg_alpha"": 1.0, ""model__reg_lambda"": 3.0, ""model__subsample"": 0.85, ""select__k"": 20}"
1265031.6638569902,924189.4848958333,632648.9375,0.7220689160473439,0.7225097539905491,0.36031459262341614,3165020.5,50381.6421875,1274695.098415041,0.296018510508613,0.3869615567236782,0.8537093813138756,0.8842523860456366,1227204.3631157482,854098.8928385417,476228.1875,0.7550232429883709,0.755036065099421,0.5414480808992159,4557032.5,8878.389973958334,1229736.8727806301,0.35948737638451117,0.5315561034487742,0.8698067501383375,0.8933981080264582,XGBoost,rdkit_descriptors_only,7,48,5,240,60,217,"{""model__colsample_bytree"": 0.6, ""model__gamma"": 0.0, ""model__learning_rate"": 0.1, ""model__max_depth"": 2, ""model__min_child_weight"": 8, ""model__n_estimators"": 300, ""model__reg_alpha"": 1.0, ""model__reg_lambda"": 3.0, ""model__subsample"": 0.85, ""select__k"": 20}"
1464945.1394416534,1037207.4841145833,652337.75,0.5822206425500862,0.5998078686107493,0.6913044401977242,4549836.5,300570.63255208335,1445878.3816993008,0.4207382669361404,0.6182990324821966,0.7846568551368727,0.8430855748449337,1226873.224673645,851069.1281901042,484089.5546875,0.761315051435671,0.7613203249464584,0.48136353436639845,4505455.25,-5766.829231770834,1229423.6441676836,0.3429586177047883,0.5004593560450203,0.8728864117908106,0.897021221343731,XGBoost,rdkit_descriptors_only,8,49,1,240,60,217,"{""model__colsample_bytree"": 0.6, ""model__gamma"": 0.0, ""model__learning_rate"": 0.1, ""model__max_depth"": 2, ""model__min_child_weight"": 8, ""model__n_estimators"": 300, ""model__reg_alpha"": 1.0, ""model__reg_lambda"": 3.0, ""model__subsample"": 0.85, ""select__k"": 20}"
1335829.1776980031,942734.7322916667,638691.5,0.74327994300261,0.7452401820627659,0.5810663487901662,3362518.5,-116728.134375,1341949.303635114,0.4076930517603164,0.5699929741117145,0.8640657853888565,0.8972356268000882,1262961.507927126,879666.8419270833,509252.34375,0.7269795060604719,0.7269969389774973,0.516372172956181,4636448.75,10092.006510416666,1265560.5225463419,0.34183224733426815,0.5147575172758775,0.853032723593386,0.8808467002603342,XGBoost,rdkit_descriptors_only,8,49,2,240,60,217,"{""model__colsample_bytree"": 0.6, ""model__gamma"": 0.0, ""model__learning_rate"": 0.1, ""model__max_depth"": 2, ""model__min_child_weight"": 8, ""model__n_estimators"": 300, ""model__reg_alpha"": 1.0, ""model__reg_lambda"": 3.0, ""model__subsample"": 0.85, ""select__k"": 20}"
1497733.829597287,1113762.6052083333,858005.4375,0.6287859323557077,0.6349954536751279,0.5347781275630741,4495385.0,-193709.753125,1497687.4227065188,0.3890239551199777,0.5334865850821892,0.7968660995244463,0.8101181328113923,1183338.3622276087,824603.9184895833,510650.375,0.7675571609897816,0.7675576083048636,0.5240572477620862,4770641.5,1641.56328125,1185810.2403624556,0.34798967291753985,0.5219896246099749,0.8766665610854729,0.8964675921543649,XGBoost,rdkit_descriptors_only,8,49,3,240,60,217,"{""model__colsample_bytree"": 0.6, ""model__gamma"": 0.0, ""model__learning_rate"": 0.1, ""model__max_depth"": 2, ""model__min_child_weight"": 8, ""model__n_estimators"": 300, ""model__reg_alpha"": 1.0, ""model__reg_lambda"": 3.0, ""model__subsample"": 0.85, ""select__k"": 20}"
1681827.2723339368,1191372.1197916667,552660.125,0.5955828052744583,0.6090391020373035,0.6073648497102277,5487205.5,-306781.6385416667,1667565.362290715,0.4336228435092096,0.5914536051378733,0.7816249707189242,0.817690490526636,1132881.3797478278,779100.86484375,473684.625,0.77939178734418,0.7793918223237122,0.44510925240444443,4229915.5,451.1080729166667,1135248.8605197154,0.31284674678110186,0.4662070024953823,0.8833476822669586,0.9102865893097648,XGBoost,rdkit_descriptors_only,8,49,4,240,60,217,"{""model__colsample_bytree"": 0.6, ""model__gamma"": 0.0, ""model__learning_rate"": 0.1, ""model__max_depth"": 2, ""model__min_child_weight"": 8, ""model__n_estimators"": 300, ""model__reg_alpha"": 1.0, ""model__reg_lambda"": 3.0, ""model__subsample"": 0.85, ""select__k"": 20}"
1395549.172058768,1036075.0203125,739243.75,0.5856802750513743,0.6044613828169535,0.8169434528256293,3423317.0,297124.1421875,1375059.2230438245,0.47052373593808855,0.6795394386202389,0.7844346459794355,0.7964792712678127,1224579.816402068,847740.8631510417,508016.75,0.7634160525582624,0.7634171394091094,0.5042895688323336,4232337.0,-2624.6985677083335,1227136.2059608544,0.3417425907948729,0.5116700427771506,0.8742550416085321,0.8923228619595256,XGBoost,rdkit_descriptors_only,8,49,5,240,60,217,"{""model__colsample_bytree"": 0.6, ""model__gamma"": 0.0, ""model__learning_rate"": 0.1, ""model__max_depth"": 2, ""model__min_child_weight"": 8, ""model__n_estimators"": 300, ""model__reg_alpha"": 1.0, ""model__reg_lambda"": 3.0, ""model__subsample"": 0.85, ""select__k"": 20}"
1399189.1994437727,904650.4817708334,408277.921875,0.7026718341089868,0.7027189161080323,0.6210138700078868,4671892.0,17607.0203125,1410885.1922718661,0.3941533793629954,0.5763645991848133,0.840796349757376,0.911924704498896,1208384.0659133682,848161.6670572917,507556.875,0.7535487118813411,0.7535498492166801,0.48705817677657676,4642752.0,2595.874609375,1210906.6331323895,0.3318364610069494,0.4934845730967901,0.8688193342504706,0.8845453064920034,XGBoost,rdkit_descriptors_only,9,50,1,240,60,217,"{""model__colsample_bytree"": 0.6, ""model__gamma"": 0.0, ""model__learning_rate"": 0.1, ""model__max_depth"": 2, ""model__min_child_weight"": 8, ""model__n_estimators"": 300, ""model__reg_alpha"": 1.0, ""model__reg_lambda"": 3.0, ""model__subsample"": 0.85, ""select__k"": 20}"
1390766.4200329685,1019290.8901041667,687387.25,0.7015651030423329,0.7022918626557075,0.5671035844682906,4387512.0,-68631.7046875,1400794.2992035,0.3814885784451549,0.541967817078999,0.838885799996838,0.8329466069752477,1190700.2123300848,824040.2006510417,455953.90625,0.7620737041316267,0.7620740344023911,0.46220548091020447,3813882.5,1402.8662760416667,1193187.7885958888,0.329672944508883,0.47974145276001595,0.8735145395488004,0.9028277314847951,XGBoost,rdkit_descriptors_only,9,50,2,240,60,217,"{""model__colsample_bytree"": 0.6, ""model__gamma"": 0.0, ""model__learning_rate"": 0.1, ""model__max_depth"": 2, ""model__min_child_weight"": 8, ""model__n_estimators"": 300, ""model__reg_alpha"": 1.0, ""model__reg_lambda"": 3.0, ""model__subsample"": 0.85, ""select__k"": 20}"
1523592.7057948932,1108655.7109375,780179.5625,0.6137425207017808,0.6156415691128105,0.5562097312452604,3907988.25,106831.28489583333,1532668.5965442068,0.38408049800030425,0.5442976649705138,0.7857787779574159,0.8168003886854606,1154783.2876550301,780297.6490885416,466457.375,0.7805422823837577,0.7805432862388437,0.4412028629246146,5165278.25,-2469.7930989583333,1157193.9838334483,0.31850200551154584,0.46688342504779057,0.883849141097876,0.9130398726381007,XGBoost,rdkit_descriptors_only,9,50,3,240,60,217,"{""model__colsample_bytree"": 0.6, ""model__gamma"": 0.0, ""model__learning_rate"": 0.1, ""model__max_depth"": 2, ""model__min_child_weight"": 8, ""model__n_estimators"": 300, ""model__reg_alpha"": 1.0, ""model__reg_lambda"": 3.0, ""model__subsample"": 0.85, ""select__k"": 20}"
1208022.550097194,893276.8109375,588123.0,0.7331459987850115,0.7331566204997007,0.4193962845546555,3411386.5,-7621.413020833334,1218192.7690850405,0.3659766853722553,0.46283580412752806,0.8569608031031899,0.8479770392281284,1272569.8733765527,893939.0397135416,517922.625,0.7390670891813468,0.739096466337006,0.5021422001253549,4340209.75,-13502.745442708334,1275157.5865167954,0.36072706033381896,0.5188156184787845,0.8600329661475712,0.8911152153315028,XGBoost,rdkit_descriptors_only,9,50,4,240,60,217,"{""model__colsample_bytree"": 0.6, ""model__gamma"": 0.0, ""model__learning_rate"": 0.1, ""model__max_depth"": 2, ""model__min_child_weight"": 8, ""model__n_estimators"": 300, ""model__reg_alpha"": 1.0, ""model__reg_lambda"": 3.0, ""model__subsample"": 0.85, ""select__k"": 20}"
1287146.372127024,934182.1229166667,688188.75,0.7050111408777895,0.7052085511936939,0.5870884607324185,4203135.5,33297.379166666666,1297574.1647542485,0.3623948342115531,0.5469046028467994,0.8405196456996237,0.8840403246994955,1241658.498949535,876210.3255208334,523545.5,0.7506711717951133,0.7506714402116086,0.5274133401071617,4709540.5,1288.3104166666667,1244252.7296198346,0.35039030667661053,0.5177903357559566,0.8672503591860017,0.8890962518044891,XGBoost,rdkit_descriptors_only,9,50,5,240,60,217,"{""model__colsample_bytree"": 0.6, ""model__gamma"": 0.0, ""model__learning_rate"": 0.1, ""model__max_depth"": 2, ""model__min_child_weight"": 8, ""model__n_estimators"": 300, ""model__reg_alpha"": 1.0, ""model__reg_lambda"": 3.0, ""model__subsample"": 0.85, ""select__k"": 20}"
1368030.7063741398,983161.1135416667,532545.84375,0.6573266933807482,0.6606450539260031,0.7417896652780135,4408761.5,-134622.45104166667,1372879.4962085688,0.4249680765874229,0.6387414618706563,0.8207422296263767,0.8476222586405605,1264431.8288382757,870641.88203125,499433.0,0.743037359615239,0.7430380167626722,0.47774937822754043,3992621.0,-2022.0497395833333,1267072.7022937154,0.33837488862429693,0.4915967895576851,0.8622016533905101,0.8892516246050033,XGBoost,rdkit_descriptors_only,10,51,1,240,60,217,"{""model__colsample_bytree"": 0.6, ""model__gamma"": 0.0, ""model__learning_rate"": 0.1, ""model__max_depth"": 2, ""model__min_child_weight"": 8, ""model__n_estimators"": 300, ""model__reg_alpha"": 1.0, ""model__reg_lambda"": 3.0, ""model__subsample"": 0.85, ""select__k"": 20}"
1650756.3318605395,1242613.7880208334,857557.25,0.48197015884437056,0.4979983915208316,0.5382516827373297,4623104.5,290367.76510416664,1638731.328688909,0.4099451528479766,0.5233779216467473,0.7227011583914192,0.781968218928031,1182583.6769776545,799129.7720052083,418635.75,0.7771447325179496,0.777147560346443,0.4838151769468986,4116904.0,-4212.568359375,1185047.6002607758,0.3324784014080503,0.49920482330635674,0.8819136491731061,0.9049879471449966,XGBoost,rdkit_descriptors_only,10,51,2,240,60,217,"{""model__colsample_bytree"": 0.6, ""model__gamma"": 0.0, ""model__learning_rate"": 0.1, ""model__max_depth"": 2, ""model__min_child_weight"": 8, ""model__n_estimators"": 300, ""model__reg_alpha"": 1.0, ""model__reg_lambda"": 3.0, ""model__subsample"": 0.85, ""select__k"": 20}"
1419518.7026806697,1046998.4380208333,693005.25,0.7512033650471721,0.7635386480296937,0.502376386362932,4347592.5,-316077.38697916665,1395560.1873959836,0.39427454064275946,0.5179354371099106,0.8870565593059495,0.9225661547657439,1204954.8208508773,828566.262890625,500338.5,0.737148524669982,0.7371795772558648,0.4512947986272798,4550582.75,-13096.777213541667,1207401.6895319365,0.33912281183226406,0.4832768114404876,0.8593414528333813,0.8878490549030398,XGBoost,rdkit_descriptors_only,10,51,3,240,60,217,"{""model__colsample_bytree"": 0.6, ""model__gamma"": 0.0, ""model__learning_rate"": 0.1, ""model__max_depth"": 2, ""model__min_child_weight"": 8, ""model__n_estimators"": 300, ""model__reg_alpha"": 1.0, ""model__reg_lambda"": 3.0, ""model__subsample"": 0.85, ""select__k"": 20}"
1628551.5753838478,1124366.3182291666,529396.28125,0.5697549928528512,0.5816784798786081,0.665507674182357,4511169.0,-271109.8140625,1619378.3183796736,0.40180196268971036,0.5998173497817357,0.7628093376962564,0.8201246583113185,1145788.4233603573,794388.004296875,489426.4375,0.7829402048145959,0.7830079519193974,0.5204851051181765,5413028.75,-20242.311588541666,1148003.7729421325,0.3351094124697538,0.5124853756726373,0.8855798100903496,0.9006105132024103,XGBoost,rdkit_descriptors_only,10,51,4,240,60,217,"{""model__colsample_bytree"": 0.6, ""model__gamma"": 0.0, ""model__learning_rate"": 0.1, ""model__max_depth"": 2, ""model__min_child_weight"": 8, ""model__n_estimators"": 300, ""model__reg_alpha"": 1.0, ""model__reg_lambda"": 3.0, ""model__subsample"": 0.85, ""select__k"": 20}"
1346745.754769603,897551.446875,505266.28125,0.6445727744997047,0.6505701455245407,0.6175571014426607,5069548.25,174940.646875,1346603.9763844747,0.3957156689417671,0.573036088989276,0.8144148082615207,0.8791304408778365,1222189.1143166826,852600.5981770833,521659.125,0.7619994507274257,0.7620181545110365,0.4714513698251557,4235054.0,10834.63203125,1224695.2008419482,0.3252292498258954,0.4841696154585405,0.8733657299922815,0.8960526991837083,XGBoost,rdkit_descriptors_only,10,51,5,240,60,217,"{""model__colsample_bytree"": 0.6, ""model__gamma"": 0.0, ""model__learning_rate"": 0.1, ""model__max_depth"": 2, ""model__min_child_weight"": 8, ""model__n_estimators"": 300, ""model__reg_alpha"": 1.0, ""model__reg_lambda"": 3.0, ""model__subsample"": 0.85, ""select__k"": 20}"
