model,feature_set,fold_a,fold_b,spearman_rank_corr,top10_jaccard,n_features_ranked
XGBoost,provided_only,repeat_01__fold_01,repeat_01__fold_02,0.8999999999999998,1.0,5
XGBoost,provided_only,repeat_01__fold_01,repeat_01__fold_03,0.9999999999999999,1.0,5
XGBoost,provided_only,repeat_01__fold_01,repeat_01__fold_04,0.8999999999999998,1.0,5
XGBoost,provided_only,repeat_01__fold_01,repeat_01__fold_05,0.8999999999999998,1.0,5
XGBoost,provided_only,repeat_01__fold_01,repeat_02__fold_01,0.8999999999999998,1.0,5
XGBoost,provided_only,repeat_01__fold_01,repeat_02__fold_02,0.8999999999999998,1.0,5
XGBoost,provided_only,repeat_01__fold_01,repeat_02__fold_03,0.8999999999999998,1.0,5
XGBoost,provided_only,repeat_01__fold_01,repeat_02__fold_04,0.8999999999999998,1.0,5
XGBoost,provided_only,repeat_01__fold_01,repeat_02__fold_05,0.8999999999999998,1.0,5
XGBoost,provided_only,repeat_01__fold_01,repeat_03__fold_01,0.8999999999999998,1.0,5
XGBoost,provided_only,repeat_01__fold_01,repeat_03__fold_02,0.8999999999999998,1.0,5
XGBoost,provided_only,repeat_01__fold_01,repeat_03__fold_03,0.7999999999999999,1.0,5
XGBoost,provided_only,repeat_01__fold_01,repeat_03__fold_04,0.8999999999999998,1.0,5
XGBoost,provided_only,repeat_01__fold_01,repeat_03__fold_05,0.8999999999999998,1.0,5
XGBoost,provided_only,repeat_01__fold_01,repeat_04__fold_01,0.8999999999999998,1.0,5
XGBoost,provided_only,repeat_01__fold_01,repeat_04__fold_02,0.8999999999999998,1.0,5
XGBoost,provided_only,repeat_01__fold_01,repeat_04__fold_03,0.8999999999999998,1.0,5
XGBoost,provided_only,repeat_01__fold_01,repeat_04__fold_04,0.9999999999999999,1.0,5
XGBoost,provided_only,repeat_01__fold_01,repeat_04__fold_05,0.8999999999999998,1.0,5
XGBoost,provided_only,repeat_01__fold_01,repeat_05__fold_01,0.8999999999999998,1.0,5
XGBoost,provided_only,repeat_01__fold_01,repeat_05__fold_02,0.9999999999999999,1.0,5
XGBoost,provided_only,repeat_01__fold_01,repeat_05__fold_03,0.9999999999999999,1.0,5
XGBoost,provided_only,repeat_01__fold_01,repeat_05__fold_04,0.8999999999999998,1.0,5
XGBoost,provided_only,repeat_01__fold_01,repeat_05__fold_05,0.8999999999999998,1.0,5
XGBoost,provided_only,repeat_01__fold_01,repeat_06__fold_01,0.8999999999999998,1.0,5
XGBoost,provided_only,repeat_01__fold_01,repeat_06__fold_02,0.8999999999999998,1.0,5
XGBoost,provided_only,repeat_01__fold_01,repeat_06__fold_03,0.9999999999999999,1.0,5
XGBoost,provided_only,repeat_01__fold_01,repeat_06__fold_04,0.8999999999999998,1.0,5
XGBoost,provided_only,repeat_01__fold_01,repeat_06__fold_05,0.8999999999999998,1.0,5
XGBoost,provided_only,repeat_01__fold_01,repeat_07__fold_01,0.8999999999999998,1.0,5
XGBoost,provided_only,repeat_01__fold_01,repeat_07__fold_02,0.8999999999999998,1.0,5
XGBoost,provided_only,repeat_01__fold_01,repeat_07__fold_03,0.9999999999999999,1.0,5
XGBoost,provided_only,repeat_01__fold_01,repeat_07__fold_04,0.9999999999999999,1.0,5
XGBoost,provided_only,repeat_01__fold_01,repeat_07__fold_05,0.8999999999999998,1.0,5
XGBoost,provided_only,repeat_01__fold_01,repeat_08__fold_01,0.8999999999999998,1.0,5
XGBoost,provided_only,repeat_01__fold_01,repeat_08__fold_02,0.9999999999999999,1.0,5
XGBoost,provided_only,repeat_01__fold_01,repeat_08__fold_03,0.8999999999999998,1.0,5
XGBoost,provided_only,repeat_01__fold_01,repeat_08__fold_04,0.8999999999999998,1.0,5
XGBoost,provided_only,repeat_01__fold_01,repeat_08__fold_05,0.8999999999999998,1.0,5
XGBoost,provided_only,repeat_01__fold_01,repeat_09__fold_01,0.9999999999999999,1.0,5
XGBoost,provided_only,repeat_01__fold_01,repeat_09__fold_02,0.8999999999999998,1.0,5
XGBoost,provided_only,repeat_01__fold_01,repeat_09__fold_03,0.9999999999999999,1.0,5
XGBoost,provided_only,repeat_01__fold_01,repeat_09__fold_04,0.8999999999999998,1.0,5
XGBoost,provided_only,repeat_01__fold_01,repeat_09__fold_05,0.8999999999999998,1.0,5
XGBoost,provided_only,repeat_01__fold_01,repeat_10__fold_01,0.8999999999999998,1.0,5
XGBoost,provided_only,repeat_01__fold_01,repeat_10__fold_02,0.8999999999999998,1.0,5
XGBoost,provided_only,repeat_01__fold_01,repeat_10__fold_03,0.8999999999999998,1.0,5
XGBoost,provided_only,repeat_01__fold_01,repeat_10__fold_04,0.8999999999999998,1.0,5
XGBoost,provided_only,repeat_01__fold_01,repeat_10__fold_05,0.8999999999999998,1.0,5
XGBoost,provided_only,repeat_01__fold_02,repeat_01__fold_03,0.8999999999999998,1.0,5
XGBoost,provided_only,repeat_01__fold_02,repeat_01__fold_04,0.9999999999999999,1.0,5
XGBoost,provided_only,repeat_01__fold_02,repeat_01__fold_05,0.9999999999999999,1.0,5
XGBoost,provided_only,repeat_01__fold_02,repeat_02__fold_01,0.9999999999999999,1.0,5
XGBoost,provided_only,repeat_01__fold_02,repeat_02__fold_02,0.9999999999999999,1.0,5
XGBoost,provided_only,repeat_01__fold_02,repeat_02__fold_03,0.9999999999999999,1.0,5
XGBoost,provided_only,repeat_01__fold_02,repeat_02__fold_04,0.9999999999999999,1.0,5
XGBoost,provided_only,repeat_01__fold_02,repeat_02__fold_05,0.9999999999999999,1.0,5
XGBoost,provided_only,repeat_01__fold_02,repeat_03__fold_01,0.9999999999999999,1.0,5
XGBoost,provided_only,repeat_01__fold_02,repeat_03__fold_02,0.9999999999999999,1.0,5
XGBoost,provided_only,repeat_01__fold_02,repeat_03__fold_03,0.8999999999999998,1.0,5
XGBoost,provided_only,repeat_01__fold_02,repeat_03__fold_04,0.9999999999999999,1.0,5
XGBoost,provided_only,repeat_01__fold_02,repeat_03__fold_05,0.9999999999999999,1.0,5
XGBoost,provided_only,repeat_01__fold_02,repeat_04__fold_01,0.9999999999999999,1.0,5
XGBoost,provided_only,repeat_01__fold_02,repeat_04__fold_02,0.9999999999999999,1.0,5
XGBoost,provided_only,repeat_01__fold_02,repeat_04__fold_03,0.9999999999999999,1.0,5
XGBoost,provided_only,repeat_01__fold_02,repeat_04__fold_04,0.8999999999999998,1.0,5
XGBoost,provided_only,repeat_01__fold_02,repeat_04__fold_05,0.9999999999999999,1.0,5
XGBoost,provided_only,repeat_01__fold_02,repeat_05__fold_01,0.9999999999999999,1.0,5
XGBoost,provided_only,repeat_01__fold_02,repeat_05__fold_02,0.8999999999999998,1.0,5
XGBoost,provided_only,repeat_01__fold_02,repeat_05__fold_03,0.8999999999999998,1.0,5
XGBoost,provided_only,repeat_01__fold_02,repeat_05__fold_04,0.9999999999999999,1.0,5
XGBoost,provided_only,repeat_01__fold_02,repeat_05__fold_05,0.9999999999999999,1.0,5
XGBoost,provided_only,repeat_01__fold_02,repeat_06__fold_01,0.9999999999999999,1.0,5
XGBoost,provided_only,repeat_01__fold_02,repeat_06__fold_02,0.9999999999999999,1.0,5
XGBoost,provided_only,repeat_01__fold_02,repeat_06__fold_03,0.8999999999999998,1.0,5
XGBoost,provided_only,repeat_01__fold_02,repeat_06__fold_04,0.7999999999999999,1.0,5
XGBoost,provided_only,repeat_01__fold_02,repeat_06__fold_05,0.9999999999999999,1.0,5
XGBoost,provided_only,repeat_01__fold_02,repeat_07__fold_01,0.9999999999999999,1.0,5
XGBoost,provided_only,repeat_01__fold_02,repeat_07__fold_02,0.9999999999999999,1.0,5
XGBoost,provided_only,repeat_01__fold_02,repeat_07__fold_03,0.8999999999999998,1.0,5
XGBoost,provided_only,repeat_01__fold_02,repeat_07__fold_04,0.8999999999999998,1.0,5
XGBoost,provided_only,repeat_01__fold_02,repeat_07__fold_05,0.9999999999999999,1.0,5
XGBoost,provided_only,repeat_01__fold_02,repeat_08__fold_01,0.9999999999999999,1.0,5
XGBoost,provided_only,repeat_01__fold_02,repeat_08__fold_02,0.8999999999999998,1.0,5
XGBoost,provided_only,repeat_01__fold_02,repeat_08__fold_03,0.9999999999999999,1.0,5
XGBoost,provided_only,repeat_01__fold_02,repeat_08__fold_04,0.9999999999999999,1.0,5
XGBoost,provided_only,repeat_01__fold_02,repeat_08__fold_05,0.9999999999999999,1.0,5
XGBoost,provided_only,repeat_01__fold_02,repeat_09__fold_01,0.8999999999999998,1.0,5
XGBoost,provided_only,repeat_01__fold_02,repeat_09__fold_02,0.9999999999999999,1.0,5
XGBoost,provided_only,repeat_01__fold_02,repeat_09__fold_03,0.8999999999999998,1.0,5
XGBoost,provided_only,repeat_01__fold_02,repeat_09__fold_04,0.9999999999999999,1.0,5
XGBoost,provided_only,repeat_01__fold_02,repeat_09__fold_05,0.9999999999999999,1.0,5
XGBoost,provided_only,repeat_01__fold_02,repeat_10__fold_01,0.9999999999999999,1.0,5
XGBoost,provided_only,repeat_01__fold_02,repeat_10__fold_02,0.9999999999999999,1.0,5
XGBoost,provided_only,repeat_01__fold_02,repeat_10__fold_03,0.9999999999999999,1.0,5
XGBoost,provided_only,repeat_01__fold_02,repeat_10__fold_04,0.9999999999999999,1.0,5
XGBoost,provided_only,repeat_01__fold_02,repeat_10__fold_05,0.9999999999999999,1.0,5
XGBoost,provided_only,repeat_01__fold_03,repeat_01__fold_04,0.8999999999999998,1.0,5
XGBoost,provided_only,repeat_01__fold_03,repeat_01__fold_05,0.8999999999999998,1.0,5
XGBoost,provided_only,repeat_01__fold_03,repeat_02__fold_01,0.8999999999999998,1.0,5
XGBoost,provided_only,repeat_01__fold_03,repeat_02__fold_02,0.8999999999999998,1.0,5
XGBoost,provided_only,repeat_01__fold_03,repeat_02__fold_03,0.8999999999999998,1.0,5
XGBoost,provided_only,repeat_01__fold_03,repeat_02__fold_04,0.8999999999999998,1.0,5
XGBoost,provided_only,repeat_01__fold_03,repeat_02__fold_05,0.8999999999999998,1.0,5
XGBoost,provided_only,repeat_01__fold_03,repeat_03__fold_01,0.8999999999999998,1.0,5
XGBoost,provided_only,repeat_01__fold_03,repeat_03__fold_02,0.8999999999999998,1.0,5
XGBoost,provided_only,repeat_01__fold_03,repeat_03__fold_03,0.7999999999999999,1.0,5
XGBoost,provided_only,repeat_01__fold_03,repeat_03__fold_04,0.8999999999999998,1.0,5
XGBoost,provided_only,repeat_01__fold_03,repeat_03__fold_05,0.8999999999999998,1.0,5
XGBoost,provided_only,repeat_01__fold_03,repeat_04__fold_01,0.8999999999999998,1.0,5
XGBoost,provided_only,repeat_01__fold_03,repeat_04__fold_02,0.8999999999999998,1.0,5
XGBoost,provided_only,repeat_01__fold_03,repeat_04__fold_03,0.8999999999999998,1.0,5
XGBoost,provided_only,repeat_01__fold_03,repeat_04__fold_04,0.9999999999999999,1.0,5
XGBoost,provided_only,repeat_01__fold_03,repeat_04__fold_05,0.8999999999999998,1.0,5
XGBoost,provided_only,repeat_01__fold_03,repeat_05__fold_01,0.8999999999999998,1.0,5
XGBoost,provided_only,repeat_01__fold_03,repeat_05__fold_02,0.9999999999999999,1.0,5
XGBoost,provided_only,repeat_01__fold_03,repeat_05__fold_03,0.9999999999999999,1.0,5
XGBoost,provided_only,repeat_01__fold_03,repeat_05__fold_04,0.8999999999999998,1.0,5
XGBoost,provided_only,repeat_01__fold_03,repeat_05__fold_05,0.8999999999999998,1.0,5
XGBoost,provided_only,repeat_01__fold_03,repeat_06__fold_01,0.8999999999999998,1.0,5
XGBoost,provided_only,repeat_01__fold_03,repeat_06__fold_02,0.8999999999999998,1.0,5
XGBoost,provided_only,repeat_01__fold_03,repeat_06__fold_03,0.9999999999999999,1.0,5
XGBoost,provided_only,repeat_01__fold_03,repeat_06__fold_04,0.8999999999999998,1.0,5
XGBoost,provided_only,repeat_01__fold_03,repeat_06__fold_05,0.8999999999999998,1.0,5
XGBoost,provided_only,repeat_01__fold_03,repeat_07__fold_01,0.8999999999999998,1.0,5
XGBoost,provided_only,repeat_01__fold_03,repeat_07__fold_02,0.8999999999999998,1.0,5
XGBoost,provided_only,repeat_01__fold_03,repeat_07__fold_03,0.9999999999999999,1.0,5
XGBoost,provided_only,repeat_01__fold_03,repeat_07__fold_04,0.9999999999999999,1.0,5
XGBoost,provided_only,repeat_01__fold_03,repeat_07__fold_05,0.8999999999999998,1.0,5
XGBoost,provided_only,repeat_01__fold_03,repeat_08__fold_01,0.8999999999999998,1.0,5
XGBoost,provided_only,repeat_01__fold_03,repeat_08__fold_02,0.9999999999999999,1.0,5
XGBoost,provided_only,repeat_01__fold_03,repeat_08__fold_03,0.8999999999999998,1.0,5
XGBoost,provided_only,repeat_01__fold_03,repeat_08__fold_04,0.8999999999999998,1.0,5
XGBoost,provided_only,repeat_01__fold_03,repeat_08__fold_05,0.8999999999999998,1.0,5
XGBoost,provided_only,repeat_01__fold_03,repeat_09__fold_01,0.9999999999999999,1.0,5
XGBoost,provided_only,repeat_01__fold_03,repeat_09__fold_02,0.8999999999999998,1.0,5
XGBoost,provided_only,repeat_01__fold_03,repeat_09__fold_03,0.9999999999999999,1.0,5
XGBoost,provided_only,repeat_01__fold_03,repeat_09__fold_04,0.8999999999999998,1.0,5
XGBoost,provided_only,repeat_01__fold_03,repeat_09__fold_05,0.8999999999999998,1.0,5
XGBoost,provided_only,repeat_01__fold_03,repeat_10__fold_01,0.8999999999999998,1.0,5
XGBoost,provided_only,repeat_01__fold_03,repeat_10__fold_02,0.8999999999999998,1.0,5
XGBoost,provided_only,repeat_01__fold_03,repeat_10__fold_03,0.8999999999999998,1.0,5
XGBoost,provided_only,repeat_01__fold_03,repeat_10__fold_04,0.8999999999999998,1.0,5
XGBoost,provided_only,repeat_01__fold_03,repeat_10__fold_05,0.8999999999999998,1.0,5
XGBoost,provided_only,repeat_01__fold_04,repeat_01__fold_05,0.9999999999999999,1.0,5
XGBoost,provided_only,repeat_01__fold_04,repeat_02__fold_01,0.9999999999999999,1.0,5
XGBoost,provided_only,repeat_01__fold_04,repeat_02__fold_02,0.9999999999999999,1.0,5
XGBoost,provided_only,repeat_01__fold_04,repeat_02__fold_03,0.9999999999999999,1.0,5
XGBoost,provided_only,repeat_01__fold_04,repeat_02__fold_04,0.9999999999999999,1.0,5
XGBoost,provided_only,repeat_01__fold_04,repeat_02__fold_05,0.9999999999999999,1.0,5
XGBoost,provided_only,repeat_01__fold_04,repeat_03__fold_01,0.9999999999999999,1.0,5
XGBoost,provided_only,repeat_01__fold_04,repeat_03__fold_02,0.9999999999999999,1.0,5
XGBoost,provided_only,repeat_01__fold_04,repeat_03__fold_03,0.8999999999999998,1.0,5
XGBoost,provided_only,repeat_01__fold_04,repeat_03__fold_04,0.9999999999999999,1.0,5
XGBoost,provided_only,repeat_01__fold_04,repeat_03__fold_05,0.9999999999999999,1.0,5
XGBoost,provided_only,repeat_01__fold_04,repeat_04__fold_01,0.9999999999999999,1.0,5
XGBoost,provided_only,repeat_01__fold_04,repeat_04__fold_02,0.9999999999999999,1.0,5
XGBoost,provided_only,repeat_01__fold_04,repeat_04__fold_03,0.9999999999999999,1.0,5
XGBoost,provided_only,repeat_01__fold_04,repeat_04__fold_04,0.8999999999999998,1.0,5
XGBoost,provided_only,repeat_01__fold_04,repeat_04__fold_05,0.9999999999999999,1.0,5
XGBoost,provided_only,repeat_01__fold_04,repeat_05__fold_01,0.9999999999999999,1.0,5
XGBoost,provided_only,repeat_01__fold_04,repeat_05__fold_02,0.8999999999999998,1.0,5
XGBoost,provided_only,repeat_01__fold_04,repeat_05__fold_03,0.8999999999999998,1.0,5
XGBoost,provided_only,repeat_01__fold_04,repeat_05__fold_04,0.9999999999999999,1.0,5
XGBoost,provided_only,repeat_01__fold_04,repeat_05__fold_05,0.9999999999999999,1.0,5
XGBoost,provided_only,repeat_01__fold_04,repeat_06__fold_01,0.9999999999999999,1.0,5
XGBoost,provided_only,repeat_01__fold_04,repeat_06__fold_02,0.9999999999999999,1.0,5
XGBoost,provided_only,repeat_01__fold_04,repeat_06__fold_03,0.8999999999999998,1.0,5
XGBoost,provided_only,repeat_01__fold_04,repeat_06__fold_04,0.7999999999999999,1.0,5
XGBoost,provided_only,repeat_01__fold_04,repeat_06__fold_05,0.9999999999999999,1.0,5
XGBoost,provided_only,repeat_01__fold_04,repeat_07__fold_01,0.9999999999999999,1.0,5
XGBoost,provided_only,repeat_01__fold_04,repeat_07__fold_02,0.9999999999999999,1.0,5
XGBoost,provided_only,repeat_01__fold_04,repeat_07__fold_03,0.8999999999999998,1.0,5
XGBoost,provided_only,repeat_01__fold_04,repeat_07__fold_04,0.8999999999999998,1.0,5
XGBoost,provided_only,repeat_01__fold_04,repeat_07__fold_05,0.9999999999999999,1.0,5
XGBoost,provided_only,repeat_01__fold_04,repeat_08__fold_01,0.9999999999999999,1.0,5
XGBoost,provided_only,repeat_01__fold_04,repeat_08__fold_02,0.8999999999999998,1.0,5
XGBoost,provided_only,repeat_01__fold_04,repeat_08__fold_03,0.9999999999999999,1.0,5
XGBoost,provided_only,repeat_01__fold_04,repeat_08__fold_04,0.9999999999999999,1.0,5
XGBoost,provided_only,repeat_01__fold_04,repeat_08__fold_05,0.9999999999999999,1.0,5
XGBoost,provided_only,repeat_01__fold_04,repeat_09__fold_01,0.8999999999999998,1.0,5
XGBoost,provided_only,repeat_01__fold_04,repeat_09__fold_02,0.9999999999999999,1.0,5
XGBoost,provided_only,repeat_01__fold_04,repeat_09__fold_03,0.8999999999999998,1.0,5
XGBoost,provided_only,repeat_01__fold_04,repeat_09__fold_04,0.9999999999999999,1.0,5
XGBoost,provided_only,repeat_01__fold_04,repeat_09__fold_05,0.9999999999999999,1.0,5
XGBoost,provided_only,repeat_01__fold_04,repeat_10__fold_01,0.9999999999999999,1.0,5
XGBoost,provided_only,repeat_01__fold_04,repeat_10__fold_02,0.9999999999999999,1.0,5
XGBoost,provided_only,repeat_01__fold_04,repeat_10__fold_03,0.9999999999999999,1.0,5
XGBoost,provided_only,repeat_01__fold_04,repeat_10__fold_04,0.9999999999999999,1.0,5
XGBoost,provided_only,repeat_01__fold_04,repeat_10__fold_05,0.9999999999999999,1.0,5
XGBoost,provided_only,repeat_01__fold_05,repeat_02__fold_01,0.9999999999999999,1.0,5
XGBoost,provided_only,repeat_01__fold_05,repeat_02__fold_02,0.9999999999999999,1.0,5
XGBoost,provided_only,repeat_01__fold_05,repeat_02__fold_03,0.9999999999999999,1.0,5
XGBoost,provided_only,repeat_01__fold_05,repeat_02__fold_04,0.9999999999999999,1.0,5
XGBoost,provided_only,repeat_01__fold_05,repeat_02__fold_05,0.9999999999999999,1.0,5
XGBoost,provided_only,repeat_01__fold_05,repeat_03__fold_01,0.9999999999999999,1.0,5
XGBoost,provided_only,repeat_01__fold_05,repeat_03__fold_02,0.9999999999999999,1.0,5
XGBoost,provided_only,repeat_01__fold_05,repeat_03__fold_03,0.8999999999999998,1.0,5
XGBoost,provided_only,repeat_01__fold_05,repeat_03__fold_04,0.9999999999999999,1.0,5
XGBoost,provided_only,repeat_01__fold_05,repeat_03__fold_05,0.9999999999999999,1.0,5
XGBoost,provided_only,repeat_01__fold_05,repeat_04__fold_01,0.9999999999999999,1.0,5
XGBoost,provided_only,repeat_01__fold_05,repeat_04__fold_02,0.9999999999999999,1.0,5
XGBoost,provided_only,repeat_01__fold_05,repeat_04__fold_03,0.9999999999999999,1.0,5
XGBoost,provided_only,repeat_01__fold_05,repeat_04__fold_04,0.8999999999999998,1.0,5
XGBoost,provided_only,repeat_01__fold_05,repeat_04__fold_05,0.9999999999999999,1.0,5
XGBoost,provided_only,repeat_01__fold_05,repeat_05__fold_01,0.9999999999999999,1.0,5
XGBoost,provided_only,repeat_01__fold_05,repeat_05__fold_02,0.8999999999999998,1.0,5
XGBoost,provided_only,repeat_01__fold_05,repeat_05__fold_03,0.8999999999999998,1.0,5
XGBoost,provided_only,repeat_01__fold_05,repeat_05__fold_04,0.9999999999999999,1.0,5
XGBoost,provided_only,repeat_01__fold_05,repeat_05__fold_05,0.9999999999999999,1.0,5
XGBoost,provided_only,repeat_01__fold_05,repeat_06__fold_01,0.9999999999999999,1.0,5
XGBoost,provided_only,repeat_01__fold_05,repeat_06__fold_02,0.9999999999999999,1.0,5
XGBoost,provided_only,repeat_01__fold_05,repeat_06__fold_03,0.8999999999999998,1.0,5
XGBoost,provided_only,repeat_01__fold_05,repeat_06__fold_04,0.7999999999999999,1.0,5
XGBoost,provided_only,repeat_01__fold_05,repeat_06__fold_05,0.9999999999999999,1.0,5
XGBoost,provided_only,repeat_01__fold_05,repeat_07__fold_01,0.9999999999999999,1.0,5
XGBoost,provided_only,repeat_01__fold_05,repeat_07__fold_02,0.9999999999999999,1.0,5
XGBoost,provided_only,repeat_01__fold_05,repeat_07__fold_03,0.8999999999999998,1.0,5
XGBoost,provided_only,repeat_01__fold_05,repeat_07__fold_04,0.8999999999999998,1.0,5
XGBoost,provided_only,repeat_01__fold_05,repeat_07__fold_05,0.9999999999999999,1.0,5
XGBoost,provided_only,repeat_01__fold_05,repeat_08__fold_01,0.9999999999999999,1.0,5
XGBoost,provided_only,repeat_01__fold_05,repeat_08__fold_02,0.8999999999999998,1.0,5
XGBoost,provided_only,repeat_01__fold_05,repeat_08__fold_03,0.9999999999999999,1.0,5
XGBoost,provided_only,repeat_01__fold_05,repeat_08__fold_04,0.9999999999999999,1.0,5
XGBoost,provided_only,repeat_01__fold_05,repeat_08__fold_05,0.9999999999999999,1.0,5
XGBoost,provided_only,repeat_01__fold_05,repeat_09__fold_01,0.8999999999999998,1.0,5
XGBoost,provided_only,repeat_01__fold_05,repeat_09__fold_02,0.9999999999999999,1.0,5
XGBoost,provided_only,repeat_01__fold_05,repeat_09__fold_03,0.8999999999999998,1.0,5
XGBoost,provided_only,repeat_01__fold_05,repeat_09__fold_04,0.9999999999999999,1.0,5
XGBoost,provided_only,repeat_01__fold_05,repeat_09__fold_05,0.9999999999999999,1.0,5
XGBoost,provided_only,repeat_01__fold_05,repeat_10__fold_01,0.9999999999999999,1.0,5
XGBoost,provided_only,repeat_01__fold_05,repeat_10__fold_02,0.9999999999999999,1.0,5
XGBoost,provided_only,repeat_01__fold_05,repeat_10__fold_03,0.9999999999999999,1.0,5
XGBoost,provided_only,repeat_01__fold_05,repeat_10__fold_04,0.9999999999999999,1.0,5
XGBoost,provided_only,repeat_01__fold_05,repeat_10__fold_05,0.9999999999999999,1.0,5
XGBoost,provided_only,repeat_02__fold_01,repeat_02__fold_02,0.9999999999999999,1.0,5
XGBoost,provided_only,repeat_02__fold_01,repeat_02__fold_03,0.9999999999999999,1.0,5
XGBoost,provided_only,repeat_02__fold_01,repeat_02__fold_04,0.9999999999999999,1.0,5
XGBoost,provided_only,repeat_02__fold_01,repeat_02__fold_05,0.9999999999999999,1.0,5
XGBoost,provided_only,repeat_02__fold_01,repeat_03__fold_01,0.9999999999999999,1.0,5
XGBoost,provided_only,repeat_02__fold_01,repeat_03__fold_02,0.9999999999999999,1.0,5
XGBoost,provided_only,repeat_02__fold_01,repeat_03__fold_03,0.8999999999999998,1.0,5
XGBoost,provided_only,repeat_02__fold_01,repeat_03__fold_04,0.9999999999999999,1.0,5
XGBoost,provided_only,repeat_02__fold_01,repeat_03__fold_05,0.9999999999999999,1.0,5
XGBoost,provided_only,repeat_02__fold_01,repeat_04__fold_01,0.9999999999999999,1.0,5
XGBoost,provided_only,repeat_02__fold_01,repeat_04__fold_02,0.9999999999999999,1.0,5
XGBoost,provided_only,repeat_02__fold_01,repeat_04__fold_03,0.9999999999999999,1.0,5
XGBoost,provided_only,repeat_02__fold_01,repeat_04__fold_04,0.8999999999999998,1.0,5
XGBoost,provided_only,repeat_02__fold_01,repeat_04__fold_05,0.9999999999999999,1.0,5
XGBoost,provided_only,repeat_02__fold_01,repeat_05__fold_01,0.9999999999999999,1.0,5
XGBoost,provided_only,repeat_02__fold_01,repeat_05__fold_02,0.8999999999999998,1.0,5
XGBoost,provided_only,repeat_02__fold_01,repeat_05__fold_03,0.8999999999999998,1.0,5
XGBoost,provided_only,repeat_02__fold_01,repeat_05__fold_04,0.9999999999999999,1.0,5
XGBoost,provided_only,repeat_02__fold_01,repeat_05__fold_05,0.9999999999999999,1.0,5
XGBoost,provided_only,repeat_02__fold_01,repeat_06__fold_01,0.9999999999999999,1.0,5
XGBoost,provided_only,repeat_02__fold_01,repeat_06__fold_02,0.9999999999999999,1.0,5
XGBoost,provided_only,repeat_02__fold_01,repeat_06__fold_03,0.8999999999999998,1.0,5
XGBoost,provided_only,repeat_02__fold_01,repeat_06__fold_04,0.7999999999999999,1.0,5
XGBoost,provided_only,repeat_02__fold_01,repeat_06__fold_05,0.9999999999999999,1.0,5
XGBoost,provided_only,repeat_02__fold_01,repeat_07__fold_01,0.9999999999999999,1.0,5
XGBoost,provided_only,repeat_02__fold_01,repeat_07__fold_02,0.9999999999999999,1.0,5
XGBoost,provided_only,repeat_02__fold_01,repeat_07__fold_03,0.8999999999999998,1.0,5
XGBoost,provided_only,repeat_02__fold_01,repeat_07__fold_04,0.8999999999999998,1.0,5
XGBoost,provided_only,repeat_02__fold_01,repeat_07__fold_05,0.9999999999999999,1.0,5
XGBoost,provided_only,repeat_02__fold_01,repeat_08__fold_01,0.9999999999999999,1.0,5
XGBoost,provided_only,repeat_02__fold_01,repeat_08__fold_02,0.8999999999999998,1.0,5
XGBoost,provided_only,repeat_02__fold_01,repeat_08__fold_03,0.9999999999999999,1.0,5
XGBoost,provided_only,repeat_02__fold_01,repeat_08__fold_04,0.9999999999999999,1.0,5
XGBoost,provided_only,repeat_02__fold_01,repeat_08__fold_05,0.9999999999999999,1.0,5
XGBoost,provided_only,repeat_02__fold_01,repeat_09__fold_01,0.8999999999999998,1.0,5
XGBoost,provided_only,repeat_02__fold_01,repeat_09__fold_02,0.9999999999999999,1.0,5
XGBoost,provided_only,repeat_02__fold_01,repeat_09__fold_03,0.8999999999999998,1.0,5
XGBoost,provided_only,repeat_02__fold_01,repeat_09__fold_04,0.9999999999999999,1.0,5
XGBoost,provided_only,repeat_02__fold_01,repeat_09__fold_05,0.9999999999999999,1.0,5
XGBoost,provided_only,repeat_02__fold_01,repeat_10__fold_01,0.9999999999999999,1.0,5
XGBoost,provided_only,repeat_02__fold_01,repeat_10__fold_02,0.9999999999999999,1.0,5
XGBoost,provided_only,repeat_02__fold_01,repeat_10__fold_03,0.9999999999999999,1.0,5
XGBoost,provided_only,repeat_02__fold_01,repeat_10__fold_04,0.9999999999999999,1.0,5
XGBoost,provided_only,repeat_02__fold_01,repeat_10__fold_05,0.9999999999999999,1.0,5
XGBoost,provided_only,repeat_02__fold_02,repeat_02__fold_03,0.9999999999999999,1.0,5
XGBoost,provided_only,repeat_02__fold_02,repeat_02__fold_04,0.9999999999999999,1.0,5
XGBoost,provided_only,repeat_02__fold_02,repeat_02__fold_05,0.9999999999999999,1.0,5
XGBoost,provided_only,repeat_02__fold_02,repeat_03__fold_01,0.9999999999999999,1.0,5
XGBoost,provided_only,repeat_02__fold_02,repeat_03__fold_02,0.9999999999999999,1.0,5
XGBoost,provided_only,repeat_02__fold_02,repeat_03__fold_03,0.8999999999999998,1.0,5
XGBoost,provided_only,repeat_02__fold_02,repeat_03__fold_04,0.9999999999999999,1.0,5
XGBoost,provided_only,repeat_02__fold_02,repeat_03__fold_05,0.9999999999999999,1.0,5
XGBoost,provided_only,repeat_02__fold_02,repeat_04__fold_01,0.9999999999999999,1.0,5
XGBoost,provided_only,repeat_02__fold_02,repeat_04__fold_02,0.9999999999999999,1.0,5
XGBoost,provided_only,repeat_02__fold_02,repeat_04__fold_03,0.9999999999999999,1.0,5
XGBoost,provided_only,repeat_02__fold_02,repeat_04__fold_04,0.8999999999999998,1.0,5
XGBoost,provided_only,repeat_02__fold_02,repeat_04__fold_05,0.9999999999999999,1.0,5
XGBoost,provided_only,repeat_02__fold_02,repeat_05__fold_01,0.9999999999999999,1.0,5
XGBoost,provided_only,repeat_02__fold_02,repeat_05__fold_02,0.8999999999999998,1.0,5
XGBoost,provided_only,repeat_02__fold_02,repeat_05__fold_03,0.8999999999999998,1.0,5
XGBoost,provided_only,repeat_02__fold_02,repeat_05__fold_04,0.9999999999999999,1.0,5
XGBoost,provided_only,repeat_02__fold_02,repeat_05__fold_05,0.9999999999999999,1.0,5
XGBoost,provided_only,repeat_02__fold_02,repeat_06__fold_01,0.9999999999999999,1.0,5
XGBoost,provided_only,repeat_02__fold_02,repeat_06__fold_02,0.9999999999999999,1.0,5
XGBoost,provided_only,repeat_02__fold_02,repeat_06__fold_03,0.8999999999999998,1.0,5
XGBoost,provided_only,repeat_02__fold_02,repeat_06__fold_04,0.7999999999999999,1.0,5
XGBoost,provided_only,repeat_02__fold_02,repeat_06__fold_05,0.9999999999999999,1.0,5
XGBoost,provided_only,repeat_02__fold_02,repeat_07__fold_01,0.9999999999999999,1.0,5
XGBoost,provided_only,repeat_02__fold_02,repeat_07__fold_02,0.9999999999999999,1.0,5
XGBoost,provided_only,repeat_02__fold_02,repeat_07__fold_03,0.8999999999999998,1.0,5
XGBoost,provided_only,repeat_02__fold_02,repeat_07__fold_04,0.8999999999999998,1.0,5
XGBoost,provided_only,repeat_02__fold_02,repeat_07__fold_05,0.9999999999999999,1.0,5
XGBoost,provided_only,repeat_02__fold_02,repeat_08__fold_01,0.9999999999999999,1.0,5
XGBoost,provided_only,repeat_02__fold_02,repeat_08__fold_02,0.8999999999999998,1.0,5
XGBoost,provided_only,repeat_02__fold_02,repeat_08__fold_03,0.9999999999999999,1.0,5
XGBoost,provided_only,repeat_02__fold_02,repeat_08__fold_04,0.9999999999999999,1.0,5
XGBoost,provided_only,repeat_02__fold_02,repeat_08__fold_05,0.9999999999999999,1.0,5
XGBoost,provided_only,repeat_02__fold_02,repeat_09__fold_01,0.8999999999999998,1.0,5
XGBoost,provided_only,repeat_02__fold_02,repeat_09__fold_02,0.9999999999999999,1.0,5
XGBoost,provided_only,repeat_02__fold_02,repeat_09__fold_03,0.8999999999999998,1.0,5
XGBoost,provided_only,repeat_02__fold_02,repeat_09__fold_04,0.9999999999999999,1.0,5
XGBoost,provided_only,repeat_02__fold_02,repeat_09__fold_05,0.9999999999999999,1.0,5
XGBoost,provided_only,repeat_02__fold_02,repeat_10__fold_01,0.9999999999999999,1.0,5
XGBoost,provided_only,repeat_02__fold_02,repeat_10__fold_02,0.9999999999999999,1.0,5
XGBoost,provided_only,repeat_02__fold_02,repeat_10__fold_03,0.9999999999999999,1.0,5
XGBoost,provided_only,repeat_02__fold_02,repeat_10__fold_04,0.9999999999999999,1.0,5
XGBoost,provided_only,repeat_02__fold_02,repeat_10__fold_05,0.9999999999999999,1.0,5
XGBoost,provided_only,repeat_02__fold_03,repeat_02__fold_04,0.9999999999999999,1.0,5
XGBoost,provided_only,repeat_02__fold_03,repeat_02__fold_05,0.9999999999999999,1.0,5
XGBoost,provided_only,repeat_02__fold_03,repeat_03__fold_01,0.9999999999999999,1.0,5
XGBoost,provided_only,repeat_02__fold_03,repeat_03__fold_02,0.9999999999999999,1.0,5
XGBoost,provided_only,repeat_02__fold_03,repeat_03__fold_03,0.8999999999999998,1.0,5
XGBoost,provided_only,repeat_02__fold_03,repeat_03__fold_04,0.9999999999999999,1.0,5
XGBoost,provided_only,repeat_02__fold_03,repeat_03__fold_05,0.9999999999999999,1.0,5
XGBoost,provided_only,repeat_02__fold_03,repeat_04__fold_01,0.9999999999999999,1.0,5
XGBoost,provided_only,repeat_02__fold_03,repeat_04__fold_02,0.9999999999999999,1.0,5
XGBoost,provided_only,repeat_02__fold_03,repeat_04__fold_03,0.9999999999999999,1.0,5
XGBoost,provided_only,repeat_02__fold_03,repeat_04__fold_04,0.8999999999999998,1.0,5
XGBoost,provided_only,repeat_02__fold_03,repeat_04__fold_05,0.9999999999999999,1.0,5
XGBoost,provided_only,repeat_02__fold_03,repeat_05__fold_01,0.9999999999999999,1.0,5
XGBoost,provided_only,repeat_02__fold_03,repeat_05__fold_02,0.8999999999999998,1.0,5
XGBoost,provided_only,repeat_02__fold_03,repeat_05__fold_03,0.8999999999999998,1.0,5
XGBoost,provided_only,repeat_02__fold_03,repeat_05__fold_04,0.9999999999999999,1.0,5
XGBoost,provided_only,repeat_02__fold_03,repeat_05__fold_05,0.9999999999999999,1.0,5
XGBoost,provided_only,repeat_02__fold_03,repeat_06__fold_01,0.9999999999999999,1.0,5
XGBoost,provided_only,repeat_02__fold_03,repeat_06__fold_02,0.9999999999999999,1.0,5
XGBoost,provided_only,repeat_02__fold_03,repeat_06__fold_03,0.8999999999999998,1.0,5
XGBoost,provided_only,repeat_02__fold_03,repeat_06__fold_04,0.7999999999999999,1.0,5
XGBoost,provided_only,repeat_02__fold_03,repeat_06__fold_05,0.9999999999999999,1.0,5
XGBoost,provided_only,repeat_02__fold_03,repeat_07__fold_01,0.9999999999999999,1.0,5
XGBoost,provided_only,repeat_02__fold_03,repeat_07__fold_02,0.9999999999999999,1.0,5
XGBoost,provided_only,repeat_02__fold_03,repeat_07__fold_03,0.8999999999999998,1.0,5
XGBoost,provided_only,repeat_02__fold_03,repeat_07__fold_04,0.8999999999999998,1.0,5
XGBoost,provided_only,repeat_02__fold_03,repeat_07__fold_05,0.9999999999999999,1.0,5
XGBoost,provided_only,repeat_02__fold_03,repeat_08__fold_01,0.9999999999999999,1.0,5
XGBoost,provided_only,repeat_02__fold_03,repeat_08__fold_02,0.8999999999999998,1.0,5
XGBoost,provided_only,repeat_02__fold_03,repeat_08__fold_03,0.9999999999999999,1.0,5
XGBoost,provided_only,repeat_02__fold_03,repeat_08__fold_04,0.9999999999999999,1.0,5
XGBoost,provided_only,repeat_02__fold_03,repeat_08__fold_05,0.9999999999999999,1.0,5
XGBoost,provided_only,repeat_02__fold_03,repeat_09__fold_01,0.8999999999999998,1.0,5
XGBoost,provided_only,repeat_02__fold_03,repeat_09__fold_02,0.9999999999999999,1.0,5
XGBoost,provided_only,repeat_02__fold_03,repeat_09__fold_03,0.8999999999999998,1.0,5
XGBoost,provided_only,repeat_02__fold_03,repeat_09__fold_04,0.9999999999999999,1.0,5
XGBoost,provided_only,repeat_02__fold_03,repeat_09__fold_05,0.9999999999999999,1.0,5
XGBoost,provided_only,repeat_02__fold_03,repeat_10__fold_01,0.9999999999999999,1.0,5
XGBoost,provided_only,repeat_02__fold_03,repeat_10__fold_02,0.9999999999999999,1.0,5
XGBoost,provided_only,repeat_02__fold_03,repeat_10__fold_03,0.9999999999999999,1.0,5
XGBoost,provided_only,repeat_02__fold_03,repeat_10__fold_04,0.9999999999999999,1.0,5
XGBoost,provided_only,repeat_02__fold_03,repeat_10__fold_05,0.9999999999999999,1.0,5
XGBoost,provided_only,repeat_02__fold_04,repeat_02__fold_05,0.9999999999999999,1.0,5
XGBoost,provided_only,repeat_02__fold_04,repeat_03__fold_01,0.9999999999999999,1.0,5
XGBoost,provided_only,repeat_02__fold_04,repeat_03__fold_02,0.9999999999999999,1.0,5
XGBoost,provided_only,repeat_02__fold_04,repeat_03__fold_03,0.8999999999999998,1.0,5
XGBoost,provided_only,repeat_02__fold_04,repeat_03__fold_04,0.9999999999999999,1.0,5
XGBoost,provided_only,repeat_02__fold_04,repeat_03__fold_05,0.9999999999999999,1.0,5
XGBoost,provided_only,repeat_02__fold_04,repeat_04__fold_01,0.9999999999999999,1.0,5
XGBoost,provided_only,repeat_02__fold_04,repeat_04__fold_02,0.9999999999999999,1.0,5
XGBoost,provided_only,repeat_02__fold_04,repeat_04__fold_03,0.9999999999999999,1.0,5
XGBoost,provided_only,repeat_02__fold_04,repeat_04__fold_04,0.8999999999999998,1.0,5
XGBoost,provided_only,repeat_02__fold_04,repeat_04__fold_05,0.9999999999999999,1.0,5
XGBoost,provided_only,repeat_02__fold_04,repeat_05__fold_01,0.9999999999999999,1.0,5
XGBoost,provided_only,repeat_02__fold_04,repeat_05__fold_02,0.8999999999999998,1.0,5
XGBoost,provided_only,repeat_02__fold_04,repeat_05__fold_03,0.8999999999999998,1.0,5
XGBoost,provided_only,repeat_02__fold_04,repeat_05__fold_04,0.9999999999999999,1.0,5
XGBoost,provided_only,repeat_02__fold_04,repeat_05__fold_05,0.9999999999999999,1.0,5
XGBoost,provided_only,repeat_02__fold_04,repeat_06__fold_01,0.9999999999999999,1.0,5
XGBoost,provided_only,repeat_02__fold_04,repeat_06__fold_02,0.9999999999999999,1.0,5
XGBoost,provided_only,repeat_02__fold_04,repeat_06__fold_03,0.8999999999999998,1.0,5
XGBoost,provided_only,repeat_02__fold_04,repeat_06__fold_04,0.7999999999999999,1.0,5
XGBoost,provided_only,repeat_02__fold_04,repeat_06__fold_05,0.9999999999999999,1.0,5
XGBoost,provided_only,repeat_02__fold_04,repeat_07__fold_01,0.9999999999999999,1.0,5
XGBoost,provided_only,repeat_02__fold_04,repeat_07__fold_02,0.9999999999999999,1.0,5
XGBoost,provided_only,repeat_02__fold_04,repeat_07__fold_03,0.8999999999999998,1.0,5
XGBoost,provided_only,repeat_02__fold_04,repeat_07__fold_04,0.8999999999999998,1.0,5
XGBoost,provided_only,repeat_02__fold_04,repeat_07__fold_05,0.9999999999999999,1.0,5
XGBoost,provided_only,repeat_02__fold_04,repeat_08__fold_01,0.9999999999999999,1.0,5
XGBoost,provided_only,repeat_02__fold_04,repeat_08__fold_02,0.8999999999999998,1.0,5
XGBoost,provided_only,repeat_02__fold_04,repeat_08__fold_03,0.9999999999999999,1.0,5
XGBoost,provided_only,repeat_02__fold_04,repeat_08__fold_04,0.9999999999999999,1.0,5
XGBoost,provided_only,repeat_02__fold_04,repeat_08__fold_05,0.9999999999999999,1.0,5
XGBoost,provided_only,repeat_02__fold_04,repeat_09__fold_01,0.8999999999999998,1.0,5
XGBoost,provided_only,repeat_02__fold_04,repeat_09__fold_02,0.9999999999999999,1.0,5
XGBoost,provided_only,repeat_02__fold_04,repeat_09__fold_03,0.8999999999999998,1.0,5
XGBoost,provided_only,repeat_02__fold_04,repeat_09__fold_04,0.9999999999999999,1.0,5
XGBoost,provided_only,repeat_02__fold_04,repeat_09__fold_05,0.9999999999999999,1.0,5
XGBoost,provided_only,repeat_02__fold_04,repeat_10__fold_01,0.9999999999999999,1.0,5
XGBoost,provided_only,repeat_02__fold_04,repeat_10__fold_02,0.9999999999999999,1.0,5
XGBoost,provided_only,repeat_02__fold_04,repeat_10__fold_03,0.9999999999999999,1.0,5
XGBoost,provided_only,repeat_02__fold_04,repeat_10__fold_04,0.9999999999999999,1.0,5
XGBoost,provided_only,repeat_02__fold_04,repeat_10__fold_05,0.9999999999999999,1.0,5
XGBoost,provided_only,repeat_02__fold_05,repeat_03__fold_01,0.9999999999999999,1.0,5
XGBoost,provided_only,repeat_02__fold_05,repeat_03__fold_02,0.9999999999999999,1.0,5
XGBoost,provided_only,repeat_02__fold_05,repeat_03__fold_03,0.8999999999999998,1.0,5
XGBoost,provided_only,repeat_02__fold_05,repeat_03__fold_04,0.9999999999999999,1.0,5
XGBoost,provided_only,repeat_02__fold_05,repeat_03__fold_05,0.9999999999999999,1.0,5
XGBoost,provided_only,repeat_02__fold_05,repeat_04__fold_01,0.9999999999999999,1.0,5
XGBoost,provided_only,repeat_02__fold_05,repeat_04__fold_02,0.9999999999999999,1.0,5
XGBoost,provided_only,repeat_02__fold_05,repeat_04__fold_03,0.9999999999999999,1.0,5
XGBoost,provided_only,repeat_02__fold_05,repeat_04__fold_04,0.8999999999999998,1.0,5
XGBoost,provided_only,repeat_02__fold_05,repeat_04__fold_05,0.9999999999999999,1.0,5
XGBoost,provided_only,repeat_02__fold_05,repeat_05__fold_01,0.9999999999999999,1.0,5
XGBoost,provided_only,repeat_02__fold_05,repeat_05__fold_02,0.8999999999999998,1.0,5
XGBoost,provided_only,repeat_02__fold_05,repeat_05__fold_03,0.8999999999999998,1.0,5
XGBoost,provided_only,repeat_02__fold_05,repeat_05__fold_04,0.9999999999999999,1.0,5
XGBoost,provided_only,repeat_02__fold_05,repeat_05__fold_05,0.9999999999999999,1.0,5
XGBoost,provided_only,repeat_02__fold_05,repeat_06__fold_01,0.9999999999999999,1.0,5
XGBoost,provided_only,repeat_02__fold_05,repeat_06__fold_02,0.9999999999999999,1.0,5
XGBoost,provided_only,repeat_02__fold_05,repeat_06__fold_03,0.8999999999999998,1.0,5
XGBoost,provided_only,repeat_02__fold_05,repeat_06__fold_04,0.7999999999999999,1.0,5
XGBoost,provided_only,repeat_02__fold_05,repeat_06__fold_05,0.9999999999999999,1.0,5
XGBoost,provided_only,repeat_02__fold_05,repeat_07__fold_01,0.9999999999999999,1.0,5
XGBoost,provided_only,repeat_02__fold_05,repeat_07__fold_02,0.9999999999999999,1.0,5
XGBoost,provided_only,repeat_02__fold_05,repeat_07__fold_03,0.8999999999999998,1.0,5
XGBoost,provided_only,repeat_02__fold_05,repeat_07__fold_04,0.8999999999999998,1.0,5
XGBoost,provided_only,repeat_02__fold_05,repeat_07__fold_05,0.9999999999999999,1.0,5
XGBoost,provided_only,repeat_02__fold_05,repeat_08__fold_01,0.9999999999999999,1.0,5
XGBoost,provided_only,repeat_02__fold_05,repeat_08__fold_02,0.8999999999999998,1.0,5
XGBoost,provided_only,repeat_02__fold_05,repeat_08__fold_03,0.9999999999999999,1.0,5
XGBoost,provided_only,repeat_02__fold_05,repeat_08__fold_04,0.9999999999999999,1.0,5
XGBoost,provided_only,repeat_02__fold_05,repeat_08__fold_05,0.9999999999999999,1.0,5
XGBoost,provided_only,repeat_02__fold_05,repeat_09__fold_01,0.8999999999999998,1.0,5
XGBoost,provided_only,repeat_02__fold_05,repeat_09__fold_02,0.9999999999999999,1.0,5
XGBoost,provided_only,repeat_02__fold_05,repeat_09__fold_03,0.8999999999999998,1.0,5
XGBoost,provided_only,repeat_02__fold_05,repeat_09__fold_04,0.9999999999999999,1.0,5
XGBoost,provided_only,repeat_02__fold_05,repeat_09__fold_05,0.9999999999999999,1.0,5
XGBoost,provided_only,repeat_02__fold_05,repeat_10__fold_01,0.9999999999999999,1.0,5
XGBoost,provided_only,repeat_02__fold_05,repeat_10__fold_02,0.9999999999999999,1.0,5
XGBoost,provided_only,repeat_02__fold_05,repeat_10__fold_03,0.9999999999999999,1.0,5
XGBoost,provided_only,repeat_02__fold_05,repeat_10__fold_04,0.9999999999999999,1.0,5
XGBoost,provided_only,repeat_02__fold_05,repeat_10__fold_05,0.9999999999999999,1.0,5
XGBoost,provided_only,repeat_03__fold_01,repeat_03__fold_02,0.9999999999999999,1.0,5
XGBoost,provided_only,repeat_03__fold_01,repeat_03__fold_03,0.8999999999999998,1.0,5
XGBoost,provided_only,repeat_03__fold_01,repeat_03__fold_04,0.9999999999999999,1.0,5
XGBoost,provided_only,repeat_03__fold_01,repeat_03__fold_05,0.9999999999999999,1.0,5
XGBoost,provided_only,repeat_03__fold_01,repeat_04__fold_01,0.9999999999999999,1.0,5
XGBoost,provided_only,repeat_03__fold_01,repeat_04__fold_02,0.9999999999999999,1.0,5
XGBoost,provided_only,repeat_03__fold_01,repeat_04__fold_03,0.9999999999999999,1.0,5
XGBoost,provided_only,repeat_03__fold_01,repeat_04__fold_04,0.8999999999999998,1.0,5
XGBoost,provided_only,repeat_03__fold_01,repeat_04__fold_05,0.9999999999999999,1.0,5
XGBoost,provided_only,repeat_03__fold_01,repeat_05__fold_01,0.9999999999999999,1.0,5
XGBoost,provided_only,repeat_03__fold_01,repeat_05__fold_02,0.8999999999999998,1.0,5
XGBoost,provided_only,repeat_03__fold_01,repeat_05__fold_03,0.8999999999999998,1.0,5
XGBoost,provided_only,repeat_03__fold_01,repeat_05__fold_04,0.9999999999999999,1.0,5
XGBoost,provided_only,repeat_03__fold_01,repeat_05__fold_05,0.9999999999999999,1.0,5
XGBoost,provided_only,repeat_03__fold_01,repeat_06__fold_01,0.9999999999999999,1.0,5
XGBoost,provided_only,repeat_03__fold_01,repeat_06__fold_02,0.9999999999999999,1.0,5
XGBoost,provided_only,repeat_03__fold_01,repeat_06__fold_03,0.8999999999999998,1.0,5
XGBoost,provided_only,repeat_03__fold_01,repeat_06__fold_04,0.7999999999999999,1.0,5
XGBoost,provided_only,repeat_03__fold_01,repeat_06__fold_05,0.9999999999999999,1.0,5
XGBoost,provided_only,repeat_03__fold_01,repeat_07__fold_01,0.9999999999999999,1.0,5
XGBoost,provided_only,repeat_03__fold_01,repeat_07__fold_02,0.9999999999999999,1.0,5
XGBoost,provided_only,repeat_03__fold_01,repeat_07__fold_03,0.8999999999999998,1.0,5
XGBoost,provided_only,repeat_03__fold_01,repeat_07__fold_04,0.8999999999999998,1.0,5
XGBoost,provided_only,repeat_03__fold_01,repeat_07__fold_05,0.9999999999999999,1.0,5
XGBoost,provided_only,repeat_03__fold_01,repeat_08__fold_01,0.9999999999999999,1.0,5
XGBoost,provided_only,repeat_03__fold_01,repeat_08__fold_02,0.8999999999999998,1.0,5
XGBoost,provided_only,repeat_03__fold_01,repeat_08__fold_03,0.9999999999999999,1.0,5
XGBoost,provided_only,repeat_03__fold_01,repeat_08__fold_04,0.9999999999999999,1.0,5
XGBoost,provided_only,repeat_03__fold_01,repeat_08__fold_05,0.9999999999999999,1.0,5
XGBoost,provided_only,repeat_03__fold_01,repeat_09__fold_01,0.8999999999999998,1.0,5
XGBoost,provided_only,repeat_03__fold_01,repeat_09__fold_02,0.9999999999999999,1.0,5
XGBoost,provided_only,repeat_03__fold_01,repeat_09__fold_03,0.8999999999999998,1.0,5
XGBoost,provided_only,repeat_03__fold_01,repeat_09__fold_04,0.9999999999999999,1.0,5
XGBoost,provided_only,repeat_03__fold_01,repeat_09__fold_05,0.9999999999999999,1.0,5
XGBoost,provided_only,repeat_03__fold_01,repeat_10__fold_01,0.9999999999999999,1.0,5
XGBoost,provided_only,repeat_03__fold_01,repeat_10__fold_02,0.9999999999999999,1.0,5
XGBoost,provided_only,repeat_03__fold_01,repeat_10__fold_03,0.9999999999999999,1.0,5
XGBoost,provided_only,repeat_03__fold_01,repeat_10__fold_04,0.9999999999999999,1.0,5
XGBoost,provided_only,repeat_03__fold_01,repeat_10__fold_05,0.9999999999999999,1.0,5
XGBoost,provided_only,repeat_03__fold_02,repeat_03__fold_03,0.8999999999999998,1.0,5
XGBoost,provided_only,repeat_03__fold_02,repeat_03__fold_04,0.9999999999999999,1.0,5
XGBoost,provided_only,repeat_03__fold_02,repeat_03__fold_05,0.9999999999999999,1.0,5
XGBoost,provided_only,repeat_03__fold_02,repeat_04__fold_01,0.9999999999999999,1.0,5
XGBoost,provided_only,repeat_03__fold_02,repeat_04__fold_02,0.9999999999999999,1.0,5
XGBoost,provided_only,repeat_03__fold_02,repeat_04__fold_03,0.9999999999999999,1.0,5
XGBoost,provided_only,repeat_03__fold_02,repeat_04__fold_04,0.8999999999999998,1.0,5
XGBoost,provided_only,repeat_03__fold_02,repeat_04__fold_05,0.9999999999999999,1.0,5
XGBoost,provided_only,repeat_03__fold_02,repeat_05__fold_01,0.9999999999999999,1.0,5
XGBoost,provided_only,repeat_03__fold_02,repeat_05__fold_02,0.8999999999999998,1.0,5
XGBoost,provided_only,repeat_03__fold_02,repeat_05__fold_03,0.8999999999999998,1.0,5
XGBoost,provided_only,repeat_03__fold_02,repeat_05__fold_04,0.9999999999999999,1.0,5
XGBoost,provided_only,repeat_03__fold_02,repeat_05__fold_05,0.9999999999999999,1.0,5
XGBoost,provided_only,repeat_03__fold_02,repeat_06__fold_01,0.9999999999999999,1.0,5
XGBoost,provided_only,repeat_03__fold_02,repeat_06__fold_02,0.9999999999999999,1.0,5
XGBoost,provided_only,repeat_03__fold_02,repeat_06__fold_03,0.8999999999999998,1.0,5
XGBoost,provided_only,repeat_03__fold_02,repeat_06__fold_04,0.7999999999999999,1.0,5
XGBoost,provided_only,repeat_03__fold_02,repeat_06__fold_05,0.9999999999999999,1.0,5
XGBoost,provided_only,repeat_03__fold_02,repeat_07__fold_01,0.9999999999999999,1.0,5
XGBoost,provided_only,repeat_03__fold_02,repeat_07__fold_02,0.9999999999999999,1.0,5
XGBoost,provided_only,repeat_03__fold_02,repeat_07__fold_03,0.8999999999999998,1.0,5
XGBoost,provided_only,repeat_03__fold_02,repeat_07__fold_04,0.8999999999999998,1.0,5
XGBoost,provided_only,repeat_03__fold_02,repeat_07__fold_05,0.9999999999999999,1.0,5
XGBoost,provided_only,repeat_03__fold_02,repeat_08__fold_01,0.9999999999999999,1.0,5
XGBoost,provided_only,repeat_03__fold_02,repeat_08__fold_02,0.8999999999999998,1.0,5
XGBoost,provided_only,repeat_03__fold_02,repeat_08__fold_03,0.9999999999999999,1.0,5
XGBoost,provided_only,repeat_03__fold_02,repeat_08__fold_04,0.9999999999999999,1.0,5
XGBoost,provided_only,repeat_03__fold_02,repeat_08__fold_05,0.9999999999999999,1.0,5
XGBoost,provided_only,repeat_03__fold_02,repeat_09__fold_01,0.8999999999999998,1.0,5
XGBoost,provided_only,repeat_03__fold_02,repeat_09__fold_02,0.9999999999999999,1.0,5
XGBoost,provided_only,repeat_03__fold_02,repeat_09__fold_03,0.8999999999999998,1.0,5
XGBoost,provided_only,repeat_03__fold_02,repeat_09__fold_04,0.9999999999999999,1.0,5
XGBoost,provided_only,repeat_03__fold_02,repeat_09__fold_05,0.9999999999999999,1.0,5
XGBoost,provided_only,repeat_03__fold_02,repeat_10__fold_01,0.9999999999999999,1.0,5
XGBoost,provided_only,repeat_03__fold_02,repeat_10__fold_02,0.9999999999999999,1.0,5
XGBoost,provided_only,repeat_03__fold_02,repeat_10__fold_03,0.9999999999999999,1.0,5
XGBoost,provided_only,repeat_03__fold_02,repeat_10__fold_04,0.9999999999999999,1.0,5
XGBoost,provided_only,repeat_03__fold_02,repeat_10__fold_05,0.9999999999999999,1.0,5
XGBoost,provided_only,repeat_03__fold_03,repeat_03__fold_04,0.8999999999999998,1.0,5
XGBoost,provided_only,repeat_03__fold_03,repeat_03__fold_05,0.8999999999999998,1.0,5
XGBoost,provided_only,repeat_03__fold_03,repeat_04__fold_01,0.8999999999999998,1.0,5
XGBoost,provided_only,repeat_03__fold_03,repeat_04__fold_02,0.8999999999999998,1.0,5
XGBoost,provided_only,repeat_03__fold_03,repeat_04__fold_03,0.8999999999999998,1.0,5
XGBoost,provided_only,repeat_03__fold_03,repeat_04__fold_04,0.7999999999999999,1.0,5
XGBoost,provided_only,repeat_03__fold_03,repeat_04__fold_05,0.8999999999999998,1.0,5
XGBoost,provided_only,repeat_03__fold_03,repeat_05__fold_01,0.8999999999999998,1.0,5
XGBoost,provided_only,repeat_03__fold_03,repeat_05__fold_02,0.7999999999999999,1.0,5
XGBoost,provided_only,repeat_03__fold_03,repeat_05__fold_03,0.7999999999999999,1.0,5
XGBoost,provided_only,repeat_03__fold_03,repeat_05__fold_04,0.8999999999999998,1.0,5
XGBoost,provided_only,repeat_03__fold_03,repeat_05__fold_05,0.8999999999999998,1.0,5
XGBoost,provided_only,repeat_03__fold_03,repeat_06__fold_01,0.8999999999999998,1.0,5
XGBoost,provided_only,repeat_03__fold_03,repeat_06__fold_02,0.8999999999999998,1.0,5
XGBoost,provided_only,repeat_03__fold_03,repeat_06__fold_03,0.7999999999999999,1.0,5
XGBoost,provided_only,repeat_03__fold_03,repeat_06__fold_04,0.8999999999999998,1.0,5
XGBoost,provided_only,repeat_03__fold_03,repeat_06__fold_05,0.8999999999999998,1.0,5
XGBoost,provided_only,repeat_03__fold_03,repeat_07__fold_01,0.8999999999999998,1.0,5
XGBoost,provided_only,repeat_03__fold_03,repeat_07__fold_02,0.8999999999999998,1.0,5
XGBoost,provided_only,repeat_03__fold_03,repeat_07__fold_03,0.7999999999999999,1.0,5
XGBoost,provided_only,repeat_03__fold_03,repeat_07__fold_04,0.7999999999999999,1.0,5
XGBoost,provided_only,repeat_03__fold_03,repeat_07__fold_05,0.8999999999999998,1.0,5
XGBoost,provided_only,repeat_03__fold_03,repeat_08__fold_01,0.8999999999999998,1.0,5
XGBoost,provided_only,repeat_03__fold_03,repeat_08__fold_02,0.7999999999999999,1.0,5
XGBoost,provided_only,repeat_03__fold_03,repeat_08__fold_03,0.8999999999999998,1.0,5
XGBoost,provided_only,repeat_03__fold_03,repeat_08__fold_04,0.8999999999999998,1.0,5
XGBoost,provided_only,repeat_03__fold_03,repeat_08__fold_05,0.8999999999999998,1.0,5
XGBoost,provided_only,repeat_03__fold_03,repeat_09__fold_01,0.7999999999999999,1.0,5
XGBoost,provided_only,repeat_03__fold_03,repeat_09__fold_02,0.8999999999999998,1.0,5
XGBoost,provided_only,repeat_03__fold_03,repeat_09__fold_03,0.7999999999999999,1.0,5
XGBoost,provided_only,repeat_03__fold_03,repeat_09__fold_04,0.8999999999999998,1.0,5
XGBoost,provided_only,repeat_03__fold_03,repeat_09__fold_05,0.8999999999999998,1.0,5
XGBoost,provided_only,repeat_03__fold_03,repeat_10__fold_01,0.8999999999999998,1.0,5
XGBoost,provided_only,repeat_03__fold_03,repeat_10__fold_02,0.8999999999999998,1.0,5
XGBoost,provided_only,repeat_03__fold_03,repeat_10__fold_03,0.8999999999999998,1.0,5
XGBoost,provided_only,repeat_03__fold_03,repeat_10__fold_04,0.8999999999999998,1.0,5
XGBoost,provided_only,repeat_03__fold_03,repeat_10__fold_05,0.8999999999999998,1.0,5
XGBoost,provided_only,repeat_03__fold_04,repeat_03__fold_05,0.9999999999999999,1.0,5
XGBoost,provided_only,repeat_03__fold_04,repeat_04__fold_01,0.9999999999999999,1.0,5
XGBoost,provided_only,repeat_03__fold_04,repeat_04__fold_02,0.9999999999999999,1.0,5
XGBoost,provided_only,repeat_03__fold_04,repeat_04__fold_03,0.9999999999999999,1.0,5
XGBoost,provided_only,repeat_03__fold_04,repeat_04__fold_04,0.8999999999999998,1.0,5
XGBoost,provided_only,repeat_03__fold_04,repeat_04__fold_05,0.9999999999999999,1.0,5
XGBoost,provided_only,repeat_03__fold_04,repeat_05__fold_01,0.9999999999999999,1.0,5
XGBoost,provided_only,repeat_03__fold_04,repeat_05__fold_02,0.8999999999999998,1.0,5
XGBoost,provided_only,repeat_03__fold_04,repeat_05__fold_03,0.8999999999999998,1.0,5
XGBoost,provided_only,repeat_03__fold_04,repeat_05__fold_04,0.9999999999999999,1.0,5
XGBoost,provided_only,repeat_03__fold_04,repeat_05__fold_05,0.9999999999999999,1.0,5
XGBoost,provided_only,repeat_03__fold_04,repeat_06__fold_01,0.9999999999999999,1.0,5
XGBoost,provided_only,repeat_03__fold_04,repeat_06__fold_02,0.9999999999999999,1.0,5
XGBoost,provided_only,repeat_03__fold_04,repeat_06__fold_03,0.8999999999999998,1.0,5
XGBoost,provided_only,repeat_03__fold_04,repeat_06__fold_04,0.7999999999999999,1.0,5
XGBoost,provided_only,repeat_03__fold_04,repeat_06__fold_05,0.9999999999999999,1.0,5
XGBoost,provided_only,repeat_03__fold_04,repeat_07__fold_01,0.9999999999999999,1.0,5
XGBoost,provided_only,repeat_03__fold_04,repeat_07__fold_02,0.9999999999999999,1.0,5
XGBoost,provided_only,repeat_03__fold_04,repeat_07__fold_03,0.8999999999999998,1.0,5
XGBoost,provided_only,repeat_03__fold_04,repeat_07__fold_04,0.8999999999999998,1.0,5
XGBoost,provided_only,repeat_03__fold_04,repeat_07__fold_05,0.9999999999999999,1.0,5
XGBoost,provided_only,repeat_03__fold_04,repeat_08__fold_01,0.9999999999999999,1.0,5
XGBoost,provided_only,repeat_03__fold_04,repeat_08__fold_02,0.8999999999999998,1.0,5
XGBoost,provided_only,repeat_03__fold_04,repeat_08__fold_03,0.9999999999999999,1.0,5
XGBoost,provided_only,repeat_03__fold_04,repeat_08__fold_04,0.9999999999999999,1.0,5
XGBoost,provided_only,repeat_03__fold_04,repeat_08__fold_05,0.9999999999999999,1.0,5
XGBoost,provided_only,repeat_03__fold_04,repeat_09__fold_01,0.8999999999999998,1.0,5
XGBoost,provided_only,repeat_03__fold_04,repeat_09__fold_02,0.9999999999999999,1.0,5
XGBoost,provided_only,repeat_03__fold_04,repeat_09__fold_03,0.8999999999999998,1.0,5
XGBoost,provided_only,repeat_03__fold_04,repeat_09__fold_04,0.9999999999999999,1.0,5
XGBoost,provided_only,repeat_03__fold_04,repeat_09__fold_05,0.9999999999999999,1.0,5
XGBoost,provided_only,repeat_03__fold_04,repeat_10__fold_01,0.9999999999999999,1.0,5
XGBoost,provided_only,repeat_03__fold_04,repeat_10__fold_02,0.9999999999999999,1.0,5
XGBoost,provided_only,repeat_03__fold_04,repeat_10__fold_03,0.9999999999999999,1.0,5
XGBoost,provided_only,repeat_03__fold_04,repeat_10__fold_04,0.9999999999999999,1.0,5
XGBoost,provided_only,repeat_03__fold_04,repeat_10__fold_05,0.9999999999999999,1.0,5
XGBoost,provided_only,repeat_03__fold_05,repeat_04__fold_01,0.9999999999999999,1.0,5
XGBoost,provided_only,repeat_03__fold_05,repeat_04__fold_02,0.9999999999999999,1.0,5
XGBoost,provided_only,repeat_03__fold_05,repeat_04__fold_03,0.9999999999999999,1.0,5
XGBoost,provided_only,repeat_03__fold_05,repeat_04__fold_04,0.8999999999999998,1.0,5
XGBoost,provided_only,repeat_03__fold_05,repeat_04__fold_05,0.9999999999999999,1.0,5
XGBoost,provided_only,repeat_03__fold_05,repeat_05__fold_01,0.9999999999999999,1.0,5
XGBoost,provided_only,repeat_03__fold_05,repeat_05__fold_02,0.8999999999999998,1.0,5
XGBoost,provided_only,repeat_03__fold_05,repeat_05__fold_03,0.8999999999999998,1.0,5
XGBoost,provided_only,repeat_03__fold_05,repeat_05__fold_04,0.9999999999999999,1.0,5
XGBoost,provided_only,repeat_03__fold_05,repeat_05__fold_05,0.9999999999999999,1.0,5
XGBoost,provided_only,repeat_03__fold_05,repeat_06__fold_01,0.9999999999999999,1.0,5
XGBoost,provided_only,repeat_03__fold_05,repeat_06__fold_02,0.9999999999999999,1.0,5
XGBoost,provided_only,repeat_03__fold_05,repeat_06__fold_03,0.8999999999999998,1.0,5
XGBoost,provided_only,repeat_03__fold_05,repeat_06__fold_04,0.7999999999999999,1.0,5
XGBoost,provided_only,repeat_03__fold_05,repeat_06__fold_05,0.9999999999999999,1.0,5
XGBoost,provided_only,repeat_03__fold_05,repeat_07__fold_01,0.9999999999999999,1.0,5
XGBoost,provided_only,repeat_03__fold_05,repeat_07__fold_02,0.9999999999999999,1.0,5
XGBoost,provided_only,repeat_03__fold_05,repeat_07__fold_03,0.8999999999999998,1.0,5
XGBoost,provided_only,repeat_03__fold_05,repeat_07__fold_04,0.8999999999999998,1.0,5
XGBoost,provided_only,repeat_03__fold_05,repeat_07__fold_05,0.9999999999999999,1.0,5
XGBoost,provided_only,repeat_03__fold_05,repeat_08__fold_01,0.9999999999999999,1.0,5
XGBoost,provided_only,repeat_03__fold_05,repeat_08__fold_02,0.8999999999999998,1.0,5
XGBoost,provided_only,repeat_03__fold_05,repeat_08__fold_03,0.9999999999999999,1.0,5
XGBoost,provided_only,repeat_03__fold_05,repeat_08__fold_04,0.9999999999999999,1.0,5
XGBoost,provided_only,repeat_03__fold_05,repeat_08__fold_05,0.9999999999999999,1.0,5
XGBoost,provided_only,repeat_03__fold_05,repeat_09__fold_01,0.8999999999999998,1.0,5
XGBoost,provided_only,repeat_03__fold_05,repeat_09__fold_02,0.9999999999999999,1.0,5
XGBoost,provided_only,repeat_03__fold_05,repeat_09__fold_03,0.8999999999999998,1.0,5
XGBoost,provided_only,repeat_03__fold_05,repeat_09__fold_04,0.9999999999999999,1.0,5
XGBoost,provided_only,repeat_03__fold_05,repeat_09__fold_05,0.9999999999999999,1.0,5
XGBoost,provided_only,repeat_03__fold_05,repeat_10__fold_01,0.9999999999999999,1.0,5
XGBoost,provided_only,repeat_03__fold_05,repeat_10__fold_02,0.9999999999999999,1.0,5
XGBoost,provided_only,repeat_03__fold_05,repeat_10__fold_03,0.9999999999999999,1.0,5
XGBoost,provided_only,repeat_03__fold_05,repeat_10__fold_04,0.9999999999999999,1.0,5
XGBoost,provided_only,repeat_03__fold_05,repeat_10__fold_05,0.9999999999999999,1.0,5
XGBoost,provided_only,repeat_04__fold_01,repeat_04__fold_02,0.9999999999999999,1.0,5
XGBoost,provided_only,repeat_04__fold_01,repeat_04__fold_03,0.9999999999999999,1.0,5
XGBoost,provided_only,repeat_04__fold_01,repeat_04__fold_04,0.8999999999999998,1.0,5
XGBoost,provided_only,repeat_04__fold_01,repeat_04__fold_05,0.9999999999999999,1.0,5
XGBoost,provided_only,repeat_04__fold_01,repeat_05__fold_01,0.9999999999999999,1.0,5
XGBoost,provided_only,repeat_04__fold_01,repeat_05__fold_02,0.8999999999999998,1.0,5
XGBoost,provided_only,repeat_04__fold_01,repeat_05__fold_03,0.8999999999999998,1.0,5
XGBoost,provided_only,repeat_04__fold_01,repeat_05__fold_04,0.9999999999999999,1.0,5
XGBoost,provided_only,repeat_04__fold_01,repeat_05__fold_05,0.9999999999999999,1.0,5
XGBoost,provided_only,repeat_04__fold_01,repeat_06__fold_01,0.9999999999999999,1.0,5
XGBoost,provided_only,repeat_04__fold_01,repeat_06__fold_02,0.9999999999999999,1.0,5
XGBoost,provided_only,repeat_04__fold_01,repeat_06__fold_03,0.8999999999999998,1.0,5
XGBoost,provided_only,repeat_04__fold_01,repeat_06__fold_04,0.7999999999999999,1.0,5
XGBoost,provided_only,repeat_04__fold_01,repeat_06__fold_05,0.9999999999999999,1.0,5
XGBoost,provided_only,repeat_04__fold_01,repeat_07__fold_01,0.9999999999999999,1.0,5
XGBoost,provided_only,repeat_04__fold_01,repeat_07__fold_02,0.9999999999999999,1.0,5
XGBoost,provided_only,repeat_04__fold_01,repeat_07__fold_03,0.8999999999999998,1.0,5
XGBoost,provided_only,repeat_04__fold_01,repeat_07__fold_04,0.8999999999999998,1.0,5
XGBoost,provided_only,repeat_04__fold_01,repeat_07__fold_05,0.9999999999999999,1.0,5
XGBoost,provided_only,repeat_04__fold_01,repeat_08__fold_01,0.9999999999999999,1.0,5
XGBoost,provided_only,repeat_04__fold_01,repeat_08__fold_02,0.8999999999999998,1.0,5
XGBoost,provided_only,repeat_04__fold_01,repeat_08__fold_03,0.9999999999999999,1.0,5
XGBoost,provided_only,repeat_04__fold_01,repeat_08__fold_04,0.9999999999999999,1.0,5
XGBoost,provided_only,repeat_04__fold_01,repeat_08__fold_05,0.9999999999999999,1.0,5
XGBoost,provided_only,repeat_04__fold_01,repeat_09__fold_01,0.8999999999999998,1.0,5
XGBoost,provided_only,repeat_04__fold_01,repeat_09__fold_02,0.9999999999999999,1.0,5
XGBoost,provided_only,repeat_04__fold_01,repeat_09__fold_03,0.8999999999999998,1.0,5
XGBoost,provided_only,repeat_04__fold_01,repeat_09__fold_04,0.9999999999999999,1.0,5
XGBoost,provided_only,repeat_04__fold_01,repeat_09__fold_05,0.9999999999999999,1.0,5
XGBoost,provided_only,repeat_04__fold_01,repeat_10__fold_01,0.9999999999999999,1.0,5
XGBoost,provided_only,repeat_04__fold_01,repeat_10__fold_02,0.9999999999999999,1.0,5
XGBoost,provided_only,repeat_04__fold_01,repeat_10__fold_03,0.9999999999999999,1.0,5
XGBoost,provided_only,repeat_04__fold_01,repeat_10__fold_04,0.9999999999999999,1.0,5
XGBoost,provided_only,repeat_04__fold_01,repeat_10__fold_05,0.9999999999999999,1.0,5
XGBoost,provided_only,repeat_04__fold_02,repeat_04__fold_03,0.9999999999999999,1.0,5
XGBoost,provided_only,repeat_04__fold_02,repeat_04__fold_04,0.8999999999999998,1.0,5
XGBoost,provided_only,repeat_04__fold_02,repeat_04__fold_05,0.9999999999999999,1.0,5
XGBoost,provided_only,repeat_04__fold_02,repeat_05__fold_01,0.9999999999999999,1.0,5
XGBoost,provided_only,repeat_04__fold_02,repeat_05__fold_02,0.8999999999999998,1.0,5
XGBoost,provided_only,repeat_04__fold_02,repeat_05__fold_03,0.8999999999999998,1.0,5
XGBoost,provided_only,repeat_04__fold_02,repeat_05__fold_04,0.9999999999999999,1.0,5
XGBoost,provided_only,repeat_04__fold_02,repeat_05__fold_05,0.9999999999999999,1.0,5
XGBoost,provided_only,repeat_04__fold_02,repeat_06__fold_01,0.9999999999999999,1.0,5
XGBoost,provided_only,repeat_04__fold_02,repeat_06__fold_02,0.9999999999999999,1.0,5
XGBoost,provided_only,repeat_04__fold_02,repeat_06__fold_03,0.8999999999999998,1.0,5
XGBoost,provided_only,repeat_04__fold_02,repeat_06__fold_04,0.7999999999999999,1.0,5
XGBoost,provided_only,repeat_04__fold_02,repeat_06__fold_05,0.9999999999999999,1.0,5
XGBoost,provided_only,repeat_04__fold_02,repeat_07__fold_01,0.9999999999999999,1.0,5
XGBoost,provided_only,repeat_04__fold_02,repeat_07__fold_02,0.9999999999999999,1.0,5
XGBoost,provided_only,repeat_04__fold_02,repeat_07__fold_03,0.8999999999999998,1.0,5
XGBoost,provided_only,repeat_04__fold_02,repeat_07__fold_04,0.8999999999999998,1.0,5
XGBoost,provided_only,repeat_04__fold_02,repeat_07__fold_05,0.9999999999999999,1.0,5
XGBoost,provided_only,repeat_04__fold_02,repeat_08__fold_01,0.9999999999999999,1.0,5
XGBoost,provided_only,repeat_04__fold_02,repeat_08__fold_02,0.8999999999999998,1.0,5
XGBoost,provided_only,repeat_04__fold_02,repeat_08__fold_03,0.9999999999999999,1.0,5
XGBoost,provided_only,repeat_04__fold_02,repeat_08__fold_04,0.9999999999999999,1.0,5
XGBoost,provided_only,repeat_04__fold_02,repeat_08__fold_05,0.9999999999999999,1.0,5
XGBoost,provided_only,repeat_04__fold_02,repeat_09__fold_01,0.8999999999999998,1.0,5
XGBoost,provided_only,repeat_04__fold_02,repeat_09__fold_02,0.9999999999999999,1.0,5
XGBoost,provided_only,repeat_04__fold_02,repeat_09__fold_03,0.8999999999999998,1.0,5
XGBoost,provided_only,repeat_04__fold_02,repeat_09__fold_04,0.9999999999999999,1.0,5
XGBoost,provided_only,repeat_04__fold_02,repeat_09__fold_05,0.9999999999999999,1.0,5
XGBoost,provided_only,repeat_04__fold_02,repeat_10__fold_01,0.9999999999999999,1.0,5
XGBoost,provided_only,repeat_04__fold_02,repeat_10__fold_02,0.9999999999999999,1.0,5
XGBoost,provided_only,repeat_04__fold_02,repeat_10__fold_03,0.9999999999999999,1.0,5
XGBoost,provided_only,repeat_04__fold_02,repeat_10__fold_04,0.9999999999999999,1.0,5
XGBoost,provided_only,repeat_04__fold_02,repeat_10__fold_05,0.9999999999999999,1.0,5
XGBoost,provided_only,repeat_04__fold_03,repeat_04__fold_04,0.8999999999999998,1.0,5
XGBoost,provided_only,repeat_04__fold_03,repeat_04__fold_05,0.9999999999999999,1.0,5
XGBoost,provided_only,repeat_04__fold_03,repeat_05__fold_01,0.9999999999999999,1.0,5
XGBoost,provided_only,repeat_04__fold_03,repeat_05__fold_02,0.8999999999999998,1.0,5
XGBoost,provided_only,repeat_04__fold_03,repeat_05__fold_03,0.8999999999999998,1.0,5
XGBoost,provided_only,repeat_04__fold_03,repeat_05__fold_04,0.9999999999999999,1.0,5
XGBoost,provided_only,repeat_04__fold_03,repeat_05__fold_05,0.9999999999999999,1.0,5
XGBoost,provided_only,repeat_04__fold_03,repeat_06__fold_01,0.9999999999999999,1.0,5
XGBoost,provided_only,repeat_04__fold_03,repeat_06__fold_02,0.9999999999999999,1.0,5
XGBoost,provided_only,repeat_04__fold_03,repeat_06__fold_03,0.8999999999999998,1.0,5
XGBoost,provided_only,repeat_04__fold_03,repeat_06__fold_04,0.7999999999999999,1.0,5
XGBoost,provided_only,repeat_04__fold_03,repeat_06__fold_05,0.9999999999999999,1.0,5
XGBoost,provided_only,repeat_04__fold_03,repeat_07__fold_01,0.9999999999999999,1.0,5
XGBoost,provided_only,repeat_04__fold_03,repeat_07__fold_02,0.9999999999999999,1.0,5
XGBoost,provided_only,repeat_04__fold_03,repeat_07__fold_03,0.8999999999999998,1.0,5
XGBoost,provided_only,repeat_04__fold_03,repeat_07__fold_04,0.8999999999999998,1.0,5
XGBoost,provided_only,repeat_04__fold_03,repeat_07__fold_05,0.9999999999999999,1.0,5
XGBoost,provided_only,repeat_04__fold_03,repeat_08__fold_01,0.9999999999999999,1.0,5
XGBoost,provided_only,repeat_04__fold_03,repeat_08__fold_02,0.8999999999999998,1.0,5
XGBoost,provided_only,repeat_04__fold_03,repeat_08__fold_03,0.9999999999999999,1.0,5
XGBoost,provided_only,repeat_04__fold_03,repeat_08__fold_04,0.9999999999999999,1.0,5
XGBoost,provided_only,repeat_04__fold_03,repeat_08__fold_05,0.9999999999999999,1.0,5
XGBoost,provided_only,repeat_04__fold_03,repeat_09__fold_01,0.8999999999999998,1.0,5
XGBoost,provided_only,repeat_04__fold_03,repeat_09__fold_02,0.9999999999999999,1.0,5
XGBoost,provided_only,repeat_04__fold_03,repeat_09__fold_03,0.8999999999999998,1.0,5
XGBoost,provided_only,repeat_04__fold_03,repeat_09__fold_04,0.9999999999999999,1.0,5
XGBoost,provided_only,repeat_04__fold_03,repeat_09__fold_05,0.9999999999999999,1.0,5
XGBoost,provided_only,repeat_04__fold_03,repeat_10__fold_01,0.9999999999999999,1.0,5
XGBoost,provided_only,repeat_04__fold_03,repeat_10__fold_02,0.9999999999999999,1.0,5
XGBoost,provided_only,repeat_04__fold_03,repeat_10__fold_03,0.9999999999999999,1.0,5
XGBoost,provided_only,repeat_04__fold_03,repeat_10__fold_04,0.9999999999999999,1.0,5
XGBoost,provided_only,repeat_04__fold_03,repeat_10__fold_05,0.9999999999999999,1.0,5
XGBoost,provided_only,repeat_04__fold_04,repeat_04__fold_05,0.8999999999999998,1.0,5
XGBoost,provided_only,repeat_04__fold_04,repeat_05__fold_01,0.8999999999999998,1.0,5
XGBoost,provided_only,repeat_04__fold_04,repeat_05__fold_02,0.9999999999999999,1.0,5
XGBoost,provided_only,repeat_04__fold_04,repeat_05__fold_03,0.9999999999999999,1.0,5
XGBoost,provided_only,repeat_04__fold_04,repeat_05__fold_04,0.8999999999999998,1.0,5
XGBoost,provided_only,repeat_04__fold_04,repeat_05__fold_05,0.8999999999999998,1.0,5
XGBoost,provided_only,repeat_04__fold_04,repeat_06__fold_01,0.8999999999999998,1.0,5
XGBoost,provided_only,repeat_04__fold_04,repeat_06__fold_02,0.8999999999999998,1.0,5
XGBoost,provided_only,repeat_04__fold_04,repeat_06__fold_03,0.9999999999999999,1.0,5
XGBoost,provided_only,repeat_04__fold_04,repeat_06__fold_04,0.8999999999999998,1.0,5
XGBoost,provided_only,repeat_04__fold_04,repeat_06__fold_05,0.8999999999999998,1.0,5
XGBoost,provided_only,repeat_04__fold_04,repeat_07__fold_01,0.8999999999999998,1.0,5
XGBoost,provided_only,repeat_04__fold_04,repeat_07__fold_02,0.8999999999999998,1.0,5
XGBoost,provided_only,repeat_04__fold_04,repeat_07__fold_03,0.9999999999999999,1.0,5
XGBoost,provided_only,repeat_04__fold_04,repeat_07__fold_04,0.9999999999999999,1.0,5
XGBoost,provided_only,repeat_04__fold_04,repeat_07__fold_05,0.8999999999999998,1.0,5
XGBoost,provided_only,repeat_04__fold_04,repeat_08__fold_01,0.8999999999999998,1.0,5
XGBoost,provided_only,repeat_04__fold_04,repeat_08__fold_02,0.9999999999999999,1.0,5
XGBoost,provided_only,repeat_04__fold_04,repeat_08__fold_03,0.8999999999999998,1.0,5
XGBoost,provided_only,repeat_04__fold_04,repeat_08__fold_04,0.8999999999999998,1.0,5
XGBoost,provided_only,repeat_04__fold_04,repeat_08__fold_05,0.8999999999999998,1.0,5
XGBoost,provided_only,repeat_04__fold_04,repeat_09__fold_01,0.9999999999999999,1.0,5
XGBoost,provided_only,repeat_04__fold_04,repeat_09__fold_02,0.8999999999999998,1.0,5
XGBoost,provided_only,repeat_04__fold_04,repeat_09__fold_03,0.9999999999999999,1.0,5
XGBoost,provided_only,repeat_04__fold_04,repeat_09__fold_04,0.8999999999999998,1.0,5
XGBoost,provided_only,repeat_04__fold_04,repeat_09__fold_05,0.8999999999999998,1.0,5
XGBoost,provided_only,repeat_04__fold_04,repeat_10__fold_01,0.8999999999999998,1.0,5
XGBoost,provided_only,repeat_04__fold_04,repeat_10__fold_02,0.8999999999999998,1.0,5
XGBoost,provided_only,repeat_04__fold_04,repeat_10__fold_03,0.8999999999999998,1.0,5
XGBoost,provided_only,repeat_04__fold_04,repeat_10__fold_04,0.8999999999999998,1.0,5
XGBoost,provided_only,repeat_04__fold_04,repeat_10__fold_05,0.8999999999999998,1.0,5
XGBoost,provided_only,repeat_04__fold_05,repeat_05__fold_01,0.9999999999999999,1.0,5
XGBoost,provided_only,repeat_04__fold_05,repeat_05__fold_02,0.8999999999999998,1.0,5
XGBoost,provided_only,repeat_04__fold_05,repeat_05__fold_03,0.8999999999999998,1.0,5
XGBoost,provided_only,repeat_04__fold_05,repeat_05__fold_04,0.9999999999999999,1.0,5
XGBoost,provided_only,repeat_04__fold_05,repeat_05__fold_05,0.9999999999999999,1.0,5
XGBoost,provided_only,repeat_04__fold_05,repeat_06__fold_01,0.9999999999999999,1.0,5
XGBoost,provided_only,repeat_04__fold_05,repeat_06__fold_02,0.9999999999999999,1.0,5
XGBoost,provided_only,repeat_04__fold_05,repeat_06__fold_03,0.8999999999999998,1.0,5
XGBoost,provided_only,repeat_04__fold_05,repeat_06__fold_04,0.7999999999999999,1.0,5
XGBoost,provided_only,repeat_04__fold_05,repeat_06__fold_05,0.9999999999999999,1.0,5
XGBoost,provided_only,repeat_04__fold_05,repeat_07__fold_01,0.9999999999999999,1.0,5
XGBoost,provided_only,repeat_04__fold_05,repeat_07__fold_02,0.9999999999999999,1.0,5
XGBoost,provided_only,repeat_04__fold_05,repeat_07__fold_03,0.8999999999999998,1.0,5
XGBoost,provided_only,repeat_04__fold_05,repeat_07__fold_04,0.8999999999999998,1.0,5
XGBoost,provided_only,repeat_04__fold_05,repeat_07__fold_05,0.9999999999999999,1.0,5
XGBoost,provided_only,repeat_04__fold_05,repeat_08__fold_01,0.9999999999999999,1.0,5
XGBoost,provided_only,repeat_04__fold_05,repeat_08__fold_02,0.8999999999999998,1.0,5
XGBoost,provided_only,repeat_04__fold_05,repeat_08__fold_03,0.9999999999999999,1.0,5
XGBoost,provided_only,repeat_04__fold_05,repeat_08__fold_04,0.9999999999999999,1.0,5
XGBoost,provided_only,repeat_04__fold_05,repeat_08__fold_05,0.9999999999999999,1.0,5
XGBoost,provided_only,repeat_04__fold_05,repeat_09__fold_01,0.8999999999999998,1.0,5
XGBoost,provided_only,repeat_04__fold_05,repeat_09__fold_02,0.9999999999999999,1.0,5
XGBoost,provided_only,repeat_04__fold_05,repeat_09__fold_03,0.8999999999999998,1.0,5
XGBoost,provided_only,repeat_04__fold_05,repeat_09__fold_04,0.9999999999999999,1.0,5
XGBoost,provided_only,repeat_04__fold_05,repeat_09__fold_05,0.9999999999999999,1.0,5
XGBoost,provided_only,repeat_04__fold_05,repeat_10__fold_01,0.9999999999999999,1.0,5
XGBoost,provided_only,repeat_04__fold_05,repeat_10__fold_02,0.9999999999999999,1.0,5
XGBoost,provided_only,repeat_04__fold_05,repeat_10__fold_03,0.9999999999999999,1.0,5
XGBoost,provided_only,repeat_04__fold_05,repeat_10__fold_04,0.9999999999999999,1.0,5
XGBoost,provided_only,repeat_04__fold_05,repeat_10__fold_05,0.9999999999999999,1.0,5
XGBoost,provided_only,repeat_05__fold_01,repeat_05__fold_02,0.8999999999999998,1.0,5
XGBoost,provided_only,repeat_05__fold_01,repeat_05__fold_03,0.8999999999999998,1.0,5
XGBoost,provided_only,repeat_05__fold_01,repeat_05__fold_04,0.9999999999999999,1.0,5
XGBoost,provided_only,repeat_05__fold_01,repeat_05__fold_05,0.9999999999999999,1.0,5
XGBoost,provided_only,repeat_05__fold_01,repeat_06__fold_01,0.9999999999999999,1.0,5
XGBoost,provided_only,repeat_05__fold_01,repeat_06__fold_02,0.9999999999999999,1.0,5
XGBoost,provided_only,repeat_05__fold_01,repeat_06__fold_03,0.8999999999999998,1.0,5
XGBoost,provided_only,repeat_05__fold_01,repeat_06__fold_04,0.7999999999999999,1.0,5
XGBoost,provided_only,repeat_05__fold_01,repeat_06__fold_05,0.9999999999999999,1.0,5
XGBoost,provided_only,repeat_05__fold_01,repeat_07__fold_01,0.9999999999999999,1.0,5
XGBoost,provided_only,repeat_05__fold_01,repeat_07__fold_02,0.9999999999999999,1.0,5
XGBoost,provided_only,repeat_05__fold_01,repeat_07__fold_03,0.8999999999999998,1.0,5
XGBoost,provided_only,repeat_05__fold_01,repeat_07__fold_04,0.8999999999999998,1.0,5
XGBoost,provided_only,repeat_05__fold_01,repeat_07__fold_05,0.9999999999999999,1.0,5
XGBoost,provided_only,repeat_05__fold_01,repeat_08__fold_01,0.9999999999999999,1.0,5
XGBoost,provided_only,repeat_05__fold_01,repeat_08__fold_02,0.8999999999999998,1.0,5
XGBoost,provided_only,repeat_05__fold_01,repeat_08__fold_03,0.9999999999999999,1.0,5
XGBoost,provided_only,repeat_05__fold_01,repeat_08__fold_04,0.9999999999999999,1.0,5
XGBoost,provided_only,repeat_05__fold_01,repeat_08__fold_05,0.9999999999999999,1.0,5
XGBoost,provided_only,repeat_05__fold_01,repeat_09__fold_01,0.8999999999999998,1.0,5
XGBoost,provided_only,repeat_05__fold_01,repeat_09__fold_02,0.9999999999999999,1.0,5
XGBoost,provided_only,repeat_05__fold_01,repeat_09__fold_03,0.8999999999999998,1.0,5
XGBoost,provided_only,repeat_05__fold_01,repeat_09__fold_04,0.9999999999999999,1.0,5
XGBoost,provided_only,repeat_05__fold_01,repeat_09__fold_05,0.9999999999999999,1.0,5
XGBoost,provided_only,repeat_05__fold_01,repeat_10__fold_01,0.9999999999999999,1.0,5
XGBoost,provided_only,repeat_05__fold_01,repeat_10__fold_02,0.9999999999999999,1.0,5
XGBoost,provided_only,repeat_05__fold_01,repeat_10__fold_03,0.9999999999999999,1.0,5
XGBoost,provided_only,repeat_05__fold_01,repeat_10__fold_04,0.9999999999999999,1.0,5
XGBoost,provided_only,repeat_05__fold_01,repeat_10__fold_05,0.9999999999999999,1.0,5
XGBoost,provided_only,repeat_05__fold_02,repeat_05__fold_03,0.9999999999999999,1.0,5
XGBoost,provided_only,repeat_05__fold_02,repeat_05__fold_04,0.8999999999999998,1.0,5
XGBoost,provided_only,repeat_05__fold_02,repeat_05__fold_05,0.8999999999999998,1.0,5
XGBoost,provided_only,repeat_05__fold_02,repeat_06__fold_01,0.8999999999999998,1.0,5
XGBoost,provided_only,repeat_05__fold_02,repeat_06__fold_02,0.8999999999999998,1.0,5
XGBoost,provided_only,repeat_05__fold_02,repeat_06__fold_03,0.9999999999999999,1.0,5
XGBoost,provided_only,repeat_05__fold_02,repeat_06__fold_04,0.8999999999999998,1.0,5
XGBoost,provided_only,repeat_05__fold_02,repeat_06__fold_05,0.8999999999999998,1.0,5
XGBoost,provided_only,repeat_05__fold_02,repeat_07__fold_01,0.8999999999999998,1.0,5
XGBoost,provided_only,repeat_05__fold_02,repeat_07__fold_02,0.8999999999999998,1.0,5
XGBoost,provided_only,repeat_05__fold_02,repeat_07__fold_03,0.9999999999999999,1.0,5
XGBoost,provided_only,repeat_05__fold_02,repeat_07__fold_04,0.9999999999999999,1.0,5
XGBoost,provided_only,repeat_05__fold_02,repeat_07__fold_05,0.8999999999999998,1.0,5
XGBoost,provided_only,repeat_05__fold_02,repeat_08__fold_01,0.8999999999999998,1.0,5
XGBoost,provided_only,repeat_05__fold_02,repeat_08__fold_02,0.9999999999999999,1.0,5
XGBoost,provided_only,repeat_05__fold_02,repeat_08__fold_03,0.8999999999999998,1.0,5
XGBoost,provided_only,repeat_05__fold_02,repeat_08__fold_04,0.8999999999999998,1.0,5
XGBoost,provided_only,repeat_05__fold_02,repeat_08__fold_05,0.8999999999999998,1.0,5
XGBoost,provided_only,repeat_05__fold_02,repeat_09__fold_01,0.9999999999999999,1.0,5
XGBoost,provided_only,repeat_05__fold_02,repeat_09__fold_02,0.8999999999999998,1.0,5
XGBoost,provided_only,repeat_05__fold_02,repeat_09__fold_03,0.9999999999999999,1.0,5
XGBoost,provided_only,repeat_05__fold_02,repeat_09__fold_04,0.8999999999999998,1.0,5
XGBoost,provided_only,repeat_05__fold_02,repeat_09__fold_05,0.8999999999999998,1.0,5
XGBoost,provided_only,repeat_05__fold_02,repeat_10__fold_01,0.8999999999999998,1.0,5
XGBoost,provided_only,repeat_05__fold_02,repeat_10__fold_02,0.8999999999999998,1.0,5
XGBoost,provided_only,repeat_05__fold_02,repeat_10__fold_03,0.8999999999999998,1.0,5
XGBoost,provided_only,repeat_05__fold_02,repeat_10__fold_04,0.8999999999999998,1.0,5
XGBoost,provided_only,repeat_05__fold_02,repeat_10__fold_05,0.8999999999999998,1.0,5
XGBoost,provided_only,repeat_05__fold_03,repeat_05__fold_04,0.8999999999999998,1.0,5
XGBoost,provided_only,repeat_05__fold_03,repeat_05__fold_05,0.8999999999999998,1.0,5
XGBoost,provided_only,repeat_05__fold_03,repeat_06__fold_01,0.8999999999999998,1.0,5
XGBoost,provided_only,repeat_05__fold_03,repeat_06__fold_02,0.8999999999999998,1.0,5
XGBoost,provided_only,repeat_05__fold_03,repeat_06__fold_03,0.9999999999999999,1.0,5
XGBoost,provided_only,repeat_05__fold_03,repeat_06__fold_04,0.8999999999999998,1.0,5
XGBoost,provided_only,repeat_05__fold_03,repeat_06__fold_05,0.8999999999999998,1.0,5
XGBoost,provided_only,repeat_05__fold_03,repeat_07__fold_01,0.8999999999999998,1.0,5
XGBoost,provided_only,repeat_05__fold_03,repeat_07__fold_02,0.8999999999999998,1.0,5
XGBoost,provided_only,repeat_05__fold_03,repeat_07__fold_03,0.9999999999999999,1.0,5
XGBoost,provided_only,repeat_05__fold_03,repeat_07__fold_04,0.9999999999999999,1.0,5
XGBoost,provided_only,repeat_05__fold_03,repeat_07__fold_05,0.8999999999999998,1.0,5
XGBoost,provided_only,repeat_05__fold_03,repeat_08__fold_01,0.8999999999999998,1.0,5
XGBoost,provided_only,repeat_05__fold_03,repeat_08__fold_02,0.9999999999999999,1.0,5
XGBoost,provided_only,repeat_05__fold_03,repeat_08__fold_03,0.8999999999999998,1.0,5
XGBoost,provided_only,repeat_05__fold_03,repeat_08__fold_04,0.8999999999999998,1.0,5
XGBoost,provided_only,repeat_05__fold_03,repeat_08__fold_05,0.8999999999999998,1.0,5
XGBoost,provided_only,repeat_05__fold_03,repeat_09__fold_01,0.9999999999999999,1.0,5
XGBoost,provided_only,repeat_05__fold_03,repeat_09__fold_02,0.8999999999999998,1.0,5
XGBoost,provided_only,repeat_05__fold_03,repeat_09__fold_03,0.9999999999999999,1.0,5
XGBoost,provided_only,repeat_05__fold_03,repeat_09__fold_04,0.8999999999999998,1.0,5
XGBoost,provided_only,repeat_05__fold_03,repeat_09__fold_05,0.8999999999999998,1.0,5
XGBoost,provided_only,repeat_05__fold_03,repeat_10__fold_01,0.8999999999999998,1.0,5
XGBoost,provided_only,repeat_05__fold_03,repeat_10__fold_02,0.8999999999999998,1.0,5
XGBoost,provided_only,repeat_05__fold_03,repeat_10__fold_03,0.8999999999999998,1.0,5
XGBoost,provided_only,repeat_05__fold_03,repeat_10__fold_04,0.8999999999999998,1.0,5
XGBoost,provided_only,repeat_05__fold_03,repeat_10__fold_05,0.8999999999999998,1.0,5
XGBoost,provided_only,repeat_05__fold_04,repeat_05__fold_05,0.9999999999999999,1.0,5
XGBoost,provided_only,repeat_05__fold_04,repeat_06__fold_01,0.9999999999999999,1.0,5
XGBoost,provided_only,repeat_05__fold_04,repeat_06__fold_02,0.9999999999999999,1.0,5
XGBoost,provided_only,repeat_05__fold_04,repeat_06__fold_03,0.8999999999999998,1.0,5
XGBoost,provided_only,repeat_05__fold_04,repeat_06__fold_04,0.7999999999999999,1.0,5
XGBoost,provided_only,repeat_05__fold_04,repeat_06__fold_05,0.9999999999999999,1.0,5
XGBoost,provided_only,repeat_05__fold_04,repeat_07__fold_01,0.9999999999999999,1.0,5
XGBoost,provided_only,repeat_05__fold_04,repeat_07__fold_02,0.9999999999999999,1.0,5
XGBoost,provided_only,repeat_05__fold_04,repeat_07__fold_03,0.8999999999999998,1.0,5
XGBoost,provided_only,repeat_05__fold_04,repeat_07__fold_04,0.8999999999999998,1.0,5
XGBoost,provided_only,repeat_05__fold_04,repeat_07__fold_05,0.9999999999999999,1.0,5
XGBoost,provided_only,repeat_05__fold_04,repeat_08__fold_01,0.9999999999999999,1.0,5
XGBoost,provided_only,repeat_05__fold_04,repeat_08__fold_02,0.8999999999999998,1.0,5
XGBoost,provided_only,repeat_05__fold_04,repeat_08__fold_03,0.9999999999999999,1.0,5
XGBoost,provided_only,repeat_05__fold_04,repeat_08__fold_04,0.9999999999999999,1.0,5
XGBoost,provided_only,repeat_05__fold_04,repeat_08__fold_05,0.9999999999999999,1.0,5
XGBoost,provided_only,repeat_05__fold_04,repeat_09__fold_01,0.8999999999999998,1.0,5
XGBoost,provided_only,repeat_05__fold_04,repeat_09__fold_02,0.9999999999999999,1.0,5
XGBoost,provided_only,repeat_05__fold_04,repeat_09__fold_03,0.8999999999999998,1.0,5
XGBoost,provided_only,repeat_05__fold_04,repeat_09__fold_04,0.9999999999999999,1.0,5
XGBoost,provided_only,repeat_05__fold_04,repeat_09__fold_05,0.9999999999999999,1.0,5
XGBoost,provided_only,repeat_05__fold_04,repeat_10__fold_01,0.9999999999999999,1.0,5
XGBoost,provided_only,repeat_05__fold_04,repeat_10__fold_02,0.9999999999999999,1.0,5
XGBoost,provided_only,repeat_05__fold_04,repeat_10__fold_03,0.9999999999999999,1.0,5
XGBoost,provided_only,repeat_05__fold_04,repeat_10__fold_04,0.9999999999999999,1.0,5
XGBoost,provided_only,repeat_05__fold_04,repeat_10__fold_05,0.9999999999999999,1.0,5
XGBoost,provided_only,repeat_05__fold_05,repeat_06__fold_01,0.9999999999999999,1.0,5
XGBoost,provided_only,repeat_05__fold_05,repeat_06__fold_02,0.9999999999999999,1.0,5
XGBoost,provided_only,repeat_05__fold_05,repeat_06__fold_03,0.8999999999999998,1.0,5
XGBoost,provided_only,repeat_05__fold_05,repeat_06__fold_04,0.7999999999999999,1.0,5
XGBoost,provided_only,repeat_05__fold_05,repeat_06__fold_05,0.9999999999999999,1.0,5
XGBoost,provided_only,repeat_05__fold_05,repeat_07__fold_01,0.9999999999999999,1.0,5
XGBoost,provided_only,repeat_05__fold_05,repeat_07__fold_02,0.9999999999999999,1.0,5
XGBoost,provided_only,repeat_05__fold_05,repeat_07__fold_03,0.8999999999999998,1.0,5
XGBoost,provided_only,repeat_05__fold_05,repeat_07__fold_04,0.8999999999999998,1.0,5
XGBoost,provided_only,repeat_05__fold_05,repeat_07__fold_05,0.9999999999999999,1.0,5
XGBoost,provided_only,repeat_05__fold_05,repeat_08__fold_01,0.9999999999999999,1.0,5
XGBoost,provided_only,repeat_05__fold_05,repeat_08__fold_02,0.8999999999999998,1.0,5
XGBoost,provided_only,repeat_05__fold_05,repeat_08__fold_03,0.9999999999999999,1.0,5
XGBoost,provided_only,repeat_05__fold_05,repeat_08__fold_04,0.9999999999999999,1.0,5
XGBoost,provided_only,repeat_05__fold_05,repeat_08__fold_05,0.9999999999999999,1.0,5
XGBoost,provided_only,repeat_05__fold_05,repeat_09__fold_01,0.8999999999999998,1.0,5
XGBoost,provided_only,repeat_05__fold_05,repeat_09__fold_02,0.9999999999999999,1.0,5
XGBoost,provided_only,repeat_05__fold_05,repeat_09__fold_03,0.8999999999999998,1.0,5
XGBoost,provided_only,repeat_05__fold_05,repeat_09__fold_04,0.9999999999999999,1.0,5
XGBoost,provided_only,repeat_05__fold_05,repeat_09__fold_05,0.9999999999999999,1.0,5
XGBoost,provided_only,repeat_05__fold_05,repeat_10__fold_01,0.9999999999999999,1.0,5
XGBoost,provided_only,repeat_05__fold_05,repeat_10__fold_02,0.9999999999999999,1.0,5
XGBoost,provided_only,repeat_05__fold_05,repeat_10__fold_03,0.9999999999999999,1.0,5
XGBoost,provided_only,repeat_05__fold_05,repeat_10__fold_04,0.9999999999999999,1.0,5
XGBoost,provided_only,repeat_05__fold_05,repeat_10__fold_05,0.9999999999999999,1.0,5
XGBoost,provided_only,repeat_06__fold_01,repeat_06__fold_02,0.9999999999999999,1.0,5
XGBoost,provided_only,repeat_06__fold_01,repeat_06__fold_03,0.8999999999999998,1.0,5
XGBoost,provided_only,repeat_06__fold_01,repeat_06__fold_04,0.7999999999999999,1.0,5
XGBoost,provided_only,repeat_06__fold_01,repeat_06__fold_05,0.9999999999999999,1.0,5
XGBoost,provided_only,repeat_06__fold_01,repeat_07__fold_01,0.9999999999999999,1.0,5
XGBoost,provided_only,repeat_06__fold_01,repeat_07__fold_02,0.9999999999999999,1.0,5
XGBoost,provided_only,repeat_06__fold_01,repeat_07__fold_03,0.8999999999999998,1.0,5
XGBoost,provided_only,repeat_06__fold_01,repeat_07__fold_04,0.8999999999999998,1.0,5
XGBoost,provided_only,repeat_06__fold_01,repeat_07__fold_05,0.9999999999999999,1.0,5
XGBoost,provided_only,repeat_06__fold_01,repeat_08__fold_01,0.9999999999999999,1.0,5
XGBoost,provided_only,repeat_06__fold_01,repeat_08__fold_02,0.8999999999999998,1.0,5
XGBoost,provided_only,repeat_06__fold_01,repeat_08__fold_03,0.9999999999999999,1.0,5
XGBoost,provided_only,repeat_06__fold_01,repeat_08__fold_04,0.9999999999999999,1.0,5
XGBoost,provided_only,repeat_06__fold_01,repeat_08__fold_05,0.9999999999999999,1.0,5
XGBoost,provided_only,repeat_06__fold_01,repeat_09__fold_01,0.8999999999999998,1.0,5
XGBoost,provided_only,repeat_06__fold_01,repeat_09__fold_02,0.9999999999999999,1.0,5
XGBoost,provided_only,repeat_06__fold_01,repeat_09__fold_03,0.8999999999999998,1.0,5
XGBoost,provided_only,repeat_06__fold_01,repeat_09__fold_04,0.9999999999999999,1.0,5
XGBoost,provided_only,repeat_06__fold_01,repeat_09__fold_05,0.9999999999999999,1.0,5
XGBoost,provided_only,repeat_06__fold_01,repeat_10__fold_01,0.9999999999999999,1.0,5
XGBoost,provided_only,repeat_06__fold_01,repeat_10__fold_02,0.9999999999999999,1.0,5
XGBoost,provided_only,repeat_06__fold_01,repeat_10__fold_03,0.9999999999999999,1.0,5
XGBoost,provided_only,repeat_06__fold_01,repeat_10__fold_04,0.9999999999999999,1.0,5
XGBoost,provided_only,repeat_06__fold_01,repeat_10__fold_05,0.9999999999999999,1.0,5
XGBoost,provided_only,repeat_06__fold_02,repeat_06__fold_03,0.8999999999999998,1.0,5
XGBoost,provided_only,repeat_06__fold_02,repeat_06__fold_04,0.7999999999999999,1.0,5
XGBoost,provided_only,repeat_06__fold_02,repeat_06__fold_05,0.9999999999999999,1.0,5
XGBoost,provided_only,repeat_06__fold_02,repeat_07__fold_01,0.9999999999999999,1.0,5
XGBoost,provided_only,repeat_06__fold_02,repeat_07__fold_02,0.9999999999999999,1.0,5
XGBoost,provided_only,repeat_06__fold_02,repeat_07__fold_03,0.8999999999999998,1.0,5
XGBoost,provided_only,repeat_06__fold_02,repeat_07__fold_04,0.8999999999999998,1.0,5
XGBoost,provided_only,repeat_06__fold_02,repeat_07__fold_05,0.9999999999999999,1.0,5
XGBoost,provided_only,repeat_06__fold_02,repeat_08__fold_01,0.9999999999999999,1.0,5
XGBoost,provided_only,repeat_06__fold_02,repeat_08__fold_02,0.8999999999999998,1.0,5
XGBoost,provided_only,repeat_06__fold_02,repeat_08__fold_03,0.9999999999999999,1.0,5
XGBoost,provided_only,repeat_06__fold_02,repeat_08__fold_04,0.9999999999999999,1.0,5
XGBoost,provided_only,repeat_06__fold_02,repeat_08__fold_05,0.9999999999999999,1.0,5
XGBoost,provided_only,repeat_06__fold_02,repeat_09__fold_01,0.8999999999999998,1.0,5
XGBoost,provided_only,repeat_06__fold_02,repeat_09__fold_02,0.9999999999999999,1.0,5
XGBoost,provided_only,repeat_06__fold_02,repeat_09__fold_03,0.8999999999999998,1.0,5
XGBoost,provided_only,repeat_06__fold_02,repeat_09__fold_04,0.9999999999999999,1.0,5
XGBoost,provided_only,repeat_06__fold_02,repeat_09__fold_05,0.9999999999999999,1.0,5
XGBoost,provided_only,repeat_06__fold_02,repeat_10__fold_01,0.9999999999999999,1.0,5
XGBoost,provided_only,repeat_06__fold_02,repeat_10__fold_02,0.9999999999999999,1.0,5
XGBoost,provided_only,repeat_06__fold_02,repeat_10__fold_03,0.9999999999999999,1.0,5
XGBoost,provided_only,repeat_06__fold_02,repeat_10__fold_04,0.9999999999999999,1.0,5
XGBoost,provided_only,repeat_06__fold_02,repeat_10__fold_05,0.9999999999999999,1.0,5
XGBoost,provided_only,repeat_06__fold_03,repeat_06__fold_04,0.8999999999999998,1.0,5
XGBoost,provided_only,repeat_06__fold_03,repeat_06__fold_05,0.8999999999999998,1.0,5
XGBoost,provided_only,repeat_06__fold_03,repeat_07__fold_01,0.8999999999999998,1.0,5
XGBoost,provided_only,repeat_06__fold_03,repeat_07__fold_02,0.8999999999999998,1.0,5
XGBoost,provided_only,repeat_06__fold_03,repeat_07__fold_03,0.9999999999999999,1.0,5
XGBoost,provided_only,repeat_06__fold_03,repeat_07__fold_04,0.9999999999999999,1.0,5
XGBoost,provided_only,repeat_06__fold_03,repeat_07__fold_05,0.8999999999999998,1.0,5
XGBoost,provided_only,repeat_06__fold_03,repeat_08__fold_01,0.8999999999999998,1.0,5
XGBoost,provided_only,repeat_06__fold_03,repeat_08__fold_02,0.9999999999999999,1.0,5
XGBoost,provided_only,repeat_06__fold_03,repeat_08__fold_03,0.8999999999999998,1.0,5
XGBoost,provided_only,repeat_06__fold_03,repeat_08__fold_04,0.8999999999999998,1.0,5
XGBoost,provided_only,repeat_06__fold_03,repeat_08__fold_05,0.8999999999999998,1.0,5
XGBoost,provided_only,repeat_06__fold_03,repeat_09__fold_01,0.9999999999999999,1.0,5
XGBoost,provided_only,repeat_06__fold_03,repeat_09__fold_02,0.8999999999999998,1.0,5
XGBoost,provided_only,repeat_06__fold_03,repeat_09__fold_03,0.9999999999999999,1.0,5
XGBoost,provided_only,repeat_06__fold_03,repeat_09__fold_04,0.8999999999999998,1.0,5
XGBoost,provided_only,repeat_06__fold_03,repeat_09__fold_05,0.8999999999999998,1.0,5
XGBoost,provided_only,repeat_06__fold_03,repeat_10__fold_01,0.8999999999999998,1.0,5
XGBoost,provided_only,repeat_06__fold_03,repeat_10__fold_02,0.8999999999999998,1.0,5
XGBoost,provided_only,repeat_06__fold_03,repeat_10__fold_03,0.8999999999999998,1.0,5
XGBoost,provided_only,repeat_06__fold_03,repeat_10__fold_04,0.8999999999999998,1.0,5
XGBoost,provided_only,repeat_06__fold_03,repeat_10__fold_05,0.8999999999999998,1.0,5
XGBoost,provided_only,repeat_06__fold_04,repeat_06__fold_05,0.7999999999999999,1.0,5
XGBoost,provided_only,repeat_06__fold_04,repeat_07__fold_01,0.7999999999999999,1.0,5
XGBoost,provided_only,repeat_06__fold_04,repeat_07__fold_02,0.7999999999999999,1.0,5
XGBoost,provided_only,repeat_06__fold_04,repeat_07__fold_03,0.8999999999999998,1.0,5
XGBoost,provided_only,repeat_06__fold_04,repeat_07__fold_04,0.8999999999999998,1.0,5
XGBoost,provided_only,repeat_06__fold_04,repeat_07__fold_05,0.7999999999999999,1.0,5
XGBoost,provided_only,repeat_06__fold_04,repeat_08__fold_01,0.7999999999999999,1.0,5
XGBoost,provided_only,repeat_06__fold_04,repeat_08__fold_02,0.8999999999999998,1.0,5
XGBoost,provided_only,repeat_06__fold_04,repeat_08__fold_03,0.7999999999999999,1.0,5
XGBoost,provided_only,repeat_06__fold_04,repeat_08__fold_04,0.7999999999999999,1.0,5
XGBoost,provided_only,repeat_06__fold_04,repeat_08__fold_05,0.7999999999999999,1.0,5
XGBoost,provided_only,repeat_06__fold_04,repeat_09__fold_01,0.8999999999999998,1.0,5
XGBoost,provided_only,repeat_06__fold_04,repeat_09__fold_02,0.7999999999999999,1.0,5
XGBoost,provided_only,repeat_06__fold_04,repeat_09__fold_03,0.8999999999999998,1.0,5
XGBoost,provided_only,repeat_06__fold_04,repeat_09__fold_04,0.7999999999999999,1.0,5
XGBoost,provided_only,repeat_06__fold_04,repeat_09__fold_05,0.7999999999999999,1.0,5
XGBoost,provided_only,repeat_06__fold_04,repeat_10__fold_01,0.7999999999999999,1.0,5
XGBoost,provided_only,repeat_06__fold_04,repeat_10__fold_02,0.7999999999999999,1.0,5
XGBoost,provided_only,repeat_06__fold_04,repeat_10__fold_03,0.7999999999999999,1.0,5
XGBoost,provided_only,repeat_06__fold_04,repeat_10__fold_04,0.7999999999999999,1.0,5
XGBoost,provided_only,repeat_06__fold_04,repeat_10__fold_05,0.7999999999999999,1.0,5
XGBoost,provided_only,repeat_06__fold_05,repeat_07__fold_01,0.9999999999999999,1.0,5
XGBoost,provided_only,repeat_06__fold_05,repeat_07__fold_02,0.9999999999999999,1.0,5
XGBoost,provided_only,repeat_06__fold_05,repeat_07__fold_03,0.8999999999999998,1.0,5
XGBoost,provided_only,repeat_06__fold_05,repeat_07__fold_04,0.8999999999999998,1.0,5
XGBoost,provided_only,repeat_06__fold_05,repeat_07__fold_05,0.9999999999999999,1.0,5
XGBoost,provided_only,repeat_06__fold_05,repeat_08__fold_01,0.9999999999999999,1.0,5
XGBoost,provided_only,repeat_06__fold_05,repeat_08__fold_02,0.8999999999999998,1.0,5
XGBoost,provided_only,repeat_06__fold_05,repeat_08__fold_03,0.9999999999999999,1.0,5
XGBoost,provided_only,repeat_06__fold_05,repeat_08__fold_04,0.9999999999999999,1.0,5
XGBoost,provided_only,repeat_06__fold_05,repeat_08__fold_05,0.9999999999999999,1.0,5
XGBoost,provided_only,repeat_06__fold_05,repeat_09__fold_01,0.8999999999999998,1.0,5
XGBoost,provided_only,repeat_06__fold_05,repeat_09__fold_02,0.9999999999999999,1.0,5
XGBoost,provided_only,repeat_06__fold_05,repeat_09__fold_03,0.8999999999999998,1.0,5
XGBoost,provided_only,repeat_06__fold_05,repeat_09__fold_04,0.9999999999999999,1.0,5
XGBoost,provided_only,repeat_06__fold_05,repeat_09__fold_05,0.9999999999999999,1.0,5
XGBoost,provided_only,repeat_06__fold_05,repeat_10__fold_01,0.9999999999999999,1.0,5
XGBoost,provided_only,repeat_06__fold_05,repeat_10__fold_02,0.9999999999999999,1.0,5
XGBoost,provided_only,repeat_06__fold_05,repeat_10__fold_03,0.9999999999999999,1.0,5
XGBoost,provided_only,repeat_06__fold_05,repeat_10__fold_04,0.9999999999999999,1.0,5
XGBoost,provided_only,repeat_06__fold_05,repeat_10__fold_05,0.9999999999999999,1.0,5
XGBoost,provided_only,repeat_07__fold_01,repeat_07__fold_02,0.9999999999999999,1.0,5
XGBoost,provided_only,repeat_07__fold_01,repeat_07__fold_03,0.8999999999999998,1.0,5
XGBoost,provided_only,repeat_07__fold_01,repeat_07__fold_04,0.8999999999999998,1.0,5
XGBoost,provided_only,repeat_07__fold_01,repeat_07__fold_05,0.9999999999999999,1.0,5
XGBoost,provided_only,repeat_07__fold_01,repeat_08__fold_01,0.9999999999999999,1.0,5
XGBoost,provided_only,repeat_07__fold_01,repeat_08__fold_02,0.8999999999999998,1.0,5
XGBoost,provided_only,repeat_07__fold_01,repeat_08__fold_03,0.9999999999999999,1.0,5
XGBoost,provided_only,repeat_07__fold_01,repeat_08__fold_04,0.9999999999999999,1.0,5
XGBoost,provided_only,repeat_07__fold_01,repeat_08__fold_05,0.9999999999999999,1.0,5
XGBoost,provided_only,repeat_07__fold_01,repeat_09__fold_01,0.8999999999999998,1.0,5
XGBoost,provided_only,repeat_07__fold_01,repeat_09__fold_02,0.9999999999999999,1.0,5
XGBoost,provided_only,repeat_07__fold_01,repeat_09__fold_03,0.8999999999999998,1.0,5
XGBoost,provided_only,repeat_07__fold_01,repeat_09__fold_04,0.9999999999999999,1.0,5
XGBoost,provided_only,repeat_07__fold_01,repeat_09__fold_05,0.9999999999999999,1.0,5
XGBoost,provided_only,repeat_07__fold_01,repeat_10__fold_01,0.9999999999999999,1.0,5
XGBoost,provided_only,repeat_07__fold_01,repeat_10__fold_02,0.9999999999999999,1.0,5
XGBoost,provided_only,repeat_07__fold_01,repeat_10__fold_03,0.9999999999999999,1.0,5
XGBoost,provided_only,repeat_07__fold_01,repeat_10__fold_04,0.9999999999999999,1.0,5
XGBoost,provided_only,repeat_07__fold_01,repeat_10__fold_05,0.9999999999999999,1.0,5
XGBoost,provided_only,repeat_07__fold_02,repeat_07__fold_03,0.8999999999999998,1.0,5
XGBoost,provided_only,repeat_07__fold_02,repeat_07__fold_04,0.8999999999999998,1.0,5
XGBoost,provided_only,repeat_07__fold_02,repeat_07__fold_05,0.9999999999999999,1.0,5
XGBoost,provided_only,repeat_07__fold_02,repeat_08__fold_01,0.9999999999999999,1.0,5
XGBoost,provided_only,repeat_07__fold_02,repeat_08__fold_02,0.8999999999999998,1.0,5
XGBoost,provided_only,repeat_07__fold_02,repeat_08__fold_03,0.9999999999999999,1.0,5
XGBoost,provided_only,repeat_07__fold_02,repeat_08__fold_04,0.9999999999999999,1.0,5
XGBoost,provided_only,repeat_07__fold_02,repeat_08__fold_05,0.9999999999999999,1.0,5
XGBoost,provided_only,repeat_07__fold_02,repeat_09__fold_01,0.8999999999999998,1.0,5
XGBoost,provided_only,repeat_07__fold_02,repeat_09__fold_02,0.9999999999999999,1.0,5
XGBoost,provided_only,repeat_07__fold_02,repeat_09__fold_03,0.8999999999999998,1.0,5
XGBoost,provided_only,repeat_07__fold_02,repeat_09__fold_04,0.9999999999999999,1.0,5
XGBoost,provided_only,repeat_07__fold_02,repeat_09__fold_05,0.9999999999999999,1.0,5
XGBoost,provided_only,repeat_07__fold_02,repeat_10__fold_01,0.9999999999999999,1.0,5
XGBoost,provided_only,repeat_07__fold_02,repeat_10__fold_02,0.9999999999999999,1.0,5
XGBoost,provided_only,repeat_07__fold_02,repeat_10__fold_03,0.9999999999999999,1.0,5
XGBoost,provided_only,repeat_07__fold_02,repeat_10__fold_04,0.9999999999999999,1.0,5
XGBoost,provided_only,repeat_07__fold_02,repeat_10__fold_05,0.9999999999999999,1.0,5
XGBoost,provided_only,repeat_07__fold_03,repeat_07__fold_04,0.9999999999999999,1.0,5
XGBoost,provided_only,repeat_07__fold_03,repeat_07__fold_05,0.8999999999999998,1.0,5
XGBoost,provided_only,repeat_07__fold_03,repeat_08__fold_01,0.8999999999999998,1.0,5
XGBoost,provided_only,repeat_07__fold_03,repeat_08__fold_02,0.9999999999999999,1.0,5
XGBoost,provided_only,repeat_07__fold_03,repeat_08__fold_03,0.8999999999999998,1.0,5
XGBoost,provided_only,repeat_07__fold_03,repeat_08__fold_04,0.8999999999999998,1.0,5
XGBoost,provided_only,repeat_07__fold_03,repeat_08__fold_05,0.8999999999999998,1.0,5
XGBoost,provided_only,repeat_07__fold_03,repeat_09__fold_01,0.9999999999999999,1.0,5
XGBoost,provided_only,repeat_07__fold_03,repeat_09__fold_02,0.8999999999999998,1.0,5
XGBoost,provided_only,repeat_07__fold_03,repeat_09__fold_03,0.9999999999999999,1.0,5
XGBoost,provided_only,repeat_07__fold_03,repeat_09__fold_04,0.8999999999999998,1.0,5
XGBoost,provided_only,repeat_07__fold_03,repeat_09__fold_05,0.8999999999999998,1.0,5
XGBoost,provided_only,repeat_07__fold_03,repeat_10__fold_01,0.8999999999999998,1.0,5
XGBoost,provided_only,repeat_07__fold_03,repeat_10__fold_02,0.8999999999999998,1.0,5
XGBoost,provided_only,repeat_07__fold_03,repeat_10__fold_03,0.8999999999999998,1.0,5
XGBoost,provided_only,repeat_07__fold_03,repeat_10__fold_04,0.8999999999999998,1.0,5
XGBoost,provided_only,repeat_07__fold_03,repeat_10__fold_05,0.8999999999999998,1.0,5
XGBoost,provided_only,repeat_07__fold_04,repeat_07__fold_05,0.8999999999999998,1.0,5
XGBoost,provided_only,repeat_07__fold_04,repeat_08__fold_01,0.8999999999999998,1.0,5
XGBoost,provided_only,repeat_07__fold_04,repeat_08__fold_02,0.9999999999999999,1.0,5
XGBoost,provided_only,repeat_07__fold_04,repeat_08__fold_03,0.8999999999999998,1.0,5
XGBoost,provided_only,repeat_07__fold_04,repeat_08__fold_04,0.8999999999999998,1.0,5
XGBoost,provided_only,repeat_07__fold_04,repeat_08__fold_05,0.8999999999999998,1.0,5
XGBoost,provided_only,repeat_07__fold_04,repeat_09__fold_01,0.9999999999999999,1.0,5
XGBoost,provided_only,repeat_07__fold_04,repeat_09__fold_02,0.8999999999999998,1.0,5
XGBoost,provided_only,repeat_07__fold_04,repeat_09__fold_03,0.9999999999999999,1.0,5
XGBoost,provided_only,repeat_07__fold_04,repeat_09__fold_04,0.8999999999999998,1.0,5
XGBoost,provided_only,repeat_07__fold_04,repeat_09__fold_05,0.8999999999999998,1.0,5
XGBoost,provided_only,repeat_07__fold_04,repeat_10__fold_01,0.8999999999999998,1.0,5
XGBoost,provided_only,repeat_07__fold_04,repeat_10__fold_02,0.8999999999999998,1.0,5
XGBoost,provided_only,repeat_07__fold_04,repeat_10__fold_03,0.8999999999999998,1.0,5
XGBoost,provided_only,repeat_07__fold_04,repeat_10__fold_04,0.8999999999999998,1.0,5
XGBoost,provided_only,repeat_07__fold_04,repeat_10__fold_05,0.8999999999999998,1.0,5
XGBoost,provided_only,repeat_07__fold_05,repeat_08__fold_01,0.9999999999999999,1.0,5
XGBoost,provided_only,repeat_07__fold_05,repeat_08__fold_02,0.8999999999999998,1.0,5
XGBoost,provided_only,repeat_07__fold_05,repeat_08__fold_03,0.9999999999999999,1.0,5
XGBoost,provided_only,repeat_07__fold_05,repeat_08__fold_04,0.9999999999999999,1.0,5
XGBoost,provided_only,repeat_07__fold_05,repeat_08__fold_05,0.9999999999999999,1.0,5
XGBoost,provided_only,repeat_07__fold_05,repeat_09__fold_01,0.8999999999999998,1.0,5
XGBoost,provided_only,repeat_07__fold_05,repeat_09__fold_02,0.9999999999999999,1.0,5
XGBoost,provided_only,repeat_07__fold_05,repeat_09__fold_03,0.8999999999999998,1.0,5
XGBoost,provided_only,repeat_07__fold_05,repeat_09__fold_04,0.9999999999999999,1.0,5
XGBoost,provided_only,repeat_07__fold_05,repeat_09__fold_05,0.9999999999999999,1.0,5
XGBoost,provided_only,repeat_07__fold_05,repeat_10__fold_01,0.9999999999999999,1.0,5
XGBoost,provided_only,repeat_07__fold_05,repeat_10__fold_02,0.9999999999999999,1.0,5
XGBoost,provided_only,repeat_07__fold_05,repeat_10__fold_03,0.9999999999999999,1.0,5
XGBoost,provided_only,repeat_07__fold_05,repeat_10__fold_04,0.9999999999999999,1.0,5
XGBoost,provided_only,repeat_07__fold_05,repeat_10__fold_05,0.9999999999999999,1.0,5
XGBoost,provided_only,repeat_08__fold_01,repeat_08__fold_02,0.8999999999999998,1.0,5
XGBoost,provided_only,repeat_08__fold_01,repeat_08__fold_03,0.9999999999999999,1.0,5
XGBoost,provided_only,repeat_08__fold_01,repeat_08__fold_04,0.9999999999999999,1.0,5
XGBoost,provided_only,repeat_08__fold_01,repeat_08__fold_05,0.9999999999999999,1.0,5
XGBoost,provided_only,repeat_08__fold_01,repeat_09__fold_01,0.8999999999999998,1.0,5
XGBoost,provided_only,repeat_08__fold_01,repeat_09__fold_02,0.9999999999999999,1.0,5
XGBoost,provided_only,repeat_08__fold_01,repeat_09__fold_03,0.8999999999999998,1.0,5
XGBoost,provided_only,repeat_08__fold_01,repeat_09__fold_04,0.9999999999999999,1.0,5
XGBoost,provided_only,repeat_08__fold_01,repeat_09__fold_05,0.9999999999999999,1.0,5
XGBoost,provided_only,repeat_08__fold_01,repeat_10__fold_01,0.9999999999999999,1.0,5
XGBoost,provided_only,repeat_08__fold_01,repeat_10__fold_02,0.9999999999999999,1.0,5
XGBoost,provided_only,repeat_08__fold_01,repeat_10__fold_03,0.9999999999999999,1.0,5
XGBoost,provided_only,repeat_08__fold_01,repeat_10__fold_04,0.9999999999999999,1.0,5
XGBoost,provided_only,repeat_08__fold_01,repeat_10__fold_05,0.9999999999999999,1.0,5
XGBoost,provided_only,repeat_08__fold_02,repeat_08__fold_03,0.8999999999999998,1.0,5
XGBoost,provided_only,repeat_08__fold_02,repeat_08__fold_04,0.8999999999999998,1.0,5
XGBoost,provided_only,repeat_08__fold_02,repeat_08__fold_05,0.8999999999999998,1.0,5
XGBoost,provided_only,repeat_08__fold_02,repeat_09__fold_01,0.9999999999999999,1.0,5
XGBoost,provided_only,repeat_08__fold_02,repeat_09__fold_02,0.8999999999999998,1.0,5
XGBoost,provided_only,repeat_08__fold_02,repeat_09__fold_03,0.9999999999999999,1.0,5
XGBoost,provided_only,repeat_08__fold_02,repeat_09__fold_04,0.8999999999999998,1.0,5
XGBoost,provided_only,repeat_08__fold_02,repeat_09__fold_05,0.8999999999999998,1.0,5
XGBoost,provided_only,repeat_08__fold_02,repeat_10__fold_01,0.8999999999999998,1.0,5
XGBoost,provided_only,repeat_08__fold_02,repeat_10__fold_02,0.8999999999999998,1.0,5
XGBoost,provided_only,repeat_08__fold_02,repeat_10__fold_03,0.8999999999999998,1.0,5
XGBoost,provided_only,repeat_08__fold_02,repeat_10__fold_04,0.8999999999999998,1.0,5
XGBoost,provided_only,repeat_08__fold_02,repeat_10__fold_05,0.8999999999999998,1.0,5
XGBoost,provided_only,repeat_08__fold_03,repeat_08__fold_04,0.9999999999999999,1.0,5
XGBoost,provided_only,repeat_08__fold_03,repeat_08__fold_05,0.9999999999999999,1.0,5
XGBoost,provided_only,repeat_08__fold_03,repeat_09__fold_01,0.8999999999999998,1.0,5
XGBoost,provided_only,repeat_08__fold_03,repeat_09__fold_02,0.9999999999999999,1.0,5
XGBoost,provided_only,repeat_08__fold_03,repeat_09__fold_03,0.8999999999999998,1.0,5
XGBoost,provided_only,repeat_08__fold_03,repeat_09__fold_04,0.9999999999999999,1.0,5
XGBoost,provided_only,repeat_08__fold_03,repeat_09__fold_05,0.9999999999999999,1.0,5
XGBoost,provided_only,repeat_08__fold_03,repeat_10__fold_01,0.9999999999999999,1.0,5
XGBoost,provided_only,repeat_08__fold_03,repeat_10__fold_02,0.9999999999999999,1.0,5
XGBoost,provided_only,repeat_08__fold_03,repeat_10__fold_03,0.9999999999999999,1.0,5
XGBoost,provided_only,repeat_08__fold_03,repeat_10__fold_04,0.9999999999999999,1.0,5
XGBoost,provided_only,repeat_08__fold_03,repeat_10__fold_05,0.9999999999999999,1.0,5
XGBoost,provided_only,repeat_08__fold_04,repeat_08__fold_05,0.9999999999999999,1.0,5
XGBoost,provided_only,repeat_08__fold_04,repeat_09__fold_01,0.8999999999999998,1.0,5
XGBoost,provided_only,repeat_08__fold_04,repeat_09__fold_02,0.9999999999999999,1.0,5
XGBoost,provided_only,repeat_08__fold_04,repeat_09__fold_03,0.8999999999999998,1.0,5
XGBoost,provided_only,repeat_08__fold_04,repeat_09__fold_04,0.9999999999999999,1.0,5
XGBoost,provided_only,repeat_08__fold_04,repeat_09__fold_05,0.9999999999999999,1.0,5
XGBoost,provided_only,repeat_08__fold_04,repeat_10__fold_01,0.9999999999999999,1.0,5
XGBoost,provided_only,repeat_08__fold_04,repeat_10__fold_02,0.9999999999999999,1.0,5
XGBoost,provided_only,repeat_08__fold_04,repeat_10__fold_03,0.9999999999999999,1.0,5
XGBoost,provided_only,repeat_08__fold_04,repeat_10__fold_04,0.9999999999999999,1.0,5
XGBoost,provided_only,repeat_08__fold_04,repeat_10__fold_05,0.9999999999999999,1.0,5
XGBoost,provided_only,repeat_08__fold_05,repeat_09__fold_01,0.8999999999999998,1.0,5
XGBoost,provided_only,repeat_08__fold_05,repeat_09__fold_02,0.9999999999999999,1.0,5
XGBoost,provided_only,repeat_08__fold_05,repeat_09__fold_03,0.8999999999999998,1.0,5
XGBoost,provided_only,repeat_08__fold_05,repeat_09__fold_04,0.9999999999999999,1.0,5
XGBoost,provided_only,repeat_08__fold_05,repeat_09__fold_05,0.9999999999999999,1.0,5
XGBoost,provided_only,repeat_08__fold_05,repeat_10__fold_01,0.9999999999999999,1.0,5
XGBoost,provided_only,repeat_08__fold_05,repeat_10__fold_02,0.9999999999999999,1.0,5
XGBoost,provided_only,repeat_08__fold_05,repeat_10__fold_03,0.9999999999999999,1.0,5
XGBoost,provided_only,repeat_08__fold_05,repeat_10__fold_04,0.9999999999999999,1.0,5
XGBoost,provided_only,repeat_08__fold_05,repeat_10__fold_05,0.9999999999999999,1.0,5
XGBoost,provided_only,repeat_09__fold_01,repeat_09__fold_02,0.8999999999999998,1.0,5
XGBoost,provided_only,repeat_09__fold_01,repeat_09__fold_03,0.9999999999999999,1.0,5
XGBoost,provided_only,repeat_09__fold_01,repeat_09__fold_04,0.8999999999999998,1.0,5
XGBoost,provided_only,repeat_09__fold_01,repeat_09__fold_05,0.8999999999999998,1.0,5
XGBoost,provided_only,repeat_09__fold_01,repeat_10__fold_01,0.8999999999999998,1.0,5
XGBoost,provided_only,repeat_09__fold_01,repeat_10__fold_02,0.8999999999999998,1.0,5
XGBoost,provided_only,repeat_09__fold_01,repeat_10__fold_03,0.8999999999999998,1.0,5
XGBoost,provided_only,repeat_09__fold_01,repeat_10__fold_04,0.8999999999999998,1.0,5
XGBoost,provided_only,repeat_09__fold_01,repeat_10__fold_05,0.8999999999999998,1.0,5
XGBoost,provided_only,repeat_09__fold_02,repeat_09__fold_03,0.8999999999999998,1.0,5
XGBoost,provided_only,repeat_09__fold_02,repeat_09__fold_04,0.9999999999999999,1.0,5
XGBoost,provided_only,repeat_09__fold_02,repeat_09__fold_05,0.9999999999999999,1.0,5
XGBoost,provided_only,repeat_09__fold_02,repeat_10__fold_01,0.9999999999999999,1.0,5
XGBoost,provided_only,repeat_09__fold_02,repeat_10__fold_02,0.9999999999999999,1.0,5
XGBoost,provided_only,repeat_09__fold_02,repeat_10__fold_03,0.9999999999999999,1.0,5
XGBoost,provided_only,repeat_09__fold_02,repeat_10__fold_04,0.9999999999999999,1.0,5
XGBoost,provided_only,repeat_09__fold_02,repeat_10__fold_05,0.9999999999999999,1.0,5
XGBoost,provided_only,repeat_09__fold_03,repeat_09__fold_04,0.8999999999999998,1.0,5
XGBoost,provided_only,repeat_09__fold_03,repeat_09__fold_05,0.8999999999999998,1.0,5
XGBoost,provided_only,repeat_09__fold_03,repeat_10__fold_01,0.8999999999999998,1.0,5
XGBoost,provided_only,repeat_09__fold_03,repeat_10__fold_02,0.8999999999999998,1.0,5
XGBoost,provided_only,repeat_09__fold_03,repeat_10__fold_03,0.8999999999999998,1.0,5
XGBoost,provided_only,repeat_09__fold_03,repeat_10__fold_04,0.8999999999999998,1.0,5
XGBoost,provided_only,repeat_09__fold_03,repeat_10__fold_05,0.8999999999999998,1.0,5
XGBoost,provided_only,repeat_09__fold_04,repeat_09__fold_05,0.9999999999999999,1.0,5
XGBoost,provided_only,repeat_09__fold_04,repeat_10__fold_01,0.9999999999999999,1.0,5
XGBoost,provided_only,repeat_09__fold_04,repeat_10__fold_02,0.9999999999999999,1.0,5
XGBoost,provided_only,repeat_09__fold_04,repeat_10__fold_03,0.9999999999999999,1.0,5
XGBoost,provided_only,repeat_09__fold_04,repeat_10__fold_04,0.9999999999999999,1.0,5
XGBoost,provided_only,repeat_09__fold_04,repeat_10__fold_05,0.9999999999999999,1.0,5
XGBoost,provided_only,repeat_09__fold_05,repeat_10__fold_01,0.9999999999999999,1.0,5
XGBoost,provided_only,repeat_09__fold_05,repeat_10__fold_02,0.9999999999999999,1.0,5
XGBoost,provided_only,repeat_09__fold_05,repeat_10__fold_03,0.9999999999999999,1.0,5
XGBoost,provided_only,repeat_09__fold_05,repeat_10__fold_04,0.9999999999999999,1.0,5
XGBoost,provided_only,repeat_09__fold_05,repeat_10__fold_05,0.9999999999999999,1.0,5
XGBoost,provided_only,repeat_10__fold_01,repeat_10__fold_02,0.9999999999999999,1.0,5
XGBoost,provided_only,repeat_10__fold_01,repeat_10__fold_03,0.9999999999999999,1.0,5
XGBoost,provided_only,repeat_10__fold_01,repeat_10__fold_04,0.9999999999999999,1.0,5
XGBoost,provided_only,repeat_10__fold_01,repeat_10__fold_05,0.9999999999999999,1.0,5
XGBoost,provided_only,repeat_10__fold_02,repeat_10__fold_03,0.9999999999999999,1.0,5
XGBoost,provided_only,repeat_10__fold_02,repeat_10__fold_04,0.9999999999999999,1.0,5
XGBoost,provided_only,repeat_10__fold_02,repeat_10__fold_05,0.9999999999999999,1.0,5
XGBoost,provided_only,repeat_10__fold_03,repeat_10__fold_04,0.9999999999999999,1.0,5
XGBoost,provided_only,repeat_10__fold_03,repeat_10__fold_05,0.9999999999999999,1.0,5
XGBoost,provided_only,repeat_10__fold_04,repeat_10__fold_05,0.9999999999999999,1.0,5
XGBoost,provided_plus_rdkit_descriptors,repeat_01__fold_01,repeat_01__fold_02,0.8830538841482002,0.6666666666666666,142
XGBoost,provided_plus_rdkit_descriptors,repeat_01__fold_01,repeat_01__fold_03,0.9325378114419683,0.5384615384615384,142
XGBoost,provided_plus_rdkit_descriptors,repeat_01__fold_01,repeat_01__fold_04,0.9155035658772971,0.5384615384615384,142
XGBoost,provided_plus_rdkit_descriptors,repeat_01__fold_01,repeat_01__fold_05,0.8952096445170407,0.5384615384615384,142
XGBoost,provided_plus_rdkit_descriptors,repeat_01__fold_01,repeat_02__fold_01,0.9070232536228375,0.6666666666666666,142
XGBoost,provided_plus_rdkit_descriptors,repeat_01__fold_01,repeat_02__fold_02,0.9057338355815293,0.5384615384615384,142
XGBoost,provided_plus_rdkit_descriptors,repeat_01__fold_01,repeat_02__fold_03,0.8997595207743515,0.6666666666666666,142
XGBoost,provided_plus_rdkit_descriptors,repeat_01__fold_01,repeat_02__fold_04,0.8818899557794664,0.5384615384615384,142
XGBoost,provided_plus_rdkit_descriptors,repeat_01__fold_01,repeat_02__fold_05,0.9073924747715256,0.6666666666666666,142
XGBoost,provided_plus_rdkit_descriptors,repeat_01__fold_01,repeat_03__fold_01,0.894822097374412,0.5384615384615384,142
XGBoost,provided_plus_rdkit_descriptors,repeat_01__fold_01,repeat_03__fold_02,0.9262863629006681,0.6666666666666666,142
XGBoost,provided_plus_rdkit_descriptors,repeat_01__fold_01,repeat_03__fold_03,0.8830951821309375,0.6666666666666666,142
XGBoost,provided_plus_rdkit_descriptors,repeat_01__fold_01,repeat_03__fold_04,0.8923489077813729,0.5384615384615384,142
XGBoost,provided_plus_rdkit_descriptors,repeat_01__fold_01,repeat_03__fold_05,0.8887577910558618,0.6666666666666666,142
XGBoost,provided_plus_rdkit_descriptors,repeat_01__fold_01,repeat_04__fold_01,0.9084134772745395,0.42857142857142855,142
XGBoost,provided_plus_rdkit_descriptors,repeat_01__fold_01,repeat_04__fold_02,0.8537464569808905,0.5384615384615384,142
XGBoost,provided_plus_rdkit_descriptors,repeat_01__fold_01,repeat_04__fold_03,0.8889284639797703,0.6666666666666666,142
XGBoost,provided_plus_rdkit_descriptors,repeat_01__fold_01,repeat_04__fold_04,0.8984489177543298,0.6666666666666666,142
XGBoost,provided_plus_rdkit_descriptors,repeat_01__fold_01,repeat_04__fold_05,0.8819172430135698,0.42857142857142855,142
XGBoost,provided_plus_rdkit_descriptors,repeat_01__fold_01,repeat_05__fold_01,0.9193829677646096,0.6666666666666666,142
XGBoost,provided_plus_rdkit_descriptors,repeat_01__fold_01,repeat_05__fold_02,0.9011588321803927,0.6666666666666666,142
XGBoost,provided_plus_rdkit_descriptors,repeat_01__fold_01,repeat_05__fold_03,0.8944474560906142,0.5384615384615384,142
XGBoost,provided_plus_rdkit_descriptors,repeat_01__fold_01,repeat_05__fold_04,0.9007832160823662,0.6666666666666666,142
XGBoost,provided_plus_rdkit_descriptors,repeat_01__fold_01,repeat_05__fold_05,0.8925508436800367,0.42857142857142855,142
XGBoost,provided_plus_rdkit_descriptors,repeat_01__fold_01,repeat_06__fold_01,0.8767623662796012,0.6666666666666666,142
XGBoost,provided_plus_rdkit_descriptors,repeat_01__fold_01,repeat_06__fold_02,0.8791369411012714,0.6666666666666666,142
XGBoost,provided_plus_rdkit_descriptors,repeat_01__fold_01,repeat_06__fold_03,0.900684203152642,0.6666666666666666,142
XGBoost,provided_plus_rdkit_descriptors,repeat_01__fold_01,repeat_06__fold_04,0.9057155080766675,0.5384615384615384,142
XGBoost,provided_plus_rdkit_descriptors,repeat_01__fold_01,repeat_06__fold_05,0.9284967571841773,0.5384615384615384,142
XGBoost,provided_plus_rdkit_descriptors,repeat_01__fold_01,repeat_07__fold_01,0.899196534698729,0.5384615384615384,142
XGBoost,provided_plus_rdkit_descriptors,repeat_01__fold_01,repeat_07__fold_02,0.8868477464521981,0.5384615384615384,142
XGBoost,provided_plus_rdkit_descriptors,repeat_01__fold_01,repeat_07__fold_03,0.861200805785706,0.8181818181818182,142
XGBoost,provided_plus_rdkit_descriptors,repeat_01__fold_01,repeat_07__fold_04,0.9068696660612776,0.6666666666666666,142
XGBoost,provided_plus_rdkit_descriptors,repeat_01__fold_01,repeat_07__fold_05,0.8736927752068198,0.6666666666666666,142
XGBoost,provided_plus_rdkit_descriptors,repeat_01__fold_01,repeat_08__fold_01,0.8916566864759574,0.5384615384615384,142
XGBoost,provided_plus_rdkit_descriptors,repeat_01__fold_01,repeat_08__fold_02,0.9012657618548154,0.5384615384615384,142
XGBoost,provided_plus_rdkit_descriptors,repeat_01__fold_01,repeat_08__fold_03,0.8829501831101216,0.6666666666666666,142
XGBoost,provided_plus_rdkit_descriptors,repeat_01__fold_01,repeat_08__fold_04,0.903453150945965,0.5384615384615384,142
XGBoost,provided_plus_rdkit_descriptors,repeat_01__fold_01,repeat_08__fold_05,0.8715021306789392,0.6666666666666666,142
XGBoost,provided_plus_rdkit_descriptors,repeat_01__fold_01,repeat_09__fold_01,0.8587522293277761,0.6666666666666666,142
XGBoost,provided_plus_rdkit_descriptors,repeat_01__fold_01,repeat_09__fold_02,0.9227461826826368,0.5384615384615384,142
XGBoost,provided_plus_rdkit_descriptors,repeat_01__fold_01,repeat_09__fold_03,0.9119889871238519,0.6666666666666666,142
XGBoost,provided_plus_rdkit_descriptors,repeat_01__fold_01,repeat_09__fold_04,0.905598955862025,0.5384615384615384,142
XGBoost,provided_plus_rdkit_descriptors,repeat_01__fold_01,repeat_09__fold_05,0.8945700941825618,0.6666666666666666,142
XGBoost,provided_plus_rdkit_descriptors,repeat_01__fold_01,repeat_10__fold_01,0.8868988296607844,0.5384615384615384,142
XGBoost,provided_plus_rdkit_descriptors,repeat_01__fold_01,repeat_10__fold_02,0.8596775643077169,0.42857142857142855,142
XGBoost,provided_plus_rdkit_descriptors,repeat_01__fold_01,repeat_10__fold_03,0.897323801788053,0.6666666666666666,142
XGBoost,provided_plus_rdkit_descriptors,repeat_01__fold_01,repeat_10__fold_04,0.9127866207794572,0.5384615384615384,142
XGBoost,provided_plus_rdkit_descriptors,repeat_01__fold_01,repeat_10__fold_05,0.9162240411768242,0.6666666666666666,142
XGBoost,provided_plus_rdkit_descriptors,repeat_01__fold_02,repeat_01__fold_03,0.8937999144263019,0.8181818181818182,142
XGBoost,provided_plus_rdkit_descriptors,repeat_01__fold_02,repeat_01__fold_04,0.8940001499408018,0.8181818181818182,142
XGBoost,provided_plus_rdkit_descriptors,repeat_01__fold_02,repeat_01__fold_05,0.9069436747440218,0.6666666666666666,142
XGBoost,provided_plus_rdkit_descriptors,repeat_01__fold_02,repeat_02__fold_01,0.9155450327459487,0.8181818181818182,142
XGBoost,provided_plus_rdkit_descriptors,repeat_01__fold_02,repeat_02__fold_02,0.928212771481951,0.6666666666666666,142
XGBoost,provided_plus_rdkit_descriptors,repeat_01__fold_02,repeat_02__fold_03,0.9088381336396016,0.8181818181818182,142
XGBoost,provided_plus_rdkit_descriptors,repeat_01__fold_02,repeat_02__fold_04,0.8863877062450424,0.5384615384615384,142
XGBoost,provided_plus_rdkit_descriptors,repeat_01__fold_02,repeat_02__fold_05,0.9169520138030043,0.6666666666666666,142
XGBoost,provided_plus_rdkit_descriptors,repeat_01__fold_02,repeat_03__fold_01,0.8994659649894671,0.6666666666666666,142
XGBoost,provided_plus_rdkit_descriptors,repeat_01__fold_02,repeat_03__fold_02,0.8892064265729969,0.6666666666666666,142
XGBoost,provided_plus_rdkit_descriptors,repeat_01__fold_02,repeat_03__fold_03,0.91725162867778,0.6666666666666666,142
XGBoost,provided_plus_rdkit_descriptors,repeat_01__fold_02,repeat_03__fold_04,0.9282076580403863,0.8181818181818182,142
XGBoost,provided_plus_rdkit_descriptors,repeat_01__fold_02,repeat_03__fold_05,0.9371342365014959,0.6666666666666666,142
XGBoost,provided_plus_rdkit_descriptors,repeat_01__fold_02,repeat_04__fold_01,0.9117409680769569,0.5384615384615384,142
XGBoost,provided_plus_rdkit_descriptors,repeat_01__fold_02,repeat_04__fold_02,0.8788253235320735,0.6666666666666666,142
XGBoost,provided_plus_rdkit_descriptors,repeat_01__fold_02,repeat_04__fold_03,0.9077834764855738,0.5384615384615384,142
XGBoost,provided_plus_rdkit_descriptors,repeat_01__fold_02,repeat_04__fold_04,0.9266868011470475,0.6666666666666666,142
XGBoost,provided_plus_rdkit_descriptors,repeat_01__fold_02,repeat_04__fold_05,0.908878697241029,0.5384615384615384,142
XGBoost,provided_plus_rdkit_descriptors,repeat_01__fold_02,repeat_05__fold_01,0.9008682966275947,0.8181818181818182,142
XGBoost,provided_plus_rdkit_descriptors,repeat_01__fold_02,repeat_05__fold_02,0.9141074815137793,1.0,142
XGBoost,provided_plus_rdkit_descriptors,repeat_01__fold_02,repeat_05__fold_03,0.8973319130907,0.6666666666666666,142
XGBoost,provided_plus_rdkit_descriptors,repeat_01__fold_02,repeat_05__fold_04,0.9126785182269371,0.8181818181818182,142
XGBoost,provided_plus_rdkit_descriptors,repeat_01__fold_02,repeat_05__fold_05,0.9004154894013686,0.5384615384615384,142
XGBoost,provided_plus_rdkit_descriptors,repeat_01__fold_02,repeat_06__fold_01,0.8807518846816421,0.8181818181818182,142
XGBoost,provided_plus_rdkit_descriptors,repeat_01__fold_02,repeat_06__fold_02,0.8987785490116007,0.6666666666666666,142
XGBoost,provided_plus_rdkit_descriptors,repeat_01__fold_02,repeat_06__fold_03,0.8985887649278909,0.8181818181818182,142
XGBoost,provided_plus_rdkit_descriptors,repeat_01__fold_02,repeat_06__fold_04,0.904328826419186,0.6666666666666666,142
XGBoost,provided_plus_rdkit_descriptors,repeat_01__fold_02,repeat_06__fold_05,0.9106022588569048,0.5384615384615384,142
XGBoost,provided_plus_rdkit_descriptors,repeat_01__fold_02,repeat_07__fold_01,0.8725496481783542,0.5384615384615384,142
XGBoost,provided_plus_rdkit_descriptors,repeat_01__fold_02,repeat_07__fold_02,0.9273880602000217,0.6666666666666666,142
XGBoost,provided_plus_rdkit_descriptors,repeat_01__fold_02,repeat_07__fold_03,0.9277137621116954,0.6666666666666666,142
XGBoost,provided_plus_rdkit_descriptors,repeat_01__fold_02,repeat_07__fold_04,0.8905492367553093,0.6666666666666666,142
XGBoost,provided_plus_rdkit_descriptors,repeat_01__fold_02,repeat_07__fold_05,0.89992164249211,0.6666666666666666,142
XGBoost,provided_plus_rdkit_descriptors,repeat_01__fold_02,repeat_08__fold_01,0.8916711982074482,0.5384615384615384,142
XGBoost,provided_plus_rdkit_descriptors,repeat_01__fold_02,repeat_08__fold_02,0.8892824851604257,0.8181818181818182,142
XGBoost,provided_plus_rdkit_descriptors,repeat_01__fold_02,repeat_08__fold_03,0.8760323254268638,0.8181818181818182,142
XGBoost,provided_plus_rdkit_descriptors,repeat_01__fold_02,repeat_08__fold_04,0.9071050398649725,0.5384615384615384,142
XGBoost,provided_plus_rdkit_descriptors,repeat_01__fold_02,repeat_08__fold_05,0.8948908099990717,0.8181818181818182,142
XGBoost,provided_plus_rdkit_descriptors,repeat_01__fold_02,repeat_09__fold_01,0.9207843812285073,0.8181818181818182,142
XGBoost,provided_plus_rdkit_descriptors,repeat_01__fold_02,repeat_09__fold_02,0.9135309793301396,0.42857142857142855,142
XGBoost,provided_plus_rdkit_descriptors,repeat_01__fold_02,repeat_09__fold_03,0.9273018060960659,0.8181818181818182,142
XGBoost,provided_plus_rdkit_descriptors,repeat_01__fold_02,repeat_09__fold_04,0.9166015905994239,0.6666666666666666,142
XGBoost,provided_plus_rdkit_descriptors,repeat_01__fold_02,repeat_09__fold_05,0.9152719906871998,0.8181818181818182,142
XGBoost,provided_plus_rdkit_descriptors,repeat_01__fold_02,repeat_10__fold_01,0.9029280042310547,0.6666666666666666,142
XGBoost,provided_plus_rdkit_descriptors,repeat_01__fold_02,repeat_10__fold_02,0.8571653967253199,0.5384615384615384,142
XGBoost,provided_plus_rdkit_descriptors,repeat_01__fold_02,repeat_10__fold_03,0.9092377158794748,0.6666666666666666,142
XGBoost,provided_plus_rdkit_descriptors,repeat_01__fold_02,repeat_10__fold_04,0.8972640627254735,0.6666666666666666,142
XGBoost,provided_plus_rdkit_descriptors,repeat_01__fold_02,repeat_10__fold_05,0.9172189763803101,0.6666666666666666,142
XGBoost,provided_plus_rdkit_descriptors,repeat_01__fold_03,repeat_01__fold_04,0.9194198998371073,0.8181818181818182,142
XGBoost,provided_plus_rdkit_descriptors,repeat_01__fold_03,repeat_01__fold_05,0.9057494151779137,0.6666666666666666,142
XGBoost,provided_plus_rdkit_descriptors,repeat_01__fold_03,repeat_02__fold_01,0.9145961010362823,0.6666666666666666,142
XGBoost,provided_plus_rdkit_descriptors,repeat_01__fold_03,repeat_02__fold_02,0.8948538207734535,0.6666666666666666,142
XGBoost,provided_plus_rdkit_descriptors,repeat_01__fold_03,repeat_02__fold_03,0.9106955721707475,0.6666666666666666,142
XGBoost,provided_plus_rdkit_descriptors,repeat_01__fold_03,repeat_02__fold_04,0.877677129888871,0.5384615384615384,142
XGBoost,provided_plus_rdkit_descriptors,repeat_01__fold_03,repeat_02__fold_05,0.92741207778163,0.6666666666666666,142
XGBoost,provided_plus_rdkit_descriptors,repeat_01__fold_03,repeat_03__fold_01,0.9171945711746918,0.6666666666666666,142
XGBoost,provided_plus_rdkit_descriptors,repeat_01__fold_03,repeat_03__fold_02,0.9155044428506822,0.5384615384615384,142
XGBoost,provided_plus_rdkit_descriptors,repeat_01__fold_03,repeat_03__fold_03,0.890187543266193,0.6666666666666666,142
XGBoost,provided_plus_rdkit_descriptors,repeat_01__fold_03,repeat_03__fold_04,0.8959796547842491,0.8181818181818182,142
XGBoost,provided_plus_rdkit_descriptors,repeat_01__fold_03,repeat_03__fold_05,0.9017282426919817,0.6666666666666666,142
XGBoost,provided_plus_rdkit_descriptors,repeat_01__fold_03,repeat_04__fold_01,0.9136398892314844,0.5384615384615384,142
XGBoost,provided_plus_rdkit_descriptors,repeat_01__fold_03,repeat_04__fold_02,0.8373012233655314,0.8181818181818182,142
XGBoost,provided_plus_rdkit_descriptors,repeat_01__fold_03,repeat_04__fold_03,0.9151532271702394,0.5384615384615384,142
XGBoost,provided_plus_rdkit_descriptors,repeat_01__fold_03,repeat_04__fold_04,0.9216271871864913,0.5384615384615384,142
XGBoost,provided_plus_rdkit_descriptors,repeat_01__fold_03,repeat_04__fold_05,0.8833872526846785,0.6666666666666666,142
XGBoost,provided_plus_rdkit_descriptors,repeat_01__fold_03,repeat_05__fold_01,0.9373594586666629,0.8181818181818182,142
XGBoost,provided_plus_rdkit_descriptors,repeat_01__fold_03,repeat_05__fold_02,0.9032436565356452,0.8181818181818182,142
XGBoost,provided_plus_rdkit_descriptors,repeat_01__fold_03,repeat_05__fold_03,0.901166256701762,0.6666666666666666,142
XGBoost,provided_plus_rdkit_descriptors,repeat_01__fold_03,repeat_05__fold_04,0.9064643119473003,0.6666666666666666,142
XGBoost,provided_plus_rdkit_descriptors,repeat_01__fold_03,repeat_05__fold_05,0.8802362235172093,0.6666666666666666,142
XGBoost,provided_plus_rdkit_descriptors,repeat_01__fold_03,repeat_06__fold_01,0.8543526757013646,0.8181818181818182,142
XGBoost,provided_plus_rdkit_descriptors,repeat_01__fold_03,repeat_06__fold_02,0.8785326012631409,0.6666666666666666,142
XGBoost,provided_plus_rdkit_descriptors,repeat_01__fold_03,repeat_06__fold_03,0.893472553343389,0.8181818181818182,142
XGBoost,provided_plus_rdkit_descriptors,repeat_01__fold_03,repeat_06__fold_04,0.9068071554691214,0.5384615384615384,142
XGBoost,provided_plus_rdkit_descriptors,repeat_01__fold_03,repeat_06__fold_05,0.9330692024270696,0.6666666666666666,142
XGBoost,provided_plus_rdkit_descriptors,repeat_01__fold_03,repeat_07__fold_01,0.9359146542127621,0.5384615384615384,142
XGBoost,provided_plus_rdkit_descriptors,repeat_01__fold_03,repeat_07__fold_02,0.9281264788303262,0.8181818181818182,142
XGBoost,provided_plus_rdkit_descriptors,repeat_01__fold_03,repeat_07__fold_03,0.8849064333157006,0.5384615384615384,142
XGBoost,provided_plus_rdkit_descriptors,repeat_01__fold_03,repeat_07__fold_04,0.885871405025877,0.6666666666666666,142
XGBoost,provided_plus_rdkit_descriptors,repeat_01__fold_03,repeat_07__fold_05,0.8820739012736295,0.6666666666666666,142
XGBoost,provided_plus_rdkit_descriptors,repeat_01__fold_03,repeat_08__fold_01,0.9089655794044615,0.5384615384615384,142
XGBoost,provided_plus_rdkit_descriptors,repeat_01__fold_03,repeat_08__fold_02,0.8885518819985891,0.8181818181818182,142
XGBoost,provided_plus_rdkit_descriptors,repeat_01__fold_03,repeat_08__fold_03,0.8694013371929628,0.8181818181818182,142
XGBoost,provided_plus_rdkit_descriptors,repeat_01__fold_03,repeat_08__fold_04,0.9089896634441448,0.6666666666666666,142
XGBoost,provided_plus_rdkit_descriptors,repeat_01__fold_03,repeat_08__fold_05,0.9117456791800751,0.8181818181818182,142
XGBoost,provided_plus_rdkit_descriptors,repeat_01__fold_03,repeat_09__fold_01,0.8786229019372925,0.8181818181818182,142
XGBoost,provided_plus_rdkit_descriptors,repeat_01__fold_03,repeat_09__fold_02,0.9349639148980541,0.42857142857142855,142
XGBoost,provided_plus_rdkit_descriptors,repeat_01__fold_03,repeat_09__fold_03,0.9129159002935658,0.8181818181818182,142
XGBoost,provided_plus_rdkit_descriptors,repeat_01__fold_03,repeat_09__fold_04,0.9032308407278268,0.6666666666666666,142
XGBoost,provided_plus_rdkit_descriptors,repeat_01__fold_03,repeat_09__fold_05,0.925878303756139,0.8181818181818182,142
XGBoost,provided_plus_rdkit_descriptors,repeat_01__fold_03,repeat_10__fold_01,0.91775209689468,0.6666666666666666,142
XGBoost,provided_plus_rdkit_descriptors,repeat_01__fold_03,repeat_10__fold_02,0.868112583006902,0.6666666666666666,142
XGBoost,provided_plus_rdkit_descriptors,repeat_01__fold_03,repeat_10__fold_03,0.9125059984800024,0.6666666666666666,142
XGBoost,provided_plus_rdkit_descriptors,repeat_01__fold_03,repeat_10__fold_04,0.9037872210965089,0.5384615384615384,142
XGBoost,provided_plus_rdkit_descriptors,repeat_01__fold_03,repeat_10__fold_05,0.9084511408018332,0.6666666666666666,142
XGBoost,provided_plus_rdkit_descriptors,repeat_01__fold_04,repeat_01__fold_05,0.9323097681638691,0.6666666666666666,142
XGBoost,provided_plus_rdkit_descriptors,repeat_01__fold_04,repeat_02__fold_01,0.9393277806667191,0.6666666666666666,142
XGBoost,provided_plus_rdkit_descriptors,repeat_01__fold_04,repeat_02__fold_02,0.9111725226492798,0.5384615384615384,142
XGBoost,provided_plus_rdkit_descriptors,repeat_01__fold_04,repeat_02__fold_03,0.9164474800413025,0.6666666666666666,142
XGBoost,provided_plus_rdkit_descriptors,repeat_01__fold_04,repeat_02__fold_04,0.8941345547553654,0.42857142857142855,142
XGBoost,provided_plus_rdkit_descriptors,repeat_01__fold_04,repeat_02__fold_05,0.9065012998476187,0.5384615384615384,142
XGBoost,provided_plus_rdkit_descriptors,repeat_01__fold_04,repeat_03__fold_01,0.9341162677981941,0.6666666666666666,142
XGBoost,provided_plus_rdkit_descriptors,repeat_01__fold_04,repeat_03__fold_02,0.9291948194235362,0.5384615384615384,142
XGBoost,provided_plus_rdkit_descriptors,repeat_01__fold_04,repeat_03__fold_03,0.9033734853703249,0.5384615384615384,142
XGBoost,provided_plus_rdkit_descriptors,repeat_01__fold_04,repeat_03__fold_04,0.9390306589472269,0.8181818181818182,142
XGBoost,provided_plus_rdkit_descriptors,repeat_01__fold_04,repeat_03__fold_05,0.902805154384211,0.5384615384615384,142
XGBoost,provided_plus_rdkit_descriptors,repeat_01__fold_04,repeat_04__fold_01,0.9313498959203503,0.5384615384615384,142
XGBoost,provided_plus_rdkit_descriptors,repeat_01__fold_04,repeat_04__fold_02,0.8550676602358964,0.8181818181818182,142
XGBoost,provided_plus_rdkit_descriptors,repeat_01__fold_04,repeat_04__fold_03,0.90834571912659,0.42857142857142855,142
XGBoost,provided_plus_rdkit_descriptors,repeat_01__fold_04,repeat_04__fold_04,0.9291292300977896,0.5384615384615384,142
XGBoost,provided_plus_rdkit_descriptors,repeat_01__fold_04,repeat_04__fold_05,0.9212984690854458,0.5384615384615384,142
XGBoost,provided_plus_rdkit_descriptors,repeat_01__fold_04,repeat_05__fold_01,0.9230711742220756,0.6666666666666666,142
XGBoost,provided_plus_rdkit_descriptors,repeat_01__fold_04,repeat_05__fold_02,0.9175779855984926,0.8181818181818182,142
XGBoost,provided_plus_rdkit_descriptors,repeat_01__fold_04,repeat_05__fold_03,0.9197749158465371,0.5384615384615384,142
XGBoost,provided_plus_rdkit_descriptors,repeat_01__fold_04,repeat_05__fold_04,0.9105217636645548,0.6666666666666666,142
XGBoost,provided_plus_rdkit_descriptors,repeat_01__fold_04,repeat_05__fold_05,0.9033818671625786,0.6666666666666666,142
XGBoost,provided_plus_rdkit_descriptors,repeat_01__fold_04,repeat_06__fold_01,0.8742902532687208,0.6666666666666666,142
XGBoost,provided_plus_rdkit_descriptors,repeat_01__fold_04,repeat_06__fold_02,0.8951588264421679,0.6666666666666666,142
XGBoost,provided_plus_rdkit_descriptors,repeat_01__fold_04,repeat_06__fold_03,0.9160186883837288,0.6666666666666666,142
XGBoost,provided_plus_rdkit_descriptors,repeat_01__fold_04,repeat_06__fold_04,0.9426087753635486,0.5384615384615384,142
XGBoost,provided_plus_rdkit_descriptors,repeat_01__fold_04,repeat_06__fold_05,0.9407702512857237,0.5384615384615384,142
XGBoost,provided_plus_rdkit_descriptors,repeat_01__fold_04,repeat_07__fold_01,0.9198123342781384,0.5384615384615384,142
XGBoost,provided_plus_rdkit_descriptors,repeat_01__fold_04,repeat_07__fold_02,0.9277158160470542,0.6666666666666666,142
XGBoost,provided_plus_rdkit_descriptors,repeat_01__fold_04,repeat_07__fold_03,0.8698581776984919,0.5384615384615384,142
XGBoost,provided_plus_rdkit_descriptors,repeat_01__fold_04,repeat_07__fold_04,0.9173513796562239,0.5384615384615384,142
XGBoost,provided_plus_rdkit_descriptors,repeat_01__fold_04,repeat_07__fold_05,0.8845976405996138,0.5384615384615384,142
XGBoost,provided_plus_rdkit_descriptors,repeat_01__fold_04,repeat_08__fold_01,0.895662250636924,0.5384615384615384,142
XGBoost,provided_plus_rdkit_descriptors,repeat_01__fold_04,repeat_08__fold_02,0.8990055356659377,0.6666666666666666,142
XGBoost,provided_plus_rdkit_descriptors,repeat_01__fold_04,repeat_08__fold_03,0.9052986204038638,0.6666666666666666,142
XGBoost,provided_plus_rdkit_descriptors,repeat_01__fold_04,repeat_08__fold_04,0.9174014551609122,0.5384615384615384,142
XGBoost,provided_plus_rdkit_descriptors,repeat_01__fold_04,repeat_08__fold_05,0.8878395301937129,0.6666666666666666,142
XGBoost,provided_plus_rdkit_descriptors,repeat_01__fold_04,repeat_09__fold_01,0.8939190612147335,0.6666666666666666,142
XGBoost,provided_plus_rdkit_descriptors,repeat_01__fold_04,repeat_09__fold_02,0.9084712443997439,0.42857142857142855,142
XGBoost,provided_plus_rdkit_descriptors,repeat_01__fold_04,repeat_09__fold_03,0.9164776830973212,0.6666666666666666,142
XGBoost,provided_plus_rdkit_descriptors,repeat_01__fold_04,repeat_09__fold_04,0.9148375826454767,0.6666666666666666,142
XGBoost,provided_plus_rdkit_descriptors,repeat_01__fold_04,repeat_09__fold_05,0.9234519509067118,0.6666666666666666,142
XGBoost,provided_plus_rdkit_descriptors,repeat_01__fold_04,repeat_10__fold_01,0.9330586541099021,0.5384615384615384,142
XGBoost,provided_plus_rdkit_descriptors,repeat_01__fold_04,repeat_10__fold_02,0.8579145989842581,0.5384615384615384,142
XGBoost,provided_plus_rdkit_descriptors,repeat_01__fold_04,repeat_10__fold_03,0.9063065701084617,0.5384615384615384,142
XGBoost,provided_plus_rdkit_descriptors,repeat_01__fold_04,repeat_10__fold_04,0.9222454904016657,0.5384615384615384,142
XGBoost,provided_plus_rdkit_descriptors,repeat_01__fold_04,repeat_10__fold_05,0.9307966984800936,0.5384615384615384,142
XGBoost,provided_plus_rdkit_descriptors,repeat_01__fold_05,repeat_02__fold_01,0.9270598629489636,0.6666666666666666,142
XGBoost,provided_plus_rdkit_descriptors,repeat_01__fold_05,repeat_02__fold_02,0.8861847941495631,0.5384615384615384,142
XGBoost,provided_plus_rdkit_descriptors,repeat_01__fold_05,repeat_02__fold_03,0.9131471824532316,0.5384615384615384,142
XGBoost,provided_plus_rdkit_descriptors,repeat_01__fold_05,repeat_02__fold_04,0.8979166289941835,0.42857142857142855,142
XGBoost,provided_plus_rdkit_descriptors,repeat_01__fold_05,repeat_02__fold_05,0.9134337342184947,0.6666666666666666,142
XGBoost,provided_plus_rdkit_descriptors,repeat_01__fold_05,repeat_03__fold_01,0.9146721162126381,0.6666666666666666,142
XGBoost,provided_plus_rdkit_descriptors,repeat_01__fold_05,repeat_03__fold_02,0.9333904334167127,0.5384615384615384,142
XGBoost,provided_plus_rdkit_descriptors,repeat_01__fold_05,repeat_03__fold_03,0.9248297904158506,0.5384615384615384,142
XGBoost,provided_plus_rdkit_descriptors,repeat_01__fold_05,repeat_03__fold_04,0.9150001655208231,0.6666666666666666,142
XGBoost,provided_plus_rdkit_descriptors,repeat_01__fold_05,repeat_03__fold_05,0.9140115713728112,0.5384615384615384,142
XGBoost,provided_plus_rdkit_descriptors,repeat_01__fold_05,repeat_04__fold_01,0.9153787606941877,0.5384615384615384,142
XGBoost,provided_plus_rdkit_descriptors,repeat_01__fold_05,repeat_04__fold_02,0.8788841417728526,0.5384615384615384,142
XGBoost,provided_plus_rdkit_descriptors,repeat_01__fold_05,repeat_04__fold_03,0.9162488288777585,0.42857142857142855,142
XGBoost,provided_plus_rdkit_descriptors,repeat_01__fold_05,repeat_04__fold_04,0.9157249368151397,0.5384615384615384,142
XGBoost,provided_plus_rdkit_descriptors,repeat_01__fold_05,repeat_04__fold_05,0.9157290502955515,0.5384615384615384,142
XGBoost,provided_plus_rdkit_descriptors,repeat_01__fold_05,repeat_05__fold_01,0.918899903367045,0.6666666666666666,142
XGBoost,provided_plus_rdkit_descriptors,repeat_01__fold_05,repeat_05__fold_02,0.9130526936049123,0.6666666666666666,142
XGBoost,provided_plus_rdkit_descriptors,repeat_01__fold_05,repeat_05__fold_03,0.9319747954637958,0.5384615384615384,142
XGBoost,provided_plus_rdkit_descriptors,repeat_01__fold_05,repeat_05__fold_04,0.923657987356379,0.6666666666666666,142
XGBoost,provided_plus_rdkit_descriptors,repeat_01__fold_05,repeat_05__fold_05,0.9157161048101323,0.42857142857142855,142
XGBoost,provided_plus_rdkit_descriptors,repeat_01__fold_05,repeat_06__fold_01,0.9019874211622921,0.6666666666666666,142
XGBoost,provided_plus_rdkit_descriptors,repeat_01__fold_05,repeat_06__fold_02,0.9088121439798453,0.5384615384615384,142
XGBoost,provided_plus_rdkit_descriptors,repeat_01__fold_05,repeat_06__fold_03,0.9249897866028169,0.6666666666666666,142
XGBoost,provided_plus_rdkit_descriptors,repeat_01__fold_05,repeat_06__fold_04,0.9124403069045117,0.5384615384615384,142
XGBoost,provided_plus_rdkit_descriptors,repeat_01__fold_05,repeat_06__fold_05,0.9397440017084814,0.5384615384615384,142
XGBoost,provided_plus_rdkit_descriptors,repeat_01__fold_05,repeat_07__fold_01,0.9133297305265657,0.6666666666666666,142
XGBoost,provided_plus_rdkit_descriptors,repeat_01__fold_05,repeat_07__fold_02,0.9298195301735241,0.8181818181818182,142
XGBoost,provided_plus_rdkit_descriptors,repeat_01__fold_05,repeat_07__fold_03,0.8825524881105756,0.5384615384615384,142
XGBoost,provided_plus_rdkit_descriptors,repeat_01__fold_05,repeat_07__fold_04,0.8948992361160445,0.5384615384615384,142
XGBoost,provided_plus_rdkit_descriptors,repeat_01__fold_05,repeat_07__fold_05,0.9211724876324449,0.5384615384615384,142
XGBoost,provided_plus_rdkit_descriptors,repeat_01__fold_05,repeat_08__fold_01,0.9038256018461469,0.5384615384615384,142
XGBoost,provided_plus_rdkit_descriptors,repeat_01__fold_05,repeat_08__fold_02,0.9293908084781008,0.5384615384615384,142
XGBoost,provided_plus_rdkit_descriptors,repeat_01__fold_05,repeat_08__fold_03,0.8945542543946553,0.6666666666666666,142
XGBoost,provided_plus_rdkit_descriptors,repeat_01__fold_05,repeat_08__fold_04,0.8906514500254606,0.5384615384615384,142
XGBoost,provided_plus_rdkit_descriptors,repeat_01__fold_05,repeat_08__fold_05,0.9178571154659941,0.6666666666666666,142
XGBoost,provided_plus_rdkit_descriptors,repeat_01__fold_05,repeat_09__fold_01,0.8783524642447039,0.6666666666666666,142
XGBoost,provided_plus_rdkit_descriptors,repeat_01__fold_05,repeat_09__fold_02,0.9255817781918049,0.42857142857142855,142
XGBoost,provided_plus_rdkit_descriptors,repeat_01__fold_05,repeat_09__fold_03,0.932992621468043,0.6666666666666666,142
XGBoost,provided_plus_rdkit_descriptors,repeat_01__fold_05,repeat_09__fold_04,0.9103096031119264,0.8181818181818182,142
XGBoost,provided_plus_rdkit_descriptors,repeat_01__fold_05,repeat_09__fold_05,0.9294828019667687,0.5384615384615384,142
XGBoost,provided_plus_rdkit_descriptors,repeat_01__fold_05,repeat_10__fold_01,0.9168577952310556,0.5384615384615384,142
XGBoost,provided_plus_rdkit_descriptors,repeat_01__fold_05,repeat_10__fold_02,0.8682417917494233,0.5384615384615384,142
XGBoost,provided_plus_rdkit_descriptors,repeat_01__fold_05,repeat_10__fold_03,0.9169492874985719,0.5384615384615384,142
XGBoost,provided_plus_rdkit_descriptors,repeat_01__fold_05,repeat_10__fold_04,0.8936627581436498,0.5384615384615384,142
XGBoost,provided_plus_rdkit_descriptors,repeat_01__fold_05,repeat_10__fold_05,0.9305850980274896,0.5384615384615384,142
XGBoost,provided_plus_rdkit_descriptors,repeat_02__fold_01,repeat_02__fold_02,0.9220090192182399,0.6666666666666666,142
XGBoost,provided_plus_rdkit_descriptors,repeat_02__fold_01,repeat_02__fold_03,0.9115892011135444,0.6666666666666666,142
XGBoost,provided_plus_rdkit_descriptors,repeat_02__fold_01,repeat_02__fold_04,0.9226255011220363,0.5384615384615384,142
XGBoost,provided_plus_rdkit_descriptors,repeat_02__fold_01,repeat_02__fold_05,0.9163764763490253,0.6666666666666666,142
XGBoost,provided_plus_rdkit_descriptors,repeat_02__fold_01,repeat_03__fold_01,0.9312523999979533,0.8181818181818182,142
XGBoost,provided_plus_rdkit_descriptors,repeat_02__fold_01,repeat_03__fold_02,0.9273082825782212,0.6666666666666666,142
XGBoost,provided_plus_rdkit_descriptors,repeat_02__fold_01,repeat_03__fold_03,0.90060485467193,0.6666666666666666,142
XGBoost,provided_plus_rdkit_descriptors,repeat_02__fold_01,repeat_03__fold_04,0.9438725408863767,0.6666666666666666,142
XGBoost,provided_plus_rdkit_descriptors,repeat_02__fold_01,repeat_03__fold_05,0.9139795928161777,0.6666666666666666,142
XGBoost,provided_plus_rdkit_descriptors,repeat_02__fold_01,repeat_04__fold_01,0.9294084714349247,0.5384615384615384,142
XGBoost,provided_plus_rdkit_descriptors,repeat_02__fold_01,repeat_04__fold_02,0.8872307394442747,0.5384615384615384,142
XGBoost,provided_plus_rdkit_descriptors,repeat_02__fold_01,repeat_04__fold_03,0.8876155943578413,0.5384615384615384,142
XGBoost,provided_plus_rdkit_descriptors,repeat_02__fold_01,repeat_04__fold_04,0.9052868938994852,0.6666666666666666,142
XGBoost,provided_plus_rdkit_descriptors,repeat_02__fold_01,repeat_04__fold_05,0.8959135437263489,0.5384615384615384,142
XGBoost,provided_plus_rdkit_descriptors,repeat_02__fold_01,repeat_05__fold_01,0.921969906293854,0.8181818181818182,142
XGBoost,provided_plus_rdkit_descriptors,repeat_02__fold_01,repeat_05__fold_02,0.9276688824247343,0.8181818181818182,142
XGBoost,provided_plus_rdkit_descriptors,repeat_02__fold_01,repeat_05__fold_03,0.9146136892947019,0.6666666666666666,142
XGBoost,provided_plus_rdkit_descriptors,repeat_02__fold_01,repeat_05__fold_04,0.9390702982142065,0.8181818181818182,142
XGBoost,provided_plus_rdkit_descriptors,repeat_02__fold_01,repeat_05__fold_05,0.9125540949633272,0.42857142857142855,142
XGBoost,provided_plus_rdkit_descriptors,repeat_02__fold_01,repeat_06__fold_01,0.8933345481895747,0.8181818181818182,142
XGBoost,provided_plus_rdkit_descriptors,repeat_02__fold_01,repeat_06__fold_02,0.8875508073515842,0.5384615384615384,142
XGBoost,provided_plus_rdkit_descriptors,repeat_02__fold_01,repeat_06__fold_03,0.9164954598400858,0.8181818181818182,142
XGBoost,provided_plus_rdkit_descriptors,repeat_02__fold_01,repeat_06__fold_04,0.9301960136231289,0.6666666666666666,142
XGBoost,provided_plus_rdkit_descriptors,repeat_02__fold_01,repeat_06__fold_05,0.9453824290980674,0.5384615384615384,142
XGBoost,provided_plus_rdkit_descriptors,repeat_02__fold_01,repeat_07__fold_01,0.9120276044475103,0.5384615384615384,142
XGBoost,provided_plus_rdkit_descriptors,repeat_02__fold_01,repeat_07__fold_02,0.9310585152032939,0.6666666666666666,142
XGBoost,provided_plus_rdkit_descriptors,repeat_02__fold_01,repeat_07__fold_03,0.8842233937996471,0.6666666666666666,142
XGBoost,provided_plus_rdkit_descriptors,repeat_02__fold_01,repeat_07__fold_04,0.903034251106179,0.6666666666666666,142
XGBoost,provided_plus_rdkit_descriptors,repeat_02__fold_01,repeat_07__fold_05,0.902151687405269,0.6666666666666666,142
XGBoost,provided_plus_rdkit_descriptors,repeat_02__fold_01,repeat_08__fold_01,0.8811945569451326,0.5384615384615384,142
XGBoost,provided_plus_rdkit_descriptors,repeat_02__fold_01,repeat_08__fold_02,0.8702577573144948,0.6666666666666666,142
XGBoost,provided_plus_rdkit_descriptors,repeat_02__fold_01,repeat_08__fold_03,0.9095778562245707,0.8181818181818182,142
XGBoost,provided_plus_rdkit_descriptors,repeat_02__fold_01,repeat_08__fold_04,0.9108472262308497,0.5384615384615384,142
XGBoost,provided_plus_rdkit_descriptors,repeat_02__fold_01,repeat_08__fold_05,0.9113440834727328,0.8181818181818182,142
XGBoost,provided_plus_rdkit_descriptors,repeat_02__fold_01,repeat_09__fold_01,0.9046295469437289,0.8181818181818182,142
XGBoost,provided_plus_rdkit_descriptors,repeat_02__fold_01,repeat_09__fold_02,0.9218227750130975,0.5384615384615384,142
XGBoost,provided_plus_rdkit_descriptors,repeat_02__fold_01,repeat_09__fold_03,0.9148973634842912,0.8181818181818182,142
XGBoost,provided_plus_rdkit_descriptors,repeat_02__fold_01,repeat_09__fold_04,0.9153443453408913,0.6666666666666666,142
XGBoost,provided_plus_rdkit_descriptors,repeat_02__fold_01,repeat_09__fold_05,0.8964781640301345,0.6666666666666666,142
XGBoost,provided_plus_rdkit_descriptors,repeat_02__fold_01,repeat_10__fold_01,0.9025186563984497,0.5384615384615384,142
XGBoost,provided_plus_rdkit_descriptors,repeat_02__fold_01,repeat_10__fold_02,0.868784466261611,0.5384615384615384,142
XGBoost,provided_plus_rdkit_descriptors,repeat_02__fold_01,repeat_10__fold_03,0.9015187662582836,0.6666666666666666,142
XGBoost,provided_plus_rdkit_descriptors,repeat_02__fold_01,repeat_10__fold_04,0.9210904214013249,0.6666666666666666,142
XGBoost,provided_plus_rdkit_descriptors,repeat_02__fold_01,repeat_10__fold_05,0.9163810297385719,0.6666666666666666,142
XGBoost,provided_plus_rdkit_descriptors,repeat_02__fold_02,repeat_02__fold_03,0.9092560400032583,0.6666666666666666,142
XGBoost,provided_plus_rdkit_descriptors,repeat_02__fold_02,repeat_02__fold_04,0.9060399981456624,0.6666666666666666,142
XGBoost,provided_plus_rdkit_descriptors,repeat_02__fold_02,repeat_02__fold_05,0.9146872639354161,0.6666666666666666,142
XGBoost,provided_plus_rdkit_descriptors,repeat_02__fold_02,repeat_03__fold_01,0.8868818695511415,0.6666666666666666,142
XGBoost,provided_plus_rdkit_descriptors,repeat_02__fold_02,repeat_03__fold_02,0.9059433402276599,0.5384615384615384,142
XGBoost,provided_plus_rdkit_descriptors,repeat_02__fold_02,repeat_03__fold_03,0.8911547962333675,0.8181818181818182,142
XGBoost,provided_plus_rdkit_descriptors,repeat_02__fold_02,repeat_03__fold_04,0.9447825857435942,0.5384615384615384,142
XGBoost,provided_plus_rdkit_descriptors,repeat_02__fold_02,repeat_03__fold_05,0.9099212321334391,0.6666666666666666,142
XGBoost,provided_plus_rdkit_descriptors,repeat_02__fold_02,repeat_04__fold_01,0.9200647218818173,0.6666666666666666,142
XGBoost,provided_plus_rdkit_descriptors,repeat_02__fold_02,repeat_04__fold_02,0.8696950882088312,0.5384615384615384,142
XGBoost,provided_plus_rdkit_descriptors,repeat_02__fold_02,repeat_04__fold_03,0.8760854387953293,0.5384615384615384,142
XGBoost,provided_plus_rdkit_descriptors,repeat_02__fold_02,repeat_04__fold_04,0.9041758415777105,0.5384615384615384,142
XGBoost,provided_plus_rdkit_descriptors,repeat_02__fold_02,repeat_04__fold_05,0.8978524867574227,0.5384615384615384,142
XGBoost,provided_plus_rdkit_descriptors,repeat_02__fold_02,repeat_05__fold_01,0.9182393309915459,0.8181818181818182,142
XGBoost,provided_plus_rdkit_descriptors,repeat_02__fold_02,repeat_05__fold_02,0.9153117946763346,0.6666666666666666,142
XGBoost,provided_plus_rdkit_descriptors,repeat_02__fold_02,repeat_05__fold_03,0.8737122079584815,1.0,142
XGBoost,provided_plus_rdkit_descriptors,repeat_02__fold_02,repeat_05__fold_04,0.9036218657277263,0.6666666666666666,142
XGBoost,provided_plus_rdkit_descriptors,repeat_02__fold_02,repeat_05__fold_05,0.9080984141532028,0.5384615384615384,142
XGBoost,provided_plus_rdkit_descriptors,repeat_02__fold_02,repeat_06__fold_01,0.911392452707622,0.8181818181818182,142
XGBoost,provided_plus_rdkit_descriptors,repeat_02__fold_02,repeat_06__fold_02,0.8777387238278185,0.42857142857142855,142
XGBoost,provided_plus_rdkit_descriptors,repeat_02__fold_02,repeat_06__fold_03,0.921477264251486,0.8181818181818182,142
XGBoost,provided_plus_rdkit_descriptors,repeat_02__fold_02,repeat_06__fold_04,0.9170384384894622,0.6666666666666666,142
XGBoost,provided_plus_rdkit_descriptors,repeat_02__fold_02,repeat_06__fold_05,0.9304555568272884,0.6666666666666666,142
XGBoost,provided_plus_rdkit_descriptors,repeat_02__fold_02,repeat_07__fold_01,0.8821738280816357,0.42857142857142855,142
XGBoost,provided_plus_rdkit_descriptors,repeat_02__fold_02,repeat_07__fold_02,0.9233680073583251,0.6666666666666666,142
XGBoost,provided_plus_rdkit_descriptors,repeat_02__fold_02,repeat_07__fold_03,0.9206514492181909,0.5384615384615384,142
XGBoost,provided_plus_rdkit_descriptors,repeat_02__fold_02,repeat_07__fold_04,0.9269614060748053,0.6666666666666666,142
XGBoost,provided_plus_rdkit_descriptors,repeat_02__fold_02,repeat_07__fold_05,0.8900779974605478,0.8181818181818182,142
XGBoost,provided_plus_rdkit_descriptors,repeat_02__fold_02,repeat_08__fold_01,0.8960827777071473,0.42857142857142855,142
XGBoost,provided_plus_rdkit_descriptors,repeat_02__fold_02,repeat_08__fold_02,0.8891016649351199,0.8181818181818182,142
XGBoost,provided_plus_rdkit_descriptors,repeat_02__fold_02,repeat_08__fold_03,0.868987364088334,0.8181818181818182,142
XGBoost,provided_plus_rdkit_descriptors,repeat_02__fold_02,repeat_08__fold_04,0.9120328602795473,0.5384615384615384,142
XGBoost,provided_plus_rdkit_descriptors,repeat_02__fold_02,repeat_08__fold_05,0.8884641984280183,0.8181818181818182,142
XGBoost,provided_plus_rdkit_descriptors,repeat_02__fold_02,repeat_09__fold_01,0.8984013984276215,0.8181818181818182,142
XGBoost,provided_plus_rdkit_descriptors,repeat_02__fold_02,repeat_09__fold_02,0.9085058706918823,0.5384615384615384,142
XGBoost,provided_plus_rdkit_descriptors,repeat_02__fold_02,repeat_09__fold_03,0.9124924350657269,0.8181818181818182,142
XGBoost,provided_plus_rdkit_descriptors,repeat_02__fold_02,repeat_09__fold_04,0.9149512654209216,0.5384615384615384,142
XGBoost,provided_plus_rdkit_descriptors,repeat_02__fold_02,repeat_09__fold_05,0.9108023153558793,0.6666666666666666,142
XGBoost,provided_plus_rdkit_descriptors,repeat_02__fold_02,repeat_10__fold_01,0.894890825517644,0.6666666666666666,142
XGBoost,provided_plus_rdkit_descriptors,repeat_02__fold_02,repeat_10__fold_02,0.8736644117380763,0.6666666666666666,142
XGBoost,provided_plus_rdkit_descriptors,repeat_02__fold_02,repeat_10__fold_03,0.8808799454454029,0.6666666666666666,142
XGBoost,provided_plus_rdkit_descriptors,repeat_02__fold_02,repeat_10__fold_04,0.9179878706801802,0.8181818181818182,142
XGBoost,provided_plus_rdkit_descriptors,repeat_02__fold_02,repeat_10__fold_05,0.8757367511084274,0.8181818181818182,142
XGBoost,provided_plus_rdkit_descriptors,repeat_02__fold_03,repeat_02__fold_04,0.8901629630685851,0.5384615384615384,142
XGBoost,provided_plus_rdkit_descriptors,repeat_02__fold_03,repeat_02__fold_05,0.9159369457036569,0.6666666666666666,142
XGBoost,provided_plus_rdkit_descriptors,repeat_02__fold_03,repeat_03__fold_01,0.9016154461912,0.6666666666666666,142
XGBoost,provided_plus_rdkit_descriptors,repeat_02__fold_03,repeat_03__fold_02,0.9037096284825793,0.6666666666666666,142
XGBoost,provided_plus_rdkit_descriptors,repeat_02__fold_03,repeat_03__fold_03,0.9394445564772533,0.8181818181818182,142
XGBoost,provided_plus_rdkit_descriptors,repeat_02__fold_03,repeat_03__fold_04,0.9098723915473135,0.6666666666666666,142
XGBoost,provided_plus_rdkit_descriptors,repeat_02__fold_03,repeat_03__fold_05,0.9184850511517044,0.6666666666666666,142
XGBoost,provided_plus_rdkit_descriptors,repeat_02__fold_03,repeat_04__fold_01,0.923973599953303,0.5384615384615384,142
XGBoost,provided_plus_rdkit_descriptors,repeat_02__fold_03,repeat_04__fold_02,0.9114526011986427,0.6666666666666666,142
XGBoost,provided_plus_rdkit_descriptors,repeat_02__fold_03,repeat_04__fold_03,0.901011499765806,0.5384615384615384,142
XGBoost,provided_plus_rdkit_descriptors,repeat_02__fold_03,repeat_04__fold_04,0.9270483514459499,0.6666666666666666,142
XGBoost,provided_plus_rdkit_descriptors,repeat_02__fold_03,repeat_04__fold_05,0.9320670881957798,0.42857142857142855,142
XGBoost,provided_plus_rdkit_descriptors,repeat_02__fold_03,repeat_05__fold_01,0.9140850494979319,0.6666666666666666,142
XGBoost,provided_plus_rdkit_descriptors,repeat_02__fold_03,repeat_05__fold_02,0.9275316390911583,0.8181818181818182,142
XGBoost,provided_plus_rdkit_descriptors,repeat_02__fold_03,repeat_05__fold_03,0.920398295876185,0.6666666666666666,142
XGBoost,provided_plus_rdkit_descriptors,repeat_02__fold_03,repeat_05__fold_04,0.9042316305883473,0.6666666666666666,142
XGBoost,provided_plus_rdkit_descriptors,repeat_02__fold_03,repeat_05__fold_05,0.9101938403281263,0.6666666666666666,142
XGBoost,provided_plus_rdkit_descriptors,repeat_02__fold_03,repeat_06__fold_01,0.9014260149135616,0.6666666666666666,142
XGBoost,provided_plus_rdkit_descriptors,repeat_02__fold_03,repeat_06__fold_02,0.8928240453413847,0.6666666666666666,142
XGBoost,provided_plus_rdkit_descriptors,repeat_02__fold_03,repeat_06__fold_03,0.8977428072340873,0.6666666666666666,142
XGBoost,provided_plus_rdkit_descriptors,repeat_02__fold_03,repeat_06__fold_04,0.9219257686312241,0.5384615384615384,142
XGBoost,provided_plus_rdkit_descriptors,repeat_02__fold_03,repeat_06__fold_05,0.9261878773963923,0.6666666666666666,142
XGBoost,provided_plus_rdkit_descriptors,repeat_02__fold_03,repeat_07__fold_01,0.9015341989253611,0.5384615384615384,142
XGBoost,provided_plus_rdkit_descriptors,repeat_02__fold_03,repeat_07__fold_02,0.9222488698375753,0.5384615384615384,142
XGBoost,provided_plus_rdkit_descriptors,repeat_02__fold_03,repeat_07__fold_03,0.9125380579411686,0.6666666666666666,142
XGBoost,provided_plus_rdkit_descriptors,repeat_02__fold_03,repeat_07__fold_04,0.8668481233795954,0.6666666666666666,142
XGBoost,provided_plus_rdkit_descriptors,repeat_02__fold_03,repeat_07__fold_05,0.9220641851857906,0.8181818181818182,142
XGBoost,provided_plus_rdkit_descriptors,repeat_02__fold_03,repeat_08__fold_01,0.9319931901318801,0.5384615384615384,142
XGBoost,provided_plus_rdkit_descriptors,repeat_02__fold_03,repeat_08__fold_02,0.9138193197762203,0.6666666666666666,142
XGBoost,provided_plus_rdkit_descriptors,repeat_02__fold_03,repeat_08__fold_03,0.9118356406873342,0.6666666666666666,142
XGBoost,provided_plus_rdkit_descriptors,repeat_02__fold_03,repeat_08__fold_04,0.9019922874526666,0.5384615384615384,142
XGBoost,provided_plus_rdkit_descriptors,repeat_02__fold_03,repeat_08__fold_05,0.9219331707392163,0.6666666666666666,142
XGBoost,provided_plus_rdkit_descriptors,repeat_02__fold_03,repeat_09__fold_01,0.8797796140096974,0.6666666666666666,142
XGBoost,provided_plus_rdkit_descriptors,repeat_02__fold_03,repeat_09__fold_02,0.9052400767763666,0.5384615384615384,142
XGBoost,provided_plus_rdkit_descriptors,repeat_02__fold_03,repeat_09__fold_03,0.9235023797536372,0.6666666666666666,142
XGBoost,provided_plus_rdkit_descriptors,repeat_02__fold_03,repeat_09__fold_04,0.9553074557543766,0.5384615384615384,142
XGBoost,provided_plus_rdkit_descriptors,repeat_02__fold_03,repeat_09__fold_05,0.9202463144358203,0.8181818181818182,142
XGBoost,provided_plus_rdkit_descriptors,repeat_02__fold_03,repeat_10__fold_01,0.8950684778797245,0.6666666666666666,142
XGBoost,provided_plus_rdkit_descriptors,repeat_02__fold_03,repeat_10__fold_02,0.8885610331320557,0.42857142857142855,142
XGBoost,provided_plus_rdkit_descriptors,repeat_02__fold_03,repeat_10__fold_03,0.8900991888512864,0.6666666666666666,142
XGBoost,provided_plus_rdkit_descriptors,repeat_02__fold_03,repeat_10__fold_04,0.91645078319858,0.6666666666666666,142
XGBoost,provided_plus_rdkit_descriptors,repeat_02__fold_03,repeat_10__fold_05,0.9268211007777181,0.8181818181818182,142
XGBoost,provided_plus_rdkit_descriptors,repeat_02__fold_04,repeat_02__fold_05,0.8829126146994023,0.6666666666666666,142
XGBoost,provided_plus_rdkit_descriptors,repeat_02__fold_04,repeat_03__fold_01,0.8904498878209691,0.42857142857142855,142
XGBoost,provided_plus_rdkit_descriptors,repeat_02__fold_04,repeat_03__fold_02,0.8963953966091041,0.5384615384615384,142
XGBoost,provided_plus_rdkit_descriptors,repeat_02__fold_04,repeat_03__fold_03,0.8993712616245203,0.6666666666666666,142
XGBoost,provided_plus_rdkit_descriptors,repeat_02__fold_04,repeat_03__fold_04,0.9051067427317708,0.42857142857142855,142
XGBoost,provided_plus_rdkit_descriptors,repeat_02__fold_04,repeat_03__fold_05,0.8998966745168316,0.6666666666666666,142
XGBoost,provided_plus_rdkit_descriptors,repeat_02__fold_04,repeat_04__fold_01,0.895770943889816,0.42857142857142855,142
XGBoost,provided_plus_rdkit_descriptors,repeat_02__fold_04,repeat_04__fold_02,0.8704317698431016,0.5384615384615384,142
XGBoost,provided_plus_rdkit_descriptors,repeat_02__fold_04,repeat_04__fold_03,0.8504899284206636,0.6666666666666666,142
XGBoost,provided_plus_rdkit_descriptors,repeat_02__fold_04,repeat_04__fold_04,0.8601768346817505,0.5384615384615384,142
XGBoost,provided_plus_rdkit_descriptors,repeat_02__fold_04,repeat_04__fold_05,0.9079813478510054,0.42857142857142855,142
XGBoost,provided_plus_rdkit_descriptors,repeat_02__fold_04,repeat_05__fold_01,0.9132901530675704,0.6666666666666666,142
XGBoost,provided_plus_rdkit_descriptors,repeat_02__fold_04,repeat_05__fold_02,0.9141498667737402,0.5384615384615384,142
XGBoost,provided_plus_rdkit_descriptors,repeat_02__fold_04,repeat_05__fold_03,0.9077378808554948,0.6666666666666666,142
XGBoost,provided_plus_rdkit_descriptors,repeat_02__fold_04,repeat_05__fold_04,0.8998755669184795,0.5384615384615384,142
XGBoost,provided_plus_rdkit_descriptors,repeat_02__fold_04,repeat_05__fold_05,0.919424760009874,0.42857142857142855,142
XGBoost,provided_plus_rdkit_descriptors,repeat_02__fold_04,repeat_06__fold_01,0.8993936208272706,0.6666666666666666,142
XGBoost,provided_plus_rdkit_descriptors,repeat_02__fold_04,repeat_06__fold_02,0.8949345083080049,0.5384615384615384,142
XGBoost,provided_plus_rdkit_descriptors,repeat_02__fold_04,repeat_06__fold_03,0.9001022209831802,0.6666666666666666,142
XGBoost,provided_plus_rdkit_descriptors,repeat_02__fold_04,repeat_06__fold_04,0.8973210338991043,0.6666666666666666,142
XGBoost,provided_plus_rdkit_descriptors,repeat_02__fold_04,repeat_06__fold_05,0.9261270892786637,0.5384615384615384,142
XGBoost,provided_plus_rdkit_descriptors,repeat_02__fold_04,repeat_07__fold_01,0.8708972444207707,0.5384615384615384,142
XGBoost,provided_plus_rdkit_descriptors,repeat_02__fold_04,repeat_07__fold_02,0.8980923994531042,0.5384615384615384,142
XGBoost,provided_plus_rdkit_descriptors,repeat_02__fold_04,repeat_07__fold_03,0.8630884789472372,0.6666666666666666,142
XGBoost,provided_plus_rdkit_descriptors,repeat_02__fold_04,repeat_07__fold_04,0.8973030432841269,0.6666666666666666,142
XGBoost,provided_plus_rdkit_descriptors,repeat_02__fold_04,repeat_07__fold_05,0.882935427269383,0.6666666666666666,142
XGBoost,provided_plus_rdkit_descriptors,repeat_02__fold_04,repeat_08__fold_01,0.890401315141612,0.5384615384615384,142
XGBoost,provided_plus_rdkit_descriptors,repeat_02__fold_04,repeat_08__fold_02,0.856227660408748,0.6666666666666666,142
XGBoost,provided_plus_rdkit_descriptors,repeat_02__fold_04,repeat_08__fold_03,0.8710882942217898,0.6666666666666666,142
XGBoost,provided_plus_rdkit_descriptors,repeat_02__fold_04,repeat_08__fold_04,0.9018440574704046,0.6666666666666666,142
XGBoost,provided_plus_rdkit_descriptors,repeat_02__fold_04,repeat_08__fold_05,0.8971077905310091,0.6666666666666666,142
XGBoost,provided_plus_rdkit_descriptors,repeat_02__fold_04,repeat_09__fold_01,0.8730525841762649,0.6666666666666666,142
XGBoost,provided_plus_rdkit_descriptors,repeat_02__fold_04,repeat_09__fold_02,0.9041485176133387,0.42857142857142855,142
XGBoost,provided_plus_rdkit_descriptors,repeat_02__fold_04,repeat_09__fold_03,0.928809830592462,0.6666666666666666,142
XGBoost,provided_plus_rdkit_descriptors,repeat_02__fold_04,repeat_09__fold_04,0.8965716946698199,0.42857142857142855,142
XGBoost,provided_plus_rdkit_descriptors,repeat_02__fold_04,repeat_09__fold_05,0.8634580550200075,0.6666666666666666,142
XGBoost,provided_plus_rdkit_descriptors,repeat_02__fold_04,repeat_10__fold_01,0.8601742579395996,0.6666666666666666,142
XGBoost,provided_plus_rdkit_descriptors,repeat_02__fold_04,repeat_10__fold_02,0.8486403671511151,0.6666666666666666,142
XGBoost,provided_plus_rdkit_descriptors,repeat_02__fold_04,repeat_10__fold_03,0.8627622716356015,0.8181818181818182,142
XGBoost,provided_plus_rdkit_descriptors,repeat_02__fold_04,repeat_10__fold_04,0.883189199098476,0.6666666666666666,142
XGBoost,provided_plus_rdkit_descriptors,repeat_02__fold_04,repeat_10__fold_05,0.8731237409207576,0.6666666666666666,142
XGBoost,provided_plus_rdkit_descriptors,repeat_02__fold_05,repeat_03__fold_01,0.9195595221421405,0.5384615384615384,142
XGBoost,provided_plus_rdkit_descriptors,repeat_02__fold_05,repeat_03__fold_02,0.9003330129011504,0.6666666666666666,142
XGBoost,provided_plus_rdkit_descriptors,repeat_02__fold_05,repeat_03__fold_03,0.916764187293509,0.8181818181818182,142
XGBoost,provided_plus_rdkit_descriptors,repeat_02__fold_05,repeat_03__fold_04,0.9091630389759967,0.5384615384615384,142
XGBoost,provided_plus_rdkit_descriptors,repeat_02__fold_05,repeat_03__fold_05,0.9222084148940964,0.8181818181818182,142
XGBoost,provided_plus_rdkit_descriptors,repeat_02__fold_05,repeat_04__fold_01,0.9315483703184861,0.42857142857142855,142
XGBoost,provided_plus_rdkit_descriptors,repeat_02__fold_05,repeat_04__fold_02,0.9011290499849922,0.6666666666666666,142
XGBoost,provided_plus_rdkit_descriptors,repeat_02__fold_05,repeat_04__fold_03,0.9320970801506276,0.6666666666666666,142
XGBoost,provided_plus_rdkit_descriptors,repeat_02__fold_05,repeat_04__fold_04,0.9139599336926676,0.6666666666666666,142
XGBoost,provided_plus_rdkit_descriptors,repeat_02__fold_05,repeat_04__fold_05,0.9163128807169245,0.5384615384615384,142
XGBoost,provided_plus_rdkit_descriptors,repeat_02__fold_05,repeat_05__fold_01,0.9369616941741389,0.8181818181818182,142
XGBoost,provided_plus_rdkit_descriptors,repeat_02__fold_05,repeat_05__fold_02,0.9319904391690985,0.6666666666666666,142
XGBoost,provided_plus_rdkit_descriptors,repeat_02__fold_05,repeat_05__fold_03,0.8789065297070628,0.6666666666666666,142
XGBoost,provided_plus_rdkit_descriptors,repeat_02__fold_05,repeat_05__fold_04,0.9351397124128247,0.6666666666666666,142
XGBoost,provided_plus_rdkit_descriptors,repeat_02__fold_05,repeat_05__fold_05,0.9169547568214506,0.5384615384615384,142
XGBoost,provided_plus_rdkit_descriptors,repeat_02__fold_05,repeat_06__fold_01,0.8684236175590411,0.8181818181818182,142
XGBoost,provided_plus_rdkit_descriptors,repeat_02__fold_05,repeat_06__fold_02,0.8933516467224922,0.5384615384615384,142
XGBoost,provided_plus_rdkit_descriptors,repeat_02__fold_05,repeat_06__fold_03,0.939688538866942,0.8181818181818182,142
XGBoost,provided_plus_rdkit_descriptors,repeat_02__fold_05,repeat_06__fold_04,0.916400131335141,0.5384615384615384,142
XGBoost,provided_plus_rdkit_descriptors,repeat_02__fold_05,repeat_06__fold_05,0.946492594810614,0.6666666666666666,142
XGBoost,provided_plus_rdkit_descriptors,repeat_02__fold_05,repeat_07__fold_01,0.8950374455565387,0.6666666666666666,142
XGBoost,provided_plus_rdkit_descriptors,repeat_02__fold_05,repeat_07__fold_02,0.9372397001718417,0.8181818181818182,142
XGBoost,provided_plus_rdkit_descriptors,repeat_02__fold_05,repeat_07__fold_03,0.9328059865038166,0.6666666666666666,142
XGBoost,provided_plus_rdkit_descriptors,repeat_02__fold_05,repeat_07__fold_04,0.9175124395888702,0.8181818181818182,142
XGBoost,provided_plus_rdkit_descriptors,repeat_02__fold_05,repeat_07__fold_05,0.9041483076824169,0.8181818181818182,142
XGBoost,provided_plus_rdkit_descriptors,repeat_02__fold_05,repeat_08__fold_01,0.9194396600802005,0.5384615384615384,142
XGBoost,provided_plus_rdkit_descriptors,repeat_02__fold_05,repeat_08__fold_02,0.8995201656452272,0.6666666666666666,142
XGBoost,provided_plus_rdkit_descriptors,repeat_02__fold_05,repeat_08__fold_03,0.8801322601285891,0.8181818181818182,142
XGBoost,provided_plus_rdkit_descriptors,repeat_02__fold_05,repeat_08__fold_04,0.9188857563016981,0.6666666666666666,142
XGBoost,provided_plus_rdkit_descriptors,repeat_02__fold_05,repeat_08__fold_05,0.9402863248585206,0.8181818181818182,142
XGBoost,provided_plus_rdkit_descriptors,repeat_02__fold_05,repeat_09__fold_01,0.9061006559610736,0.8181818181818182,142
XGBoost,provided_plus_rdkit_descriptors,repeat_02__fold_05,repeat_09__fold_02,0.921848294231301,0.42857142857142855,142
XGBoost,provided_plus_rdkit_descriptors,repeat_02__fold_05,repeat_09__fold_03,0.9334289202012552,0.8181818181818182,142
XGBoost,provided_plus_rdkit_descriptors,repeat_02__fold_05,repeat_09__fold_04,0.9305784983450481,0.5384615384615384,142
XGBoost,provided_plus_rdkit_descriptors,repeat_02__fold_05,repeat_09__fold_05,0.9107380254266669,0.8181818181818182,142
XGBoost,provided_plus_rdkit_descriptors,repeat_02__fold_05,repeat_10__fold_01,0.9128609440346767,0.8181818181818182,142
XGBoost,provided_plus_rdkit_descriptors,repeat_02__fold_05,repeat_10__fold_02,0.8826268488229494,0.5384615384615384,142
XGBoost,provided_plus_rdkit_descriptors,repeat_02__fold_05,repeat_10__fold_03,0.909879295657904,0.8181818181818182,142
XGBoost,provided_plus_rdkit_descriptors,repeat_02__fold_05,repeat_10__fold_04,0.9320879361393051,0.5384615384615384,142
XGBoost,provided_plus_rdkit_descriptors,repeat_02__fold_05,repeat_10__fold_05,0.9091812907121718,0.8181818181818182,142
XGBoost,provided_plus_rdkit_descriptors,repeat_03__fold_01,repeat_03__fold_02,0.9133196301508915,0.5384615384615384,142
XGBoost,provided_plus_rdkit_descriptors,repeat_03__fold_01,repeat_03__fold_03,0.9014318590095955,0.6666666666666666,142
XGBoost,provided_plus_rdkit_descriptors,repeat_03__fold_01,repeat_03__fold_04,0.9087387251743588,0.6666666666666666,142
XGBoost,provided_plus_rdkit_descriptors,repeat_03__fold_01,repeat_03__fold_05,0.8853307568014249,0.5384615384615384,142
XGBoost,provided_plus_rdkit_descriptors,repeat_03__fold_01,repeat_04__fold_01,0.9254969156109789,0.6666666666666666,142
XGBoost,provided_plus_rdkit_descriptors,repeat_03__fold_01,repeat_04__fold_02,0.8617638604798704,0.5384615384615384,142
XGBoost,provided_plus_rdkit_descriptors,repeat_03__fold_01,repeat_04__fold_03,0.908505530938862,0.42857142857142855,142
XGBoost,provided_plus_rdkit_descriptors,repeat_03__fold_01,repeat_04__fold_04,0.9167031370893843,0.5384615384615384,142
XGBoost,provided_plus_rdkit_descriptors,repeat_03__fold_01,repeat_04__fold_05,0.9128550009528685,0.5384615384615384,142
XGBoost,provided_plus_rdkit_descriptors,repeat_03__fold_01,repeat_05__fold_01,0.9231359490546855,0.6666666666666666,142
XGBoost,provided_plus_rdkit_descriptors,repeat_03__fold_01,repeat_05__fold_02,0.9273707485414223,0.6666666666666666,142
XGBoost,provided_plus_rdkit_descriptors,repeat_03__fold_01,repeat_05__fold_03,0.8959788730499064,0.6666666666666666,142
XGBoost,provided_plus_rdkit_descriptors,repeat_03__fold_01,repeat_05__fold_04,0.8996524785511143,0.6666666666666666,142
XGBoost,provided_plus_rdkit_descriptors,repeat_03__fold_01,repeat_05__fold_05,0.922883270011198,0.5384615384615384,142
XGBoost,provided_plus_rdkit_descriptors,repeat_03__fold_01,repeat_06__fold_01,0.856215208382949,0.6666666666666666,142
XGBoost,provided_plus_rdkit_descriptors,repeat_03__fold_01,repeat_06__fold_02,0.8892180090420204,0.5384615384615384,142
XGBoost,provided_plus_rdkit_descriptors,repeat_03__fold_01,repeat_06__fold_03,0.8916749228289235,0.6666666666666666,142
XGBoost,provided_plus_rdkit_descriptors,repeat_03__fold_01,repeat_06__fold_04,0.9365504320053636,0.5384615384615384,142
XGBoost,provided_plus_rdkit_descriptors,repeat_03__fold_01,repeat_06__fold_05,0.9439973373390461,0.6666666666666666,142
XGBoost,provided_plus_rdkit_descriptors,repeat_03__fold_01,repeat_07__fold_01,0.920489767933417,0.5384615384615384,142
XGBoost,provided_plus_rdkit_descriptors,repeat_03__fold_01,repeat_07__fold_02,0.9053094039931815,0.6666666666666666,142
XGBoost,provided_plus_rdkit_descriptors,repeat_03__fold_01,repeat_07__fold_03,0.8849589022266557,0.5384615384615384,142
XGBoost,provided_plus_rdkit_descriptors,repeat_03__fold_01,repeat_07__fold_04,0.8925737380861563,0.5384615384615384,142
XGBoost,provided_plus_rdkit_descriptors,repeat_03__fold_01,repeat_07__fold_05,0.9110778436239314,0.6666666666666666,142
XGBoost,provided_plus_rdkit_descriptors,repeat_03__fold_01,repeat_08__fold_01,0.9000700955564217,0.5384615384615384,142
XGBoost,provided_plus_rdkit_descriptors,repeat_03__fold_01,repeat_08__fold_02,0.907712159525235,0.5384615384615384,142
XGBoost,provided_plus_rdkit_descriptors,repeat_03__fold_01,repeat_08__fold_03,0.8824542098327632,0.6666666666666666,142
XGBoost,provided_plus_rdkit_descriptors,repeat_03__fold_01,repeat_08__fold_04,0.9145604930333898,0.5384615384615384,142
XGBoost,provided_plus_rdkit_descriptors,repeat_03__fold_01,repeat_08__fold_05,0.896273261500535,0.6666666666666666,142
XGBoost,provided_plus_rdkit_descriptors,repeat_03__fold_01,repeat_09__fold_01,0.8914748098509111,0.6666666666666666,142
XGBoost,provided_plus_rdkit_descriptors,repeat_03__fold_01,repeat_09__fold_02,0.9196604483384189,0.6666666666666666,142
XGBoost,provided_plus_rdkit_descriptors,repeat_03__fold_01,repeat_09__fold_03,0.9178426677830487,0.6666666666666666,142
XGBoost,provided_plus_rdkit_descriptors,repeat_03__fold_01,repeat_09__fold_04,0.9243130343288483,0.6666666666666666,142
XGBoost,provided_plus_rdkit_descriptors,repeat_03__fold_01,repeat_09__fold_05,0.9251160088811945,0.5384615384615384,142
XGBoost,provided_plus_rdkit_descriptors,repeat_03__fold_01,repeat_10__fold_01,0.9208448633401153,0.42857142857142855,142
XGBoost,provided_plus_rdkit_descriptors,repeat_03__fold_01,repeat_10__fold_02,0.853558794121998,0.5384615384615384,142
XGBoost,provided_plus_rdkit_descriptors,repeat_03__fold_01,repeat_10__fold_03,0.9029267990273852,0.5384615384615384,142
XGBoost,provided_plus_rdkit_descriptors,repeat_03__fold_01,repeat_10__fold_04,0.9299802415294943,0.6666666666666666,142
XGBoost,provided_plus_rdkit_descriptors,repeat_03__fold_01,repeat_10__fold_05,0.9224984903346979,0.6666666666666666,142
XGBoost,provided_plus_rdkit_descriptors,repeat_03__fold_02,repeat_03__fold_03,0.9039231784654922,0.6666666666666666,142
XGBoost,provided_plus_rdkit_descriptors,repeat_03__fold_02,repeat_03__fold_04,0.9168788813197783,0.5384615384615384,142
XGBoost,provided_plus_rdkit_descriptors,repeat_03__fold_02,repeat_03__fold_05,0.8858047265569623,0.6666666666666666,142
XGBoost,provided_plus_rdkit_descriptors,repeat_03__fold_02,repeat_04__fold_01,0.9296295615184965,0.5384615384615384,142
XGBoost,provided_plus_rdkit_descriptors,repeat_03__fold_02,repeat_04__fold_02,0.8676563973903653,0.5384615384615384,142
XGBoost,provided_plus_rdkit_descriptors,repeat_03__fold_02,repeat_04__fold_03,0.9172794329922375,0.5384615384615384,142
XGBoost,provided_plus_rdkit_descriptors,repeat_03__fold_02,repeat_04__fold_04,0.9104516765740223,0.6666666666666666,142
XGBoost,provided_plus_rdkit_descriptors,repeat_03__fold_02,repeat_04__fold_05,0.9048113129220687,0.42857142857142855,142
XGBoost,provided_plus_rdkit_descriptors,repeat_03__fold_02,repeat_05__fold_01,0.9221641303043113,0.6666666666666666,142
XGBoost,provided_plus_rdkit_descriptors,repeat_03__fold_02,repeat_05__fold_02,0.8999934047094731,0.6666666666666666,142
XGBoost,provided_plus_rdkit_descriptors,repeat_03__fold_02,repeat_05__fold_03,0.917511656545335,0.5384615384615384,142
XGBoost,provided_plus_rdkit_descriptors,repeat_03__fold_02,repeat_05__fold_04,0.9211753293537546,0.6666666666666666,142
XGBoost,provided_plus_rdkit_descriptors,repeat_03__fold_02,repeat_05__fold_05,0.9029168941003766,0.42857142857142855,142
XGBoost,provided_plus_rdkit_descriptors,repeat_03__fold_02,repeat_06__fold_01,0.905778073546993,0.6666666666666666,142
XGBoost,provided_plus_rdkit_descriptors,repeat_03__fold_02,repeat_06__fold_02,0.8812307346085538,0.5384615384615384,142
XGBoost,provided_plus_rdkit_descriptors,repeat_03__fold_02,repeat_06__fold_03,0.9062018705379625,0.6666666666666666,142
XGBoost,provided_plus_rdkit_descriptors,repeat_03__fold_02,repeat_06__fold_04,0.9227313051695757,0.6666666666666666,142
XGBoost,provided_plus_rdkit_descriptors,repeat_03__fold_02,repeat_06__fold_05,0.9244302558843788,0.5384615384615384,142
XGBoost,provided_plus_rdkit_descriptors,repeat_03__fold_02,repeat_07__fold_01,0.9098950925861596,0.6666666666666666,142
XGBoost,provided_plus_rdkit_descriptors,repeat_03__fold_02,repeat_07__fold_02,0.9167913190140932,0.5384615384615384,142
XGBoost,provided_plus_rdkit_descriptors,repeat_03__fold_02,repeat_07__fold_03,0.8764877709019366,0.6666666666666666,142
XGBoost,provided_plus_rdkit_descriptors,repeat_03__fold_02,repeat_07__fold_04,0.9274355465676583,0.6666666666666666,142
XGBoost,provided_plus_rdkit_descriptors,repeat_03__fold_02,repeat_07__fold_05,0.9087439757816922,0.6666666666666666,142
XGBoost,provided_plus_rdkit_descriptors,repeat_03__fold_02,repeat_08__fold_01,0.8949118881058707,0.5384615384615384,142
XGBoost,provided_plus_rdkit_descriptors,repeat_03__fold_02,repeat_08__fold_02,0.9128658638890906,0.5384615384615384,142
XGBoost,provided_plus_rdkit_descriptors,repeat_03__fold_02,repeat_08__fold_03,0.8955075680027409,0.6666666666666666,142
XGBoost,provided_plus_rdkit_descriptors,repeat_03__fold_02,repeat_08__fold_04,0.9055349088405416,0.6666666666666666,142
XGBoost,provided_plus_rdkit_descriptors,repeat_03__fold_02,repeat_08__fold_05,0.8929425784991744,0.6666666666666666,142
XGBoost,provided_plus_rdkit_descriptors,repeat_03__fold_02,repeat_09__fold_01,0.8919069581677316,0.6666666666666666,142
XGBoost,provided_plus_rdkit_descriptors,repeat_03__fold_02,repeat_09__fold_02,0.9321202184115858,0.5384615384615384,142
XGBoost,provided_plus_rdkit_descriptors,repeat_03__fold_02,repeat_09__fold_03,0.9142449149249697,0.6666666666666666,142
XGBoost,provided_plus_rdkit_descriptors,repeat_03__fold_02,repeat_09__fold_04,0.9090411193896136,0.5384615384615384,142
XGBoost,provided_plus_rdkit_descriptors,repeat_03__fold_02,repeat_09__fold_05,0.9065478428088456,0.6666666666666666,142
XGBoost,provided_plus_rdkit_descriptors,repeat_03__fold_02,repeat_10__fold_01,0.9253262898737021,0.5384615384615384,142
XGBoost,provided_plus_rdkit_descriptors,repeat_03__fold_02,repeat_10__fold_02,0.862841121183839,0.42857142857142855,142
XGBoost,provided_plus_rdkit_descriptors,repeat_03__fold_02,repeat_10__fold_03,0.9119498771111261,0.6666666666666666,142
XGBoost,provided_plus_rdkit_descriptors,repeat_03__fold_02,repeat_10__fold_04,0.9212872741647649,0.5384615384615384,142
XGBoost,provided_plus_rdkit_descriptors,repeat_03__fold_02,repeat_10__fold_05,0.9021736893000415,0.6666666666666666,142
XGBoost,provided_plus_rdkit_descriptors,repeat_03__fold_03,repeat_03__fold_04,0.8988374913021503,0.5384615384615384,142
XGBoost,provided_plus_rdkit_descriptors,repeat_03__fold_03,repeat_03__fold_05,0.9019831561600289,0.8181818181818182,142
XGBoost,provided_plus_rdkit_descriptors,repeat_03__fold_03,repeat_04__fold_01,0.9160521063008749,0.5384615384615384,142
XGBoost,provided_plus_rdkit_descriptors,repeat_03__fold_03,repeat_04__fold_02,0.8734920660273371,0.6666666666666666,142
XGBoost,provided_plus_rdkit_descriptors,repeat_03__fold_03,repeat_04__fold_03,0.8938527453811967,0.6666666666666666,142
XGBoost,provided_plus_rdkit_descriptors,repeat_03__fold_03,repeat_04__fold_04,0.9054906604296868,0.6666666666666666,142
XGBoost,provided_plus_rdkit_descriptors,repeat_03__fold_03,repeat_04__fold_05,0.9408633862209393,0.5384615384615384,142
XGBoost,provided_plus_rdkit_descriptors,repeat_03__fold_03,repeat_05__fold_01,0.9152865869722584,0.8181818181818182,142
XGBoost,provided_plus_rdkit_descriptors,repeat_03__fold_03,repeat_05__fold_02,0.9224810173306293,0.6666666666666666,142
XGBoost,provided_plus_rdkit_descriptors,repeat_03__fold_03,repeat_05__fold_03,0.9214154146760044,0.8181818181818182,142
XGBoost,provided_plus_rdkit_descriptors,repeat_03__fold_03,repeat_05__fold_04,0.9036912880977152,0.6666666666666666,142
XGBoost,provided_plus_rdkit_descriptors,repeat_03__fold_03,repeat_05__fold_05,0.9020683737528975,0.6666666666666666,142
XGBoost,provided_plus_rdkit_descriptors,repeat_03__fold_03,repeat_06__fold_01,0.901926986132629,0.8181818181818182,142
XGBoost,provided_plus_rdkit_descriptors,repeat_03__fold_03,repeat_06__fold_02,0.9225035754678707,0.5384615384615384,142
XGBoost,provided_plus_rdkit_descriptors,repeat_03__fold_03,repeat_06__fold_03,0.8849435971359991,0.8181818181818182,142
XGBoost,provided_plus_rdkit_descriptors,repeat_03__fold_03,repeat_06__fold_04,0.916079810194093,0.5384615384615384,142
XGBoost,provided_plus_rdkit_descriptors,repeat_03__fold_03,repeat_06__fold_05,0.9189497383607192,0.8181818181818182,142
XGBoost,provided_plus_rdkit_descriptors,repeat_03__fold_03,repeat_07__fold_01,0.8905678131259883,0.5384615384615384,142
XGBoost,provided_plus_rdkit_descriptors,repeat_03__fold_03,repeat_07__fold_02,0.9188175393337935,0.6666666666666666,142
XGBoost,provided_plus_rdkit_descriptors,repeat_03__fold_03,repeat_07__fold_03,0.8964451576492347,0.6666666666666666,142
XGBoost,provided_plus_rdkit_descriptors,repeat_03__fold_03,repeat_07__fold_04,0.8989156869544721,0.8181818181818182,142
XGBoost,provided_plus_rdkit_descriptors,repeat_03__fold_03,repeat_07__fold_05,0.9128860503968188,1.0,142
XGBoost,provided_plus_rdkit_descriptors,repeat_03__fold_03,repeat_08__fold_01,0.9178192532658208,0.5384615384615384,142
XGBoost,provided_plus_rdkit_descriptors,repeat_03__fold_03,repeat_08__fold_02,0.9169630168562629,0.6666666666666666,142
XGBoost,provided_plus_rdkit_descriptors,repeat_03__fold_03,repeat_08__fold_03,0.8837421671742546,0.8181818181818182,142
XGBoost,provided_plus_rdkit_descriptors,repeat_03__fold_03,repeat_08__fold_04,0.9238000367179585,0.6666666666666666,142
XGBoost,provided_plus_rdkit_descriptors,repeat_03__fold_03,repeat_08__fold_05,0.9177395641593009,0.8181818181818182,142
XGBoost,provided_plus_rdkit_descriptors,repeat_03__fold_03,repeat_09__fold_01,0.9036850120175967,0.8181818181818182,142
XGBoost,provided_plus_rdkit_descriptors,repeat_03__fold_03,repeat_09__fold_02,0.9017130271580526,0.5384615384615384,142
XGBoost,provided_plus_rdkit_descriptors,repeat_03__fold_03,repeat_09__fold_03,0.9258420762891706,0.8181818181818182,142
XGBoost,provided_plus_rdkit_descriptors,repeat_03__fold_03,repeat_09__fold_04,0.9219921389231633,0.5384615384615384,142
XGBoost,provided_plus_rdkit_descriptors,repeat_03__fold_03,repeat_09__fold_05,0.894681619552357,0.8181818181818182,142
XGBoost,provided_plus_rdkit_descriptors,repeat_03__fold_03,repeat_10__fold_01,0.9025893484900948,0.6666666666666666,142
XGBoost,provided_plus_rdkit_descriptors,repeat_03__fold_03,repeat_10__fold_02,0.8761488304852223,0.5384615384615384,142
XGBoost,provided_plus_rdkit_descriptors,repeat_03__fold_03,repeat_10__fold_03,0.8969742828354004,0.8181818181818182,142
XGBoost,provided_plus_rdkit_descriptors,repeat_03__fold_03,repeat_10__fold_04,0.897189220245801,0.6666666666666666,142
XGBoost,provided_plus_rdkit_descriptors,repeat_03__fold_03,repeat_10__fold_05,0.9309102619384347,1.0,142
XGBoost,provided_plus_rdkit_descriptors,repeat_03__fold_04,repeat_03__fold_05,0.9179284490245047,0.6666666666666666,142
XGBoost,provided_plus_rdkit_descriptors,repeat_03__fold_04,repeat_04__fold_01,0.9191329609968218,0.5384615384615384,142
XGBoost,provided_plus_rdkit_descriptors,repeat_03__fold_04,repeat_04__fold_02,0.8774286835436153,0.6666666666666666,142
XGBoost,provided_plus_rdkit_descriptors,repeat_03__fold_04,repeat_04__fold_03,0.8895964118915656,0.42857142857142855,142
XGBoost,provided_plus_rdkit_descriptors,repeat_03__fold_04,repeat_04__fold_04,0.9308446896424687,0.5384615384615384,142
XGBoost,provided_plus_rdkit_descriptors,repeat_03__fold_04,repeat_04__fold_05,0.9135590212112445,0.5384615384615384,142
XGBoost,provided_plus_rdkit_descriptors,repeat_03__fold_04,repeat_05__fold_01,0.9023063597079882,0.6666666666666666,142
XGBoost,provided_plus_rdkit_descriptors,repeat_03__fold_04,repeat_05__fold_02,0.9115880151649269,0.8181818181818182,142
XGBoost,provided_plus_rdkit_descriptors,repeat_03__fold_04,repeat_05__fold_03,0.8733182894461164,0.5384615384615384,142
XGBoost,provided_plus_rdkit_descriptors,repeat_03__fold_04,repeat_05__fold_04,0.9133660168494633,0.8181818181818182,142
XGBoost,provided_plus_rdkit_descriptors,repeat_03__fold_04,repeat_05__fold_05,0.9219627328210729,0.5384615384615384,142
XGBoost,provided_plus_rdkit_descriptors,repeat_03__fold_04,repeat_06__fold_01,0.8897609146527184,0.6666666666666666,142
XGBoost,provided_plus_rdkit_descriptors,repeat_03__fold_04,repeat_06__fold_02,0.9059034317691937,0.6666666666666666,142
XGBoost,provided_plus_rdkit_descriptors,repeat_03__fold_04,repeat_06__fold_03,0.9081439071987597,0.6666666666666666,142
XGBoost,provided_plus_rdkit_descriptors,repeat_03__fold_04,repeat_06__fold_04,0.9288274742992124,0.5384615384615384,142
XGBoost,provided_plus_rdkit_descriptors,repeat_03__fold_04,repeat_06__fold_05,0.921908444632598,0.6666666666666666,142
XGBoost,provided_plus_rdkit_descriptors,repeat_03__fold_04,repeat_07__fold_01,0.9088135061068986,0.5384615384615384,142
XGBoost,provided_plus_rdkit_descriptors,repeat_03__fold_04,repeat_07__fold_02,0.9258145556792909,0.6666666666666666,142
XGBoost,provided_plus_rdkit_descriptors,repeat_03__fold_04,repeat_07__fold_03,0.9091468514350601,0.5384615384615384,142
XGBoost,provided_plus_rdkit_descriptors,repeat_03__fold_04,repeat_07__fold_04,0.911082477147604,0.6666666666666666,142
XGBoost,provided_plus_rdkit_descriptors,repeat_03__fold_04,repeat_07__fold_05,0.8961963741990643,0.5384615384615384,142
XGBoost,provided_plus_rdkit_descriptors,repeat_03__fold_04,repeat_08__fold_01,0.8999222149998172,0.6666666666666666,142
XGBoost,provided_plus_rdkit_descriptors,repeat_03__fold_04,repeat_08__fold_02,0.8952030933746751,0.6666666666666666,142
XGBoost,provided_plus_rdkit_descriptors,repeat_03__fold_04,repeat_08__fold_03,0.89233816113016,0.6666666666666666,142
XGBoost,provided_plus_rdkit_descriptors,repeat_03__fold_04,repeat_08__fold_04,0.9039100092701513,0.5384615384615384,142
XGBoost,provided_plus_rdkit_descriptors,repeat_03__fold_04,repeat_08__fold_05,0.8946783940967601,0.6666666666666666,142
XGBoost,provided_plus_rdkit_descriptors,repeat_03__fold_04,repeat_09__fold_01,0.894972474522279,0.6666666666666666,142
XGBoost,provided_plus_rdkit_descriptors,repeat_03__fold_04,repeat_09__fold_02,0.9147497295717455,0.42857142857142855,142
XGBoost,provided_plus_rdkit_descriptors,repeat_03__fold_04,repeat_09__fold_03,0.9253896747185469,0.6666666666666666,142
XGBoost,provided_plus_rdkit_descriptors,repeat_03__fold_04,repeat_09__fold_04,0.9151156350496836,0.8181818181818182,142
XGBoost,provided_plus_rdkit_descriptors,repeat_03__fold_04,repeat_09__fold_05,0.9247919306696568,0.6666666666666666,142
XGBoost,provided_plus_rdkit_descriptors,repeat_03__fold_04,repeat_10__fold_01,0.9127956468092566,0.5384615384615384,142
XGBoost,provided_plus_rdkit_descriptors,repeat_03__fold_04,repeat_10__fold_02,0.8407058998110649,0.5384615384615384,142
XGBoost,provided_plus_rdkit_descriptors,repeat_03__fold_04,repeat_10__fold_03,0.8849611834836538,0.5384615384615384,142
XGBoost,provided_plus_rdkit_descriptors,repeat_03__fold_04,repeat_10__fold_04,0.907262240003813,0.5384615384615384,142
XGBoost,provided_plus_rdkit_descriptors,repeat_03__fold_04,repeat_10__fold_05,0.9084261929656257,0.5384615384615384,142
XGBoost,provided_plus_rdkit_descriptors,repeat_03__fold_05,repeat_04__fold_01,0.9195407839369532,0.42857142857142855,142
XGBoost,provided_plus_rdkit_descriptors,repeat_03__fold_05,repeat_04__fold_02,0.8956649375849463,0.6666666666666666,142
XGBoost,provided_plus_rdkit_descriptors,repeat_03__fold_05,repeat_04__fold_03,0.8836582515933729,0.6666666666666666,142
XGBoost,provided_plus_rdkit_descriptors,repeat_03__fold_05,repeat_04__fold_04,0.9386268283968583,0.6666666666666666,142
XGBoost,provided_plus_rdkit_descriptors,repeat_03__fold_05,repeat_04__fold_05,0.9077878329165203,0.5384615384615384,142
XGBoost,provided_plus_rdkit_descriptors,repeat_03__fold_05,repeat_05__fold_01,0.9142610157362387,0.8181818181818182,142
XGBoost,provided_plus_rdkit_descriptors,repeat_03__fold_05,repeat_05__fold_02,0.9251150850245909,0.6666666666666666,142
XGBoost,provided_plus_rdkit_descriptors,repeat_03__fold_05,repeat_05__fold_03,0.8857577887825395,0.6666666666666666,142
XGBoost,provided_plus_rdkit_descriptors,repeat_03__fold_05,repeat_05__fold_04,0.9019934456585431,0.8181818181818182,142
XGBoost,provided_plus_rdkit_descriptors,repeat_03__fold_05,repeat_05__fold_05,0.9042674757008634,0.5384615384615384,142
XGBoost,provided_plus_rdkit_descriptors,repeat_03__fold_05,repeat_06__fold_01,0.8853776980735437,0.8181818181818182,142
XGBoost,provided_plus_rdkit_descriptors,repeat_03__fold_05,repeat_06__fold_02,0.8985670426532493,0.5384615384615384,142
XGBoost,provided_plus_rdkit_descriptors,repeat_03__fold_05,repeat_06__fold_03,0.9090508983618063,0.8181818181818182,142
XGBoost,provided_plus_rdkit_descriptors,repeat_03__fold_05,repeat_06__fold_04,0.9035486513010247,0.5384615384615384,142
XGBoost,provided_plus_rdkit_descriptors,repeat_03__fold_05,repeat_06__fold_05,0.9207433886643429,0.8181818181818182,142
XGBoost,provided_plus_rdkit_descriptors,repeat_03__fold_05,repeat_07__fold_01,0.890610871923206,0.5384615384615384,142
XGBoost,provided_plus_rdkit_descriptors,repeat_03__fold_05,repeat_07__fold_02,0.94084639022332,0.6666666666666666,142
XGBoost,provided_plus_rdkit_descriptors,repeat_03__fold_05,repeat_07__fold_03,0.9184051957890049,0.6666666666666666,142
XGBoost,provided_plus_rdkit_descriptors,repeat_03__fold_05,repeat_07__fold_04,0.8771420201910511,1.0,142
XGBoost,provided_plus_rdkit_descriptors,repeat_03__fold_05,repeat_07__fold_05,0.917840354793005,0.8181818181818182,142
XGBoost,provided_plus_rdkit_descriptors,repeat_03__fold_05,repeat_08__fold_01,0.9154415189377867,0.6666666666666666,142
XGBoost,provided_plus_rdkit_descriptors,repeat_03__fold_05,repeat_08__fold_02,0.888602234980863,0.6666666666666666,142
XGBoost,provided_plus_rdkit_descriptors,repeat_03__fold_05,repeat_08__fold_03,0.8747539097337036,0.8181818181818182,142
XGBoost,provided_plus_rdkit_descriptors,repeat_03__fold_05,repeat_08__fold_04,0.9037197948537362,0.6666666666666666,142
XGBoost,provided_plus_rdkit_descriptors,repeat_03__fold_05,repeat_08__fold_05,0.8945028729902361,0.8181818181818182,142
XGBoost,provided_plus_rdkit_descriptors,repeat_03__fold_05,repeat_09__fold_01,0.8901197516594767,0.8181818181818182,142
XGBoost,provided_plus_rdkit_descriptors,repeat_03__fold_05,repeat_09__fold_02,0.903109408677796,0.42857142857142855,142
XGBoost,provided_plus_rdkit_descriptors,repeat_03__fold_05,repeat_09__fold_03,0.9295586866945259,0.8181818181818182,142
XGBoost,provided_plus_rdkit_descriptors,repeat_03__fold_05,repeat_09__fold_04,0.9035167034896469,0.6666666666666666,142
XGBoost,provided_plus_rdkit_descriptors,repeat_03__fold_05,repeat_09__fold_05,0.8937976130247735,0.8181818181818182,142
XGBoost,provided_plus_rdkit_descriptors,repeat_03__fold_05,repeat_10__fold_01,0.8810331763870319,0.6666666666666666,142
XGBoost,provided_plus_rdkit_descriptors,repeat_03__fold_05,repeat_10__fold_02,0.8817592347487895,0.5384615384615384,142
XGBoost,provided_plus_rdkit_descriptors,repeat_03__fold_05,repeat_10__fold_03,0.8965155682299312,0.8181818181818182,142
XGBoost,provided_plus_rdkit_descriptors,repeat_03__fold_05,repeat_10__fold_04,0.8784913428525699,0.5384615384615384,142
XGBoost,provided_plus_rdkit_descriptors,repeat_03__fold_05,repeat_10__fold_05,0.9156724345531587,0.8181818181818182,142
XGBoost,provided_plus_rdkit_descriptors,repeat_04__fold_01,repeat_04__fold_02,0.876722284194644,0.42857142857142855,142
XGBoost,provided_plus_rdkit_descriptors,repeat_04__fold_01,repeat_04__fold_03,0.9027799086130488,0.3333333333333333,142
XGBoost,provided_plus_rdkit_descriptors,repeat_04__fold_01,repeat_04__fold_04,0.9175588815493646,0.42857142857142855,142
XGBoost,provided_plus_rdkit_descriptors,repeat_04__fold_01,repeat_04__fold_05,0.9233067352390371,0.42857142857142855,142
XGBoost,provided_plus_rdkit_descriptors,repeat_04__fold_01,repeat_05__fold_01,0.9235611392695128,0.5384615384615384,142
XGBoost,provided_plus_rdkit_descriptors,repeat_04__fold_01,repeat_05__fold_02,0.9349816260366655,0.5384615384615384,142
XGBoost,provided_plus_rdkit_descriptors,repeat_04__fold_01,repeat_05__fold_03,0.925481090441948,0.6666666666666666,142
XGBoost,provided_plus_rdkit_descriptors,repeat_04__fold_01,repeat_05__fold_04,0.9197617991799887,0.5384615384615384,142
XGBoost,provided_plus_rdkit_descriptors,repeat_04__fold_01,repeat_05__fold_05,0.8980926516634271,0.42857142857142855,142
XGBoost,provided_plus_rdkit_descriptors,repeat_04__fold_01,repeat_06__fold_01,0.8749413440918101,0.5384615384615384,142
XGBoost,provided_plus_rdkit_descriptors,repeat_04__fold_01,repeat_06__fold_02,0.8873969908175721,0.42857142857142855,142
XGBoost,provided_plus_rdkit_descriptors,repeat_04__fold_01,repeat_06__fold_03,0.9147650238324504,0.5384615384615384,142
XGBoost,provided_plus_rdkit_descriptors,repeat_04__fold_01,repeat_06__fold_04,0.9398537528515882,0.6666666666666666,142
XGBoost,provided_plus_rdkit_descriptors,repeat_04__fold_01,repeat_06__fold_05,0.9313905424960098,0.5384615384615384,142
XGBoost,provided_plus_rdkit_descriptors,repeat_04__fold_01,repeat_07__fold_01,0.8942886232446643,0.5384615384615384,142
XGBoost,provided_plus_rdkit_descriptors,repeat_04__fold_01,repeat_07__fold_02,0.9515600416096351,0.5384615384615384,142
XGBoost,provided_plus_rdkit_descriptors,repeat_04__fold_01,repeat_07__fold_03,0.904660634752571,0.42857142857142855,142
XGBoost,provided_plus_rdkit_descriptors,repeat_04__fold_01,repeat_07__fold_04,0.9264347223466877,0.42857142857142855,142
XGBoost,provided_plus_rdkit_descriptors,repeat_04__fold_01,repeat_07__fold_05,0.9099561970882389,0.5384615384615384,142
XGBoost,provided_plus_rdkit_descriptors,repeat_04__fold_01,repeat_08__fold_01,0.9034907540482991,0.42857142857142855,142
XGBoost,provided_plus_rdkit_descriptors,repeat_04__fold_01,repeat_08__fold_02,0.9150161067041465,0.5384615384615384,142
XGBoost,provided_plus_rdkit_descriptors,repeat_04__fold_01,repeat_08__fold_03,0.8963278364252909,0.5384615384615384,142
XGBoost,provided_plus_rdkit_descriptors,repeat_04__fold_01,repeat_08__fold_04,0.9182304198634276,0.5384615384615384,142
XGBoost,provided_plus_rdkit_descriptors,repeat_04__fold_01,repeat_08__fold_05,0.9164821173395097,0.5384615384615384,142
XGBoost,provided_plus_rdkit_descriptors,repeat_04__fold_01,repeat_09__fold_01,0.9084512261416781,0.5384615384615384,142
XGBoost,provided_plus_rdkit_descriptors,repeat_04__fold_01,repeat_09__fold_02,0.946031293732361,0.5384615384615384,142
XGBoost,provided_plus_rdkit_descriptors,repeat_04__fold_01,repeat_09__fold_03,0.9236564018863537,0.5384615384615384,142
XGBoost,provided_plus_rdkit_descriptors,repeat_04__fold_01,repeat_09__fold_04,0.9288757051816033,0.5384615384615384,142
XGBoost,provided_plus_rdkit_descriptors,repeat_04__fold_01,repeat_09__fold_05,0.9035404712169994,0.42857142857142855,142
XGBoost,provided_plus_rdkit_descriptors,repeat_04__fold_01,repeat_10__fold_01,0.9249575930512494,0.42857142857142855,142
XGBoost,provided_plus_rdkit_descriptors,repeat_04__fold_01,repeat_10__fold_02,0.8618340798786004,0.5384615384615384,142
XGBoost,provided_plus_rdkit_descriptors,repeat_04__fold_01,repeat_10__fold_03,0.9211620887625617,0.42857142857142855,142
XGBoost,provided_plus_rdkit_descriptors,repeat_04__fold_01,repeat_10__fold_04,0.9332490733691773,0.6666666666666666,142
XGBoost,provided_plus_rdkit_descriptors,repeat_04__fold_01,repeat_10__fold_05,0.9197459846135514,0.5384615384615384,142
XGBoost,provided_plus_rdkit_descriptors,repeat_04__fold_02,repeat_04__fold_03,0.8927922993161631,0.5384615384615384,142
XGBoost,provided_plus_rdkit_descriptors,repeat_04__fold_02,repeat_04__fold_04,0.8675108643288084,0.5384615384615384,142
XGBoost,provided_plus_rdkit_descriptors,repeat_04__fold_02,repeat_04__fold_05,0.892508249885605,0.5384615384615384,142
XGBoost,provided_plus_rdkit_descriptors,repeat_04__fold_02,repeat_05__fold_01,0.8632752431837779,0.6666666666666666,142
XGBoost,provided_plus_rdkit_descriptors,repeat_04__fold_02,repeat_05__fold_02,0.8875231685631848,0.6666666666666666,142
XGBoost,provided_plus_rdkit_descriptors,repeat_04__fold_02,repeat_05__fold_03,0.8588410996981427,0.5384615384615384,142
XGBoost,provided_plus_rdkit_descriptors,repeat_04__fold_02,repeat_05__fold_04,0.892004069646816,0.5384615384615384,142
XGBoost,provided_plus_rdkit_descriptors,repeat_04__fold_02,repeat_05__fold_05,0.8999971723242842,0.8181818181818182,142
XGBoost,provided_plus_rdkit_descriptors,repeat_04__fold_02,repeat_06__fold_01,0.8807145469507177,0.6666666666666666,142
XGBoost,provided_plus_rdkit_descriptors,repeat_04__fold_02,repeat_06__fold_02,0.8609754660146096,0.6666666666666666,142
XGBoost,provided_plus_rdkit_descriptors,repeat_04__fold_02,repeat_06__fold_03,0.89598962458813,0.6666666666666666,142
XGBoost,provided_plus_rdkit_descriptors,repeat_04__fold_02,repeat_06__fold_04,0.8681143409144976,0.42857142857142855,142
XGBoost,provided_plus_rdkit_descriptors,repeat_04__fold_02,repeat_06__fold_05,0.8857678243598038,0.6666666666666666,142
XGBoost,provided_plus_rdkit_descriptors,repeat_04__fold_02,repeat_07__fold_01,0.8454649355399103,0.5384615384615384,142
XGBoost,provided_plus_rdkit_descriptors,repeat_04__fold_02,repeat_07__fold_02,0.8798549819000022,0.6666666666666666,142
XGBoost,provided_plus_rdkit_descriptors,repeat_04__fold_02,repeat_07__fold_03,0.8814153765645812,0.5384615384615384,142
XGBoost,provided_plus_rdkit_descriptors,repeat_04__fold_02,repeat_07__fold_04,0.8395203884150513,0.6666666666666666,142
XGBoost,provided_plus_rdkit_descriptors,repeat_04__fold_02,repeat_07__fold_05,0.9132366578843444,0.6666666666666666,142
XGBoost,provided_plus_rdkit_descriptors,repeat_04__fold_02,repeat_08__fold_01,0.8945692068574059,0.5384615384615384,142
XGBoost,provided_plus_rdkit_descriptors,repeat_04__fold_02,repeat_08__fold_02,0.8646400824940589,0.6666666666666666,142
XGBoost,provided_plus_rdkit_descriptors,repeat_04__fold_02,repeat_08__fold_03,0.8685165769901054,0.6666666666666666,142
XGBoost,provided_plus_rdkit_descriptors,repeat_04__fold_02,repeat_08__fold_04,0.8774446166587431,0.6666666666666666,142
XGBoost,provided_plus_rdkit_descriptors,repeat_04__fold_02,repeat_08__fold_05,0.8909425457300284,0.6666666666666666,142
XGBoost,provided_plus_rdkit_descriptors,repeat_04__fold_02,repeat_09__fold_01,0.8554494940461369,0.6666666666666666,142
XGBoost,provided_plus_rdkit_descriptors,repeat_04__fold_02,repeat_09__fold_02,0.8705129377342962,0.42857142857142855,142
XGBoost,provided_plus_rdkit_descriptors,repeat_04__fold_02,repeat_09__fold_03,0.9019393965435739,0.6666666666666666,142
XGBoost,provided_plus_rdkit_descriptors,repeat_04__fold_02,repeat_09__fold_04,0.9062259194696555,0.5384615384615384,142
XGBoost,provided_plus_rdkit_descriptors,repeat_04__fold_02,repeat_09__fold_05,0.8776423525045459,0.8181818181818182,142
XGBoost,provided_plus_rdkit_descriptors,repeat_04__fold_02,repeat_10__fold_01,0.8453803602450396,0.6666666666666666,142
XGBoost,provided_plus_rdkit_descriptors,repeat_04__fold_02,repeat_10__fold_02,0.8706705809759692,0.5384615384615384,142
XGBoost,provided_plus_rdkit_descriptors,repeat_04__fold_02,repeat_10__fold_03,0.851837225659077,0.6666666666666666,142
XGBoost,provided_plus_rdkit_descriptors,repeat_04__fold_02,repeat_10__fold_04,0.8907965166010842,0.42857142857142855,142
XGBoost,provided_plus_rdkit_descriptors,repeat_04__fold_02,repeat_10__fold_05,0.8743044556815835,0.6666666666666666,142
XGBoost,provided_plus_rdkit_descriptors,repeat_04__fold_03,repeat_04__fold_04,0.9131667770517398,0.5384615384615384,142
XGBoost,provided_plus_rdkit_descriptors,repeat_04__fold_03,repeat_04__fold_05,0.8974961413067049,0.5384615384615384,142
XGBoost,provided_plus_rdkit_descriptors,repeat_04__fold_03,repeat_05__fold_01,0.8958920820900789,0.6666666666666666,142
XGBoost,provided_plus_rdkit_descriptors,repeat_04__fold_03,repeat_05__fold_02,0.8924257870284397,0.5384615384615384,142
XGBoost,provided_plus_rdkit_descriptors,repeat_04__fold_03,repeat_05__fold_03,0.8859628927134565,0.5384615384615384,142
XGBoost,provided_plus_rdkit_descriptors,repeat_04__fold_03,repeat_05__fold_04,0.9111846988813973,0.5384615384615384,142
XGBoost,provided_plus_rdkit_descriptors,repeat_04__fold_03,repeat_05__fold_05,0.8908433945819693,0.5384615384615384,142
XGBoost,provided_plus_rdkit_descriptors,repeat_04__fold_03,repeat_06__fold_01,0.8700517808369205,0.6666666666666666,142
XGBoost,provided_plus_rdkit_descriptors,repeat_04__fold_03,repeat_06__fold_02,0.8744516777886516,0.6666666666666666,142
XGBoost,provided_plus_rdkit_descriptors,repeat_04__fold_03,repeat_06__fold_03,0.9086885886865709,0.6666666666666666,142
XGBoost,provided_plus_rdkit_descriptors,repeat_04__fold_03,repeat_06__fold_04,0.8993432315938276,0.42857142857142855,142
XGBoost,provided_plus_rdkit_descriptors,repeat_04__fold_03,repeat_06__fold_05,0.9074810727035274,0.5384615384615384,142
XGBoost,provided_plus_rdkit_descriptors,repeat_04__fold_03,repeat_07__fold_01,0.8911956731441,0.5384615384615384,142
XGBoost,provided_plus_rdkit_descriptors,repeat_04__fold_03,repeat_07__fold_02,0.910964745142724,0.5384615384615384,142
XGBoost,provided_plus_rdkit_descriptors,repeat_04__fold_03,repeat_07__fold_03,0.8874614313791571,0.6666666666666666,142
XGBoost,provided_plus_rdkit_descriptors,repeat_04__fold_03,repeat_07__fold_04,0.8865324877306732,0.6666666666666666,142
XGBoost,provided_plus_rdkit_descriptors,repeat_04__fold_03,repeat_07__fold_05,0.9094702241333741,0.6666666666666666,142
XGBoost,provided_plus_rdkit_descriptors,repeat_04__fold_03,repeat_08__fold_01,0.902343107663937,0.42857142857142855,142
XGBoost,provided_plus_rdkit_descriptors,repeat_04__fold_03,repeat_08__fold_02,0.9054157089861662,0.5384615384615384,142
XGBoost,provided_plus_rdkit_descriptors,repeat_04__fold_03,repeat_08__fold_03,0.8896147527656004,0.6666666666666666,142
XGBoost,provided_plus_rdkit_descriptors,repeat_04__fold_03,repeat_08__fold_04,0.890595764471842,0.6666666666666666,142
XGBoost,provided_plus_rdkit_descriptors,repeat_04__fold_03,repeat_08__fold_05,0.9012748107557308,0.6666666666666666,142
XGBoost,provided_plus_rdkit_descriptors,repeat_04__fold_03,repeat_09__fold_01,0.8966386038222822,0.6666666666666666,142
XGBoost,provided_plus_rdkit_descriptors,repeat_04__fold_03,repeat_09__fold_02,0.8960106415001362,0.42857142857142855,142
XGBoost,provided_plus_rdkit_descriptors,repeat_04__fold_03,repeat_09__fold_03,0.9147572234896583,0.6666666666666666,142
XGBoost,provided_plus_rdkit_descriptors,repeat_04__fold_03,repeat_09__fold_04,0.9057991711822473,0.42857142857142855,142
XGBoost,provided_plus_rdkit_descriptors,repeat_04__fold_03,repeat_09__fold_05,0.9252344996531742,0.6666666666666666,142
XGBoost,provided_plus_rdkit_descriptors,repeat_04__fold_03,repeat_10__fold_01,0.9108889165292335,0.5384615384615384,142
XGBoost,provided_plus_rdkit_descriptors,repeat_04__fold_03,repeat_10__fold_02,0.8821669170808948,0.42857142857142855,142
XGBoost,provided_plus_rdkit_descriptors,repeat_04__fold_03,repeat_10__fold_03,0.8935413564097712,0.8181818181818182,142
XGBoost,provided_plus_rdkit_descriptors,repeat_04__fold_03,repeat_10__fold_04,0.9220886221439286,0.5384615384615384,142
XGBoost,provided_plus_rdkit_descriptors,repeat_04__fold_03,repeat_10__fold_05,0.9054651471741675,0.6666666666666666,142
XGBoost,provided_plus_rdkit_descriptors,repeat_04__fold_04,repeat_04__fold_05,0.9029231120265431,0.42857142857142855,142
XGBoost,provided_plus_rdkit_descriptors,repeat_04__fold_04,repeat_05__fold_01,0.9107724451545505,0.6666666666666666,142
XGBoost,provided_plus_rdkit_descriptors,repeat_04__fold_04,repeat_05__fold_02,0.9084186628312994,0.6666666666666666,142
XGBoost,provided_plus_rdkit_descriptors,repeat_04__fold_04,repeat_05__fold_03,0.8844593210778638,0.5384615384615384,142
XGBoost,provided_plus_rdkit_descriptors,repeat_04__fold_04,repeat_05__fold_04,0.9016386104838947,0.6666666666666666,142
XGBoost,provided_plus_rdkit_descriptors,repeat_04__fold_04,repeat_05__fold_05,0.8989355622786943,0.42857142857142855,142
XGBoost,provided_plus_rdkit_descriptors,repeat_04__fold_04,repeat_06__fold_01,0.8790407861856362,0.6666666666666666,142
XGBoost,provided_plus_rdkit_descriptors,repeat_04__fold_04,repeat_06__fold_02,0.8808725181169267,0.5384615384615384,142
XGBoost,provided_plus_rdkit_descriptors,repeat_04__fold_04,repeat_06__fold_03,0.8948589117290658,0.6666666666666666,142
XGBoost,provided_plus_rdkit_descriptors,repeat_04__fold_04,repeat_06__fold_04,0.9233645493377454,0.5384615384615384,142
XGBoost,provided_plus_rdkit_descriptors,repeat_04__fold_04,repeat_06__fold_05,0.9115883578201843,0.5384615384615384,142
XGBoost,provided_plus_rdkit_descriptors,repeat_04__fold_04,repeat_07__fold_01,0.9195106978583748,0.5384615384615384,142
XGBoost,provided_plus_rdkit_descriptors,repeat_04__fold_04,repeat_07__fold_02,0.9340521263850283,0.5384615384615384,142
XGBoost,provided_plus_rdkit_descriptors,repeat_04__fold_04,repeat_07__fold_03,0.9120091647601252,0.6666666666666666,142
XGBoost,provided_plus_rdkit_descriptors,repeat_04__fold_04,repeat_07__fold_04,0.8899234727360197,0.6666666666666666,142
XGBoost,provided_plus_rdkit_descriptors,repeat_04__fold_04,repeat_07__fold_05,0.9226193124149706,0.6666666666666666,142
XGBoost,provided_plus_rdkit_descriptors,repeat_04__fold_04,repeat_08__fold_01,0.9075504141139326,0.5384615384615384,142
XGBoost,provided_plus_rdkit_descriptors,repeat_04__fold_04,repeat_08__fold_02,0.9276967290145983,0.5384615384615384,142
XGBoost,provided_plus_rdkit_descriptors,repeat_04__fold_04,repeat_08__fold_03,0.8762184590812545,0.6666666666666666,142
XGBoost,provided_plus_rdkit_descriptors,repeat_04__fold_04,repeat_08__fold_04,0.8947158226096171,0.5384615384615384,142
XGBoost,provided_plus_rdkit_descriptors,repeat_04__fold_04,repeat_08__fold_05,0.8979200745677327,0.6666666666666666,142
XGBoost,provided_plus_rdkit_descriptors,repeat_04__fold_04,repeat_09__fold_01,0.879049823497682,0.6666666666666666,142
XGBoost,provided_plus_rdkit_descriptors,repeat_04__fold_04,repeat_09__fold_02,0.9114203649550775,0.42857142857142855,142
XGBoost,provided_plus_rdkit_descriptors,repeat_04__fold_04,repeat_09__fold_03,0.9109808785645199,0.6666666666666666,142
XGBoost,provided_plus_rdkit_descriptors,repeat_04__fold_04,repeat_09__fold_04,0.9167383312114896,0.5384615384615384,142
XGBoost,provided_plus_rdkit_descriptors,repeat_04__fold_04,repeat_09__fold_05,0.9360107169966104,0.6666666666666666,142
XGBoost,provided_plus_rdkit_descriptors,repeat_04__fold_04,repeat_10__fold_01,0.9089273472321273,0.5384615384615384,142
XGBoost,provided_plus_rdkit_descriptors,repeat_04__fold_04,repeat_10__fold_02,0.851471759996412,0.42857142857142855,142
XGBoost,provided_plus_rdkit_descriptors,repeat_04__fold_04,repeat_10__fold_03,0.9044455899117209,0.6666666666666666,142
XGBoost,provided_plus_rdkit_descriptors,repeat_04__fold_04,repeat_10__fold_04,0.9118285002879117,0.5384615384615384,142
XGBoost,provided_plus_rdkit_descriptors,repeat_04__fold_04,repeat_10__fold_05,0.9323348244450096,0.6666666666666666,142
XGBoost,provided_plus_rdkit_descriptors,repeat_04__fold_05,repeat_05__fold_01,0.9151577991759006,0.6666666666666666,142
XGBoost,provided_plus_rdkit_descriptors,repeat_04__fold_05,repeat_05__fold_02,0.9295979353748447,0.5384615384615384,142
XGBoost,provided_plus_rdkit_descriptors,repeat_04__fold_05,repeat_05__fold_03,0.9206993116832922,0.5384615384615384,142
XGBoost,provided_plus_rdkit_descriptors,repeat_04__fold_05,repeat_05__fold_04,0.9003779182764952,0.5384615384615384,142
XGBoost,provided_plus_rdkit_descriptors,repeat_04__fold_05,repeat_05__fold_05,0.911959688488768,0.5384615384615384,142
XGBoost,provided_plus_rdkit_descriptors,repeat_04__fold_05,repeat_06__fold_01,0.9083065590765099,0.6666666666666666,142
XGBoost,provided_plus_rdkit_descriptors,repeat_04__fold_05,repeat_06__fold_02,0.9176949401487143,0.42857142857142855,142
XGBoost,provided_plus_rdkit_descriptors,repeat_04__fold_05,repeat_06__fold_03,0.8953135277408177,0.6666666666666666,142
XGBoost,provided_plus_rdkit_descriptors,repeat_04__fold_05,repeat_06__fold_04,0.9141545759505152,0.42857142857142855,142
XGBoost,provided_plus_rdkit_descriptors,repeat_04__fold_05,repeat_06__fold_05,0.9288208899800386,0.5384615384615384,142
XGBoost,provided_plus_rdkit_descriptors,repeat_04__fold_05,repeat_07__fold_01,0.8977682437809528,0.42857142857142855,142
XGBoost,provided_plus_rdkit_descriptors,repeat_04__fold_05,repeat_07__fold_02,0.912095555873175,0.6666666666666666,142
XGBoost,provided_plus_rdkit_descriptors,repeat_04__fold_05,repeat_07__fold_03,0.8983772558892029,0.42857142857142855,142
XGBoost,provided_plus_rdkit_descriptors,repeat_04__fold_05,repeat_07__fold_04,0.897957504601561,0.5384615384615384,142
XGBoost,provided_plus_rdkit_descriptors,repeat_04__fold_05,repeat_07__fold_05,0.9027201528263461,0.5384615384615384,142
XGBoost,provided_plus_rdkit_descriptors,repeat_04__fold_05,repeat_08__fold_01,0.9175344570122879,0.5384615384615384,142
XGBoost,provided_plus_rdkit_descriptors,repeat_04__fold_05,repeat_08__fold_02,0.8972890963011316,0.5384615384615384,142
XGBoost,provided_plus_rdkit_descriptors,repeat_04__fold_05,repeat_08__fold_03,0.8863996741707328,0.6666666666666666,142
XGBoost,provided_plus_rdkit_descriptors,repeat_04__fold_05,repeat_08__fold_04,0.9193169138743299,0.5384615384615384,142
XGBoost,provided_plus_rdkit_descriptors,repeat_04__fold_05,repeat_08__fold_05,0.9313844482948064,0.6666666666666666,142
XGBoost,provided_plus_rdkit_descriptors,repeat_04__fold_05,repeat_09__fold_01,0.8872777086539343,0.6666666666666666,142
XGBoost,provided_plus_rdkit_descriptors,repeat_04__fold_05,repeat_09__fold_02,0.8899538538954861,0.3333333333333333,142
XGBoost,provided_plus_rdkit_descriptors,repeat_04__fold_05,repeat_09__fold_03,0.9532816986246796,0.6666666666666666,142
XGBoost,provided_plus_rdkit_descriptors,repeat_04__fold_05,repeat_09__fold_04,0.9335290947712818,0.5384615384615384,142
XGBoost,provided_plus_rdkit_descriptors,repeat_04__fold_05,repeat_09__fold_05,0.9171762026234883,0.5384615384615384,142
XGBoost,provided_plus_rdkit_descriptors,repeat_04__fold_05,repeat_10__fold_01,0.9056032521093886,0.42857142857142855,142
XGBoost,provided_plus_rdkit_descriptors,repeat_04__fold_05,repeat_10__fold_02,0.8740340686762073,0.6666666666666666,142
XGBoost,provided_plus_rdkit_descriptors,repeat_04__fold_05,repeat_10__fold_03,0.9087496297588897,0.5384615384615384,142
XGBoost,provided_plus_rdkit_descriptors,repeat_04__fold_05,repeat_10__fold_04,0.9069784810480229,0.42857142857142855,142
XGBoost,provided_plus_rdkit_descriptors,repeat_04__fold_05,repeat_10__fold_05,0.9119273891170926,0.5384615384615384,142
XGBoost,provided_plus_rdkit_descriptors,repeat_05__fold_01,repeat_05__fold_02,0.9331943615093143,0.8181818181818182,142
XGBoost,provided_plus_rdkit_descriptors,repeat_05__fold_01,repeat_05__fold_03,0.913927483087534,0.8181818181818182,142
XGBoost,provided_plus_rdkit_descriptors,repeat_05__fold_01,repeat_05__fold_04,0.9204695928545095,0.8181818181818182,142
XGBoost,provided_plus_rdkit_descriptors,repeat_05__fold_01,repeat_05__fold_05,0.8843379264336216,0.5384615384615384,142
XGBoost,provided_plus_rdkit_descriptors,repeat_05__fold_01,repeat_06__fold_01,0.8885156220695654,1.0,142
XGBoost,provided_plus_rdkit_descriptors,repeat_05__fold_01,repeat_06__fold_02,0.8990698201014118,0.5384615384615384,142
XGBoost,provided_plus_rdkit_descriptors,repeat_05__fold_01,repeat_06__fold_03,0.9077505600146296,1.0,142
XGBoost,provided_plus_rdkit_descriptors,repeat_05__fold_01,repeat_06__fold_04,0.9250104713757755,0.6666666666666666,142
XGBoost,provided_plus_rdkit_descriptors,repeat_05__fold_01,repeat_06__fold_05,0.9397590749448061,0.6666666666666666,142
XGBoost,provided_plus_rdkit_descriptors,repeat_05__fold_01,repeat_07__fold_01,0.9298819252931909,0.5384615384615384,142
XGBoost,provided_plus_rdkit_descriptors,repeat_05__fold_01,repeat_07__fold_02,0.9327740104046739,0.8181818181818182,142
XGBoost,provided_plus_rdkit_descriptors,repeat_05__fold_01,repeat_07__fold_03,0.9064423166368135,0.6666666666666666,142
XGBoost,provided_plus_rdkit_descriptors,repeat_05__fold_01,repeat_07__fold_04,0.9041915020753277,0.8181818181818182,142
XGBoost,provided_plus_rdkit_descriptors,repeat_05__fold_01,repeat_07__fold_05,0.8996541279787887,0.8181818181818182,142
XGBoost,provided_plus_rdkit_descriptors,repeat_05__fold_01,repeat_08__fold_01,0.9091762860324047,0.5384615384615384,142
XGBoost,provided_plus_rdkit_descriptors,repeat_05__fold_01,repeat_08__fold_02,0.9096674999640687,0.8181818181818182,142
XGBoost,provided_plus_rdkit_descriptors,repeat_05__fold_01,repeat_08__fold_03,0.8639872607224975,1.0,142
XGBoost,provided_plus_rdkit_descriptors,repeat_05__fold_01,repeat_08__fold_04,0.9252960115660711,0.6666666666666666,142
XGBoost,provided_plus_rdkit_descriptors,repeat_05__fold_01,repeat_08__fold_05,0.9261497262470085,1.0,142
XGBoost,provided_plus_rdkit_descriptors,repeat_05__fold_01,repeat_09__fold_01,0.8923825195563657,1.0,142
XGBoost,provided_plus_rdkit_descriptors,repeat_05__fold_01,repeat_09__fold_02,0.9301237001135318,0.42857142857142855,142
XGBoost,provided_plus_rdkit_descriptors,repeat_05__fold_01,repeat_09__fold_03,0.9300938079815467,1.0,142
XGBoost,provided_plus_rdkit_descriptors,repeat_05__fold_01,repeat_09__fold_04,0.9303612801911305,0.6666666666666666,142
XGBoost,provided_plus_rdkit_descriptors,repeat_05__fold_01,repeat_09__fold_05,0.9152766713230917,0.8181818181818182,142
XGBoost,provided_plus_rdkit_descriptors,repeat_05__fold_01,repeat_10__fold_01,0.9166276471705349,0.6666666666666666,142
XGBoost,provided_plus_rdkit_descriptors,repeat_05__fold_01,repeat_10__fold_02,0.8659964648229809,0.6666666666666666,142
XGBoost,provided_plus_rdkit_descriptors,repeat_05__fold_01,repeat_10__fold_03,0.9069099009631051,0.8181818181818182,142
XGBoost,provided_plus_rdkit_descriptors,repeat_05__fold_01,repeat_10__fold_04,0.9083872171809245,0.6666666666666666,142
XGBoost,provided_plus_rdkit_descriptors,repeat_05__fold_01,repeat_10__fold_05,0.9120305473036433,0.8181818181818182,142
XGBoost,provided_plus_rdkit_descriptors,repeat_05__fold_02,repeat_05__fold_03,0.9075585564849669,0.6666666666666666,142
XGBoost,provided_plus_rdkit_descriptors,repeat_05__fold_02,repeat_05__fold_04,0.8964975001228072,0.8181818181818182,142
XGBoost,provided_plus_rdkit_descriptors,repeat_05__fold_02,repeat_05__fold_05,0.8888239162022041,0.5384615384615384,142
XGBoost,provided_plus_rdkit_descriptors,repeat_05__fold_02,repeat_06__fold_01,0.8860386406693759,0.8181818181818182,142
XGBoost,provided_plus_rdkit_descriptors,repeat_05__fold_02,repeat_06__fold_02,0.9259120278557007,0.6666666666666666,142
XGBoost,provided_plus_rdkit_descriptors,repeat_05__fold_02,repeat_06__fold_03,0.924757711814686,0.8181818181818182,142
XGBoost,provided_plus_rdkit_descriptors,repeat_05__fold_02,repeat_06__fold_04,0.9233021144498503,0.6666666666666666,142
XGBoost,provided_plus_rdkit_descriptors,repeat_05__fold_02,repeat_06__fold_05,0.9297771017848365,0.5384615384615384,142
XGBoost,provided_plus_rdkit_descriptors,repeat_05__fold_02,repeat_07__fold_01,0.9150579536799897,0.5384615384615384,142
XGBoost,provided_plus_rdkit_descriptors,repeat_05__fold_02,repeat_07__fold_02,0.9220797271885938,0.6666666666666666,142
XGBoost,provided_plus_rdkit_descriptors,repeat_05__fold_02,repeat_07__fold_03,0.9183405358791633,0.6666666666666666,142
XGBoost,provided_plus_rdkit_descriptors,repeat_05__fold_02,repeat_07__fold_04,0.9127560187479299,0.6666666666666666,142
XGBoost,provided_plus_rdkit_descriptors,repeat_05__fold_02,repeat_07__fold_05,0.8902616829725827,0.6666666666666666,142
XGBoost,provided_plus_rdkit_descriptors,repeat_05__fold_02,repeat_08__fold_01,0.8989133651223319,0.5384615384615384,142
XGBoost,provided_plus_rdkit_descriptors,repeat_05__fold_02,repeat_08__fold_02,0.9005695438643316,0.8181818181818182,142
XGBoost,provided_plus_rdkit_descriptors,repeat_05__fold_02,repeat_08__fold_03,0.8986592910849043,0.8181818181818182,142
XGBoost,provided_plus_rdkit_descriptors,repeat_05__fold_02,repeat_08__fold_04,0.9184044110751088,0.5384615384615384,142
XGBoost,provided_plus_rdkit_descriptors,repeat_05__fold_02,repeat_08__fold_05,0.9125152020134603,0.8181818181818182,142
XGBoost,provided_plus_rdkit_descriptors,repeat_05__fold_02,repeat_09__fold_01,0.9014280661753324,0.8181818181818182,142
XGBoost,provided_plus_rdkit_descriptors,repeat_05__fold_02,repeat_09__fold_02,0.9208586089687616,0.42857142857142855,142
XGBoost,provided_plus_rdkit_descriptors,repeat_05__fold_02,repeat_09__fold_03,0.9278737849543338,0.8181818181818182,142
XGBoost,provided_plus_rdkit_descriptors,repeat_05__fold_02,repeat_09__fold_04,0.9381553385506851,0.6666666666666666,142
XGBoost,provided_plus_rdkit_descriptors,repeat_05__fold_02,repeat_09__fold_05,0.9005251109575296,0.8181818181818182,142
XGBoost,provided_plus_rdkit_descriptors,repeat_05__fold_02,repeat_10__fold_01,0.8940408874796761,0.6666666666666666,142
XGBoost,provided_plus_rdkit_descriptors,repeat_05__fold_02,repeat_10__fold_02,0.8877253247054726,0.5384615384615384,142
XGBoost,provided_plus_rdkit_descriptors,repeat_05__fold_02,repeat_10__fold_03,0.9036569489377236,0.6666666666666666,142
XGBoost,provided_plus_rdkit_descriptors,repeat_05__fold_02,repeat_10__fold_04,0.915025211011726,0.6666666666666666,142
XGBoost,provided_plus_rdkit_descriptors,repeat_05__fold_02,repeat_10__fold_05,0.9093052784327952,0.6666666666666666,142
XGBoost,provided_plus_rdkit_descriptors,repeat_05__fold_03,repeat_05__fold_04,0.902551792013346,0.6666666666666666,142
XGBoost,provided_plus_rdkit_descriptors,repeat_05__fold_03,repeat_05__fold_05,0.872059065304526,0.5384615384615384,142
XGBoost,provided_plus_rdkit_descriptors,repeat_05__fold_03,repeat_06__fold_01,0.9090645109215084,0.8181818181818182,142
XGBoost,provided_plus_rdkit_descriptors,repeat_05__fold_03,repeat_06__fold_02,0.8869372298836067,0.42857142857142855,142
XGBoost,provided_plus_rdkit_descriptors,repeat_05__fold_03,repeat_06__fold_03,0.8932342952233979,0.8181818181818182,142
XGBoost,provided_plus_rdkit_descriptors,repeat_05__fold_03,repeat_06__fold_04,0.9092537647849268,0.6666666666666666,142
XGBoost,provided_plus_rdkit_descriptors,repeat_05__fold_03,repeat_06__fold_05,0.9240593160778855,0.6666666666666666,142
XGBoost,provided_plus_rdkit_descriptors,repeat_05__fold_03,repeat_07__fold_01,0.8852288699276302,0.42857142857142855,142
XGBoost,provided_plus_rdkit_descriptors,repeat_05__fold_03,repeat_07__fold_02,0.9082477051375385,0.6666666666666666,142
XGBoost,provided_plus_rdkit_descriptors,repeat_05__fold_03,repeat_07__fold_03,0.8456013214982127,0.5384615384615384,142
XGBoost,provided_plus_rdkit_descriptors,repeat_05__fold_03,repeat_07__fold_04,0.8763318275570947,0.6666666666666666,142
XGBoost,provided_plus_rdkit_descriptors,repeat_05__fold_03,repeat_07__fold_05,0.8916448752953019,0.8181818181818182,142
XGBoost,provided_plus_rdkit_descriptors,repeat_05__fold_03,repeat_08__fold_01,0.8754830287020309,0.42857142857142855,142
XGBoost,provided_plus_rdkit_descriptors,repeat_05__fold_03,repeat_08__fold_02,0.8969831228467765,0.8181818181818182,142
XGBoost,provided_plus_rdkit_descriptors,repeat_05__fold_03,repeat_08__fold_03,0.9057469845277972,0.8181818181818182,142
XGBoost,provided_plus_rdkit_descriptors,repeat_05__fold_03,repeat_08__fold_04,0.8924128389712629,0.5384615384615384,142
XGBoost,provided_plus_rdkit_descriptors,repeat_05__fold_03,repeat_08__fold_05,0.9123961799236561,0.8181818181818182,142
XGBoost,provided_plus_rdkit_descriptors,repeat_05__fold_03,repeat_09__fold_01,0.8902088132280551,0.8181818181818182,142
XGBoost,provided_plus_rdkit_descriptors,repeat_05__fold_03,repeat_09__fold_02,0.9166839781330659,0.5384615384615384,142
XGBoost,provided_plus_rdkit_descriptors,repeat_05__fold_03,repeat_09__fold_03,0.9132263126975119,0.8181818181818182,142
XGBoost,provided_plus_rdkit_descriptors,repeat_05__fold_03,repeat_09__fold_04,0.9033243422071536,0.5384615384615384,142
XGBoost,provided_plus_rdkit_descriptors,repeat_05__fold_03,repeat_09__fold_05,0.8883076507702785,0.6666666666666666,142
XGBoost,provided_plus_rdkit_descriptors,repeat_05__fold_03,repeat_10__fold_01,0.9052755450943193,0.6666666666666666,142
XGBoost,provided_plus_rdkit_descriptors,repeat_05__fold_03,repeat_10__fold_02,0.8591941719091205,0.6666666666666666,142
XGBoost,provided_plus_rdkit_descriptors,repeat_05__fold_03,repeat_10__fold_03,0.9013188948297255,0.6666666666666666,142
XGBoost,provided_plus_rdkit_descriptors,repeat_05__fold_03,repeat_10__fold_04,0.8864395226193794,0.8181818181818182,142
XGBoost,provided_plus_rdkit_descriptors,repeat_05__fold_03,repeat_10__fold_05,0.9125331718372368,0.8181818181818182,142
XGBoost,provided_plus_rdkit_descriptors,repeat_05__fold_04,repeat_05__fold_05,0.8965287165206107,0.42857142857142855,142
XGBoost,provided_plus_rdkit_descriptors,repeat_05__fold_04,repeat_06__fold_01,0.8883018965388507,0.8181818181818182,142
XGBoost,provided_plus_rdkit_descriptors,repeat_05__fold_04,repeat_06__fold_02,0.8708468475819412,0.5384615384615384,142
XGBoost,provided_plus_rdkit_descriptors,repeat_05__fold_04,repeat_06__fold_03,0.9052914657945018,0.8181818181818182,142
XGBoost,provided_plus_rdkit_descriptors,repeat_05__fold_04,repeat_06__fold_04,0.9018493290402392,0.6666666666666666,142
XGBoost,provided_plus_rdkit_descriptors,repeat_05__fold_04,repeat_06__fold_05,0.934682002979157,0.6666666666666666,142
XGBoost,provided_plus_rdkit_descriptors,repeat_05__fold_04,repeat_07__fold_01,0.8823827442687836,0.5384615384615384,142
XGBoost,provided_plus_rdkit_descriptors,repeat_05__fold_04,repeat_07__fold_02,0.9224816773620637,0.6666666666666666,142
XGBoost,provided_plus_rdkit_descriptors,repeat_05__fold_04,repeat_07__fold_03,0.8808955555404453,0.6666666666666666,142
XGBoost,provided_plus_rdkit_descriptors,repeat_05__fold_04,repeat_07__fold_04,0.8888182483720573,0.8181818181818182,142
XGBoost,provided_plus_rdkit_descriptors,repeat_05__fold_04,repeat_07__fold_05,0.9047054628018014,0.6666666666666666,142
XGBoost,provided_plus_rdkit_descriptors,repeat_05__fold_04,repeat_08__fold_01,0.8922694396345001,0.6666666666666666,142
XGBoost,provided_plus_rdkit_descriptors,repeat_05__fold_04,repeat_08__fold_02,0.8765324647949575,0.6666666666666666,142
XGBoost,provided_plus_rdkit_descriptors,repeat_05__fold_04,repeat_08__fold_03,0.891880902964636,0.8181818181818182,142
XGBoost,provided_plus_rdkit_descriptors,repeat_05__fold_04,repeat_08__fold_04,0.8935417190804191,0.5384615384615384,142
XGBoost,provided_plus_rdkit_descriptors,repeat_05__fold_04,repeat_08__fold_05,0.9236976928444145,0.8181818181818182,142
XGBoost,provided_plus_rdkit_descriptors,repeat_05__fold_04,repeat_09__fold_01,0.8890422254606849,0.8181818181818182,142
XGBoost,provided_plus_rdkit_descriptors,repeat_05__fold_04,repeat_09__fold_02,0.9247932825006708,0.42857142857142855,142
XGBoost,provided_plus_rdkit_descriptors,repeat_05__fold_04,repeat_09__fold_03,0.9138828407697343,0.8181818181818182,142
XGBoost,provided_plus_rdkit_descriptors,repeat_05__fold_04,repeat_09__fold_04,0.9141882118299053,0.8181818181818182,142
XGBoost,provided_plus_rdkit_descriptors,repeat_05__fold_04,repeat_09__fold_05,0.8900483865893117,0.6666666666666666,142
XGBoost,provided_plus_rdkit_descriptors,repeat_05__fold_04,repeat_10__fold_01,0.9025130971534108,0.5384615384615384,142
XGBoost,provided_plus_rdkit_descriptors,repeat_05__fold_04,repeat_10__fold_02,0.8787335958283128,0.5384615384615384,142
XGBoost,provided_plus_rdkit_descriptors,repeat_05__fold_04,repeat_10__fold_03,0.9207153244141364,0.6666666666666666,142
XGBoost,provided_plus_rdkit_descriptors,repeat_05__fold_04,repeat_10__fold_04,0.9077210336883942,0.6666666666666666,142
XGBoost,provided_plus_rdkit_descriptors,repeat_05__fold_04,repeat_10__fold_05,0.9085014744465613,0.6666666666666666,142
XGBoost,provided_plus_rdkit_descriptors,repeat_05__fold_05,repeat_06__fold_01,0.8973734659227875,0.5384615384615384,142
XGBoost,provided_plus_rdkit_descriptors,repeat_05__fold_05,repeat_06__fold_02,0.8808145479649979,0.5384615384615384,142
XGBoost,provided_plus_rdkit_descriptors,repeat_05__fold_05,repeat_06__fold_03,0.9184973367900957,0.5384615384615384,142
XGBoost,provided_plus_rdkit_descriptors,repeat_05__fold_05,repeat_06__fold_04,0.8810330666878742,0.3333333333333333,142
XGBoost,provided_plus_rdkit_descriptors,repeat_05__fold_05,repeat_06__fold_05,0.944831602971752,0.6666666666666666,142
XGBoost,provided_plus_rdkit_descriptors,repeat_05__fold_05,repeat_07__fold_01,0.8717156617626973,0.42857142857142855,142
XGBoost,provided_plus_rdkit_descriptors,repeat_05__fold_05,repeat_07__fold_02,0.8986285008571508,0.5384615384615384,142
XGBoost,provided_plus_rdkit_descriptors,repeat_05__fold_05,repeat_07__fold_03,0.9060947477314479,0.42857142857142855,142
XGBoost,provided_plus_rdkit_descriptors,repeat_05__fold_05,repeat_07__fold_04,0.8955311710573856,0.5384615384615384,142
XGBoost,provided_plus_rdkit_descriptors,repeat_05__fold_05,repeat_07__fold_05,0.9154749052187872,0.6666666666666666,142
XGBoost,provided_plus_rdkit_descriptors,repeat_05__fold_05,repeat_08__fold_01,0.9135121232526274,0.42857142857142855,142
XGBoost,provided_plus_rdkit_descriptors,repeat_05__fold_05,repeat_08__fold_02,0.8928778358456777,0.5384615384615384,142
XGBoost,provided_plus_rdkit_descriptors,repeat_05__fold_05,repeat_08__fold_03,0.8726415341569,0.5384615384615384,142
XGBoost,provided_plus_rdkit_descriptors,repeat_05__fold_05,repeat_08__fold_04,0.8980533098136124,0.5384615384615384,142
XGBoost,provided_plus_rdkit_descriptors,repeat_05__fold_05,repeat_08__fold_05,0.9060209359077681,0.5384615384615384,142
XGBoost,provided_plus_rdkit_descriptors,repeat_05__fold_05,repeat_09__fold_01,0.8749083976889783,0.5384615384615384,142
XGBoost,provided_plus_rdkit_descriptors,repeat_05__fold_05,repeat_09__fold_02,0.8946793396957964,0.42857142857142855,142
XGBoost,provided_plus_rdkit_descriptors,repeat_05__fold_05,repeat_09__fold_03,0.9256113831379479,0.5384615384615384,142
XGBoost,provided_plus_rdkit_descriptors,repeat_05__fold_05,repeat_09__fold_04,0.9014517880403005,0.42857142857142855,142
XGBoost,provided_plus_rdkit_descriptors,repeat_05__fold_05,repeat_09__fold_05,0.8968287750252272,0.6666666666666666,142
XGBoost,provided_plus_rdkit_descriptors,repeat_05__fold_05,repeat_10__fold_01,0.8757931968195688,0.5384615384615384,142
XGBoost,provided_plus_rdkit_descriptors,repeat_05__fold_05,repeat_10__fold_02,0.8468844096650607,0.42857142857142855,142
XGBoost,provided_plus_rdkit_descriptors,repeat_05__fold_05,repeat_10__fold_03,0.8778092668888411,0.5384615384615384,142
XGBoost,provided_plus_rdkit_descriptors,repeat_05__fold_05,repeat_10__fold_04,0.9080250839772567,0.42857142857142855,142
XGBoost,provided_plus_rdkit_descriptors,repeat_05__fold_05,repeat_10__fold_05,0.906094922752674,0.6666666666666666,142
XGBoost,provided_plus_rdkit_descriptors,repeat_06__fold_01,repeat_06__fold_02,0.8593662213866775,0.5384615384615384,142
XGBoost,provided_plus_rdkit_descriptors,repeat_06__fold_01,repeat_06__fold_03,0.9005965710194378,1.0,142
XGBoost,provided_plus_rdkit_descriptors,repeat_06__fold_01,repeat_06__fold_04,0.8848931716155111,0.6666666666666666,142
XGBoost,provided_plus_rdkit_descriptors,repeat_06__fold_01,repeat_06__fold_05,0.9059237957022103,0.6666666666666666,142
XGBoost,provided_plus_rdkit_descriptors,repeat_06__fold_01,repeat_07__fold_01,0.8573066197311877,0.5384615384615384,142
XGBoost,provided_plus_rdkit_descriptors,repeat_06__fold_01,repeat_07__fold_02,0.8752655558443861,0.8181818181818182,142
XGBoost,provided_plus_rdkit_descriptors,repeat_06__fold_01,repeat_07__fold_03,0.8714332799368639,0.6666666666666666,142
XGBoost,provided_plus_rdkit_descriptors,repeat_06__fold_01,repeat_07__fold_04,0.8796843574138847,0.8181818181818182,142
XGBoost,provided_plus_rdkit_descriptors,repeat_06__fold_01,repeat_07__fold_05,0.9096513397457472,0.8181818181818182,142
XGBoost,provided_plus_rdkit_descriptors,repeat_06__fold_01,repeat_08__fold_01,0.878374959887984,0.5384615384615384,142
XGBoost,provided_plus_rdkit_descriptors,repeat_06__fold_01,repeat_08__fold_02,0.8731085331846122,0.8181818181818182,142
XGBoost,provided_plus_rdkit_descriptors,repeat_06__fold_01,repeat_08__fold_03,0.8847154442902676,1.0,142
XGBoost,provided_plus_rdkit_descriptors,repeat_06__fold_01,repeat_08__fold_04,0.8839328087548115,0.6666666666666666,142
XGBoost,provided_plus_rdkit_descriptors,repeat_06__fold_01,repeat_08__fold_05,0.8940569193027139,1.0,142
XGBoost,provided_plus_rdkit_descriptors,repeat_06__fold_01,repeat_09__fold_01,0.8608027535116115,1.0,142
XGBoost,provided_plus_rdkit_descriptors,repeat_06__fold_01,repeat_09__fold_02,0.8697323306208283,0.42857142857142855,142
XGBoost,provided_plus_rdkit_descriptors,repeat_06__fold_01,repeat_09__fold_03,0.8940137587645075,1.0,142
XGBoost,provided_plus_rdkit_descriptors,repeat_06__fold_01,repeat_09__fold_04,0.8869081712113633,0.6666666666666666,142
XGBoost,provided_plus_rdkit_descriptors,repeat_06__fold_01,repeat_09__fold_05,0.8731040041131332,0.8181818181818182,142
XGBoost,provided_plus_rdkit_descriptors,repeat_06__fold_01,repeat_10__fold_01,0.8525578312151411,0.6666666666666666,142
XGBoost,provided_plus_rdkit_descriptors,repeat_06__fold_01,repeat_10__fold_02,0.8920488552141232,0.6666666666666666,142
XGBoost,provided_plus_rdkit_descriptors,repeat_06__fold_01,repeat_10__fold_03,0.8609391227610876,0.8181818181818182,142
XGBoost,provided_plus_rdkit_descriptors,repeat_06__fold_01,repeat_10__fold_04,0.8891998904290209,0.6666666666666666,142
XGBoost,provided_plus_rdkit_descriptors,repeat_06__fold_01,repeat_10__fold_05,0.8749230089706707,0.8181818181818182,142
XGBoost,provided_plus_rdkit_descriptors,repeat_06__fold_02,repeat_06__fold_03,0.8626068390597483,0.5384615384615384,142
XGBoost,provided_plus_rdkit_descriptors,repeat_06__fold_02,repeat_06__fold_04,0.8883625376677508,0.42857142857142855,142
XGBoost,provided_plus_rdkit_descriptors,repeat_06__fold_02,repeat_06__fold_05,0.9071239613046168,0.5384615384615384,142
XGBoost,provided_plus_rdkit_descriptors,repeat_06__fold_02,repeat_07__fold_01,0.9028954919164834,0.6666666666666666,142
XGBoost,provided_plus_rdkit_descriptors,repeat_06__fold_02,repeat_07__fold_02,0.8993881432207887,0.5384615384615384,142
XGBoost,provided_plus_rdkit_descriptors,repeat_06__fold_02,repeat_07__fold_03,0.8803459194335462,0.6666666666666666,142
XGBoost,provided_plus_rdkit_descriptors,repeat_06__fold_02,repeat_07__fold_04,0.8911799837262382,0.5384615384615384,142
XGBoost,provided_plus_rdkit_descriptors,repeat_06__fold_02,repeat_07__fold_05,0.8902354496631519,0.5384615384615384,142
XGBoost,provided_plus_rdkit_descriptors,repeat_06__fold_02,repeat_08__fold_01,0.9093507226937178,0.5384615384615384,142
XGBoost,provided_plus_rdkit_descriptors,repeat_06__fold_02,repeat_08__fold_02,0.9004863996228476,0.5384615384615384,142
XGBoost,provided_plus_rdkit_descriptors,repeat_06__fold_02,repeat_08__fold_03,0.8480369680080388,0.5384615384615384,142
XGBoost,provided_plus_rdkit_descriptors,repeat_06__fold_02,repeat_08__fold_04,0.9076124034170368,0.6666666666666666,142
XGBoost,provided_plus_rdkit_descriptors,repeat_06__fold_02,repeat_08__fold_05,0.8955175990102667,0.5384615384615384,142
XGBoost,provided_plus_rdkit_descriptors,repeat_06__fold_02,repeat_09__fold_01,0.8909319103397529,0.5384615384615384,142
XGBoost,provided_plus_rdkit_descriptors,repeat_06__fold_02,repeat_09__fold_02,0.8987164634343289,0.5384615384615384,142
XGBoost,provided_plus_rdkit_descriptors,repeat_06__fold_02,repeat_09__fold_03,0.9333587283850828,0.5384615384615384,142
XGBoost,provided_plus_rdkit_descriptors,repeat_06__fold_02,repeat_09__fold_04,0.9086236725112341,0.5384615384615384,142
XGBoost,provided_plus_rdkit_descriptors,repeat_06__fold_02,repeat_09__fold_05,0.892007986350639,0.6666666666666666,142
XGBoost,provided_plus_rdkit_descriptors,repeat_06__fold_02,repeat_10__fold_01,0.8765933330790451,0.5384615384615384,142
XGBoost,provided_plus_rdkit_descriptors,repeat_06__fold_02,repeat_10__fold_02,0.8655441319238916,0.42857142857142855,142
XGBoost,provided_plus_rdkit_descriptors,repeat_06__fold_02,repeat_10__fold_03,0.884495807056051,0.6666666666666666,142
XGBoost,provided_plus_rdkit_descriptors,repeat_06__fold_02,repeat_10__fold_04,0.8787738776983465,0.5384615384615384,142
XGBoost,provided_plus_rdkit_descriptors,repeat_06__fold_02,repeat_10__fold_05,0.9069593447158776,0.5384615384615384,142
XGBoost,provided_plus_rdkit_descriptors,repeat_06__fold_03,repeat_06__fold_04,0.89368242898721,0.6666666666666666,142
XGBoost,provided_plus_rdkit_descriptors,repeat_06__fold_03,repeat_06__fold_05,0.9338654181441813,0.6666666666666666,142
XGBoost,provided_plus_rdkit_descriptors,repeat_06__fold_03,repeat_07__fold_01,0.8771532682678304,0.5384615384615384,142
XGBoost,provided_plus_rdkit_descriptors,repeat_06__fold_03,repeat_07__fold_02,0.9216276132091027,0.8181818181818182,142
XGBoost,provided_plus_rdkit_descriptors,repeat_06__fold_03,repeat_07__fold_03,0.9035235640898367,0.6666666666666666,142
XGBoost,provided_plus_rdkit_descriptors,repeat_06__fold_03,repeat_07__fold_04,0.9176599781052174,0.8181818181818182,142
XGBoost,provided_plus_rdkit_descriptors,repeat_06__fold_03,repeat_07__fold_05,0.8812837972027927,0.8181818181818182,142
XGBoost,provided_plus_rdkit_descriptors,repeat_06__fold_03,repeat_08__fold_01,0.8927516816628208,0.5384615384615384,142
XGBoost,provided_plus_rdkit_descriptors,repeat_06__fold_03,repeat_08__fold_02,0.8816548466571925,0.8181818181818182,142
XGBoost,provided_plus_rdkit_descriptors,repeat_06__fold_03,repeat_08__fold_03,0.904473884754355,1.0,142
XGBoost,provided_plus_rdkit_descriptors,repeat_06__fold_03,repeat_08__fold_04,0.8884510687872421,0.6666666666666666,142
XGBoost,provided_plus_rdkit_descriptors,repeat_06__fold_03,repeat_08__fold_05,0.9064544069800939,1.0,142
XGBoost,provided_plus_rdkit_descriptors,repeat_06__fold_03,repeat_09__fold_01,0.8844815436852426,1.0,142
XGBoost,provided_plus_rdkit_descriptors,repeat_06__fold_03,repeat_09__fold_02,0.9066147362192288,0.42857142857142855,142
XGBoost,provided_plus_rdkit_descriptors,repeat_06__fold_03,repeat_09__fold_03,0.9184475726173269,1.0,142
XGBoost,provided_plus_rdkit_descriptors,repeat_06__fold_03,repeat_09__fold_04,0.8950516253925244,0.6666666666666666,142
XGBoost,provided_plus_rdkit_descriptors,repeat_06__fold_03,repeat_09__fold_05,0.895327215282806,0.8181818181818182,142
XGBoost,provided_plus_rdkit_descriptors,repeat_06__fold_03,repeat_10__fold_01,0.8853576844791192,0.6666666666666666,142
XGBoost,provided_plus_rdkit_descriptors,repeat_06__fold_03,repeat_10__fold_02,0.8549278839195623,0.6666666666666666,142
XGBoost,provided_plus_rdkit_descriptors,repeat_06__fold_03,repeat_10__fold_03,0.8769197525655175,0.8181818181818182,142
XGBoost,provided_plus_rdkit_descriptors,repeat_06__fold_03,repeat_10__fold_04,0.9173557010646032,0.6666666666666666,142
XGBoost,provided_plus_rdkit_descriptors,repeat_06__fold_03,repeat_10__fold_05,0.891788985678826,0.8181818181818182,142
XGBoost,provided_plus_rdkit_descriptors,repeat_06__fold_04,repeat_06__fold_05,0.9195866159794184,0.42857142857142855,142
XGBoost,provided_plus_rdkit_descriptors,repeat_06__fold_04,repeat_07__fold_01,0.9198528871394682,0.5384615384615384,142
XGBoost,provided_plus_rdkit_descriptors,repeat_06__fold_04,repeat_07__fold_02,0.9180062215814851,0.5384615384615384,142
XGBoost,provided_plus_rdkit_descriptors,repeat_06__fold_04,repeat_07__fold_03,0.8820229244701616,0.6666666666666666,142
XGBoost,provided_plus_rdkit_descriptors,repeat_06__fold_04,repeat_07__fold_04,0.9028576446333786,0.5384615384615384,142
XGBoost,provided_plus_rdkit_descriptors,repeat_06__fold_04,repeat_07__fold_05,0.9149352393766631,0.5384615384615384,142
XGBoost,provided_plus_rdkit_descriptors,repeat_06__fold_04,repeat_08__fold_01,0.896690628209767,0.5384615384615384,142
XGBoost,provided_plus_rdkit_descriptors,repeat_06__fold_04,repeat_08__fold_02,0.919451508037215,0.6666666666666666,142
XGBoost,provided_plus_rdkit_descriptors,repeat_06__fold_04,repeat_08__fold_03,0.8919270245621438,0.6666666666666666,142
XGBoost,provided_plus_rdkit_descriptors,repeat_06__fold_04,repeat_08__fold_04,0.936453716443703,0.5384615384615384,142
XGBoost,provided_plus_rdkit_descriptors,repeat_06__fold_04,repeat_08__fold_05,0.8802362235172093,0.6666666666666666,142
XGBoost,provided_plus_rdkit_descriptors,repeat_06__fold_04,repeat_09__fold_01,0.8959325153705762,0.6666666666666666,142
XGBoost,provided_plus_rdkit_descriptors,repeat_06__fold_04,repeat_09__fold_02,0.9153397390672404,0.42857142857142855,142
XGBoost,provided_plus_rdkit_descriptors,repeat_06__fold_04,repeat_09__fold_03,0.9165995924368114,0.6666666666666666,142
XGBoost,provided_plus_rdkit_descriptors,repeat_06__fold_04,repeat_09__fold_04,0.9280240468093737,0.5384615384615384,142
XGBoost,provided_plus_rdkit_descriptors,repeat_06__fold_04,repeat_09__fold_05,0.927770264530098,0.5384615384615384,142
XGBoost,provided_plus_rdkit_descriptors,repeat_06__fold_04,repeat_10__fold_01,0.9235825343788525,0.5384615384615384,142
XGBoost,provided_plus_rdkit_descriptors,repeat_06__fold_04,repeat_10__fold_02,0.8798416349117489,0.6666666666666666,142
XGBoost,provided_plus_rdkit_descriptors,repeat_06__fold_04,repeat_10__fold_03,0.9087312612076863,0.5384615384615384,142
XGBoost,provided_plus_rdkit_descriptors,repeat_06__fold_04,repeat_10__fold_04,0.9304603021239196,0.6666666666666666,142
XGBoost,provided_plus_rdkit_descriptors,repeat_06__fold_04,repeat_10__fold_05,0.9254374585272553,0.5384615384615384,142
XGBoost,provided_plus_rdkit_descriptors,repeat_06__fold_05,repeat_07__fold_01,0.9182063762328531,0.5384615384615384,142
XGBoost,provided_plus_rdkit_descriptors,repeat_06__fold_05,repeat_07__fold_02,0.9313733697115087,0.6666666666666666,142
XGBoost,provided_plus_rdkit_descriptors,repeat_06__fold_05,repeat_07__fold_03,0.9038146438155048,0.5384615384615384,142
XGBoost,provided_plus_rdkit_descriptors,repeat_06__fold_05,repeat_07__fold_04,0.9280384859145486,0.8181818181818182,142
XGBoost,provided_plus_rdkit_descriptors,repeat_06__fold_05,repeat_07__fold_05,0.9136034621151111,0.8181818181818182,142
XGBoost,provided_plus_rdkit_descriptors,repeat_06__fold_05,repeat_08__fold_01,0.925652013505088,0.6666666666666666,142
XGBoost,provided_plus_rdkit_descriptors,repeat_06__fold_05,repeat_08__fold_02,0.9023669587895091,0.5384615384615384,142
XGBoost,provided_plus_rdkit_descriptors,repeat_06__fold_05,repeat_08__fold_03,0.8789179800188988,0.6666666666666666,142
XGBoost,provided_plus_rdkit_descriptors,repeat_06__fold_05,repeat_08__fold_04,0.9201734846092562,0.6666666666666666,142
XGBoost,provided_plus_rdkit_descriptors,repeat_06__fold_05,repeat_08__fold_05,0.9216382110792806,0.6666666666666666,142
XGBoost,provided_plus_rdkit_descriptors,repeat_06__fold_05,repeat_09__fold_01,0.8973035284575059,0.6666666666666666,142
XGBoost,provided_plus_rdkit_descriptors,repeat_06__fold_05,repeat_09__fold_02,0.9277130526746394,0.5384615384615384,142
XGBoost,provided_plus_rdkit_descriptors,repeat_06__fold_05,repeat_09__fold_03,0.9451341058444005,0.6666666666666666,142
XGBoost,provided_plus_rdkit_descriptors,repeat_06__fold_05,repeat_09__fold_04,0.9275166997388091,0.6666666666666666,142
XGBoost,provided_plus_rdkit_descriptors,repeat_06__fold_05,repeat_09__fold_05,0.9109852631257834,0.6666666666666666,142
XGBoost,provided_plus_rdkit_descriptors,repeat_06__fold_05,repeat_10__fold_01,0.9251325068113492,0.5384615384615384,142
XGBoost,provided_plus_rdkit_descriptors,repeat_06__fold_05,repeat_10__fold_02,0.887768357427147,0.5384615384615384,142
XGBoost,provided_plus_rdkit_descriptors,repeat_06__fold_05,repeat_10__fold_03,0.9101929733446652,0.6666666666666666,142
XGBoost,provided_plus_rdkit_descriptors,repeat_06__fold_05,repeat_10__fold_04,0.9225819189767996,0.5384615384615384,142
XGBoost,provided_plus_rdkit_descriptors,repeat_06__fold_05,repeat_10__fold_05,0.9251007707204199,0.8181818181818182,142
XGBoost,provided_plus_rdkit_descriptors,repeat_07__fold_01,repeat_07__fold_02,0.9029356309834474,0.6666666666666666,142
XGBoost,provided_plus_rdkit_descriptors,repeat_07__fold_01,repeat_07__fold_03,0.8691309448008623,0.5384615384615384,142
XGBoost,provided_plus_rdkit_descriptors,repeat_07__fold_01,repeat_07__fold_04,0.8696760849541715,0.5384615384615384,142
XGBoost,provided_plus_rdkit_descriptors,repeat_07__fold_01,repeat_07__fold_05,0.8786641109005936,0.5384615384615384,142
XGBoost,provided_plus_rdkit_descriptors,repeat_07__fold_01,repeat_08__fold_01,0.8845937679751796,0.5384615384615384,142
XGBoost,provided_plus_rdkit_descriptors,repeat_07__fold_01,repeat_08__fold_02,0.9019918566727934,0.42857142857142855,142
XGBoost,provided_plus_rdkit_descriptors,repeat_07__fold_01,repeat_08__fold_03,0.8557328555025133,0.5384615384615384,142
XGBoost,provided_plus_rdkit_descriptors,repeat_07__fold_01,repeat_08__fold_04,0.9005464955147495,0.8181818181818182,142
XGBoost,provided_plus_rdkit_descriptors,repeat_07__fold_01,repeat_08__fold_05,0.8968623542861325,0.5384615384615384,142
XGBoost,provided_plus_rdkit_descriptors,repeat_07__fold_01,repeat_09__fold_01,0.863735983879145,0.5384615384615384,142
XGBoost,provided_plus_rdkit_descriptors,repeat_07__fold_01,repeat_09__fold_02,0.9144349455975129,0.42857142857142855,142
XGBoost,provided_plus_rdkit_descriptors,repeat_07__fold_01,repeat_09__fold_03,0.9122547651749124,0.5384615384615384,142
XGBoost,provided_plus_rdkit_descriptors,repeat_07__fold_01,repeat_09__fold_04,0.8975710957556275,0.5384615384615384,142
XGBoost,provided_plus_rdkit_descriptors,repeat_07__fold_01,repeat_09__fold_05,0.9296489384881209,0.5384615384615384,142
XGBoost,provided_plus_rdkit_descriptors,repeat_07__fold_01,repeat_10__fold_01,0.9053773886806252,0.5384615384615384,142
XGBoost,provided_plus_rdkit_descriptors,repeat_07__fold_01,repeat_10__fold_02,0.8304587337626008,0.42857142857142855,142
XGBoost,provided_plus_rdkit_descriptors,repeat_07__fold_01,repeat_10__fold_03,0.8964692818738699,0.6666666666666666,142
XGBoost,provided_plus_rdkit_descriptors,repeat_07__fold_01,repeat_10__fold_04,0.8842685964518773,0.5384615384615384,142
XGBoost,provided_plus_rdkit_descriptors,repeat_07__fold_01,repeat_10__fold_05,0.9128471984060305,0.5384615384615384,142
XGBoost,provided_plus_rdkit_descriptors,repeat_07__fold_02,repeat_07__fold_03,0.9229999748691374,0.5384615384615384,142
XGBoost,provided_plus_rdkit_descriptors,repeat_07__fold_02,repeat_07__fold_04,0.9171995497247543,0.6666666666666666,142
XGBoost,provided_plus_rdkit_descriptors,repeat_07__fold_02,repeat_07__fold_05,0.9025332509513658,0.6666666666666666,142
XGBoost,provided_plus_rdkit_descriptors,repeat_07__fold_02,repeat_08__fold_01,0.9166903783032924,0.5384615384615384,142
XGBoost,provided_plus_rdkit_descriptors,repeat_07__fold_02,repeat_08__fold_02,0.9134993562177309,0.6666666666666666,142
XGBoost,provided_plus_rdkit_descriptors,repeat_07__fold_02,repeat_08__fold_03,0.8677019320670192,0.8181818181818182,142
XGBoost,provided_plus_rdkit_descriptors,repeat_07__fold_02,repeat_08__fold_04,0.9195003399626777,0.6666666666666666,142
XGBoost,provided_plus_rdkit_descriptors,repeat_07__fold_02,repeat_08__fold_05,0.9291109151739068,0.8181818181818182,142
XGBoost,provided_plus_rdkit_descriptors,repeat_07__fold_02,repeat_09__fold_01,0.9374664574138198,0.8181818181818182,142
XGBoost,provided_plus_rdkit_descriptors,repeat_07__fold_02,repeat_09__fold_02,0.9234726336731491,0.42857142857142855,142
XGBoost,provided_plus_rdkit_descriptors,repeat_07__fold_02,repeat_09__fold_03,0.9264256560109876,0.8181818181818182,142
XGBoost,provided_plus_rdkit_descriptors,repeat_07__fold_02,repeat_09__fold_04,0.9296461678378724,0.6666666666666666,142
XGBoost,provided_plus_rdkit_descriptors,repeat_07__fold_02,repeat_09__fold_05,0.9122180332132552,0.6666666666666666,142
XGBoost,provided_plus_rdkit_descriptors,repeat_07__fold_02,repeat_10__fold_01,0.9214313800724756,0.6666666666666666,142
XGBoost,provided_plus_rdkit_descriptors,repeat_07__fold_02,repeat_10__fold_02,0.8875536097545097,0.6666666666666666,142
XGBoost,provided_plus_rdkit_descriptors,repeat_07__fold_02,repeat_10__fold_03,0.8965999042541521,0.6666666666666666,142
XGBoost,provided_plus_rdkit_descriptors,repeat_07__fold_02,repeat_10__fold_04,0.9087336875657094,0.5384615384615384,142
XGBoost,provided_plus_rdkit_descriptors,repeat_07__fold_02,repeat_10__fold_05,0.9211271256546374,0.6666666666666666,142
XGBoost,provided_plus_rdkit_descriptors,repeat_07__fold_03,repeat_07__fold_04,0.8805691736872764,0.6666666666666666,142
XGBoost,provided_plus_rdkit_descriptors,repeat_07__fold_03,repeat_07__fold_05,0.8866584386902051,0.6666666666666666,142
XGBoost,provided_plus_rdkit_descriptors,repeat_07__fold_03,repeat_08__fold_01,0.9162057705916254,0.6666666666666666,142
XGBoost,provided_plus_rdkit_descriptors,repeat_07__fold_03,repeat_08__fold_02,0.8966616122810239,0.5384615384615384,142
XGBoost,provided_plus_rdkit_descriptors,repeat_07__fold_03,repeat_08__fold_03,0.838329997554491,0.6666666666666666,142
XGBoost,provided_plus_rdkit_descriptors,repeat_07__fold_03,repeat_08__fold_04,0.8919188759771625,0.5384615384615384,142
XGBoost,provided_plus_rdkit_descriptors,repeat_07__fold_03,repeat_08__fold_05,0.9079269740924739,0.6666666666666666,142
XGBoost,provided_plus_rdkit_descriptors,repeat_07__fold_03,repeat_09__fold_01,0.8801956838693757,0.6666666666666666,142
XGBoost,provided_plus_rdkit_descriptors,repeat_07__fold_03,repeat_09__fold_02,0.875816024676727,0.5384615384615384,142
XGBoost,provided_plus_rdkit_descriptors,repeat_07__fold_03,repeat_09__fold_03,0.9005686625462801,0.6666666666666666,142
XGBoost,provided_plus_rdkit_descriptors,repeat_07__fold_03,repeat_09__fold_04,0.932483331345926,0.5384615384615384,142
XGBoost,provided_plus_rdkit_descriptors,repeat_07__fold_03,repeat_09__fold_05,0.8965362814917742,0.6666666666666666,142
XGBoost,provided_plus_rdkit_descriptors,repeat_07__fold_03,repeat_10__fold_01,0.8784893737792818,0.5384615384615384,142
XGBoost,provided_plus_rdkit_descriptors,repeat_07__fold_03,repeat_10__fold_02,0.8712299227121111,0.5384615384615384,142
XGBoost,provided_plus_rdkit_descriptors,repeat_07__fold_03,repeat_10__fold_03,0.8701923256782594,0.6666666666666666,142
XGBoost,provided_plus_rdkit_descriptors,repeat_07__fold_03,repeat_10__fold_04,0.910407929375819,0.5384615384615384,142
XGBoost,provided_plus_rdkit_descriptors,repeat_07__fold_03,repeat_10__fold_05,0.8895351037647498,0.6666666666666666,142
XGBoost,provided_plus_rdkit_descriptors,repeat_07__fold_04,repeat_07__fold_05,0.8804328883425189,0.8181818181818182,142
XGBoost,provided_plus_rdkit_descriptors,repeat_07__fold_04,repeat_08__fold_01,0.8837400654420013,0.6666666666666666,142
XGBoost,provided_plus_rdkit_descriptors,repeat_07__fold_04,repeat_08__fold_02,0.8952495574579388,0.6666666666666666,142
XGBoost,provided_plus_rdkit_descriptors,repeat_07__fold_04,repeat_08__fold_03,0.8546511269500526,0.8181818181818182,142
XGBoost,provided_plus_rdkit_descriptors,repeat_07__fold_04,repeat_08__fold_04,0.8978062153077623,0.6666666666666666,142
XGBoost,provided_plus_rdkit_descriptors,repeat_07__fold_04,repeat_08__fold_05,0.8863745632679628,0.8181818181818182,142
XGBoost,provided_plus_rdkit_descriptors,repeat_07__fold_04,repeat_09__fold_01,0.9099241518767306,0.8181818181818182,142
XGBoost,provided_plus_rdkit_descriptors,repeat_07__fold_04,repeat_09__fold_02,0.9066932637152171,0.42857142857142855,142
XGBoost,provided_plus_rdkit_descriptors,repeat_07__fold_04,repeat_09__fold_03,0.9111978374480828,0.8181818181818182,142
XGBoost,provided_plus_rdkit_descriptors,repeat_07__fold_04,repeat_09__fold_04,0.8937215647748908,0.6666666666666666,142
XGBoost,provided_plus_rdkit_descriptors,repeat_07__fold_04,repeat_09__fold_05,0.8727153959181062,0.8181818181818182,142
XGBoost,provided_plus_rdkit_descriptors,repeat_07__fold_04,repeat_10__fold_01,0.9061139811723476,0.6666666666666666,142
XGBoost,provided_plus_rdkit_descriptors,repeat_07__fold_04,repeat_10__fold_02,0.8474299855248599,0.5384615384615384,142
XGBoost,provided_plus_rdkit_descriptors,repeat_07__fold_04,repeat_10__fold_03,0.8831179278292272,0.8181818181818182,142
XGBoost,provided_plus_rdkit_descriptors,repeat_07__fold_04,repeat_10__fold_04,0.9119705534104328,0.5384615384615384,142
XGBoost,provided_plus_rdkit_descriptors,repeat_07__fold_04,repeat_10__fold_05,0.8729275528189249,0.8181818181818182,142
XGBoost,provided_plus_rdkit_descriptors,repeat_07__fold_05,repeat_08__fold_01,0.9063980914605602,0.5384615384615384,142
XGBoost,provided_plus_rdkit_descriptors,repeat_07__fold_05,repeat_08__fold_02,0.921474982994488,0.6666666666666666,142
XGBoost,provided_plus_rdkit_descriptors,repeat_07__fold_05,repeat_08__fold_03,0.8760595973506498,0.8181818181818182,142
XGBoost,provided_plus_rdkit_descriptors,repeat_07__fold_05,repeat_08__fold_04,0.8895373850217478,0.6666666666666666,142
XGBoost,provided_plus_rdkit_descriptors,repeat_07__fold_05,repeat_08__fold_05,0.8999159731378604,0.8181818181818182,142
XGBoost,provided_plus_rdkit_descriptors,repeat_07__fold_05,repeat_09__fold_01,0.8822119263813304,0.8181818181818182,142
XGBoost,provided_plus_rdkit_descriptors,repeat_07__fold_05,repeat_09__fold_02,0.9065814826813894,0.5384615384615384,142
XGBoost,provided_plus_rdkit_descriptors,repeat_07__fold_05,repeat_09__fold_03,0.9183708609704608,0.8181818181818182,142
XGBoost,provided_plus_rdkit_descriptors,repeat_07__fold_05,repeat_09__fold_04,0.9077933370535769,0.5384615384615384,142
XGBoost,provided_plus_rdkit_descriptors,repeat_07__fold_05,repeat_09__fold_05,0.9076107795842738,0.8181818181818182,142
XGBoost,provided_plus_rdkit_descriptors,repeat_07__fold_05,repeat_10__fold_01,0.8870237440556997,0.6666666666666666,142
XGBoost,provided_plus_rdkit_descriptors,repeat_07__fold_05,repeat_10__fold_02,0.8854190373933599,0.5384615384615384,142
XGBoost,provided_plus_rdkit_descriptors,repeat_07__fold_05,repeat_10__fold_03,0.8986010052189645,0.8181818181818182,142
XGBoost,provided_plus_rdkit_descriptors,repeat_07__fold_05,repeat_10__fold_04,0.9068276048612035,0.6666666666666666,142
XGBoost,provided_plus_rdkit_descriptors,repeat_07__fold_05,repeat_10__fold_05,0.9124417085507901,1.0,142
XGBoost,provided_plus_rdkit_descriptors,repeat_08__fold_01,repeat_08__fold_02,0.9133461204330308,0.42857142857142855,142
XGBoost,provided_plus_rdkit_descriptors,repeat_08__fold_01,repeat_08__fold_03,0.8670257122772471,0.5384615384615384,142
XGBoost,provided_plus_rdkit_descriptors,repeat_08__fold_01,repeat_08__fold_04,0.8898289344164085,0.5384615384615384,142
XGBoost,provided_plus_rdkit_descriptors,repeat_08__fold_01,repeat_08__fold_05,0.9177446674273461,0.5384615384615384,142
XGBoost,provided_plus_rdkit_descriptors,repeat_08__fold_01,repeat_09__fold_01,0.8706295726319613,0.5384615384615384,142
XGBoost,provided_plus_rdkit_descriptors,repeat_08__fold_01,repeat_09__fold_02,0.8984865128249954,0.42857142857142855,142
XGBoost,provided_plus_rdkit_descriptors,repeat_08__fold_01,repeat_09__fold_03,0.9395865744543739,0.5384615384615384,142
XGBoost,provided_plus_rdkit_descriptors,repeat_08__fold_01,repeat_09__fold_04,0.9357633411403348,0.6666666666666666,142
XGBoost,provided_plus_rdkit_descriptors,repeat_08__fold_01,repeat_09__fold_05,0.912277003784405,0.5384615384615384,142
XGBoost,provided_plus_rdkit_descriptors,repeat_08__fold_01,repeat_10__fold_01,0.8936255230974495,0.42857142857142855,142
XGBoost,provided_plus_rdkit_descriptors,repeat_08__fold_01,repeat_10__fold_02,0.8936946254930754,0.6666666666666666,142
XGBoost,provided_plus_rdkit_descriptors,repeat_08__fold_01,repeat_10__fold_03,0.8726124903895757,0.5384615384615384,142
XGBoost,provided_plus_rdkit_descriptors,repeat_08__fold_01,repeat_10__fold_04,0.8895800131039309,0.42857142857142855,142
XGBoost,provided_plus_rdkit_descriptors,repeat_08__fold_01,repeat_10__fold_05,0.9090880567445416,0.5384615384615384,142
XGBoost,provided_plus_rdkit_descriptors,repeat_08__fold_02,repeat_08__fold_03,0.8525141918046392,0.8181818181818182,142
XGBoost,provided_plus_rdkit_descriptors,repeat_08__fold_02,repeat_08__fold_04,0.8912332474314427,0.5384615384615384,142
XGBoost,provided_plus_rdkit_descriptors,repeat_08__fold_02,repeat_08__fold_05,0.8861076463412947,0.8181818181818182,142
XGBoost,provided_plus_rdkit_descriptors,repeat_08__fold_02,repeat_09__fold_01,0.8768387677019933,0.8181818181818182,142
XGBoost,provided_plus_rdkit_descriptors,repeat_08__fold_02,repeat_09__fold_02,0.9010074177738108,0.42857142857142855,142
XGBoost,provided_plus_rdkit_descriptors,repeat_08__fold_02,repeat_09__fold_03,0.9063752367052347,0.8181818181818182,142
XGBoost,provided_plus_rdkit_descriptors,repeat_08__fold_02,repeat_09__fold_04,0.9210782877505036,0.5384615384615384,142
XGBoost,provided_plus_rdkit_descriptors,repeat_08__fold_02,repeat_09__fold_05,0.9110929823963495,0.8181818181818182,142
XGBoost,provided_plus_rdkit_descriptors,repeat_08__fold_02,repeat_10__fold_01,0.9073465214354668,0.8181818181818182,142
XGBoost,provided_plus_rdkit_descriptors,repeat_08__fold_02,repeat_10__fold_02,0.8577124546265291,0.6666666666666666,142
XGBoost,provided_plus_rdkit_descriptors,repeat_08__fold_02,repeat_10__fold_03,0.8885769758255677,0.6666666666666666,142
XGBoost,provided_plus_rdkit_descriptors,repeat_08__fold_02,repeat_10__fold_04,0.8984043421331822,0.6666666666666666,142
XGBoost,provided_plus_rdkit_descriptors,repeat_08__fold_02,repeat_10__fold_05,0.9314144197350044,0.6666666666666666,142
XGBoost,provided_plus_rdkit_descriptors,repeat_08__fold_03,repeat_08__fold_04,0.8559045657907226,0.6666666666666666,142
XGBoost,provided_plus_rdkit_descriptors,repeat_08__fold_03,repeat_08__fold_05,0.8898358312242245,1.0,142
XGBoost,provided_plus_rdkit_descriptors,repeat_08__fold_03,repeat_09__fold_01,0.8552168099415294,1.0,142
XGBoost,provided_plus_rdkit_descriptors,repeat_08__fold_03,repeat_09__fold_02,0.8698122556210232,0.42857142857142855,142
XGBoost,provided_plus_rdkit_descriptors,repeat_08__fold_03,repeat_09__fold_03,0.8671860483309245,1.0,142
XGBoost,provided_plus_rdkit_descriptors,repeat_08__fold_03,repeat_09__fold_04,0.8961558475909284,0.6666666666666666,142
XGBoost,provided_plus_rdkit_descriptors,repeat_08__fold_03,repeat_09__fold_05,0.8769522991293461,0.8181818181818182,142
XGBoost,provided_plus_rdkit_descriptors,repeat_08__fold_03,repeat_10__fold_01,0.858359979494142,0.6666666666666666,142
XGBoost,provided_plus_rdkit_descriptors,repeat_08__fold_03,repeat_10__fold_02,0.8537145351017394,0.6666666666666666,142
XGBoost,provided_plus_rdkit_descriptors,repeat_08__fold_03,repeat_10__fold_03,0.8704189247127203,0.8181818181818182,142
XGBoost,provided_plus_rdkit_descriptors,repeat_08__fold_03,repeat_10__fold_04,0.8965892067996128,0.6666666666666666,142
XGBoost,provided_plus_rdkit_descriptors,repeat_08__fold_03,repeat_10__fold_05,0.8914876117695213,0.8181818181818182,142
XGBoost,provided_plus_rdkit_descriptors,repeat_08__fold_04,repeat_08__fold_05,0.8819365038601448,0.6666666666666666,142
XGBoost,provided_plus_rdkit_descriptors,repeat_08__fold_04,repeat_09__fold_01,0.8998829297008185,0.6666666666666666,142
XGBoost,provided_plus_rdkit_descriptors,repeat_08__fold_04,repeat_09__fold_02,0.9051386469105812,0.42857142857142855,142
XGBoost,provided_plus_rdkit_descriptors,repeat_08__fold_04,repeat_09__fold_03,0.9180924373843875,0.6666666666666666,142
XGBoost,provided_plus_rdkit_descriptors,repeat_08__fold_04,repeat_09__fold_04,0.904185613103416,0.5384615384615384,142
XGBoost,provided_plus_rdkit_descriptors,repeat_08__fold_04,repeat_09__fold_05,0.9019337355491671,0.6666666666666666,142
XGBoost,provided_plus_rdkit_descriptors,repeat_08__fold_04,repeat_10__fold_01,0.9108165262944234,0.5384615384615384,142
XGBoost,provided_plus_rdkit_descriptors,repeat_08__fold_04,repeat_10__fold_02,0.8666702026162568,0.5384615384615384,142
XGBoost,provided_plus_rdkit_descriptors,repeat_08__fold_04,repeat_10__fold_03,0.9054924964661296,0.8181818181818182,142
XGBoost,provided_plus_rdkit_descriptors,repeat_08__fold_04,repeat_10__fold_04,0.9200494105196206,0.5384615384615384,142
XGBoost,provided_plus_rdkit_descriptors,repeat_08__fold_04,repeat_10__fold_05,0.9121765794704245,0.6666666666666666,142
XGBoost,provided_plus_rdkit_descriptors,repeat_08__fold_05,repeat_09__fold_01,0.8847187343252323,1.0,142
XGBoost,provided_plus_rdkit_descriptors,repeat_08__fold_05,repeat_09__fold_02,0.9072935748884462,0.42857142857142855,142
XGBoost,provided_plus_rdkit_descriptors,repeat_08__fold_05,repeat_09__fold_03,0.931792374670125,1.0,142
XGBoost,provided_plus_rdkit_descriptors,repeat_08__fold_05,repeat_09__fold_04,0.9338466852231859,0.6666666666666666,142
XGBoost,provided_plus_rdkit_descriptors,repeat_08__fold_05,repeat_09__fold_05,0.9111491851494631,0.8181818181818182,142
XGBoost,provided_plus_rdkit_descriptors,repeat_08__fold_05,repeat_10__fold_01,0.882124166292271,0.6666666666666666,142
XGBoost,provided_plus_rdkit_descriptors,repeat_08__fold_05,repeat_10__fold_02,0.8647617716551919,0.6666666666666666,142
XGBoost,provided_plus_rdkit_descriptors,repeat_08__fold_05,repeat_10__fold_03,0.9068416786383255,0.8181818181818182,142
XGBoost,provided_plus_rdkit_descriptors,repeat_08__fold_05,repeat_10__fold_04,0.9140908096793399,0.6666666666666666,142
XGBoost,provided_plus_rdkit_descriptors,repeat_08__fold_05,repeat_10__fold_05,0.8986137037275165,0.8181818181818182,142
XGBoost,provided_plus_rdkit_descriptors,repeat_09__fold_01,repeat_09__fold_02,0.893002141613063,0.42857142857142855,142
XGBoost,provided_plus_rdkit_descriptors,repeat_09__fold_01,repeat_09__fold_03,0.8978248725948301,1.0,142
XGBoost,provided_plus_rdkit_descriptors,repeat_09__fold_01,repeat_09__fold_04,0.878059129649328,0.6666666666666666,142
XGBoost,provided_plus_rdkit_descriptors,repeat_09__fold_01,repeat_09__fold_05,0.8744898088195723,0.8181818181818182,142
XGBoost,provided_plus_rdkit_descriptors,repeat_09__fold_01,repeat_10__fold_01,0.8922083903160944,0.6666666666666666,142
XGBoost,provided_plus_rdkit_descriptors,repeat_09__fold_01,repeat_10__fold_02,0.8710911063087623,0.6666666666666666,142
XGBoost,provided_plus_rdkit_descriptors,repeat_09__fold_01,repeat_10__fold_03,0.8551410808613956,0.8181818181818182,142
XGBoost,provided_plus_rdkit_descriptors,repeat_09__fold_01,repeat_10__fold_04,0.8773064221352799,0.6666666666666666,142
XGBoost,provided_plus_rdkit_descriptors,repeat_09__fold_01,repeat_10__fold_05,0.885019137857304,0.8181818181818182,142
XGBoost,provided_plus_rdkit_descriptors,repeat_09__fold_02,repeat_09__fold_03,0.9314657478913253,0.42857142857142855,142
XGBoost,provided_plus_rdkit_descriptors,repeat_09__fold_02,repeat_09__fold_04,0.9009580622011959,0.42857142857142855,142
XGBoost,provided_plus_rdkit_descriptors,repeat_09__fold_02,repeat_09__fold_05,0.9210579205841343,0.42857142857142855,142
XGBoost,provided_plus_rdkit_descriptors,repeat_09__fold_02,repeat_10__fold_01,0.9183756971747279,0.42857142857142855,142
XGBoost,provided_plus_rdkit_descriptors,repeat_09__fold_02,repeat_10__fold_02,0.8336819447059511,0.42857142857142855,142
XGBoost,provided_plus_rdkit_descriptors,repeat_09__fold_02,repeat_10__fold_03,0.9186570174472333,0.42857142857142855,142
XGBoost,provided_plus_rdkit_descriptors,repeat_09__fold_02,repeat_10__fold_04,0.901676383516429,0.5384615384615384,142
XGBoost,provided_plus_rdkit_descriptors,repeat_09__fold_02,repeat_10__fold_05,0.9098208691657194,0.5384615384615384,142
XGBoost,provided_plus_rdkit_descriptors,repeat_09__fold_03,repeat_09__fold_04,0.9325102546216342,0.6666666666666666,142
XGBoost,provided_plus_rdkit_descriptors,repeat_09__fold_03,repeat_09__fold_05,0.928588667113159,0.8181818181818182,142
XGBoost,provided_plus_rdkit_descriptors,repeat_09__fold_03,repeat_10__fold_01,0.915357780711228,0.6666666666666666,142
XGBoost,provided_plus_rdkit_descriptors,repeat_09__fold_03,repeat_10__fold_02,0.8595703056072518,0.6666666666666666,142
XGBoost,provided_plus_rdkit_descriptors,repeat_09__fold_03,repeat_10__fold_03,0.9089544513879744,0.8181818181818182,142
XGBoost,provided_plus_rdkit_descriptors,repeat_09__fold_03,repeat_10__fold_04,0.9030111134043839,0.6666666666666666,142
XGBoost,provided_plus_rdkit_descriptors,repeat_09__fold_03,repeat_10__fold_05,0.91103079702125,0.8181818181818182,142
XGBoost,provided_plus_rdkit_descriptors,repeat_09__fold_04,repeat_09__fold_05,0.925205498679993,0.5384615384615384,142
XGBoost,provided_plus_rdkit_descriptors,repeat_09__fold_04,repeat_10__fold_01,0.8987387018944754,0.42857142857142855,142
XGBoost,provided_plus_rdkit_descriptors,repeat_09__fold_04,repeat_10__fold_02,0.8841928850291206,0.5384615384615384,142
XGBoost,provided_plus_rdkit_descriptors,repeat_09__fold_04,repeat_10__fold_03,0.9061495634272339,0.5384615384615384,142
XGBoost,provided_plus_rdkit_descriptors,repeat_09__fold_04,repeat_10__fold_04,0.9368168806393861,0.5384615384615384,142
XGBoost,provided_plus_rdkit_descriptors,repeat_09__fold_04,repeat_10__fold_05,0.9211575353730149,0.5384615384615384,142
XGBoost,provided_plus_rdkit_descriptors,repeat_09__fold_05,repeat_10__fold_01,0.9070602887459048,0.8181818181818182,142
XGBoost,provided_plus_rdkit_descriptors,repeat_09__fold_05,repeat_10__fold_02,0.8521847862576244,0.5384615384615384,142
XGBoost,provided_plus_rdkit_descriptors,repeat_09__fold_05,repeat_10__fold_03,0.9027339292397485,0.8181818181818182,142
XGBoost,provided_plus_rdkit_descriptors,repeat_09__fold_05,repeat_10__fold_04,0.9170140334743456,0.5384615384615384,142
XGBoost,provided_plus_rdkit_descriptors,repeat_09__fold_05,repeat_10__fold_05,0.90906648726715,0.8181818181818182,142
XGBoost,provided_plus_rdkit_descriptors,repeat_10__fold_01,repeat_10__fold_02,0.8214119380237987,0.5384615384615384,142
XGBoost,provided_plus_rdkit_descriptors,repeat_10__fold_01,repeat_10__fold_03,0.9115001267986854,0.6666666666666666,142
XGBoost,provided_plus_rdkit_descriptors,repeat_10__fold_01,repeat_10__fold_04,0.8953446202969327,0.5384615384615384,142
XGBoost,provided_plus_rdkit_descriptors,repeat_10__fold_01,repeat_10__fold_05,0.8989549497207567,0.6666666666666666,142
XGBoost,provided_plus_rdkit_descriptors,repeat_10__fold_02,repeat_10__fold_03,0.8591524708084323,0.5384615384615384,142
XGBoost,provided_plus_rdkit_descriptors,repeat_10__fold_02,repeat_10__fold_04,0.8713642402003215,0.5384615384615384,142
XGBoost,provided_plus_rdkit_descriptors,repeat_10__fold_02,repeat_10__fold_05,0.8673616446986234,0.5384615384615384,142
XGBoost,provided_plus_rdkit_descriptors,repeat_10__fold_03,repeat_10__fold_04,0.9014052061470265,0.6666666666666666,142
XGBoost,provided_plus_rdkit_descriptors,repeat_10__fold_03,repeat_10__fold_05,0.9163174728547254,0.8181818181818182,142
XGBoost,provided_plus_rdkit_descriptors,repeat_10__fold_04,repeat_10__fold_05,0.9067178767253349,0.6666666666666666,142
XGBoost,rdkit_descriptors_only,repeat_01__fold_01,repeat_01__fold_02,0.33992762330458787,0.42857142857142855,31
XGBoost,rdkit_descriptors_only,repeat_01__fold_01,repeat_01__fold_03,0.6345991561181434,0.6666666666666666,31
XGBoost,rdkit_descriptors_only,repeat_01__fold_01,repeat_01__fold_04,0.5177522612458003,0.5384615384615384,31
XGBoost,rdkit_descriptors_only,repeat_01__fold_01,repeat_01__fold_05,0.7741851620761988,0.8181818181818182,31
XGBoost,rdkit_descriptors_only,repeat_01__fold_01,repeat_02__fold_01,0.8746762657156175,0.8181818181818182,31
XGBoost,rdkit_descriptors_only,repeat_01__fold_01,repeat_02__fold_02,0.5514767932489452,0.5384615384615384,31
XGBoost,rdkit_descriptors_only,repeat_01__fold_01,repeat_02__fold_03,0.6403386604000173,0.6666666666666666,31
XGBoost,rdkit_descriptors_only,repeat_01__fold_01,repeat_02__fold_04,0.7016877637130802,0.6666666666666666,31
XGBoost,rdkit_descriptors_only,repeat_01__fold_01,repeat_02__fold_05,0.7497528641511816,0.8181818181818182,31
XGBoost,rdkit_descriptors_only,repeat_01__fold_01,repeat_03__fold_01,0.4687763713080168,0.5384615384615384,31
XGBoost,rdkit_descriptors_only,repeat_01__fold_01,repeat_03__fold_02,0.5582278481012658,0.6666666666666666,31
XGBoost,rdkit_descriptors_only,repeat_01__fold_01,repeat_03__fold_03,0.7329113924050633,0.6666666666666666,31
XGBoost,rdkit_descriptors_only,repeat_01__fold_01,repeat_03__fold_04,0.7157601018207227,0.6666666666666666,31
XGBoost,rdkit_descriptors_only,repeat_01__fold_01,repeat_03__fold_05,0.7265952948135566,0.6666666666666666,31
XGBoost,rdkit_descriptors_only,repeat_01__fold_01,repeat_04__fold_01,0.4438818565400844,0.5384615384615384,31
XGBoost,rdkit_descriptors_only,repeat_01__fold_01,repeat_04__fold_02,0.5700161333288808,0.5384615384615384,31
XGBoost,rdkit_descriptors_only,repeat_01__fold_01,repeat_04__fold_03,0.7178846494663764,0.6666666666666666,31
XGBoost,rdkit_descriptors_only,repeat_01__fold_01,repeat_04__fold_04,0.33206751054852324,0.42857142857142855,31
XGBoost,rdkit_descriptors_only,repeat_01__fold_01,repeat_04__fold_05,0.8408959581497243,0.8181818181818182,31
XGBoost,rdkit_descriptors_only,repeat_01__fold_01,repeat_05__fold_01,0.6527426160337553,0.6666666666666666,31
XGBoost,rdkit_descriptors_only,repeat_01__fold_01,repeat_05__fold_02,0.730379746835443,0.6666666666666666,31
XGBoost,rdkit_descriptors_only,repeat_01__fold_01,repeat_05__fold_03,0.7559140523235771,0.6666666666666666,31
XGBoost,rdkit_descriptors_only,repeat_01__fold_01,repeat_05__fold_04,0.6592471344463351,0.6666666666666666,31
XGBoost,rdkit_descriptors_only,repeat_01__fold_01,repeat_05__fold_05,0.5324116400008106,0.5384615384615384,31
XGBoost,rdkit_descriptors_only,repeat_01__fold_01,repeat_06__fold_01,0.36075949367088606,0.42857142857142855,31
XGBoost,rdkit_descriptors_only,repeat_01__fold_01,repeat_06__fold_02,0.4931075085562177,0.42857142857142855,31
XGBoost,rdkit_descriptors_only,repeat_01__fold_01,repeat_06__fold_03,0.8535719775147805,0.8181818181818182,31
XGBoost,rdkit_descriptors_only,repeat_01__fold_01,repeat_06__fold_04,0.7223628691983123,0.5384615384615384,31
XGBoost,rdkit_descriptors_only,repeat_01__fold_01,repeat_06__fold_05,0.7815839794111242,0.8181818181818182,31
XGBoost,rdkit_descriptors_only,repeat_01__fold_01,repeat_07__fold_01,0.7006758135365817,0.6666666666666666,31
XGBoost,rdkit_descriptors_only,repeat_01__fold_01,repeat_07__fold_02,0.7688737929620646,0.6666666666666666,31
XGBoost,rdkit_descriptors_only,repeat_01__fold_01,repeat_07__fold_03,0.5912616097854175,0.5384615384615384,31
XGBoost,rdkit_descriptors_only,repeat_01__fold_01,repeat_07__fold_04,0.22869198312236289,0.42857142857142855,31
XGBoost,rdkit_descriptors_only,repeat_01__fold_01,repeat_07__fold_05,0.640126205635452,0.6666666666666666,31
XGBoost,rdkit_descriptors_only,repeat_01__fold_01,repeat_08__fold_01,0.633752562698491,0.6666666666666666,31
XGBoost,rdkit_descriptors_only,repeat_01__fold_01,repeat_08__fold_02,0.8864978902953586,0.6666666666666666,31
XGBoost,rdkit_descriptors_only,repeat_01__fold_01,repeat_08__fold_03,0.649789029535865,0.6666666666666666,31
XGBoost,rdkit_descriptors_only,repeat_01__fold_01,repeat_08__fold_04,0.8158639785081034,0.6666666666666666,31
XGBoost,rdkit_descriptors_only,repeat_01__fold_01,repeat_08__fold_05,0.3067510548523207,0.5384615384615384,31
XGBoost,rdkit_descriptors_only,repeat_01__fold_01,repeat_09__fold_01,0.8662447257383967,0.6666666666666666,31
XGBoost,rdkit_descriptors_only,repeat_01__fold_01,repeat_09__fold_02,0.334828708955019,0.42857142857142855,31
XGBoost,rdkit_descriptors_only,repeat_01__fold_01,repeat_09__fold_03,0.813064383991661,0.8181818181818182,31
XGBoost,rdkit_descriptors_only,repeat_01__fold_01,repeat_09__fold_04,0.6253164556962025,0.6666666666666666,31
XGBoost,rdkit_descriptors_only,repeat_01__fold_01,repeat_09__fold_05,0.6683544303797468,0.6666666666666666,31
XGBoost,rdkit_descriptors_only,repeat_01__fold_01,repeat_10__fold_01,0.6704641350210971,0.6666666666666666,31
XGBoost,rdkit_descriptors_only,repeat_01__fold_01,repeat_10__fold_02,0.5183896255394964,0.5384615384615384,31
XGBoost,rdkit_descriptors_only,repeat_01__fold_01,repeat_10__fold_03,0.6076129839939551,0.6666666666666666,31
XGBoost,rdkit_descriptors_only,repeat_01__fold_01,repeat_10__fold_04,0.6658227848101266,0.6666666666666666,31
XGBoost,rdkit_descriptors_only,repeat_01__fold_01,repeat_10__fold_05,0.810548523206751,0.6666666666666666,31
XGBoost,rdkit_descriptors_only,repeat_01__fold_02,repeat_01__fold_03,0.508829161134055,0.5384615384615384,31
XGBoost,rdkit_descriptors_only,repeat_01__fold_02,repeat_01__fold_04,0.4779632006846384,0.5384615384615384,31
XGBoost,rdkit_descriptors_only,repeat_01__fold_02,repeat_01__fold_05,0.5756311510483526,0.5384615384615384,31
XGBoost,rdkit_descriptors_only,repeat_01__fold_02,repeat_02__fold_01,0.44993581514762504,0.5384615384615384,31
XGBoost,rdkit_descriptors_only,repeat_01__fold_02,repeat_02__fold_02,0.57830186914693,0.6666666666666666,31
XGBoost,rdkit_descriptors_only,repeat_01__fold_02,repeat_02__fold_03,0.44843816859221214,0.5384615384615384,31
XGBoost,rdkit_descriptors_only,repeat_01__fold_02,repeat_02__fold_04,0.35416209253046743,0.42857142857142855,31
XGBoost,rdkit_descriptors_only,repeat_01__fold_02,repeat_02__fold_05,0.5528455284552845,0.5384615384615384,31
XGBoost,rdkit_descriptors_only,repeat_01__fold_02,repeat_03__fold_01,0.5430343782290791,0.5384615384615384,31
XGBoost,rdkit_descriptors_only,repeat_01__fold_02,repeat_03__fold_02,0.5107412540151431,0.42857142857142855,31
XGBoost,rdkit_descriptors_only,repeat_01__fold_02,repeat_03__fold_03,0.4166237933126854,0.5384615384615384,31
XGBoost,rdkit_descriptors_only,repeat_01__fold_02,repeat_03__fold_04,0.4828840393667094,0.5384615384615384,31
XGBoost,rdkit_descriptors_only,repeat_01__fold_02,repeat_03__fold_05,0.44137783483097986,0.42857142857142855,31
XGBoost,rdkit_descriptors_only,repeat_01__fold_02,repeat_04__fold_01,0.4289461696574768,0.42857142857142855,31
XGBoost,rdkit_descriptors_only,repeat_01__fold_02,repeat_04__fold_02,0.5422550278134359,0.42857142857142855,31
XGBoost,rdkit_descriptors_only,repeat_01__fold_02,repeat_04__fold_03,0.4887676508344031,0.5384615384615384,31
XGBoost,rdkit_descriptors_only,repeat_01__fold_02,repeat_04__fold_04,0.6613716820919887,0.5384615384615384,31
XGBoost,rdkit_descriptors_only,repeat_01__fold_02,repeat_04__fold_05,0.4147411210954214,0.5384615384615384,31
XGBoost,rdkit_descriptors_only,repeat_01__fold_02,repeat_05__fold_01,0.5659794928021388,0.5384615384615384,31
XGBoost,rdkit_descriptors_only,repeat_01__fold_02,repeat_05__fold_02,0.4189607957229045,0.5384615384615384,31
XGBoost,rdkit_descriptors_only,repeat_01__fold_02,repeat_05__fold_03,0.38863928112965335,0.42857142857142855,31
XGBoost,rdkit_descriptors_only,repeat_01__fold_02,repeat_05__fold_04,0.5477107402652973,0.5384615384615384,31
XGBoost,rdkit_descriptors_only,repeat_01__fold_02,repeat_05__fold_05,0.4978605049208386,0.42857142857142855,31
XGBoost,rdkit_descriptors_only,repeat_01__fold_02,repeat_06__fold_01,0.6645585035604692,0.6666666666666666,31
XGBoost,rdkit_descriptors_only,repeat_01__fold_02,repeat_06__fold_02,0.4476893453145057,0.5384615384615384,31
XGBoost,rdkit_descriptors_only,repeat_01__fold_02,repeat_06__fold_03,0.4748819674014817,0.5384615384615384,31
XGBoost,rdkit_descriptors_only,repeat_01__fold_02,repeat_06__fold_04,0.42384725530790796,0.42857142857142855,31
XGBoost,rdkit_descriptors_only,repeat_01__fold_02,repeat_06__fold_05,0.4981837631667521,0.42857142857142855,31
XGBoost,rdkit_descriptors_only,repeat_01__fold_02,repeat_07__fold_01,0.4420196833547282,0.5384615384615384,31
XGBoost,rdkit_descriptors_only,repeat_01__fold_02,repeat_07__fold_02,0.48716302952503204,0.5384615384615384,31
XGBoost,rdkit_descriptors_only,repeat_01__fold_02,repeat_07__fold_03,0.5191484809584938,0.42857142857142855,31
XGBoost,rdkit_descriptors_only,repeat_01__fold_02,repeat_07__fold_04,0.26896773193975515,0.3333333333333333,31
XGBoost,rdkit_descriptors_only,repeat_01__fold_02,repeat_07__fold_05,0.654150620453573,0.6666666666666666,31
XGBoost,rdkit_descriptors_only,repeat_01__fold_02,repeat_08__fold_01,0.47988874625588357,0.5384615384615384,31
XGBoost,rdkit_descriptors_only,repeat_01__fold_02,repeat_08__fold_02,0.371795837989393,0.42857142857142855,31
XGBoost,rdkit_descriptors_only,repeat_01__fold_02,repeat_08__fold_03,0.5868000597295447,0.5384615384615384,31
XGBoost,rdkit_descriptors_only,repeat_01__fold_02,repeat_08__fold_04,0.49430013053920696,0.5384615384615384,31
XGBoost,rdkit_descriptors_only,repeat_01__fold_02,repeat_08__fold_05,0.6044338051884702,0.5384615384615384,31
XGBoost,rdkit_descriptors_only,repeat_01__fold_02,repeat_09__fold_01,0.4540158318761901,0.5384615384615384,31
XGBoost,rdkit_descriptors_only,repeat_01__fold_02,repeat_09__fold_02,0.5216089002995292,0.42857142857142855,31
XGBoost,rdkit_descriptors_only,repeat_01__fold_02,repeat_09__fold_03,0.36296534017971754,0.42857142857142855,31
XGBoost,rdkit_descriptors_only,repeat_01__fold_02,repeat_09__fold_04,0.3851804881570111,0.42857142857142855,31
XGBoost,rdkit_descriptors_only,repeat_01__fold_02,repeat_09__fold_05,0.5477083830495172,0.42857142857142855,31
XGBoost,rdkit_descriptors_only,repeat_01__fold_02,repeat_10__fold_01,0.4427557293542257,0.5384615384615384,31
XGBoost,rdkit_descriptors_only,repeat_01__fold_02,repeat_10__fold_02,0.47603765511339324,0.42857142857142855,31
XGBoost,rdkit_descriptors_only,repeat_01__fold_02,repeat_10__fold_03,0.5460818989064744,0.5384615384615384,31
XGBoost,rdkit_descriptors_only,repeat_01__fold_02,repeat_10__fold_04,0.5549318450447396,0.5384615384615384,31
XGBoost,rdkit_descriptors_only,repeat_01__fold_02,repeat_10__fold_05,0.5077668873112282,0.6666666666666666,31
XGBoost,rdkit_descriptors_only,repeat_01__fold_03,repeat_01__fold_04,0.7134230994105037,0.6666666666666666,31
XGBoost,rdkit_descriptors_only,repeat_01__fold_03,repeat_01__fold_05,0.8317604032734134,0.8181818181818182,31
XGBoost,rdkit_descriptors_only,repeat_01__fold_03,repeat_02__fold_01,0.7427418569205244,0.8181818181818182,31
XGBoost,rdkit_descriptors_only,repeat_01__fold_03,repeat_02__fold_02,0.7772151898734176,0.6666666666666666,31
XGBoost,rdkit_descriptors_only,repeat_01__fold_03,repeat_02__fold_03,0.891672646880847,1.0,31
XGBoost,rdkit_descriptors_only,repeat_01__fold_03,repeat_02__fold_04,0.7126582278481013,0.8181818181818182,31
XGBoost,rdkit_descriptors_only,repeat_01__fold_03,repeat_02__fold_05,0.8700022608951795,0.8181818181818182,31
XGBoost,rdkit_descriptors_only,repeat_01__fold_03,repeat_03__fold_01,0.7949367088607595,0.6666666666666666,31
XGBoost,rdkit_descriptors_only,repeat_01__fold_03,repeat_03__fold_02,0.9181434599156119,0.8181818181818182,31
XGBoost,rdkit_descriptors_only,repeat_01__fold_03,repeat_03__fold_03,0.9088607594936708,1.0,31
XGBoost,rdkit_descriptors_only,repeat_01__fold_03,repeat_03__fold_04,0.7331813925150829,0.6666666666666666,31
XGBoost,rdkit_descriptors_only,repeat_01__fold_03,repeat_03__fold_05,0.8751011752447484,0.8181818181818182,31
XGBoost,rdkit_descriptors_only,repeat_01__fold_03,repeat_04__fold_01,0.7122362869198312,0.5384615384615384,31
XGBoost,rdkit_descriptors_only,repeat_01__fold_03,repeat_04__fold_02,0.8028665552925234,0.6666666666666666,31
XGBoost,rdkit_descriptors_only,repeat_01__fold_03,repeat_04__fold_03,0.7119359160585461,0.8181818181818182,31
XGBoost,rdkit_descriptors_only,repeat_01__fold_03,repeat_04__fold_04,0.6666666666666666,0.6666666666666666,31
XGBoost,rdkit_descriptors_only,repeat_01__fold_03,repeat_04__fold_05,0.7731228882533719,0.8181818181818182,31
XGBoost,rdkit_descriptors_only,repeat_01__fold_03,repeat_05__fold_01,0.7911392405063292,0.8181818181818182,31
XGBoost,rdkit_descriptors_only,repeat_01__fold_03,repeat_05__fold_02,0.8928270042194093,1.0,31
XGBoost,rdkit_descriptors_only,repeat_01__fold_03,repeat_05__fold_03,0.8657531656038722,0.6666666666666666,31
XGBoost,rdkit_descriptors_only,repeat_01__fold_03,repeat_05__fold_04,0.7478407712700933,0.8181818181818182,31
XGBoost,rdkit_descriptors_only,repeat_01__fold_03,repeat_05__fold_05,0.8950719231138928,0.8181818181818182,31
XGBoost,rdkit_descriptors_only,repeat_01__fold_03,repeat_06__fold_01,0.7337552742616035,0.6666666666666666,31
XGBoost,rdkit_descriptors_only,repeat_01__fold_03,repeat_06__fold_02,0.6870787086043981,0.5384615384615384,31
XGBoost,rdkit_descriptors_only,repeat_01__fold_03,repeat_06__fold_03,0.7695859797271816,0.8181818181818182,31
XGBoost,rdkit_descriptors_only,repeat_01__fold_03,repeat_06__fold_04,0.8957805907172997,0.8181818181818182,31
XGBoost,rdkit_descriptors_only,repeat_01__fold_03,repeat_06__fold_05,0.7730139796368795,0.6666666666666666,31
XGBoost,rdkit_descriptors_only,repeat_01__fold_03,repeat_07__fold_01,0.7312692996339946,0.8181818181818182,31
XGBoost,rdkit_descriptors_only,repeat_01__fold_03,repeat_07__fold_02,0.7559140523235771,0.8181818181818182,31
XGBoost,rdkit_descriptors_only,repeat_01__fold_03,repeat_07__fold_03,0.9065444804004226,0.8181818181818182,31
XGBoost,rdkit_descriptors_only,repeat_01__fold_03,repeat_07__fold_04,0.38734177215189874,0.42857142857142855,31
XGBoost,rdkit_descriptors_only,repeat_01__fold_03,repeat_07__fold_05,0.7686613381974993,0.8181818181818182,31
XGBoost,rdkit_descriptors_only,repeat_01__fold_03,repeat_08__fold_01,0.9673065430661176,1.0,31
XGBoost,rdkit_descriptors_only,repeat_01__fold_03,repeat_08__fold_02,0.6729957805907173,0.6666666666666666,31
XGBoost,rdkit_descriptors_only,repeat_01__fold_03,repeat_08__fold_03,0.7932489451476793,0.8181818181818182,31
XGBoost,rdkit_descriptors_only,repeat_01__fold_03,repeat_08__fold_04,0.7455899803592961,0.6666666666666666,31
XGBoost,rdkit_descriptors_only,repeat_01__fold_03,repeat_08__fold_05,0.6717299578059072,0.6666666666666666,31
XGBoost,rdkit_descriptors_only,repeat_01__fold_03,repeat_09__fold_01,0.7345991561181434,0.8181818181818182,31
XGBoost,rdkit_descriptors_only,repeat_01__fold_03,repeat_09__fold_02,0.54069737581886,0.42857142857142855,31
XGBoost,rdkit_descriptors_only,repeat_01__fold_03,repeat_09__fold_03,0.7975551861783893,0.8181818181818182,31
XGBoost,rdkit_descriptors_only,repeat_01__fold_03,repeat_09__fold_04,0.8742616033755274,0.8181818181818182,31
XGBoost,rdkit_descriptors_only,repeat_01__fold_03,repeat_09__fold_05,0.7464135021097047,0.6666666666666666,31
XGBoost,rdkit_descriptors_only,repeat_01__fold_03,repeat_10__fold_01,0.9270042194092828,1.0,31
XGBoost,rdkit_descriptors_only,repeat_01__fold_03,repeat_10__fold_02,0.891672646880847,0.8181818181818182,31
XGBoost,rdkit_descriptors_only,repeat_01__fold_03,repeat_10__fold_03,0.9071344761038103,1.0,31
XGBoost,rdkit_descriptors_only,repeat_01__fold_03,repeat_10__fold_04,0.7649789029535865,0.8181818181818182,31
XGBoost,rdkit_descriptors_only,repeat_01__fold_03,repeat_10__fold_05,0.7683544303797468,0.8181818181818182,31
XGBoost,rdkit_descriptors_only,repeat_01__fold_04,repeat_01__fold_05,0.6047282841249465,0.6666666666666666,31
XGBoost,rdkit_descriptors_only,repeat_01__fold_04,repeat_02__fold_01,0.5756311510483526,0.6666666666666666,31
XGBoost,rdkit_descriptors_only,repeat_01__fold_04,repeat_02__fold_02,0.8884858254123665,0.8181818181818182,31
XGBoost,rdkit_descriptors_only,repeat_01__fold_04,repeat_02__fold_03,0.7865853658536585,0.6666666666666666,31
XGBoost,rdkit_descriptors_only,repeat_01__fold_04,repeat_02__fold_04,0.6063458980695585,0.5384615384615384,31
XGBoost,rdkit_descriptors_only,repeat_01__fold_04,repeat_02__fold_05,0.6520111253744115,0.6666666666666666,31
XGBoost,rdkit_descriptors_only,repeat_01__fold_04,repeat_03__fold_01,0.8863612777667128,0.8181818181818182,31
XGBoost,rdkit_descriptors_only,repeat_01__fold_04,repeat_03__fold_02,0.6747563322596067,0.5384615384615384,31
XGBoost,rdkit_descriptors_only,repeat_01__fold_04,repeat_03__fold_03,0.7818335336005521,0.6666666666666666,31
XGBoost,rdkit_descriptors_only,repeat_01__fold_04,repeat_03__fold_04,0.6325417201540436,0.6666666666666666,31
XGBoost,rdkit_descriptors_only,repeat_01__fold_04,repeat_03__fold_05,0.7280701754385964,0.6666666666666666,31
XGBoost,rdkit_descriptors_only,repeat_01__fold_04,repeat_04__fold_01,0.7574012356755347,0.6666666666666666,31
XGBoost,rdkit_descriptors_only,repeat_01__fold_04,repeat_04__fold_02,0.8939880188275566,0.6666666666666666,31
XGBoost,rdkit_descriptors_only,repeat_01__fold_04,repeat_04__fold_03,0.592640136927685,0.5384615384615384,31
XGBoost,rdkit_descriptors_only,repeat_01__fold_04,repeat_04__fold_04,0.7457162236244396,0.5384615384615384,31
XGBoost,rdkit_descriptors_only,repeat_01__fold_04,repeat_04__fold_05,0.532520325203252,0.5384615384615384,31
XGBoost,rdkit_descriptors_only,repeat_01__fold_04,repeat_05__fold_01,0.6010345289554244,0.5384615384615384,31
XGBoost,rdkit_descriptors_only,repeat_01__fold_04,repeat_05__fold_02,0.7981925504720853,0.6666666666666666,31
XGBoost,rdkit_descriptors_only,repeat_01__fold_04,repeat_05__fold_03,0.5791613179289686,0.6666666666666666,31
XGBoost,rdkit_descriptors_only,repeat_01__fold_04,repeat_05__fold_04,0.6252674368848952,0.5384615384615384,31
XGBoost,rdkit_descriptors_only,repeat_01__fold_04,repeat_05__fold_05,0.6875267436884894,0.5384615384615384,31
XGBoost,rdkit_descriptors_only,repeat_01__fold_04,repeat_06__fold_01,0.7675990643746724,0.6666666666666666,31
XGBoost,rdkit_descriptors_only,repeat_01__fold_04,repeat_06__fold_02,0.9596705177578091,0.6666666666666666,31
XGBoost,rdkit_descriptors_only,repeat_01__fold_04,repeat_06__fold_03,0.5842709530773341,0.6666666666666666,31
XGBoost,rdkit_descriptors_only,repeat_01__fold_04,repeat_06__fold_04,0.7760972549572871,0.5384615384615384,31
XGBoost,rdkit_descriptors_only,repeat_01__fold_04,repeat_06__fold_05,0.5601061278392759,0.5384615384615384,31
XGBoost,rdkit_descriptors_only,repeat_01__fold_04,repeat_07__fold_01,0.6454856653829695,0.5384615384615384,31
XGBoost,rdkit_descriptors_only,repeat_01__fold_04,repeat_07__fold_02,0.6833547282841249,0.6666666666666666,31
XGBoost,rdkit_descriptors_only,repeat_01__fold_04,repeat_07__fold_03,0.7137355584082156,0.5384615384615384,31
XGBoost,rdkit_descriptors_only,repeat_01__fold_04,repeat_07__fold_04,0.37731966186809246,0.3333333333333333,31
XGBoost,rdkit_descriptors_only,repeat_01__fold_04,repeat_07__fold_05,0.5299529311082584,0.5384615384615384,31
XGBoost,rdkit_descriptors_only,repeat_01__fold_04,repeat_08__fold_01,0.706354300385109,0.6666666666666666,31
XGBoost,rdkit_descriptors_only,repeat_01__fold_04,repeat_08__fold_02,0.5436717425227752,0.42857142857142855,31
XGBoost,rdkit_descriptors_only,repeat_01__fold_04,repeat_08__fold_03,0.6373642936961023,0.5384615384615384,31
XGBoost,rdkit_descriptors_only,repeat_01__fold_04,repeat_08__fold_04,0.6153400140976946,0.5384615384615384,31
XGBoost,rdkit_descriptors_only,repeat_01__fold_04,repeat_08__fold_05,0.7238333828742067,0.5384615384615384,31
XGBoost,rdkit_descriptors_only,repeat_01__fold_04,repeat_09__fold_01,0.6356646555795793,0.5384615384615384,31
XGBoost,rdkit_descriptors_only,repeat_01__fold_04,repeat_09__fold_02,0.5500641848523748,0.42857142857142855,31
XGBoost,rdkit_descriptors_only,repeat_01__fold_04,repeat_09__fold_03,0.6359649122807016,0.6666666666666666,31
XGBoost,rdkit_descriptors_only,repeat_01__fold_04,repeat_09__fold_04,0.777159528780114,0.5384615384615384,31
XGBoost,rdkit_descriptors_only,repeat_01__fold_04,repeat_09__fold_05,0.6097451743026046,0.42857142857142855,31
XGBoost,rdkit_descriptors_only,repeat_01__fold_04,repeat_10__fold_01,0.7367931235126941,0.6666666666666666,31
XGBoost,rdkit_descriptors_only,repeat_01__fold_04,repeat_10__fold_02,0.6391741548994436,0.5384615384615384,31
XGBoost,rdkit_descriptors_only,repeat_01__fold_04,repeat_10__fold_03,0.7294756618738799,0.6666666666666666,31
XGBoost,rdkit_descriptors_only,repeat_01__fold_04,repeat_10__fold_04,0.6248294625867455,0.5384615384615384,31
XGBoost,rdkit_descriptors_only,repeat_01__fold_04,repeat_10__fold_05,0.5780894143823647,0.5384615384615384,31
XGBoost,rdkit_descriptors_only,repeat_01__fold_05,repeat_02__fold_01,0.922443303380402,1.0,31
XGBoost,rdkit_descriptors_only,repeat_01__fold_05,repeat_02__fold_02,0.6728442393785186,0.6666666666666666,31
XGBoost,rdkit_descriptors_only,repeat_01__fold_05,repeat_02__fold_03,0.797175866495507,0.8181818181818182,31
XGBoost,rdkit_descriptors_only,repeat_01__fold_05,repeat_02__fold_04,0.625679281645007,0.6666666666666666,31
XGBoost,rdkit_descriptors_only,repeat_01__fold_05,repeat_02__fold_05,0.8936670945656824,1.0,31
XGBoost,rdkit_descriptors_only,repeat_01__fold_05,repeat_03__fold_01,0.6711446012619956,0.6666666666666666,31
XGBoost,rdkit_descriptors_only,repeat_01__fold_05,repeat_03__fold_02,0.758038599969231,0.6666666666666666,31
XGBoost,rdkit_descriptors_only,repeat_01__fold_05,repeat_03__fold_03,0.785870174127294,0.8181818181818182,31
XGBoost,rdkit_descriptors_only,repeat_01__fold_05,repeat_03__fold_04,0.8837184424475822,0.8181818181818182,31
XGBoost,rdkit_descriptors_only,repeat_01__fold_05,repeat_03__fold_05,0.8642490372272142,0.8181818181818182,31
XGBoost,rdkit_descriptors_only,repeat_01__fold_05,repeat_04__fold_01,0.5311369114134185,0.5384615384615384,31
XGBoost,rdkit_descriptors_only,repeat_01__fold_05,repeat_04__fold_02,0.6762943945228924,0.6666666666666666,31
XGBoost,rdkit_descriptors_only,repeat_01__fold_05,repeat_04__fold_03,0.7863714163457424,0.8181818181818182,31
XGBoost,rdkit_descriptors_only,repeat_01__fold_05,repeat_04__fold_04,0.544734016345602,0.5384615384615384,31
XGBoost,rdkit_descriptors_only,repeat_01__fold_05,repeat_04__fold_05,0.8367565254599915,0.8181818181818182,31
XGBoost,rdkit_descriptors_only,repeat_01__fold_05,repeat_05__fold_01,0.830910584215152,0.8181818181818182,31
XGBoost,rdkit_descriptors_only,repeat_01__fold_05,repeat_05__fold_02,0.7625001500251035,0.8181818181818182,31
XGBoost,rdkit_descriptors_only,repeat_01__fold_05,repeat_05__fold_03,0.823277706461275,0.6666666666666666,31
XGBoost,rdkit_descriptors_only,repeat_01__fold_05,repeat_05__fold_04,0.7895806589644844,0.8181818181818182,31
XGBoost,rdkit_descriptors_only,repeat_01__fold_05,repeat_05__fold_05,0.747004706889174,0.6666666666666666,31
XGBoost,rdkit_descriptors_only,repeat_01__fold_05,repeat_06__fold_01,0.5570563926903934,0.5384615384615384,31
XGBoost,rdkit_descriptors_only,repeat_01__fold_05,repeat_06__fold_02,0.563543003851091,0.5384615384615384,31
XGBoost,rdkit_descriptors_only,repeat_01__fold_05,repeat_06__fold_03,0.89841368117209,1.0,31
XGBoost,rdkit_descriptors_only,repeat_01__fold_05,repeat_06__fold_04,0.7786467121320716,0.6666666666666666,31
XGBoost,rdkit_descriptors_only,repeat_01__fold_05,repeat_06__fold_05,0.8159943665208559,0.8181818181818182,31
XGBoost,rdkit_descriptors_only,repeat_01__fold_05,repeat_07__fold_01,0.8621095421480529,0.8181818181818182,31
XGBoost,rdkit_descriptors_only,repeat_01__fold_05,repeat_07__fold_02,0.8388960205391526,0.8181818181818182,31
XGBoost,rdkit_descriptors_only,repeat_01__fold_05,repeat_07__fold_03,0.7665810868635001,0.6666666666666666,31
XGBoost,rdkit_descriptors_only,repeat_01__fold_05,repeat_07__fold_04,0.2774659225223698,0.42857142857142855,31
XGBoost,rdkit_descriptors_only,repeat_01__fold_05,repeat_07__fold_05,0.7925759520753101,0.8181818181818182,31
XGBoost,rdkit_descriptors_only,repeat_01__fold_05,repeat_08__fold_01,0.8241335044929395,0.8181818181818182,31
XGBoost,rdkit_descriptors_only,repeat_01__fold_05,repeat_08__fold_02,0.7862950836564246,0.6666666666666666,31
XGBoost,rdkit_descriptors_only,repeat_01__fold_05,repeat_08__fold_03,0.8202878459868834,0.8181818181818182,31
XGBoost,rdkit_descriptors_only,repeat_01__fold_05,repeat_08__fold_04,0.9154585132596488,0.8181818181818182,31
XGBoost,rdkit_descriptors_only,repeat_01__fold_05,repeat_08__fold_05,0.49225768949795634,0.5384615384615384,31
XGBoost,rdkit_descriptors_only,repeat_01__fold_05,repeat_09__fold_01,0.9071818446941189,0.8181818181818182,31
XGBoost,rdkit_descriptors_only,repeat_01__fold_05,repeat_09__fold_02,0.42800599058622163,0.42857142857142855,31
XGBoost,rdkit_descriptors_only,repeat_01__fold_05,repeat_09__fold_03,0.7783483097988875,0.8181818181818182,31
XGBoost,rdkit_descriptors_only,repeat_01__fold_05,repeat_09__fold_04,0.737855397335521,0.6666666666666666,31
XGBoost,rdkit_descriptors_only,repeat_01__fold_05,repeat_09__fold_05,0.7763097097218525,0.6666666666666666,31
XGBoost,rdkit_descriptors_only,repeat_01__fold_05,repeat_10__fold_01,0.8077530148775269,0.8181818181818182,31
XGBoost,rdkit_descriptors_only,repeat_01__fold_05,repeat_10__fold_02,0.7283910997004706,0.6666666666666666,31
XGBoost,rdkit_descriptors_only,repeat_01__fold_05,repeat_10__fold_03,0.7629180539444068,0.8181818181818182,31
XGBoost,rdkit_descriptors_only,repeat_01__fold_05,repeat_10__fold_04,0.8086028339357882,0.8181818181818182,31
XGBoost,rdkit_descriptors_only,repeat_01__fold_05,repeat_10__fold_05,0.8757385395384445,0.8181818181818182,31
XGBoost,rdkit_descriptors_only,repeat_02__fold_01,repeat_02__fold_02,0.5644923094501811,0.6666666666666666,31
XGBoost,rdkit_descriptors_only,repeat_02__fold_01,repeat_02__fold_03,0.7866923406076165,0.8181818181818182,31
XGBoost,rdkit_descriptors_only,repeat_02__fold_01,repeat_02__fold_04,0.6819797942548294,0.6666666666666666,31
XGBoost,rdkit_descriptors_only,repeat_02__fold_01,repeat_02__fold_05,0.8191056910569104,1.0,31
XGBoost,rdkit_descriptors_only,repeat_02__fold_01,repeat_03__fold_01,0.574265228620188,0.6666666666666666,31
XGBoost,rdkit_descriptors_only,repeat_02__fold_01,repeat_03__fold_02,0.645862484278717,0.6666666666666666,31
XGBoost,rdkit_descriptors_only,repeat_02__fold_01,repeat_03__fold_03,0.7867199931855555,0.8181818181818182,31
XGBoost,rdkit_descriptors_only,repeat_02__fold_01,repeat_03__fold_04,0.7819854514334615,0.8181818181818182,31
XGBoost,rdkit_descriptors_only,repeat_02__fold_01,repeat_03__fold_05,0.8775139067180145,0.8181818181818182,31
XGBoost,rdkit_descriptors_only,repeat_02__fold_01,repeat_04__fold_01,0.44573009605814085,0.5384615384615384,31
XGBoost,rdkit_descriptors_only,repeat_02__fold_01,repeat_04__fold_02,0.6152118100128369,0.6666666666666666,31
XGBoost,rdkit_descriptors_only,repeat_02__fold_01,repeat_04__fold_03,0.8065896448438168,0.8181818181818182,31
XGBoost,rdkit_descriptors_only,repeat_02__fold_01,repeat_04__fold_04,0.43000844348030365,0.5384615384615384,31
XGBoost,rdkit_descriptors_only,repeat_02__fold_01,repeat_04__fold_05,0.9275780915703892,0.8181818181818182,31
XGBoost,rdkit_descriptors_only,repeat_02__fold_01,repeat_05__fold_01,0.7178846494663764,0.8181818181818182,31
XGBoost,rdkit_descriptors_only,repeat_02__fold_01,repeat_05__fold_02,0.7527272308550966,0.8181818181818182,31
XGBoost,rdkit_descriptors_only,repeat_02__fold_01,repeat_05__fold_03,0.7656183140778776,0.6666666666666666,31
XGBoost,rdkit_descriptors_only,repeat_02__fold_01,repeat_05__fold_04,0.68528027385537,0.8181818181818182,31
XGBoost,rdkit_descriptors_only,repeat_02__fold_01,repeat_05__fold_05,0.6544715447154471,0.6666666666666666,31
XGBoost,rdkit_descriptors_only,repeat_02__fold_01,repeat_06__fold_01,0.4506165556431443,0.5384615384615384,31
XGBoost,rdkit_descriptors_only,repeat_02__fold_01,repeat_06__fold_02,0.5353016688061617,0.5384615384615384,31
XGBoost,rdkit_descriptors_only,repeat_02__fold_01,repeat_06__fold_03,0.9648669505767498,1.0,31
XGBoost,rdkit_descriptors_only,repeat_02__fold_01,repeat_06__fold_04,0.7837456264816404,0.6666666666666666,31
XGBoost,rdkit_descriptors_only,repeat_02__fold_01,repeat_06__fold_05,0.7238659703007593,0.8181818181818182,31
XGBoost,rdkit_descriptors_only,repeat_02__fold_01,repeat_07__fold_01,0.8642490372272142,0.8181818181818182,31
XGBoost,rdkit_descriptors_only,repeat_02__fold_01,repeat_07__fold_02,0.8326914848095848,0.8181818181818182,31
XGBoost,rdkit_descriptors_only,repeat_02__fold_01,repeat_07__fold_03,0.6828198545143345,0.6666666666666666,31
XGBoost,rdkit_descriptors_only,repeat_02__fold_01,repeat_07__fold_04,0.19652065722296486,0.42857142857142855,31
XGBoost,rdkit_descriptors_only,repeat_02__fold_01,repeat_07__fold_05,0.6923406076166023,0.8181818181818182,31
XGBoost,rdkit_descriptors_only,repeat_02__fold_01,repeat_08__fold_01,0.7572742832691484,0.8181818181818182,31
XGBoost,rdkit_descriptors_only,repeat_02__fold_01,repeat_08__fold_02,0.8079654696420921,0.6666666666666666,31
XGBoost,rdkit_descriptors_only,repeat_02__fold_01,repeat_08__fold_03,0.7030128159468008,0.8181818181818182,31
XGBoost,rdkit_descriptors_only,repeat_02__fold_01,repeat_08__fold_04,0.9743602747774155,0.8181818181818182,31
XGBoost,rdkit_descriptors_only,repeat_02__fold_01,repeat_08__fold_05,0.3807189381011384,0.5384615384615384,31
XGBoost,rdkit_descriptors_only,repeat_02__fold_01,repeat_09__fold_01,0.9080316637523802,0.8181818181818182,31
XGBoost,rdkit_descriptors_only,repeat_02__fold_01,repeat_09__fold_02,0.31151048352588784,0.42857142857142855,31
XGBoost,rdkit_descriptors_only,repeat_02__fold_01,repeat_09__fold_03,0.8456354300385108,0.8181818181818182,31
XGBoost,rdkit_descriptors_only,repeat_02__fold_01,repeat_09__fold_04,0.7319066639276907,0.6666666666666666,31
XGBoost,rdkit_descriptors_only,repeat_02__fold_01,repeat_09__fold_05,0.6785805180217834,0.6666666666666666,31
XGBoost,rdkit_descriptors_only,repeat_02__fold_01,repeat_10__fold_01,0.7996797338240429,0.8181818181818182,31
XGBoost,rdkit_descriptors_only,repeat_02__fold_01,repeat_10__fold_02,0.6275139067180144,0.6666666666666666,31
XGBoost,rdkit_descriptors_only,repeat_02__fold_01,repeat_10__fold_03,0.6606490614190536,0.8181818181818182,31
XGBoost,rdkit_descriptors_only,repeat_02__fold_01,repeat_10__fold_04,0.7013131778302778,0.8181818181818182,31
XGBoost,rdkit_descriptors_only,repeat_02__fold_01,repeat_10__fold_05,0.9343760545584859,0.8181818181818182,31
XGBoost,rdkit_descriptors_only,repeat_02__fold_02,repeat_02__fold_03,0.696214263480709,0.6666666666666666,31
XGBoost,rdkit_descriptors_only,repeat_02__fold_02,repeat_02__fold_04,0.5075949367088608,0.5384615384615384,31
XGBoost,rdkit_descriptors_only,repeat_02__fold_02,repeat_02__fold_05,0.7202216518765955,0.6666666666666666,31
XGBoost,rdkit_descriptors_only,repeat_02__fold_02,repeat_03__fold_01,0.8751054852320674,0.8181818181818182,31
XGBoost,rdkit_descriptors_only,repeat_02__fold_02,repeat_03__fold_02,0.6725738396624472,0.5384615384615384,31
XGBoost,rdkit_descriptors_only,repeat_02__fold_02,repeat_03__fold_03,0.7670886075949368,0.6666666666666666,31
XGBoost,rdkit_descriptors_only,repeat_02__fold_02,repeat_03__fold_04,0.6872911633689635,0.6666666666666666,31
XGBoost,rdkit_descriptors_only,repeat_02__fold_02,repeat_03__fold_05,0.6919651681894016,0.6666666666666666,31
XGBoost,rdkit_descriptors_only,repeat_02__fold_02,repeat_04__fold_01,0.7607594936708861,0.6666666666666666,31
XGBoost,rdkit_descriptors_only,repeat_02__fold_02,repeat_04__fold_02,0.9254529544467403,0.6666666666666666,31
XGBoost,rdkit_descriptors_only,repeat_02__fold_02,repeat_04__fold_03,0.5018181539033978,0.5384615384615384,31
XGBoost,rdkit_descriptors_only,repeat_02__fold_02,repeat_04__fold_04,0.7358649789029535,0.6666666666666666,31
XGBoost,rdkit_descriptors_only,repeat_02__fold_02,repeat_04__fold_05,0.5013932443742671,0.5384615384615384,31
XGBoost,rdkit_descriptors_only,repeat_02__fold_02,repeat_05__fold_01,0.6151898734177215,0.5384615384615384,31
XGBoost,rdkit_descriptors_only,repeat_02__fold_02,repeat_05__fold_02,0.7835443037974683,0.6666666666666666,31
XGBoost,rdkit_descriptors_only,repeat_02__fold_02,repeat_05__fold_03,0.6647709583250345,0.6666666666666666,31
XGBoost,rdkit_descriptors_only,repeat_02__fold_02,repeat_05__fold_04,0.6278038292906607,0.5384615384615384,31
XGBoost,rdkit_descriptors_only,repeat_02__fold_02,repeat_05__fold_05,0.6552104939195931,0.5384615384615384,31
XGBoost,rdkit_descriptors_only,repeat_02__fold_02,repeat_06__fold_01,0.7345991561181434,0.6666666666666666,31
XGBoost,rdkit_descriptors_only,repeat_02__fold_02,repeat_06__fold_02,0.8498190582614696,0.8181818181818182,31
XGBoost,rdkit_descriptors_only,repeat_02__fold_02,repeat_06__fold_03,0.5540504854049253,0.6666666666666666,31
XGBoost,rdkit_descriptors_only,repeat_02__fold_02,repeat_06__fold_04,0.768776371308017,0.5384615384615384,31
XGBoost,rdkit_descriptors_only,repeat_02__fold_02,repeat_06__fold_05,0.6551764827410137,0.5384615384615384,31
XGBoost,rdkit_descriptors_only,repeat_02__fold_02,repeat_07__fold_01,0.5075544325466627,0.5384615384615384,31
XGBoost,rdkit_descriptors_only,repeat_02__fold_02,repeat_07__fold_02,0.6649834130895999,0.5384615384615384,31
XGBoost,rdkit_descriptors_only,repeat_02__fold_02,repeat_07__fold_03,0.7467784974472664,0.5384615384615384,31
XGBoost,rdkit_descriptors_only,repeat_02__fold_02,repeat_07__fold_04,0.3308016877637131,0.3333333333333333,31
XGBoost,rdkit_descriptors_only,repeat_02__fold_02,repeat_07__fold_05,0.6167561815332616,0.5384615384615384,31
XGBoost,rdkit_descriptors_only,repeat_02__fold_02,repeat_08__fold_01,0.7461411331535703,0.6666666666666666,31
XGBoost,rdkit_descriptors_only,repeat_02__fold_02,repeat_08__fold_02,0.5687763713080168,0.42857142857142855,31
XGBoost,rdkit_descriptors_only,repeat_02__fold_02,repeat_08__fold_03,0.6552742616033755,0.5384615384615384,31
XGBoost,rdkit_descriptors_only,repeat_02__fold_02,repeat_08__fold_04,0.602042484140696,0.6666666666666666,31
XGBoost,rdkit_descriptors_only,repeat_02__fold_02,repeat_08__fold_05,0.6852320675105485,0.5384615384615384,31
XGBoost,rdkit_descriptors_only,repeat_02__fold_02,repeat_09__fold_01,0.6481012658227849,0.5384615384615384,31
XGBoost,rdkit_descriptors_only,repeat_02__fold_02,repeat_09__fold_02,0.5723531357390998,0.42857142857142855,31
XGBoost,rdkit_descriptors_only,repeat_02__fold_02,repeat_09__fold_03,0.6282287388197914,0.6666666666666666,31
XGBoost,rdkit_descriptors_only,repeat_02__fold_02,repeat_09__fold_04,0.6518987341772152,0.5384615384615384,31
XGBoost,rdkit_descriptors_only,repeat_02__fold_02,repeat_09__fold_05,0.620253164556962,0.42857142857142855,31
XGBoost,rdkit_descriptors_only,repeat_02__fold_02,repeat_10__fold_01,0.7308016877637131,0.6666666666666666,31
XGBoost,rdkit_descriptors_only,repeat_02__fold_02,repeat_10__fold_02,0.6309906507591412,0.5384615384615384,31
XGBoost,rdkit_descriptors_only,repeat_02__fold_02,repeat_10__fold_03,0.7742994796030163,0.6666666666666666,31
XGBoost,rdkit_descriptors_only,repeat_02__fold_02,repeat_10__fold_04,0.6295358649789029,0.5384615384615384,31
XGBoost,rdkit_descriptors_only,repeat_02__fold_02,repeat_10__fold_05,0.6016877637130802,0.6666666666666666,31
XGBoost,rdkit_descriptors_only,repeat_02__fold_03,repeat_02__fold_04,0.8249618508073217,0.8181818181818182,31
XGBoost,rdkit_descriptors_only,repeat_02__fold_03,repeat_02__fold_05,0.7758878904578518,0.8181818181818182,31
XGBoost,rdkit_descriptors_only,repeat_02__fold_03,repeat_03__fold_01,0.7856577193627287,0.6666666666666666,31
XGBoost,rdkit_descriptors_only,repeat_02__fold_03,repeat_03__fold_02,0.8910352825871509,0.8181818181818182,31
XGBoost,rdkit_descriptors_only,repeat_02__fold_03,repeat_03__fold_03,0.9116433947499916,1.0,31
XGBoost,rdkit_descriptors_only,repeat_02__fold_03,repeat_03__fold_04,0.6400299529311082,0.6666666666666666,31
XGBoost,rdkit_descriptors_only,repeat_02__fold_03,repeat_03__fold_05,0.8999786050492083,0.8181818181818182,31
XGBoost,rdkit_descriptors_only,repeat_02__fold_03,repeat_04__fold_01,0.6800677013737411,0.5384615384615384,31
XGBoost,rdkit_descriptors_only,repeat_02__fold_03,repeat_04__fold_02,0.7342747111681642,0.6666666666666666,31
XGBoost,rdkit_descriptors_only,repeat_02__fold_03,repeat_04__fold_03,0.7996362858365424,0.8181818181818182,31
XGBoost,rdkit_descriptors_only,repeat_02__fold_03,repeat_04__fold_04,0.7083241850609349,0.6666666666666666,31
XGBoost,rdkit_descriptors_only,repeat_02__fold_03,repeat_04__fold_05,0.7506418485237483,0.8181818181818182,31
XGBoost,rdkit_descriptors_only,repeat_02__fold_03,repeat_05__fold_01,0.7971302766492584,0.8181818181818182,31
XGBoost,rdkit_descriptors_only,repeat_02__fold_03,repeat_05__fold_02,0.9025078398736808,1.0,31
XGBoost,rdkit_descriptors_only,repeat_02__fold_03,repeat_05__fold_03,0.7805947796320067,0.6666666666666666,31
XGBoost,rdkit_descriptors_only,repeat_02__fold_03,repeat_05__fold_04,0.7718228498074453,0.8181818181818182,31
XGBoost,rdkit_descriptors_only,repeat_02__fold_03,repeat_05__fold_05,0.8998716302952501,0.8181818181818182,31
XGBoost,rdkit_descriptors_only,repeat_02__fold_03,repeat_06__fold_01,0.7195842875828993,0.6666666666666666,31
XGBoost,rdkit_descriptors_only,repeat_02__fold_03,repeat_06__fold_02,0.7785622593068036,0.5384615384615384,31
XGBoost,rdkit_descriptors_only,repeat_02__fold_03,repeat_06__fold_03,0.7950659018057519,0.8181818181818182,31
XGBoost,rdkit_descriptors_only,repeat_02__fold_03,repeat_06__fold_04,0.9137679423956452,0.8181818181818182,31
XGBoost,rdkit_descriptors_only,repeat_02__fold_03,repeat_06__fold_05,0.6785569229794003,0.6666666666666666,31
XGBoost,rdkit_descriptors_only,repeat_02__fold_03,repeat_07__fold_01,0.8456354300385108,0.8181818181818182,31
XGBoost,rdkit_descriptors_only,repeat_02__fold_03,repeat_07__fold_02,0.7907573812580231,0.8181818181818182,31
XGBoost,rdkit_descriptors_only,repeat_02__fold_03,repeat_07__fold_03,0.8823277706461274,0.8181818181818182,31
XGBoost,rdkit_descriptors_only,repeat_02__fold_03,repeat_07__fold_04,0.36797165222721634,0.42857142857142855,31
XGBoost,rdkit_descriptors_only,repeat_02__fold_03,repeat_07__fold_05,0.698117244330338,0.8181818181818182,31
XGBoost,rdkit_descriptors_only,repeat_02__fold_03,repeat_08__fold_01,0.8923833975181856,1.0,31
XGBoost,rdkit_descriptors_only,repeat_02__fold_03,repeat_08__fold_02,0.677730698963522,0.6666666666666666,31
XGBoost,rdkit_descriptors_only,repeat_02__fold_03,repeat_08__fold_03,0.7839580812462057,0.8181818181818182,31
XGBoost,rdkit_descriptors_only,repeat_02__fold_03,repeat_08__fold_04,0.8013228654834634,0.6666666666666666,31
XGBoost,rdkit_descriptors_only,repeat_02__fold_03,repeat_08__fold_05,0.68516661572331,0.6666666666666666,31
XGBoost,rdkit_descriptors_only,repeat_02__fold_03,repeat_09__fold_01,0.7709983406077183,0.8181818181818182,31
XGBoost,rdkit_descriptors_only,repeat_02__fold_03,repeat_09__fold_02,0.5265297389816003,0.42857142857142855,31
XGBoost,rdkit_descriptors_only,repeat_02__fold_03,repeat_09__fold_03,0.8448866067608043,0.8181818181818182,31
XGBoost,rdkit_descriptors_only,repeat_02__fold_03,repeat_09__fold_04,0.956471350073284,0.8181818181818182,31
XGBoost,rdkit_descriptors_only,repeat_02__fold_03,repeat_09__fold_05,0.7463535879181357,0.6666666666666666,31
XGBoost,rdkit_descriptors_only,repeat_02__fold_03,repeat_10__fold_01,0.9392625141434893,1.0,31
XGBoost,rdkit_descriptors_only,repeat_02__fold_03,repeat_10__fold_02,0.8731279418057337,0.8181818181818182,31
XGBoost,rdkit_descriptors_only,repeat_02__fold_03,repeat_10__fold_03,0.83972767702252,1.0,31
XGBoost,rdkit_descriptors_only,repeat_02__fold_03,repeat_10__fold_04,0.7867199931855555,0.8181818181818182,31
XGBoost,rdkit_descriptors_only,repeat_02__fold_03,repeat_10__fold_05,0.802654100527958,0.8181818181818182,31
XGBoost,rdkit_descriptors_only,repeat_02__fold_04,repeat_02__fold_05,0.6035839861302088,0.6666666666666666,31
XGBoost,rdkit_descriptors_only,repeat_02__fold_04,repeat_03__fold_01,0.6426160337552742,0.6666666666666666,31
XGBoost,rdkit_descriptors_only,repeat_02__fold_04,repeat_03__fold_02,0.829535864978903,0.8181818181818182,31
XGBoost,rdkit_descriptors_only,repeat_02__fold_04,repeat_03__fold_03,0.7016877637130802,0.8181818181818182,31
XGBoost,rdkit_descriptors_only,repeat_02__fold_04,repeat_03__fold_04,0.459114746225759,0.5384615384615384,31
XGBoost,rdkit_descriptors_only,repeat_02__fold_04,repeat_03__fold_05,0.7327564829859522,0.6666666666666666,31
XGBoost,rdkit_descriptors_only,repeat_02__fold_04,repeat_04__fold_01,0.6919831223628692,0.6666666666666666,31
XGBoost,rdkit_descriptors_only,repeat_02__fold_04,repeat_04__fold_02,0.5377230091149449,0.5384615384615384,31
XGBoost,rdkit_descriptors_only,repeat_02__fold_04,repeat_04__fold_03,0.8260241246301484,0.8181818181818182,31
XGBoost,rdkit_descriptors_only,repeat_02__fold_04,repeat_04__fold_04,0.670042194092827,0.6666666666666666,31
XGBoost,rdkit_descriptors_only,repeat_02__fold_04,repeat_04__fold_05,0.7059871826507159,0.6666666666666666,31
XGBoost,rdkit_descriptors_only,repeat_02__fold_04,repeat_05__fold_01,0.7265822784810126,0.6666666666666666,31
XGBoost,rdkit_descriptors_only,repeat_02__fold_04,repeat_05__fold_02,0.710548523206751,0.8181818181818182,31
XGBoost,rdkit_descriptors_only,repeat_02__fold_04,repeat_05__fold_03,0.7486905903283547,0.6666666666666666,31
XGBoost,rdkit_descriptors_only,repeat_02__fold_04,repeat_05__fold_04,0.7236209281096414,0.8181818181818182,31
XGBoost,rdkit_descriptors_only,repeat_02__fold_04,repeat_05__fold_05,0.8120021101688342,0.8181818181818182,31
XGBoost,rdkit_descriptors_only,repeat_02__fold_04,repeat_06__fold_01,0.6784810126582279,0.5384615384615384,31
XGBoost,rdkit_descriptors_only,repeat_02__fold_04,repeat_06__fold_02,0.6588222249172043,0.5384615384615384,31
XGBoost,rdkit_descriptors_only,repeat_02__fold_04,repeat_06__fold_03,0.7155949811494394,0.6666666666666666,31
XGBoost,rdkit_descriptors_only,repeat_02__fold_04,repeat_06__fold_04,0.7122362869198312,0.6666666666666666,31
XGBoost,rdkit_descriptors_only,repeat_02__fold_04,repeat_06__fold_05,0.6153259837907754,0.6666666666666666,31
XGBoost,rdkit_descriptors_only,repeat_02__fold_04,repeat_07__fold_01,0.7554891427944465,0.8181818181818182,31
XGBoost,rdkit_descriptors_only,repeat_02__fold_04,repeat_07__fold_02,0.5736278643264919,0.6666666666666666,31
XGBoost,rdkit_descriptors_only,repeat_02__fold_04,repeat_07__fold_03,0.7091740041191963,0.6666666666666666,31
XGBoost,rdkit_descriptors_only,repeat_02__fold_04,repeat_07__fold_04,0.49324894514767936,0.5384615384615384,31
XGBoost,rdkit_descriptors_only,repeat_02__fold_04,repeat_07__fold_05,0.5772395953241032,0.6666666666666666,31
XGBoost,rdkit_descriptors_only,repeat_02__fold_04,repeat_08__fold_01,0.6928149872476631,0.8181818181818182,31
XGBoost,rdkit_descriptors_only,repeat_02__fold_04,repeat_08__fold_02,0.6772151898734177,0.6666666666666666,31
XGBoost,rdkit_descriptors_only,repeat_02__fold_04,repeat_08__fold_03,0.729957805907173,0.6666666666666666,31
XGBoost,rdkit_descriptors_only,repeat_02__fold_04,repeat_08__fold_04,0.6723164822895032,0.5384615384615384,31
XGBoost,rdkit_descriptors_only,repeat_02__fold_04,repeat_08__fold_05,0.6805907172995781,0.8181818181818182,31
XGBoost,rdkit_descriptors_only,repeat_02__fold_04,repeat_09__fold_01,0.6624472573839664,0.6666666666666666,31
XGBoost,rdkit_descriptors_only,repeat_02__fold_04,repeat_09__fold_02,0.6142067243584771,0.5384615384615384,31
XGBoost,rdkit_descriptors_only,repeat_02__fold_04,repeat_09__fold_03,0.8357970438001553,0.8181818181818182,31
XGBoost,rdkit_descriptors_only,repeat_02__fold_04,repeat_09__fold_04,0.8354430379746837,1.0,31
XGBoost,rdkit_descriptors_only,repeat_02__fold_04,repeat_09__fold_05,0.7156118143459915,0.8181818181818182,31
XGBoost,rdkit_descriptors_only,repeat_02__fold_04,repeat_10__fold_01,0.7210970464135023,0.8181818181818182,31
XGBoost,rdkit_descriptors_only,repeat_02__fold_04,repeat_10__fold_02,0.8081779244066576,0.6666666666666666,31
XGBoost,rdkit_descriptors_only,repeat_02__fold_04,repeat_10__fold_03,0.6898849818267051,0.8181818181818182,31
XGBoost,rdkit_descriptors_only,repeat_02__fold_04,repeat_10__fold_04,0.7286919831223628,0.8181818181818182,31
XGBoost,rdkit_descriptors_only,repeat_02__fold_04,repeat_10__fold_05,0.689873417721519,0.6666666666666666,31
XGBoost,rdkit_descriptors_only,repeat_02__fold_05,repeat_03__fold_01,0.6613716820919887,0.6666666666666666,31
XGBoost,rdkit_descriptors_only,repeat_02__fold_05,repeat_03__fold_02,0.7803463502485944,0.6666666666666666,31
XGBoost,rdkit_descriptors_only,repeat_02__fold_05,repeat_03__fold_03,0.8544930630819078,0.8181818181818182,31
XGBoost,rdkit_descriptors_only,repeat_02__fold_05,repeat_03__fold_04,0.8515190415062044,0.8181818181818182,31
XGBoost,rdkit_descriptors_only,repeat_02__fold_05,repeat_03__fold_05,0.7872272143774068,0.8181818181818182,31
XGBoost,rdkit_descriptors_only,repeat_02__fold_05,repeat_04__fold_01,0.559180940336047,0.5384615384615384,31
XGBoost,rdkit_descriptors_only,repeat_02__fold_05,repeat_04__fold_02,0.7471116816431321,0.6666666666666666,31
XGBoost,rdkit_descriptors_only,repeat_02__fold_05,repeat_04__fold_03,0.7758878904578518,0.8181818181818182,31
XGBoost,rdkit_descriptors_only,repeat_02__fold_05,repeat_04__fold_04,0.5266753613575458,0.5384615384615384,31
XGBoost,rdkit_descriptors_only,repeat_02__fold_05,repeat_04__fold_05,0.846063329054343,0.8181818181818182,31
XGBoost,rdkit_descriptors_only,repeat_02__fold_05,repeat_05__fold_01,0.8668154394266989,0.8181818181818182,31
XGBoost,rdkit_descriptors_only,repeat_02__fold_05,repeat_05__fold_02,0.8317604032734134,0.8181818181818182,31
XGBoost,rdkit_descriptors_only,repeat_02__fold_05,repeat_05__fold_03,0.7717158750534873,0.6666666666666666,31
XGBoost,rdkit_descriptors_only,repeat_02__fold_05,repeat_05__fold_04,0.8467051775780914,0.8181818181818182,31
XGBoost,rdkit_descriptors_only,repeat_02__fold_05,repeat_05__fold_05,0.7899015832263585,0.6666666666666666,31
XGBoost,rdkit_descriptors_only,repeat_02__fold_05,repeat_06__fold_01,0.5829758739673682,0.5384615384615384,31
XGBoost,rdkit_descriptors_only,repeat_02__fold_05,repeat_06__fold_02,0.6223791185280273,0.5384615384615384,31
XGBoost,rdkit_descriptors_only,repeat_02__fold_05,repeat_06__fold_03,0.8619506859468057,1.0,31
XGBoost,rdkit_descriptors_only,repeat_02__fold_05,repeat_06__fold_04,0.8449325986764662,0.6666666666666666,31
XGBoost,rdkit_descriptors_only,repeat_02__fold_05,repeat_06__fold_05,0.8766221869841981,0.8181818181818182,31
XGBoost,rdkit_descriptors_only,repeat_02__fold_05,repeat_07__fold_01,0.8022036799315361,0.8181818181818182,31
XGBoost,rdkit_descriptors_only,repeat_02__fold_05,repeat_07__fold_02,0.8955926401369275,0.8181818181818182,31
XGBoost,rdkit_descriptors_only,repeat_02__fold_05,repeat_07__fold_03,0.8005990586221652,0.6666666666666666,31
XGBoost,rdkit_descriptors_only,repeat_02__fold_05,repeat_07__fold_04,0.3301547041345809,0.42857142857142855,31
XGBoost,rdkit_descriptors_only,repeat_02__fold_05,repeat_07__fold_05,0.8864997860504921,0.8181818181818182,31
XGBoost,rdkit_descriptors_only,repeat_02__fold_05,repeat_08__fold_01,0.8386820710312365,0.8181818181818182,31
XGBoost,rdkit_descriptors_only,repeat_02__fold_05,repeat_08__fold_02,0.7896943598894706,0.6666666666666666,31
XGBoost,rdkit_descriptors_only,repeat_02__fold_05,repeat_08__fold_03,0.8785004514777942,0.8181818181818182,31
XGBoost,rdkit_descriptors_only,repeat_02__fold_05,repeat_08__fold_04,0.8380016180769446,0.8181818181818182,31
XGBoost,rdkit_descriptors_only,repeat_02__fold_05,repeat_08__fold_05,0.5075544325466627,0.5384615384615384,31
XGBoost,rdkit_descriptors_only,repeat_02__fold_05,repeat_09__fold_01,0.861079160783434,0.8181818181818182,31
XGBoost,rdkit_descriptors_only,repeat_02__fold_05,repeat_09__fold_02,0.4385964912280701,0.42857142857142855,31
XGBoost,rdkit_descriptors_only,repeat_02__fold_05,repeat_09__fold_03,0.6788617886178862,0.8181818181818182,31
XGBoost,rdkit_descriptors_only,repeat_02__fold_05,repeat_09__fold_04,0.7501777736803124,0.6666666666666666,31
XGBoost,rdkit_descriptors_only,repeat_02__fold_05,repeat_09__fold_05,0.8578923393149536,0.6666666666666666,31
XGBoost,rdkit_descriptors_only,repeat_02__fold_05,repeat_10__fold_01,0.8075405601129615,0.8181818181818182,31
XGBoost,rdkit_descriptors_only,repeat_02__fold_05,repeat_10__fold_02,0.7913992297817714,0.6666666666666666,31
XGBoost,rdkit_descriptors_only,repeat_02__fold_05,repeat_10__fold_03,0.8384331328133385,0.8181818181818182,31
XGBoost,rdkit_descriptors_only,repeat_02__fold_05,repeat_10__fold_04,0.8559802464338653,0.8181818181818182,31
XGBoost,rdkit_descriptors_only,repeat_02__fold_05,repeat_10__fold_05,0.8402585938560281,0.8181818181818182,31
XGBoost,rdkit_descriptors_only,repeat_03__fold_01,repeat_03__fold_02,0.7734177215189875,0.5384615384615384,31
XGBoost,rdkit_descriptors_only,repeat_03__fold_01,repeat_03__fold_03,0.7101265822784811,0.6666666666666666,31
XGBoost,rdkit_descriptors_only,repeat_03__fold_01,repeat_03__fold_04,0.582338509673672,0.6666666666666666,31
XGBoost,rdkit_descriptors_only,repeat_03__fold_01,repeat_03__fold_05,0.717672194701811,0.6666666666666666,31
XGBoost,rdkit_descriptors_only,repeat_03__fold_01,repeat_04__fold_01,0.8970464135021097,0.8181818181818182,31
XGBoost,rdkit_descriptors_only,repeat_03__fold_01,repeat_04__fold_02,0.8408959581497243,0.6666666666666666,31
XGBoost,rdkit_descriptors_only,repeat_03__fold_01,repeat_04__fold_03,0.6258917364095724,0.6666666666666666,31
XGBoost,rdkit_descriptors_only,repeat_03__fold_01,repeat_04__fold_04,0.8531645569620254,0.6666666666666666,31
XGBoost,rdkit_descriptors_only,repeat_03__fold_01,repeat_04__fold_05,0.5438841972873405,0.5384615384615384,31
XGBoost,rdkit_descriptors_only,repeat_03__fold_01,repeat_05__fold_01,0.6569620253164556,0.5384615384615384,31
XGBoost,rdkit_descriptors_only,repeat_03__fold_01,repeat_05__fold_02,0.7164556962025317,0.6666666666666666,31
XGBoost,rdkit_descriptors_only,repeat_03__fold_01,repeat_05__fold_03,0.675393696553303,0.6666666666666666,31
XGBoost,rdkit_descriptors_only,repeat_03__fold_01,repeat_05__fold_04,0.6641335940313384,0.6666666666666666,31
XGBoost,rdkit_descriptors_only,repeat_03__fold_01,repeat_05__fold_05,0.7671741548455416,0.6666666666666666,31
XGBoost,rdkit_descriptors_only,repeat_03__fold_01,repeat_06__fold_01,0.8510548523206751,0.6666666666666666,31
XGBoost,rdkit_descriptors_only,repeat_03__fold_01,repeat_06__fold_02,0.914830216218472,0.8181818181818182,31
XGBoost,rdkit_descriptors_only,repeat_03__fold_01,repeat_06__fold_03,0.5831884846373575,0.6666666666666666,31
XGBoost,rdkit_descriptors_only,repeat_03__fold_01,repeat_06__fold_04,0.7025316455696202,0.5384615384615384,31
XGBoost,rdkit_descriptors_only,repeat_03__fold_01,repeat_06__fold_05,0.5870449845357677,0.5384615384615384,31
XGBoost,rdkit_descriptors_only,repeat_03__fold_01,repeat_07__fold_01,0.6634962297376423,0.6666666666666666,31
XGBoost,rdkit_descriptors_only,repeat_03__fold_01,repeat_07__fold_02,0.571290861916273,0.5384615384615384,31
XGBoost,rdkit_descriptors_only,repeat_03__fold_01,repeat_07__fold_03,0.6826171585485254,0.5384615384615384,31
XGBoost,rdkit_descriptors_only,repeat_03__fold_01,repeat_07__fold_04,0.4717299578059072,0.42857142857142855,31
XGBoost,rdkit_descriptors_only,repeat_03__fold_01,repeat_07__fold_05,0.5239134494181961,0.5384615384615384,31
XGBoost,rdkit_descriptors_only,repeat_03__fold_01,repeat_08__fold_01,0.7574012356755347,0.6666666666666666,31
XGBoost,rdkit_descriptors_only,repeat_03__fold_01,repeat_08__fold_02,0.4894514767932489,0.42857142857142855,31
XGBoost,rdkit_descriptors_only,repeat_03__fold_01,repeat_08__fold_03,0.6810126582278481,0.5384615384615384,31
XGBoost,rdkit_descriptors_only,repeat_03__fold_01,repeat_08__fold_04,0.5969004842761492,0.5384615384615384,31
XGBoost,rdkit_descriptors_only,repeat_03__fold_01,repeat_08__fold_05,0.8405063291139241,0.6666666666666666,31
XGBoost,rdkit_descriptors_only,repeat_03__fold_01,repeat_09__fold_01,0.5708860759493671,0.5384615384615384,31
XGBoost,rdkit_descriptors_only,repeat_03__fold_01,repeat_09__fold_02,0.6892032562500517,0.5384615384615384,31
XGBoost,rdkit_descriptors_only,repeat_03__fold_01,repeat_09__fold_03,0.6367269294024062,0.6666666666666666,31
XGBoost,rdkit_descriptors_only,repeat_03__fold_01,repeat_09__fold_04,0.8063291139240506,0.6666666666666666,31
XGBoost,rdkit_descriptors_only,repeat_03__fold_01,repeat_09__fold_05,0.6303797468354431,0.5384615384615384,31
XGBoost,rdkit_descriptors_only,repeat_03__fold_01,repeat_10__fold_01,0.7468354430379747,0.6666666666666666,31
XGBoost,rdkit_descriptors_only,repeat_03__fold_01,repeat_10__fold_02,0.7204341066411608,0.5384615384615384,31
XGBoost,rdkit_descriptors_only,repeat_03__fold_01,repeat_10__fold_03,0.693312981736403,0.6666666666666666,31
XGBoost,rdkit_descriptors_only,repeat_03__fold_01,repeat_10__fold_04,0.6540084388185654,0.6666666666666666,31
XGBoost,rdkit_descriptors_only,repeat_03__fold_01,repeat_10__fold_05,0.5945147679324895,0.5384615384615384,31
XGBoost,rdkit_descriptors_only,repeat_03__fold_02,repeat_03__fold_03,0.810970464135021,0.8181818181818182,31
XGBoost,rdkit_descriptors_only,repeat_03__fold_02,repeat_03__fold_04,0.6384265675189291,0.5384615384615384,31
XGBoost,rdkit_descriptors_only,repeat_03__fold_02,repeat_03__fold_05,0.7703609763140222,0.6666666666666666,31
XGBoost,rdkit_descriptors_only,repeat_03__fold_02,repeat_04__fold_01,0.7219409282700422,0.6666666666666666,31
XGBoost,rdkit_descriptors_only,repeat_03__fold_02,repeat_04__fold_02,0.6828296133130908,0.5384615384615384,31
XGBoost,rdkit_descriptors_only,repeat_03__fold_02,repeat_04__fold_03,0.8092401982294845,0.6666666666666666,31
XGBoost,rdkit_descriptors_only,repeat_03__fold_02,repeat_04__fold_04,0.7658227848101267,0.5384615384615384,31
XGBoost,rdkit_descriptors_only,repeat_03__fold_02,repeat_04__fold_05,0.6858039800170059,0.6666666666666666,31
XGBoost,rdkit_descriptors_only,repeat_03__fold_02,repeat_05__fold_01,0.8886075949367089,0.8181818181818182,31
XGBoost,rdkit_descriptors_only,repeat_03__fold_02,repeat_05__fold_02,0.8088607594936709,0.8181818181818182,31
XGBoost,rdkit_descriptors_only,repeat_03__fold_02,repeat_05__fold_03,0.7758848001927217,0.6666666666666666,31
XGBoost,rdkit_descriptors_only,repeat_03__fold_02,repeat_05__fold_04,0.8559802464338654,0.6666666666666666,31
XGBoost,rdkit_descriptors_only,repeat_03__fold_02,repeat_05__fold_05,0.9775043717652555,0.6666666666666666,31
XGBoost,rdkit_descriptors_only,repeat_03__fold_02,repeat_06__fold_01,0.8042194092827004,0.5384615384615384,31
XGBoost,rdkit_descriptors_only,repeat_03__fold_02,repeat_06__fold_02,0.6889908014854864,0.42857142857142855,31
XGBoost,rdkit_descriptors_only,repeat_03__fold_02,repeat_06__fold_03,0.6873139818944316,0.6666666666666666,31
XGBoost,rdkit_descriptors_only,repeat_03__fold_02,repeat_06__fold_04,0.8029535864978903,0.6666666666666666,31
XGBoost,rdkit_descriptors_only,repeat_03__fold_02,repeat_06__fold_05,0.7104529812848925,0.8181818181818182,31
XGBoost,rdkit_descriptors_only,repeat_03__fold_02,repeat_07__fold_01,0.7665367905518455,0.6666666666666666,31
XGBoost,rdkit_descriptors_only,repeat_03__fold_02,repeat_07__fold_02,0.6819797942548294,0.6666666666666666,31
XGBoost,rdkit_descriptors_only,repeat_03__fold_02,repeat_07__fold_03,0.9046323875193345,0.6666666666666666,31
XGBoost,rdkit_descriptors_only,repeat_03__fold_02,repeat_07__fold_04,0.490295358649789,0.42857142857142855,31
XGBoost,rdkit_descriptors_only,repeat_03__fold_02,repeat_07__fold_05,0.7692987024911954,0.6666666666666666,31
XGBoost,rdkit_descriptors_only,repeat_03__fold_02,repeat_08__fold_01,0.8929473754682391,0.8181818181818182,31
XGBoost,rdkit_descriptors_only,repeat_03__fold_02,repeat_08__fold_02,0.5962025316455696,0.6666666666666666,31
XGBoost,rdkit_descriptors_only,repeat_03__fold_02,repeat_08__fold_03,0.8864978902953586,0.8181818181818182,31
XGBoost,rdkit_descriptors_only,repeat_03__fold_02,repeat_08__fold_04,0.6624609825491217,0.5384615384615384,31
XGBoost,rdkit_descriptors_only,repeat_03__fold_02,repeat_08__fold_05,0.7902953586497891,0.6666666666666666,31
XGBoost,rdkit_descriptors_only,repeat_03__fold_02,repeat_09__fold_01,0.6616033755274262,0.6666666666666666,31
XGBoost,rdkit_descriptors_only,repeat_03__fold_02,repeat_09__fold_02,0.648836850982632,0.5384615384615384,31
XGBoost,rdkit_descriptors_only,repeat_03__fold_02,repeat_09__fold_03,0.7195842875828994,0.8181818181818182,31
XGBoost,rdkit_descriptors_only,repeat_03__fold_02,repeat_09__fold_04,0.8940928270042193,0.8181818181818182,31
XGBoost,rdkit_descriptors_only,repeat_03__fold_02,repeat_09__fold_05,0.8523206751054851,0.6666666666666666,31
XGBoost,rdkit_descriptors_only,repeat_03__fold_02,repeat_10__fold_01,0.830379746835443,0.8181818181818182,31
XGBoost,rdkit_descriptors_only,repeat_03__fold_02,repeat_10__fold_02,0.9677314525952486,0.8181818181818182,31
XGBoost,rdkit_descriptors_only,repeat_03__fold_02,repeat_10__fold_03,0.9002784762844145,0.8181818181818182,31
XGBoost,rdkit_descriptors_only,repeat_03__fold_02,repeat_10__fold_04,0.869620253164557,0.6666666666666666,31
XGBoost,rdkit_descriptors_only,repeat_03__fold_02,repeat_10__fold_05,0.7025316455696202,0.6666666666666666,31
XGBoost,rdkit_descriptors_only,repeat_03__fold_03,repeat_03__fold_04,0.712998189881373,0.6666666666666666,31
XGBoost,rdkit_descriptors_only,repeat_03__fold_03,repeat_03__fold_05,0.9095188471043377,0.8181818181818182,31
XGBoost,rdkit_descriptors_only,repeat_03__fold_03,repeat_04__fold_01,0.5936708860759494,0.5384615384615384,31
XGBoost,rdkit_descriptors_only,repeat_03__fold_03,repeat_04__fold_02,0.8154013864018801,0.6666666666666666,31
XGBoost,rdkit_descriptors_only,repeat_03__fold_03,repeat_04__fold_03,0.717034830408115,0.8181818181818182,31
XGBoost,rdkit_descriptors_only,repeat_03__fold_03,repeat_04__fold_04,0.5725738396624472,0.6666666666666666,31
XGBoost,rdkit_descriptors_only,repeat_03__fold_03,repeat_04__fold_05,0.791606452770559,0.8181818181818182,31
XGBoost,rdkit_descriptors_only,repeat_03__fold_03,repeat_05__fold_01,0.7493670886075949,0.8181818181818182,31
XGBoost,rdkit_descriptors_only,repeat_03__fold_03,repeat_05__fold_02,0.9856540084388185,1.0,31
XGBoost,rdkit_descriptors_only,repeat_03__fold_03,repeat_05__fold_03,0.783533171717075,0.6666666666666666,31
XGBoost,rdkit_descriptors_only,repeat_03__fold_03,repeat_05__fold_04,0.7348810306316058,0.8181818181818182,31
XGBoost,rdkit_descriptors_only,repeat_03__fold_03,repeat_05__fold_05,0.814764022108184,0.8181818181818182,31
XGBoost,rdkit_descriptors_only,repeat_03__fold_03,repeat_06__fold_01,0.6282700421940929,0.6666666666666666,31
XGBoost,rdkit_descriptors_only,repeat_03__fold_03,repeat_06__fold_02,0.7438041307433513,0.5384615384615384,31
XGBoost,rdkit_descriptors_only,repeat_03__fold_03,repeat_06__fold_03,0.7935819790950669,0.8181818181818182,31
XGBoost,rdkit_descriptors_only,repeat_03__fold_03,repeat_06__fold_04,0.9822784810126582,0.8181818181818182,31
XGBoost,rdkit_descriptors_only,repeat_03__fold_03,repeat_06__fold_05,0.7280214808220944,0.6666666666666666,31
XGBoost,rdkit_descriptors_only,repeat_03__fold_03,repeat_07__fold_01,0.7616503309668421,0.8181818181818182,31
XGBoost,rdkit_descriptors_only,repeat_03__fold_03,repeat_07__fold_02,0.8742513561864867,0.8181818181818182,31
XGBoost,rdkit_descriptors_only,repeat_03__fold_03,repeat_07__fold_03,0.8986836541115041,0.8181818181818182,31
XGBoost,rdkit_descriptors_only,repeat_03__fold_03,repeat_07__fold_04,0.2683544303797468,0.42857142857142855,31
XGBoost,rdkit_descriptors_only,repeat_03__fold_03,repeat_07__fold_05,0.7557015975590118,0.8181818181818182,31
XGBoost,rdkit_descriptors_only,repeat_03__fold_03,repeat_08__fold_01,0.9080316637523803,1.0,31
XGBoost,rdkit_descriptors_only,repeat_03__fold_03,repeat_08__fold_02,0.7683544303797468,0.6666666666666666,31
XGBoost,rdkit_descriptors_only,repeat_03__fold_03,repeat_08__fold_03,0.7426160337552743,0.8181818181818182,31
XGBoost,rdkit_descriptors_only,repeat_03__fold_03,repeat_08__fold_04,0.7832979793659732,0.6666666666666666,31
XGBoost,rdkit_descriptors_only,repeat_03__fold_03,repeat_08__fold_05,0.5746835443037975,0.6666666666666666,31
XGBoost,rdkit_descriptors_only,repeat_03__fold_03,repeat_09__fold_01,0.8345991561181435,0.8181818181818182,31
XGBoost,rdkit_descriptors_only,repeat_03__fold_03,repeat_09__fold_02,0.4134369718442049,0.42857142857142855,31
XGBoost,rdkit_descriptors_only,repeat_03__fold_03,repeat_09__fold_03,0.8173134792829684,0.8181818181818182,31
XGBoost,rdkit_descriptors_only,repeat_03__fold_03,repeat_09__fold_04,0.8873417721518987,0.8181818181818182,31
XGBoost,rdkit_descriptors_only,repeat_03__fold_03,repeat_09__fold_05,0.7426160337552743,0.6666666666666666,31
XGBoost,rdkit_descriptors_only,repeat_03__fold_03,repeat_10__fold_01,0.9535864978902954,1.0,31
XGBoost,rdkit_descriptors_only,repeat_03__fold_03,repeat_10__fold_02,0.7956430932973009,0.8181818181818182,31
XGBoost,rdkit_descriptors_only,repeat_03__fold_03,repeat_10__fold_03,0.885280976679486,1.0,31
XGBoost,rdkit_descriptors_only,repeat_03__fold_03,repeat_10__fold_04,0.7459915611814346,0.8181818181818182,31
XGBoost,rdkit_descriptors_only,repeat_03__fold_03,repeat_10__fold_05,0.8029535864978903,0.8181818181818182,31
XGBoost,rdkit_descriptors_only,repeat_03__fold_04,repeat_03__fold_05,0.7233632862644416,0.6666666666666666,31
XGBoost,rdkit_descriptors_only,repeat_03__fold_04,repeat_04__fold_01,0.45167882946597104,0.5384615384615384,31
XGBoost,rdkit_descriptors_only,repeat_03__fold_04,repeat_04__fold_02,0.6679503637141633,0.5384615384615384,31
XGBoost,rdkit_descriptors_only,repeat_03__fold_04,repeat_04__fold_03,0.6681643132220795,0.6666666666666666,31
XGBoost,rdkit_descriptors_only,repeat_03__fold_04,repeat_04__fold_04,0.40855051225920147,0.42857142857142855,31
XGBoost,rdkit_descriptors_only,repeat_03__fold_04,repeat_04__fold_05,0.715982028241335,0.6666666666666666,31
XGBoost,rdkit_descriptors_only,repeat_03__fold_04,repeat_05__fold_01,0.721708835228553,0.6666666666666666,31
XGBoost,rdkit_descriptors_only,repeat_03__fold_04,repeat_05__fold_02,0.6996135397137548,0.6666666666666666,31
XGBoost,rdkit_descriptors_only,repeat_03__fold_04,repeat_05__fold_03,0.727535301668806,0.8181818181818182,31
XGBoost,rdkit_descriptors_only,repeat_03__fold_04,repeat_05__fold_04,0.7037869062901153,0.6666666666666666,31
XGBoost,rdkit_descriptors_only,repeat_03__fold_04,repeat_05__fold_05,0.6298673513050919,0.5384615384615384,31
XGBoost,rdkit_descriptors_only,repeat_03__fold_04,repeat_06__fold_01,0.46782539157293906,0.5384615384615384,31
XGBoost,rdkit_descriptors_only,repeat_03__fold_04,repeat_06__fold_02,0.5427899015832263,0.5384615384615384,31
XGBoost,rdkit_descriptors_only,repeat_03__fold_04,repeat_06__fold_03,0.766154414467361,0.8181818181818182,31
XGBoost,rdkit_descriptors_only,repeat_03__fold_04,repeat_06__fold_04,0.7140604637041998,0.5384615384615384,31
XGBoost,rdkit_descriptors_only,repeat_03__fold_04,repeat_06__fold_05,0.7696065323585122,0.6666666666666666,31
XGBoost,rdkit_descriptors_only,repeat_03__fold_04,repeat_07__fold_01,0.725716730851519,0.6666666666666666,31
XGBoost,rdkit_descriptors_only,repeat_03__fold_04,repeat_07__fold_02,0.7943945228925973,0.6666666666666666,31
XGBoost,rdkit_descriptors_only,repeat_03__fold_04,repeat_07__fold_03,0.6833547282841249,0.5384615384615384,31
XGBoost,rdkit_descriptors_only,repeat_03__fold_04,repeat_07__fold_04,0.18865983093404623,0.3333333333333333,31
XGBoost,rdkit_descriptors_only,repeat_03__fold_04,repeat_07__fold_05,0.7281771501925545,0.6666666666666666,31
XGBoost,rdkit_descriptors_only,repeat_03__fold_04,repeat_08__fold_01,0.7271074026529738,0.6666666666666666,31
XGBoost,rdkit_descriptors_only,repeat_03__fold_04,repeat_08__fold_02,0.7102362779420233,0.5384615384615384,31
XGBoost,rdkit_descriptors_only,repeat_03__fold_04,repeat_08__fold_03,0.7472034069763972,0.6666666666666666,31
XGBoost,rdkit_descriptors_only,repeat_03__fold_04,repeat_08__fold_04,0.7894562102326315,0.6666666666666666,31
XGBoost,rdkit_descriptors_only,repeat_03__fold_04,repeat_08__fold_05,0.36988374510830463,0.42857142857142855,31
XGBoost,rdkit_descriptors_only,repeat_03__fold_04,repeat_09__fold_01,0.8219874841034065,0.8181818181818182,31
XGBoost,rdkit_descriptors_only,repeat_03__fold_04,repeat_09__fold_02,0.32327770646127507,0.42857142857142855,31
XGBoost,rdkit_descriptors_only,repeat_03__fold_04,repeat_09__fold_03,0.6259092854086435,0.6666666666666666,31
XGBoost,rdkit_descriptors_only,repeat_03__fold_04,repeat_09__fold_04,0.6161188172395655,0.5384615384615384,31
XGBoost,rdkit_descriptors_only,repeat_03__fold_04,repeat_09__fold_05,0.7268077495781219,0.5384615384615384,31
XGBoost,rdkit_descriptors_only,repeat_03__fold_04,repeat_10__fold_01,0.6685951440872112,0.6666666666666666,31
XGBoost,rdkit_descriptors_only,repeat_03__fold_04,repeat_10__fold_02,0.6136071887034659,0.5384615384615384,31
XGBoost,rdkit_descriptors_only,repeat_03__fold_04,repeat_10__fold_03,0.7286126324010921,0.6666666666666666,31
XGBoost,rdkit_descriptors_only,repeat_03__fold_04,repeat_10__fold_04,0.7127857351168077,0.6666666666666666,31
XGBoost,rdkit_descriptors_only,repeat_03__fold_04,repeat_10__fold_05,0.7372180330418249,0.6666666666666666,31
XGBoost,rdkit_descriptors_only,repeat_03__fold_05,repeat_04__fold_01,0.6137818148293464,0.5384615384615384,31
XGBoost,rdkit_descriptors_only,repeat_03__fold_05,repeat_04__fold_02,0.7802738553701325,0.6666666666666666,31
XGBoost,rdkit_descriptors_only,repeat_03__fold_05,repeat_04__fold_03,0.7179075738125802,0.6666666666666666,31
XGBoost,rdkit_descriptors_only,repeat_03__fold_05,repeat_04__fold_04,0.5659794928021388,0.5384615384615384,31
XGBoost,rdkit_descriptors_only,repeat_03__fold_05,repeat_04__fold_05,0.8290543431750105,0.6666666666666666,31
XGBoost,rdkit_descriptors_only,repeat_03__fold_05,repeat_05__fold_01,0.6779431537280873,0.6666666666666666,31
XGBoost,rdkit_descriptors_only,repeat_03__fold_05,repeat_05__fold_02,0.8825370920045362,0.8181818181818182,31
XGBoost,rdkit_descriptors_only,repeat_03__fold_05,repeat_05__fold_03,0.8570817287120238,0.6666666666666666,31
XGBoost,rdkit_descriptors_only,repeat_03__fold_05,repeat_05__fold_04,0.6420624732563115,0.6666666666666666,31
XGBoost,rdkit_descriptors_only,repeat_03__fold_05,repeat_05__fold_05,0.7688275566966195,0.6666666666666666,31
XGBoost,rdkit_descriptors_only,repeat_03__fold_05,repeat_06__fold_01,0.6131444505356504,0.5384615384615384,31
XGBoost,rdkit_descriptors_only,repeat_03__fold_05,repeat_06__fold_02,0.6903080872913991,0.5384615384615384,31
XGBoost,rdkit_descriptors_only,repeat_03__fold_05,repeat_06__fold_03,0.8660500759425479,0.8181818181818182,31
XGBoost,rdkit_descriptors_only,repeat_03__fold_05,repeat_06__fold_04,0.898046289817808,0.6666666666666666,31
XGBoost,rdkit_descriptors_only,repeat_03__fold_05,repeat_06__fold_05,0.6820090408705514,0.6666666666666666,31
XGBoost,rdkit_descriptors_only,repeat_03__fold_05,repeat_07__fold_01,0.8377192982456139,0.6666666666666666,31
XGBoost,rdkit_descriptors_only,repeat_03__fold_05,repeat_07__fold_02,0.7905434317501069,0.6666666666666666,31
XGBoost,rdkit_descriptors_only,repeat_03__fold_05,repeat_07__fold_03,0.8230637569533589,0.6666666666666666,31
XGBoost,rdkit_descriptors_only,repeat_03__fold_05,repeat_07__fold_04,0.28830111551520354,0.3333333333333333,31
XGBoost,rdkit_descriptors_only,repeat_03__fold_05,repeat_07__fold_05,0.6598202824133503,0.6666666666666666,31
XGBoost,rdkit_descriptors_only,repeat_03__fold_05,repeat_08__fold_01,0.8677792041078304,0.8181818181818182,31
XGBoost,rdkit_descriptors_only,repeat_03__fold_05,repeat_08__fold_02,0.7629250595542344,0.5384615384615384,31
XGBoost,rdkit_descriptors_only,repeat_03__fold_05,repeat_08__fold_03,0.6600969535045965,0.6666666666666666,31
XGBoost,rdkit_descriptors_only,repeat_03__fold_05,repeat_08__fold_04,0.8597931122648363,0.6666666666666666,31
XGBoost,rdkit_descriptors_only,repeat_03__fold_05,repeat_08__fold_05,0.5687414047414886,0.5384615384615384,31
XGBoost,rdkit_descriptors_only,repeat_03__fold_05,repeat_09__fold_01,0.8527934249653848,0.6666666666666666,31
XGBoost,rdkit_descriptors_only,repeat_03__fold_05,repeat_09__fold_02,0.41367137355584077,0.3333333333333333,31
XGBoost,rdkit_descriptors_only,repeat_03__fold_05,repeat_09__fold_03,0.9074668378262729,0.8181818181818182,31
XGBoost,rdkit_descriptors_only,repeat_03__fold_05,repeat_09__fold_04,0.8646908917810453,0.6666666666666666,31
XGBoost,rdkit_descriptors_only,repeat_03__fold_05,repeat_09__fold_05,0.6424632080456709,0.5384615384615384,31
XGBoost,rdkit_descriptors_only,repeat_03__fold_05,repeat_10__fold_01,0.9209914043908677,0.8181818181818182,31
XGBoost,rdkit_descriptors_only,repeat_03__fold_05,repeat_10__fold_02,0.7574882327770646,0.6666666666666666,31
XGBoost,rdkit_descriptors_only,repeat_03__fold_05,repeat_10__fold_03,0.7974392328559184,0.8181818181818182,31
XGBoost,rdkit_descriptors_only,repeat_03__fold_05,repeat_10__fold_04,0.6596720439754657,0.6666666666666666,31
XGBoost,rdkit_descriptors_only,repeat_03__fold_05,repeat_10__fold_05,0.8052035577027424,0.6666666666666666,31
XGBoost,rdkit_descriptors_only,repeat_04__fold_01,repeat_04__fold_02,0.7731228882533719,0.5384615384615384,31
XGBoost,rdkit_descriptors_only,repeat_04__fold_01,repeat_04__fold_03,0.5096789801923164,0.5384615384615384,31
XGBoost,rdkit_descriptors_only,repeat_04__fold_01,repeat_04__fold_04,0.7654008438818566,0.5384615384615384,31
XGBoost,rdkit_descriptors_only,repeat_04__fold_01,repeat_04__fold_05,0.43043335300943436,0.42857142857142855,31
XGBoost,rdkit_descriptors_only,repeat_04__fold_01,repeat_05__fold_01,0.5569620253164557,0.5384615384615384,31
XGBoost,rdkit_descriptors_only,repeat_04__fold_01,repeat_05__fold_02,0.5983122362869199,0.5384615384615384,31
XGBoost,rdkit_descriptors_only,repeat_04__fold_01,repeat_05__fold_03,0.707261911238108,0.6666666666666666,31
XGBoost,rdkit_descriptors_only,repeat_04__fold_01,repeat_05__fold_04,0.5687414047414886,0.5384615384615384,31
XGBoost,rdkit_descriptors_only,repeat_04__fold_01,repeat_05__fold_05,0.6862288895461367,0.5384615384615384,31
XGBoost,rdkit_descriptors_only,repeat_04__fold_01,repeat_06__fold_01,0.7658227848101267,0.5384615384615384,31
XGBoost,rdkit_descriptors_only,repeat_04__fold_01,repeat_06__fold_02,0.8083903791712229,0.6666666666666666,31
XGBoost,rdkit_descriptors_only,repeat_04__fold_01,repeat_06__fold_03,0.4636369877866427,0.5384615384615384,31
XGBoost,rdkit_descriptors_only,repeat_04__fold_01,repeat_06__fold_04,0.6168776371308017,0.42857142857142855,31
XGBoost,rdkit_descriptors_only,repeat_04__fold_01,repeat_06__fold_05,0.6238959835650202,0.6666666666666666,31
XGBoost,rdkit_descriptors_only,repeat_04__fold_01,repeat_07__fold_01,0.5545069355156089,0.5384615384615384,31
XGBoost,rdkit_descriptors_only,repeat_04__fold_01,repeat_07__fold_02,0.4548656509344516,0.42857142857142855,31
XGBoost,rdkit_descriptors_only,repeat_04__fold_01,repeat_07__fold_03,0.5744776833847534,0.42857142857142855,31
XGBoost,rdkit_descriptors_only,repeat_04__fold_01,repeat_07__fold_04,0.5337552742616034,0.42857142857142855,31
XGBoost,rdkit_descriptors_only,repeat_04__fold_01,repeat_07__fold_05,0.40175195979310974,0.42857142857142855,31
XGBoost,rdkit_descriptors_only,repeat_04__fold_01,repeat_08__fold_01,0.6526610367448087,0.5384615384615384,31
XGBoost,rdkit_descriptors_only,repeat_04__fold_01,repeat_08__fold_02,0.5261603375527426,0.42857142857142855,31
XGBoost,rdkit_descriptors_only,repeat_04__fold_01,repeat_08__fold_03,0.5873417721518988,0.5384615384615384,31
XGBoost,rdkit_descriptors_only,repeat_04__fold_01,repeat_08__fold_04,0.43535598853163504,0.42857142857142855,31
XGBoost,rdkit_descriptors_only,repeat_04__fold_01,repeat_08__fold_05,0.7831223628691983,0.6666666666666666,31
XGBoost,rdkit_descriptors_only,repeat_04__fold_01,repeat_09__fold_01,0.4329113924050633,0.42857142857142855,31
XGBoost,rdkit_descriptors_only,repeat_04__fold_01,repeat_09__fold_02,0.7359433044544327,0.6666666666666666,31
XGBoost,rdkit_descriptors_only,repeat_04__fold_01,repeat_09__fold_03,0.6460749390432822,0.6666666666666666,31
XGBoost,rdkit_descriptors_only,repeat_04__fold_01,repeat_09__fold_04,0.7350210970464135,0.6666666666666666,31
XGBoost,rdkit_descriptors_only,repeat_04__fold_01,repeat_09__fold_05,0.5789029535864979,0.5384615384615384,31
XGBoost,rdkit_descriptors_only,repeat_04__fold_01,repeat_10__fold_01,0.6354430379746836,0.5384615384615384,31
XGBoost,rdkit_descriptors_only,repeat_04__fold_01,repeat_10__fold_02,0.6734816036722147,0.5384615384615384,31
XGBoost,rdkit_descriptors_only,repeat_04__fold_01,repeat_10__fold_03,0.594757984332588,0.5384615384615384,31
XGBoost,rdkit_descriptors_only,repeat_04__fold_01,repeat_10__fold_04,0.5603375527426161,0.5384615384615384,31
XGBoost,rdkit_descriptors_only,repeat_04__fold_01,repeat_10__fold_05,0.4308016877637131,0.42857142857142855,31
XGBoost,rdkit_descriptors_only,repeat_04__fold_02,repeat_04__fold_03,0.49839537869062894,0.5384615384615384,31
XGBoost,rdkit_descriptors_only,repeat_04__fold_02,repeat_04__fold_04,0.6739065132013454,0.5384615384615384,31
XGBoost,rdkit_descriptors_only,repeat_04__fold_02,repeat_04__fold_05,0.5885750962772786,0.5384615384615384,31
XGBoost,rdkit_descriptors_only,repeat_04__fold_02,repeat_05__fold_01,0.6063458980695585,0.5384615384615384,31
XGBoost,rdkit_descriptors_only,repeat_04__fold_02,repeat_05__fold_02,0.8088152887003537,0.6666666666666666,31
XGBoost,rdkit_descriptors_only,repeat_04__fold_02,repeat_05__fold_03,0.6930894308943089,0.5384615384615384,31
XGBoost,rdkit_descriptors_only,repeat_04__fold_02,repeat_05__fold_04,0.5899657680787334,0.5384615384615384,31
XGBoost,rdkit_descriptors_only,repeat_04__fold_02,repeat_05__fold_05,0.6699828840393666,0.6666666666666666,31
XGBoost,rdkit_descriptors_only,repeat_04__fold_02,repeat_06__fold_01,0.7268077495781219,0.5384615384615384,31
XGBoost,rdkit_descriptors_only,repeat_04__fold_02,repeat_06__fold_02,0.8260590500641848,0.5384615384615384,31
XGBoost,rdkit_descriptors_only,repeat_04__fold_02,repeat_06__fold_03,0.6231072793527846,0.6666666666666666,31
XGBoost,rdkit_descriptors_only,repeat_04__fold_02,repeat_06__fold_04,0.8211376650451451,0.8181818181818182,31
XGBoost,rdkit_descriptors_only,repeat_04__fold_02,repeat_06__fold_05,0.6725157166698857,0.5384615384615384,31
XGBoost,rdkit_descriptors_only,repeat_04__fold_02,repeat_07__fold_01,0.5882541720154043,0.5384615384615384,31
XGBoost,rdkit_descriptors_only,repeat_04__fold_02,repeat_07__fold_02,0.7133076593923833,0.5384615384615384,31
XGBoost,rdkit_descriptors_only,repeat_04__fold_02,repeat_07__fold_03,0.7816645271715874,0.8181818181818182,31
XGBoost,rdkit_descriptors_only,repeat_04__fold_02,repeat_07__fold_04,0.3768947523389618,0.42857142857142855,31
XGBoost,rdkit_descriptors_only,repeat_04__fold_02,repeat_07__fold_05,0.6141420624732562,0.5384615384615384,31
XGBoost,rdkit_descriptors_only,repeat_04__fold_02,repeat_08__fold_01,0.7787762088147197,0.6666666666666666,31
XGBoost,rdkit_descriptors_only,repeat_04__fold_02,repeat_08__fold_02,0.6227049149410919,0.5384615384615384,31
XGBoost,rdkit_descriptors_only,repeat_04__fold_02,repeat_08__fold_03,0.6231298244702226,0.5384615384615384,31
XGBoost,rdkit_descriptors_only,repeat_04__fold_02,repeat_08__fold_04,0.6274224267167237,0.6666666666666666,31
XGBoost,rdkit_descriptors_only,repeat_04__fold_02,repeat_08__fold_05,0.679430337080045,0.5384615384615384,31
XGBoost,rdkit_descriptors_only,repeat_04__fold_02,repeat_09__fold_01,0.6556354034487237,0.5384615384615384,31
XGBoost,rdkit_descriptors_only,repeat_04__fold_02,repeat_09__fold_02,0.5449293966623877,0.3333333333333333,31
XGBoost,rdkit_descriptors_only,repeat_04__fold_02,repeat_09__fold_03,0.6856011981172442,0.6666666666666666,31
XGBoost,rdkit_descriptors_only,repeat_04__fold_02,repeat_09__fold_04,0.7066245469444119,0.5384615384615384,31
XGBoost,rdkit_descriptors_only,repeat_04__fold_02,repeat_09__fold_05,0.622280005411961,0.5384615384615384,31
XGBoost,rdkit_descriptors_only,repeat_04__fold_02,repeat_10__fold_01,0.749965318915747,0.6666666666666666,31
XGBoost,rdkit_descriptors_only,repeat_04__fold_02,repeat_10__fold_02,0.6573598630723149,0.6666666666666666,31
XGBoost,rdkit_descriptors_only,repeat_04__fold_02,repeat_10__fold_03,0.8006755933788726,0.6666666666666666,31
XGBoost,rdkit_descriptors_only,repeat_04__fold_02,repeat_10__fold_04,0.6139942695939118,0.5384615384615384,31
XGBoost,rdkit_descriptors_only,repeat_04__fold_02,repeat_10__fold_05,0.590411790727156,0.5384615384615384,31
XGBoost,rdkit_descriptors_only,repeat_04__fold_03,repeat_04__fold_04,0.6375767484606675,0.6666666666666666,31
XGBoost,rdkit_descriptors_only,repeat_04__fold_03,repeat_04__fold_05,0.8335472828412495,0.8181818181818182,31
XGBoost,rdkit_descriptors_only,repeat_04__fold_03,repeat_05__fold_01,0.8729766275990947,0.8181818181818182,31
XGBoost,rdkit_descriptors_only,repeat_04__fold_03,repeat_05__fold_02,0.7102362779420233,0.8181818181818182,31
XGBoost,rdkit_descriptors_only,repeat_04__fold_03,repeat_05__fold_03,0.6312580231065468,0.5384615384615384,31
XGBoost,rdkit_descriptors_only,repeat_04__fold_03,repeat_05__fold_04,0.8863928112965339,1.0,31
XGBoost,rdkit_descriptors_only,repeat_04__fold_03,repeat_05__fold_05,0.8495934959349593,0.8181818181818182,31
XGBoost,rdkit_descriptors_only,repeat_04__fold_03,repeat_06__fold_01,0.6586097701526389,0.5384615384615384,31
XGBoost,rdkit_descriptors_only,repeat_04__fold_03,repeat_06__fold_02,0.6389602053915275,0.5384615384615384,31
XGBoost,rdkit_descriptors_only,repeat_04__fold_03,repeat_06__fold_03,0.8442585817546561,0.8181818181818182,31
XGBoost,rdkit_descriptors_only,repeat_04__fold_03,repeat_06__fold_04,0.7064120921798466,0.6666666666666666,31
XGBoost,rdkit_descriptors_only,repeat_04__fold_03,repeat_06__fold_05,0.651587251954782,0.6666666666666666,31
XGBoost,rdkit_descriptors_only,repeat_04__fold_03,repeat_07__fold_01,0.9013692768506631,1.0,31
XGBoost,rdkit_descriptors_only,repeat_04__fold_03,repeat_07__fold_02,0.7558836114676936,0.8181818181818182,31
XGBoost,rdkit_descriptors_only,repeat_04__fold_03,repeat_07__fold_03,0.7195121951219511,0.6666666666666666,31
XGBoost,rdkit_descriptors_only,repeat_04__fold_03,repeat_07__fold_04,0.38879221915462236,0.5384615384615384,31
XGBoost,rdkit_descriptors_only,repeat_04__fold_03,repeat_07__fold_05,0.759841677364142,0.8181818181818182,31
XGBoost,rdkit_descriptors_only,repeat_04__fold_03,repeat_08__fold_01,0.7098844672657252,0.8181818181818182,31
XGBoost,rdkit_descriptors_only,repeat_04__fold_03,repeat_08__fold_02,0.6885658919563558,0.6666666666666666,31
XGBoost,rdkit_descriptors_only,repeat_04__fold_03,repeat_08__fold_03,0.878925361006925,0.8181818181818182,31
XGBoost,rdkit_descriptors_only,repeat_04__fold_03,repeat_08__fold_04,0.8373543459723538,0.6666666666666666,31
XGBoost,rdkit_descriptors_only,repeat_04__fold_03,repeat_08__fold_05,0.6190931839434806,0.6666666666666666,31
XGBoost,rdkit_descriptors_only,repeat_04__fold_03,repeat_09__fold_01,0.7862950836564246,0.8181818181818182,31
XGBoost,rdkit_descriptors_only,repeat_04__fold_03,repeat_09__fold_02,0.5273855370132648,0.5384615384615384,31
XGBoost,rdkit_descriptors_only,repeat_04__fold_03,repeat_09__fold_03,0.6644201968335472,0.6666666666666666,31
XGBoost,rdkit_descriptors_only,repeat_04__fold_03,repeat_09__fold_04,0.8037163743507848,0.8181818181818182,31
XGBoost,rdkit_descriptors_only,repeat_04__fold_03,repeat_09__fold_05,0.854068153552777,0.8181818181818182,31
XGBoost,rdkit_descriptors_only,repeat_04__fold_03,repeat_10__fold_01,0.7265952948135564,0.8181818181818182,31
XGBoost,rdkit_descriptors_only,repeat_04__fold_03,repeat_10__fold_02,0.7918271287976036,0.6666666666666666,31
XGBoost,rdkit_descriptors_only,repeat_04__fold_03,repeat_10__fold_03,0.7180405213594417,0.8181818181818182,31
XGBoost,rdkit_descriptors_only,repeat_04__fold_03,repeat_10__fold_04,0.8604417964897381,1.0,31
XGBoost,rdkit_descriptors_only,repeat_04__fold_03,repeat_10__fold_05,0.8646908917810453,0.8181818181818182,31
XGBoost,rdkit_descriptors_only,repeat_04__fold_04,repeat_04__fold_05,0.4036640526741981,0.5384615384615384,31
XGBoost,rdkit_descriptors_only,repeat_04__fold_04,repeat_05__fold_01,0.6691983122362869,0.5384615384615384,31
XGBoost,rdkit_descriptors_only,repeat_04__fold_04,repeat_05__fold_02,0.6088607594936709,0.6666666666666666,31
XGBoost,rdkit_descriptors_only,repeat_04__fold_04,repeat_05__fold_03,0.5186020803040617,0.42857142857142855,31
XGBoost,rdkit_descriptors_only,repeat_04__fold_04,repeat_05__fold_04,0.6902655300728786,0.6666666666666666,31
XGBoost,rdkit_descriptors_only,repeat_04__fold_04,repeat_05__fold_05,0.7705734310785876,0.6666666666666666,31
XGBoost,rdkit_descriptors_only,repeat_04__fold_04,repeat_06__fold_01,0.9510548523206751,0.5384615384615384,31
XGBoost,rdkit_descriptors_only,repeat_04__fold_04,repeat_06__fold_02,0.8011669171760004,0.8181818181818182,31
XGBoost,rdkit_descriptors_only,repeat_04__fold_04,repeat_06__fold_03,0.4542099880349736,0.5384615384615384,31
XGBoost,rdkit_descriptors_only,repeat_04__fold_04,repeat_06__fold_04,0.5856540084388185,0.5384615384615384,31
XGBoost,rdkit_descriptors_only,repeat_04__fold_04,repeat_06__fold_05,0.4533529880575491,0.42857142857142855,31
XGBoost,rdkit_descriptors_only,repeat_04__fold_04,repeat_07__fold_01,0.5749025929138841,0.6666666666666666,31
XGBoost,rdkit_descriptors_only,repeat_04__fold_04,repeat_07__fold_02,0.4644261153398931,0.5384615384615384,31
XGBoost,rdkit_descriptors_only,repeat_04__fold_04,repeat_07__fold_03,0.6853790704878752,0.5384615384615384,31
XGBoost,rdkit_descriptors_only,repeat_04__fold_04,repeat_07__fold_04,0.4578059071729958,0.42857142857142855,31
XGBoost,rdkit_descriptors_only,repeat_04__fold_04,repeat_07__fold_05,0.615268998181304,0.5384615384615384,31
XGBoost,rdkit_descriptors_only,repeat_04__fold_04,repeat_08__fold_01,0.6299283769363143,0.6666666666666666,31
XGBoost,rdkit_descriptors_only,repeat_04__fold_04,repeat_08__fold_02,0.37130801687763715,0.42857142857142855,31
XGBoost,rdkit_descriptors_only,repeat_04__fold_04,repeat_08__fold_03,0.6936708860759494,0.5384615384615384,31
XGBoost,rdkit_descriptors_only,repeat_04__fold_04,repeat_08__fold_04,0.4833479872674058,0.5384615384615384,31
XGBoost,rdkit_descriptors_only,repeat_04__fold_04,repeat_08__fold_05,0.9447257383966243,0.6666666666666666,31
XGBoost,rdkit_descriptors_only,repeat_04__fold_04,repeat_09__fold_01,0.46540084388185654,0.5384615384615384,31
XGBoost,rdkit_descriptors_only,repeat_04__fold_04,repeat_09__fold_02,0.778434257367506,0.42857142857142855,31
XGBoost,rdkit_descriptors_only,repeat_04__fold_04,repeat_09__fold_03,0.5268878161221111,0.5384615384615384,31
XGBoost,rdkit_descriptors_only,repeat_04__fold_04,repeat_09__fold_04,0.6873417721518987,0.6666666666666666,31
XGBoost,rdkit_descriptors_only,repeat_04__fold_04,repeat_09__fold_05,0.6447257383966245,0.5384615384615384,31
XGBoost,rdkit_descriptors_only,repeat_04__fold_04,repeat_10__fold_01,0.6160337552742616,0.6666666666666666,31
XGBoost,rdkit_descriptors_only,repeat_04__fold_04,repeat_10__fold_02,0.7178846494663764,0.5384615384615384,31
XGBoost,rdkit_descriptors_only,repeat_04__fold_04,repeat_10__fold_03,0.6736019822556399,0.6666666666666666,31
XGBoost,rdkit_descriptors_only,repeat_04__fold_04,repeat_10__fold_04,0.6755274261603376,0.6666666666666666,31
XGBoost,rdkit_descriptors_only,repeat_04__fold_04,repeat_10__fold_05,0.5244725738396625,0.6666666666666666,31
XGBoost,rdkit_descriptors_only,repeat_04__fold_05,repeat_05__fold_01,0.7308443901048639,0.8181818181818182,31
XGBoost,rdkit_descriptors_only,repeat_04__fold_05,repeat_05__fold_02,0.7574012356755347,0.8181818181818182,31
XGBoost,rdkit_descriptors_only,repeat_04__fold_05,repeat_05__fold_03,0.7200470688917415,0.5384615384615384,31
XGBoost,rdkit_descriptors_only,repeat_04__fold_05,repeat_05__fold_04,0.6846384253316218,0.8181818181818182,31
XGBoost,rdkit_descriptors_only,repeat_04__fold_05,repeat_05__fold_05,0.6904150620453572,0.6666666666666666,31
XGBoost,rdkit_descriptors_only,repeat_04__fold_05,repeat_06__fold_01,0.49225768949795634,0.5384615384615384,31
XGBoost,rdkit_descriptors_only,repeat_04__fold_05,repeat_06__fold_02,0.5019255455712451,0.42857142857142855,31
XGBoost,rdkit_descriptors_only,repeat_04__fold_05,repeat_06__fold_03,0.9568839279534628,0.8181818181818182,31
XGBoost,rdkit_descriptors_only,repeat_04__fold_05,repeat_06__fold_04,0.7701485215494568,0.6666666666666666,31
XGBoost,rdkit_descriptors_only,repeat_04__fold_05,repeat_06__fold_05,0.7081156824223821,0.6666666666666666,31
XGBoost,rdkit_descriptors_only,repeat_04__fold_05,repeat_07__fold_01,0.8429610611895593,0.8181818181818182,31
XGBoost,rdkit_descriptors_only,repeat_04__fold_05,repeat_07__fold_02,0.8047710740265296,0.8181818181818182,31
XGBoost,rdkit_descriptors_only,repeat_04__fold_05,repeat_07__fold_03,0.6831407787762088,0.6666666666666666,31
XGBoost,rdkit_descriptors_only,repeat_04__fold_05,repeat_07__fold_04,0.28065274399085033,0.42857142857142855,31
XGBoost,rdkit_descriptors_only,repeat_04__fold_05,repeat_07__fold_05,0.7229353872486092,0.8181818181818182,31
XGBoost,rdkit_descriptors_only,repeat_04__fold_05,repeat_08__fold_01,0.7705391527599486,0.8181818181818182,31
XGBoost,rdkit_descriptors_only,repeat_04__fold_05,repeat_08__fold_02,0.7729104334888066,0.6666666666666666,31
XGBoost,rdkit_descriptors_only,repeat_04__fold_05,repeat_08__fold_03,0.721708835228553,0.8181818181818182,31
XGBoost,rdkit_descriptors_only,repeat_04__fold_05,repeat_08__fold_04,0.8997082253812716,0.6666666666666666,31
XGBoost,rdkit_descriptors_only,repeat_04__fold_05,repeat_08__fold_05,0.41641133854812007,0.5384615384615384,31
XGBoost,rdkit_descriptors_only,repeat_04__fold_05,repeat_09__fold_01,0.8430205057953777,0.8181818181818182,31
XGBoost,rdkit_descriptors_only,repeat_04__fold_05,repeat_09__fold_02,0.3050919982884039,0.42857142857142855,31
XGBoost,rdkit_descriptors_only,repeat_04__fold_05,repeat_09__fold_03,0.7676508344030808,0.6666666666666666,31
XGBoost,rdkit_descriptors_only,repeat_04__fold_05,repeat_09__fold_04,0.7503902284448777,0.6666666666666666,31
XGBoost,rdkit_descriptors_only,repeat_04__fold_05,repeat_09__fold_05,0.7015256325948431,0.6666666666666666,31
XGBoost,rdkit_descriptors_only,repeat_04__fold_05,repeat_10__fold_01,0.7865075384209901,0.8181818181818182,31
XGBoost,rdkit_descriptors_only,repeat_04__fold_05,repeat_10__fold_02,0.6792896876337183,0.6666666666666666,31
XGBoost,rdkit_descriptors_only,repeat_04__fold_05,repeat_10__fold_03,0.6779096508748094,0.8181818181818182,31
XGBoost,rdkit_descriptors_only,repeat_04__fold_05,repeat_10__fold_04,0.7068370017089773,0.8181818181818182,31
XGBoost,rdkit_descriptors_only,repeat_04__fold_05,repeat_10__fold_05,0.9103686661625993,0.8181818181818182,31
XGBoost,rdkit_descriptors_only,repeat_05__fold_01,repeat_05__fold_02,0.7438818565400843,0.8181818181818182,31
XGBoost,rdkit_descriptors_only,repeat_05__fold_01,repeat_05__fold_03,0.6539357653322009,0.5384615384615384,31
XGBoost,rdkit_descriptors_only,repeat_05__fold_01,repeat_05__fold_04,0.9698560002409021,0.8181818181818182,31
XGBoost,rdkit_descriptors_only,repeat_05__fold_01,repeat_05__fold_05,0.8861488230021475,0.6666666666666666,31
XGBoost,rdkit_descriptors_only,repeat_05__fold_01,repeat_06__fold_01,0.6759493670886075,0.5384615384615384,31
XGBoost,rdkit_descriptors_only,repeat_05__fold_01,repeat_06__fold_02,0.6118697219482582,0.42857142857142855,31
XGBoost,rdkit_descriptors_only,repeat_05__fold_01,repeat_06__fold_03,0.7485894802802819,0.8181818181818182,31
XGBoost,rdkit_descriptors_only,repeat_05__fold_01,repeat_06__fold_04,0.7362869198312236,0.6666666666666666,31
XGBoost,rdkit_descriptors_only,repeat_05__fold_01,repeat_06__fold_05,0.781155479422412,0.8181818181818182,31
XGBoost,rdkit_descriptors_only,repeat_05__fold_01,repeat_07__fold_01,0.837921591445809,0.8181818181818182,31
XGBoost,rdkit_descriptors_only,repeat_05__fold_01,repeat_07__fold_02,0.8028665552925234,0.8181818181818182,31
XGBoost,rdkit_descriptors_only,repeat_05__fold_01,repeat_07__fold_03,0.8215625745742757,0.6666666666666666,31
XGBoost,rdkit_descriptors_only,repeat_05__fold_01,repeat_07__fold_04,0.42025316455696204,0.42857142857142855,31
XGBoost,rdkit_descriptors_only,repeat_05__fold_01,repeat_07__fold_05,0.8740389014219214,0.8181818181818182,31
XGBoost,rdkit_descriptors_only,repeat_05__fold_01,repeat_08__fold_01,0.7756723454281563,0.8181818181818182,31
XGBoost,rdkit_descriptors_only,repeat_05__fold_01,repeat_08__fold_02,0.6852320675105485,0.6666666666666666,31
XGBoost,rdkit_descriptors_only,repeat_05__fold_01,repeat_08__fold_03,0.9864978902953587,1.0,31
XGBoost,rdkit_descriptors_only,repeat_05__fold_01,repeat_08__fold_04,0.7425904804383104,0.6666666666666666,31
XGBoost,rdkit_descriptors_only,repeat_05__fold_01,repeat_08__fold_05,0.6527426160337553,0.5384615384615384,31
XGBoost,rdkit_descriptors_only,repeat_05__fold_01,repeat_09__fold_01,0.781012658227848,0.8181818181818182,31
XGBoost,rdkit_descriptors_only,repeat_05__fold_01,repeat_09__fold_02,0.5613054879817007,0.5384615384615384,31
XGBoost,rdkit_descriptors_only,repeat_05__fold_01,repeat_09__fold_03,0.5955107050767248,0.6666666666666666,31
XGBoost,rdkit_descriptors_only,repeat_05__fold_01,repeat_09__fold_04,0.7805907172995781,0.6666666666666666,31
XGBoost,rdkit_descriptors_only,repeat_05__fold_01,repeat_09__fold_05,0.9578059071729959,0.6666666666666666,31
XGBoost,rdkit_descriptors_only,repeat_05__fold_01,repeat_10__fold_01,0.7270042194092827,0.8181818181818182,31
XGBoost,rdkit_descriptors_only,repeat_05__fold_01,repeat_10__fold_02,0.8704271704243102,0.8181818181818182,31
XGBoost,rdkit_descriptors_only,repeat_05__fold_01,repeat_10__fold_03,0.8248624782710605,0.8181818181818182,31
XGBoost,rdkit_descriptors_only,repeat_05__fold_01,repeat_10__fold_04,0.9919831223628692,0.8181818181818182,31
XGBoost,rdkit_descriptors_only,repeat_05__fold_01,repeat_10__fold_05,0.789873417721519,0.8181818181818182,31
XGBoost,rdkit_descriptors_only,repeat_05__fold_02,repeat_05__fold_03,0.7678115191392378,0.6666666666666666,31
XGBoost,rdkit_descriptors_only,repeat_05__fold_02,repeat_05__fold_04,0.7520898665614005,0.8181818181818182,31
XGBoost,rdkit_descriptors_only,repeat_05__fold_02,repeat_05__fold_05,0.8103024720523112,0.8181818181818182,31
XGBoost,rdkit_descriptors_only,repeat_05__fold_02,repeat_06__fold_01,0.6434599156118145,0.6666666666666666,31
XGBoost,rdkit_descriptors_only,repeat_05__fold_02,repeat_06__fold_02,0.7682364286683685,0.5384615384615384,31
XGBoost,rdkit_descriptors_only,repeat_05__fold_02,repeat_06__fold_03,0.7665864798061959,0.8181818181818182,31
XGBoost,rdkit_descriptors_only,repeat_05__fold_02,repeat_06__fold_04,0.9662447257383965,0.8181818181818182,31
XGBoost,rdkit_descriptors_only,repeat_05__fold_02,repeat_06__fold_05,0.7267359808559576,0.6666666666666666,31
XGBoost,rdkit_descriptors_only,repeat_05__fold_02,repeat_07__fold_01,0.7387052163937824,0.8181818181818182,31
XGBoost,rdkit_descriptors_only,repeat_05__fold_02,repeat_07__fold_02,0.8608667060188687,0.8181818181818182,31
XGBoost,rdkit_descriptors_only,repeat_05__fold_02,repeat_07__fold_03,0.9046323875193345,0.8181818181818182,31
XGBoost,rdkit_descriptors_only,repeat_05__fold_02,repeat_07__fold_04,0.27721518987341776,0.42857142857142855,31
XGBoost,rdkit_descriptors_only,repeat_05__fold_02,repeat_07__fold_05,0.746566042682701,0.8181818181818182,31
XGBoost,rdkit_descriptors_only,repeat_05__fold_02,repeat_08__fold_01,0.8804125443588825,1.0,31
XGBoost,rdkit_descriptors_only,repeat_05__fold_02,repeat_08__fold_02,0.759493670886076,0.6666666666666666,31
XGBoost,rdkit_descriptors_only,repeat_05__fold_02,repeat_08__fold_03,0.7455696202531645,0.8181818181818182,31
XGBoost,rdkit_descriptors_only,repeat_05__fold_02,repeat_08__fold_04,0.7524459801786919,0.6666666666666666,31
XGBoost,rdkit_descriptors_only,repeat_05__fold_02,repeat_08__fold_05,0.5843881856540084,0.6666666666666666,31
XGBoost,rdkit_descriptors_only,repeat_05__fold_02,repeat_09__fold_01,0.8286919831223629,0.8181818181818182,31
XGBoost,rdkit_descriptors_only,repeat_05__fold_02,repeat_09__fold_02,0.4374443602400914,0.42857142857142855,31
XGBoost,rdkit_descriptors_only,repeat_05__fold_02,repeat_09__fold_03,0.8066907410547,0.8181818181818182,31
XGBoost,rdkit_descriptors_only,repeat_05__fold_02,repeat_09__fold_04,0.8658227848101266,0.8181818181818182,31
XGBoost,rdkit_descriptors_only,repeat_05__fold_02,repeat_09__fold_05,0.7392405063291139,0.6666666666666666,31
XGBoost,rdkit_descriptors_only,repeat_05__fold_02,repeat_10__fold_01,0.9329113924050633,1.0,31
XGBoost,rdkit_descriptors_only,repeat_05__fold_02,repeat_10__fold_02,0.7788591668966369,0.8181818181818182,31
XGBoost,rdkit_descriptors_only,repeat_05__fold_02,repeat_10__fold_03,0.8891374765778963,1.0,31
XGBoost,rdkit_descriptors_only,repeat_05__fold_02,repeat_10__fold_04,0.7552742616033755,0.8181818181818182,31
XGBoost,rdkit_descriptors_only,repeat_05__fold_02,repeat_10__fold_05,0.781012658227848,0.8181818181818182,31
XGBoost,rdkit_descriptors_only,repeat_05__fold_03,repeat_05__fold_04,0.6291185280273855,0.5384615384615384,31
XGBoost,rdkit_descriptors_only,repeat_05__fold_03,repeat_05__fold_05,0.7413350449293966,0.5384615384615384,31
XGBoost,rdkit_descriptors_only,repeat_05__fold_03,repeat_06__fold_01,0.5678915856832271,0.5384615384615384,31
XGBoost,rdkit_descriptors_only,repeat_05__fold_03,repeat_06__fold_02,0.5784124946512622,0.5384615384615384,31
XGBoost,rdkit_descriptors_only,repeat_05__fold_03,repeat_06__fold_03,0.7801786434001625,0.6666666666666666,31
XGBoost,rdkit_descriptors_only,repeat_05__fold_03,repeat_06__fold_04,0.791606452770559,0.5384615384615384,31
XGBoost,rdkit_descriptors_only,repeat_05__fold_03,repeat_06__fold_05,0.8000283212742817,0.6666666666666666,31
XGBoost,rdkit_descriptors_only,repeat_05__fold_03,repeat_07__fold_01,0.6881685922122378,0.5384615384615384,31
XGBoost,rdkit_descriptors_only,repeat_05__fold_03,repeat_07__fold_02,0.6414206247325631,0.5384615384615384,31
XGBoost,rdkit_descriptors_only,repeat_05__fold_03,repeat_07__fold_03,0.7294608472400512,0.5384615384615384,31
XGBoost,rdkit_descriptors_only,repeat_05__fold_03,repeat_07__fold_04,0.3722207475185237,0.3333333333333333,31
XGBoost,rdkit_descriptors_only,repeat_05__fold_03,repeat_07__fold_05,0.6344672657252887,0.5384615384615384,31
XGBoost,rdkit_descriptors_only,repeat_05__fold_03,repeat_08__fold_01,0.8132220795892169,0.6666666666666666,31
XGBoost,rdkit_descriptors_only,repeat_05__fold_03,repeat_08__fold_02,0.7797089859548983,0.5384615384615384,31
XGBoost,rdkit_descriptors_only,repeat_05__fold_03,repeat_08__fold_03,0.6543606748613315,0.5384615384615384,31
XGBoost,rdkit_descriptors_only,repeat_05__fold_03,repeat_08__fold_04,0.7394005008109394,0.5384615384615384,31
XGBoost,rdkit_descriptors_only,repeat_05__fold_03,repeat_08__fold_05,0.5245508137118922,0.5384615384615384,31
XGBoost,rdkit_descriptors_only,repeat_05__fold_03,repeat_09__fold_01,0.763349969083365,0.6666666666666666,31
XGBoost,rdkit_descriptors_only,repeat_05__fold_03,repeat_09__fold_02,0.5195763799743259,0.42857142857142855,31
XGBoost,rdkit_descriptors_only,repeat_05__fold_03,repeat_09__fold_03,0.9026529738981599,0.8181818181818182,31
XGBoost,rdkit_descriptors_only,repeat_05__fold_03,repeat_09__fold_04,0.7641997881416265,0.6666666666666666,31
XGBoost,rdkit_descriptors_only,repeat_05__fold_03,repeat_09__fold_05,0.6331151984047948,0.5384615384615384,31
XGBoost,rdkit_descriptors_only,repeat_05__fold_03,repeat_10__fold_01,0.7992548242949121,0.6666666666666666,31
XGBoost,rdkit_descriptors_only,repeat_05__fold_03,repeat_10__fold_02,0.7685066324347454,0.5384615384615384,31
XGBoost,rdkit_descriptors_only,repeat_05__fold_03,repeat_10__fold_03,0.75773987710768,0.6666666666666666,31
XGBoost,rdkit_descriptors_only,repeat_05__fold_03,repeat_10__fold_04,0.6360895651087101,0.5384615384615384,31
XGBoost,rdkit_descriptors_only,repeat_05__fold_03,repeat_10__fold_05,0.6849541609587445,0.5384615384615384,31
XGBoost,rdkit_descriptors_only,repeat_05__fold_04,repeat_05__fold_05,0.8764441591784339,0.8181818181818182,31
XGBoost,rdkit_descriptors_only,repeat_05__fold_04,repeat_06__fold_01,0.6677453250289497,0.5384615384615384,31
XGBoost,rdkit_descriptors_only,repeat_05__fold_04,repeat_06__fold_02,0.6730851519041505,0.5384615384615384,31
XGBoost,rdkit_descriptors_only,repeat_05__fold_04,repeat_06__fold_03,0.7193350655686233,0.8181818181818182,31
XGBoost,rdkit_descriptors_only,repeat_05__fold_04,repeat_06__fold_04,0.7168223756435496,0.6666666666666666,31
XGBoost,rdkit_descriptors_only,repeat_05__fold_04,repeat_06__fold_05,0.7737059223542542,0.6666666666666666,31
XGBoost,rdkit_descriptors_only,repeat_05__fold_04,repeat_07__fold_01,0.8221009841677364,1.0,31
XGBoost,rdkit_descriptors_only,repeat_05__fold_04,repeat_07__fold_02,0.7932178005990584,0.8181818181818182,31
XGBoost,rdkit_descriptors_only,repeat_05__fold_04,repeat_07__fold_03,0.7903294822421907,0.6666666666666666,31
XGBoost,rdkit_descriptors_only,repeat_05__fold_04,repeat_07__fold_04,0.4060010550844171,0.5384615384615384,31
XGBoost,rdkit_descriptors_only,repeat_05__fold_04,repeat_07__fold_05,0.8565468549422335,0.8181818181818182,31
XGBoost,rdkit_descriptors_only,repeat_05__fold_04,repeat_08__fold_01,0.7247539580658964,0.8181818181818182,31
XGBoost,rdkit_descriptors_only,repeat_05__fold_04,repeat_08__fold_02,0.6811299751965678,0.6666666666666666,31
XGBoost,rdkit_descriptors_only,repeat_05__fold_04,repeat_08__fold_03,0.974317550296775,0.8181818181818182,31
XGBoost,rdkit_descriptors_only,repeat_05__fold_04,repeat_08__fold_04,0.7230029408279715,0.6666666666666666,31
XGBoost,rdkit_descriptors_only,repeat_05__fold_04,repeat_08__fold_05,0.6537233105676354,0.6666666666666666,31
XGBoost,rdkit_descriptors_only,repeat_05__fold_04,repeat_09__fold_01,0.7735477977825026,0.8181818181818182,31
XGBoost,rdkit_descriptors_only,repeat_05__fold_04,repeat_09__fold_02,0.5921052631578947,0.5384615384615384,31
XGBoost,rdkit_descriptors_only,repeat_05__fold_04,repeat_09__fold_03,0.5692126658108686,0.6666666666666666,31
XGBoost,rdkit_descriptors_only,repeat_05__fold_04,repeat_09__fold_04,0.7591008737920577,0.8181818181818182,31
XGBoost,rdkit_descriptors_only,repeat_05__fold_04,repeat_09__fold_05,0.9541343476630648,0.8181818181818182,31
XGBoost,rdkit_descriptors_only,repeat_05__fold_04,repeat_10__fold_01,0.6926025324830978,0.8181818181818182,31
XGBoost,rdkit_descriptors_only,repeat_05__fold_04,repeat_10__fold_02,0.8334403080872913,0.6666666666666666,31
XGBoost,rdkit_descriptors_only,repeat_05__fold_04,repeat_10__fold_03,0.8121107338933109,0.8181818181818182,31
XGBoost,rdkit_descriptors_only,repeat_05__fold_04,repeat_10__fold_04,0.9809036479983013,1.0,31
XGBoost,rdkit_descriptors_only,repeat_05__fold_04,repeat_10__fold_05,0.7567638713818386,0.8181818181818182,31
XGBoost,rdkit_descriptors_only,repeat_05__fold_05,repeat_06__fold_01,0.8039288291153502,0.5384615384615384,31
XGBoost,rdkit_descriptors_only,repeat_05__fold_05,repeat_06__fold_02,0.7265725288831836,0.5384615384615384,31
XGBoost,rdkit_descriptors_only,repeat_05__fold_05,repeat_06__fold_03,0.7081156824223821,0.6666666666666666,31
XGBoost,rdkit_descriptors_only,repeat_05__fold_05,repeat_06__fold_04,0.8113647458751382,0.8181818181818182,31
XGBoost,rdkit_descriptors_only,repeat_05__fold_05,repeat_06__fold_05,0.6643169366784016,0.5384615384615384,31
XGBoost,rdkit_descriptors_only,repeat_05__fold_05,repeat_07__fold_01,0.7959991442019683,0.8181818181818182,31
XGBoost,rdkit_descriptors_only,repeat_05__fold_05,repeat_07__fold_02,0.6989730423620024,0.6666666666666666,31
XGBoost,rdkit_descriptors_only,repeat_05__fold_05,repeat_07__fold_03,0.8955926401369275,0.8181818181818182,31
XGBoost,rdkit_descriptors_only,repeat_05__fold_05,repeat_07__fold_04,0.457415108109236,0.5384615384615384,31
XGBoost,rdkit_descriptors_only,repeat_05__fold_05,repeat_07__fold_05,0.7834830979888745,0.6666666666666666,31
XGBoost,rdkit_descriptors_only,repeat_05__fold_05,repeat_08__fold_01,0.8688489516474113,0.8181818181818182,31
XGBoost,rdkit_descriptors_only,repeat_05__fold_05,repeat_08__fold_02,0.5761773215012764,0.5384615384615384,31
XGBoost,rdkit_descriptors_only,repeat_05__fold_05,repeat_08__fold_03,0.8861488230021474,0.6666666666666666,31
XGBoost,rdkit_descriptors_only,repeat_05__fold_05,repeat_08__fold_04,0.7031532629538523,0.6666666666666666,31
XGBoost,rdkit_descriptors_only,repeat_05__fold_05,repeat_08__fold_05,0.7822584431296828,0.6666666666666666,31
XGBoost,rdkit_descriptors_only,repeat_05__fold_05,repeat_09__fold_01,0.6730566941430839,0.6666666666666666,31
XGBoost,rdkit_descriptors_only,repeat_05__fold_05,repeat_09__fold_02,0.6332905434317501,0.42857142857142855,31
XGBoost,rdkit_descriptors_only,repeat_05__fold_05,repeat_09__fold_03,0.6863500213949508,0.6666666666666666,31
XGBoost,rdkit_descriptors_only,repeat_05__fold_05,repeat_09__fold_04,0.8948594683493275,0.8181818181818182,31
XGBoost,rdkit_descriptors_only,repeat_05__fold_05,repeat_09__fold_05,0.8498190582614696,0.6666666666666666,31
XGBoost,rdkit_descriptors_only,repeat_05__fold_05,repeat_10__fold_01,0.8258116698655831,0.8181818181818182,31
XGBoost,rdkit_descriptors_only,repeat_05__fold_05,repeat_10__fold_02,0.9747539580658963,0.8181818181818182,31
XGBoost,rdkit_descriptors_only,repeat_05__fold_05,repeat_10__fold_03,0.897550651699302,0.8181818181818182,31
XGBoost,rdkit_descriptors_only,repeat_05__fold_05,repeat_10__fold_04,0.8695773513660487,0.8181818181818182,31
XGBoost,rdkit_descriptors_only,repeat_05__fold_05,repeat_10__fold_05,0.7278700234009488,0.6666666666666666,31
XGBoost,rdkit_descriptors_only,repeat_06__fold_01,repeat_06__fold_02,0.7905441789477321,0.5384615384615384,31
XGBoost,rdkit_descriptors_only,repeat_06__fold_01,repeat_06__fold_03,0.5099149865675645,0.5384615384615384,31
XGBoost,rdkit_descriptors_only,repeat_06__fold_01,repeat_06__fold_04,0.6270042194092827,0.5384615384615384,31
XGBoost,rdkit_descriptors_only,repeat_06__fold_01,repeat_06__fold_05,0.48506198722225474,0.42857142857142855,31
XGBoost,rdkit_descriptors_only,repeat_06__fold_01,repeat_07__fold_01,0.594448431253898,0.5384615384615384,31
XGBoost,rdkit_descriptors_only,repeat_06__fold_01,repeat_07__fold_02,0.4969316943183944,0.5384615384615384,31
XGBoost,rdkit_descriptors_only,repeat_06__fold_01,repeat_07__fold_03,0.717034830408115,0.5384615384615384,31
XGBoost,rdkit_descriptors_only,repeat_06__fold_01,repeat_07__fold_04,0.5210970464135022,0.3333333333333333,31
XGBoost,rdkit_descriptors_only,repeat_06__fold_01,repeat_07__fold_05,0.663283774973077,0.6666666666666666,31
XGBoost,rdkit_descriptors_only,repeat_06__fold_01,repeat_08__fold_01,0.6947270801287514,0.6666666666666666,31
XGBoost,rdkit_descriptors_only,repeat_06__fold_01,repeat_08__fold_02,0.41729957805907175,0.5384615384615384,31
XGBoost,rdkit_descriptors_only,repeat_06__fold_01,repeat_08__fold_03,0.7046413502109704,0.5384615384615384,31
XGBoost,rdkit_descriptors_only,repeat_06__fold_01,repeat_08__fold_04,0.5022019867707442,0.42857142857142855,31
XGBoost,rdkit_descriptors_only,repeat_06__fold_01,repeat_08__fold_05,0.9628691983122363,0.6666666666666666,31
XGBoost,rdkit_descriptors_only,repeat_06__fold_01,repeat_09__fold_01,0.4827004219409283,0.5384615384615384,31
XGBoost,rdkit_descriptors_only,repeat_06__fold_01,repeat_09__fold_02,0.7716357049014144,0.5384615384615384,31
XGBoost,rdkit_descriptors_only,repeat_06__fold_01,repeat_09__fold_03,0.5400600115251639,0.5384615384615384,31
XGBoost,rdkit_descriptors_only,repeat_06__fold_01,repeat_09__fold_04,0.7270042194092827,0.5384615384615384,31
XGBoost,rdkit_descriptors_only,repeat_06__fold_01,repeat_09__fold_05,0.6561181434599157,0.42857142857142855,31
XGBoost,rdkit_descriptors_only,repeat_06__fold_01,repeat_10__fold_01,0.6535864978902953,0.6666666666666666,31
XGBoost,rdkit_descriptors_only,repeat_06__fold_01,repeat_10__fold_02,0.7588884190274923,0.5384615384615384,31
XGBoost,rdkit_descriptors_only,repeat_06__fold_01,repeat_10__fold_03,0.7271644808446699,0.6666666666666666,31
XGBoost,rdkit_descriptors_only,repeat_06__fold_01,repeat_10__fold_04,0.6691983122362869,0.5384615384615384,31
XGBoost,rdkit_descriptors_only,repeat_06__fold_01,repeat_10__fold_05,0.5337552742616034,0.5384615384615384,31
XGBoost,rdkit_descriptors_only,repeat_06__fold_02,repeat_06__fold_03,0.5592430983664882,0.5384615384615384,31
XGBoost,rdkit_descriptors_only,repeat_06__fold_02,repeat_06__fold_04,0.733818756808779,0.42857142857142855,31
XGBoost,rdkit_descriptors_only,repeat_06__fold_02,repeat_06__fold_05,0.5251534341913704,0.42857142857142855,31
XGBoost,rdkit_descriptors_only,repeat_06__fold_02,repeat_07__fold_01,0.6618528027385535,0.5384615384615384,31
XGBoost,rdkit_descriptors_only,repeat_06__fold_02,repeat_07__fold_02,0.6192768506632434,0.42857142857142855,31
XGBoost,rdkit_descriptors_only,repeat_06__fold_02,repeat_07__fold_03,0.662494651262302,0.42857142857142855,31
XGBoost,rdkit_descriptors_only,repeat_06__fold_02,repeat_07__fold_04,0.4087629670237668,0.3333333333333333,31
XGBoost,rdkit_descriptors_only,repeat_06__fold_02,repeat_07__fold_05,0.5065254599914419,0.42857142857142855,31
XGBoost,rdkit_descriptors_only,repeat_06__fold_02,repeat_08__fold_01,0.6554343175010697,0.5384615384615384,31
XGBoost,rdkit_descriptors_only,repeat_06__fold_02,repeat_08__fold_02,0.5196643541268887,0.3333333333333333,31
XGBoost,rdkit_descriptors_only,repeat_06__fold_02,repeat_08__fold_03,0.648199486688936,0.42857142857142855,31
XGBoost,rdkit_descriptors_only,repeat_06__fold_02,repeat_08__fold_04,0.5855654972865159,0.5384615384615384,31
XGBoost,rdkit_descriptors_only,repeat_06__fold_02,repeat_08__fold_05,0.7794965311903329,0.5384615384615384,31
XGBoost,rdkit_descriptors_only,repeat_06__fold_02,repeat_09__fold_01,0.603159076601078,0.42857142857142855,31
XGBoost,rdkit_descriptors_only,repeat_06__fold_02,repeat_09__fold_02,0.6241976893453145,0.42857142857142855,31
XGBoost,rdkit_descriptors_only,repeat_06__fold_02,repeat_09__fold_03,0.6095421480530594,0.5384615384615384,31
XGBoost,rdkit_descriptors_only,repeat_06__fold_02,repeat_09__fold_04,0.7950057290036048,0.5384615384615384,31
XGBoost,rdkit_descriptors_only,repeat_06__fold_02,repeat_09__fold_05,0.6235547339993532,0.42857142857142855,31
XGBoost,rdkit_descriptors_only,repeat_06__fold_02,repeat_10__fold_01,0.7123608255876769,0.5384615384615384,31
XGBoost,rdkit_descriptors_only,repeat_06__fold_02,repeat_10__fold_02,0.6670945656824988,0.42857142857142855,31
XGBoost,rdkit_descriptors_only,repeat_06__fold_02,repeat_10__fold_03,0.6880502471800659,0.5384615384615384,31
XGBoost,rdkit_descriptors_only,repeat_06__fold_02,repeat_10__fold_04,0.6399137508708866,0.5384615384615384,31
XGBoost,rdkit_descriptors_only,repeat_06__fold_02,repeat_10__fold_05,0.5630051260982236,0.5384615384615384,31
XGBoost,rdkit_descriptors_only,repeat_06__fold_03,repeat_06__fold_04,0.7820124793998365,0.6666666666666666,31
XGBoost,rdkit_descriptors_only,repeat_06__fold_03,repeat_06__fold_05,0.758485639686684,0.8181818181818182,31
XGBoost,rdkit_descriptors_only,repeat_06__fold_03,repeat_07__fold_01,0.8707967380428806,0.8181818181818182,31
XGBoost,rdkit_descriptors_only,repeat_06__fold_03,repeat_07__fold_02,0.8313131396628392,0.8181818181818182,31
XGBoost,rdkit_descriptors_only,repeat_06__fold_03,repeat_07__fold_03,0.6977593287489285,0.6666666666666666,31
XGBoost,rdkit_descriptors_only,repeat_06__fold_03,repeat_07__fold_04,0.29223699230174716,0.42857142857142855,31
XGBoost,rdkit_descriptors_only,repeat_06__fold_03,repeat_07__fold_05,0.7396162581791365,0.8181818181818182,31
XGBoost,rdkit_descriptors_only,repeat_06__fold_03,repeat_08__fold_01,0.7415580744929089,0.8181818181818182,31
XGBoost,rdkit_descriptors_only,repeat_06__fold_03,repeat_08__fold_02,0.8021519788693118,0.6666666666666666,31
XGBoost,rdkit_descriptors_only,repeat_06__fold_03,repeat_08__fold_03,0.738305480551188,0.8181818181818182,31
XGBoost,rdkit_descriptors_only,repeat_06__fold_03,repeat_08__fold_04,0.9621409921671017,0.8181818181818182,31
XGBoost,rdkit_descriptors_only,repeat_06__fold_03,repeat_08__fold_05,0.4272144887461025,0.5384615384615384,31
XGBoost,rdkit_descriptors_only,repeat_06__fold_03,repeat_09__fold_01,0.8887089765891839,0.8181818181818182,31
XGBoost,rdkit_descriptors_only,repeat_06__fold_03,repeat_09__fold_02,0.36096207699349336,0.42857142857142855,31
XGBoost,rdkit_descriptors_only,repeat_06__fold_03,repeat_09__fold_03,0.8177204254664314,0.8181818181818182,31
XGBoost,rdkit_descriptors_only,repeat_06__fold_03,repeat_09__fold_04,0.7473039803141451,0.6666666666666666,31
XGBoost,rdkit_descriptors_only,repeat_06__fold_03,repeat_09__fold_05,0.709595981307468,0.6666666666666666,31
XGBoost,rdkit_descriptors_only,repeat_06__fold_03,repeat_10__fold_01,0.7995809789370383,0.8181818181818182,31
XGBoost,rdkit_descriptors_only,repeat_06__fold_03,repeat_10__fold_02,0.6981908434853225,0.6666666666666666,31
XGBoost,rdkit_descriptors_only,repeat_06__fold_03,repeat_10__fold_03,0.7067014795474325,0.8181818181818182,31
XGBoost,rdkit_descriptors_only,repeat_06__fold_03,repeat_10__fold_04,0.7305924807543678,0.8181818181818182,31
XGBoost,rdkit_descriptors_only,repeat_06__fold_03,repeat_10__fold_05,0.9285594755394223,0.8181818181818182,31
XGBoost,rdkit_descriptors_only,repeat_06__fold_04,repeat_06__fold_05,0.7104529812848925,0.5384615384615384,31
XGBoost,rdkit_descriptors_only,repeat_06__fold_04,repeat_07__fold_01,0.7523023213259659,0.6666666666666666,31
XGBoost,rdkit_descriptors_only,repeat_06__fold_04,repeat_07__fold_02,0.8702147156597448,0.6666666666666666,31
XGBoost,rdkit_descriptors_only,repeat_06__fold_04,repeat_07__fold_03,0.9014455660508538,1.0,31
XGBoost,rdkit_descriptors_only,repeat_06__fold_04,repeat_07__fold_04,0.26751054852320677,0.42857142857142855,31
XGBoost,rdkit_descriptors_only,repeat_06__fold_04,repeat_07__fold_05,0.744866404566178,0.6666666666666666,31
XGBoost,rdkit_descriptors_only,repeat_06__fold_04,repeat_08__fold_01,0.9018704755799846,0.8181818181818182,31
XGBoost,rdkit_descriptors_only,repeat_06__fold_04,repeat_08__fold_02,0.7679324894514767,0.6666666666666666,31
XGBoost,rdkit_descriptors_only,repeat_06__fold_04,repeat_08__fold_03,0.7350210970464135,0.6666666666666666,31
XGBoost,rdkit_descriptors_only,repeat_06__fold_04,repeat_08__fold_04,0.7845834793321099,0.6666666666666666,31
XGBoost,rdkit_descriptors_only,repeat_06__fold_04,repeat_08__fold_05,0.5679324894514768,0.5384615384615384,31
XGBoost,rdkit_descriptors_only,repeat_06__fold_04,repeat_09__fold_01,0.8232067510548523,0.6666666666666666,31
XGBoost,rdkit_descriptors_only,repeat_06__fold_04,repeat_09__fold_02,0.42363480054334257,0.3333333333333333,31
XGBoost,rdkit_descriptors_only,repeat_06__fold_04,repeat_09__fold_03,0.8347347699773285,0.6666666666666666,31
XGBoost,rdkit_descriptors_only,repeat_06__fold_04,repeat_09__fold_04,0.8759493670886076,0.6666666666666666,31
XGBoost,rdkit_descriptors_only,repeat_06__fold_04,repeat_09__fold_05,0.7514767932489452,0.6666666666666666,31
XGBoost,rdkit_descriptors_only,repeat_06__fold_04,repeat_10__fold_01,0.9396624472573841,0.8181818181818182,31
XGBoost,rdkit_descriptors_only,repeat_06__fold_04,repeat_10__fold_02,0.7964929123555623,0.8181818181818182,31
XGBoost,rdkit_descriptors_only,repeat_06__fold_04,repeat_10__fold_03,0.8724259770181189,0.8181818181818182,31
XGBoost,rdkit_descriptors_only,repeat_06__fold_04,repeat_10__fold_04,0.7337552742616035,0.6666666666666666,31
XGBoost,rdkit_descriptors_only,repeat_06__fold_04,repeat_10__fold_05,0.8101265822784811,0.6666666666666666,31
XGBoost,rdkit_descriptors_only,repeat_06__fold_05,repeat_07__fold_01,0.6746732903518552,0.6666666666666666,31
XGBoost,rdkit_descriptors_only,repeat_06__fold_05,repeat_07__fold_02,0.8106004323159322,0.6666666666666666,31
XGBoost,rdkit_descriptors_only,repeat_06__fold_05,repeat_07__fold_03,0.692149637175808,0.5384615384615384,31
XGBoost,rdkit_descriptors_only,repeat_06__fold_05,repeat_07__fold_04,0.37922249001033165,0.42857142857142855,31
XGBoost,rdkit_descriptors_only,repeat_06__fold_05,repeat_07__fold_05,0.7633495686808006,0.6666666666666666,31
XGBoost,rdkit_descriptors_only,repeat_06__fold_05,repeat_08__fold_01,0.7271023308237134,0.6666666666666666,31
XGBoost,rdkit_descriptors_only,repeat_06__fold_05,repeat_08__fold_02,0.8458589777179601,0.6666666666666666,31
XGBoost,rdkit_descriptors_only,repeat_06__fold_05,repeat_08__fold_03,0.7845834793321099,0.8181818181818182,31
XGBoost,rdkit_descriptors_only,repeat_06__fold_05,repeat_08__fold_04,0.7027850304612706,0.6666666666666666,31
XGBoost,rdkit_descriptors_only,repeat_06__fold_05,repeat_08__fold_05,0.43364198857678604,0.5384615384615384,31
XGBoost,rdkit_descriptors_only,repeat_06__fold_05,repeat_09__fold_01,0.7575879800432389,0.6666666666666666,31
XGBoost,rdkit_descriptors_only,repeat_06__fold_05,repeat_09__fold_02,0.49904679263953977,0.5384615384615384,31
XGBoost,rdkit_descriptors_only,repeat_06__fold_05,repeat_09__fold_03,0.6975435713807316,0.8181818181818182,31
XGBoost,rdkit_descriptors_only,repeat_06__fold_05,repeat_09__fold_04,0.6530339827974525,0.6666666666666666,31
XGBoost,rdkit_descriptors_only,repeat_06__fold_05,repeat_09__fold_05,0.7623014799190735,0.6666666666666666,31
XGBoost,rdkit_descriptors_only,repeat_06__fold_05,repeat_10__fold_01,0.707881981352619,0.6666666666666666,31
XGBoost,rdkit_descriptors_only,repeat_06__fold_05,repeat_10__fold_02,0.6845981292889148,0.6666666666666666,31
XGBoost,rdkit_descriptors_only,repeat_06__fold_05,repeat_10__fold_03,0.7506527415143602,0.6666666666666666,31
XGBoost,rdkit_descriptors_only,repeat_06__fold_05,repeat_10__fold_04,0.7794414794675631,0.6666666666666666,31
XGBoost,rdkit_descriptors_only,repeat_06__fold_05,repeat_10__fold_05,0.6791724821088991,0.6666666666666666,31
XGBoost,rdkit_descriptors_only,repeat_07__fold_01,repeat_07__fold_02,0.8068035943517329,0.8181818181818182,31
XGBoost,rdkit_descriptors_only,repeat_07__fold_01,repeat_07__fold_03,0.6995079161317929,0.6666666666666666,31
XGBoost,rdkit_descriptors_only,repeat_07__fold_01,repeat_07__fold_04,0.3458763567124181,0.5384615384615384,31
XGBoost,rdkit_descriptors_only,repeat_07__fold_01,repeat_07__fold_05,0.6987590928540863,0.8181818181818182,31
XGBoost,rdkit_descriptors_only,repeat_07__fold_01,repeat_08__fold_01,0.7345956354300385,0.8181818181818182,31
XGBoost,rdkit_descriptors_only,repeat_07__fold_01,repeat_08__fold_02,0.7433792212142205,0.6666666666666666,31
XGBoost,rdkit_descriptors_only,repeat_07__fold_01,repeat_08__fold_03,0.8209252102805796,0.8181818181818182,31
XGBoost,rdkit_descriptors_only,repeat_07__fold_01,repeat_08__fold_04,0.8576355385828668,0.6666666666666666,31
XGBoost,rdkit_descriptors_only,repeat_07__fold_01,repeat_08__fold_05,0.5715033166808383,0.6666666666666666,31
XGBoost,rdkit_descriptors_only,repeat_07__fold_01,repeat_09__fold_01,0.8472696010866853,0.8181818181818182,31
XGBoost,rdkit_descriptors_only,repeat_07__fold_01,repeat_09__fold_02,0.4461916987590928,0.5384615384615384,31
XGBoost,rdkit_descriptors_only,repeat_07__fold_01,repeat_09__fold_03,0.7205819426615317,0.6666666666666666,31
XGBoost,rdkit_descriptors_only,repeat_07__fold_01,repeat_09__fold_04,0.856405155962996,0.8181818181818182,31
XGBoost,rdkit_descriptors_only,repeat_07__fold_01,repeat_09__fold_05,0.8096651077586151,0.8181818181818182,31
XGBoost,rdkit_descriptors_only,repeat_07__fold_01,repeat_10__fold_01,0.7678115191392378,0.8181818181818182,31
XGBoost,rdkit_descriptors_only,repeat_07__fold_01,repeat_10__fold_02,0.7510697475395806,0.6666666666666666,31
XGBoost,rdkit_descriptors_only,repeat_07__fold_01,repeat_10__fold_03,0.6744575329836583,0.8181818181818182,31
XGBoost,rdkit_descriptors_only,repeat_07__fold_01,repeat_10__fold_04,0.8262365793947137,1.0,31
XGBoost,rdkit_descriptors_only,repeat_07__fold_01,repeat_10__fold_05,0.8272988532175407,0.8181818181818182,31
XGBoost,rdkit_descriptors_only,repeat_07__fold_02,repeat_07__fold_03,0.7937526743688489,0.6666666666666666,31
XGBoost,rdkit_descriptors_only,repeat_07__fold_02,repeat_07__fold_04,0.20629357639297174,0.42857142857142855,31
XGBoost,rdkit_descriptors_only,repeat_07__fold_02,repeat_07__fold_05,0.8126872058194266,0.8181818181818182,31
XGBoost,rdkit_descriptors_only,repeat_07__fold_02,repeat_08__fold_01,0.7763157894736842,0.8181818181818182,31
XGBoost,rdkit_descriptors_only,repeat_07__fold_02,repeat_08__fold_02,0.8544930630819078,0.6666666666666666,31
XGBoost,rdkit_descriptors_only,repeat_07__fold_02,repeat_08__fold_03,0.8001046433531737,0.8181818181818182,31
XGBoost,rdkit_descriptors_only,repeat_07__fold_02,repeat_08__fold_04,0.835844044394975,0.6666666666666666,31
XGBoost,rdkit_descriptors_only,repeat_07__fold_02,repeat_08__fold_05,0.42193516242681967,0.5384615384615384,31
XGBoost,rdkit_descriptors_only,repeat_07__fold_02,repeat_09__fold_01,0.8867861872958435,0.8181818181818182,31
XGBoost,rdkit_descriptors_only,repeat_07__fold_02,repeat_09__fold_02,0.32477535301668803,0.42857142857142855,31
XGBoost,rdkit_descriptors_only,repeat_07__fold_02,repeat_09__fold_03,0.680466409927257,0.6666666666666666,31
XGBoost,rdkit_descriptors_only,repeat_07__fold_02,repeat_09__fold_04,0.7374304878063902,0.6666666666666666,31
XGBoost,rdkit_descriptors_only,repeat_07__fold_02,repeat_09__fold_05,0.8117896554042687,0.6666666666666666,31
XGBoost,rdkit_descriptors_only,repeat_07__fold_02,repeat_10__fold_01,0.829848310392325,0.8181818181818182,31
XGBoost,rdkit_descriptors_only,repeat_07__fold_02,repeat_10__fold_02,0.6638853230637569,0.6666666666666666,31
XGBoost,rdkit_descriptors_only,repeat_07__fold_02,repeat_10__fold_03,0.7857883349732832,0.8181818181818182,31
XGBoost,rdkit_descriptors_only,repeat_07__fold_02,repeat_10__fold_04,0.8083903791712229,0.8181818181818182,31
XGBoost,rdkit_descriptors_only,repeat_07__fold_02,repeat_10__fold_05,0.8421706867371164,0.8181818181818182,31
XGBoost,rdkit_descriptors_only,repeat_07__fold_03,repeat_07__fold_04,0.31783232778978965,0.42857142857142855,31
XGBoost,rdkit_descriptors_only,repeat_07__fold_03,repeat_07__fold_05,0.8130081300813008,0.6666666666666666,31
XGBoost,rdkit_descriptors_only,repeat_07__fold_03,repeat_08__fold_01,0.9101412066752247,0.8181818181818182,31
XGBoost,rdkit_descriptors_only,repeat_07__fold_03,repeat_08__fold_02,0.6418258437519749,0.6666666666666666,31
XGBoost,rdkit_descriptors_only,repeat_07__fold_03,repeat_08__fold_03,0.8145515673436186,0.6666666666666666,31
XGBoost,rdkit_descriptors_only,repeat_07__fold_03,repeat_08__fold_04,0.7091944692633668,0.6666666666666666,31
XGBoost,rdkit_descriptors_only,repeat_07__fold_03,repeat_08__fold_05,0.6709321464974303,0.5384615384615384,31
XGBoost,rdkit_descriptors_only,repeat_07__fold_03,repeat_09__fold_01,0.733818756808779,0.6666666666666666,31
XGBoost,rdkit_descriptors_only,repeat_07__fold_03,repeat_09__fold_02,0.5077021822849807,0.3333333333333333,31
XGBoost,rdkit_descriptors_only,repeat_07__fold_03,repeat_09__fold_03,0.7429396662387676,0.6666666666666666,31
XGBoost,rdkit_descriptors_only,repeat_07__fold_03,repeat_09__fold_04,0.810727381581442,0.6666666666666666,31
XGBoost,rdkit_descriptors_only,repeat_07__fold_03,repeat_09__fold_05,0.7973427314138238,0.6666666666666666,31
XGBoost,rdkit_descriptors_only,repeat_07__fold_03,repeat_10__fold_01,0.8655407108393068,0.8181818181818182,31
XGBoost,rdkit_descriptors_only,repeat_07__fold_03,repeat_10__fold_02,0.8784766795036371,0.8181818181818182,31
XGBoost,rdkit_descriptors_only,repeat_07__fold_03,repeat_10__fold_03,0.9713396716226582,0.8181818181818182,31
XGBoost,rdkit_descriptors_only,repeat_07__fold_03,repeat_10__fold_04,0.8128519292270956,0.6666666666666666,31
XGBoost,rdkit_descriptors_only,repeat_07__fold_03,repeat_10__fold_05,0.737855397335521,0.6666666666666666,31
XGBoost,rdkit_descriptors_only,repeat_07__fold_04,repeat_07__fold_05,0.28341465593020015,0.42857142857142855,31
XGBoost,rdkit_descriptors_only,repeat_07__fold_04,repeat_08__fold_01,0.3310045231928424,0.42857142857142855,31
XGBoost,rdkit_descriptors_only,repeat_07__fold_04,repeat_08__fold_02,0.2708860759493671,0.42857142857142855,31
XGBoost,rdkit_descriptors_only,repeat_07__fold_04,repeat_08__fold_03,0.43881856540084385,0.42857142857142855,31
XGBoost,rdkit_descriptors_only,repeat_07__fold_04,repeat_08__fold_04,0.21039349445770944,0.42857142857142855,31
XGBoost,rdkit_descriptors_only,repeat_07__fold_04,repeat_08__fold_05,0.5067510548523207,0.5384615384615384,31
XGBoost,rdkit_descriptors_only,repeat_07__fold_04,repeat_09__fold_01,0.2219409282700422,0.42857142857142855,31
XGBoost,rdkit_descriptors_only,repeat_07__fold_04,repeat_09__fold_02,0.71129855176485,0.5384615384615384,31
XGBoost,rdkit_descriptors_only,repeat_07__fold_04,repeat_09__fold_03,0.30317294903477926,0.42857142857142855,31
XGBoost,rdkit_descriptors_only,repeat_07__fold_04,repeat_09__fold_04,0.4160337552742616,0.5384615384615384,31
XGBoost,rdkit_descriptors_only,repeat_07__fold_04,repeat_09__fold_05,0.41856540084388183,0.5384615384615384,31
XGBoost,rdkit_descriptors_only,repeat_07__fold_04,repeat_10__fold_01,0.27721518987341776,0.42857142857142855,31
XGBoost,rdkit_descriptors_only,repeat_07__fold_04,repeat_10__fold_02,0.46591329869185066,0.42857142857142855,31
XGBoost,rdkit_descriptors_only,repeat_07__fold_04,repeat_10__fold_03,0.3663674903489645,0.42857142857142855,31
XGBoost,rdkit_descriptors_only,repeat_07__fold_04,repeat_10__fold_04,0.42025316455696204,0.5384615384615384,31
XGBoost,rdkit_descriptors_only,repeat_07__fold_04,repeat_10__fold_05,0.2126582278481013,0.42857142857142855,31
XGBoost,rdkit_descriptors_only,repeat_07__fold_05,repeat_08__fold_01,0.7596277278562258,0.8181818181818182,31
XGBoost,rdkit_descriptors_only,repeat_07__fold_05,repeat_08__fold_02,0.6802801561383064,0.6666666666666666,31
XGBoost,rdkit_descriptors_only,repeat_07__fold_05,repeat_08__fold_03,0.8797751800651863,0.8181818181818182,31
XGBoost,rdkit_descriptors_only,repeat_07__fold_05,repeat_08__fold_04,0.7406950450201212,0.6666666666666666,31
XGBoost,rdkit_descriptors_only,repeat_07__fold_05,repeat_08__fold_05,0.6018843480136858,0.6666666666666666,31
XGBoost,rdkit_descriptors_only,repeat_07__fold_05,repeat_09__fold_01,0.7799214407194637,0.8181818181818182,31
XGBoost,rdkit_descriptors_only,repeat_07__fold_05,repeat_09__fold_02,0.4834189131364997,0.42857142857142855,31
XGBoost,rdkit_descriptors_only,repeat_07__fold_05,repeat_09__fold_03,0.5589430894308942,0.6666666666666666,31
XGBoost,rdkit_descriptors_only,repeat_07__fold_05,repeat_09__fold_04,0.6397012961063212,0.6666666666666666,31
XGBoost,rdkit_descriptors_only,repeat_07__fold_05,repeat_09__fold_05,0.8553428821401691,0.6666666666666666,31
XGBoost,rdkit_descriptors_only,repeat_07__fold_05,repeat_10__fold_01,0.6964267182452742,0.8181818181818182,31
XGBoost,rdkit_descriptors_only,repeat_07__fold_05,repeat_10__fold_02,0.7789901583226357,0.6666666666666666,31
XGBoost,rdkit_descriptors_only,repeat_07__fold_05,repeat_10__fold_03,0.8423167654408834,0.8181818181818182,31
XGBoost,rdkit_descriptors_only,repeat_07__fold_05,repeat_10__fold_04,0.8670278941912644,0.8181818181818182,31
XGBoost,rdkit_descriptors_only,repeat_07__fold_05,repeat_10__fold_05,0.759313328556623,0.8181818181818182,31
XGBoost,rdkit_descriptors_only,repeat_08__fold_01,repeat_08__fold_02,0.6683826893226458,0.6666666666666666,31
XGBoost,rdkit_descriptors_only,repeat_08__fold_01,repeat_08__fold_03,0.7767346192509831,0.8181818181818182,31
XGBoost,rdkit_descriptors_only,repeat_08__fold_01,repeat_08__fold_04,0.7529932150073472,0.6666666666666666,31
XGBoost,rdkit_descriptors_only,repeat_08__fold_01,repeat_08__fold_05,0.6456500295141515,0.6666666666666666,31
XGBoost,rdkit_descriptors_only,repeat_08__fold_01,repeat_09__fold_01,0.7429543116850899,0.8181818181818182,31
XGBoost,rdkit_descriptors_only,repeat_08__fold_01,repeat_09__fold_02,0.48181429182712876,0.42857142857142855,31
XGBoost,rdkit_descriptors_only,repeat_08__fold_01,repeat_09__fold_03,0.7895806589644844,0.8181818181818182,31
XGBoost,rdkit_descriptors_only,repeat_08__fold_01,repeat_09__fold_04,0.8734015371282254,0.8181818181818182,31
XGBoost,rdkit_descriptors_only,repeat_08__fold_01,repeat_09__fold_05,0.7348810306316058,0.6666666666666666,31
XGBoost,rdkit_descriptors_only,repeat_08__fold_01,repeat_10__fold_01,0.9156800352767334,1.0,31
XGBoost,rdkit_descriptors_only,repeat_08__fold_01,repeat_10__fold_02,0.8500213949507915,0.8181818181818182,31
XGBoost,rdkit_descriptors_only,repeat_08__fold_01,repeat_10__fold_03,0.8865470259212578,1.0,31
XGBoost,rdkit_descriptors_only,repeat_08__fold_01,repeat_10__fold_04,0.7478407712700933,0.8181818181818182,31
XGBoost,rdkit_descriptors_only,repeat_08__fold_01,repeat_10__fold_05,0.7599506928503191,0.8181818181818182,31
XGBoost,rdkit_descriptors_only,repeat_08__fold_02,repeat_08__fold_03,0.6869198312236287,0.6666666666666666,31
XGBoost,rdkit_descriptors_only,repeat_08__fold_02,repeat_08__fold_04,0.7627299799077858,0.5384615384615384,31
XGBoost,rdkit_descriptors_only,repeat_08__fold_02,repeat_08__fold_05,0.3540084388185654,0.5384615384615384,31
XGBoost,rdkit_descriptors_only,repeat_08__fold_02,repeat_09__fold_01,0.8852320675105486,0.6666666666666666,31
XGBoost,rdkit_descriptors_only,repeat_08__fold_02,repeat_09__fold_02,0.38305594051135744,0.5384615384615384,31
XGBoost,rdkit_descriptors_only,repeat_08__fold_02,repeat_09__fold_03,0.7918189075351243,0.6666666666666666,31
XGBoost,rdkit_descriptors_only,repeat_08__fold_02,repeat_09__fold_04,0.6552742616033755,0.6666666666666666,31
XGBoost,rdkit_descriptors_only,repeat_08__fold_02,repeat_09__fold_05,0.7084388185654009,0.8181818181818182,31
XGBoost,rdkit_descriptors_only,repeat_08__fold_02,repeat_10__fold_01,0.7324894514767932,0.6666666666666666,31
XGBoost,rdkit_descriptors_only,repeat_08__fold_02,repeat_10__fold_02,0.5604556689234392,0.5384615384615384,31
XGBoost,rdkit_descriptors_only,repeat_08__fold_02,repeat_10__fold_03,0.6466064829667689,0.6666666666666666,31
XGBoost,rdkit_descriptors_only,repeat_08__fold_02,repeat_10__fold_04,0.6945147679324895,0.6666666666666666,31
XGBoost,rdkit_descriptors_only,repeat_08__fold_02,repeat_10__fold_05,0.7451476793248946,0.6666666666666666,31
XGBoost,rdkit_descriptors_only,repeat_08__fold_03,repeat_08__fold_04,0.7391624805286126,0.6666666666666666,31
XGBoost,rdkit_descriptors_only,repeat_08__fold_03,repeat_08__fold_05,0.6675105485232068,0.5384615384615384,31
XGBoost,rdkit_descriptors_only,repeat_08__fold_03,repeat_09__fold_01,0.7805907172995781,0.8181818181818182,31
XGBoost,rdkit_descriptors_only,repeat_08__fold_03,repeat_09__fold_02,0.5842506025547604,0.5384615384615384,31
XGBoost,rdkit_descriptors_only,repeat_08__fold_03,repeat_09__fold_03,0.588712152610633,0.6666666666666666,31
XGBoost,rdkit_descriptors_only,repeat_08__fold_03,repeat_09__fold_04,0.7662447257383966,0.6666666666666666,31
XGBoost,rdkit_descriptors_only,repeat_08__fold_03,repeat_09__fold_05,0.9662447257383965,0.6666666666666666,31
XGBoost,rdkit_descriptors_only,repeat_08__fold_03,repeat_10__fold_01,0.7151898734177216,0.8181818181818182,31
XGBoost,rdkit_descriptors_only,repeat_08__fold_03,repeat_10__fold_02,0.861079160783434,0.8181818181818182,31
XGBoost,rdkit_descriptors_only,repeat_08__fold_03,repeat_10__fold_03,0.8282904781807584,0.8181818181818182,31
XGBoost,rdkit_descriptors_only,repeat_08__fold_03,repeat_10__fold_04,0.9869198312236288,0.8181818181818182,31
XGBoost,rdkit_descriptors_only,repeat_08__fold_03,repeat_10__fold_05,0.781012658227848,0.8181818181818182,31
XGBoost,rdkit_descriptors_only,repeat_08__fold_04,repeat_08__fold_05,0.4177874889944332,0.42857142857142855,31
XGBoost,rdkit_descriptors_only,repeat_08__fold_04,repeat_09__fold_01,0.9071344761038103,0.6666666666666666,31
XGBoost,rdkit_descriptors_only,repeat_08__fold_04,repeat_09__fold_02,0.33852331070101077,0.3333333333333333,31
XGBoost,rdkit_descriptors_only,repeat_08__fold_04,repeat_09__fold_03,0.8000283212742818,0.6666666666666666,31
XGBoost,rdkit_descriptors_only,repeat_08__fold_04,repeat_09__fold_04,0.7198799810365618,0.5384615384615384,31
XGBoost,rdkit_descriptors_only,repeat_08__fold_04,repeat_09__fold_05,0.6898849818267051,0.5384615384615384,31
XGBoost,rdkit_descriptors_only,repeat_08__fold_04,repeat_10__fold_01,0.7940104790837792,0.6666666666666666,31
XGBoost,rdkit_descriptors_only,repeat_08__fold_04,repeat_10__fold_02,0.6733787461426735,0.6666666666666666,31
XGBoost,rdkit_descriptors_only,repeat_08__fold_04,repeat_10__fold_03,0.7006092254134029,0.6666666666666666,31
XGBoost,rdkit_descriptors_only,repeat_08__fold_04,repeat_10__fold_04,0.7280214808220944,0.6666666666666666,31
XGBoost,rdkit_descriptors_only,repeat_08__fold_04,repeat_10__fold_05,0.942271475178214,0.8181818181818182,31
XGBoost,rdkit_descriptors_only,repeat_08__fold_05,repeat_09__fold_01,0.4126582278481013,0.5384615384615384,31
XGBoost,rdkit_descriptors_only,repeat_08__fold_05,repeat_09__fold_02,0.7760972549572871,0.5384615384615384,31
XGBoost,rdkit_descriptors_only,repeat_08__fold_05,repeat_09__fold_03,0.49799396814122115,0.6666666666666666,31
XGBoost,rdkit_descriptors_only,repeat_08__fold_05,repeat_09__fold_04,0.7227848101265824,0.8181818181818182,31
XGBoost,rdkit_descriptors_only,repeat_08__fold_05,repeat_09__fold_05,0.6472573839662448,0.6666666666666666,31
XGBoost,rdkit_descriptors_only,repeat_08__fold_05,repeat_10__fold_01,0.5928270042194093,0.6666666666666666,31
XGBoost,rdkit_descriptors_only,repeat_08__fold_05,repeat_10__fold_02,0.7491154998574855,0.5384615384615384,31
XGBoost,rdkit_descriptors_only,repeat_08__fold_05,repeat_10__fold_03,0.6813149820524603,0.6666666666666666,31
XGBoost,rdkit_descriptors_only,repeat_08__fold_05,repeat_10__fold_04,0.6464135021097046,0.6666666666666666,31
XGBoost,rdkit_descriptors_only,repeat_08__fold_05,repeat_10__fold_05,0.44092827004219415,0.5384615384615384,31
XGBoost,rdkit_descriptors_only,repeat_09__fold_01,repeat_09__fold_02,0.3314294327219731,0.42857142857142855,31
XGBoost,rdkit_descriptors_only,repeat_09__fold_01,repeat_09__fold_03,0.7822584431296827,0.6666666666666666,31
XGBoost,rdkit_descriptors_only,repeat_09__fold_01,repeat_09__fold_04,0.7101265822784811,0.6666666666666666,31
XGBoost,rdkit_descriptors_only,repeat_09__fold_01,repeat_09__fold_05,0.7628691983122362,0.6666666666666666,31
XGBoost,rdkit_descriptors_only,repeat_09__fold_01,repeat_10__fold_01,0.7831223628691983,0.8181818181818182,31
XGBoost,rdkit_descriptors_only,repeat_09__fold_01,repeat_10__fold_02,0.6458624842787168,0.6666666666666666,31
XGBoost,rdkit_descriptors_only,repeat_09__fold_01,repeat_10__fold_03,0.723736480934972,0.8181818181818182,31
XGBoost,rdkit_descriptors_only,repeat_09__fold_01,repeat_10__fold_04,0.7911392405063292,0.8181818181818182,31
XGBoost,rdkit_descriptors_only,repeat_09__fold_01,repeat_10__fold_05,0.8670886075949368,0.8181818181818182,31
XGBoost,rdkit_descriptors_only,repeat_09__fold_02,repeat_09__fold_03,0.4560333761232348,0.42857142857142855,31
XGBoost,rdkit_descriptors_only,repeat_09__fold_02,repeat_09__fold_04,0.5479208378140825,0.5384615384615384,31
XGBoost,rdkit_descriptors_only,repeat_09__fold_02,repeat_09__fold_05,0.561517942746266,0.5384615384615384,31
XGBoost,rdkit_descriptors_only,repeat_09__fold_02,repeat_10__fold_01,0.4380817245337876,0.42857142857142855,31
XGBoost,rdkit_descriptors_only,repeat_09__fold_02,repeat_10__fold_02,0.600770218228498,0.42857142857142855,31
XGBoost,rdkit_descriptors_only,repeat_09__fold_02,repeat_10__fold_03,0.5469449283792622,0.42857142857142855,31
XGBoost,rdkit_descriptors_only,repeat_09__fold_02,repeat_10__fold_04,0.5625802165690929,0.5384615384615384,31
XGBoost,rdkit_descriptors_only,repeat_09__fold_02,repeat_10__fold_05,0.3573489139989479,0.42857142857142855,31
XGBoost,rdkit_descriptors_only,repeat_09__fold_03,repeat_09__fold_04,0.7956430932973009,0.8181818181818182,31
XGBoost,rdkit_descriptors_only,repeat_09__fold_03,repeat_09__fold_05,0.5763897762658418,0.6666666666666666,31
XGBoost,rdkit_descriptors_only,repeat_09__fold_03,repeat_10__fold_01,0.8423831415016817,0.8181818181818182,31
XGBoost,rdkit_descriptors_only,repeat_09__fold_03,repeat_10__fold_02,0.69191270860077,0.6666666666666666,31
XGBoost,rdkit_descriptors_only,repeat_09__fold_03,repeat_10__fold_03,0.7150199182046845,0.8181818181818182,31
XGBoost,rdkit_descriptors_only,repeat_09__fold_03,repeat_10__fold_04,0.5884996978460676,0.6666666666666666,31
XGBoost,rdkit_descriptors_only,repeat_09__fold_03,repeat_10__fold_05,0.7603756023794499,0.6666666666666666,31
XGBoost,rdkit_descriptors_only,repeat_09__fold_04,repeat_09__fold_05,0.7561181434599157,0.8181818181818182,31
XGBoost,rdkit_descriptors_only,repeat_09__fold_04,repeat_10__fold_01,0.9075949367088608,0.8181818181818182,31
XGBoost,rdkit_descriptors_only,repeat_09__fold_04,repeat_10__fold_02,0.8719143537762679,0.6666666666666666,31
XGBoost,rdkit_descriptors_only,repeat_09__fold_04,repeat_10__fold_03,0.7901539791853691,0.8181818181818182,31
XGBoost,rdkit_descriptors_only,repeat_09__fold_04,repeat_10__fold_04,0.7637130801687765,0.8181818181818182,31
XGBoost,rdkit_descriptors_only,repeat_09__fold_04,repeat_10__fold_05,0.7400843881856541,0.6666666666666666,31
XGBoost,rdkit_descriptors_only,repeat_09__fold_05,repeat_10__fold_01,0.6831223628691984,0.6666666666666666,31
XGBoost,rdkit_descriptors_only,repeat_09__fold_05,repeat_10__fold_02,0.8285735818049329,0.5384615384615384,31
XGBoost,rdkit_descriptors_only,repeat_09__fold_05,repeat_10__fold_03,0.8102934786548444,0.6666666666666666,31
XGBoost,rdkit_descriptors_only,repeat_09__fold_05,repeat_10__fold_04,0.9624472573839663,0.8181818181818182,31
XGBoost,rdkit_descriptors_only,repeat_09__fold_05,repeat_10__fold_05,0.7485232067510549,0.6666666666666666,31
XGBoost,rdkit_descriptors_only,repeat_10__fold_01,repeat_10__fold_02,0.8066907410547,0.8181818181818182,31
XGBoost,rdkit_descriptors_only,repeat_10__fold_01,repeat_10__fold_03,0.8334324780453052,1.0,31
XGBoost,rdkit_descriptors_only,repeat_10__fold_01,repeat_10__fold_04,0.7046413502109704,0.8181818181818182,31
XGBoost,rdkit_descriptors_only,repeat_10__fold_01,repeat_10__fold_05,0.8308016877637131,0.8181818181818182,31
XGBoost,rdkit_descriptors_only,repeat_10__fold_02,repeat_10__fold_03,0.8962561074901204,0.8181818181818182,31
XGBoost,rdkit_descriptors_only,repeat_10__fold_02,repeat_10__fold_04,0.8457824177347275,0.6666666666666666,31
XGBoost,rdkit_descriptors_only,repeat_10__fold_02,repeat_10__fold_05,0.69387726107049,0.6666666666666666,31
XGBoost,rdkit_descriptors_only,repeat_10__fold_03,repeat_10__fold_04,0.81714947847424,0.8181818181818182,31
XGBoost,rdkit_descriptors_only,repeat_10__fold_03,repeat_10__fold_05,0.7031684814767845,0.8181818181818182,31
XGBoost,rdkit_descriptors_only,repeat_10__fold_04,repeat_10__fold_05,0.770042194092827,0.8181818181818182,31
