feature,mean_shap,mean_abs_shap,std_abs_shap,model,feature_set,repeat,fold
Molecular weight (Da),-105822.37,1.1122652e+06,542168.2,XGBoost,provided_only,1,1
Solubility (mg/mL),302690.66,981271.75,968760.2,XGBoost,provided_only,1,1
"Glass transition temperature (Tg, degC)",-95104.48,579814.4,468412.8,XGBoost,provided_only,1,1
Viscosity (mPa.s),-21512.2,255284.66,265231.22,XGBoost,provided_only,1,1
Concentration (% w/v),-42525.332,290236.66,229074.86,XGBoost,provided_only,1,1
Molecular weight (Da),-276706.06,876673.3,499831.12,XGBoost,provided_only,1,2
Solubility (mg/mL),-96680.52,800897.94,693895.3,XGBoost,provided_only,1,2
"Glass transition temperature (Tg, degC)",47486.125,608106.1,480447.16,XGBoost,provided_only,1,2
Viscosity (mPa.s),13187.659,273563.4,265238.7,XGBoost,provided_only,1,2
Concentration (% w/v),42229.445,219841.6,128984.97,XGBoost,provided_only,1,2
Molecular weight (Da),256480.31,1.0491285e+06,546265.0,XGBoost,provided_only,1,3
Solubility (mg/mL),78879.2,785810.8,791669.5,XGBoost,provided_only,1,3
"Glass transition temperature (Tg, degC)",67441.55,555624.6,444595.25,XGBoost,provided_only,1,3
Viscosity (mPa.s),14763.4375,299953.3,241678.08,XGBoost,provided_only,1,3
Concentration (% w/v),66817.266,304823.03,167077.39,XGBoost,provided_only,1,3
Molecular weight (Da),-19864.604,962823.94,541371.5,XGBoost,provided_only,1,4
Solubility (mg/mL),35711.227,824536.3,779652.75,XGBoost,provided_only,1,4
"Glass transition temperature (Tg, degC)",62088.43,697631.0,533220.2,XGBoost,provided_only,1,4
Viscosity (mPa.s),29650.248,324993.22,275485.53,XGBoost,provided_only,1,4
Concentration (% w/v),-47868.695,258461.97,202682.69,XGBoost,provided_only,1,4
Molecular weight (Da),98894.05,1.0005163e+06,573635.2,XGBoost,provided_only,1,5
Solubility (mg/mL),-177145.77,727674.1,458172.2,XGBoost,provided_only,1,5
"Glass transition temperature (Tg, degC)",-96213.96,468751.56,393514.8,XGBoost,provided_only,1,5
Viscosity (mPa.s),24367.094,382327.62,384807.66,XGBoost,provided_only,1,5
Concentration (% w/v),31786.09,250790.94,145436.66,XGBoost,provided_only,1,5
Molecular weight (Da),8626.473,882984.9,683435.44,XGBoost,provided_only,2,1
Solubility (mg/mL),-150138.19,805299.7,632719.75,XGBoost,provided_only,2,1
"Glass transition temperature (Tg, degC)",-208501.92,529595.6,394944.97,XGBoost,provided_only,2,1
Viscosity (mPa.s),-73982.83,299583.94,234046.81,XGBoost,provided_only,2,1
Concentration (% w/v),57906.777,245445.55,144685.89,XGBoost,provided_only,2,1
Molecular weight (Da),93070.51,944879.0,640769.9,XGBoost,provided_only,2,2
Solubility (mg/mL),47776.33,898188.44,608301.4,XGBoost,provided_only,2,2
"Glass transition temperature (Tg, degC)",-8123.4927,568401.7,514890.66,XGBoost,provided_only,2,2
Viscosity (mPa.s),-93723.68,312277.72,248463.81,XGBoost,provided_only,2,2
Concentration (% w/v),-51230.01,256914.3,152079.72,XGBoost,provided_only,2,2
Molecular weight (Da),-48586.805,959026.06,539996.44,XGBoost,provided_only,2,3
Solubility (mg/mL),-62035.754,756538.9,718880.5,XGBoost,provided_only,2,3
"Glass transition temperature (Tg, degC)",61493.484,484113.9,405378.53,XGBoost,provided_only,2,3
Viscosity (mPa.s),85526.82,296052.47,283241.66,XGBoost,provided_only,2,3
Concentration (% w/v),12979.215,232418.72,165752.48,XGBoost,provided_only,2,3
Molecular weight (Da),3844.7095,998439.94,486640.44,XGBoost,provided_only,2,4
Solubility (mg/mL),108555.17,814304.9,739164.7,XGBoost,provided_only,2,4
"Glass transition temperature (Tg, degC)",68907.81,583158.7,490847.53,XGBoost,provided_only,2,4
Viscosity (mPa.s),66280.516,299175.03,237854.81,XGBoost,provided_only,2,4
Concentration (% w/v),-42648.367,157516.05,158899.64,XGBoost,provided_only,2,4
Molecular weight (Da),-50082.754,1.0357597e+06,531785.56,XGBoost,provided_only,2,5
Solubility (mg/mL),121033.37,921638.7,1.0015126e+06,XGBoost,provided_only,2,5
"Glass transition temperature (Tg, degC)",29620.379,605548.56,464741.75,XGBoost,provided_only,2,5
Viscosity (mPa.s),21877.1,297169.03,245587.5,XGBoost,provided_only,2,5
Concentration (% w/v),8749.299,294771.66,192469.31,XGBoost,provided_only,2,5
Molecular weight (Da),117327.0,849161.94,552031.2,XGBoost,provided_only,3,1
Solubility (mg/mL),134219.33,811094.06,782841.5,XGBoost,provided_only,3,1
"Glass transition temperature (Tg, degC)",92420.84,583493.75,429765.6,XGBoost,provided_only,3,1
Viscosity (mPa.s),-25219.576,298614.6,326329.12,XGBoost,provided_only,3,1
Concentration (% w/v),15520.36,224687.66,166204.25,XGBoost,provided_only,3,1
Molecular weight (Da),188031.55,1.1045152e+06,632207.2,XGBoost,provided_only,3,2
Solubility (mg/mL),-63902.81,742904.1,644412.1,XGBoost,provided_only,3,2
"Glass transition temperature (Tg, degC)",-130090.086,484799.47,363122.53,XGBoost,provided_only,3,2
Viscosity (mPa.s),7461.557,299116.94,264466.0,XGBoost,provided_only,3,2
Concentration (% w/v),-23881.154,232888.33,154468.78,XGBoost,provided_only,3,2
Molecular weight (Da),-16078.988,823630.8,568114.6,XGBoost,provided_only,3,3
Solubility (mg/mL),321566.0,981351.94,889098.8,XGBoost,provided_only,3,3
"Glass transition temperature (Tg, degC)",1935.6938,606843.2,410149.84,XGBoost,provided_only,3,3
Viscosity (mPa.s),42705.242,307687.2,280882.94,XGBoost,provided_only,3,3
Concentration (% w/v),13437.594,222476.69,166200.03,XGBoost,provided_only,3,3
Molecular weight (Da),-182256.53,970468.2,581286.56,XGBoost,provided_only,3,4
Solubility (mg/mL),-248781.72,763986.1,422037.2,XGBoost,provided_only,3,4
"Glass transition temperature (Tg, degC)",-264575.34,623759.1,514292.66,XGBoost,provided_only,3,4
Viscosity (mPa.s),-16285.223,347923.0,271971.7,XGBoost,provided_only,3,4
Concentration (% w/v),78787.36,270153.2,196289.36,XGBoost,provided_only,3,4
Molecular weight (Da),-71067.24,990547.4,589167.2,XGBoost,provided_only,3,5
Solubility (mg/mL),66618.336,886938.06,859843.9,XGBoost,provided_only,3,5
"Glass transition temperature (Tg, degC)",147133.94,560704.94,492325.1,XGBoost,provided_only,3,5
Viscosity (mPa.s),-79672.55,307442.4,293812.25,XGBoost,provided_only,3,5
Concentration (% w/v),-50886.55,307044.12,187439.1,XGBoost,provided_only,3,5
Molecular weight (Da),-38532.113,954629.75,650785.94,XGBoost,provided_only,4,1
Solubility (mg/mL),-7351.025,867837.25,765159.3,XGBoost,provided_only,4,1
"Glass transition temperature (Tg, degC)",-160158.11,611031.9,514586.25,XGBoost,provided_only,4,1
Viscosity (mPa.s),-19159.043,259413.5,278239.8,XGBoost,provided_only,4,1
Concentration (% w/v),-4268.889,219971.5,171817.14,XGBoost,provided_only,4,1
Molecular weight (Da),106063.91,1.04427606e+06,487201.25,XGBoost,provided_only,4,2
Solubility (mg/mL),5623.429,822223.3,792627.2,XGBoost,provided_only,4,2
"Glass transition temperature (Tg, degC)",25880.176,530181.4,358503.94,XGBoost,provided_only,4,2
Viscosity (mPa.s),-48522.535,374931.62,277692.72,XGBoost,provided_only,4,2
Concentration (% w/v),33727.39,279287.12,174333.53,XGBoost,provided_only,4,2
Molecular weight (Da),-177090.28,931150.44,593037.06,XGBoost,provided_only,4,3
Solubility (mg/mL),-17462.227,807950.1,774767.7,XGBoost,provided_only,4,3
"Glass transition temperature (Tg, degC)",-13609.816,502189.3,521265.4,XGBoost,provided_only,4,3
Viscosity (mPa.s),65085.023,340995.2,284951.2,XGBoost,provided_only,4,3
Concentration (% w/v),-14590.703,206298.9,111703.58,XGBoost,provided_only,4,3
Molecular weight (Da),46561.45,994378.94,478847.12,XGBoost,provided_only,4,4
Solubility (mg/mL),89324.234,872814.06,852451.2,XGBoost,provided_only,4,4
"Glass transition temperature (Tg, degC)",91501.66,514781.47,435601.4,XGBoost,provided_only,4,4
Viscosity (mPa.s),25989.338,256911.08,262809.16,XGBoost,provided_only,4,4
Concentration (% w/v),20562.162,264433.1,171312.16,XGBoost,provided_only,4,4
Molecular weight (Da),-33265.48,868951.25,552957.6,XGBoost,provided_only,4,5
Solubility (mg/mL),26863.602,738724.0,648395.3,XGBoost,provided_only,4,5
"Glass transition temperature (Tg, degC)",9911.748,562711.6,438183.66,XGBoost,provided_only,4,5
Viscosity (mPa.s),-43454.14,293822.03,265277.6,XGBoost,provided_only,4,5
Concentration (% w/v),-34198.875,263915.1,146111.62,XGBoost,provided_only,4,5
Molecular weight (Da),54752.734,1.0215639e+06,531876.9,XGBoost,provided_only,5,1
Solubility (mg/mL),62826.742,902348.7,829403.9,XGBoost,provided_only,5,1
"Glass transition temperature (Tg, degC)",186848.53,543810.25,403941.4,XGBoost,provided_only,5,1
Viscosity (mPa.s),54098.535,358482.56,315550.94,XGBoost,provided_only,5,1
Concentration (% w/v),56693.492,235520.55,183030.8,XGBoost,provided_only,5,1
Molecular weight (Da),-299334.38,920740.06,614327.5,XGBoost,provided_only,5,2
Solubility (mg/mL),-291953.66,761512.6,405600.25,XGBoost,provided_only,5,2
"Glass transition temperature (Tg, degC)",-394689.0,637161.6,387119.7,XGBoost,provided_only,5,2
Viscosity (mPa.s),-10022.167,208334.61,216733.92,XGBoost,provided_only,5,2
Concentration (% w/v),-11977.884,266776.94,173217.11,XGBoost,provided_only,5,2
Molecular weight (Da),104058.07,875805.44,495877.8,XGBoost,provided_only,5,3
Solubility (mg/mL),115171.12,742775.06,735954.25,XGBoost,provided_only,5,3
"Glass transition temperature (Tg, degC)",-126366.7,613393.4,497300.8,XGBoost,provided_only,5,3
Viscosity (mPa.s),-19956.113,228575.44,240769.78,XGBoost,provided_only,5,3
Concentration (% w/v),60930.812,234374.53,148014.34,XGBoost,provided_only,5,3
Molecular weight (Da),-107811.414,944323.9,594663.06,XGBoost,provided_only,5,4
Solubility (mg/mL),255485.94,915168.2,890445.3,XGBoost,provided_only,5,4
"Glass transition temperature (Tg, degC)",53585.766,539354.25,501569.88,XGBoost,provided_only,5,4
Viscosity (mPa.s),-31986.152,305068.22,246180.11,XGBoost,provided_only,5,4
Concentration (% w/v),-62108.59,304554.56,148180.95,XGBoost,provided_only,5,4
Molecular weight (Da),130249.414,1.0711196e+06,556810.1,XGBoost,provided_only,5,5
Solubility (mg/mL),-63027.902,871273.2,856346.2,XGBoost,provided_only,5,5
"Glass transition temperature (Tg, degC)",249522.45,603021.3,573370.5,XGBoost,provided_only,5,5
Viscosity (mPa.s),47305.79,315256.3,295481.44,XGBoost,provided_only,5,5
Concentration (% w/v),14169.116,187166.03,143172.58,XGBoost,provided_only,5,5
Molecular weight (Da),-14185.124,1.0327643e+06,543645.9,XGBoost,provided_only,6,1
Solubility (mg/mL),6210.687,784540.0,872848.94,XGBoost,provided_only,6,1
"Glass transition temperature (Tg, degC)",-15470.807,508287.28,412721.97,XGBoost,provided_only,6,1
Viscosity (mPa.s),-34788.32,361219.47,288136.53,XGBoost,provided_only,6,1
Concentration (% w/v),-30445.807,214267.86,158235.06,XGBoost,provided_only,6,1
Molecular weight (Da),-193225.73,1.0307211e+06,531745.7,XGBoost,provided_only,6,2
Solubility (mg/mL),98030.195,865887.44,780016.0,XGBoost,provided_only,6,2
"Glass transition temperature (Tg, degC)",-63419.59,603672.8,478354.66,XGBoost,provided_only,6,2
Viscosity (mPa.s),-16929.678,312453.06,317445.78,XGBoost,provided_only,6,2
Concentration (% w/v),8914.598,197612.05,136023.66,XGBoost,provided_only,6,2
Molecular weight (Da),66079.945,920626.25,485457.06,XGBoost,provided_only,6,3
Solubility (mg/mL),-78347.875,722871.0,495931.84,XGBoost,provided_only,6,3
"Glass transition temperature (Tg, degC)",-117517.516,533629.06,337936.06,XGBoost,provided_only,6,3
Viscosity (mPa.s),-823.4401,234033.33,220569.23,XGBoost,provided_only,6,3
Concentration (% w/v),13963.446,273931.16,158640.81,XGBoost,provided_only,6,3
Molecular weight (Da),-3519.473,894937.56,634185.94,XGBoost,provided_only,6,4
Solubility (mg/mL),84833.625,911795.8,936774.56,XGBoost,provided_only,6,4
"Glass transition temperature (Tg, degC)",-40532.977,608257.44,509985.47,XGBoost,provided_only,6,4
Viscosity (mPa.s),52639.7,182513.73,136925.02,XGBoost,provided_only,6,4
Concentration (% w/v),75182.48,314963.22,148129.28,XGBoost,provided_only,6,4
Molecular weight (Da),1844.6937,967842.94,585460.94,XGBoost,provided_only,6,5
Solubility (mg/mL),22378.47,816261.3,613749.3,XGBoost,provided_only,6,5
"Glass transition temperature (Tg, degC)",112960.29,565601.56,499314.38,XGBoost,provided_only,6,5
Viscosity (mPa.s),-30114.95,382275.62,291744.25,XGBoost,provided_only,6,5
Concentration (% w/v),8917.333,228831.22,155552.61,XGBoost,provided_only,6,5
Molecular weight (Da),-52528.383,1.0500335e+06,542447.94,XGBoost,provided_only,7,1
Solubility (mg/mL),209379.16,887620.7,824704.4,XGBoost,provided_only,7,1
"Glass transition temperature (Tg, degC)",-42691.598,516667.12,450272.97,XGBoost,provided_only,7,1
Viscosity (mPa.s),96027.16,357117.1,328721.22,XGBoost,provided_only,7,1
Concentration (% w/v),15799.381,231513.89,139343.4,XGBoost,provided_only,7,1
Molecular weight (Da),-149328.98,877239.1,467609.1,XGBoost,provided_only,7,2
Solubility (mg/mL),-85080.47,740459.8,582293.25,XGBoost,provided_only,7,2
"Glass transition temperature (Tg, degC)",-165814.05,595985.6,456200.06,XGBoost,provided_only,7,2
Viscosity (mPa.s),36338.04,286137.8,204683.7,XGBoost,provided_only,7,2
Concentration (% w/v),9964.069,263492.62,169785.11,XGBoost,provided_only,7,2
Molecular weight (Da),-30025.527,1.0681138e+06,582897.75,XGBoost,provided_only,7,3
Solubility (mg/mL),32955.19,839732.56,794380.6,XGBoost,provided_only,7,3
"Glass transition temperature (Tg, degC)",-54400.73,635600.75,511232.0,XGBoost,provided_only,7,3
Viscosity (mPa.s),33985.586,232545.47,230792.25,XGBoost,provided_only,7,3
Concentration (% w/v),-3126.3318,257700.0,156106.62,XGBoost,provided_only,7,3
Molecular weight (Da),-7629.2183,960965.1,609601.6,XGBoost,provided_only,7,4
Solubility (mg/mL),-71800.266,753563.2,647401.06,XGBoost,provided_only,7,4
"Glass transition temperature (Tg, degC)",-68600.3,644594.6,462886.75,XGBoost,provided_only,7,4
Viscosity (mPa.s),-34495.992,213167.17,232415.08,XGBoost,provided_only,7,4
Concentration (% w/v),13778.225,251028.58,159528.81,XGBoost,provided_only,7,4
Molecular weight (Da),69098.42,850382.2,526152.3,XGBoost,provided_only,7,5
Solubility (mg/mL),20951.84,727748.94,798219.56,XGBoost,provided_only,7,5
"Glass transition temperature (Tg, degC)",79232.58,537660.8,435069.6,XGBoost,provided_only,7,5
Viscosity (mPa.s),-82949.766,437499.38,371097.44,XGBoost,provided_only,7,5
Concentration (% w/v),-47811.14,295874.2,175348.39,XGBoost,provided_only,7,5
Molecular weight (Da),247814.55,904517.25,596095.4,XGBoost,provided_only,8,1
Solubility (mg/mL),122627.65,859957.0,788692.6,XGBoost,provided_only,8,1
"Glass transition temperature (Tg, degC)",-203944.6,680806.56,462222.66,XGBoost,provided_only,8,1
Viscosity (mPa.s),-31980.156,272313.9,310169.66,XGBoost,provided_only,8,1
Concentration (% w/v),-51009.723,267822.2,172398.94,XGBoost,provided_only,8,1
Molecular weight (Da),-377585.16,1.0040534e+06,458098.12,XGBoost,provided_only,8,2
Solubility (mg/mL),186874.78,887206.7,870203.4,XGBoost,provided_only,8,2
"Glass transition temperature (Tg, degC)",-10163.2295,554392.1,497448.84,XGBoost,provided_only,8,2
Viscosity (mPa.s),-55785.88,261932.28,206213.9,XGBoost,provided_only,8,2
Concentration (% w/v),-101916.27,269172.94,194546.6,XGBoost,provided_only,8,2
Molecular weight (Da),-56161.555,880866.7,635093.75,XGBoost,provided_only,8,3
Solubility (mg/mL),271912.7,859717.94,852079.75,XGBoost,provided_only,8,3
"Glass transition temperature (Tg, degC)",141372.25,587787.3,523287.2,XGBoost,provided_only,8,3
Viscosity (mPa.s),-89744.21,404134.56,373192.12,XGBoost,provided_only,8,3
Concentration (% w/v),78025.37,205096.03,139069.47,XGBoost,provided_only,8,3
Molecular weight (Da),211432.42,990968.94,528830.7,XGBoost,provided_only,8,4
Solubility (mg/mL),-292884.28,765857.2,569206.3,XGBoost,provided_only,8,4
"Glass transition temperature (Tg, degC)",113016.016,483906.12,412568.38,XGBoost,provided_only,8,4
Viscosity (mPa.s),-4828.645,279229.9,276258.22,XGBoost,provided_only,8,4
Concentration (% w/v),104034.6,270885.94,135809.34,XGBoost,provided_only,8,4
Molecular weight (Da),-160304.86,1.0385319e+06,493429.28,XGBoost,provided_only,8,5
Solubility (mg/mL),-287660.8,735106.0,503536.28,XGBoost,provided_only,8,5
"Glass transition temperature (Tg, degC)",-91978.07,529717.8,363883.9,XGBoost,provided_only,8,5
Viscosity (mPa.s),56052.832,303066.6,371366.84,XGBoost,provided_only,8,5
Concentration (% w/v),38864.44,270428.12,176176.86,XGBoost,provided_only,8,5
Molecular weight (Da),-127554.82,952038.06,532604.9,XGBoost,provided_only,9,1
Solubility (mg/mL),12324.622,759916.25,713846.94,XGBoost,provided_only,9,1
"Glass transition temperature (Tg, degC)",-168276.58,633051.56,429446.38,XGBoost,provided_only,9,1
Viscosity (mPa.s),37687.258,244001.08,234843.86,XGBoost,provided_only,9,1
Concentration (% w/v),-3669.6453,281068.56,126061.43,XGBoost,provided_only,9,1
Molecular weight (Da),-135465.58,1.1173871e+06,628233.94,XGBoost,provided_only,9,2
Solubility (mg/mL),58253.555,880462.3,799319.2,XGBoost,provided_only,9,2
"Glass transition temperature (Tg, degC)",64662.27,520970.8,427168.44,XGBoost,provided_only,9,2
Viscosity (mPa.s),114017.086,311224.94,267623.28,XGBoost,provided_only,9,2
Concentration (% w/v),-30058.92,183340.55,157732.3,XGBoost,provided_only,9,2
Molecular weight (Da),231839.17,857468.9,542592.1,XGBoost,provided_only,9,3
Solubility (mg/mL),47861.18,842359.44,794542.6,XGBoost,provided_only,9,3
"Glass transition temperature (Tg, degC)",50379.164,539518.3,483801.0,XGBoost,provided_only,9,3
Viscosity (mPa.s),-39437.7,235590.94,243499.08,XGBoost,provided_only,9,3
Concentration (% w/v),15118.046,293823.2,148779.25,XGBoost,provided_only,9,3
Molecular weight (Da),-174484.6,979947.2,569862.75,XGBoost,provided_only,9,4
Solubility (mg/mL),129359.516,904213.3,955199.75,XGBoost,provided_only,9,4
"Glass transition temperature (Tg, degC)",-54236.45,702414.1,472431.22,XGBoost,provided_only,9,4
Viscosity (mPa.s),-6412.3667,340116.94,390079.12,XGBoost,provided_only,9,4
Concentration (% w/v),48089.52,233367.0,181318.88,XGBoost,provided_only,9,4
Molecular weight (Da),225924.61,1.0252307e+06,502300.4,XGBoost,provided_only,9,5
Solubility (mg/mL),-81438.07,685027.6,462288.5,XGBoost,provided_only,9,5
"Glass transition temperature (Tg, degC)",33246.723,570216.56,489288.8,XGBoost,provided_only,9,5
Viscosity (mPa.s),-5024.263,351424.56,289619.9,XGBoost,provided_only,9,5
Concentration (% w/v),21041.518,294450.44,195739.77,XGBoost,provided_only,9,5
Molecular weight (Da),56128.953,818132.9,524121.22,XGBoost,provided_only,10,1
Solubility (mg/mL),-176454.39,740148.75,520760.6,XGBoost,provided_only,10,1
"Glass transition temperature (Tg, degC)",-137193.53,595830.8,432037.97,XGBoost,provided_only,10,1
Viscosity (mPa.s),-9996.885,276057.03,216401.16,XGBoost,provided_only,10,1
Concentration (% w/v),42336.25,194653.08,150690.38,XGBoost,provided_only,10,1
Molecular weight (Da),84950.336,1.1094155e+06,482075.25,XGBoost,provided_only,10,2
Solubility (mg/mL),-18638.105,881159.2,947574.3,XGBoost,provided_only,10,2
"Glass transition temperature (Tg, degC)",-45680.535,456526.78,410204.4,XGBoost,provided_only,10,2
Viscosity (mPa.s),13685.623,319324.2,251731.3,XGBoost,provided_only,10,2
Concentration (% w/v),-29595.68,285154.6,179841.05,XGBoost,provided_only,10,2
Molecular weight (Da),8125.1616,902970.4,547750.25,XGBoost,provided_only,10,3
Solubility (mg/mL),129027.14,805799.4,716616.7,XGBoost,provided_only,10,3
"Glass transition temperature (Tg, degC)",26888.62,593129.94,530371.8,XGBoost,provided_only,10,3
Viscosity (mPa.s),72928.42,241449.03,251029.48,XGBoost,provided_only,10,3
Concentration (% w/v),41145.21,234495.58,139772.84,XGBoost,provided_only,10,3
Molecular weight (Da),-100798.875,969578.25,617938.3,XGBoost,provided_only,10,4
Solubility (mg/mL),148331.36,831351.25,661295.7,XGBoost,provided_only,10,4
"Glass transition temperature (Tg, degC)",708.41876,486489.4,388761.34,XGBoost,provided_only,10,4
Viscosity (mPa.s),10521.327,362180.2,338232.4,XGBoost,provided_only,10,4
Concentration (% w/v),417.21353,273916.8,125892.04,XGBoost,provided_only,10,4
Molecular weight (Da),-172593.1,872680.4,550998.8,XGBoost,provided_only,10,5
Solubility (mg/mL),-13231.333,746017.25,682035.25,XGBoost,provided_only,10,5
"Glass transition temperature (Tg, degC)",14463.457,621692.1,478420.94,XGBoost,provided_only,10,5
Viscosity (mPa.s),-46459.75,322376.7,283008.3,XGBoost,provided_only,10,5
Concentration (% w/v),-25077.033,261739.25,145626.97,XGBoost,provided_only,10,5
Molecular weight (Da),128.98177,28922.613,29753.342,XGBoost,provided_plus_rdkit_descriptors,1,1
Solubility (mg/mL),187003.19,558371.9,645847.1,XGBoost,provided_plus_rdkit_descriptors,1,1
"Glass transition temperature (Tg, degC)",-6161.4517,249532.22,204664.77,XGBoost,provided_plus_rdkit_descriptors,1,1
Viscosity (mPa.s),25851.42,180708.28,129722.266,XGBoost,provided_plus_rdkit_descriptors,1,1
Concentration (% w/v),-34033.367,252894.83,140893.52,XGBoost,provided_plus_rdkit_descriptors,1,1
rdkit_MaxAbsEStateIndex,-4630.645,57517.01,60630.043,XGBoost,provided_plus_rdkit_descriptors,1,1
rdkit_MaxEStateIndex,0.0,0.0,0.0,XGBoost,provided_plus_rdkit_descriptors,1,1
rdkit_MinAbsEStateIndex,-7148.94,52326.67,52335.227,XGBoost,provided_plus_rdkit_descriptors,1,1
rdkit_MinEStateIndex,-4401.318,45295.95,30203.215,XGBoost,provided_plus_rdkit_descriptors,1,1
rdkit_qed,6440.554,86155.305,79357.77,XGBoost,provided_plus_rdkit_descriptors,1,1
rdkit_SPS,-1325.8737,12956.655,10523.676,XGBoost,provided_plus_rdkit_descriptors,1,1
rdkit_MolWt,0.0,0.0,0.0,XGBoost,provided_plus_rdkit_descriptors,1,1
rdkit_HeavyAtomMolWt,0.0,0.0,0.0,XGBoost,provided_plus_rdkit_descriptors,1,1
rdkit_ExactMolWt,0.0,0.0,0.0,XGBoost,provided_plus_rdkit_descriptors,1,1
rdkit_NumValenceElectrons,0.0,0.0,0.0,XGBoost,provided_plus_rdkit_descriptors,1,1
rdkit_MaxPartialCharge,-29391.676,49340.816,40540.36,XGBoost,provided_plus_rdkit_descriptors,1,1
rdkit_MinPartialCharge,-10636.797,66333.27,36005.176,XGBoost,provided_plus_rdkit_descriptors,1,1
rdkit_MaxAbsPartialCharge,-1836.4746,10931.391,11927.419,XGBoost,provided_plus_rdkit_descriptors,1,1
rdkit_MinAbsPartialCharge,0.0,0.0,0.0,XGBoost,provided_plus_rdkit_descriptors,1,1
rdkit_FpDensityMorgan1,26269.889,48161.023,48905.81,XGBoost,provided_plus_rdkit_descriptors,1,1
rdkit_FpDensityMorgan2,2029.3654,23112.336,13044.6045,XGBoost,provided_plus_rdkit_descriptors,1,1
rdkit_FpDensityMorgan3,697.74835,51130.246,38690.94,XGBoost,provided_plus_rdkit_descriptors,1,1
rdkit_BCUT2D_MWHI,-2049.7998,8116.8423,8901.672,XGBoost,provided_plus_rdkit_descriptors,1,1
rdkit_BCUT2D_MWLOW,-2493.4639,24490.795,20645.502,XGBoost,provided_plus_rdkit_descriptors,1,1
rdkit_BCUT2D_CHGHI,-17187.205,39476.34,29615.87,XGBoost,provided_plus_rdkit_descriptors,1,1
rdkit_BCUT2D_CHGLO,28324.498,58124.766,69281.9,XGBoost,provided_plus_rdkit_descriptors,1,1
rdkit_BCUT2D_LOGPHI,-6107.749,20669.717,24818.65,XGBoost,provided_plus_rdkit_descriptors,1,1
rdkit_BCUT2D_LOGPLOW,3505.299,19248.207,14833.866,XGBoost,provided_plus_rdkit_descriptors,1,1
rdkit_BCUT2D_MRHI,9372.604,94949.68,97875.16,XGBoost,provided_plus_rdkit_descriptors,1,1
rdkit_BCUT2D_MRLOW,-4921.979,14332.379,12638.608,XGBoost,provided_plus_rdkit_descriptors,1,1
rdkit_AvgIpc,-76764.76,102457.41,87622.36,XGBoost,provided_plus_rdkit_descriptors,1,1
rdkit_BalabanJ,-10745.616,27282.94,24625.553,XGBoost,provided_plus_rdkit_descriptors,1,1
rdkit_BertzCT,-13734.896,44387.027,25999.13,XGBoost,provided_plus_rdkit_descriptors,1,1
rdkit_Chi0,1478.8136,3333.8071,3911.6467,XGBoost,provided_plus_rdkit_descriptors,1,1
rdkit_Chi0n,-2972.2117,6314.4653,6445.347,XGBoost,provided_plus_rdkit_descriptors,1,1
rdkit_Chi0v,519.4814,64064.49,57997.58,XGBoost,provided_plus_rdkit_descriptors,1,1
rdkit_Chi1,-892.8457,2829.2798,2623.26,XGBoost,provided_plus_rdkit_descriptors,1,1
rdkit_Chi1n,-76.27097,2583.607,1701.4708,XGBoost,provided_plus_rdkit_descriptors,1,1
rdkit_Chi1v,1127.6854,2665.2024,3793.412,XGBoost,provided_plus_rdkit_descriptors,1,1
rdkit_Chi2n,-1497.3353,7922.1753,6622.5093,XGBoost,provided_plus_rdkit_descriptors,1,1
rdkit_Chi2v,243.17839,556.00964,448.68726,XGBoost,provided_plus_rdkit_descriptors,1,1
rdkit_Chi3n,-614.78546,1078.2535,894.9304,XGBoost,provided_plus_rdkit_descriptors,1,1
rdkit_Chi3v,15051.053,42417.773,38989.33,XGBoost,provided_plus_rdkit_descriptors,1,1
rdkit_Chi4n,0.0,0.0,0.0,XGBoost,provided_plus_rdkit_descriptors,1,1
rdkit_Chi4v,-159.53491,1296.1024,919.59686,XGBoost,provided_plus_rdkit_descriptors,1,1
rdkit_HallKierAlpha,592.01666,144624.02,75777.46,XGBoost,provided_plus_rdkit_descriptors,1,1
rdkit_Ipc,-4892.205,10260.245,9473.587,XGBoost,provided_plus_rdkit_descriptors,1,1
rdkit_Kappa1,914.9951,6846.5186,8160.9062,XGBoost,provided_plus_rdkit_descriptors,1,1
rdkit_Kappa2,-511.71564,9650.384,9385.983,XGBoost,provided_plus_rdkit_descriptors,1,1
rdkit_Kappa3,-1266.2594,8205.321,6105.191,XGBoost,provided_plus_rdkit_descriptors,1,1
rdkit_LabuteASA,0.0,0.0,0.0,XGBoost,provided_plus_rdkit_descriptors,1,1
rdkit_PEOE_VSA1,6473.4834,28046.857,32041.867,XGBoost,provided_plus_rdkit_descriptors,1,1
rdkit_PEOE_VSA10,768.7674,3091.1926,2776.5813,XGBoost,provided_plus_rdkit_descriptors,1,1
rdkit_PEOE_VSA11,-16773.129,79558.7,70839.336,XGBoost,provided_plus_rdkit_descriptors,1,1
rdkit_PEOE_VSA12,-781.8302,1762.0424,1757.1504,XGBoost,provided_plus_rdkit_descriptors,1,1
rdkit_PEOE_VSA14,0.0,0.0,0.0,XGBoost,provided_plus_rdkit_descriptors,1,1
rdkit_PEOE_VSA2,20.059969,709.676,1066.9124,XGBoost,provided_plus_rdkit_descriptors,1,1
rdkit_PEOE_VSA3,0.0,0.0,0.0,XGBoost,provided_plus_rdkit_descriptors,1,1
rdkit_PEOE_VSA5,0.0,0.0,0.0,XGBoost,provided_plus_rdkit_descriptors,1,1
rdkit_PEOE_VSA6,25.740955,425.50958,1518.7837,XGBoost,provided_plus_rdkit_descriptors,1,1
rdkit_PEOE_VSA7,-101.88954,300.3483,534.2333,XGBoost,provided_plus_rdkit_descriptors,1,1
rdkit_PEOE_VSA8,647.4187,1617.6984,3606.708,XGBoost,provided_plus_rdkit_descriptors,1,1
rdkit_PEOE_VSA9,383.20605,3355.4133,3984.3257,XGBoost,provided_plus_rdkit_descriptors,1,1
rdkit_SMR_VSA1,-3509.7258,10453.404,11626.683,XGBoost,provided_plus_rdkit_descriptors,1,1
rdkit_SMR_VSA10,3471.7659,6554.2783,5430.0522,XGBoost,provided_plus_rdkit_descriptors,1,1
rdkit_SMR_VSA3,0.0,0.0,0.0,XGBoost,provided_plus_rdkit_descriptors,1,1
rdkit_SMR_VSA4,0.0,0.0,0.0,XGBoost,provided_plus_rdkit_descriptors,1,1
rdkit_SMR_VSA5,-2106.3389,7971.463,8284.117,XGBoost,provided_plus_rdkit_descriptors,1,1
rdkit_SMR_VSA6,-231.94061,5148.1123,6208.55,XGBoost,provided_plus_rdkit_descriptors,1,1
rdkit_SMR_VSA7,0.0,0.0,0.0,XGBoost,provided_plus_rdkit_descriptors,1,1
rdkit_SlogP_VSA1,0.0,0.0,0.0,XGBoost,provided_plus_rdkit_descriptors,1,1
rdkit_SlogP_VSA12,0.0,0.0,0.0,XGBoost,provided_plus_rdkit_descriptors,1,1
rdkit_SlogP_VSA2,-19260.5,109728.6,63241.914,XGBoost,provided_plus_rdkit_descriptors,1,1
rdkit_SlogP_VSA3,1489.469,18123.521,12159.293,XGBoost,provided_plus_rdkit_descriptors,1,1
rdkit_SlogP_VSA4,0.0,0.0,0.0,XGBoost,provided_plus_rdkit_descriptors,1,1
rdkit_SlogP_VSA5,-511.03363,11802.692,12485.003,XGBoost,provided_plus_rdkit_descriptors,1,1
rdkit_SlogP_VSA6,0.0,0.0,0.0,XGBoost,provided_plus_rdkit_descriptors,1,1
rdkit_TPSA,0.0,0.0,0.0,XGBoost,provided_plus_rdkit_descriptors,1,1
rdkit_EState_VSA1,29822.594,57972.1,61707.582,XGBoost,provided_plus_rdkit_descriptors,1,1
rdkit_EState_VSA10,25697.193,748884.1,345506.62,XGBoost,provided_plus_rdkit_descriptors,1,1
rdkit_EState_VSA2,-6826.0376,35100.23,76287.71,XGBoost,provided_plus_rdkit_descriptors,1,1
rdkit_EState_VSA3,-332.4136,338.507,146.18808,XGBoost,provided_plus_rdkit_descriptors,1,1
rdkit_EState_VSA4,0.0,0.0,0.0,XGBoost,provided_plus_rdkit_descriptors,1,1
rdkit_EState_VSA5,26.55683,663.31366,944.3475,XGBoost,provided_plus_rdkit_descriptors,1,1
rdkit_EState_VSA6,0.0,0.0,0.0,XGBoost,provided_plus_rdkit_descriptors,1,1
rdkit_EState_VSA7,0.0,0.0,0.0,XGBoost,provided_plus_rdkit_descriptors,1,1
rdkit_EState_VSA8,-949.9336,3413.8687,4213.9277,XGBoost,provided_plus_rdkit_descriptors,1,1
rdkit_EState_VSA9,-1369.8927,74353.57,46967.734,XGBoost,provided_plus_rdkit_descriptors,1,1
rdkit_VSA_EState1,612.1219,3316.9683,3066.1372,XGBoost,provided_plus_rdkit_descriptors,1,1
rdkit_VSA_EState10,0.0,0.0,0.0,XGBoost,provided_plus_rdkit_descriptors,1,1
rdkit_VSA_EState2,114.70899,2148.0027,2630.5984,XGBoost,provided_plus_rdkit_descriptors,1,1
rdkit_VSA_EState3,33146.8,78543.92,104309.03,XGBoost,provided_plus_rdkit_descriptors,1,1
rdkit_VSA_EState4,0.0,0.0,0.0,XGBoost,provided_plus_rdkit_descriptors,1,1
rdkit_VSA_EState5,11.60954,1059.9628,1333.002,XGBoost,provided_plus_rdkit_descriptors,1,1
rdkit_VSA_EState6,0.0,0.0,0.0,XGBoost,provided_plus_rdkit_descriptors,1,1
rdkit_VSA_EState7,1699.0851,24736.162,25363.445,XGBoost,provided_plus_rdkit_descriptors,1,1
rdkit_VSA_EState8,14739.643,250406.16,249886.52,XGBoost,provided_plus_rdkit_descriptors,1,1
rdkit_VSA_EState9,0.0,0.0,0.0,XGBoost,provided_plus_rdkit_descriptors,1,1
rdkit_FractionCSP3,153.53659,976.9058,767.979,XGBoost,provided_plus_rdkit_descriptors,1,1
rdkit_HeavyAtomCount,0.0,0.0,0.0,XGBoost,provided_plus_rdkit_descriptors,1,1
rdkit_NHOHCount,0.0,0.0,0.0,XGBoost,provided_plus_rdkit_descriptors,1,1
rdkit_NOCount,0.0,0.0,0.0,XGBoost,provided_plus_rdkit_descriptors,1,1
rdkit_NumAliphaticCarbocycles,0.0,0.0,0.0,XGBoost,provided_plus_rdkit_descriptors,1,1
rdkit_NumAliphaticHeterocycles,0.0,0.0,0.0,XGBoost,provided_plus_rdkit_descriptors,1,1
rdkit_NumAliphaticRings,0.0,0.0,0.0,XGBoost,provided_plus_rdkit_descriptors,1,1
rdkit_NumAmideBonds,0.0,0.0,0.0,XGBoost,provided_plus_rdkit_descriptors,1,1
rdkit_NumAtomStereoCenters,737.5642,1297.0496,2249.4966,XGBoost,provided_plus_rdkit_descriptors,1,1
rdkit_NumBridgeheadAtoms,0.0,0.0,0.0,XGBoost,provided_plus_rdkit_descriptors,1,1
rdkit_NumHAcceptors,0.0,0.0,0.0,XGBoost,provided_plus_rdkit_descriptors,1,1
rdkit_NumHDonors,798.1251,7986.124,4379.0435,XGBoost,provided_plus_rdkit_descriptors,1,1
rdkit_NumHeteroatoms,0.0,0.0,0.0,XGBoost,provided_plus_rdkit_descriptors,1,1
rdkit_NumHeterocycles,0.0,0.0,0.0,XGBoost,provided_plus_rdkit_descriptors,1,1
rdkit_NumRotatableBonds,-1923.5051,3403.3767,2758.2686,XGBoost,provided_plus_rdkit_descriptors,1,1
rdkit_NumSaturatedCarbocycles,0.0,0.0,0.0,XGBoost,provided_plus_rdkit_descriptors,1,1
rdkit_NumSaturatedHeterocycles,0.0,0.0,0.0,XGBoost,provided_plus_rdkit_descriptors,1,1
rdkit_NumSaturatedRings,0.0,0.0,0.0,XGBoost,provided_plus_rdkit_descriptors,1,1
rdkit_NumUnspecifiedAtomStereoCenters,0.0,0.0,0.0,XGBoost,provided_plus_rdkit_descriptors,1,1
rdkit_Phi,-903.34204,2911.5278,3379.396,XGBoost,provided_plus_rdkit_descriptors,1,1
rdkit_RingCount,0.0,0.0,0.0,XGBoost,provided_plus_rdkit_descriptors,1,1
rdkit_MolLogP,-36868.88,93838.266,56662.004,XGBoost,provided_plus_rdkit_descriptors,1,1
rdkit_MolMR,2678.6548,9796.419,11883.711,XGBoost,provided_plus_rdkit_descriptors,1,1
rdkit_fr_Al_COO,0.0,0.0,0.0,XGBoost,provided_plus_rdkit_descriptors,1,1
rdkit_fr_Al_OH,0.0,0.0,0.0,XGBoost,provided_plus_rdkit_descriptors,1,1
rdkit_fr_Al_OH_noTert,0.0,0.0,0.0,XGBoost,provided_plus_rdkit_descriptors,1,1
rdkit_fr_COO,0.0,0.0,0.0,XGBoost,provided_plus_rdkit_descriptors,1,1
rdkit_fr_COO2,0.0,0.0,0.0,XGBoost,provided_plus_rdkit_descriptors,1,1
rdkit_fr_C_O,0.0,0.0,0.0,XGBoost,provided_plus_rdkit_descriptors,1,1
rdkit_fr_C_O_noCOO,0.0,0.0,0.0,XGBoost,provided_plus_rdkit_descriptors,1,1
rdkit_fr_NH1,0.0,0.0,0.0,XGBoost,provided_plus_rdkit_descriptors,1,1
rdkit_fr_NH2,0.0,0.0,0.0,XGBoost,provided_plus_rdkit_descriptors,1,1
rdkit_fr_aldehyde,-315.22717,3675.3333,3601.0266,XGBoost,provided_plus_rdkit_descriptors,1,1
rdkit_fr_alkyl_halide,0.0,0.0,0.0,XGBoost,provided_plus_rdkit_descriptors,1,1
rdkit_fr_allylic_oxid,0.0,0.0,0.0,XGBoost,provided_plus_rdkit_descriptors,1,1
rdkit_fr_amide,0.0,0.0,0.0,XGBoost,provided_plus_rdkit_descriptors,1,1
rdkit_fr_bicyclic,0.0,0.0,0.0,XGBoost,provided_plus_rdkit_descriptors,1,1
rdkit_fr_ether,0.0,0.0,0.0,XGBoost,provided_plus_rdkit_descriptors,1,1
rdkit_fr_halogen,0.0,0.0,0.0,XGBoost,provided_plus_rdkit_descriptors,1,1
rdkit_fr_ketone,0.0,0.0,0.0,XGBoost,provided_plus_rdkit_descriptors,1,1
rdkit_fr_ketone_Topliss,0.0,0.0,0.0,XGBoost,provided_plus_rdkit_descriptors,1,1
rdkit_fr_methoxy,0.0,0.0,0.0,XGBoost,provided_plus_rdkit_descriptors,1,1
rdkit_fr_phos_acid,0.0,0.0,0.0,XGBoost,provided_plus_rdkit_descriptors,1,1
rdkit_fr_phos_ester,0.0,0.0,0.0,XGBoost,provided_plus_rdkit_descriptors,1,1
Molecular weight (Da),-3340.9128,26080.176,26015.828,XGBoost,provided_plus_rdkit_descriptors,1,2
Solubility (mg/mL),-40376.16,518949.38,558706.2,XGBoost,provided_plus_rdkit_descriptors,1,2
"Glass transition temperature (Tg, degC)",67816.5,280100.16,254414.11,XGBoost,provided_plus_rdkit_descriptors,1,2
Viscosity (mPa.s),37.609245,192118.69,152881.73,XGBoost,provided_plus_rdkit_descriptors,1,2
Concentration (% w/v),27060.154,243650.95,126644.4,XGBoost,provided_plus_rdkit_descriptors,1,2
rdkit_MaxAbsEStateIndex,26127.197,49654.723,58300.277,XGBoost,provided_plus_rdkit_descriptors,1,2
rdkit_MaxEStateIndex,0.0,0.0,0.0,XGBoost,provided_plus_rdkit_descriptors,1,2
rdkit_MinAbsEStateIndex,1950.5802,31781.008,38051.977,XGBoost,provided_plus_rdkit_descriptors,1,2
rdkit_MinEStateIndex,8085.1665,26872.262,29024.125,XGBoost,provided_plus_rdkit_descriptors,1,2
rdkit_qed,-2082.909,105149.98,76689.125,XGBoost,provided_plus_rdkit_descriptors,1,2
rdkit_SPS,13440.062,51676.543,35092.23,XGBoost,provided_plus_rdkit_descriptors,1,2
rdkit_MolWt,0.0,0.0,0.0,XGBoost,provided_plus_rdkit_descriptors,1,2
rdkit_HeavyAtomMolWt,0.0,0.0,0.0,XGBoost,provided_plus_rdkit_descriptors,1,2
rdkit_ExactMolWt,0.0,0.0,0.0,XGBoost,provided_plus_rdkit_descriptors,1,2
rdkit_NumValenceElectrons,0.0,0.0,0.0,XGBoost,provided_plus_rdkit_descriptors,1,2
rdkit_MaxPartialCharge,-34246.68,106003.11,65670.625,XGBoost,provided_plus_rdkit_descriptors,1,2
rdkit_MinPartialCharge,-23374.941,102423.18,55348.312,XGBoost,provided_plus_rdkit_descriptors,1,2
rdkit_MaxAbsPartialCharge,-599.3948,11025.405,12097.079,XGBoost,provided_plus_rdkit_descriptors,1,2
rdkit_MinAbsPartialCharge,0.0,0.0,0.0,XGBoost,provided_plus_rdkit_descriptors,1,2
rdkit_FpDensityMorgan1,11269.065,37836.547,22450.12,XGBoost,provided_plus_rdkit_descriptors,1,2
rdkit_FpDensityMorgan2,-1963.5493,19634.863,18353.82,XGBoost,provided_plus_rdkit_descriptors,1,2
rdkit_FpDensityMorgan3,-4634.747,18376.447,23021.742,XGBoost,provided_plus_rdkit_descriptors,1,2
rdkit_BCUT2D_MWHI,1933.5659,22586.262,18854.154,XGBoost,provided_plus_rdkit_descriptors,1,2
rdkit_BCUT2D_MWLOW,-6135.1865,39794.098,33824.66,XGBoost,provided_plus_rdkit_descriptors,1,2
rdkit_BCUT2D_CHGHI,-1747.9327,31819.598,20616.707,XGBoost,provided_plus_rdkit_descriptors,1,2
rdkit_BCUT2D_CHGLO,-10106.721,32201.885,35676.062,XGBoost,provided_plus_rdkit_descriptors,1,2
rdkit_BCUT2D_LOGPHI,47.416927,804.3455,847.15405,XGBoost,provided_plus_rdkit_descriptors,1,2
rdkit_BCUT2D_LOGPLOW,-58.466103,2226.7075,1692.6929,XGBoost,provided_plus_rdkit_descriptors,1,2
rdkit_BCUT2D_MRHI,-22901.355,88518.18,80814.84,XGBoost,provided_plus_rdkit_descriptors,1,2
rdkit_BCUT2D_MRLOW,-3092.3362,18937.125,17165.527,XGBoost,provided_plus_rdkit_descriptors,1,2
rdkit_AvgIpc,15314.912,143381.22,221058.58,XGBoost,provided_plus_rdkit_descriptors,1,2
rdkit_BalabanJ,-16778.332,40377.332,42284.133,XGBoost,provided_plus_rdkit_descriptors,1,2
rdkit_BertzCT,395.78195,2384.0657,2245.8286,XGBoost,provided_plus_rdkit_descriptors,1,2
rdkit_Chi0,0.0,0.0,0.0,XGBoost,provided_plus_rdkit_descriptors,1,2
rdkit_Chi0n,-327.9518,5116.913,5734.8623,XGBoost,provided_plus_rdkit_descriptors,1,2
rdkit_Chi0v,25805.559,68993.664,48455.42,XGBoost,provided_plus_rdkit_descriptors,1,2
rdkit_Chi1,63.725956,5870.768,6149.738,XGBoost,provided_plus_rdkit_descriptors,1,2
rdkit_Chi1n,-163.03165,786.17065,1030.1896,XGBoost,provided_plus_rdkit_descriptors,1,2
rdkit_Chi1v,0.0,0.0,0.0,XGBoost,provided_plus_rdkit_descriptors,1,2
rdkit_Chi2n,1188.4551,5259.113,4478.814,XGBoost,provided_plus_rdkit_descriptors,1,2
rdkit_Chi2v,1178.3221,2161.523,2868.8794,XGBoost,provided_plus_rdkit_descriptors,1,2
rdkit_Chi3n,0.0,0.0,0.0,XGBoost,provided_plus_rdkit_descriptors,1,2
rdkit_Chi3v,1169.8188,1801.2675,2523.098,XGBoost,provided_plus_rdkit_descriptors,1,2
rdkit_Chi4n,0.0,0.0,0.0,XGBoost,provided_plus_rdkit_descriptors,1,2
rdkit_Chi4v,1108.881,4835.9155,5245.7783,XGBoost,provided_plus_rdkit_descriptors,1,2
rdkit_HallKierAlpha,-116709.33,253865.61,170953.66,XGBoost,provided_plus_rdkit_descriptors,1,2
rdkit_Ipc,-1180.646,18389.584,10440.256,XGBoost,provided_plus_rdkit_descriptors,1,2
rdkit_Kappa1,-6313.899,13832.53,15865.561,XGBoost,provided_plus_rdkit_descriptors,1,2
rdkit_Kappa2,330.90665,5331.2666,3977.2136,XGBoost,provided_plus_rdkit_descriptors,1,2
rdkit_Kappa3,-6495.179,28969.662,26449.107,XGBoost,provided_plus_rdkit_descriptors,1,2
rdkit_LabuteASA,0.0,0.0,0.0,XGBoost,provided_plus_rdkit_descriptors,1,2
rdkit_PEOE_VSA1,-2264.9229,27192.283,37437.34,XGBoost,provided_plus_rdkit_descriptors,1,2
rdkit_PEOE_VSA10,4700.72,24205.0,23716.412,XGBoost,provided_plus_rdkit_descriptors,1,2
rdkit_PEOE_VSA11,-11722.452,63634.418,53531.043,XGBoost,provided_plus_rdkit_descriptors,1,2
rdkit_PEOE_VSA12,305.8446,940.68915,1837.6163,XGBoost,provided_plus_rdkit_descriptors,1,2
rdkit_PEOE_VSA14,0.0,0.0,0.0,XGBoost,provided_plus_rdkit_descriptors,1,2
rdkit_PEOE_VSA2,0.0,0.0,0.0,XGBoost,provided_plus_rdkit_descriptors,1,2
rdkit_PEOE_VSA3,0.0,0.0,0.0,XGBoost,provided_plus_rdkit_descriptors,1,2
rdkit_PEOE_VSA5,0.0,0.0,0.0,XGBoost,provided_plus_rdkit_descriptors,1,2
rdkit_PEOE_VSA6,0.0,0.0,0.0,XGBoost,provided_plus_rdkit_descriptors,1,2
rdkit_PEOE_VSA7,487.07483,1347.2565,3535.8958,XGBoost,provided_plus_rdkit_descriptors,1,2
rdkit_PEOE_VSA8,405.03445,2152.387,4831.044,XGBoost,provided_plus_rdkit_descriptors,1,2
rdkit_PEOE_VSA9,395.5346,4737.702,7216.9087,XGBoost,provided_plus_rdkit_descriptors,1,2
rdkit_SMR_VSA1,-276.12442,683.3165,1303.1215,XGBoost,provided_plus_rdkit_descriptors,1,2
rdkit_SMR_VSA10,-258.91336,2320.3513,2790.6519,XGBoost,provided_plus_rdkit_descriptors,1,2
rdkit_SMR_VSA3,65.357445,453.92886,967.1802,XGBoost,provided_plus_rdkit_descriptors,1,2
rdkit_SMR_VSA4,0.0,0.0,0.0,XGBoost,provided_plus_rdkit_descriptors,1,2
rdkit_SMR_VSA5,-4541.001,19888.107,16006.03,XGBoost,provided_plus_rdkit_descriptors,1,2
rdkit_SMR_VSA6,-227.79564,4270.7925,3635.6277,XGBoost,provided_plus_rdkit_descriptors,1,2
rdkit_SMR_VSA7,0.0,0.0,0.0,XGBoost,provided_plus_rdkit_descriptors,1,2
rdkit_SlogP_VSA1,0.0,0.0,0.0,XGBoost,provided_plus_rdkit_descriptors,1,2
rdkit_SlogP_VSA12,0.0,0.0,0.0,XGBoost,provided_plus_rdkit_descriptors,1,2
rdkit_SlogP_VSA2,-11081.204,32001.111,20539.463,XGBoost,provided_plus_rdkit_descriptors,1,2
rdkit_SlogP_VSA3,438.97968,7770.0264,6002.6562,XGBoost,provided_plus_rdkit_descriptors,1,2
rdkit_SlogP_VSA4,0.0,0.0,0.0,XGBoost,provided_plus_rdkit_descriptors,1,2
rdkit_SlogP_VSA5,-2908.6633,10813.068,12340.022,XGBoost,provided_plus_rdkit_descriptors,1,2
rdkit_SlogP_VSA6,0.0,0.0,0.0,XGBoost,provided_plus_rdkit_descriptors,1,2
rdkit_TPSA,435.54733,2666.8506,3158.361,XGBoost,provided_plus_rdkit_descriptors,1,2
rdkit_EState_VSA1,-26.74207,6754.327,4985.0312,XGBoost,provided_plus_rdkit_descriptors,1,2
rdkit_EState_VSA10,-119606.64,670461.9,299972.12,XGBoost,provided_plus_rdkit_descriptors,1,2
rdkit_EState_VSA2,11662.558,25941.406,72488.77,XGBoost,provided_plus_rdkit_descriptors,1,2
rdkit_EState_VSA3,0.0,0.0,0.0,XGBoost,provided_plus_rdkit_descriptors,1,2
rdkit_EState_VSA4,0.0,0.0,0.0,XGBoost,provided_plus_rdkit_descriptors,1,2
rdkit_EState_VSA5,-816.3039,1629.8005,1726.5496,XGBoost,provided_plus_rdkit_descriptors,1,2
rdkit_EState_VSA6,0.0,0.0,0.0,XGBoost,provided_plus_rdkit_descriptors,1,2
rdkit_EState_VSA7,0.0,0.0,0.0,XGBoost,provided_plus_rdkit_descriptors,1,2
rdkit_EState_VSA8,1420.8561,7267.4717,12814.887,XGBoost,provided_plus_rdkit_descriptors,1,2
rdkit_EState_VSA9,-37272.23,114544.484,83760.0,XGBoost,provided_plus_rdkit_descriptors,1,2
rdkit_VSA_EState1,-425.03253,1618.5178,2623.293,XGBoost,provided_plus_rdkit_descriptors,1,2
rdkit_VSA_EState10,0.0,0.0,0.0,XGBoost,provided_plus_rdkit_descriptors,1,2
rdkit_VSA_EState2,-1299.4335,43586.207,50193.95,XGBoost,provided_plus_rdkit_descriptors,1,2
rdkit_VSA_EState3,-945.5462,35822.88,32100.365,XGBoost,provided_plus_rdkit_descriptors,1,2
rdkit_VSA_EState4,0.0,0.0,0.0,XGBoost,provided_plus_rdkit_descriptors,1,2
rdkit_VSA_EState5,-182.89195,3927.026,4343.261,XGBoost,provided_plus_rdkit_descriptors,1,2
rdkit_VSA_EState6,0.0,0.0,0.0,XGBoost,provided_plus_rdkit_descriptors,1,2
rdkit_VSA_EState7,-4978.789,21421.945,24232.58,XGBoost,provided_plus_rdkit_descriptors,1,2
rdkit_VSA_EState8,-1299.6302,179162.42,168827.66,XGBoost,provided_plus_rdkit_descriptors,1,2
rdkit_VSA_EState9,0.0,0.0,0.0,XGBoost,provided_plus_rdkit_descriptors,1,2
rdkit_FractionCSP3,-416.64215,985.60895,1401.1282,XGBoost,provided_plus_rdkit_descriptors,1,2
rdkit_HeavyAtomCount,0.0,0.0,0.0,XGBoost,provided_plus_rdkit_descriptors,1,2
rdkit_NHOHCount,-1561.263,11002.571,7529.365,XGBoost,provided_plus_rdkit_descriptors,1,2
rdkit_NOCount,0.0,0.0,0.0,XGBoost,provided_plus_rdkit_descriptors,1,2
rdkit_NumAliphaticCarbocycles,0.0,0.0,0.0,XGBoost,provided_plus_rdkit_descriptors,1,2
rdkit_NumAliphaticHeterocycles,0.0,0.0,0.0,XGBoost,provided_plus_rdkit_descriptors,1,2
rdkit_NumAliphaticRings,0.0,0.0,0.0,XGBoost,provided_plus_rdkit_descriptors,1,2
rdkit_NumAmideBonds,0.0,0.0,0.0,XGBoost,provided_plus_rdkit_descriptors,1,2
rdkit_NumAtomStereoCenters,479.8983,4967.4663,9143.835,XGBoost,provided_plus_rdkit_descriptors,1,2
rdkit_NumBridgeheadAtoms,0.0,0.0,0.0,XGBoost,provided_plus_rdkit_descriptors,1,2
rdkit_NumHAcceptors,0.0,0.0,0.0,XGBoost,provided_plus_rdkit_descriptors,1,2
rdkit_NumHDonors,0.0,0.0,0.0,XGBoost,provided_plus_rdkit_descriptors,1,2
rdkit_NumHeteroatoms,0.0,0.0,0.0,XGBoost,provided_plus_rdkit_descriptors,1,2
rdkit_NumHeterocycles,0.0,0.0,0.0,XGBoost,provided_plus_rdkit_descriptors,1,2
rdkit_NumRotatableBonds,-4896.067,29274.557,28322.623,XGBoost,provided_plus_rdkit_descriptors,1,2
rdkit_NumSaturatedCarbocycles,0.0,0.0,0.0,XGBoost,provided_plus_rdkit_descriptors,1,2
rdkit_NumSaturatedHeterocycles,0.0,0.0,0.0,XGBoost,provided_plus_rdkit_descriptors,1,2
rdkit_NumSaturatedRings,0.0,0.0,0.0,XGBoost,provided_plus_rdkit_descriptors,1,2
rdkit_NumUnspecifiedAtomStereoCenters,7932.3457,12711.638,18837.037,XGBoost,provided_plus_rdkit_descriptors,1,2
rdkit_Phi,925.53485,28963.695,21999.855,XGBoost,provided_plus_rdkit_descriptors,1,2
rdkit_RingCount,0.0,0.0,0.0,XGBoost,provided_plus_rdkit_descriptors,1,2
rdkit_MolLogP,19271.963,69528.195,56070.52,XGBoost,provided_plus_rdkit_descriptors,1,2
rdkit_MolMR,-2558.43,11497.702,10330.151,XGBoost,provided_plus_rdkit_descriptors,1,2
rdkit_fr_Al_COO,0.0,0.0,0.0,XGBoost,provided_plus_rdkit_descriptors,1,2
rdkit_fr_Al_OH,-215.35588,14109.259,9339.794,XGBoost,provided_plus_rdkit_descriptors,1,2
rdkit_fr_Al_OH_noTert,0.0,0.0,0.0,XGBoost,provided_plus_rdkit_descriptors,1,2
rdkit_fr_COO,0.0,0.0,0.0,XGBoost,provided_plus_rdkit_descriptors,1,2
rdkit_fr_COO2,0.0,0.0,0.0,XGBoost,provided_plus_rdkit_descriptors,1,2
rdkit_fr_C_O,0.0,0.0,0.0,XGBoost,provided_plus_rdkit_descriptors,1,2
rdkit_fr_C_O_noCOO,0.0,0.0,0.0,XGBoost,provided_plus_rdkit_descriptors,1,2
rdkit_fr_NH1,0.0,0.0,0.0,XGBoost,provided_plus_rdkit_descriptors,1,2
rdkit_fr_NH2,0.0,0.0,0.0,XGBoost,provided_plus_rdkit_descriptors,1,2
rdkit_fr_aldehyde,0.0,0.0,0.0,XGBoost,provided_plus_rdkit_descriptors,1,2
rdkit_fr_alkyl_halide,0.0,0.0,0.0,XGBoost,provided_plus_rdkit_descriptors,1,2
rdkit_fr_allylic_oxid,0.0,0.0,0.0,XGBoost,provided_plus_rdkit_descriptors,1,2
rdkit_fr_amide,0.0,0.0,0.0,XGBoost,provided_plus_rdkit_descriptors,1,2
rdkit_fr_bicyclic,0.0,0.0,0.0,XGBoost,provided_plus_rdkit_descriptors,1,2
rdkit_fr_ether,0.0,0.0,0.0,XGBoost,provided_plus_rdkit_descriptors,1,2
rdkit_fr_halogen,0.0,0.0,0.0,XGBoost,provided_plus_rdkit_descriptors,1,2
rdkit_fr_ketone,-46.727047,612.72046,1117.5228,XGBoost,provided_plus_rdkit_descriptors,1,2
rdkit_fr_ketone_Topliss,0.0,0.0,0.0,XGBoost,provided_plus_rdkit_descriptors,1,2
rdkit_fr_methoxy,0.0,0.0,0.0,XGBoost,provided_plus_rdkit_descriptors,1,2
rdkit_fr_phos_acid,0.0,0.0,0.0,XGBoost,provided_plus_rdkit_descriptors,1,2
rdkit_fr_phos_ester,0.0,0.0,0.0,XGBoost,provided_plus_rdkit_descriptors,1,2
Molecular weight (Da),3826.208,51531.605,67435.64,XGBoost,provided_plus_rdkit_descriptors,1,3
Solubility (mg/mL),-27626.33,510763.9,551018.94,XGBoost,provided_plus_rdkit_descriptors,1,3
"Glass transition temperature (Tg, degC)",52014.66,277676.38,213670.48,XGBoost,provided_plus_rdkit_descriptors,1,3
Viscosity (mPa.s),54143.516,196281.0,175477.58,XGBoost,provided_plus_rdkit_descriptors,1,3
Concentration (% w/v),64418.3,289922.12,130309.03,XGBoost,provided_plus_rdkit_descriptors,1,3
rdkit_MaxAbsEStateIndex,28015.33,71894.7,72428.33,XGBoost,provided_plus_rdkit_descriptors,1,3
rdkit_MaxEStateIndex,0.0,0.0,0.0,XGBoost,provided_plus_rdkit_descriptors,1,3
rdkit_MinAbsEStateIndex,39756.465,61197.85,73598.41,XGBoost,provided_plus_rdkit_descriptors,1,3
rdkit_MinEStateIndex,23921.834,78656.35,35743.902,XGBoost,provided_plus_rdkit_descriptors,1,3
rdkit_qed,4175.6426,49252.496,43000.36,XGBoost,provided_plus_rdkit_descriptors,1,3
rdkit_SPS,16278.186,45693.8,46038.977,XGBoost,provided_plus_rdkit_descriptors,1,3
rdkit_MolWt,0.0,0.0,0.0,XGBoost,provided_plus_rdkit_descriptors,1,3
rdkit_HeavyAtomMolWt,0.0,0.0,0.0,XGBoost,provided_plus_rdkit_descriptors,1,3
rdkit_ExactMolWt,0.0,0.0,0.0,XGBoost,provided_plus_rdkit_descriptors,1,3
rdkit_NumValenceElectrons,0.0,0.0,0.0,XGBoost,provided_plus_rdkit_descriptors,1,3
rdkit_MaxPartialCharge,-23734.06,98227.25,98715.12,XGBoost,provided_plus_rdkit_descriptors,1,3
rdkit_MinPartialCharge,-5687.361,47649.24,30495.035,XGBoost,provided_plus_rdkit_descriptors,1,3
rdkit_MaxAbsPartialCharge,-106.58062,1037.7809,1196.793,XGBoost,provided_plus_rdkit_descriptors,1,3
rdkit_MinAbsPartialCharge,0.0,0.0,0.0,XGBoost,provided_plus_rdkit_descriptors,1,3
rdkit_FpDensityMorgan1,14992.138,38918.184,32568.408,XGBoost,provided_plus_rdkit_descriptors,1,3
rdkit_FpDensityMorgan2,2766.7422,16875.787,16093.019,XGBoost,provided_plus_rdkit_descriptors,1,3
rdkit_FpDensityMorgan3,-5438.3833,48431.688,24539.44,XGBoost,provided_plus_rdkit_descriptors,1,3
rdkit_BCUT2D_MWHI,-1317.337,8542.065,7370.5786,XGBoost,provided_plus_rdkit_descriptors,1,3
rdkit_BCUT2D_MWLOW,-358.60272,51436.867,53377.984,XGBoost,provided_plus_rdkit_descriptors,1,3
rdkit_BCUT2D_CHGHI,-4917.6685,35267.625,21851.541,XGBoost,provided_plus_rdkit_descriptors,1,3
rdkit_BCUT2D_CHGLO,-576.1413,21358.162,28592.135,XGBoost,provided_plus_rdkit_descriptors,1,3
rdkit_BCUT2D_LOGPHI,-824.2861,5200.1416,4087.5676,XGBoost,provided_plus_rdkit_descriptors,1,3
rdkit_BCUT2D_LOGPLOW,1299.6489,13242.081,9958.95,XGBoost,provided_plus_rdkit_descriptors,1,3
rdkit_BCUT2D_MRHI,25116.482,77442.07,87356.08,XGBoost,provided_plus_rdkit_descriptors,1,3
rdkit_BCUT2D_MRLOW,-5657.548,10967.452,10902.348,XGBoost,provided_plus_rdkit_descriptors,1,3
rdkit_AvgIpc,-53071.266,97082.086,91000.47,XGBoost,provided_plus_rdkit_descriptors,1,3
rdkit_BalabanJ,8589.381,28545.084,27715.908,XGBoost,provided_plus_rdkit_descriptors,1,3
rdkit_BertzCT,13024.298,40341.293,21228.951,XGBoost,provided_plus_rdkit_descriptors,1,3
rdkit_Chi0,-52.863445,4581.5254,4344.632,XGBoost,provided_plus_rdkit_descriptors,1,3
rdkit_Chi0n,2996.466,10870.036,8743.49,XGBoost,provided_plus_rdkit_descriptors,1,3
rdkit_Chi0v,4603.122,35293.613,30567.377,XGBoost,provided_plus_rdkit_descriptors,1,3
rdkit_Chi1,1279.8547,2148.776,2253.7703,XGBoost,provided_plus_rdkit_descriptors,1,3
rdkit_Chi1n,65.83861,798.62854,1767.9623,XGBoost,provided_plus_rdkit_descriptors,1,3
rdkit_Chi1v,188.22148,416.18918,690.1344,XGBoost,provided_plus_rdkit_descriptors,1,3
rdkit_Chi2n,3722.8005,5506.865,5179.104,XGBoost,provided_plus_rdkit_descriptors,1,3
rdkit_Chi2v,596.3236,826.3947,981.81036,XGBoost,provided_plus_rdkit_descriptors,1,3
rdkit_Chi3n,185.79677,1076.0547,763.8748,XGBoost,provided_plus_rdkit_descriptors,1,3
rdkit_Chi3v,-113.0896,6441.2163,4087.1956,XGBoost,provided_plus_rdkit_descriptors,1,3
rdkit_Chi4n,0.0,0.0,0.0,XGBoost,provided_plus_rdkit_descriptors,1,3
rdkit_Chi4v,-61.191826,667.0921,1319.6549,XGBoost,provided_plus_rdkit_descriptors,1,3
rdkit_HallKierAlpha,43149.867,129620.25,70423.375,XGBoost,provided_plus_rdkit_descriptors,1,3
rdkit_Ipc,-2829.6938,5989.397,4621.0005,XGBoost,provided_plus_rdkit_descriptors,1,3
rdkit_Kappa1,2417.3372,8290.7,10607.524,XGBoost,provided_plus_rdkit_descriptors,1,3
rdkit_Kappa2,801.17096,3616.9927,8141.762,XGBoost,provided_plus_rdkit_descriptors,1,3
rdkit_Kappa3,-12511.674,20461.459,24021.625,XGBoost,provided_plus_rdkit_descriptors,1,3
rdkit_LabuteASA,0.0,0.0,0.0,XGBoost,provided_plus_rdkit_descriptors,1,3
rdkit_PEOE_VSA1,-1548.0248,79552.195,130600.15,XGBoost,provided_plus_rdkit_descriptors,1,3
rdkit_PEOE_VSA10,-21.46405,450.4497,1409.0529,XGBoost,provided_plus_rdkit_descriptors,1,3
rdkit_PEOE_VSA11,5377.8467,80202.96,70786.125,XGBoost,provided_plus_rdkit_descriptors,1,3
rdkit_PEOE_VSA12,0.0,0.0,0.0,XGBoost,provided_plus_rdkit_descriptors,1,3
rdkit_PEOE_VSA14,0.0,0.0,0.0,XGBoost,provided_plus_rdkit_descriptors,1,3
rdkit_PEOE_VSA2,-1419.6371,2248.807,2035.9222,XGBoost,provided_plus_rdkit_descriptors,1,3
rdkit_PEOE_VSA3,0.0,0.0,0.0,XGBoost,provided_plus_rdkit_descriptors,1,3
rdkit_PEOE_VSA5,0.0,0.0,0.0,XGBoost,provided_plus_rdkit_descriptors,1,3
rdkit_PEOE_VSA6,0.0,0.0,0.0,XGBoost,provided_plus_rdkit_descriptors,1,3
rdkit_PEOE_VSA7,-703.07513,3021.2056,3877.559,XGBoost,provided_plus_rdkit_descriptors,1,3
rdkit_PEOE_VSA8,0.0,0.0,0.0,XGBoost,provided_plus_rdkit_descriptors,1,3
rdkit_PEOE_VSA9,-228.97783,1931.1626,2672.9502,XGBoost,provided_plus_rdkit_descriptors,1,3
rdkit_SMR_VSA1,-719.11664,4856.6143,4865.067,XGBoost,provided_plus_rdkit_descriptors,1,3
rdkit_SMR_VSA10,4343.2583,10223.747,24037.045,XGBoost,provided_plus_rdkit_descriptors,1,3
rdkit_SMR_VSA3,0.0,0.0,0.0,XGBoost,provided_plus_rdkit_descriptors,1,3
rdkit_SMR_VSA4,0.0,0.0,0.0,XGBoost,provided_plus_rdkit_descriptors,1,3
rdkit_SMR_VSA5,-888.64996,2975.694,2951.1975,XGBoost,provided_plus_rdkit_descriptors,1,3
rdkit_SMR_VSA6,872.2424,2534.1804,3004.2769,XGBoost,provided_plus_rdkit_descriptors,1,3
rdkit_SMR_VSA7,0.0,0.0,0.0,XGBoost,provided_plus_rdkit_descriptors,1,3
rdkit_SlogP_VSA1,0.0,0.0,0.0,XGBoost,provided_plus_rdkit_descriptors,1,3
rdkit_SlogP_VSA12,0.0,0.0,0.0,XGBoost,provided_plus_rdkit_descriptors,1,3
rdkit_SlogP_VSA2,-2774.3303,4567.585,5126.2446,XGBoost,provided_plus_rdkit_descriptors,1,3
rdkit_SlogP_VSA3,8726.053,75325.61,34259.74,XGBoost,provided_plus_rdkit_descriptors,1,3
rdkit_SlogP_VSA4,0.0,0.0,0.0,XGBoost,provided_plus_rdkit_descriptors,1,3
rdkit_SlogP_VSA5,-146.87881,1415.7073,2413.0457,XGBoost,provided_plus_rdkit_descriptors,1,3
rdkit_SlogP_VSA6,0.0,0.0,0.0,XGBoost,provided_plus_rdkit_descriptors,1,3
rdkit_TPSA,4744.239,8838.405,9877.377,XGBoost,provided_plus_rdkit_descriptors,1,3
rdkit_EState_VSA1,221.0639,9407.464,8993.127,XGBoost,provided_plus_rdkit_descriptors,1,3
rdkit_EState_VSA10,208504.55,616814.6,194795.12,XGBoost,provided_plus_rdkit_descriptors,1,3
rdkit_EState_VSA2,-4422.9766,20491.031,46232.9,XGBoost,provided_plus_rdkit_descriptors,1,3
rdkit_EState_VSA3,-1227.6761,2066.7869,3125.805,XGBoost,provided_plus_rdkit_descriptors,1,3
rdkit_EState_VSA4,0.0,0.0,0.0,XGBoost,provided_plus_rdkit_descriptors,1,3
rdkit_EState_VSA5,-33.73803,1111.4674,1535.4331,XGBoost,provided_plus_rdkit_descriptors,1,3
rdkit_EState_VSA6,0.0,0.0,0.0,XGBoost,provided_plus_rdkit_descriptors,1,3
rdkit_EState_VSA7,0.0,0.0,0.0,XGBoost,provided_plus_rdkit_descriptors,1,3
rdkit_EState_VSA8,-667.3528,2351.3872,8076.305,XGBoost,provided_plus_rdkit_descriptors,1,3
rdkit_EState_VSA9,10631.323,108204.75,63023.92,XGBoost,provided_plus_rdkit_descriptors,1,3
rdkit_VSA_EState1,115.78194,6302.8926,9362.627,XGBoost,provided_plus_rdkit_descriptors,1,3
rdkit_VSA_EState10,0.0,0.0,0.0,XGBoost,provided_plus_rdkit_descriptors,1,3
rdkit_VSA_EState2,3864.3406,32614.242,38323.273,XGBoost,provided_plus_rdkit_descriptors,1,3
rdkit_VSA_EState3,29136.629,63610.746,43276.04,XGBoost,provided_plus_rdkit_descriptors,1,3
rdkit_VSA_EState4,0.0,0.0,0.0,XGBoost,provided_plus_rdkit_descriptors,1,3
rdkit_VSA_EState5,-1838.1731,4117.0747,3773.5793,XGBoost,provided_plus_rdkit_descriptors,1,3
rdkit_VSA_EState6,0.0,0.0,0.0,XGBoost,provided_plus_rdkit_descriptors,1,3
rdkit_VSA_EState7,21286.34,25877.947,24641.873,XGBoost,provided_plus_rdkit_descriptors,1,3
rdkit_VSA_EState8,6956.4175,216996.83,185161.1,XGBoost,provided_plus_rdkit_descriptors,1,3
rdkit_VSA_EState9,0.0,0.0,0.0,XGBoost,provided_plus_rdkit_descriptors,1,3
rdkit_FractionCSP3,-332.66705,1309.0002,669.89624,XGBoost,provided_plus_rdkit_descriptors,1,3
rdkit_HeavyAtomCount,0.0,0.0,0.0,XGBoost,provided_plus_rdkit_descriptors,1,3
rdkit_NHOHCount,0.0,0.0,0.0,XGBoost,provided_plus_rdkit_descriptors,1,3
rdkit_NOCount,0.0,0.0,0.0,XGBoost,provided_plus_rdkit_descriptors,1,3
rdkit_NumAliphaticCarbocycles,0.0,0.0,0.0,XGBoost,provided_plus_rdkit_descriptors,1,3
rdkit_NumAliphaticHeterocycles,0.0,0.0,0.0,XGBoost,provided_plus_rdkit_descriptors,1,3
rdkit_NumAliphaticRings,0.0,0.0,0.0,XGBoost,provided_plus_rdkit_descriptors,1,3
rdkit_NumAmideBonds,0.0,0.0,0.0,XGBoost,provided_plus_rdkit_descriptors,1,3
rdkit_NumAtomStereoCenters,-1244.7831,3388.2595,8003.9517,XGBoost,provided_plus_rdkit_descriptors,1,3
rdkit_NumBridgeheadAtoms,0.0,0.0,0.0,XGBoost,provided_plus_rdkit_descriptors,1,3
rdkit_NumHAcceptors,0.0,0.0,0.0,XGBoost,provided_plus_rdkit_descriptors,1,3
rdkit_NumHDonors,0.0,0.0,0.0,XGBoost,provided_plus_rdkit_descriptors,1,3
rdkit_NumHeteroatoms,0.0,0.0,0.0,XGBoost,provided_plus_rdkit_descriptors,1,3
rdkit_NumHeterocycles,0.0,0.0,0.0,XGBoost,provided_plus_rdkit_descriptors,1,3
rdkit_NumRotatableBonds,-3187.6797,5243.641,4702.9966,XGBoost,provided_plus_rdkit_descriptors,1,3
rdkit_NumSaturatedCarbocycles,0.0,0.0,0.0,XGBoost,provided_plus_rdkit_descriptors,1,3
rdkit_NumSaturatedHeterocycles,0.0,0.0,0.0,XGBoost,provided_plus_rdkit_descriptors,1,3
rdkit_NumSaturatedRings,0.0,0.0,0.0,XGBoost,provided_plus_rdkit_descriptors,1,3
rdkit_NumUnspecifiedAtomStereoCenters,0.0,0.0,0.0,XGBoost,provided_plus_rdkit_descriptors,1,3
rdkit_Phi,-3778.544,5120.515,6110.75,XGBoost,provided_plus_rdkit_descriptors,1,3
rdkit_RingCount,0.0,0.0,0.0,XGBoost,provided_plus_rdkit_descriptors,1,3
rdkit_MolLogP,19247.38,195281.95,90636.68,XGBoost,provided_plus_rdkit_descriptors,1,3
rdkit_MolMR,366.1003,10483.386,11094.495,XGBoost,provided_plus_rdkit_descriptors,1,3
rdkit_fr_Al_COO,0.0,0.0,0.0,XGBoost,provided_plus_rdkit_descriptors,1,3
rdkit_fr_Al_OH,0.0,0.0,0.0,XGBoost,provided_plus_rdkit_descriptors,1,3
rdkit_fr_Al_OH_noTert,0.0,0.0,0.0,XGBoost,provided_plus_rdkit_descriptors,1,3
rdkit_fr_COO,0.0,0.0,0.0,XGBoost,provided_plus_rdkit_descriptors,1,3
rdkit_fr_COO2,0.0,0.0,0.0,XGBoost,provided_plus_rdkit_descriptors,1,3
rdkit_fr_C_O,0.0,0.0,0.0,XGBoost,provided_plus_rdkit_descriptors,1,3
rdkit_fr_C_O_noCOO,0.0,0.0,0.0,XGBoost,provided_plus_rdkit_descriptors,1,3
rdkit_fr_NH1,0.0,0.0,0.0,XGBoost,provided_plus_rdkit_descriptors,1,3
rdkit_fr_NH2,0.0,0.0,0.0,XGBoost,provided_plus_rdkit_descriptors,1,3
rdkit_fr_aldehyde,-541.96576,640.53516,1200.2202,XGBoost,provided_plus_rdkit_descriptors,1,3
rdkit_fr_alkyl_halide,0.0,0.0,0.0,XGBoost,provided_plus_rdkit_descriptors,1,3
rdkit_fr_allylic_oxid,0.0,0.0,0.0,XGBoost,provided_plus_rdkit_descriptors,1,3
rdkit_fr_amide,0.0,0.0,0.0,XGBoost,provided_plus_rdkit_descriptors,1,3
rdkit_fr_bicyclic,0.0,0.0,0.0,XGBoost,provided_plus_rdkit_descriptors,1,3
rdkit_fr_ether,1384.777,2786.319,3605.3816,XGBoost,provided_plus_rdkit_descriptors,1,3
rdkit_fr_halogen,0.0,0.0,0.0,XGBoost,provided_plus_rdkit_descriptors,1,3
rdkit_fr_ketone,-321.05185,792.30634,750.45984,XGBoost,provided_plus_rdkit_descriptors,1,3
rdkit_fr_ketone_Topliss,0.0,0.0,0.0,XGBoost,provided_plus_rdkit_descriptors,1,3
rdkit_fr_methoxy,0.0,0.0,0.0,XGBoost,provided_plus_rdkit_descriptors,1,3
rdkit_fr_phos_acid,0.0,0.0,0.0,XGBoost,provided_plus_rdkit_descriptors,1,3
rdkit_fr_phos_ester,0.0,0.0,0.0,XGBoost,provided_plus_rdkit_descriptors,1,3
Molecular weight (Da),-13941.794,36268.316,32575.672,XGBoost,provided_plus_rdkit_descriptors,1,4
Solubility (mg/mL),-27020.508,544668.94,592344.5,XGBoost,provided_plus_rdkit_descriptors,1,4
"Glass transition temperature (Tg, degC)",11229.985,237787.19,189962.6,XGBoost,provided_plus_rdkit_descriptors,1,4
Viscosity (mPa.s),-4284.18,216190.61,197182.28,XGBoost,provided_plus_rdkit_descriptors,1,4
Concentration (% w/v),-65472.664,268096.44,127584.63,XGBoost,provided_plus_rdkit_descriptors,1,4
rdkit_MaxAbsEStateIndex,17164.246,77882.12,92167.53,XGBoost,provided_plus_rdkit_descriptors,1,4
rdkit_MaxEStateIndex,0.0,0.0,0.0,XGBoost,provided_plus_rdkit_descriptors,1,4
rdkit_MinAbsEStateIndex,-537.0105,40740.01,66760.27,XGBoost,provided_plus_rdkit_descriptors,1,4
rdkit_MinEStateIndex,-3543.3772,182530.75,118755.305,XGBoost,provided_plus_rdkit_descriptors,1,4
rdkit_qed,7165.749,25926.414,38719.633,XGBoost,provided_plus_rdkit_descriptors,1,4
rdkit_SPS,-7045.8228,78852.91,59574.477,XGBoost,provided_plus_rdkit_descriptors,1,4
rdkit_MolWt,0.0,0.0,0.0,XGBoost,provided_plus_rdkit_descriptors,1,4
rdkit_HeavyAtomMolWt,0.0,0.0,0.0,XGBoost,provided_plus_rdkit_descriptors,1,4
rdkit_ExactMolWt,0.0,0.0,0.0,XGBoost,provided_plus_rdkit_descriptors,1,4
rdkit_NumValenceElectrons,0.0,0.0,0.0,XGBoost,provided_plus_rdkit_descriptors,1,4
rdkit_MaxPartialCharge,-2755.036,137629.2,146481.72,XGBoost,provided_plus_rdkit_descriptors,1,4
rdkit_MinPartialCharge,679.16125,76547.36,37377.605,XGBoost,provided_plus_rdkit_descriptors,1,4
rdkit_MaxAbsPartialCharge,-758.6047,7702.007,6232.9,XGBoost,provided_plus_rdkit_descriptors,1,4
rdkit_MinAbsPartialCharge,0.0,0.0,0.0,XGBoost,provided_plus_rdkit_descriptors,1,4
rdkit_FpDensityMorgan1,20169.307,41086.125,29774.559,XGBoost,provided_plus_rdkit_descriptors,1,4
rdkit_FpDensityMorgan2,5096.9985,23563.207,18261.555,XGBoost,provided_plus_rdkit_descriptors,1,4
rdkit_FpDensityMorgan3,-410.0155,29164.723,28465.64,XGBoost,provided_plus_rdkit_descriptors,1,4
rdkit_BCUT2D_MWHI,-788.5179,12884.525,15171.163,XGBoost,provided_plus_rdkit_descriptors,1,4
rdkit_BCUT2D_MWLOW,8803.189,42135.746,28927.855,XGBoost,provided_plus_rdkit_descriptors,1,4
rdkit_BCUT2D_CHGHI,14669.957,54502.324,67693.83,XGBoost,provided_plus_rdkit_descriptors,1,4
rdkit_BCUT2D_CHGLO,5924.0083,27107.414,31751.959,XGBoost,provided_plus_rdkit_descriptors,1,4
rdkit_BCUT2D_LOGPHI,830.5918,11612.018,8992.805,XGBoost,provided_plus_rdkit_descriptors,1,4
rdkit_BCUT2D_LOGPLOW,-1144.8325,3394.3096,3726.7754,XGBoost,provided_plus_rdkit_descriptors,1,4
rdkit_BCUT2D_MRHI,6156.927,43274.773,41229.082,XGBoost,provided_plus_rdkit_descriptors,1,4
rdkit_BCUT2D_MRLOW,5067.7036,13213.562,10487.868,XGBoost,provided_plus_rdkit_descriptors,1,4
rdkit_AvgIpc,13042.741,77737.8,99765.08,XGBoost,provided_plus_rdkit_descriptors,1,4
rdkit_BalabanJ,-20251.146,72651.55,65494.91,XGBoost,provided_plus_rdkit_descriptors,1,4
rdkit_BertzCT,6091.3706,25777.232,15122.043,XGBoost,provided_plus_rdkit_descriptors,1,4
rdkit_Chi0,-271.73615,3459.4226,3665.1235,XGBoost,provided_plus_rdkit_descriptors,1,4
rdkit_Chi0n,-1296.5944,2927.8794,3014.4897,XGBoost,provided_plus_rdkit_descriptors,1,4
rdkit_Chi0v,673.22943,21752.107,19676.365,XGBoost,provided_plus_rdkit_descriptors,1,4
rdkit_Chi1,6511.7295,16162.044,14304.159,XGBoost,provided_plus_rdkit_descriptors,1,4
rdkit_Chi1n,-232.46579,2661.4216,2232.4575,XGBoost,provided_plus_rdkit_descriptors,1,4
rdkit_Chi1v,-241.12904,1893.2338,1053.5673,XGBoost,provided_plus_rdkit_descriptors,1,4
rdkit_Chi2n,3469.0107,9165.062,8050.157,XGBoost,provided_plus_rdkit_descriptors,1,4
rdkit_Chi2v,0.0,0.0,0.0,XGBoost,provided_plus_rdkit_descriptors,1,4
rdkit_Chi3n,1001.12427,3149.1033,2454.1096,XGBoost,provided_plus_rdkit_descriptors,1,4
rdkit_Chi3v,-66.808075,267.43088,524.4254,XGBoost,provided_plus_rdkit_descriptors,1,4
rdkit_Chi4n,-153.42201,1721.9381,1272.979,XGBoost,provided_plus_rdkit_descriptors,1,4
rdkit_Chi4v,-351.30164,6020.049,5404.875,XGBoost,provided_plus_rdkit_descriptors,1,4
rdkit_HallKierAlpha,-59358.918,276194.34,168583.75,XGBoost,provided_plus_rdkit_descriptors,1,4
rdkit_Ipc,2139.4077,15351.874,18346.855,XGBoost,provided_plus_rdkit_descriptors,1,4
rdkit_Kappa1,-1837.8108,18316.824,20750.633,XGBoost,provided_plus_rdkit_descriptors,1,4
rdkit_Kappa2,974.97736,4527.3325,9766.818,XGBoost,provided_plus_rdkit_descriptors,1,4
rdkit_Kappa3,-867.54034,14264.784,12903.218,XGBoost,provided_plus_rdkit_descriptors,1,4
rdkit_LabuteASA,0.0,0.0,0.0,XGBoost,provided_plus_rdkit_descriptors,1,4
rdkit_PEOE_VSA1,5486.878,22121.299,25626.785,XGBoost,provided_plus_rdkit_descriptors,1,4
rdkit_PEOE_VSA10,-80.952866,1361.2465,1745.2291,XGBoost,provided_plus_rdkit_descriptors,1,4
rdkit_PEOE_VSA11,-11093.015,70557.85,46516.76,XGBoost,provided_plus_rdkit_descriptors,1,4
rdkit_PEOE_VSA12,240.36165,929.0411,1639.1152,XGBoost,provided_plus_rdkit_descriptors,1,4
rdkit_PEOE_VSA14,183.7619,201.52316,303.6207,XGBoost,provided_plus_rdkit_descriptors,1,4
rdkit_PEOE_VSA2,0.0,0.0,0.0,XGBoost,provided_plus_rdkit_descriptors,1,4
rdkit_PEOE_VSA3,0.0,0.0,0.0,XGBoost,provided_plus_rdkit_descriptors,1,4
rdkit_PEOE_VSA5,0.0,0.0,0.0,XGBoost,provided_plus_rdkit_descriptors,1,4
rdkit_PEOE_VSA6,0.0,0.0,0.0,XGBoost,provided_plus_rdkit_descriptors,1,4
rdkit_PEOE_VSA7,23.155457,1212.5217,2417.884,XGBoost,provided_plus_rdkit_descriptors,1,4
rdkit_PEOE_VSA8,-873.79126,1098.3833,1761.5356,XGBoost,provided_plus_rdkit_descriptors,1,4
rdkit_PEOE_VSA9,-1332.0137,4133.605,5396.197,XGBoost,provided_plus_rdkit_descriptors,1,4
rdkit_SMR_VSA1,1216.8367,13443.125,17572.03,XGBoost,provided_plus_rdkit_descriptors,1,4
rdkit_SMR_VSA10,-625.38745,1961.9691,2633.0881,XGBoost,provided_plus_rdkit_descriptors,1,4
rdkit_SMR_VSA3,0.0,0.0,0.0,XGBoost,provided_plus_rdkit_descriptors,1,4
rdkit_SMR_VSA4,-597.01373,708.17474,2044.3114,XGBoost,provided_plus_rdkit_descriptors,1,4
rdkit_SMR_VSA5,6523.8247,17216.83,16705.17,XGBoost,provided_plus_rdkit_descriptors,1,4
rdkit_SMR_VSA6,-189.00673,4546.9087,3286.295,XGBoost,provided_plus_rdkit_descriptors,1,4
rdkit_SMR_VSA7,0.0,0.0,0.0,XGBoost,provided_plus_rdkit_descriptors,1,4
rdkit_SlogP_VSA1,0.0,0.0,0.0,XGBoost,provided_plus_rdkit_descriptors,1,4
rdkit_SlogP_VSA12,0.0,0.0,0.0,XGBoost,provided_plus_rdkit_descriptors,1,4
rdkit_SlogP_VSA2,2456.7688,28268.232,22309.355,XGBoost,provided_plus_rdkit_descriptors,1,4
rdkit_SlogP_VSA3,-10291.908,39113.688,22278.084,XGBoost,provided_plus_rdkit_descriptors,1,4
rdkit_SlogP_VSA4,0.0,0.0,0.0,XGBoost,provided_plus_rdkit_descriptors,1,4
rdkit_SlogP_VSA5,0.0,0.0,0.0,XGBoost,provided_plus_rdkit_descriptors,1,4
rdkit_SlogP_VSA6,0.0,0.0,0.0,XGBoost,provided_plus_rdkit_descriptors,1,4
rdkit_TPSA,131.64706,1137.5592,1303.1747,XGBoost,provided_plus_rdkit_descriptors,1,4
rdkit_EState_VSA1,-892.33435,2970.702,3030.1082,XGBoost,provided_plus_rdkit_descriptors,1,4
rdkit_EState_VSA10,17578.074,419768.6,170609.34,XGBoost,provided_plus_rdkit_descriptors,1,4
rdkit_EState_VSA2,3096.301,41041.35,101285.6,XGBoost,provided_plus_rdkit_descriptors,1,4
rdkit_EState_VSA3,-3068.6138,8696.087,21046.254,XGBoost,provided_plus_rdkit_descriptors,1,4
rdkit_EState_VSA4,0.0,0.0,0.0,XGBoost,provided_plus_rdkit_descriptors,1,4
rdkit_EState_VSA5,-41.176277,143.24901,257.31653,XGBoost,provided_plus_rdkit_descriptors,1,4
rdkit_EState_VSA6,0.0,0.0,0.0,XGBoost,provided_plus_rdkit_descriptors,1,4
rdkit_EState_VSA7,0.0,0.0,0.0,XGBoost,provided_plus_rdkit_descriptors,1,4
rdkit_EState_VSA8,534.8108,4323.816,5457.784,XGBoost,provided_plus_rdkit_descriptors,1,4
rdkit_EState_VSA9,12187.043,180293.53,122436.125,XGBoost,provided_plus_rdkit_descriptors,1,4
rdkit_VSA_EState1,596.1287,7966.2983,7527.484,XGBoost,provided_plus_rdkit_descriptors,1,4
rdkit_VSA_EState10,0.0,0.0,0.0,XGBoost,provided_plus_rdkit_descriptors,1,4
rdkit_VSA_EState2,-13786.738,82063.195,51905.5,XGBoost,provided_plus_rdkit_descriptors,1,4
rdkit_VSA_EState3,11727.26,33019.656,20313.836,XGBoost,provided_plus_rdkit_descriptors,1,4
rdkit_VSA_EState4,0.0,0.0,0.0,XGBoost,provided_plus_rdkit_descriptors,1,4
rdkit_VSA_EState5,-67.58724,2619.1775,2821.9758,XGBoost,provided_plus_rdkit_descriptors,1,4
rdkit_VSA_EState6,0.0,0.0,0.0,XGBoost,provided_plus_rdkit_descriptors,1,4
rdkit_VSA_EState7,19525.145,56567.188,30682.12,XGBoost,provided_plus_rdkit_descriptors,1,4
rdkit_VSA_EState8,11539.966,117549.336,105974.76,XGBoost,provided_plus_rdkit_descriptors,1,4
rdkit_VSA_EState9,0.0,0.0,0.0,XGBoost,provided_plus_rdkit_descriptors,1,4
rdkit_FractionCSP3,-924.9425,1640.16,2199.033,XGBoost,provided_plus_rdkit_descriptors,1,4
rdkit_HeavyAtomCount,0.0,0.0,0.0,XGBoost,provided_plus_rdkit_descriptors,1,4
rdkit_NHOHCount,0.0,0.0,0.0,XGBoost,provided_plus_rdkit_descriptors,1,4
rdkit_NOCount,0.0,0.0,0.0,XGBoost,provided_plus_rdkit_descriptors,1,4
rdkit_NumAliphaticCarbocycles,0.0,0.0,0.0,XGBoost,provided_plus_rdkit_descriptors,1,4
rdkit_NumAliphaticHeterocycles,0.0,0.0,0.0,XGBoost,provided_plus_rdkit_descriptors,1,4
rdkit_NumAliphaticRings,0.0,0.0,0.0,XGBoost,provided_plus_rdkit_descriptors,1,4
rdkit_NumAmideBonds,0.0,0.0,0.0,XGBoost,provided_plus_rdkit_descriptors,1,4
rdkit_NumAtomStereoCenters,10759.378,12901.257,11668.532,XGBoost,provided_plus_rdkit_descriptors,1,4
rdkit_NumBridgeheadAtoms,0.0,0.0,0.0,XGBoost,provided_plus_rdkit_descriptors,1,4
rdkit_NumHAcceptors,0.0,0.0,0.0,XGBoost,provided_plus_rdkit_descriptors,1,4
rdkit_NumHDonors,-782.5119,8339.503,6296.091,XGBoost,provided_plus_rdkit_descriptors,1,4
rdkit_NumHeteroatoms,0.0,0.0,0.0,XGBoost,provided_plus_rdkit_descriptors,1,4
rdkit_NumHeterocycles,0.0,0.0,0.0,XGBoost,provided_plus_rdkit_descriptors,1,4
rdkit_NumRotatableBonds,338.95868,1728.9141,1528.3467,XGBoost,provided_plus_rdkit_descriptors,1,4
rdkit_NumSaturatedCarbocycles,0.0,0.0,0.0,XGBoost,provided_plus_rdkit_descriptors,1,4
rdkit_NumSaturatedHeterocycles,0.0,0.0,0.0,XGBoost,provided_plus_rdkit_descriptors,1,4
rdkit_NumSaturatedRings,0.0,0.0,0.0,XGBoost,provided_plus_rdkit_descriptors,1,4
rdkit_NumUnspecifiedAtomStereoCenters,5809.022,7350.6606,8220.838,XGBoost,provided_plus_rdkit_descriptors,1,4
rdkit_Phi,2233.0283,8872.56,8311.82,XGBoost,provided_plus_rdkit_descriptors,1,4
rdkit_RingCount,0.0,0.0,0.0,XGBoost,provided_plus_rdkit_descriptors,1,4
rdkit_MolLogP,9180.397,94300.45,57439.645,XGBoost,provided_plus_rdkit_descriptors,1,4
rdkit_MolMR,3986.9497,23022.99,31087.496,XGBoost,provided_plus_rdkit_descriptors,1,4
rdkit_fr_Al_COO,0.0,0.0,0.0,XGBoost,provided_plus_rdkit_descriptors,1,4
rdkit_fr_Al_OH,0.0,0.0,0.0,XGBoost,provided_plus_rdkit_descriptors,1,4
rdkit_fr_Al_OH_noTert,0.0,0.0,0.0,XGBoost,provided_plus_rdkit_descriptors,1,4
rdkit_fr_COO,0.0,0.0,0.0,XGBoost,provided_plus_rdkit_descriptors,1,4
rdkit_fr_COO2,0.0,0.0,0.0,XGBoost,provided_plus_rdkit_descriptors,1,4
rdkit_fr_C_O,0.0,0.0,0.0,XGBoost,provided_plus_rdkit_descriptors,1,4
rdkit_fr_C_O_noCOO,0.0,0.0,0.0,XGBoost,provided_plus_rdkit_descriptors,1,4
rdkit_fr_NH1,0.0,0.0,0.0,XGBoost,provided_plus_rdkit_descriptors,1,4
rdkit_fr_NH2,0.0,0.0,0.0,XGBoost,provided_plus_rdkit_descriptors,1,4
rdkit_fr_aldehyde,0.0,0.0,0.0,XGBoost,provided_plus_rdkit_descriptors,1,4
rdkit_fr_alkyl_halide,0.0,0.0,0.0,XGBoost,provided_plus_rdkit_descriptors,1,4
rdkit_fr_allylic_oxid,0.0,0.0,0.0,XGBoost,provided_plus_rdkit_descriptors,1,4
rdkit_fr_amide,0.0,0.0,0.0,XGBoost,provided_plus_rdkit_descriptors,1,4
rdkit_fr_bicyclic,0.0,0.0,0.0,XGBoost,provided_plus_rdkit_descriptors,1,4
rdkit_fr_ether,0.0,0.0,0.0,XGBoost,provided_plus_rdkit_descriptors,1,4
rdkit_fr_halogen,0.0,0.0,0.0,XGBoost,provided_plus_rdkit_descriptors,1,4
rdkit_fr_ketone,0.0,0.0,0.0,XGBoost,provided_plus_rdkit_descriptors,1,4
rdkit_fr_ketone_Topliss,0.0,0.0,0.0,XGBoost,provided_plus_rdkit_descriptors,1,4
rdkit_fr_methoxy,0.0,0.0,0.0,XGBoost,provided_plus_rdkit_descriptors,1,4
rdkit_fr_phos_acid,0.0,0.0,0.0,XGBoost,provided_plus_rdkit_descriptors,1,4
rdkit_fr_phos_ester,0.0,0.0,0.0,XGBoost,provided_plus_rdkit_descriptors,1,4
Molecular weight (Da),959.3076,18140.043,26477.281,XGBoost,provided_plus_rdkit_descriptors,1,5
Solubility (mg/mL),-115028.12,560762.94,546715.4,XGBoost,provided_plus_rdkit_descriptors,1,5
"Glass transition temperature (Tg, degC)",-26748.744,216928.53,159680.97,XGBoost,provided_plus_rdkit_descriptors,1,5
Viscosity (mPa.s),-24864.709,229735.55,212242.11,XGBoost,provided_plus_rdkit_descriptors,1,5
Concentration (% w/v),11998.404,243313.47,138627.62,XGBoost,provided_plus_rdkit_descriptors,1,5
rdkit_MaxAbsEStateIndex,-6281.025,65639.15,111488.305,XGBoost,provided_plus_rdkit_descriptors,1,5
rdkit_MaxEStateIndex,0.0,0.0,0.0,XGBoost,provided_plus_rdkit_descriptors,1,5
rdkit_MinAbsEStateIndex,-9923.495,66731.81,115325.01,XGBoost,provided_plus_rdkit_descriptors,1,5
rdkit_MinEStateIndex,49285.12,118668.375,99880.805,XGBoost,provided_plus_rdkit_descriptors,1,5
rdkit_qed,-2421.9583,38427.707,31161.043,XGBoost,provided_plus_rdkit_descriptors,1,5
rdkit_SPS,23981.545,66533.1,74820.97,XGBoost,provided_plus_rdkit_descriptors,1,5
rdkit_MolWt,0.0,0.0,0.0,XGBoost,provided_plus_rdkit_descriptors,1,5
rdkit_HeavyAtomMolWt,0.0,0.0,0.0,XGBoost,provided_plus_rdkit_descriptors,1,5
rdkit_ExactMolWt,0.0,0.0,0.0,XGBoost,provided_plus_rdkit_descriptors,1,5
rdkit_NumValenceElectrons,-385.19537,799.477,1098.7562,XGBoost,provided_plus_rdkit_descriptors,1,5
rdkit_MaxPartialCharge,-16269.536,141540.17,84235.84,XGBoost,provided_plus_rdkit_descriptors,1,5
rdkit_MinPartialCharge,12073.0,104926.945,46718.18,XGBoost,provided_plus_rdkit_descriptors,1,5
rdkit_MaxAbsPartialCharge,1463.6229,7476.095,4711.55,XGBoost,provided_plus_rdkit_descriptors,1,5
rdkit_MinAbsPartialCharge,0.0,0.0,0.0,XGBoost,provided_plus_rdkit_descriptors,1,5
rdkit_FpDensityMorgan1,8250.697,17884.031,16164.494,XGBoost,provided_plus_rdkit_descriptors,1,5
rdkit_FpDensityMorgan2,-8238.131,24201.201,24509.73,XGBoost,provided_plus_rdkit_descriptors,1,5
rdkit_FpDensityMorgan3,3429.098,29336.098,34276.477,XGBoost,provided_plus_rdkit_descriptors,1,5
rdkit_BCUT2D_MWHI,-5808.896,16257.357,13468.509,XGBoost,provided_plus_rdkit_descriptors,1,5
rdkit_BCUT2D_MWLOW,-42309.316,152098.73,178100.61,XGBoost,provided_plus_rdkit_descriptors,1,5
rdkit_BCUT2D_CHGHI,4982.8496,61696.383,50625.26,XGBoost,provided_plus_rdkit_descriptors,1,5
rdkit_BCUT2D_CHGLO,-10206.616,28448.545,29174.984,XGBoost,provided_plus_rdkit_descriptors,1,5
rdkit_BCUT2D_LOGPHI,-260.6358,1820.0334,2131.2292,XGBoost,provided_plus_rdkit_descriptors,1,5
rdkit_BCUT2D_LOGPLOW,-651.588,6725.9165,4615.548,XGBoost,provided_plus_rdkit_descriptors,1,5
rdkit_BCUT2D_MRHI,7466.8926,50205.285,60269.465,XGBoost,provided_plus_rdkit_descriptors,1,5
rdkit_BCUT2D_MRLOW,5451.4614,32428.77,31115.99,XGBoost,provided_plus_rdkit_descriptors,1,5
rdkit_AvgIpc,-15627.3955,75293.08,80603.86,XGBoost,provided_plus_rdkit_descriptors,1,5
rdkit_BalabanJ,16013.364,37760.38,36739.45,XGBoost,provided_plus_rdkit_descriptors,1,5
rdkit_BertzCT,12653.736,34744.992,29500.979,XGBoost,provided_plus_rdkit_descriptors,1,5
rdkit_Chi0,1041.8392,2731.3958,2752.951,XGBoost,provided_plus_rdkit_descriptors,1,5
rdkit_Chi0n,-391.77438,5727.8535,5299.1826,XGBoost,provided_plus_rdkit_descriptors,1,5
rdkit_Chi0v,-3870.687,72134.16,50177.73,XGBoost,provided_plus_rdkit_descriptors,1,5
rdkit_Chi1,-321.9793,831.8424,1009.459,XGBoost,provided_plus_rdkit_descriptors,1,5
rdkit_Chi1n,-413.42822,566.077,969.0313,XGBoost,provided_plus_rdkit_descriptors,1,5
rdkit_Chi1v,0.0,0.0,0.0,XGBoost,provided_plus_rdkit_descriptors,1,5
rdkit_Chi2n,3762.1985,9952.943,6318.1777,XGBoost,provided_plus_rdkit_descriptors,1,5
rdkit_Chi2v,1227.2222,2949.4536,1826.0643,XGBoost,provided_plus_rdkit_descriptors,1,5
rdkit_Chi3n,2885.5806,8427.293,7401.3965,XGBoost,provided_plus_rdkit_descriptors,1,5
rdkit_Chi3v,-644.41425,2196.9543,2837.9517,XGBoost,provided_plus_rdkit_descriptors,1,5
rdkit_Chi4n,-1280.1477,3398.2288,2827.7717,XGBoost,provided_plus_rdkit_descriptors,1,5
rdkit_Chi4v,-242.52242,1238.3065,1228.1145,XGBoost,provided_plus_rdkit_descriptors,1,5
rdkit_HallKierAlpha,-115326.02,375386.94,271111.94,XGBoost,provided_plus_rdkit_descriptors,1,5
rdkit_Ipc,-11637.048,25758.736,16698.498,XGBoost,provided_plus_rdkit_descriptors,1,5
rdkit_Kappa1,-4525.327,40208.1,38382.953,XGBoost,provided_plus_rdkit_descriptors,1,5
rdkit_Kappa2,5377.9087,8622.838,17384.256,XGBoost,provided_plus_rdkit_descriptors,1,5
rdkit_Kappa3,7905.1426,21084.111,15736.968,XGBoost,provided_plus_rdkit_descriptors,1,5
rdkit_LabuteASA,0.0,0.0,0.0,XGBoost,provided_plus_rdkit_descriptors,1,5
rdkit_PEOE_VSA1,-13147.965,35237.863,33898.24,XGBoost,provided_plus_rdkit_descriptors,1,5
rdkit_PEOE_VSA10,-418.14795,3575.5508,3172.6194,XGBoost,provided_plus_rdkit_descriptors,1,5
rdkit_PEOE_VSA11,4963.021,53325.336,45169.293,XGBoost,provided_plus_rdkit_descriptors,1,5
rdkit_PEOE_VSA12,1279.1294,4365.412,7357.071,XGBoost,provided_plus_rdkit_descriptors,1,5
rdkit_PEOE_VSA14,0.0,0.0,0.0,XGBoost,provided_plus_rdkit_descriptors,1,5
rdkit_PEOE_VSA2,364.5898,2261.4773,2729.239,XGBoost,provided_plus_rdkit_descriptors,1,5
rdkit_PEOE_VSA3,0.0,0.0,0.0,XGBoost,provided_plus_rdkit_descriptors,1,5
rdkit_PEOE_VSA5,0.0,0.0,0.0,XGBoost,provided_plus_rdkit_descriptors,1,5
rdkit_PEOE_VSA6,0.0,0.0,0.0,XGBoost,provided_plus_rdkit_descriptors,1,5
rdkit_PEOE_VSA7,-922.47076,1936.6779,2584.4006,XGBoost,provided_plus_rdkit_descriptors,1,5
rdkit_PEOE_VSA8,11963.417,31257.582,75326.67,XGBoost,provided_plus_rdkit_descriptors,1,5
rdkit_PEOE_VSA9,133.7566,4979.749,3315.6938,XGBoost,provided_plus_rdkit_descriptors,1,5
rdkit_SMR_VSA1,528.84717,1441.4579,1845.1154,XGBoost,provided_plus_rdkit_descriptors,1,5
rdkit_SMR_VSA10,-187.0772,516.6344,1333.4388,XGBoost,provided_plus_rdkit_descriptors,1,5
rdkit_SMR_VSA3,0.0,0.0,0.0,XGBoost,provided_plus_rdkit_descriptors,1,5
rdkit_SMR_VSA4,0.0,0.0,0.0,XGBoost,provided_plus_rdkit_descriptors,1,5
rdkit_SMR_VSA5,-139.59805,6052.4497,6490.493,XGBoost,provided_plus_rdkit_descriptors,1,5
rdkit_SMR_VSA6,-1219.1876,3858.028,3977.1921,XGBoost,provided_plus_rdkit_descriptors,1,5
rdkit_SMR_VSA7,0.0,0.0,0.0,XGBoost,provided_plus_rdkit_descriptors,1,5
rdkit_SlogP_VSA1,0.0,0.0,0.0,XGBoost,provided_plus_rdkit_descriptors,1,5
rdkit_SlogP_VSA12,0.0,0.0,0.0,XGBoost,provided_plus_rdkit_descriptors,1,5
rdkit_SlogP_VSA2,-558.54785,3122.1545,3602.2102,XGBoost,provided_plus_rdkit_descriptors,1,5
rdkit_SlogP_VSA3,-18147.57,129989.32,50759.566,XGBoost,provided_plus_rdkit_descriptors,1,5
rdkit_SlogP_VSA4,0.0,0.0,0.0,XGBoost,provided_plus_rdkit_descriptors,1,5
rdkit_SlogP_VSA5,0.0,0.0,0.0,XGBoost,provided_plus_rdkit_descriptors,1,5
rdkit_SlogP_VSA6,0.0,0.0,0.0,XGBoost,provided_plus_rdkit_descriptors,1,5
rdkit_TPSA,69.64808,389.7492,574.681,XGBoost,provided_plus_rdkit_descriptors,1,5
rdkit_EState_VSA1,-266.86972,3807.9988,7373.374,XGBoost,provided_plus_rdkit_descriptors,1,5
rdkit_EState_VSA10,3195.6484,339101.97,153514.19,XGBoost,provided_plus_rdkit_descriptors,1,5
rdkit_EState_VSA2,-1984.5443,67331.38,135860.05,XGBoost,provided_plus_rdkit_descriptors,1,5
rdkit_EState_VSA3,1447.695,3440.897,10520.045,XGBoost,provided_plus_rdkit_descriptors,1,5
rdkit_EState_VSA4,0.0,0.0,0.0,XGBoost,provided_plus_rdkit_descriptors,1,5
rdkit_EState_VSA5,803.3289,7082.9634,11086.419,XGBoost,provided_plus_rdkit_descriptors,1,5
rdkit_EState_VSA6,0.0,0.0,0.0,XGBoost,provided_plus_rdkit_descriptors,1,5
rdkit_EState_VSA7,0.0,0.0,0.0,XGBoost,provided_plus_rdkit_descriptors,1,5
rdkit_EState_VSA8,698.7968,3580.9573,7223.968,XGBoost,provided_plus_rdkit_descriptors,1,5
rdkit_EState_VSA9,-9179.902,62531.727,46418.383,XGBoost,provided_plus_rdkit_descriptors,1,5
rdkit_VSA_EState1,-2335.3074,13947.637,7906.2173,XGBoost,provided_plus_rdkit_descriptors,1,5
rdkit_VSA_EState10,0.0,0.0,0.0,XGBoost,provided_plus_rdkit_descriptors,1,5
rdkit_VSA_EState2,-12095.833,50031.207,37529.773,XGBoost,provided_plus_rdkit_descriptors,1,5
rdkit_VSA_EState3,12249.703,79086.09,53288.883,XGBoost,provided_plus_rdkit_descriptors,1,5
rdkit_VSA_EState4,0.0,0.0,0.0,XGBoost,provided_plus_rdkit_descriptors,1,5
rdkit_VSA_EState5,6.728935,2883.5603,3492.5332,XGBoost,provided_plus_rdkit_descriptors,1,5
rdkit_VSA_EState6,0.0,0.0,0.0,XGBoost,provided_plus_rdkit_descriptors,1,5
rdkit_VSA_EState7,37083.65,65420.582,42872.906,XGBoost,provided_plus_rdkit_descriptors,1,5
rdkit_VSA_EState8,-6979.292,147787.77,155933.1,XGBoost,provided_plus_rdkit_descriptors,1,5
rdkit_VSA_EState9,0.0,0.0,0.0,XGBoost,provided_plus_rdkit_descriptors,1,5
rdkit_FractionCSP3,-425.3232,2558.1384,1761.2565,XGBoost,provided_plus_rdkit_descriptors,1,5
rdkit_HeavyAtomCount,0.0,0.0,0.0,XGBoost,provided_plus_rdkit_descriptors,1,5
rdkit_NHOHCount,-43.08252,1223.5569,1016.1008,XGBoost,provided_plus_rdkit_descriptors,1,5
rdkit_NOCount,0.0,0.0,0.0,XGBoost,provided_plus_rdkit_descriptors,1,5
rdkit_NumAliphaticCarbocycles,0.0,0.0,0.0,XGBoost,provided_plus_rdkit_descriptors,1,5
rdkit_NumAliphaticHeterocycles,0.0,0.0,0.0,XGBoost,provided_plus_rdkit_descriptors,1,5
rdkit_NumAliphaticRings,0.0,0.0,0.0,XGBoost,provided_plus_rdkit_descriptors,1,5
rdkit_NumAmideBonds,0.0,0.0,0.0,XGBoost,provided_plus_rdkit_descriptors,1,5
rdkit_NumAtomStereoCenters,-562.77985,5541.3467,10323.1,XGBoost,provided_plus_rdkit_descriptors,1,5
rdkit_NumBridgeheadAtoms,0.0,0.0,0.0,XGBoost,provided_plus_rdkit_descriptors,1,5
rdkit_NumHAcceptors,0.0,0.0,0.0,XGBoost,provided_plus_rdkit_descriptors,1,5
rdkit_NumHDonors,770.22375,1608.3529,1213.0575,XGBoost,provided_plus_rdkit_descriptors,1,5
rdkit_NumHeteroatoms,340.7296,1981.0646,2688.508,XGBoost,provided_plus_rdkit_descriptors,1,5
rdkit_NumHeterocycles,0.0,0.0,0.0,XGBoost,provided_plus_rdkit_descriptors,1,5
rdkit_NumRotatableBonds,-642.35754,2942.1384,2115.2737,XGBoost,provided_plus_rdkit_descriptors,1,5
rdkit_NumSaturatedCarbocycles,0.0,0.0,0.0,XGBoost,provided_plus_rdkit_descriptors,1,5
rdkit_NumSaturatedHeterocycles,0.0,0.0,0.0,XGBoost,provided_plus_rdkit_descriptors,1,5
rdkit_NumSaturatedRings,0.0,0.0,0.0,XGBoost,provided_plus_rdkit_descriptors,1,5
rdkit_NumUnspecifiedAtomStereoCenters,-520.14575,15059.11,28551.646,XGBoost,provided_plus_rdkit_descriptors,1,5
rdkit_Phi,1249.6047,17089.76,14111.189,XGBoost,provided_plus_rdkit_descriptors,1,5
rdkit_RingCount,0.0,0.0,0.0,XGBoost,provided_plus_rdkit_descriptors,1,5
rdkit_MolLogP,-18761.55,107743.48,62534.66,XGBoost,provided_plus_rdkit_descriptors,1,5
rdkit_MolMR,-229.97186,3121.0444,3175.159,XGBoost,provided_plus_rdkit_descriptors,1,5
rdkit_fr_Al_COO,0.0,0.0,0.0,XGBoost,provided_plus_rdkit_descriptors,1,5
rdkit_fr_Al_OH,230.65248,387.39774,662.23724,XGBoost,provided_plus_rdkit_descriptors,1,5
rdkit_fr_Al_OH_noTert,0.0,0.0,0.0,XGBoost,provided_plus_rdkit_descriptors,1,5
rdkit_fr_COO,0.0,0.0,0.0,XGBoost,provided_plus_rdkit_descriptors,1,5
rdkit_fr_COO2,0.0,0.0,0.0,XGBoost,provided_plus_rdkit_descriptors,1,5
rdkit_fr_C_O,0.0,0.0,0.0,XGBoost,provided_plus_rdkit_descriptors,1,5
rdkit_fr_C_O_noCOO,0.0,0.0,0.0,XGBoost,provided_plus_rdkit_descriptors,1,5
rdkit_fr_NH1,0.0,0.0,0.0,XGBoost,provided_plus_rdkit_descriptors,1,5
rdkit_fr_NH2,0.0,0.0,0.0,XGBoost,provided_plus_rdkit_descriptors,1,5
rdkit_fr_aldehyde,-179.63916,758.0628,1174.6522,XGBoost,provided_plus_rdkit_descriptors,1,5
rdkit_fr_alkyl_halide,0.0,0.0,0.0,XGBoost,provided_plus_rdkit_descriptors,1,5
rdkit_fr_allylic_oxid,0.0,0.0,0.0,XGBoost,provided_plus_rdkit_descriptors,1,5
rdkit_fr_amide,0.0,0.0,0.0,XGBoost,provided_plus_rdkit_descriptors,1,5
rdkit_fr_bicyclic,0.0,0.0,0.0,XGBoost,provided_plus_rdkit_descriptors,1,5
rdkit_fr_ether,0.0,0.0,0.0,XGBoost,provided_plus_rdkit_descriptors,1,5
rdkit_fr_halogen,0.0,0.0,0.0,XGBoost,provided_plus_rdkit_descriptors,1,5
rdkit_fr_ketone,222.97246,848.5468,1086.0228,XGBoost,provided_plus_rdkit_descriptors,1,5
rdkit_fr_ketone_Topliss,0.0,0.0,0.0,XGBoost,provided_plus_rdkit_descriptors,1,5
rdkit_fr_methoxy,0.0,0.0,0.0,XGBoost,provided_plus_rdkit_descriptors,1,5
rdkit_fr_phos_acid,0.0,0.0,0.0,XGBoost,provided_plus_rdkit_descriptors,1,5
rdkit_fr_phos_ester,0.0,0.0,0.0,XGBoost,provided_plus_rdkit_descriptors,1,5
Molecular weight (Da),-290.78802,24230.293,22650.6,XGBoost,provided_plus_rdkit_descriptors,2,1
Solubility (mg/mL),-67741.664,485037.22,462773.0,XGBoost,provided_plus_rdkit_descriptors,2,1
"Glass transition temperature (Tg, degC)",-70715.9,218075.77,164489.7,XGBoost,provided_plus_rdkit_descriptors,2,1
Viscosity (mPa.s),-25681.65,161126.67,157061.12,XGBoost,provided_plus_rdkit_descriptors,2,1
Concentration (% w/v),32626.957,241141.95,128257.64,XGBoost,provided_plus_rdkit_descriptors,2,1
rdkit_MaxAbsEStateIndex,-14795.643,92509.11,97346.875,XGBoost,provided_plus_rdkit_descriptors,2,1
rdkit_MaxEStateIndex,0.0,0.0,0.0,XGBoost,provided_plus_rdkit_descriptors,2,1
rdkit_MinAbsEStateIndex,-6774.827,109173.4,174314.53,XGBoost,provided_plus_rdkit_descriptors,2,1
rdkit_MinEStateIndex,5261.863,72541.85,39741.242,XGBoost,provided_plus_rdkit_descriptors,2,1
rdkit_qed,-32615.896,82186.586,53625.79,XGBoost,provided_plus_rdkit_descriptors,2,1
rdkit_SPS,17809.143,70923.9,82427.41,XGBoost,provided_plus_rdkit_descriptors,2,1
rdkit_MolWt,0.0,0.0,0.0,XGBoost,provided_plus_rdkit_descriptors,2,1
rdkit_HeavyAtomMolWt,0.0,0.0,0.0,XGBoost,provided_plus_rdkit_descriptors,2,1
rdkit_ExactMolWt,0.0,0.0,0.0,XGBoost,provided_plus_rdkit_descriptors,2,1
rdkit_NumValenceElectrons,0.0,0.0,0.0,XGBoost,provided_plus_rdkit_descriptors,2,1
rdkit_MaxPartialCharge,-57059.766,167348.94,110766.87,XGBoost,provided_plus_rdkit_descriptors,2,1
rdkit_MinPartialCharge,-12125.657,65542.23,35923.25,XGBoost,provided_plus_rdkit_descriptors,2,1
rdkit_MaxAbsPartialCharge,1050.5879,10577.688,5959.79,XGBoost,provided_plus_rdkit_descriptors,2,1
rdkit_MinAbsPartialCharge,0.0,0.0,0.0,XGBoost,provided_plus_rdkit_descriptors,2,1
rdkit_FpDensityMorgan1,19438.562,59220.707,54784.055,XGBoost,provided_plus_rdkit_descriptors,2,1
rdkit_FpDensityMorgan2,5768.7524,26963.6,22901.443,XGBoost,provided_plus_rdkit_descriptors,2,1
rdkit_FpDensityMorgan3,-15036.238,33350.3,48693.527,XGBoost,provided_plus_rdkit_descriptors,2,1
rdkit_BCUT2D_MWHI,-1976.8429,11427.453,12856.852,XGBoost,provided_plus_rdkit_descriptors,2,1
rdkit_BCUT2D_MWLOW,-9743.779,29530.178,32509.389,XGBoost,provided_plus_rdkit_descriptors,2,1
rdkit_BCUT2D_CHGHI,-3043.2163,50886.504,34714.67,XGBoost,provided_plus_rdkit_descriptors,2,1
rdkit_BCUT2D_CHGLO,15640.447,31066.695,31321.525,XGBoost,provided_plus_rdkit_descriptors,2,1
rdkit_BCUT2D_LOGPHI,-1150.5021,3870.5305,5641.1523,XGBoost,provided_plus_rdkit_descriptors,2,1
rdkit_BCUT2D_LOGPLOW,1595.5662,3216.8735,3594.1,XGBoost,provided_plus_rdkit_descriptors,2,1
rdkit_BCUT2D_MRHI,22675.658,68661.41,85849.78,XGBoost,provided_plus_rdkit_descriptors,2,1
rdkit_BCUT2D_MRLOW,4499.9053,12380.178,14994.681,XGBoost,provided_plus_rdkit_descriptors,2,1
rdkit_AvgIpc,-23118.46,117631.24,165134.08,XGBoost,provided_plus_rdkit_descriptors,2,1
rdkit_BalabanJ,-3960.7825,61578.8,47284.902,XGBoost,provided_plus_rdkit_descriptors,2,1
rdkit_BertzCT,6919.73,9402.649,7457.0635,XGBoost,provided_plus_rdkit_descriptors,2,1
rdkit_Chi0,-219.95909,3187.6067,3557.2354,XGBoost,provided_plus_rdkit_descriptors,2,1
rdkit_Chi0n,-3745.4387,14818.547,9580.524,XGBoost,provided_plus_rdkit_descriptors,2,1
rdkit_Chi0v,27773.615,76120.445,80468.125,XGBoost,provided_plus_rdkit_descriptors,2,1
rdkit_Chi1,-153.35103,530.7755,689.8928,XGBoost,provided_plus_rdkit_descriptors,2,1
rdkit_Chi1n,-242.9061,650.3929,944.7534,XGBoost,provided_plus_rdkit_descriptors,2,1
rdkit_Chi1v,0.0,0.0,0.0,XGBoost,provided_plus_rdkit_descriptors,2,1
rdkit_Chi2n,-1743.3901,7239.265,4978.4194,XGBoost,provided_plus_rdkit_descriptors,2,1
rdkit_Chi2v,403.92648,2041.5588,2723.195,XGBoost,provided_plus_rdkit_descriptors,2,1
rdkit_Chi3n,-3162.7656,11691.358,9699.801,XGBoost,provided_plus_rdkit_descriptors,2,1
rdkit_Chi3v,0.0,0.0,0.0,XGBoost,provided_plus_rdkit_descriptors,2,1
rdkit_Chi4n,348.6354,777.304,961.8531,XGBoost,provided_plus_rdkit_descriptors,2,1
rdkit_Chi4v,-199.47835,6264.619,4393.6694,XGBoost,provided_plus_rdkit_descriptors,2,1
rdkit_HallKierAlpha,-22221.51,210675.25,131113.52,XGBoost,provided_plus_rdkit_descriptors,2,1
rdkit_Ipc,-4365.2974,20416.812,16539.416,XGBoost,provided_plus_rdkit_descriptors,2,1
rdkit_Kappa1,-5892.1514,17906.842,18360.215,XGBoost,provided_plus_rdkit_descriptors,2,1
rdkit_Kappa2,-227.23064,3684.3218,2888.9287,XGBoost,provided_plus_rdkit_descriptors,2,1
rdkit_Kappa3,1395.096,11085.155,10581.285,XGBoost,provided_plus_rdkit_descriptors,2,1
rdkit_LabuteASA,0.0,0.0,0.0,XGBoost,provided_plus_rdkit_descriptors,2,1
rdkit_PEOE_VSA1,-7774.595,19689.834,29960.865,XGBoost,provided_plus_rdkit_descriptors,2,1
rdkit_PEOE_VSA10,-541.3295,6836.7935,5948.046,XGBoost,provided_plus_rdkit_descriptors,2,1
rdkit_PEOE_VSA11,-1721.659,52877.496,55652.887,XGBoost,provided_plus_rdkit_descriptors,2,1
rdkit_PEOE_VSA12,0.0,0.0,0.0,XGBoost,provided_plus_rdkit_descriptors,2,1
rdkit_PEOE_VSA14,0.0,0.0,0.0,XGBoost,provided_plus_rdkit_descriptors,2,1
rdkit_PEOE_VSA2,0.0,0.0,0.0,XGBoost,provided_plus_rdkit_descriptors,2,1
rdkit_PEOE_VSA3,0.0,0.0,0.0,XGBoost,provided_plus_rdkit_descriptors,2,1
rdkit_PEOE_VSA5,0.0,0.0,0.0,XGBoost,provided_plus_rdkit_descriptors,2,1
rdkit_PEOE_VSA6,190.17839,1081.9701,3371.2017,XGBoost,provided_plus_rdkit_descriptors,2,1
rdkit_PEOE_VSA7,-260.48163,4359.8906,5907.219,XGBoost,provided_plus_rdkit_descriptors,2,1
rdkit_PEOE_VSA8,-1106.7329,3046.3196,5891.849,XGBoost,provided_plus_rdkit_descriptors,2,1
rdkit_PEOE_VSA9,-103.55581,4916.651,4559.582,XGBoost,provided_plus_rdkit_descriptors,2,1
rdkit_SMR_VSA1,1360.9302,4303.1265,5089.58,XGBoost,provided_plus_rdkit_descriptors,2,1
rdkit_SMR_VSA10,334.4829,2864.608,2846.1968,XGBoost,provided_plus_rdkit_descriptors,2,1
rdkit_SMR_VSA3,0.0,0.0,0.0,XGBoost,provided_plus_rdkit_descriptors,2,1
rdkit_SMR_VSA4,-2616.667,2616.667,1169.6654,XGBoost,provided_plus_rdkit_descriptors,2,1
rdkit_SMR_VSA5,-103.59596,7509.249,6208.526,XGBoost,provided_plus_rdkit_descriptors,2,1
rdkit_SMR_VSA6,204.73293,3407.6963,3052.2888,XGBoost,provided_plus_rdkit_descriptors,2,1
rdkit_SMR_VSA7,0.0,0.0,0.0,XGBoost,provided_plus_rdkit_descriptors,2,1
rdkit_SlogP_VSA1,0.0,0.0,0.0,XGBoost,provided_plus_rdkit_descriptors,2,1
rdkit_SlogP_VSA12,0.0,0.0,0.0,XGBoost,provided_plus_rdkit_descriptors,2,1
rdkit_SlogP_VSA2,-47988.26,75521.375,59636.973,XGBoost,provided_plus_rdkit_descriptors,2,1
rdkit_SlogP_VSA3,580.1132,4990.1323,4451.776,XGBoost,provided_plus_rdkit_descriptors,2,1
rdkit_SlogP_VSA4,0.0,0.0,0.0,XGBoost,provided_plus_rdkit_descriptors,2,1
rdkit_SlogP_VSA5,-101.23001,953.8235,1163.6598,XGBoost,provided_plus_rdkit_descriptors,2,1
rdkit_SlogP_VSA6,0.0,0.0,0.0,XGBoost,provided_plus_rdkit_descriptors,2,1
rdkit_TPSA,2658.2957,4157.184,4378.6313,XGBoost,provided_plus_rdkit_descriptors,2,1
rdkit_EState_VSA1,17609.938,23386.666,22600.453,XGBoost,provided_plus_rdkit_descriptors,2,1
rdkit_EState_VSA10,-38630.8,733528.44,325238.53,XGBoost,provided_plus_rdkit_descriptors,2,1
rdkit_EState_VSA2,-8201.177,15204.002,10359.127,XGBoost,provided_plus_rdkit_descriptors,2,1
rdkit_EState_VSA3,-595.046,1393.2294,3177.4177,XGBoost,provided_plus_rdkit_descriptors,2,1
rdkit_EState_VSA4,0.0,0.0,0.0,XGBoost,provided_plus_rdkit_descriptors,2,1
rdkit_EState_VSA5,-633.5696,2016.6652,4455.1987,XGBoost,provided_plus_rdkit_descriptors,2,1
rdkit_EState_VSA6,0.0,0.0,0.0,XGBoost,provided_plus_rdkit_descriptors,2,1
rdkit_EState_VSA7,0.0,0.0,0.0,XGBoost,provided_plus_rdkit_descriptors,2,1
rdkit_EState_VSA8,-931.74347,6151.619,6762.6934,XGBoost,provided_plus_rdkit_descriptors,2,1
rdkit_EState_VSA9,-16881.373,97087.04,65512.895,XGBoost,provided_plus_rdkit_descriptors,2,1
rdkit_VSA_EState1,-1099.5896,1806.7361,1800.267,XGBoost,provided_plus_rdkit_descriptors,2,1
rdkit_VSA_EState10,0.0,0.0,0.0,XGBoost,provided_plus_rdkit_descriptors,2,1
rdkit_VSA_EState2,-9930.625,94285.664,76728.47,XGBoost,provided_plus_rdkit_descriptors,2,1
rdkit_VSA_EState3,9862.456,45356.855,30623.676,XGBoost,provided_plus_rdkit_descriptors,2,1
rdkit_VSA_EState4,0.0,0.0,0.0,XGBoost,provided_plus_rdkit_descriptors,2,1
rdkit_VSA_EState5,-230.80846,2118.3318,2213.9834,XGBoost,provided_plus_rdkit_descriptors,2,1
rdkit_VSA_EState6,0.0,0.0,0.0,XGBoost,provided_plus_rdkit_descriptors,2,1
rdkit_VSA_EState7,8496.524,15140.716,13567.548,XGBoost,provided_plus_rdkit_descriptors,2,1
rdkit_VSA_EState8,-17178.791,220070.61,229891.84,XGBoost,provided_plus_rdkit_descriptors,2,1
rdkit_VSA_EState9,0.0,0.0,0.0,XGBoost,provided_plus_rdkit_descriptors,2,1
rdkit_FractionCSP3,-283.36484,987.5644,1526.4988,XGBoost,provided_plus_rdkit_descriptors,2,1
rdkit_HeavyAtomCount,0.0,0.0,0.0,XGBoost,provided_plus_rdkit_descriptors,2,1
rdkit_NHOHCount,0.0,0.0,0.0,XGBoost,provided_plus_rdkit_descriptors,2,1
rdkit_NOCount,0.0,0.0,0.0,XGBoost,provided_plus_rdkit_descriptors,2,1
rdkit_NumAliphaticCarbocycles,0.0,0.0,0.0,XGBoost,provided_plus_rdkit_descriptors,2,1
rdkit_NumAliphaticHeterocycles,0.0,0.0,0.0,XGBoost,provided_plus_rdkit_descriptors,2,1
rdkit_NumAliphaticRings,0.0,0.0,0.0,XGBoost,provided_plus_rdkit_descriptors,2,1
rdkit_NumAmideBonds,0.0,0.0,0.0,XGBoost,provided_plus_rdkit_descriptors,2,1
rdkit_NumAtomStereoCenters,561.4713,2556.1057,4700.25,XGBoost,provided_plus_rdkit_descriptors,2,1
rdkit_NumBridgeheadAtoms,0.0,0.0,0.0,XGBoost,provided_plus_rdkit_descriptors,2,1
rdkit_NumHAcceptors,0.0,0.0,0.0,XGBoost,provided_plus_rdkit_descriptors,2,1
rdkit_NumHDonors,-3210.9165,7332.0938,4685.119,XGBoost,provided_plus_rdkit_descriptors,2,1
rdkit_NumHeteroatoms,0.0,0.0,0.0,XGBoost,provided_plus_rdkit_descriptors,2,1
rdkit_NumHeterocycles,0.0,0.0,0.0,XGBoost,provided_plus_rdkit_descriptors,2,1
rdkit_NumRotatableBonds,1037.78,1999.254,2705.6318,XGBoost,provided_plus_rdkit_descriptors,2,1
rdkit_NumSaturatedCarbocycles,0.0,0.0,0.0,XGBoost,provided_plus_rdkit_descriptors,2,1
rdkit_NumSaturatedHeterocycles,0.0,0.0,0.0,XGBoost,provided_plus_rdkit_descriptors,2,1
rdkit_NumSaturatedRings,0.0,0.0,0.0,XGBoost,provided_plus_rdkit_descriptors,2,1
rdkit_NumUnspecifiedAtomStereoCenters,1823.5039,8846.286,17835.02,XGBoost,provided_plus_rdkit_descriptors,2,1
rdkit_Phi,2977.1016,19598.35,17081.992,XGBoost,provided_plus_rdkit_descriptors,2,1
rdkit_RingCount,0.0,0.0,0.0,XGBoost,provided_plus_rdkit_descriptors,2,1
rdkit_MolLogP,-20625.54,76202.305,36811.812,XGBoost,provided_plus_rdkit_descriptors,2,1
rdkit_MolMR,-2931.0044,6075.0938,3808.966,XGBoost,provided_plus_rdkit_descriptors,2,1
rdkit_fr_Al_COO,0.0,0.0,0.0,XGBoost,provided_plus_rdkit_descriptors,2,1
rdkit_fr_Al_OH,332.23163,1126.8041,1448.3918,XGBoost,provided_plus_rdkit_descriptors,2,1
rdkit_fr_Al_OH_noTert,0.0,0.0,0.0,XGBoost,provided_plus_rdkit_descriptors,2,1
rdkit_fr_COO,0.0,0.0,0.0,XGBoost,provided_plus_rdkit_descriptors,2,1
rdkit_fr_COO2,0.0,0.0,0.0,XGBoost,provided_plus_rdkit_descriptors,2,1
rdkit_fr_C_O,0.0,0.0,0.0,XGBoost,provided_plus_rdkit_descriptors,2,1
rdkit_fr_C_O_noCOO,0.0,0.0,0.0,XGBoost,provided_plus_rdkit_descriptors,2,1
rdkit_fr_NH1,0.0,0.0,0.0,XGBoost,provided_plus_rdkit_descriptors,2,1
rdkit_fr_NH2,0.0,0.0,0.0,XGBoost,provided_plus_rdkit_descriptors,2,1
rdkit_fr_aldehyde,-9.530664,1759.7263,2411.6716,XGBoost,provided_plus_rdkit_descriptors,2,1
rdkit_fr_alkyl_halide,0.0,0.0,0.0,XGBoost,provided_plus_rdkit_descriptors,2,1
rdkit_fr_allylic_oxid,0.0,0.0,0.0,XGBoost,provided_plus_rdkit_descriptors,2,1
rdkit_fr_amide,0.0,0.0,0.0,XGBoost,provided_plus_rdkit_descriptors,2,1
rdkit_fr_bicyclic,0.0,0.0,0.0,XGBoost,provided_plus_rdkit_descriptors,2,1
rdkit_fr_ether,169.27873,859.6071,1044.3009,XGBoost,provided_plus_rdkit_descriptors,2,1
rdkit_fr_halogen,0.0,0.0,0.0,XGBoost,provided_plus_rdkit_descriptors,2,1
rdkit_fr_ketone,-950.49115,1751.9952,1678.3617,XGBoost,provided_plus_rdkit_descriptors,2,1
rdkit_fr_ketone_Topliss,0.0,0.0,0.0,XGBoost,provided_plus_rdkit_descriptors,2,1
rdkit_fr_methoxy,0.0,0.0,0.0,XGBoost,provided_plus_rdkit_descriptors,2,1
rdkit_fr_phos_acid,0.0,0.0,0.0,XGBoost,provided_plus_rdkit_descriptors,2,1
rdkit_fr_phos_ester,0.0,0.0,0.0,XGBoost,provided_plus_rdkit_descriptors,2,1
Molecular weight (Da),6237.1772,52882.27,47728.715,XGBoost,provided_plus_rdkit_descriptors,2,2
Solubility (mg/mL),5539.091,542439.7,522731.06,XGBoost,provided_plus_rdkit_descriptors,2,2
"Glass transition temperature (Tg, degC)",-26219.652,280661.53,270948.72,XGBoost,provided_plus_rdkit_descriptors,2,2
Viscosity (mPa.s),-57929.867,220820.67,196268.61,XGBoost,provided_plus_rdkit_descriptors,2,2
Concentration (% w/v),-57807.145,280220.7,131405.48,XGBoost,provided_plus_rdkit_descriptors,2,2
rdkit_MaxAbsEStateIndex,-2161.0884,57286.51,92604.7,XGBoost,provided_plus_rdkit_descriptors,2,2
rdkit_MaxEStateIndex,0.0,0.0,0.0,XGBoost,provided_plus_rdkit_descriptors,2,2
rdkit_MinAbsEStateIndex,-14582.411,50400.6,75921.48,XGBoost,provided_plus_rdkit_descriptors,2,2
rdkit_MinEStateIndex,50789.15,90819.97,69617.85,XGBoost,provided_plus_rdkit_descriptors,2,2
rdkit_qed,-3534.9272,71483.01,50822.32,XGBoost,provided_plus_rdkit_descriptors,2,2
rdkit_SPS,14635.583,71686.25,70230.54,XGBoost,provided_plus_rdkit_descriptors,2,2
rdkit_MolWt,0.0,0.0,0.0,XGBoost,provided_plus_rdkit_descriptors,2,2
rdkit_HeavyAtomMolWt,0.0,0.0,0.0,XGBoost,provided_plus_rdkit_descriptors,2,2
rdkit_ExactMolWt,0.0,0.0,0.0,XGBoost,provided_plus_rdkit_descriptors,2,2
rdkit_NumValenceElectrons,0.0,0.0,0.0,XGBoost,provided_plus_rdkit_descriptors,2,2
rdkit_MaxPartialCharge,-49075.652,126902.42,102067.18,XGBoost,provided_plus_rdkit_descriptors,2,2
rdkit_MinPartialCharge,-4070.2095,63014.754,32694.13,XGBoost,provided_plus_rdkit_descriptors,2,2
rdkit_MaxAbsPartialCharge,-2550.5415,13494.209,14649.353,XGBoost,provided_plus_rdkit_descriptors,2,2
rdkit_MinAbsPartialCharge,0.0,0.0,0.0,XGBoost,provided_plus_rdkit_descriptors,2,2
rdkit_FpDensityMorgan1,30078.1,74037.96,41278.168,XGBoost,provided_plus_rdkit_descriptors,2,2
rdkit_FpDensityMorgan2,-1611.9135,12125.049,9353.622,XGBoost,provided_plus_rdkit_descriptors,2,2
rdkit_FpDensityMorgan3,-4757.424,77359.195,70430.47,XGBoost,provided_plus_rdkit_descriptors,2,2
rdkit_BCUT2D_MWHI,-6301.851,28025.066,28051.766,XGBoost,provided_plus_rdkit_descriptors,2,2
rdkit_BCUT2D_MWLOW,9365.394,31292.951,28870.44,XGBoost,provided_plus_rdkit_descriptors,2,2
rdkit_BCUT2D_CHGHI,-8270.762,32696.592,22508.13,XGBoost,provided_plus_rdkit_descriptors,2,2
rdkit_BCUT2D_CHGLO,3165.843,34046.9,42753.4,XGBoost,provided_plus_rdkit_descriptors,2,2
rdkit_BCUT2D_LOGPHI,2187.2507,5554.402,6571.6616,XGBoost,provided_plus_rdkit_descriptors,2,2
rdkit_BCUT2D_LOGPLOW,-2281.8984,2870.7156,2193.4158,XGBoost,provided_plus_rdkit_descriptors,2,2
rdkit_BCUT2D_MRHI,-2737.7007,79331.53,71671.0,XGBoost,provided_plus_rdkit_descriptors,2,2
rdkit_BCUT2D_MRLOW,-1955.7405,3688.7373,4120.381,XGBoost,provided_plus_rdkit_descriptors,2,2
rdkit_AvgIpc,-46559.125,136631.25,205414.12,XGBoost,provided_plus_rdkit_descriptors,2,2
rdkit_BalabanJ,-1521.8854,23783.871,23154.438,XGBoost,provided_plus_rdkit_descriptors,2,2
rdkit_BertzCT,-21965.512,27223.791,24190.777,XGBoost,provided_plus_rdkit_descriptors,2,2
rdkit_Chi0,215.53954,2277.7878,5335.224,XGBoost,provided_plus_rdkit_descriptors,2,2
rdkit_Chi0n,-4338.842,16820.531,13350.94,XGBoost,provided_plus_rdkit_descriptors,2,2
rdkit_Chi0v,29799.008,97521.92,121790.1,XGBoost,provided_plus_rdkit_descriptors,2,2
rdkit_Chi1,-2530.3328,5719.559,3870.1174,XGBoost,provided_plus_rdkit_descriptors,2,2
rdkit_Chi1n,-861.9621,2514.0728,2967.1838,XGBoost,provided_plus_rdkit_descriptors,2,2
rdkit_Chi1v,144.40475,3363.7046,3331.3208,XGBoost,provided_plus_rdkit_descriptors,2,2
rdkit_Chi2n,4037.9438,7299.743,5589.812,XGBoost,provided_plus_rdkit_descriptors,2,2
rdkit_Chi2v,0.0,0.0,0.0,XGBoost,provided_plus_rdkit_descriptors,2,2
rdkit_Chi3n,235.96593,879.6391,1024.1226,XGBoost,provided_plus_rdkit_descriptors,2,2
rdkit_Chi3v,-1237.7463,2104.198,1347.1871,XGBoost,provided_plus_rdkit_descriptors,2,2
rdkit_Chi4n,0.0,0.0,0.0,XGBoost,provided_plus_rdkit_descriptors,2,2
rdkit_Chi4v,99.50419,364.6831,684.11475,XGBoost,provided_plus_rdkit_descriptors,2,2
rdkit_HallKierAlpha,7563.164,60302.89,46497.273,XGBoost,provided_plus_rdkit_descriptors,2,2
rdkit_Ipc,-3810.8328,7227.5693,7753.363,XGBoost,provided_plus_rdkit_descriptors,2,2
rdkit_Kappa1,-882.4015,5584.006,5365.5996,XGBoost,provided_plus_rdkit_descriptors,2,2
rdkit_Kappa2,-796.45026,8973.319,9881.736,XGBoost,provided_plus_rdkit_descriptors,2,2
rdkit_Kappa3,7572.985,19182.512,14054.589,XGBoost,provided_plus_rdkit_descriptors,2,2
rdkit_LabuteASA,0.0,0.0,0.0,XGBoost,provided_plus_rdkit_descriptors,2,2
rdkit_PEOE_VSA1,-8861.545,39046.008,28057.273,XGBoost,provided_plus_rdkit_descriptors,2,2
rdkit_PEOE_VSA10,846.6052,4375.135,4463.0015,XGBoost,provided_plus_rdkit_descriptors,2,2
rdkit_PEOE_VSA11,-16838.668,58719.68,56210.953,XGBoost,provided_plus_rdkit_descriptors,2,2
rdkit_PEOE_VSA12,-689.32367,967.41614,845.9373,XGBoost,provided_plus_rdkit_descriptors,2,2
rdkit_PEOE_VSA14,0.0,0.0,0.0,XGBoost,provided_plus_rdkit_descriptors,2,2
rdkit_PEOE_VSA2,0.0,0.0,0.0,XGBoost,provided_plus_rdkit_descriptors,2,2
rdkit_PEOE_VSA3,0.0,0.0,0.0,XGBoost,provided_plus_rdkit_descriptors,2,2
rdkit_PEOE_VSA5,0.0,0.0,0.0,XGBoost,provided_plus_rdkit_descriptors,2,2
rdkit_PEOE_VSA6,0.0,0.0,0.0,XGBoost,provided_plus_rdkit_descriptors,2,2
rdkit_PEOE_VSA7,0.0,0.0,0.0,XGBoost,provided_plus_rdkit_descriptors,2,2
rdkit_PEOE_VSA8,0.0,0.0,0.0,XGBoost,provided_plus_rdkit_descriptors,2,2
rdkit_PEOE_VSA9,-617.8801,1860.1543,1751.4161,XGBoost,provided_plus_rdkit_descriptors,2,2
rdkit_SMR_VSA1,0.0,0.0,0.0,XGBoost,provided_plus_rdkit_descriptors,2,2
rdkit_SMR_VSA10,-2947.5562,11245.116,9121.708,XGBoost,provided_plus_rdkit_descriptors,2,2
rdkit_SMR_VSA3,0.0,0.0,0.0,XGBoost,provided_plus_rdkit_descriptors,2,2
rdkit_SMR_VSA4,-168.9752,711.9541,2355.9111,XGBoost,provided_plus_rdkit_descriptors,2,2
rdkit_SMR_VSA5,-296.46158,11777.182,9760.949,XGBoost,provided_plus_rdkit_descriptors,2,2
rdkit_SMR_VSA6,262.24542,1007.97064,969.82874,XGBoost,provided_plus_rdkit_descriptors,2,2
rdkit_SMR_VSA7,0.0,0.0,0.0,XGBoost,provided_plus_rdkit_descriptors,2,2
rdkit_SlogP_VSA1,0.0,0.0,0.0,XGBoost,provided_plus_rdkit_descriptors,2,2
rdkit_SlogP_VSA12,0.0,0.0,0.0,XGBoost,provided_plus_rdkit_descriptors,2,2
rdkit_SlogP_VSA2,-1102.9335,68973.984,38440.867,XGBoost,provided_plus_rdkit_descriptors,2,2
rdkit_SlogP_VSA3,3490.551,8639.194,10890.964,XGBoost,provided_plus_rdkit_descriptors,2,2
rdkit_SlogP_VSA4,0.0,0.0,0.0,XGBoost,provided_plus_rdkit_descriptors,2,2
rdkit_SlogP_VSA5,671.3928,4048.8083,7688.7793,XGBoost,provided_plus_rdkit_descriptors,2,2
rdkit_SlogP_VSA6,0.0,0.0,0.0,XGBoost,provided_plus_rdkit_descriptors,2,2
rdkit_TPSA,999.36914,3874.3528,4196.7817,XGBoost,provided_plus_rdkit_descriptors,2,2
rdkit_EState_VSA1,5000.3735,10252.501,13148.865,XGBoost,provided_plus_rdkit_descriptors,2,2
rdkit_EState_VSA10,225852.98,786108.56,276558.28,XGBoost,provided_plus_rdkit_descriptors,2,2
rdkit_EState_VSA2,3602.3687,24113.707,67112.45,XGBoost,provided_plus_rdkit_descriptors,2,2
rdkit_EState_VSA3,0.0,0.0,0.0,XGBoost,provided_plus_rdkit_descriptors,2,2
rdkit_EState_VSA4,0.0,0.0,0.0,XGBoost,provided_plus_rdkit_descriptors,2,2
rdkit_EState_VSA5,-253.18767,1065.1355,1151.593,XGBoost,provided_plus_rdkit_descriptors,2,2
rdkit_EState_VSA6,0.0,0.0,0.0,XGBoost,provided_plus_rdkit_descriptors,2,2
rdkit_EState_VSA7,0.0,0.0,0.0,XGBoost,provided_plus_rdkit_descriptors,2,2
rdkit_EState_VSA8,1492.7487,12689.741,20207.139,XGBoost,provided_plus_rdkit_descriptors,2,2
rdkit_EState_VSA9,552.4708,35472.56,25975.98,XGBoost,provided_plus_rdkit_descriptors,2,2
rdkit_VSA_EState1,1196.8129,1705.6412,1943.0436,XGBoost,provided_plus_rdkit_descriptors,2,2
rdkit_VSA_EState10,0.0,0.0,0.0,XGBoost,provided_plus_rdkit_descriptors,2,2
rdkit_VSA_EState2,3397.359,63137.625,38414.324,XGBoost,provided_plus_rdkit_descriptors,2,2
rdkit_VSA_EState3,3202.1848,23085.627,20087.805,XGBoost,provided_plus_rdkit_descriptors,2,2
rdkit_VSA_EState4,0.0,0.0,0.0,XGBoost,provided_plus_rdkit_descriptors,2,2
rdkit_VSA_EState5,22.667564,556.75757,948.9889,XGBoost,provided_plus_rdkit_descriptors,2,2
rdkit_VSA_EState6,0.0,0.0,0.0,XGBoost,provided_plus_rdkit_descriptors,2,2
rdkit_VSA_EState7,-3705.2063,41418.57,38766.414,XGBoost,provided_plus_rdkit_descriptors,2,2
rdkit_VSA_EState8,-18974.254,197411.03,182706.8,XGBoost,provided_plus_rdkit_descriptors,2,2
rdkit_VSA_EState9,0.0,0.0,0.0,XGBoost,provided_plus_rdkit_descriptors,2,2
rdkit_FractionCSP3,-0.63552654,926.35736,760.3248,XGBoost,provided_plus_rdkit_descriptors,2,2
rdkit_HeavyAtomCount,0.0,0.0,0.0,XGBoost,provided_plus_rdkit_descriptors,2,2
rdkit_NHOHCount,616.3701,1415.8588,1935.3566,XGBoost,provided_plus_rdkit_descriptors,2,2
rdkit_NOCount,0.0,0.0,0.0,XGBoost,provided_plus_rdkit_descriptors,2,2
rdkit_NumAliphaticCarbocycles,0.0,0.0,0.0,XGBoost,provided_plus_rdkit_descriptors,2,2
rdkit_NumAliphaticHeterocycles,0.0,0.0,0.0,XGBoost,provided_plus_rdkit_descriptors,2,2
rdkit_NumAliphaticRings,0.0,0.0,0.0,XGBoost,provided_plus_rdkit_descriptors,2,2
rdkit_NumAmideBonds,0.0,0.0,0.0,XGBoost,provided_plus_rdkit_descriptors,2,2
rdkit_NumAtomStereoCenters,1604.7634,3313.1736,5719.5605,XGBoost,provided_plus_rdkit_descriptors,2,2
rdkit_NumBridgeheadAtoms,0.0,0.0,0.0,XGBoost,provided_plus_rdkit_descriptors,2,2
rdkit_NumHAcceptors,0.0,0.0,0.0,XGBoost,provided_plus_rdkit_descriptors,2,2
rdkit_NumHDonors,-4123.294,21579.799,17554.805,XGBoost,provided_plus_rdkit_descriptors,2,2
rdkit_NumHeteroatoms,0.0,0.0,0.0,XGBoost,provided_plus_rdkit_descriptors,2,2
rdkit_NumHeterocycles,0.0,0.0,0.0,XGBoost,provided_plus_rdkit_descriptors,2,2
rdkit_NumRotatableBonds,-1486.0675,3913.0415,4067.8486,XGBoost,provided_plus_rdkit_descriptors,2,2
rdkit_NumSaturatedCarbocycles,0.0,0.0,0.0,XGBoost,provided_plus_rdkit_descriptors,2,2
rdkit_NumSaturatedHeterocycles,0.0,0.0,0.0,XGBoost,provided_plus_rdkit_descriptors,2,2
rdkit_NumSaturatedRings,0.0,0.0,0.0,XGBoost,provided_plus_rdkit_descriptors,2,2
rdkit_NumUnspecifiedAtomStereoCenters,1133.6547,4224.675,8807.881,XGBoost,provided_plus_rdkit_descriptors,2,2
rdkit_Phi,571.1557,22219.125,17640.305,XGBoost,provided_plus_rdkit_descriptors,2,2
rdkit_RingCount,0.0,0.0,0.0,XGBoost,provided_plus_rdkit_descriptors,2,2
rdkit_MolLogP,-5434.8506,122331.016,72232.266,XGBoost,provided_plus_rdkit_descriptors,2,2
rdkit_MolMR,197.44547,7255.156,8269.312,XGBoost,provided_plus_rdkit_descriptors,2,2
rdkit_fr_Al_COO,0.0,0.0,0.0,XGBoost,provided_plus_rdkit_descriptors,2,2
rdkit_fr_Al_OH,7785.8394,41019.38,28089.223,XGBoost,provided_plus_rdkit_descriptors,2,2
rdkit_fr_Al_OH_noTert,0.0,0.0,0.0,XGBoost,provided_plus_rdkit_descriptors,2,2
rdkit_fr_COO,0.0,0.0,0.0,XGBoost,provided_plus_rdkit_descriptors,2,2
rdkit_fr_COO2,0.0,0.0,0.0,XGBoost,provided_plus_rdkit_descriptors,2,2
rdkit_fr_C_O,0.0,0.0,0.0,XGBoost,provided_plus_rdkit_descriptors,2,2
rdkit_fr_C_O_noCOO,0.0,0.0,0.0,XGBoost,provided_plus_rdkit_descriptors,2,2
rdkit_fr_NH1,0.0,0.0,0.0,XGBoost,provided_plus_rdkit_descriptors,2,2
rdkit_fr_NH2,0.0,0.0,0.0,XGBoost,provided_plus_rdkit_descriptors,2,2
rdkit_fr_aldehyde,41.043434,1680.6082,1362.2246,XGBoost,provided_plus_rdkit_descriptors,2,2
rdkit_fr_alkyl_halide,0.0,0.0,0.0,XGBoost,provided_plus_rdkit_descriptors,2,2
rdkit_fr_allylic_oxid,0.0,0.0,0.0,XGBoost,provided_plus_rdkit_descriptors,2,2
rdkit_fr_amide,0.0,0.0,0.0,XGBoost,provided_plus_rdkit_descriptors,2,2
rdkit_fr_bicyclic,0.0,0.0,0.0,XGBoost,provided_plus_rdkit_descriptors,2,2
rdkit_fr_ether,0.0,0.0,0.0,XGBoost,provided_plus_rdkit_descriptors,2,2
rdkit_fr_halogen,0.0,0.0,0.0,XGBoost,provided_plus_rdkit_descriptors,2,2
rdkit_fr_ketone,107.774506,621.45734,986.4252,XGBoost,provided_plus_rdkit_descriptors,2,2
rdkit_fr_ketone_Topliss,0.0,0.0,0.0,XGBoost,provided_plus_rdkit_descriptors,2,2
rdkit_fr_methoxy,0.0,0.0,0.0,XGBoost,provided_plus_rdkit_descriptors,2,2
rdkit_fr_phos_acid,0.0,0.0,0.0,XGBoost,provided_plus_rdkit_descriptors,2,2
rdkit_fr_phos_ester,0.0,0.0,0.0,XGBoost,provided_plus_rdkit_descriptors,2,2
Molecular weight (Da),3761.9653,32784.887,29459.566,XGBoost,provided_plus_rdkit_descriptors,2,3
Solubility (mg/mL),-117489.26,562096.44,535551.75,XGBoost,provided_plus_rdkit_descriptors,2,3
"Glass transition temperature (Tg, degC)",25928.85,214461.47,172872.42,XGBoost,provided_plus_rdkit_descriptors,2,3
Viscosity (mPa.s),74595.016,190251.9,174148.58,XGBoost,provided_plus_rdkit_descriptors,2,3
Concentration (% w/v),38235.363,270768.9,150263.27,XGBoost,provided_plus_rdkit_descriptors,2,3
rdkit_MaxAbsEStateIndex,13511.818,62639.99,70397.24,XGBoost,provided_plus_rdkit_descriptors,2,3
rdkit_MaxEStateIndex,0.0,0.0,0.0,XGBoost,provided_plus_rdkit_descriptors,2,3
rdkit_MinAbsEStateIndex,37348.88,49316.832,53650.02,XGBoost,provided_plus_rdkit_descriptors,2,3
rdkit_MinEStateIndex,48645.3,83603.25,79467.31,XGBoost,provided_plus_rdkit_descriptors,2,3
rdkit_qed,14043.757,53784.52,66647.28,XGBoost,provided_plus_rdkit_descriptors,2,3
rdkit_SPS,-6830.553,64971.824,52284.062,XGBoost,provided_plus_rdkit_descriptors,2,3
rdkit_MolWt,0.0,0.0,0.0,XGBoost,provided_plus_rdkit_descriptors,2,3
rdkit_HeavyAtomMolWt,0.0,0.0,0.0,XGBoost,provided_plus_rdkit_descriptors,2,3
rdkit_ExactMolWt,0.0,0.0,0.0,XGBoost,provided_plus_rdkit_descriptors,2,3
rdkit_NumValenceElectrons,0.0,0.0,0.0,XGBoost,provided_plus_rdkit_descriptors,2,3
rdkit_MaxPartialCharge,-14718.348,69429.375,48793.613,XGBoost,provided_plus_rdkit_descriptors,2,3
rdkit_MinPartialCharge,-11740.401,60224.477,33930.78,XGBoost,provided_plus_rdkit_descriptors,2,3
rdkit_MaxAbsPartialCharge,547.3973,9006.999,7451.1484,XGBoost,provided_plus_rdkit_descriptors,2,3
rdkit_MinAbsPartialCharge,0.0,0.0,0.0,XGBoost,provided_plus_rdkit_descriptors,2,3
rdkit_FpDensityMorgan1,21165.436,46427.08,36784.316,XGBoost,provided_plus_rdkit_descriptors,2,3
rdkit_FpDensityMorgan2,-8208.196,23098.959,18980.21,XGBoost,provided_plus_rdkit_descriptors,2,3
rdkit_FpDensityMorgan3,-5384.2056,27673.873,15857.848,XGBoost,provided_plus_rdkit_descriptors,2,3
rdkit_BCUT2D_MWHI,2103.6382,7013.9575,8124.948,XGBoost,provided_plus_rdkit_descriptors,2,3
rdkit_BCUT2D_MWLOW,13971.104,64119.473,45970.785,XGBoost,provided_plus_rdkit_descriptors,2,3
rdkit_BCUT2D_CHGHI,-4323.2993,31878.29,18758.639,XGBoost,provided_plus_rdkit_descriptors,2,3
rdkit_BCUT2D_CHGLO,-5694.8105,41080.734,38358.01,XGBoost,provided_plus_rdkit_descriptors,2,3
rdkit_BCUT2D_LOGPHI,153.39078,1364.504,1121.0282,XGBoost,provided_plus_rdkit_descriptors,2,3
rdkit_BCUT2D_LOGPLOW,928.4192,20003.477,17378.34,XGBoost,provided_plus_rdkit_descriptors,2,3
rdkit_BCUT2D_MRHI,6108.5,48440.04,50286.164,XGBoost,provided_plus_rdkit_descriptors,2,3
rdkit_BCUT2D_MRLOW,-856.3959,50779.348,44168.45,XGBoost,provided_plus_rdkit_descriptors,2,3
rdkit_AvgIpc,-17405.4,99671.22,129992.53,XGBoost,provided_plus_rdkit_descriptors,2,3
rdkit_BalabanJ,9364.384,23000.24,25662.512,XGBoost,provided_plus_rdkit_descriptors,2,3
rdkit_BertzCT,18906.057,41487.42,31490.826,XGBoost,provided_plus_rdkit_descriptors,2,3
rdkit_Chi0,3913.9949,10592.659,13186.285,XGBoost,provided_plus_rdkit_descriptors,2,3
rdkit_Chi0n,139.35979,1606.7439,1229.7034,XGBoost,provided_plus_rdkit_descriptors,2,3
rdkit_Chi0v,58553.56,131120.97,151928.69,XGBoost,provided_plus_rdkit_descriptors,2,3
rdkit_Chi1,-6.0803857,152.05553,350.50818,XGBoost,provided_plus_rdkit_descriptors,2,3
rdkit_Chi1n,-96.528984,462.75497,433.57025,XGBoost,provided_plus_rdkit_descriptors,2,3
rdkit_Chi1v,0.0,0.0,0.0,XGBoost,provided_plus_rdkit_descriptors,2,3
rdkit_Chi2n,1823.3625,9995.684,8459.207,XGBoost,provided_plus_rdkit_descriptors,2,3
rdkit_Chi2v,0.0,0.0,0.0,XGBoost,provided_plus_rdkit_descriptors,2,3
rdkit_Chi3n,27.229012,1303.6979,1315.9666,XGBoost,provided_plus_rdkit_descriptors,2,3
rdkit_Chi3v,164.67017,413.57654,643.59906,XGBoost,provided_plus_rdkit_descriptors,2,3
rdkit_Chi4n,-16.097952,744.7572,642.3541,XGBoost,provided_plus_rdkit_descriptors,2,3
rdkit_Chi4v,3066.0305,19510.688,10002.328,XGBoost,provided_plus_rdkit_descriptors,2,3
rdkit_HallKierAlpha,-40909.875,285746.28,176834.77,XGBoost,provided_plus_rdkit_descriptors,2,3
rdkit_Ipc,-1818.8022,17086.91,11609.123,XGBoost,provided_plus_rdkit_descriptors,2,3
rdkit_Kappa1,4582.632,21918.467,27969.637,XGBoost,provided_plus_rdkit_descriptors,2,3
rdkit_Kappa2,922.50604,5703.7603,5597.6997,XGBoost,provided_plus_rdkit_descriptors,2,3
rdkit_Kappa3,-3600.937,15213.067,10341.28,XGBoost,provided_plus_rdkit_descriptors,2,3
rdkit_LabuteASA,486.3458,1627.7537,2198.423,XGBoost,provided_plus_rdkit_descriptors,2,3
rdkit_PEOE_VSA1,2520.6182,46064.664,46779.676,XGBoost,provided_plus_rdkit_descriptors,2,3
rdkit_PEOE_VSA10,-21.989166,3457.3074,3845.0544,XGBoost,provided_plus_rdkit_descriptors,2,3
rdkit_PEOE_VSA11,2079.8142,44289.918,32676.418,XGBoost,provided_plus_rdkit_descriptors,2,3
rdkit_PEOE_VSA12,0.0,0.0,0.0,XGBoost,provided_plus_rdkit_descriptors,2,3
rdkit_PEOE_VSA14,0.0,0.0,0.0,XGBoost,provided_plus_rdkit_descriptors,2,3
rdkit_PEOE_VSA2,0.0,0.0,0.0,XGBoost,provided_plus_rdkit_descriptors,2,3
rdkit_PEOE_VSA3,0.0,0.0,0.0,XGBoost,provided_plus_rdkit_descriptors,2,3
rdkit_PEOE_VSA5,0.0,0.0,0.0,XGBoost,provided_plus_rdkit_descriptors,2,3
rdkit_PEOE_VSA6,0.0,0.0,0.0,XGBoost,provided_plus_rdkit_descriptors,2,3
rdkit_PEOE_VSA7,0.0,0.0,0.0,XGBoost,provided_plus_rdkit_descriptors,2,3
rdkit_PEOE_VSA8,0.0,0.0,0.0,XGBoost,provided_plus_rdkit_descriptors,2,3
rdkit_PEOE_VSA9,204.39873,1867.0837,3242.6106,XGBoost,provided_plus_rdkit_descriptors,2,3
rdkit_SMR_VSA1,884.2734,3082.797,3369.8005,XGBoost,provided_plus_rdkit_descriptors,2,3
rdkit_SMR_VSA10,-275.7323,3646.477,4012.5251,XGBoost,provided_plus_rdkit_descriptors,2,3
rdkit_SMR_VSA3,0.0,0.0,0.0,XGBoost,provided_plus_rdkit_descriptors,2,3
rdkit_SMR_VSA4,0.0,0.0,0.0,XGBoost,provided_plus_rdkit_descriptors,2,3
rdkit_SMR_VSA5,-4791.231,20741.402,14585.407,XGBoost,provided_plus_rdkit_descriptors,2,3
rdkit_SMR_VSA6,288.00195,3051.8792,2244.722,XGBoost,provided_plus_rdkit_descriptors,2,3
rdkit_SMR_VSA7,0.0,0.0,0.0,XGBoost,provided_plus_rdkit_descriptors,2,3
rdkit_SlogP_VSA1,0.0,0.0,0.0,XGBoost,provided_plus_rdkit_descriptors,2,3
rdkit_SlogP_VSA12,0.0,0.0,0.0,XGBoost,provided_plus_rdkit_descriptors,2,3
rdkit_SlogP_VSA2,833.2602,12684.3,10524.434,XGBoost,provided_plus_rdkit_descriptors,2,3
rdkit_SlogP_VSA3,-14528.088,52144.223,24456.14,XGBoost,provided_plus_rdkit_descriptors,2,3
rdkit_SlogP_VSA4,0.0,0.0,0.0,XGBoost,provided_plus_rdkit_descriptors,2,3
rdkit_SlogP_VSA5,1419.1527,5852.6265,6484.3394,XGBoost,provided_plus_rdkit_descriptors,2,3
rdkit_SlogP_VSA6,0.0,0.0,0.0,XGBoost,provided_plus_rdkit_descriptors,2,3
rdkit_TPSA,0.0,0.0,0.0,XGBoost,provided_plus_rdkit_descriptors,2,3
rdkit_EState_VSA1,-1.7259887,2106.6052,2733.729,XGBoost,provided_plus_rdkit_descriptors,2,3
rdkit_EState_VSA10,-44505.0,651545.9,298864.78,XGBoost,provided_plus_rdkit_descriptors,2,3
rdkit_EState_VSA2,2922.2537,13428.351,36655.723,XGBoost,provided_plus_rdkit_descriptors,2,3
rdkit_EState_VSA3,611.4278,3812.145,11728.972,XGBoost,provided_plus_rdkit_descriptors,2,3
rdkit_EState_VSA4,0.0,0.0,0.0,XGBoost,provided_plus_rdkit_descriptors,2,3
rdkit_EState_VSA5,-648.9131,5004.7007,7859.052,XGBoost,provided_plus_rdkit_descriptors,2,3
rdkit_EState_VSA6,0.0,0.0,0.0,XGBoost,provided_plus_rdkit_descriptors,2,3
rdkit_EState_VSA7,0.0,0.0,0.0,XGBoost,provided_plus_rdkit_descriptors,2,3
rdkit_EState_VSA8,-165.03609,3629.223,4585.304,XGBoost,provided_plus_rdkit_descriptors,2,3
rdkit_EState_VSA9,2893.3813,87489.96,63644.707,XGBoost,provided_plus_rdkit_descriptors,2,3
rdkit_VSA_EState1,1001.756,3005.999,3412.279,XGBoost,provided_plus_rdkit_descriptors,2,3
rdkit_VSA_EState10,0.0,0.0,0.0,XGBoost,provided_plus_rdkit_descriptors,2,3
rdkit_VSA_EState2,7576.181,33363.906,33548.36,XGBoost,provided_plus_rdkit_descriptors,2,3
rdkit_VSA_EState3,13047.654,27582.348,33090.09,XGBoost,provided_plus_rdkit_descriptors,2,3
rdkit_VSA_EState4,0.0,0.0,0.0,XGBoost,provided_plus_rdkit_descriptors,2,3
rdkit_VSA_EState5,-593.79486,3497.2896,2850.5828,XGBoost,provided_plus_rdkit_descriptors,2,3
rdkit_VSA_EState6,0.0,0.0,0.0,XGBoost,provided_plus_rdkit_descriptors,2,3
rdkit_VSA_EState7,4945.7637,27715.6,22215.012,XGBoost,provided_plus_rdkit_descriptors,2,3
rdkit_VSA_EState8,5966.014,138906.47,126045.63,XGBoost,provided_plus_rdkit_descriptors,2,3
rdkit_VSA_EState9,0.0,0.0,0.0,XGBoost,provided_plus_rdkit_descriptors,2,3
rdkit_FractionCSP3,485.16742,1012.89905,2145.734,XGBoost,provided_plus_rdkit_descriptors,2,3
rdkit_HeavyAtomCount,0.0,0.0,0.0,XGBoost,provided_plus_rdkit_descriptors,2,3
rdkit_NHOHCount,-607.8152,10396.519,7808.344,XGBoost,provided_plus_rdkit_descriptors,2,3
rdkit_NOCount,0.0,0.0,0.0,XGBoost,provided_plus_rdkit_descriptors,2,3
rdkit_NumAliphaticCarbocycles,0.0,0.0,0.0,XGBoost,provided_plus_rdkit_descriptors,2,3
rdkit_NumAliphaticHeterocycles,0.0,0.0,0.0,XGBoost,provided_plus_rdkit_descriptors,2,3
rdkit_NumAliphaticRings,0.0,0.0,0.0,XGBoost,provided_plus_rdkit_descriptors,2,3
rdkit_NumAmideBonds,0.0,0.0,0.0,XGBoost,provided_plus_rdkit_descriptors,2,3
rdkit_NumAtomStereoCenters,-14.942455,1457.5718,1641.1537,XGBoost,provided_plus_rdkit_descriptors,2,3
rdkit_NumBridgeheadAtoms,0.0,0.0,0.0,XGBoost,provided_plus_rdkit_descriptors,2,3
rdkit_NumHAcceptors,0.0,0.0,0.0,XGBoost,provided_plus_rdkit_descriptors,2,3
rdkit_NumHDonors,0.0,0.0,0.0,XGBoost,provided_plus_rdkit_descriptors,2,3
rdkit_NumHeteroatoms,0.0,0.0,0.0,XGBoost,provided_plus_rdkit_descriptors,2,3
rdkit_NumHeterocycles,0.0,0.0,0.0,XGBoost,provided_plus_rdkit_descriptors,2,3
rdkit_NumRotatableBonds,48.710087,176.99693,305.02066,XGBoost,provided_plus_rdkit_descriptors,2,3
rdkit_NumSaturatedCarbocycles,0.0,0.0,0.0,XGBoost,provided_plus_rdkit_descriptors,2,3
rdkit_NumSaturatedHeterocycles,0.0,0.0,0.0,XGBoost,provided_plus_rdkit_descriptors,2,3
rdkit_NumSaturatedRings,0.0,0.0,0.0,XGBoost,provided_plus_rdkit_descriptors,2,3
rdkit_NumUnspecifiedAtomStereoCenters,-744.5985,6200.1675,11445.817,XGBoost,provided_plus_rdkit_descriptors,2,3
rdkit_Phi,1278.1218,20967.543,13329.742,XGBoost,provided_plus_rdkit_descriptors,2,3
rdkit_RingCount,0.0,0.0,0.0,XGBoost,provided_plus_rdkit_descriptors,2,3
rdkit_MolLogP,11887.399,28778.383,45136.855,XGBoost,provided_plus_rdkit_descriptors,2,3
rdkit_MolMR,9398.436,37525.19,41375.72,XGBoost,provided_plus_rdkit_descriptors,2,3
rdkit_fr_Al_COO,0.0,0.0,0.0,XGBoost,provided_plus_rdkit_descriptors,2,3
rdkit_fr_Al_OH,-81.81082,234.85245,410.57986,XGBoost,provided_plus_rdkit_descriptors,2,3
rdkit_fr_Al_OH_noTert,0.0,0.0,0.0,XGBoost,provided_plus_rdkit_descriptors,2,3
rdkit_fr_COO,0.0,0.0,0.0,XGBoost,provided_plus_rdkit_descriptors,2,3
rdkit_fr_COO2,0.0,0.0,0.0,XGBoost,provided_plus_rdkit_descriptors,2,3
rdkit_fr_C_O,0.0,0.0,0.0,XGBoost,provided_plus_rdkit_descriptors,2,3
rdkit_fr_C_O_noCOO,0.0,0.0,0.0,XGBoost,provided_plus_rdkit_descriptors,2,3
rdkit_fr_NH1,0.0,0.0,0.0,XGBoost,provided_plus_rdkit_descriptors,2,3
rdkit_fr_NH2,0.0,0.0,0.0,XGBoost,provided_plus_rdkit_descriptors,2,3
rdkit_fr_aldehyde,-374.68552,5918.9907,3608.0667,XGBoost,provided_plus_rdkit_descriptors,2,3
rdkit_fr_alkyl_halide,0.0,0.0,0.0,XGBoost,provided_plus_rdkit_descriptors,2,3
rdkit_fr_allylic_oxid,0.0,0.0,0.0,XGBoost,provided_plus_rdkit_descriptors,2,3
rdkit_fr_amide,0.0,0.0,0.0,XGBoost,provided_plus_rdkit_descriptors,2,3
rdkit_fr_bicyclic,0.0,0.0,0.0,XGBoost,provided_plus_rdkit_descriptors,2,3
rdkit_fr_ether,0.0,0.0,0.0,XGBoost,provided_plus_rdkit_descriptors,2,3
rdkit_fr_halogen,0.0,0.0,0.0,XGBoost,provided_plus_rdkit_descriptors,2,3
rdkit_fr_ketone,0.0,0.0,0.0,XGBoost,provided_plus_rdkit_descriptors,2,3
rdkit_fr_ketone_Topliss,0.0,0.0,0.0,XGBoost,provided_plus_rdkit_descriptors,2,3
rdkit_fr_methoxy,0.0,0.0,0.0,XGBoost,provided_plus_rdkit_descriptors,2,3
rdkit_fr_phos_acid,0.0,0.0,0.0,XGBoost,provided_plus_rdkit_descriptors,2,3
rdkit_fr_phos_ester,0.0,0.0,0.0,XGBoost,provided_plus_rdkit_descriptors,2,3
Molecular weight (Da),1526.1317,16627.152,14290.185,XGBoost,provided_plus_rdkit_descriptors,2,4
Solubility (mg/mL),115718.23,523029.38,639884.4,XGBoost,provided_plus_rdkit_descriptors,2,4
"Glass transition temperature (Tg, degC)",76692.61,285509.62,222329.69,XGBoost,provided_plus_rdkit_descriptors,2,4
Viscosity (mPa.s),51281.89,223905.98,140262.77,XGBoost,provided_plus_rdkit_descriptors,2,4
Concentration (% w/v),-17728.562,210178.83,108474.836,XGBoost,provided_plus_rdkit_descriptors,2,4
rdkit_MaxAbsEStateIndex,-3398.7036,62493.375,52415.9,XGBoost,provided_plus_rdkit_descriptors,2,4
rdkit_MaxEStateIndex,0.0,0.0,0.0,XGBoost,provided_plus_rdkit_descriptors,2,4
rdkit_MinAbsEStateIndex,-6664.997,49755.0,44272.316,XGBoost,provided_plus_rdkit_descriptors,2,4
rdkit_MinEStateIndex,19381.838,31381.627,32663.055,XGBoost,provided_plus_rdkit_descriptors,2,4
rdkit_qed,35568.742,126390.0,127710.12,XGBoost,provided_plus_rdkit_descriptors,2,4
rdkit_SPS,19445.12,46168.45,49591.293,XGBoost,provided_plus_rdkit_descriptors,2,4
rdkit_MolWt,0.0,0.0,0.0,XGBoost,provided_plus_rdkit_descriptors,2,4
rdkit_HeavyAtomMolWt,0.0,0.0,0.0,XGBoost,provided_plus_rdkit_descriptors,2,4
rdkit_ExactMolWt,0.0,0.0,0.0,XGBoost,provided_plus_rdkit_descriptors,2,4
rdkit_NumValenceElectrons,0.0,0.0,0.0,XGBoost,provided_plus_rdkit_descriptors,2,4
rdkit_MaxPartialCharge,-15869.756,70577.625,48124.52,XGBoost,provided_plus_rdkit_descriptors,2,4
rdkit_MinPartialCharge,-7375.2764,44763.566,21514.434,XGBoost,provided_plus_rdkit_descriptors,2,4
rdkit_MaxAbsPartialCharge,401.21878,6738.485,5818.5034,XGBoost,provided_plus_rdkit_descriptors,2,4
rdkit_MinAbsPartialCharge,0.0,0.0,0.0,XGBoost,provided_plus_rdkit_descriptors,2,4
rdkit_FpDensityMorgan1,8757.061,23346.414,21618.611,XGBoost,provided_plus_rdkit_descriptors,2,4
rdkit_FpDensityMorgan2,925.38336,13197.842,10802.646,XGBoost,provided_plus_rdkit_descriptors,2,4
rdkit_FpDensityMorgan3,-6495.1865,23561.371,18988.031,XGBoost,provided_plus_rdkit_descriptors,2,4
rdkit_BCUT2D_MWHI,-110.69105,11257.126,12463.99,XGBoost,provided_plus_rdkit_descriptors,2,4
rdkit_BCUT2D_MWLOW,3314.126,12521.892,11201.86,XGBoost,provided_plus_rdkit_descriptors,2,4
rdkit_BCUT2D_CHGHI,-1322.4364,21016.104,16163.447,XGBoost,provided_plus_rdkit_descriptors,2,4
rdkit_BCUT2D_CHGLO,-16103.386,30051.91,23096.826,XGBoost,provided_plus_rdkit_descriptors,2,4
rdkit_BCUT2D_LOGPHI,-4379.2827,30009.723,46588.555,XGBoost,provided_plus_rdkit_descriptors,2,4
rdkit_BCUT2D_LOGPLOW,-414.12064,1162.6997,1362.5,XGBoost,provided_plus_rdkit_descriptors,2,4
rdkit_BCUT2D_MRHI,-3241.0737,82066.945,80108.25,XGBoost,provided_plus_rdkit_descriptors,2,4
rdkit_BCUT2D_MRLOW,692.6397,22795.576,24265.275,XGBoost,provided_plus_rdkit_descriptors,2,4
rdkit_AvgIpc,-18266.744,118976.336,148072.28,XGBoost,provided_plus_rdkit_descriptors,2,4
rdkit_BalabanJ,-3284.1067,26960.973,26812.568,XGBoost,provided_plus_rdkit_descriptors,2,4
rdkit_BertzCT,1684.5806,8999.989,7911.7905,XGBoost,provided_plus_rdkit_descriptors,2,4
rdkit_Chi0,-2106.5408,8335.579,7784.421,XGBoost,provided_plus_rdkit_descriptors,2,4
rdkit_Chi0n,-8.710352,1965.0564,1268.6846,XGBoost,provided_plus_rdkit_descriptors,2,4
rdkit_Chi0v,14380.54,53475.168,57267.848,XGBoost,provided_plus_rdkit_descriptors,2,4
rdkit_Chi1,2690.1704,5515.2485,5207.1875,XGBoost,provided_plus_rdkit_descriptors,2,4
rdkit_Chi1n,-465.979,761.8469,930.8379,XGBoost,provided_plus_rdkit_descriptors,2,4
rdkit_Chi1v,0.0,0.0,0.0,XGBoost,provided_plus_rdkit_descriptors,2,4
rdkit_Chi2n,-122.72017,1103.3837,1265.408,XGBoost,provided_plus_rdkit_descriptors,2,4
rdkit_Chi2v,-31.623837,760.9069,1091.0165,XGBoost,provided_plus_rdkit_descriptors,2,4
rdkit_Chi3n,-2736.4297,8739.351,6261.4355,XGBoost,provided_plus_rdkit_descriptors,2,4
rdkit_Chi3v,0.0,0.0,0.0,XGBoost,provided_plus_rdkit_descriptors,2,4
rdkit_Chi4n,0.0,0.0,0.0,XGBoost,provided_plus_rdkit_descriptors,2,4
rdkit_Chi4v,4402.6826,9574.712,11829.556,XGBoost,provided_plus_rdkit_descriptors,2,4
rdkit_HallKierAlpha,-287.77045,93328.07,78731.34,XGBoost,provided_plus_rdkit_descriptors,2,4
rdkit_Ipc,-1091.7424,3509.8762,3131.4683,XGBoost,provided_plus_rdkit_descriptors,2,4
rdkit_Kappa1,4765.1426,28500.963,29784.352,XGBoost,provided_plus_rdkit_descriptors,2,4
rdkit_Kappa2,11253.583,20179.287,17912.432,XGBoost,provided_plus_rdkit_descriptors,2,4
rdkit_Kappa3,1959.4115,35521.85,25941.412,XGBoost,provided_plus_rdkit_descriptors,2,4
rdkit_LabuteASA,349.5162,1724.6783,2560.1729,XGBoost,provided_plus_rdkit_descriptors,2,4
rdkit_PEOE_VSA1,-840.61224,29508.355,40249.44,XGBoost,provided_plus_rdkit_descriptors,2,4
rdkit_PEOE_VSA10,208.78133,534.19006,568.86487,XGBoost,provided_plus_rdkit_descriptors,2,4
rdkit_PEOE_VSA11,-5360.7207,168867.27,93958.49,XGBoost,provided_plus_rdkit_descriptors,2,4
rdkit_PEOE_VSA12,1023.2563,2226.9219,3393.0603,XGBoost,provided_plus_rdkit_descriptors,2,4
rdkit_PEOE_VSA14,0.0,0.0,0.0,XGBoost,provided_plus_rdkit_descriptors,2,4
rdkit_PEOE_VSA2,-2514.426,6321.501,8140.02,XGBoost,provided_plus_rdkit_descriptors,2,4
rdkit_PEOE_VSA3,0.0,0.0,0.0,XGBoost,provided_plus_rdkit_descriptors,2,4
rdkit_PEOE_VSA5,0.0,0.0,0.0,XGBoost,provided_plus_rdkit_descriptors,2,4
rdkit_PEOE_VSA6,0.0,0.0,0.0,XGBoost,provided_plus_rdkit_descriptors,2,4
rdkit_PEOE_VSA7,-158.39957,3040.711,5389.1865,XGBoost,provided_plus_rdkit_descriptors,2,4
rdkit_PEOE_VSA8,-887.76276,6429.085,14711.62,XGBoost,provided_plus_rdkit_descriptors,2,4
rdkit_PEOE_VSA9,-201.27417,4387.469,6954.8364,XGBoost,provided_plus_rdkit_descriptors,2,4
rdkit_SMR_VSA1,-720.67285,2898.4612,4845.806,XGBoost,provided_plus_rdkit_descriptors,2,4
rdkit_SMR_VSA10,128.87666,1023.6286,2944.1194,XGBoost,provided_plus_rdkit_descriptors,2,4
rdkit_SMR_VSA3,0.0,0.0,0.0,XGBoost,provided_plus_rdkit_descriptors,2,4
rdkit_SMR_VSA4,-40.576977,62.899826,58.3914,XGBoost,provided_plus_rdkit_descriptors,2,4
rdkit_SMR_VSA5,529.19965,14864.644,11558.169,XGBoost,provided_plus_rdkit_descriptors,2,4
rdkit_SMR_VSA6,-778.82214,3013.6318,2543.3398,XGBoost,provided_plus_rdkit_descriptors,2,4
rdkit_SMR_VSA7,0.0,0.0,0.0,XGBoost,provided_plus_rdkit_descriptors,2,4
rdkit_SlogP_VSA1,0.0,0.0,0.0,XGBoost,provided_plus_rdkit_descriptors,2,4
rdkit_SlogP_VSA12,0.0,0.0,0.0,XGBoost,provided_plus_rdkit_descriptors,2,4
rdkit_SlogP_VSA2,-3686.6047,28350.854,19423.814,XGBoost,provided_plus_rdkit_descriptors,2,4
rdkit_SlogP_VSA3,21608.986,61168.824,56822.062,XGBoost,provided_plus_rdkit_descriptors,2,4
rdkit_SlogP_VSA4,0.0,0.0,0.0,XGBoost,provided_plus_rdkit_descriptors,2,4
rdkit_SlogP_VSA5,-4349.3066,11021.333,13565.531,XGBoost,provided_plus_rdkit_descriptors,2,4
rdkit_SlogP_VSA6,0.0,0.0,0.0,XGBoost,provided_plus_rdkit_descriptors,2,4
rdkit_TPSA,-200.92041,16613.46,7970.235,XGBoost,provided_plus_rdkit_descriptors,2,4
rdkit_EState_VSA1,-686.1316,786.5888,336.3235,XGBoost,provided_plus_rdkit_descriptors,2,4
rdkit_EState_VSA10,-61898.08,582692.75,290949.97,XGBoost,provided_plus_rdkit_descriptors,2,4
rdkit_EState_VSA2,-1956.9807,7957.083,14030.019,XGBoost,provided_plus_rdkit_descriptors,2,4
rdkit_EState_VSA3,-1310.1068,1310.1068,422.9808,XGBoost,provided_plus_rdkit_descriptors,2,4
rdkit_EState_VSA4,0.0,0.0,0.0,XGBoost,provided_plus_rdkit_descriptors,2,4
rdkit_EState_VSA5,3217.4128,4252.345,4030.6812,XGBoost,provided_plus_rdkit_descriptors,2,4
rdkit_EState_VSA6,0.0,0.0,0.0,XGBoost,provided_plus_rdkit_descriptors,2,4
rdkit_EState_VSA7,0.0,0.0,0.0,XGBoost,provided_plus_rdkit_descriptors,2,4
rdkit_EState_VSA8,4847.0903,14450.557,20942.951,XGBoost,provided_plus_rdkit_descriptors,2,4
rdkit_EState_VSA9,7624.057,42538.152,31267.047,XGBoost,provided_plus_rdkit_descriptors,2,4
rdkit_VSA_EState1,-546.93866,1817.0785,2042.5277,XGBoost,provided_plus_rdkit_descriptors,2,4
rdkit_VSA_EState10,0.0,0.0,0.0,XGBoost,provided_plus_rdkit_descriptors,2,4
rdkit_VSA_EState2,3167.1655,54814.67,63002.926,XGBoost,provided_plus_rdkit_descriptors,2,4
rdkit_VSA_EState3,66753.6,96321.03,100525.39,XGBoost,provided_plus_rdkit_descriptors,2,4
rdkit_VSA_EState4,0.0,0.0,0.0,XGBoost,provided_plus_rdkit_descriptors,2,4
rdkit_VSA_EState5,-2114.372,8487.143,10173.482,XGBoost,provided_plus_rdkit_descriptors,2,4
rdkit_VSA_EState6,0.0,0.0,0.0,XGBoost,provided_plus_rdkit_descriptors,2,4
rdkit_VSA_EState7,-7117.389,11242.65,8756.226,XGBoost,provided_plus_rdkit_descriptors,2,4
rdkit_VSA_EState8,71182.86,206931.8,174146.19,XGBoost,provided_plus_rdkit_descriptors,2,4
rdkit_VSA_EState9,0.0,0.0,0.0,XGBoost,provided_plus_rdkit_descriptors,2,4
rdkit_FractionCSP3,157.41168,1606.9716,2591.4817,XGBoost,provided_plus_rdkit_descriptors,2,4
rdkit_HeavyAtomCount,0.0,0.0,0.0,XGBoost,provided_plus_rdkit_descriptors,2,4
rdkit_NHOHCount,0.0,0.0,0.0,XGBoost,provided_plus_rdkit_descriptors,2,4
rdkit_NOCount,0.0,0.0,0.0,XGBoost,provided_plus_rdkit_descriptors,2,4
rdkit_NumAliphaticCarbocycles,0.0,0.0,0.0,XGBoost,provided_plus_rdkit_descriptors,2,4
rdkit_NumAliphaticHeterocycles,0.0,0.0,0.0,XGBoost,provided_plus_rdkit_descriptors,2,4
rdkit_NumAliphaticRings,0.0,0.0,0.0,XGBoost,provided_plus_rdkit_descriptors,2,4
rdkit_NumAmideBonds,0.0,0.0,0.0,XGBoost,provided_plus_rdkit_descriptors,2,4
rdkit_NumAtomStereoCenters,2102.072,6148.7314,10554.898,XGBoost,provided_plus_rdkit_descriptors,2,4
rdkit_NumBridgeheadAtoms,0.0,0.0,0.0,XGBoost,provided_plus_rdkit_descriptors,2,4
rdkit_NumHAcceptors,0.0,0.0,0.0,XGBoost,provided_plus_rdkit_descriptors,2,4
rdkit_NumHDonors,3742.5898,11419.49,9845.512,XGBoost,provided_plus_rdkit_descriptors,2,4
rdkit_NumHeteroatoms,0.0,0.0,0.0,XGBoost,provided_plus_rdkit_descriptors,2,4
rdkit_NumHeterocycles,0.0,0.0,0.0,XGBoost,provided_plus_rdkit_descriptors,2,4
rdkit_NumRotatableBonds,239.96817,1641.2817,1857.8424,XGBoost,provided_plus_rdkit_descriptors,2,4
rdkit_NumSaturatedCarbocycles,0.0,0.0,0.0,XGBoost,provided_plus_rdkit_descriptors,2,4
rdkit_NumSaturatedHeterocycles,0.0,0.0,0.0,XGBoost,provided_plus_rdkit_descriptors,2,4
rdkit_NumSaturatedRings,0.0,0.0,0.0,XGBoost,provided_plus_rdkit_descriptors,2,4
rdkit_NumUnspecifiedAtomStereoCenters,522.96423,14116.245,29428.076,XGBoost,provided_plus_rdkit_descriptors,2,4
rdkit_Phi,49.46371,80.48817,125.53959,XGBoost,provided_plus_rdkit_descriptors,2,4
rdkit_RingCount,0.0,0.0,0.0,XGBoost,provided_plus_rdkit_descriptors,2,4
rdkit_MolLogP,-94360.32,369561.7,152291.02,XGBoost,provided_plus_rdkit_descriptors,2,4
rdkit_MolMR,26.270891,5788.126,6663.21,XGBoost,provided_plus_rdkit_descriptors,2,4
rdkit_fr_Al_COO,0.0,0.0,0.0,XGBoost,provided_plus_rdkit_descriptors,2,4
rdkit_fr_Al_OH,35674.21,65249.312,40584.543,XGBoost,provided_plus_rdkit_descriptors,2,4
rdkit_fr_Al_OH_noTert,0.0,0.0,0.0,XGBoost,provided_plus_rdkit_descriptors,2,4
rdkit_fr_COO,0.0,0.0,0.0,XGBoost,provided_plus_rdkit_descriptors,2,4
rdkit_fr_COO2,0.0,0.0,0.0,XGBoost,provided_plus_rdkit_descriptors,2,4
rdkit_fr_C_O,0.0,0.0,0.0,XGBoost,provided_plus_rdkit_descriptors,2,4
rdkit_fr_C_O_noCOO,0.0,0.0,0.0,XGBoost,provided_plus_rdkit_descriptors,2,4
rdkit_fr_NH1,0.0,0.0,0.0,XGBoost,provided_plus_rdkit_descriptors,2,4
rdkit_fr_NH2,0.0,0.0,0.0,XGBoost,provided_plus_rdkit_descriptors,2,4
rdkit_fr_aldehyde,891.9992,22635.13,13203.498,XGBoost,provided_plus_rdkit_descriptors,2,4
rdkit_fr_alkyl_halide,0.0,0.0,0.0,XGBoost,provided_plus_rdkit_descriptors,2,4
rdkit_fr_allylic_oxid,0.0,0.0,0.0,XGBoost,provided_plus_rdkit_descriptors,2,4
rdkit_fr_amide,0.0,0.0,0.0,XGBoost,provided_plus_rdkit_descriptors,2,4
rdkit_fr_bicyclic,0.0,0.0,0.0,XGBoost,provided_plus_rdkit_descriptors,2,4
rdkit_fr_ether,0.0,0.0,0.0,XGBoost,provided_plus_rdkit_descriptors,2,4
rdkit_fr_halogen,0.0,0.0,0.0,XGBoost,provided_plus_rdkit_descriptors,2,4
rdkit_fr_ketone,0.0,0.0,0.0,XGBoost,provided_plus_rdkit_descriptors,2,4
rdkit_fr_ketone_Topliss,0.0,0.0,0.0,XGBoost,provided_plus_rdkit_descriptors,2,4
rdkit_fr_methoxy,0.0,0.0,0.0,XGBoost,provided_plus_rdkit_descriptors,2,4
rdkit_fr_phos_acid,0.0,0.0,0.0,XGBoost,provided_plus_rdkit_descriptors,2,4
rdkit_fr_phos_ester,0.0,0.0,0.0,XGBoost,provided_plus_rdkit_descriptors,2,4
Molecular weight (Da),6967.5103,32677.47,37242.324,XGBoost,provided_plus_rdkit_descriptors,2,5
Solubility (mg/mL),85029.016,600419.0,745705.5,XGBoost,provided_plus_rdkit_descriptors,2,5
"Glass transition temperature (Tg, degC)",56666.027,276083.56,175815.67,XGBoost,provided_plus_rdkit_descriptors,2,5
Viscosity (mPa.s),26355.379,193769.94,159602.56,XGBoost,provided_plus_rdkit_descriptors,2,5
Concentration (% w/v),-15269.904,314060.34,162340.97,XGBoost,provided_plus_rdkit_descriptors,2,5
rdkit_MaxAbsEStateIndex,-1644.6337,71579.47,78638.22,XGBoost,provided_plus_rdkit_descriptors,2,5
rdkit_MaxEStateIndex,0.0,0.0,0.0,XGBoost,provided_plus_rdkit_descriptors,2,5
rdkit_MinAbsEStateIndex,13219.313,46199.234,68539.66,XGBoost,provided_plus_rdkit_descriptors,2,5
rdkit_MinEStateIndex,-27174.395,81473.12,54727.418,XGBoost,provided_plus_rdkit_descriptors,2,5
rdkit_qed,-15741.713,71187.03,45522.402,XGBoost,provided_plus_rdkit_descriptors,2,5
rdkit_SPS,11271.95,43259.527,47407.03,XGBoost,provided_plus_rdkit_descriptors,2,5
rdkit_MolWt,0.0,0.0,0.0,XGBoost,provided_plus_rdkit_descriptors,2,5
rdkit_HeavyAtomMolWt,0.0,0.0,0.0,XGBoost,provided_plus_rdkit_descriptors,2,5
rdkit_ExactMolWt,0.0,0.0,0.0,XGBoost,provided_plus_rdkit_descriptors,2,5
rdkit_NumValenceElectrons,0.0,0.0,0.0,XGBoost,provided_plus_rdkit_descriptors,2,5
rdkit_MaxPartialCharge,-30972.654,69513.37,65234.195,XGBoost,provided_plus_rdkit_descriptors,2,5
rdkit_MinPartialCharge,-2354.3765,67124.11,31831.914,XGBoost,provided_plus_rdkit_descriptors,2,5
rdkit_MaxAbsPartialCharge,-3120.8362,11912.369,11040.846,XGBoost,provided_plus_rdkit_descriptors,2,5
rdkit_MinAbsPartialCharge,0.0,0.0,0.0,XGBoost,provided_plus_rdkit_descriptors,2,5
rdkit_FpDensityMorgan1,50047.49,63319.48,74630.92,XGBoost,provided_plus_rdkit_descriptors,2,5
rdkit_FpDensityMorgan2,-375.34024,14469.435,10998.358,XGBoost,provided_plus_rdkit_descriptors,2,5
rdkit_FpDensityMorgan3,2660.5347,61060.645,49547.848,XGBoost,provided_plus_rdkit_descriptors,2,5
rdkit_BCUT2D_MWHI,4144.029,19671.262,20614.506,XGBoost,provided_plus_rdkit_descriptors,2,5
rdkit_BCUT2D_MWLOW,-2204.4036,66698.77,44422.355,XGBoost,provided_plus_rdkit_descriptors,2,5
rdkit_BCUT2D_CHGHI,5989.941,41653.637,25495.174,XGBoost,provided_plus_rdkit_descriptors,2,5
rdkit_BCUT2D_CHGLO,-717.5483,12436.984,11862.642,XGBoost,provided_plus_rdkit_descriptors,2,5
rdkit_BCUT2D_LOGPHI,-475.7169,4402.46,6446.397,XGBoost,provided_plus_rdkit_descriptors,2,5
rdkit_BCUT2D_LOGPLOW,407.24203,1575.4988,1332.2683,XGBoost,provided_plus_rdkit_descriptors,2,5
rdkit_BCUT2D_MRHI,-5790.614,69210.836,76799.586,XGBoost,provided_plus_rdkit_descriptors,2,5
rdkit_BCUT2D_MRLOW,-1134.0834,7749.447,7649.172,XGBoost,provided_plus_rdkit_descriptors,2,5
rdkit_AvgIpc,-24876.52,134799.86,199762.77,XGBoost,provided_plus_rdkit_descriptors,2,5
rdkit_BalabanJ,-12085.247,38734.797,35296.812,XGBoost,provided_plus_rdkit_descriptors,2,5
rdkit_BertzCT,15692.097,23680.287,19949.459,XGBoost,provided_plus_rdkit_descriptors,2,5
rdkit_Chi0,-144.24107,230.36371,283.50168,XGBoost,provided_plus_rdkit_descriptors,2,5
rdkit_Chi0n,-6371.106,43675.63,28513.51,XGBoost,provided_plus_rdkit_descriptors,2,5
rdkit_Chi0v,28105.7,83950.37,96905.195,XGBoost,provided_plus_rdkit_descriptors,2,5
rdkit_Chi1,0.0,0.0,0.0,XGBoost,provided_plus_rdkit_descriptors,2,5
rdkit_Chi1n,-614.4642,1236.7532,1506.4271,XGBoost,provided_plus_rdkit_descriptors,2,5
rdkit_Chi1v,-294.39227,3849.9045,4948.6914,XGBoost,provided_plus_rdkit_descriptors,2,5
rdkit_Chi2n,57.68314,20390.926,16597.332,XGBoost,provided_plus_rdkit_descriptors,2,5
rdkit_Chi2v,85.365395,1646.1399,954.4599,XGBoost,provided_plus_rdkit_descriptors,2,5
rdkit_Chi3n,0.0,0.0,0.0,XGBoost,provided_plus_rdkit_descriptors,2,5
rdkit_Chi3v,-273.90417,3027.5825,2478.7705,XGBoost,provided_plus_rdkit_descriptors,2,5
rdkit_Chi4n,1195.502,2518.672,3474.3542,XGBoost,provided_plus_rdkit_descriptors,2,5
rdkit_Chi4v,-796.9861,6913.7114,5343.7573,XGBoost,provided_plus_rdkit_descriptors,2,5
rdkit_HallKierAlpha,-23204.576,114230.11,76784.945,XGBoost,provided_plus_rdkit_descriptors,2,5
rdkit_Ipc,-3809.2898,25029.035,22877.15,XGBoost,provided_plus_rdkit_descriptors,2,5
rdkit_Kappa1,-2829.3135,5688.0957,6866.492,XGBoost,provided_plus_rdkit_descriptors,2,5
rdkit_Kappa2,-1195.8215,3876.8933,3752.124,XGBoost,provided_plus_rdkit_descriptors,2,5
rdkit_Kappa3,-7893.401,26046.031,24108.465,XGBoost,provided_plus_rdkit_descriptors,2,5
rdkit_LabuteASA,0.0,0.0,0.0,XGBoost,provided_plus_rdkit_descriptors,2,5
rdkit_PEOE_VSA1,2198.0386,63122.605,76931.74,XGBoost,provided_plus_rdkit_descriptors,2,5
rdkit_PEOE_VSA10,-2243.7512,4548.266,11828.325,XGBoost,provided_plus_rdkit_descriptors,2,5
rdkit_PEOE_VSA11,-5061.3276,31589.695,18869.047,XGBoost,provided_plus_rdkit_descriptors,2,5
rdkit_PEOE_VSA12,-1116.6987,1613.8774,1725.2468,XGBoost,provided_plus_rdkit_descriptors,2,5
rdkit_PEOE_VSA14,0.0,0.0,0.0,XGBoost,provided_plus_rdkit_descriptors,2,5
rdkit_PEOE_VSA2,0.0,0.0,0.0,XGBoost,provided_plus_rdkit_descriptors,2,5
rdkit_PEOE_VSA3,0.0,0.0,0.0,XGBoost,provided_plus_rdkit_descriptors,2,5
rdkit_PEOE_VSA5,0.0,0.0,0.0,XGBoost,provided_plus_rdkit_descriptors,2,5
rdkit_PEOE_VSA6,0.0,0.0,0.0,XGBoost,provided_plus_rdkit_descriptors,2,5
rdkit_PEOE_VSA7,-8.566959,4518.2085,8600.61,XGBoost,provided_plus_rdkit_descriptors,2,5
rdkit_PEOE_VSA8,0.0,0.0,0.0,XGBoost,provided_plus_rdkit_descriptors,2,5
rdkit_PEOE_VSA9,445.1702,2805.051,5105.5396,XGBoost,provided_plus_rdkit_descriptors,2,5
rdkit_SMR_VSA1,-797.0893,1773.3119,2716.4392,XGBoost,provided_plus_rdkit_descriptors,2,5
rdkit_SMR_VSA10,-112.275375,2057.5632,3472.8057,XGBoost,provided_plus_rdkit_descriptors,2,5
rdkit_SMR_VSA3,0.0,0.0,0.0,XGBoost,provided_plus_rdkit_descriptors,2,5
rdkit_SMR_VSA4,0.0,0.0,0.0,XGBoost,provided_plus_rdkit_descriptors,2,5
rdkit_SMR_VSA5,259.091,2862.2444,3399.2488,XGBoost,provided_plus_rdkit_descriptors,2,5
rdkit_SMR_VSA6,-1370.486,6132.8345,3944.3247,XGBoost,provided_plus_rdkit_descriptors,2,5
rdkit_SMR_VSA7,0.0,0.0,0.0,XGBoost,provided_plus_rdkit_descriptors,2,5
rdkit_SlogP_VSA1,0.0,0.0,0.0,XGBoost,provided_plus_rdkit_descriptors,2,5
rdkit_SlogP_VSA12,0.0,0.0,0.0,XGBoost,provided_plus_rdkit_descriptors,2,5
rdkit_SlogP_VSA2,-1865.232,19027.996,13723.13,XGBoost,provided_plus_rdkit_descriptors,2,5
rdkit_SlogP_VSA3,-22110.74,84827.87,36037.504,XGBoost,provided_plus_rdkit_descriptors,2,5
rdkit_SlogP_VSA4,0.0,0.0,0.0,XGBoost,provided_plus_rdkit_descriptors,2,5
rdkit_SlogP_VSA5,-3057.9324,7678.512,8627.477,XGBoost,provided_plus_rdkit_descriptors,2,5
rdkit_SlogP_VSA6,0.0,0.0,0.0,XGBoost,provided_plus_rdkit_descriptors,2,5
rdkit_TPSA,328.42905,789.1186,1264.114,XGBoost,provided_plus_rdkit_descriptors,2,5
rdkit_EState_VSA1,199.18158,17754.69,15252.284,XGBoost,provided_plus_rdkit_descriptors,2,5
rdkit_EState_VSA10,-22379.008,595803.1,280977.22,XGBoost,provided_plus_rdkit_descriptors,2,5
rdkit_EState_VSA2,17118.04,54138.875,128199.92,XGBoost,provided_plus_rdkit_descriptors,2,5
rdkit_EState_VSA3,6819.297,14288.753,45571.2,XGBoost,provided_plus_rdkit_descriptors,2,5
rdkit_EState_VSA4,0.0,0.0,0.0,XGBoost,provided_plus_rdkit_descriptors,2,5
rdkit_EState_VSA5,1.7229736,889.99194,1530.5867,XGBoost,provided_plus_rdkit_descriptors,2,5
rdkit_EState_VSA6,0.0,0.0,0.0,XGBoost,provided_plus_rdkit_descriptors,2,5
rdkit_EState_VSA7,0.0,0.0,0.0,XGBoost,provided_plus_rdkit_descriptors,2,5
rdkit_EState_VSA8,214.62505,5429.96,9012.934,XGBoost,provided_plus_rdkit_descriptors,2,5
rdkit_EState_VSA9,5503.1816,57579.01,34373.39,XGBoost,provided_plus_rdkit_descriptors,2,5
rdkit_VSA_EState1,-1341.2413,6025.0747,7636.232,XGBoost,provided_plus_rdkit_descriptors,2,5
rdkit_VSA_EState10,0.0,0.0,0.0,XGBoost,provided_plus_rdkit_descriptors,2,5
rdkit_VSA_EState2,-3730.419,15387.667,10300.946,XGBoost,provided_plus_rdkit_descriptors,2,5
rdkit_VSA_EState3,20349.863,52719.695,27285.396,XGBoost,provided_plus_rdkit_descriptors,2,5
rdkit_VSA_EState4,0.0,0.0,0.0,XGBoost,provided_plus_rdkit_descriptors,2,5
rdkit_VSA_EState5,439.09088,3092.3677,2845.0276,XGBoost,provided_plus_rdkit_descriptors,2,5
rdkit_VSA_EState6,0.0,0.0,0.0,XGBoost,provided_plus_rdkit_descriptors,2,5
rdkit_VSA_EState7,29816.855,39866.57,44354.12,XGBoost,provided_plus_rdkit_descriptors,2,5
rdkit_VSA_EState8,15775.546,180418.2,189692.14,XGBoost,provided_plus_rdkit_descriptors,2,5
rdkit_VSA_EState9,0.0,0.0,0.0,XGBoost,provided_plus_rdkit_descriptors,2,5
rdkit_FractionCSP3,283.30618,3528.1238,3029.437,XGBoost,provided_plus_rdkit_descriptors,2,5
rdkit_HeavyAtomCount,0.0,0.0,0.0,XGBoost,provided_plus_rdkit_descriptors,2,5
rdkit_NHOHCount,0.0,0.0,0.0,XGBoost,provided_plus_rdkit_descriptors,2,5
rdkit_NOCount,0.0,0.0,0.0,XGBoost,provided_plus_rdkit_descriptors,2,5
rdkit_NumAliphaticCarbocycles,0.0,0.0,0.0,XGBoost,provided_plus_rdkit_descriptors,2,5
rdkit_NumAliphaticHeterocycles,0.0,0.0,0.0,XGBoost,provided_plus_rdkit_descriptors,2,5
rdkit_NumAliphaticRings,0.0,0.0,0.0,XGBoost,provided_plus_rdkit_descriptors,2,5
rdkit_NumAmideBonds,0.0,0.0,0.0,XGBoost,provided_plus_rdkit_descriptors,2,5
rdkit_NumAtomStereoCenters,-1509.0958,6273.483,14322.563,XGBoost,provided_plus_rdkit_descriptors,2,5
rdkit_NumBridgeheadAtoms,0.0,0.0,0.0,XGBoost,provided_plus_rdkit_descriptors,2,5
rdkit_NumHAcceptors,0.0,0.0,0.0,XGBoost,provided_plus_rdkit_descriptors,2,5
rdkit_NumHDonors,0.0,0.0,0.0,XGBoost,provided_plus_rdkit_descriptors,2,5
rdkit_NumHeteroatoms,0.0,0.0,0.0,XGBoost,provided_plus_rdkit_descriptors,2,5
rdkit_NumHeterocycles,0.0,0.0,0.0,XGBoost,provided_plus_rdkit_descriptors,2,5
rdkit_NumRotatableBonds,264.1361,2058.7544,2093.5144,XGBoost,provided_plus_rdkit_descriptors,2,5
rdkit_NumSaturatedCarbocycles,0.0,0.0,0.0,XGBoost,provided_plus_rdkit_descriptors,2,5
rdkit_NumSaturatedHeterocycles,0.0,0.0,0.0,XGBoost,provided_plus_rdkit_descriptors,2,5
rdkit_NumSaturatedRings,0.0,0.0,0.0,XGBoost,provided_plus_rdkit_descriptors,2,5
rdkit_NumUnspecifiedAtomStereoCenters,1045.0447,2158.7332,4128.349,XGBoost,provided_plus_rdkit_descriptors,2,5
rdkit_Phi,-1218.4747,5141.743,3929.885,XGBoost,provided_plus_rdkit_descriptors,2,5
rdkit_RingCount,0.0,0.0,0.0,XGBoost,provided_plus_rdkit_descriptors,2,5
rdkit_MolLogP,-29595.934,173402.64,79506.73,XGBoost,provided_plus_rdkit_descriptors,2,5
rdkit_MolMR,75.94169,397.0983,512.61993,XGBoost,provided_plus_rdkit_descriptors,2,5
rdkit_fr_Al_COO,0.0,0.0,0.0,XGBoost,provided_plus_rdkit_descriptors,2,5
rdkit_fr_Al_OH,5521.8765,11422.2,6098.457,XGBoost,provided_plus_rdkit_descriptors,2,5
rdkit_fr_Al_OH_noTert,0.0,0.0,0.0,XGBoost,provided_plus_rdkit_descriptors,2,5
rdkit_fr_COO,0.0,0.0,0.0,XGBoost,provided_plus_rdkit_descriptors,2,5
rdkit_fr_COO2,0.0,0.0,0.0,XGBoost,provided_plus_rdkit_descriptors,2,5
rdkit_fr_C_O,0.0,0.0,0.0,XGBoost,provided_plus_rdkit_descriptors,2,5
rdkit_fr_C_O_noCOO,0.0,0.0,0.0,XGBoost,provided_plus_rdkit_descriptors,2,5
rdkit_fr_NH1,0.0,0.0,0.0,XGBoost,provided_plus_rdkit_descriptors,2,5
rdkit_fr_NH2,0.0,0.0,0.0,XGBoost,provided_plus_rdkit_descriptors,2,5
rdkit_fr_aldehyde,-37.909405,1964.4653,2544.0156,XGBoost,provided_plus_rdkit_descriptors,2,5
rdkit_fr_alkyl_halide,0.0,0.0,0.0,XGBoost,provided_plus_rdkit_descriptors,2,5
rdkit_fr_allylic_oxid,0.0,0.0,0.0,XGBoost,provided_plus_rdkit_descriptors,2,5
rdkit_fr_amide,0.0,0.0,0.0,XGBoost,provided_plus_rdkit_descriptors,2,5
rdkit_fr_bicyclic,0.0,0.0,0.0,XGBoost,provided_plus_rdkit_descriptors,2,5
rdkit_fr_ether,0.0,0.0,0.0,XGBoost,provided_plus_rdkit_descriptors,2,5
rdkit_fr_halogen,0.0,0.0,0.0,XGBoost,provided_plus_rdkit_descriptors,2,5
rdkit_fr_ketone,-523.64886,3052.6648,5438.418,XGBoost,provided_plus_rdkit_descriptors,2,5
rdkit_fr_ketone_Topliss,0.0,0.0,0.0,XGBoost,provided_plus_rdkit_descriptors,2,5
rdkit_fr_methoxy,0.0,0.0,0.0,XGBoost,provided_plus_rdkit_descriptors,2,5
rdkit_fr_phos_acid,0.0,0.0,0.0,XGBoost,provided_plus_rdkit_descriptors,2,5
rdkit_fr_phos_ester,0.0,0.0,0.0,XGBoost,provided_plus_rdkit_descriptors,2,5
Molecular weight (Da),17263.424,32422.15,34464.098,XGBoost,provided_plus_rdkit_descriptors,3,1
Solubility (mg/mL),35575.207,544859.4,566376.25,XGBoost,provided_plus_rdkit_descriptors,3,1
"Glass transition temperature (Tg, degC)",80768.555,212412.14,172439.6,XGBoost,provided_plus_rdkit_descriptors,3,1
Viscosity (mPa.s),32525.668,196519.81,212339.31,XGBoost,provided_plus_rdkit_descriptors,3,1
Concentration (% w/v),-12907.954,219351.56,126323.98,XGBoost,provided_plus_rdkit_descriptors,3,1
rdkit_MaxAbsEStateIndex,14490.994,93159.35,126403.22,XGBoost,provided_plus_rdkit_descriptors,3,1
rdkit_MaxEStateIndex,0.0,0.0,0.0,XGBoost,provided_plus_rdkit_descriptors,3,1
rdkit_MinAbsEStateIndex,-2476.2886,145403.72,181630.17,XGBoost,provided_plus_rdkit_descriptors,3,1
rdkit_MinEStateIndex,35809.152,78276.45,56469.938,XGBoost,provided_plus_rdkit_descriptors,3,1
rdkit_qed,12398.953,36380.945,36606.375,XGBoost,provided_plus_rdkit_descriptors,3,1
rdkit_SPS,2437.148,20958.645,21507.105,XGBoost,provided_plus_rdkit_descriptors,3,1
rdkit_MolWt,0.0,0.0,0.0,XGBoost,provided_plus_rdkit_descriptors,3,1
rdkit_HeavyAtomMolWt,0.0,0.0,0.0,XGBoost,provided_plus_rdkit_descriptors,3,1
rdkit_ExactMolWt,0.0,0.0,0.0,XGBoost,provided_plus_rdkit_descriptors,3,1
rdkit_NumValenceElectrons,0.0,0.0,0.0,XGBoost,provided_plus_rdkit_descriptors,3,1
rdkit_MaxPartialCharge,-28743.746,141041.48,78179.81,XGBoost,provided_plus_rdkit_descriptors,3,1
rdkit_MinPartialCharge,13267.24,92121.45,43172.87,XGBoost,provided_plus_rdkit_descriptors,3,1
rdkit_MaxAbsPartialCharge,98.056915,6800.662,6607.7026,XGBoost,provided_plus_rdkit_descriptors,3,1
rdkit_MinAbsPartialCharge,0.0,0.0,0.0,XGBoost,provided_plus_rdkit_descriptors,3,1
rdkit_FpDensityMorgan1,29597.324,68385.63,44417.31,XGBoost,provided_plus_rdkit_descriptors,3,1
rdkit_FpDensityMorgan2,635.4318,34895.836,21495.418,XGBoost,provided_plus_rdkit_descriptors,3,1
rdkit_FpDensityMorgan3,2189.159,23447.08,22107.379,XGBoost,provided_plus_rdkit_descriptors,3,1
rdkit_BCUT2D_MWHI,-853.5628,14837.753,9228.652,XGBoost,provided_plus_rdkit_descriptors,3,1
rdkit_BCUT2D_MWLOW,-6581.555,31410.041,42573.77,XGBoost,provided_plus_rdkit_descriptors,3,1
rdkit_BCUT2D_CHGHI,-706.43555,31744.365,34081.566,XGBoost,provided_plus_rdkit_descriptors,3,1
rdkit_BCUT2D_CHGLO,-4635.206,122183.95,62517.46,XGBoost,provided_plus_rdkit_descriptors,3,1
rdkit_BCUT2D_LOGPHI,-401.85663,3509.4438,2931.1855,XGBoost,provided_plus_rdkit_descriptors,3,1
rdkit_BCUT2D_LOGPLOW,-672.3096,1458.5092,1258.062,XGBoost,provided_plus_rdkit_descriptors,3,1
rdkit_BCUT2D_MRHI,-563.21643,17389.887,19813.184,XGBoost,provided_plus_rdkit_descriptors,3,1
rdkit_BCUT2D_MRLOW,5216.0986,13407.814,17208.193,XGBoost,provided_plus_rdkit_descriptors,3,1
rdkit_AvgIpc,-14741.107,120859.5,179450.02,XGBoost,provided_plus_rdkit_descriptors,3,1
rdkit_BalabanJ,-10585.562,36295.85,30428.576,XGBoost,provided_plus_rdkit_descriptors,3,1
rdkit_BertzCT,10854.475,25628.24,16650.871,XGBoost,provided_plus_rdkit_descriptors,3,1
rdkit_Chi0,834.0433,1666.3715,1947.4442,XGBoost,provided_plus_rdkit_descriptors,3,1
rdkit_Chi0n,-1920.7087,24441.01,18200.404,XGBoost,provided_plus_rdkit_descriptors,3,1
rdkit_Chi0v,147701.42,246017.33,278424.8,XGBoost,provided_plus_rdkit_descriptors,3,1
rdkit_Chi1,-689.9736,1431.9192,1423.0953,XGBoost,provided_plus_rdkit_descriptors,3,1
rdkit_Chi1n,-198.18454,2141.73,2439.726,XGBoost,provided_plus_rdkit_descriptors,3,1
rdkit_Chi1v,90.96944,531.4274,687.8793,XGBoost,provided_plus_rdkit_descriptors,3,1
rdkit_Chi2n,3438.961,8130.973,4366.93,XGBoost,provided_plus_rdkit_descriptors,3,1
rdkit_Chi2v,396.3341,837.1205,977.44806,XGBoost,provided_plus_rdkit_descriptors,3,1
rdkit_Chi3n,-1190.8953,3263.1453,1993.8104,XGBoost,provided_plus_rdkit_descriptors,3,1
rdkit_Chi3v,0.0,0.0,0.0,XGBoost,provided_plus_rdkit_descriptors,3,1
rdkit_Chi4n,-1218.1586,14971.156,6441.481,XGBoost,provided_plus_rdkit_descriptors,3,1
rdkit_Chi4v,387.4416,3333.2654,3108.0803,XGBoost,provided_plus_rdkit_descriptors,3,1
rdkit_HallKierAlpha,-22022.178,182848.45,113597.95,XGBoost,provided_plus_rdkit_descriptors,3,1
rdkit_Ipc,-180.13814,7023.546,8431.431,XGBoost,provided_plus_rdkit_descriptors,3,1
rdkit_Kappa1,-4784.0996,10205.973,9178.52,XGBoost,provided_plus_rdkit_descriptors,3,1
rdkit_Kappa2,-3499.9402,10963.045,17672.691,XGBoost,provided_plus_rdkit_descriptors,3,1
rdkit_Kappa3,6030.7837,19753.477,21780.932,XGBoost,provided_plus_rdkit_descriptors,3,1
rdkit_LabuteASA,0.0,0.0,0.0,XGBoost,provided_plus_rdkit_descriptors,3,1
rdkit_PEOE_VSA1,-677.39124,56103.63,71607.58,XGBoost,provided_plus_rdkit_descriptors,3,1
rdkit_PEOE_VSA10,40.217533,2447.4468,5301.129,XGBoost,provided_plus_rdkit_descriptors,3,1
rdkit_PEOE_VSA11,-4181.785,34300.914,36639.9,XGBoost,provided_plus_rdkit_descriptors,3,1
rdkit_PEOE_VSA12,-8218.141,14088.716,12094.388,XGBoost,provided_plus_rdkit_descriptors,3,1
rdkit_PEOE_VSA14,0.0,0.0,0.0,XGBoost,provided_plus_rdkit_descriptors,3,1
rdkit_PEOE_VSA2,0.0,0.0,0.0,XGBoost,provided_plus_rdkit_descriptors,3,1
rdkit_PEOE_VSA3,0.0,0.0,0.0,XGBoost,provided_plus_rdkit_descriptors,3,1
rdkit_PEOE_VSA5,0.0,0.0,0.0,XGBoost,provided_plus_rdkit_descriptors,3,1
rdkit_PEOE_VSA6,0.0,0.0,0.0,XGBoost,provided_plus_rdkit_descriptors,3,1
rdkit_PEOE_VSA7,1285.7728,3204.7974,7537.593,XGBoost,provided_plus_rdkit_descriptors,3,1
rdkit_PEOE_VSA8,598.8272,1263.8944,1538.8369,XGBoost,provided_plus_rdkit_descriptors,3,1
rdkit_PEOE_VSA9,1932.084,4474.781,3316.349,XGBoost,provided_plus_rdkit_descriptors,3,1
rdkit_SMR_VSA1,1013.32745,2133.2727,3088.7908,XGBoost,provided_plus_rdkit_descriptors,3,1
rdkit_SMR_VSA10,16.035889,4147.4253,7221.459,XGBoost,provided_plus_rdkit_descriptors,3,1
rdkit_SMR_VSA3,0.0,0.0,0.0,XGBoost,provided_plus_rdkit_descriptors,3,1
rdkit_SMR_VSA4,0.0,0.0,0.0,XGBoost,provided_plus_rdkit_descriptors,3,1
rdkit_SMR_VSA5,-5813.232,20495.352,16643.977,XGBoost,provided_plus_rdkit_descriptors,3,1
rdkit_SMR_VSA6,670.00714,6750.089,5511.351,XGBoost,provided_plus_rdkit_descriptors,3,1
rdkit_SMR_VSA7,0.0,0.0,0.0,XGBoost,provided_plus_rdkit_descriptors,3,1
rdkit_SlogP_VSA1,0.0,0.0,0.0,XGBoost,provided_plus_rdkit_descriptors,3,1
rdkit_SlogP_VSA12,0.0,0.0,0.0,XGBoost,provided_plus_rdkit_descriptors,3,1
rdkit_SlogP_VSA2,2903.741,23655.88,13473.389,XGBoost,provided_plus_rdkit_descriptors,3,1
rdkit_SlogP_VSA3,1999.6167,7532.834,6028.716,XGBoost,provided_plus_rdkit_descriptors,3,1
rdkit_SlogP_VSA4,0.0,0.0,0.0,XGBoost,provided_plus_rdkit_descriptors,3,1
rdkit_SlogP_VSA5,-256.17102,799.1785,846.1037,XGBoost,provided_plus_rdkit_descriptors,3,1
rdkit_SlogP_VSA6,0.0,0.0,0.0,XGBoost,provided_plus_rdkit_descriptors,3,1
rdkit_TPSA,1387.4155,3624.4766,4567.551,XGBoost,provided_plus_rdkit_descriptors,3,1
rdkit_EState_VSA1,228.09671,2081.4927,2456.6267,XGBoost,provided_plus_rdkit_descriptors,3,1
rdkit_EState_VSA10,23000.682,770699.1,357858.78,XGBoost,provided_plus_rdkit_descriptors,3,1
rdkit_EState_VSA2,2064.8953,5824.375,12088.814,XGBoost,provided_plus_rdkit_descriptors,3,1
rdkit_EState_VSA3,262.59616,1366.5938,4322.4175,XGBoost,provided_plus_rdkit_descriptors,3,1
rdkit_EState_VSA4,0.0,0.0,0.0,XGBoost,provided_plus_rdkit_descriptors,3,1
rdkit_EState_VSA5,0.0,0.0,0.0,XGBoost,provided_plus_rdkit_descriptors,3,1
rdkit_EState_VSA6,0.0,0.0,0.0,XGBoost,provided_plus_rdkit_descriptors,3,1
rdkit_EState_VSA7,0.0,0.0,0.0,XGBoost,provided_plus_rdkit_descriptors,3,1
rdkit_EState_VSA8,1512.473,3000.7107,5352.0815,XGBoost,provided_plus_rdkit_descriptors,3,1
rdkit_EState_VSA9,10528.351,93125.586,42230.348,XGBoost,provided_plus_rdkit_descriptors,3,1
rdkit_VSA_EState1,-631.66595,3186.962,2682.21,XGBoost,provided_plus_rdkit_descriptors,3,1
rdkit_VSA_EState10,0.0,0.0,0.0,XGBoost,provided_plus_rdkit_descriptors,3,1
rdkit_VSA_EState2,-9157.089,46744.434,51828.45,XGBoost,provided_plus_rdkit_descriptors,3,1
rdkit_VSA_EState3,-1349.9105,33198.387,28362.35,XGBoost,provided_plus_rdkit_descriptors,3,1
rdkit_VSA_EState4,0.0,0.0,0.0,XGBoost,provided_plus_rdkit_descriptors,3,1
rdkit_VSA_EState5,-532.6834,2182.9539,1529.9502,XGBoost,provided_plus_rdkit_descriptors,3,1
rdkit_VSA_EState6,0.0,0.0,0.0,XGBoost,provided_plus_rdkit_descriptors,3,1
rdkit_VSA_EState7,4503.3057,20115.947,34208.75,XGBoost,provided_plus_rdkit_descriptors,3,1
rdkit_VSA_EState8,-1407.4669,163062.72,126978.53,XGBoost,provided_plus_rdkit_descriptors,3,1
rdkit_VSA_EState9,0.0,0.0,0.0,XGBoost,provided_plus_rdkit_descriptors,3,1
rdkit_FractionCSP3,-139.66817,411.20737,401.7881,XGBoost,provided_plus_rdkit_descriptors,3,1
rdkit_HeavyAtomCount,0.0,0.0,0.0,XGBoost,provided_plus_rdkit_descriptors,3,1
rdkit_NHOHCount,0.0,0.0,0.0,XGBoost,provided_plus_rdkit_descriptors,3,1
rdkit_NOCount,0.0,0.0,0.0,XGBoost,provided_plus_rdkit_descriptors,3,1
rdkit_NumAliphaticCarbocycles,0.0,0.0,0.0,XGBoost,provided_plus_rdkit_descriptors,3,1
rdkit_NumAliphaticHeterocycles,0.0,0.0,0.0,XGBoost,provided_plus_rdkit_descriptors,3,1
rdkit_NumAliphaticRings,0.0,0.0,0.0,XGBoost,provided_plus_rdkit_descriptors,3,1
rdkit_NumAmideBonds,0.0,0.0,0.0,XGBoost,provided_plus_rdkit_descriptors,3,1
rdkit_NumAtomStereoCenters,8299.137,10602.915,7760.258,XGBoost,provided_plus_rdkit_descriptors,3,1
rdkit_NumBridgeheadAtoms,0.0,0.0,0.0,XGBoost,provided_plus_rdkit_descriptors,3,1
rdkit_NumHAcceptors,0.0,0.0,0.0,XGBoost,provided_plus_rdkit_descriptors,3,1
rdkit_NumHDonors,0.0,0.0,0.0,XGBoost,provided_plus_rdkit_descriptors,3,1
rdkit_NumHeteroatoms,0.0,0.0,0.0,XGBoost,provided_plus_rdkit_descriptors,3,1
rdkit_NumHeterocycles,0.0,0.0,0.0,XGBoost,provided_plus_rdkit_descriptors,3,1
rdkit_NumRotatableBonds,-2677.854,7169.0615,8762.701,XGBoost,provided_plus_rdkit_descriptors,3,1
rdkit_NumSaturatedCarbocycles,0.0,0.0,0.0,XGBoost,provided_plus_rdkit_descriptors,3,1
rdkit_NumSaturatedHeterocycles,0.0,0.0,0.0,XGBoost,provided_plus_rdkit_descriptors,3,1
rdkit_NumSaturatedRings,0.0,0.0,0.0,XGBoost,provided_plus_rdkit_descriptors,3,1
rdkit_NumUnspecifiedAtomStereoCenters,5288.243,6323.072,5401.2925,XGBoost,provided_plus_rdkit_descriptors,3,1
rdkit_Phi,-67.843575,489.44778,430.4243,XGBoost,provided_plus_rdkit_descriptors,3,1
rdkit_RingCount,0.0,0.0,0.0,XGBoost,provided_plus_rdkit_descriptors,3,1
rdkit_MolLogP,5197.901,68836.664,65749.61,XGBoost,provided_plus_rdkit_descriptors,3,1
rdkit_MolMR,75.9101,7214.4683,8177.181,XGBoost,provided_plus_rdkit_descriptors,3,1
rdkit_fr_Al_COO,0.0,0.0,0.0,XGBoost,provided_plus_rdkit_descriptors,3,1
rdkit_fr_Al_OH,0.0,0.0,0.0,XGBoost,provided_plus_rdkit_descriptors,3,1
rdkit_fr_Al_OH_noTert,0.0,0.0,0.0,XGBoost,provided_plus_rdkit_descriptors,3,1
rdkit_fr_COO,0.0,0.0,0.0,XGBoost,provided_plus_rdkit_descriptors,3,1
rdkit_fr_COO2,0.0,0.0,0.0,XGBoost,provided_plus_rdkit_descriptors,3,1
rdkit_fr_C_O,0.0,0.0,0.0,XGBoost,provided_plus_rdkit_descriptors,3,1
rdkit_fr_C_O_noCOO,0.0,0.0,0.0,XGBoost,provided_plus_rdkit_descriptors,3,1
rdkit_fr_NH1,0.0,0.0,0.0,XGBoost,provided_plus_rdkit_descriptors,3,1
rdkit_fr_NH2,0.0,0.0,0.0,XGBoost,provided_plus_rdkit_descriptors,3,1
rdkit_fr_aldehyde,-275.54974,1118.8606,1490.3768,XGBoost,provided_plus_rdkit_descriptors,3,1
rdkit_fr_alkyl_halide,0.0,0.0,0.0,XGBoost,provided_plus_rdkit_descriptors,3,1
rdkit_fr_allylic_oxid,0.0,0.0,0.0,XGBoost,provided_plus_rdkit_descriptors,3,1
rdkit_fr_amide,0.0,0.0,0.0,XGBoost,provided_plus_rdkit_descriptors,3,1
rdkit_fr_bicyclic,0.0,0.0,0.0,XGBoost,provided_plus_rdkit_descriptors,3,1
rdkit_fr_ether,1294.0984,5515.9653,2757.4514,XGBoost,provided_plus_rdkit_descriptors,3,1
rdkit_fr_halogen,0.0,0.0,0.0,XGBoost,provided_plus_rdkit_descriptors,3,1
rdkit_fr_ketone,0.0,0.0,0.0,XGBoost,provided_plus_rdkit_descriptors,3,1
rdkit_fr_ketone_Topliss,0.0,0.0,0.0,XGBoost,provided_plus_rdkit_descriptors,3,1
rdkit_fr_methoxy,0.0,0.0,0.0,XGBoost,provided_plus_rdkit_descriptors,3,1
rdkit_fr_phos_acid,0.0,0.0,0.0,XGBoost,provided_plus_rdkit_descriptors,3,1
rdkit_fr_phos_ester,0.0,0.0,0.0,XGBoost,provided_plus_rdkit_descriptors,3,1
Molecular weight (Da),25551.361,43808.63,43817.805,XGBoost,provided_plus_rdkit_descriptors,3,2
Solubility (mg/mL),-60064.766,554429.75,565807.3,XGBoost,provided_plus_rdkit_descriptors,3,2
"Glass transition temperature (Tg, degC)",-31661.293,208627.9,198724.77,XGBoost,provided_plus_rdkit_descriptors,3,2
Viscosity (mPa.s),41785.723,173354.7,155888.86,XGBoost,provided_plus_rdkit_descriptors,3,2
Concentration (% w/v),-10719.693,237022.97,119781.71,XGBoost,provided_plus_rdkit_descriptors,3,2
rdkit_MaxAbsEStateIndex,-16932.633,69500.61,96072.64,XGBoost,provided_plus_rdkit_descriptors,3,2
rdkit_MaxEStateIndex,0.0,0.0,0.0,XGBoost,provided_plus_rdkit_descriptors,3,2
rdkit_MinAbsEStateIndex,30993.105,55342.203,69817.414,XGBoost,provided_plus_rdkit_descriptors,3,2
rdkit_MinEStateIndex,36524.33,90463.57,66179.766,XGBoost,provided_plus_rdkit_descriptors,3,2
rdkit_qed,3452.15,16534.162,15231.425,XGBoost,provided_plus_rdkit_descriptors,3,2
rdkit_SPS,-3776.3464,46961.082,47661.848,XGBoost,provided_plus_rdkit_descriptors,3,2
rdkit_MolWt,0.0,0.0,0.0,XGBoost,provided_plus_rdkit_descriptors,3,2
rdkit_HeavyAtomMolWt,0.0,0.0,0.0,XGBoost,provided_plus_rdkit_descriptors,3,2
rdkit_ExactMolWt,0.0,0.0,0.0,XGBoost,provided_plus_rdkit_descriptors,3,2
rdkit_NumValenceElectrons,0.0,0.0,0.0,XGBoost,provided_plus_rdkit_descriptors,3,2
rdkit_MaxPartialCharge,-30814.81,118737.58,109215.95,XGBoost,provided_plus_rdkit_descriptors,3,2
rdkit_MinPartialCharge,-10501.7295,56917.316,37834.19,XGBoost,provided_plus_rdkit_descriptors,3,2
rdkit_MaxAbsPartialCharge,-743.418,5747.1143,7014.193,XGBoost,provided_plus_rdkit_descriptors,3,2
rdkit_MinAbsPartialCharge,0.0,0.0,0.0,XGBoost,provided_plus_rdkit_descriptors,3,2
rdkit_FpDensityMorgan1,19348.023,39676.82,41489.125,XGBoost,provided_plus_rdkit_descriptors,3,2
rdkit_FpDensityMorgan2,6165.444,28709.594,24233.635,XGBoost,provided_plus_rdkit_descriptors,3,2
rdkit_FpDensityMorgan3,-4641.5483,54641.43,54901.086,XGBoost,provided_plus_rdkit_descriptors,3,2
rdkit_BCUT2D_MWHI,68.71235,8738.52,8051.168,XGBoost,provided_plus_rdkit_descriptors,3,2
rdkit_BCUT2D_MWLOW,-3604.3616,67850.73,63567.465,XGBoost,provided_plus_rdkit_descriptors,3,2
rdkit_BCUT2D_CHGHI,5872.9004,40028.977,34754.46,XGBoost,provided_plus_rdkit_descriptors,3,2
rdkit_BCUT2D_CHGLO,-17974.877,61914.027,39038.777,XGBoost,provided_plus_rdkit_descriptors,3,2
rdkit_BCUT2D_LOGPHI,270.67334,1691.084,2135.424,XGBoost,provided_plus_rdkit_descriptors,3,2
rdkit_BCUT2D_LOGPLOW,1541.4829,4042.2195,3986.0493,XGBoost,provided_plus_rdkit_descriptors,3,2
rdkit_BCUT2D_MRHI,19834.26,117140.805,103307.23,XGBoost,provided_plus_rdkit_descriptors,3,2
rdkit_BCUT2D_MRLOW,3368.159,25473.201,18688.332,XGBoost,provided_plus_rdkit_descriptors,3,2
rdkit_AvgIpc,5830.7427,136646.86,143581.27,XGBoost,provided_plus_rdkit_descriptors,3,2
rdkit_BalabanJ,6373.6484,26446.252,28477.395,XGBoost,provided_plus_rdkit_descriptors,3,2
rdkit_BertzCT,-13466.247,160415.6,65005.996,XGBoost,provided_plus_rdkit_descriptors,3,2
rdkit_Chi0,-1006.0186,2628.773,3763.086,XGBoost,provided_plus_rdkit_descriptors,3,2
rdkit_Chi0n,10289.286,35054.953,29801.377,XGBoost,provided_plus_rdkit_descriptors,3,2
rdkit_Chi0v,749.81836,23024.031,16206.897,XGBoost,provided_plus_rdkit_descriptors,3,2
rdkit_Chi1,-98.5228,258.26212,292.5216,XGBoost,provided_plus_rdkit_descriptors,3,2
rdkit_Chi1n,-182.80257,902.1501,1038.6844,XGBoost,provided_plus_rdkit_descriptors,3,2
rdkit_Chi1v,17.424381,2527.7437,2701.273,XGBoost,provided_plus_rdkit_descriptors,3,2
rdkit_Chi2n,-322.86923,4017.0508,2726.885,XGBoost,provided_plus_rdkit_descriptors,3,2
rdkit_Chi2v,-214.40753,2100.9995,2640.4763,XGBoost,provided_plus_rdkit_descriptors,3,2
rdkit_Chi3n,52.08222,139.88191,260.5389,XGBoost,provided_plus_rdkit_descriptors,3,2
rdkit_Chi3v,1086.7311,2273.7239,3782.2405,XGBoost,provided_plus_rdkit_descriptors,3,2
rdkit_Chi4n,-141.81866,494.4814,656.9366,XGBoost,provided_plus_rdkit_descriptors,3,2
rdkit_Chi4v,157.30678,2996.1897,2572.937,XGBoost,provided_plus_rdkit_descriptors,3,2
rdkit_HallKierAlpha,-28668.17,147033.77,102764.414,XGBoost,provided_plus_rdkit_descriptors,3,2
rdkit_Ipc,-1056.2623,2367.9697,1989.8138,XGBoost,provided_plus_rdkit_descriptors,3,2
rdkit_Kappa1,16330.254,36700.336,45822.113,XGBoost,provided_plus_rdkit_descriptors,3,2
rdkit_Kappa2,2393.7112,7047.1226,9353.349,XGBoost,provided_plus_rdkit_descriptors,3,2
rdkit_Kappa3,-2980.6482,10623.181,8003.265,XGBoost,provided_plus_rdkit_descriptors,3,2
rdkit_LabuteASA,0.0,0.0,0.0,XGBoost,provided_plus_rdkit_descriptors,3,2
rdkit_PEOE_VSA1,7631.673,43138.184,46279.785,XGBoost,provided_plus_rdkit_descriptors,3,2
rdkit_PEOE_VSA10,-6997.9893,15617.652,22324.152,XGBoost,provided_plus_rdkit_descriptors,3,2
rdkit_PEOE_VSA11,17517.639,81736.07,47525.09,XGBoost,provided_plus_rdkit_descriptors,3,2
rdkit_PEOE_VSA12,462.43005,771.36035,1341.0682,XGBoost,provided_plus_rdkit_descriptors,3,2
rdkit_PEOE_VSA14,0.0,0.0,0.0,XGBoost,provided_plus_rdkit_descriptors,3,2
rdkit_PEOE_VSA2,431.07773,1493.4325,1964.7504,XGBoost,provided_plus_rdkit_descriptors,3,2
rdkit_PEOE_VSA3,0.0,0.0,0.0,XGBoost,provided_plus_rdkit_descriptors,3,2
rdkit_PEOE_VSA5,0.0,0.0,0.0,XGBoost,provided_plus_rdkit_descriptors,3,2
rdkit_PEOE_VSA6,-67.8446,341.90335,1087.433,XGBoost,provided_plus_rdkit_descriptors,3,2
rdkit_PEOE_VSA7,0.0,0.0,0.0,XGBoost,provided_plus_rdkit_descriptors,3,2
rdkit_PEOE_VSA8,23663.178,57424.793,149205.56,XGBoost,provided_plus_rdkit_descriptors,3,2
rdkit_PEOE_VSA9,-1807.2196,3385.1536,3841.5198,XGBoost,provided_plus_rdkit_descriptors,3,2
rdkit_SMR_VSA1,-159.01505,4906.259,7014.613,XGBoost,provided_plus_rdkit_descriptors,3,2
rdkit_SMR_VSA10,242.25732,7719.9604,11673.947,XGBoost,provided_plus_rdkit_descriptors,3,2
rdkit_SMR_VSA3,0.0,0.0,0.0,XGBoost,provided_plus_rdkit_descriptors,3,2
rdkit_SMR_VSA4,-509.67133,1613.6152,5837.247,XGBoost,provided_plus_rdkit_descriptors,3,2
rdkit_SMR_VSA5,4877.2466,16620.287,17679.346,XGBoost,provided_plus_rdkit_descriptors,3,2
rdkit_SMR_VSA6,192.00925,2501.7927,1863.7059,XGBoost,provided_plus_rdkit_descriptors,3,2
rdkit_SMR_VSA7,0.0,0.0,0.0,XGBoost,provided_plus_rdkit_descriptors,3,2
rdkit_SlogP_VSA1,0.0,0.0,0.0,XGBoost,provided_plus_rdkit_descriptors,3,2
rdkit_SlogP_VSA12,0.0,0.0,0.0,XGBoost,provided_plus_rdkit_descriptors,3,2
rdkit_SlogP_VSA2,-16.37722,4592.8706,4772.409,XGBoost,provided_plus_rdkit_descriptors,3,2
rdkit_SlogP_VSA3,3003.5532,41825.0,18973.953,XGBoost,provided_plus_rdkit_descriptors,3,2
rdkit_SlogP_VSA4,0.0,0.0,0.0,XGBoost,provided_plus_rdkit_descriptors,3,2
rdkit_SlogP_VSA5,611.3997,1616.6307,3044.328,XGBoost,provided_plus_rdkit_descriptors,3,2
rdkit_SlogP_VSA6,0.0,0.0,0.0,XGBoost,provided_plus_rdkit_descriptors,3,2
rdkit_TPSA,699.70135,2860.6038,2744.3674,XGBoost,provided_plus_rdkit_descriptors,3,2
rdkit_EState_VSA1,952.51886,3650.5935,5070.0264,XGBoost,provided_plus_rdkit_descriptors,3,2
rdkit_EState_VSA10,44359.37,515593.06,176725.25,XGBoost,provided_plus_rdkit_descriptors,3,2
rdkit_EState_VSA2,-7070.3623,42252.168,70346.195,XGBoost,provided_plus_rdkit_descriptors,3,2
rdkit_EState_VSA3,714.6401,2543.1802,8685.479,XGBoost,provided_plus_rdkit_descriptors,3,2
rdkit_EState_VSA4,-97.213776,159.2231,203.6577,XGBoost,provided_plus_rdkit_descriptors,3,2
rdkit_EState_VSA5,266.77127,819.67346,761.0519,XGBoost,provided_plus_rdkit_descriptors,3,2
rdkit_EState_VSA6,0.0,0.0,0.0,XGBoost,provided_plus_rdkit_descriptors,3,2
rdkit_EState_VSA7,0.0,0.0,0.0,XGBoost,provided_plus_rdkit_descriptors,3,2
rdkit_EState_VSA8,-87.54784,1419.8622,2255.844,XGBoost,provided_plus_rdkit_descriptors,3,2
rdkit_EState_VSA9,-14760.145,47299.402,28912.17,XGBoost,provided_plus_rdkit_descriptors,3,2
rdkit_VSA_EState1,-580.873,4921.408,5033.956,XGBoost,provided_plus_rdkit_descriptors,3,2
rdkit_VSA_EState10,0.0,0.0,0.0,XGBoost,provided_plus_rdkit_descriptors,3,2
rdkit_VSA_EState2,-17297.473,131354.14,121291.63,XGBoost,provided_plus_rdkit_descriptors,3,2
rdkit_VSA_EState3,4493.901,101556.72,62798.496,XGBoost,provided_plus_rdkit_descriptors,3,2
rdkit_VSA_EState4,0.0,0.0,0.0,XGBoost,provided_plus_rdkit_descriptors,3,2
rdkit_VSA_EState5,283.5738,3384.862,4084.6335,XGBoost,provided_plus_rdkit_descriptors,3,2
rdkit_VSA_EState6,0.0,0.0,0.0,XGBoost,provided_plus_rdkit_descriptors,3,2
rdkit_VSA_EState7,21270.72,36035.598,34564.37,XGBoost,provided_plus_rdkit_descriptors,3,2
rdkit_VSA_EState8,18002.805,178216.7,151669.66,XGBoost,provided_plus_rdkit_descriptors,3,2
rdkit_VSA_EState9,0.0,0.0,0.0,XGBoost,provided_plus_rdkit_descriptors,3,2
rdkit_FractionCSP3,-428.34018,1451.316,1190.2688,XGBoost,provided_plus_rdkit_descriptors,3,2
rdkit_HeavyAtomCount,0.0,0.0,0.0,XGBoost,provided_plus_rdkit_descriptors,3,2
rdkit_NHOHCount,-194.14922,399.92493,725.3298,XGBoost,provided_plus_rdkit_descriptors,3,2
rdkit_NOCount,0.0,0.0,0.0,XGBoost,provided_plus_rdkit_descriptors,3,2
rdkit_NumAliphaticCarbocycles,0.0,0.0,0.0,XGBoost,provided_plus_rdkit_descriptors,3,2
rdkit_NumAliphaticHeterocycles,0.0,0.0,0.0,XGBoost,provided_plus_rdkit_descriptors,3,2
rdkit_NumAliphaticRings,0.0,0.0,0.0,XGBoost,provided_plus_rdkit_descriptors,3,2
rdkit_NumAmideBonds,0.0,0.0,0.0,XGBoost,provided_plus_rdkit_descriptors,3,2
rdkit_NumAtomStereoCenters,-8022.161,13897.144,31153.402,XGBoost,provided_plus_rdkit_descriptors,3,2
rdkit_NumBridgeheadAtoms,0.0,0.0,0.0,XGBoost,provided_plus_rdkit_descriptors,3,2
rdkit_NumHAcceptors,0.0,0.0,0.0,XGBoost,provided_plus_rdkit_descriptors,3,2
rdkit_NumHDonors,-488.9794,11740.388,10062.815,XGBoost,provided_plus_rdkit_descriptors,3,2
rdkit_NumHeteroatoms,0.0,0.0,0.0,XGBoost,provided_plus_rdkit_descriptors,3,2
rdkit_NumHeterocycles,0.0,0.0,0.0,XGBoost,provided_plus_rdkit_descriptors,3,2
rdkit_NumRotatableBonds,959.09845,6861.9395,6345.8535,XGBoost,provided_plus_rdkit_descriptors,3,2
rdkit_NumSaturatedCarbocycles,0.0,0.0,0.0,XGBoost,provided_plus_rdkit_descriptors,3,2
rdkit_NumSaturatedHeterocycles,0.0,0.0,0.0,XGBoost,provided_plus_rdkit_descriptors,3,2
rdkit_NumSaturatedRings,0.0,0.0,0.0,XGBoost,provided_plus_rdkit_descriptors,3,2
rdkit_NumUnspecifiedAtomStereoCenters,-1270.1842,2411.0989,5048.089,XGBoost,provided_plus_rdkit_descriptors,3,2
rdkit_Phi,-172.15865,4414.436,3890.3896,XGBoost,provided_plus_rdkit_descriptors,3,2
rdkit_RingCount,0.0,0.0,0.0,XGBoost,provided_plus_rdkit_descriptors,3,2
rdkit_MolLogP,13097.006,116907.55,73300.37,XGBoost,provided_plus_rdkit_descriptors,3,2
rdkit_MolMR,2837.8413,12189.082,14084.229,XGBoost,provided_plus_rdkit_descriptors,3,2
rdkit_fr_Al_COO,0.0,0.0,0.0,XGBoost,provided_plus_rdkit_descriptors,3,2
rdkit_fr_Al_OH,0.0,0.0,0.0,XGBoost,provided_plus_rdkit_descriptors,3,2
rdkit_fr_Al_OH_noTert,0.0,0.0,0.0,XGBoost,provided_plus_rdkit_descriptors,3,2
rdkit_fr_COO,0.0,0.0,0.0,XGBoost,provided_plus_rdkit_descriptors,3,2
rdkit_fr_COO2,0.0,0.0,0.0,XGBoost,provided_plus_rdkit_descriptors,3,2
rdkit_fr_C_O,0.0,0.0,0.0,XGBoost,provided_plus_rdkit_descriptors,3,2
rdkit_fr_C_O_noCOO,0.0,0.0,0.0,XGBoost,provided_plus_rdkit_descriptors,3,2
rdkit_fr_NH1,0.0,0.0,0.0,XGBoost,provided_plus_rdkit_descriptors,3,2
rdkit_fr_NH2,0.0,0.0,0.0,XGBoost,provided_plus_rdkit_descriptors,3,2
rdkit_fr_aldehyde,1458.5493,22619.057,22136.346,XGBoost,provided_plus_rdkit_descriptors,3,2
rdkit_fr_alkyl_halide,0.0,0.0,0.0,XGBoost,provided_plus_rdkit_descriptors,3,2
rdkit_fr_allylic_oxid,0.0,0.0,0.0,XGBoost,provided_plus_rdkit_descriptors,3,2
rdkit_fr_amide,0.0,0.0,0.0,XGBoost,provided_plus_rdkit_descriptors,3,2
rdkit_fr_bicyclic,0.0,0.0,0.0,XGBoost,provided_plus_rdkit_descriptors,3,2
rdkit_fr_ether,0.0,0.0,0.0,XGBoost,provided_plus_rdkit_descriptors,3,2
rdkit_fr_halogen,0.0,0.0,0.0,XGBoost,provided_plus_rdkit_descriptors,3,2
rdkit_fr_ketone,174.264,613.2777,972.41797,XGBoost,provided_plus_rdkit_descriptors,3,2
rdkit_fr_ketone_Topliss,0.0,0.0,0.0,XGBoost,provided_plus_rdkit_descriptors,3,2
rdkit_fr_methoxy,0.0,0.0,0.0,XGBoost,provided_plus_rdkit_descriptors,3,2
rdkit_fr_phos_acid,0.0,0.0,0.0,XGBoost,provided_plus_rdkit_descriptors,3,2
rdkit_fr_phos_ester,0.0,0.0,0.0,XGBoost,provided_plus_rdkit_descriptors,3,2
Molecular weight (Da),2855.1729,28705.115,20582.408,XGBoost,provided_plus_rdkit_descriptors,3,3
Solubility (mg/mL),142843.56,561989.9,638621.2,XGBoost,provided_plus_rdkit_descriptors,3,3
"Glass transition temperature (Tg, degC)",75238.914,239096.0,181906.3,XGBoost,provided_plus_rdkit_descriptors,3,3
Viscosity (mPa.s),-3863.5242,221643.0,201614.14,XGBoost,provided_plus_rdkit_descriptors,3,3
Concentration (% w/v),15660.049,245791.83,127750.945,XGBoost,provided_plus_rdkit_descriptors,3,3
rdkit_MaxAbsEStateIndex,3270.9805,75379.83,54668.67,XGBoost,provided_plus_rdkit_descriptors,3,3
rdkit_MaxEStateIndex,0.0,0.0,0.0,XGBoost,provided_plus_rdkit_descriptors,3,3
rdkit_MinAbsEStateIndex,19030.406,52386.555,57642.72,XGBoost,provided_plus_rdkit_descriptors,3,3
rdkit_MinEStateIndex,25550.744,81180.26,66263.3,XGBoost,provided_plus_rdkit_descriptors,3,3
rdkit_qed,9232.588,18594.785,16432.498,XGBoost,provided_plus_rdkit_descriptors,3,3
rdkit_SPS,-5591.808,39783.742,30993.229,XGBoost,provided_plus_rdkit_descriptors,3,3
rdkit_MolWt,0.0,0.0,0.0,XGBoost,provided_plus_rdkit_descriptors,3,3
rdkit_HeavyAtomMolWt,0.0,0.0,0.0,XGBoost,provided_plus_rdkit_descriptors,3,3
rdkit_ExactMolWt,0.0,0.0,0.0,XGBoost,provided_plus_rdkit_descriptors,3,3
rdkit_NumValenceElectrons,266.96634,2670.112,2446.4587,XGBoost,provided_plus_rdkit_descriptors,3,3
rdkit_MaxPartialCharge,-16083.28,88137.93,74017.98,XGBoost,provided_plus_rdkit_descriptors,3,3
rdkit_MinPartialCharge,-10860.347,56636.71,44191.62,XGBoost,provided_plus_rdkit_descriptors,3,3
rdkit_MaxAbsPartialCharge,2321.8413,11795.896,13743.584,XGBoost,provided_plus_rdkit_descriptors,3,3
rdkit_MinAbsPartialCharge,0.0,0.0,0.0,XGBoost,provided_plus_rdkit_descriptors,3,3
rdkit_FpDensityMorgan1,19785.139,70225.85,42982.875,XGBoost,provided_plus_rdkit_descriptors,3,3
rdkit_FpDensityMorgan2,-1760.018,5140.3574,5092.327,XGBoost,provided_plus_rdkit_descriptors,3,3
rdkit_FpDensityMorgan3,-9717.116,28271.248,33067.637,XGBoost,provided_plus_rdkit_descriptors,3,3
rdkit_BCUT2D_MWHI,-4474.313,15517.178,15528.116,XGBoost,provided_plus_rdkit_descriptors,3,3
rdkit_BCUT2D_MWLOW,-11664.035,50050.164,27156.24,XGBoost,provided_plus_rdkit_descriptors,3,3
rdkit_BCUT2D_CHGHI,-16305.765,61681.64,25775.637,XGBoost,provided_plus_rdkit_descriptors,3,3
rdkit_BCUT2D_CHGLO,48058.434,77324.67,102764.34,XGBoost,provided_plus_rdkit_descriptors,3,3
rdkit_BCUT2D_LOGPHI,-12791.213,32093.982,19112.44,XGBoost,provided_plus_rdkit_descriptors,3,3
rdkit_BCUT2D_LOGPLOW,-1106.7561,7083.8975,4432.828,XGBoost,provided_plus_rdkit_descriptors,3,3
rdkit_BCUT2D_MRHI,7605.238,51420.926,44557.465,XGBoost,provided_plus_rdkit_descriptors,3,3
rdkit_BCUT2D_MRLOW,11865.432,35789.26,19338.2,XGBoost,provided_plus_rdkit_descriptors,3,3
rdkit_AvgIpc,13963.528,152353.48,194774.11,XGBoost,provided_plus_rdkit_descriptors,3,3
rdkit_BalabanJ,-3577.8362,24837.012,13881.146,XGBoost,provided_plus_rdkit_descriptors,3,3
rdkit_BertzCT,-2234.158,12430.208,9473.561,XGBoost,provided_plus_rdkit_descriptors,3,3
rdkit_Chi0,47.108253,2388.2156,2930.517,XGBoost,provided_plus_rdkit_descriptors,3,3
rdkit_Chi0n,29.123146,572.22186,600.4847,XGBoost,provided_plus_rdkit_descriptors,3,3
rdkit_Chi0v,49139.402,139024.8,135624.67,XGBoost,provided_plus_rdkit_descriptors,3,3
rdkit_Chi1,97.92226,2792.5251,3641.9038,XGBoost,provided_plus_rdkit_descriptors,3,3
rdkit_Chi1n,-1518.3494,3417.8784,2319.9521,XGBoost,provided_plus_rdkit_descriptors,3,3
rdkit_Chi1v,0.0,0.0,0.0,XGBoost,provided_plus_rdkit_descriptors,3,3
rdkit_Chi2n,5820.604,19869.807,12199.607,XGBoost,provided_plus_rdkit_descriptors,3,3
rdkit_Chi2v,-24.957098,1909.0773,2148.7793,XGBoost,provided_plus_rdkit_descriptors,3,3
rdkit_Chi3n,0.0,0.0,0.0,XGBoost,provided_plus_rdkit_descriptors,3,3
rdkit_Chi3v,0.0,0.0,0.0,XGBoost,provided_plus_rdkit_descriptors,3,3
rdkit_Chi4n,-958.05597,1824.9646,1549.5525,XGBoost,provided_plus_rdkit_descriptors,3,3
rdkit_Chi4v,-740.6417,6456.6743,4655.8237,XGBoost,provided_plus_rdkit_descriptors,3,3
rdkit_HallKierAlpha,-83866.24,196250.05,163945.36,XGBoost,provided_plus_rdkit_descriptors,3,3
rdkit_Ipc,-4359.718,13133.366,8131.9683,XGBoost,provided_plus_rdkit_descriptors,3,3
rdkit_Kappa1,-7856.6694,87935.414,94033.11,XGBoost,provided_plus_rdkit_descriptors,3,3
rdkit_Kappa2,-1957.3925,7948.72,10745.665,XGBoost,provided_plus_rdkit_descriptors,3,3
rdkit_Kappa3,-1627.9454,6622.02,5758.192,XGBoost,provided_plus_rdkit_descriptors,3,3
rdkit_LabuteASA,133.05324,1040.8315,993.20245,XGBoost,provided_plus_rdkit_descriptors,3,3
rdkit_PEOE_VSA1,5637.727,98162.2,90465.63,XGBoost,provided_plus_rdkit_descriptors,3,3
rdkit_PEOE_VSA10,-1782.4001,5156.109,6666.3535,XGBoost,provided_plus_rdkit_descriptors,3,3
rdkit_PEOE_VSA11,-3271.6619,30376.805,24967.734,XGBoost,provided_plus_rdkit_descriptors,3,3
rdkit_PEOE_VSA12,-86.82937,303.81232,535.3495,XGBoost,provided_plus_rdkit_descriptors,3,3
rdkit_PEOE_VSA14,0.0,0.0,0.0,XGBoost,provided_plus_rdkit_descriptors,3,3
rdkit_PEOE_VSA2,-139.81432,741.0599,1088.0608,XGBoost,provided_plus_rdkit_descriptors,3,3
rdkit_PEOE_VSA3,0.0,0.0,0.0,XGBoost,provided_plus_rdkit_descriptors,3,3
rdkit_PEOE_VSA5,0.0,0.0,0.0,XGBoost,provided_plus_rdkit_descriptors,3,3
rdkit_PEOE_VSA6,0.0,0.0,0.0,XGBoost,provided_plus_rdkit_descriptors,3,3
rdkit_PEOE_VSA7,0.0,0.0,0.0,XGBoost,provided_plus_rdkit_descriptors,3,3
rdkit_PEOE_VSA8,618.4294,1446.111,3008.5208,XGBoost,provided_plus_rdkit_descriptors,3,3
rdkit_PEOE_VSA9,1591.8295,4463.895,5912.0654,XGBoost,provided_plus_rdkit_descriptors,3,3
rdkit_SMR_VSA1,-2014.438,4436.362,3640.6714,XGBoost,provided_plus_rdkit_descriptors,3,3
rdkit_SMR_VSA10,-16.37296,360.2549,562.77844,XGBoost,provided_plus_rdkit_descriptors,3,3
rdkit_SMR_VSA3,0.0,0.0,0.0,XGBoost,provided_plus_rdkit_descriptors,3,3
rdkit_SMR_VSA4,0.0,0.0,0.0,XGBoost,provided_plus_rdkit_descriptors,3,3
rdkit_SMR_VSA5,4452.3257,19178.365,29835.775,XGBoost,provided_plus_rdkit_descriptors,3,3
rdkit_SMR_VSA6,-176.93529,653.432,1159.2343,XGBoost,provided_plus_rdkit_descriptors,3,3
rdkit_SMR_VSA7,0.0,0.0,0.0,XGBoost,provided_plus_rdkit_descriptors,3,3
rdkit_SlogP_VSA1,-440.36697,656.8867,733.7802,XGBoost,provided_plus_rdkit_descriptors,3,3
rdkit_SlogP_VSA12,0.0,0.0,0.0,XGBoost,provided_plus_rdkit_descriptors,3,3
rdkit_SlogP_VSA2,-5968.8306,20094.617,12434.083,XGBoost,provided_plus_rdkit_descriptors,3,3
rdkit_SlogP_VSA3,-4653.8926,71987.305,34125.168,XGBoost,provided_plus_rdkit_descriptors,3,3
rdkit_SlogP_VSA4,0.0,0.0,0.0,XGBoost,provided_plus_rdkit_descriptors,3,3
rdkit_SlogP_VSA5,1594.9303,2494.6824,2522.6394,XGBoost,provided_plus_rdkit_descriptors,3,3
rdkit_SlogP_VSA6,0.0,0.0,0.0,XGBoost,provided_plus_rdkit_descriptors,3,3
rdkit_TPSA,0.0,0.0,0.0,XGBoost,provided_plus_rdkit_descriptors,3,3
rdkit_EState_VSA1,-1455.6454,6162.864,9652.774,XGBoost,provided_plus_rdkit_descriptors,3,3
rdkit_EState_VSA10,-9811.515,635664.56,297547.03,XGBoost,provided_plus_rdkit_descriptors,3,3
rdkit_EState_VSA2,2691.0107,28207.107,81598.555,XGBoost,provided_plus_rdkit_descriptors,3,3
rdkit_EState_VSA3,-553.348,3239.6187,10162.073,XGBoost,provided_plus_rdkit_descriptors,3,3
rdkit_EState_VSA4,0.0,0.0,0.0,XGBoost,provided_plus_rdkit_descriptors,3,3
rdkit_EState_VSA5,50.853004,534.5006,855.11847,XGBoost,provided_plus_rdkit_descriptors,3,3
rdkit_EState_VSA6,0.0,0.0,0.0,XGBoost,provided_plus_rdkit_descriptors,3,3
rdkit_EState_VSA7,0.0,0.0,0.0,XGBoost,provided_plus_rdkit_descriptors,3,3
rdkit_EState_VSA8,201.06071,1388.1613,2372.902,XGBoost,provided_plus_rdkit_descriptors,3,3
rdkit_EState_VSA9,-28207.22,91734.64,73550.29,XGBoost,provided_plus_rdkit_descriptors,3,3
rdkit_VSA_EState1,-2227.298,7872.79,3539.0742,XGBoost,provided_plus_rdkit_descriptors,3,3
rdkit_VSA_EState10,0.0,0.0,0.0,XGBoost,provided_plus_rdkit_descriptors,3,3
rdkit_VSA_EState2,-6605.929,68090.12,39130.285,XGBoost,provided_plus_rdkit_descriptors,3,3
rdkit_VSA_EState3,12144.951,26946.09,24389.264,XGBoost,provided_plus_rdkit_descriptors,3,3
rdkit_VSA_EState4,0.0,0.0,0.0,XGBoost,provided_plus_rdkit_descriptors,3,3
rdkit_VSA_EState5,-851.95746,4914.6553,3977.7761,XGBoost,provided_plus_rdkit_descriptors,3,3
rdkit_VSA_EState6,0.0,0.0,0.0,XGBoost,provided_plus_rdkit_descriptors,3,3
rdkit_VSA_EState7,-2940.3718,36388.223,29817.81,XGBoost,provided_plus_rdkit_descriptors,3,3
rdkit_VSA_EState8,-7778.2524,124347.37,133400.88,XGBoost,provided_plus_rdkit_descriptors,3,3
rdkit_VSA_EState9,0.0,0.0,0.0,XGBoost,provided_plus_rdkit_descriptors,3,3
rdkit_FractionCSP3,-9955.269,17484.07,10988.512,XGBoost,provided_plus_rdkit_descriptors,3,3
rdkit_HeavyAtomCount,0.0,0.0,0.0,XGBoost,provided_plus_rdkit_descriptors,3,3
rdkit_NHOHCount,144.80917,647.3535,556.7519,XGBoost,provided_plus_rdkit_descriptors,3,3
rdkit_NOCount,0.0,0.0,0.0,XGBoost,provided_plus_rdkit_descriptors,3,3
rdkit_NumAliphaticCarbocycles,0.0,0.0,0.0,XGBoost,provided_plus_rdkit_descriptors,3,3
rdkit_NumAliphaticHeterocycles,0.0,0.0,0.0,XGBoost,provided_plus_rdkit_descriptors,3,3
rdkit_NumAliphaticRings,0.0,0.0,0.0,XGBoost,provided_plus_rdkit_descriptors,3,3
rdkit_NumAmideBonds,0.0,0.0,0.0,XGBoost,provided_plus_rdkit_descriptors,3,3
rdkit_NumAtomStereoCenters,9562.348,9562.348,4661.409,XGBoost,provided_plus_rdkit_descriptors,3,3
rdkit_NumBridgeheadAtoms,0.0,0.0,0.0,XGBoost,provided_plus_rdkit_descriptors,3,3
rdkit_NumHAcceptors,0.0,0.0,0.0,XGBoost,provided_plus_rdkit_descriptors,3,3
rdkit_NumHDonors,0.0,0.0,0.0,XGBoost,provided_plus_rdkit_descriptors,3,3
rdkit_NumHeteroatoms,0.0,0.0,0.0,XGBoost,provided_plus_rdkit_descriptors,3,3
rdkit_NumHeterocycles,0.0,0.0,0.0,XGBoost,provided_plus_rdkit_descriptors,3,3
rdkit_NumRotatableBonds,1279.0153,7881.1333,5799.923,XGBoost,provided_plus_rdkit_descriptors,3,3
rdkit_NumSaturatedCarbocycles,0.0,0.0,0.0,XGBoost,provided_plus_rdkit_descriptors,3,3
rdkit_NumSaturatedHeterocycles,0.0,0.0,0.0,XGBoost,provided_plus_rdkit_descriptors,3,3
rdkit_NumSaturatedRings,0.0,0.0,0.0,XGBoost,provided_plus_rdkit_descriptors,3,3
rdkit_NumUnspecifiedAtomStereoCenters,4646.849,7821.0933,12229.267,XGBoost,provided_plus_rdkit_descriptors,3,3
rdkit_Phi,-4972.934,13388.764,9413.847,XGBoost,provided_plus_rdkit_descriptors,3,3
rdkit_RingCount,0.0,0.0,0.0,XGBoost,provided_plus_rdkit_descriptors,3,3
rdkit_MolLogP,11907.717,123689.98,114468.086,XGBoost,provided_plus_rdkit_descriptors,3,3
rdkit_MolMR,-2893.633,14745.061,13709.938,XGBoost,provided_plus_rdkit_descriptors,3,3
rdkit_fr_Al_COO,0.0,0.0,0.0,XGBoost,provided_plus_rdkit_descriptors,3,3
rdkit_fr_Al_OH,3822.4028,7403.219,6682.0684,XGBoost,provided_plus_rdkit_descriptors,3,3
rdkit_fr_Al_OH_noTert,0.0,0.0,0.0,XGBoost,provided_plus_rdkit_descriptors,3,3
rdkit_fr_COO,0.0,0.0,0.0,XGBoost,provided_plus_rdkit_descriptors,3,3
rdkit_fr_COO2,0.0,0.0,0.0,XGBoost,provided_plus_rdkit_descriptors,3,3
rdkit_fr_C_O,0.0,0.0,0.0,XGBoost,provided_plus_rdkit_descriptors,3,3
rdkit_fr_C_O_noCOO,0.0,0.0,0.0,XGBoost,provided_plus_rdkit_descriptors,3,3
rdkit_fr_NH1,0.0,0.0,0.0,XGBoost,provided_plus_rdkit_descriptors,3,3
rdkit_fr_NH2,0.0,0.0,0.0,XGBoost,provided_plus_rdkit_descriptors,3,3
rdkit_fr_aldehyde,-1332.0927,2292.1318,1877.6378,XGBoost,provided_plus_rdkit_descriptors,3,3
rdkit_fr_alkyl_halide,0.0,0.0,0.0,XGBoost,provided_plus_rdkit_descriptors,3,3
rdkit_fr_allylic_oxid,0.0,0.0,0.0,XGBoost,provided_plus_rdkit_descriptors,3,3
rdkit_fr_amide,0.0,0.0,0.0,XGBoost,provided_plus_rdkit_descriptors,3,3
rdkit_fr_bicyclic,0.0,0.0,0.0,XGBoost,provided_plus_rdkit_descriptors,3,3
rdkit_fr_ether,0.0,0.0,0.0,XGBoost,provided_plus_rdkit_descriptors,3,3
rdkit_fr_halogen,0.0,0.0,0.0,XGBoost,provided_plus_rdkit_descriptors,3,3
rdkit_fr_ketone,437.8516,1273.1775,2383.5964,XGBoost,provided_plus_rdkit_descriptors,3,3
rdkit_fr_ketone_Topliss,0.0,0.0,0.0,XGBoost,provided_plus_rdkit_descriptors,3,3
rdkit_fr_methoxy,0.0,0.0,0.0,XGBoost,provided_plus_rdkit_descriptors,3,3
rdkit_fr_phos_acid,0.0,0.0,0.0,XGBoost,provided_plus_rdkit_descriptors,3,3
rdkit_fr_phos_ester,0.0,0.0,0.0,XGBoost,provided_plus_rdkit_descriptors,3,3
Molecular weight (Da),-15903.997,30763.521,34460.555,XGBoost,provided_plus_rdkit_descriptors,3,4
Solubility (mg/mL),-241036.72,484904.66,313470.28,XGBoost,provided_plus_rdkit_descriptors,3,4
"Glass transition temperature (Tg, degC)",-92836.305,295719.47,214410.66,XGBoost,provided_plus_rdkit_descriptors,3,4
Viscosity (mPa.s),38696.215,211816.23,158284.81,XGBoost,provided_plus_rdkit_descriptors,3,4
Concentration (% w/v),57911.062,282855.66,149029.67,XGBoost,provided_plus_rdkit_descriptors,3,4
rdkit_MaxAbsEStateIndex,-9489.424,60554.266,58585.383,XGBoost,provided_plus_rdkit_descriptors,3,4
rdkit_MaxEStateIndex,0.0,0.0,0.0,XGBoost,provided_plus_rdkit_descriptors,3,4
rdkit_MinAbsEStateIndex,-30379.848,68115.17,134185.44,XGBoost,provided_plus_rdkit_descriptors,3,4
rdkit_MinEStateIndex,17331.379,86979.734,44942.027,XGBoost,provided_plus_rdkit_descriptors,3,4
rdkit_qed,-47143.05,80114.016,73649.9,XGBoost,provided_plus_rdkit_descriptors,3,4
rdkit_SPS,1887.9204,38116.234,43215.42,XGBoost,provided_plus_rdkit_descriptors,3,4
rdkit_MolWt,0.0,0.0,0.0,XGBoost,provided_plus_rdkit_descriptors,3,4
rdkit_HeavyAtomMolWt,0.0,0.0,0.0,XGBoost,provided_plus_rdkit_descriptors,3,4
rdkit_ExactMolWt,0.0,0.0,0.0,XGBoost,provided_plus_rdkit_descriptors,3,4
rdkit_NumValenceElectrons,-56.887165,129.82352,311.60477,XGBoost,provided_plus_rdkit_descriptors,3,4
rdkit_MaxPartialCharge,-60782.562,118354.11,97638.17,XGBoost,provided_plus_rdkit_descriptors,3,4
rdkit_MinPartialCharge,-25182.916,92272.555,40682.223,XGBoost,provided_plus_rdkit_descriptors,3,4
rdkit_MaxAbsPartialCharge,-43.13447,4990.349,4769.838,XGBoost,provided_plus_rdkit_descriptors,3,4
rdkit_MinAbsPartialCharge,0.0,0.0,0.0,XGBoost,provided_plus_rdkit_descriptors,3,4
rdkit_FpDensityMorgan1,-2973.6545,47255.688,32996.617,XGBoost,provided_plus_rdkit_descriptors,3,4
rdkit_FpDensityMorgan2,5364.968,34950.867,24015.268,XGBoost,provided_plus_rdkit_descriptors,3,4
rdkit_FpDensityMorgan3,1076.2506,30743.994,22554.674,XGBoost,provided_plus_rdkit_descriptors,3,4
rdkit_BCUT2D_MWHI,673.48566,27396.568,14917.935,XGBoost,provided_plus_rdkit_descriptors,3,4
rdkit_BCUT2D_MWLOW,2677.2114,32482.025,17722.844,XGBoost,provided_plus_rdkit_descriptors,3,4
rdkit_BCUT2D_CHGHI,-10018.912,34169.69,31536.574,XGBoost,provided_plus_rdkit_descriptors,3,4
rdkit_BCUT2D_CHGLO,-20802.83,42624.27,31807.75,XGBoost,provided_plus_rdkit_descriptors,3,4
rdkit_BCUT2D_LOGPHI,16.260494,2362.585,3324.3286,XGBoost,provided_plus_rdkit_descriptors,3,4
rdkit_BCUT2D_LOGPLOW,-19.283333,5049.852,4952.643,XGBoost,provided_plus_rdkit_descriptors,3,4
rdkit_BCUT2D_MRHI,-18798.78,60013.37,43073.445,XGBoost,provided_plus_rdkit_descriptors,3,4
rdkit_BCUT2D_MRLOW,14867.0625,32310.646,31731.58,XGBoost,provided_plus_rdkit_descriptors,3,4
rdkit_AvgIpc,-81167.0,88767.49,63835.918,XGBoost,provided_plus_rdkit_descriptors,3,4
rdkit_BalabanJ,-11377.056,39902.527,31809.574,XGBoost,provided_plus_rdkit_descriptors,3,4
rdkit_BertzCT,-1494.975,6590.7983,6692.69,XGBoost,provided_plus_rdkit_descriptors,3,4
rdkit_Chi0,-94.53854,1479.5829,1749.3623,XGBoost,provided_plus_rdkit_descriptors,3,4
rdkit_Chi0n,-8778.267,14566.819,12874.677,XGBoost,provided_plus_rdkit_descriptors,3,4
rdkit_Chi0v,6407.744,64019.664,69368.91,XGBoost,provided_plus_rdkit_descriptors,3,4
rdkit_Chi1,1454.4427,2338.9607,1121.8302,XGBoost,provided_plus_rdkit_descriptors,3,4
rdkit_Chi1n,11.426496,608.64886,1055.4218,XGBoost,provided_plus_rdkit_descriptors,3,4
rdkit_Chi1v,1344.9713,1986.4734,2270.972,XGBoost,provided_plus_rdkit_descriptors,3,4
rdkit_Chi2n,49.894356,7442.927,3628.3071,XGBoost,provided_plus_rdkit_descriptors,3,4
rdkit_Chi2v,0.0,0.0,0.0,XGBoost,provided_plus_rdkit_descriptors,3,4
rdkit_Chi3n,153.48885,508.85437,433.0358,XGBoost,provided_plus_rdkit_descriptors,3,4
rdkit_Chi3v,0.0,0.0,0.0,XGBoost,provided_plus_rdkit_descriptors,3,4
rdkit_Chi4n,0.0,0.0,0.0,XGBoost,provided_plus_rdkit_descriptors,3,4
rdkit_Chi4v,-1877.3217,11014.618,7415.6333,XGBoost,provided_plus_rdkit_descriptors,3,4
rdkit_HallKierAlpha,-61107.625,304121.53,203771.62,XGBoost,provided_plus_rdkit_descriptors,3,4
rdkit_Ipc,-18336.9,31398.383,21958.146,XGBoost,provided_plus_rdkit_descriptors,3,4
rdkit_Kappa1,2339.9585,18013.592,24415.396,XGBoost,provided_plus_rdkit_descriptors,3,4
rdkit_Kappa2,780.5038,2579.1584,2571.4197,XGBoost,provided_plus_rdkit_descriptors,3,4
rdkit_Kappa3,-2828.2305,13562.999,10909.624,XGBoost,provided_plus_rdkit_descriptors,3,4
rdkit_LabuteASA,0.0,0.0,0.0,XGBoost,provided_plus_rdkit_descriptors,3,4
rdkit_PEOE_VSA1,-29750.623,34937.562,22893.695,XGBoost,provided_plus_rdkit_descriptors,3,4
rdkit_PEOE_VSA10,-2774.6016,6463.3223,6959.272,XGBoost,provided_plus_rdkit_descriptors,3,4
rdkit_PEOE_VSA11,-21642.451,55265.59,63477.414,XGBoost,provided_plus_rdkit_descriptors,3,4
rdkit_PEOE_VSA12,-41.095108,1739.7307,2633.9749,XGBoost,provided_plus_rdkit_descriptors,3,4
rdkit_PEOE_VSA14,0.0,0.0,0.0,XGBoost,provided_plus_rdkit_descriptors,3,4
rdkit_PEOE_VSA2,0.0,0.0,0.0,XGBoost,provided_plus_rdkit_descriptors,3,4
rdkit_PEOE_VSA3,0.0,0.0,0.0,XGBoost,provided_plus_rdkit_descriptors,3,4
rdkit_PEOE_VSA5,0.0,0.0,0.0,XGBoost,provided_plus_rdkit_descriptors,3,4
rdkit_PEOE_VSA6,0.0,0.0,0.0,XGBoost,provided_plus_rdkit_descriptors,3,4
rdkit_PEOE_VSA7,-933.33203,1507.5541,1688.8905,XGBoost,provided_plus_rdkit_descriptors,3,4
rdkit_PEOE_VSA8,-35.195377,435.5501,858.02783,XGBoost,provided_plus_rdkit_descriptors,3,4
rdkit_PEOE_VSA9,335.2391,2590.24,2316.5889,XGBoost,provided_plus_rdkit_descriptors,3,4
rdkit_SMR_VSA1,445.72372,607.1672,1078.6609,XGBoost,provided_plus_rdkit_descriptors,3,4
rdkit_SMR_VSA10,-11665.26,18013.275,21687.1,XGBoost,provided_plus_rdkit_descriptors,3,4
rdkit_SMR_VSA3,0.0,0.0,0.0,XGBoost,provided_plus_rdkit_descriptors,3,4
rdkit_SMR_VSA4,-3808.727,3808.727,2051.2383,XGBoost,provided_plus_rdkit_descriptors,3,4
rdkit_SMR_VSA5,1449.4003,6061.915,8507.428,XGBoost,provided_plus_rdkit_descriptors,3,4
rdkit_SMR_VSA6,-1307.8224,3159.6138,3664.7656,XGBoost,provided_plus_rdkit_descriptors,3,4
rdkit_SMR_VSA7,0.0,0.0,0.0,XGBoost,provided_plus_rdkit_descriptors,3,4
rdkit_SlogP_VSA1,0.0,0.0,0.0,XGBoost,provided_plus_rdkit_descriptors,3,4
rdkit_SlogP_VSA12,0.0,0.0,0.0,XGBoost,provided_plus_rdkit_descriptors,3,4
rdkit_SlogP_VSA2,-12976.263,29582.79,23673.98,XGBoost,provided_plus_rdkit_descriptors,3,4
rdkit_SlogP_VSA3,-5058.2,12159.355,7162.985,XGBoost,provided_plus_rdkit_descriptors,3,4
rdkit_SlogP_VSA4,0.0,0.0,0.0,XGBoost,provided_plus_rdkit_descriptors,3,4
rdkit_SlogP_VSA5,-199.61678,597.28406,938.6068,XGBoost,provided_plus_rdkit_descriptors,3,4
rdkit_SlogP_VSA6,0.0,0.0,0.0,XGBoost,provided_plus_rdkit_descriptors,3,4
rdkit_TPSA,1390.3862,2944.8628,1904.55,XGBoost,provided_plus_rdkit_descriptors,3,4
rdkit_EState_VSA1,7659.156,12755.518,11419.775,XGBoost,provided_plus_rdkit_descriptors,3,4
rdkit_EState_VSA10,-145426.56,652500.9,320329.4,XGBoost,provided_plus_rdkit_descriptors,3,4
rdkit_EState_VSA2,-6825.7524,8872.16,4440.6416,XGBoost,provided_plus_rdkit_descriptors,3,4
rdkit_EState_VSA3,60.829334,89.528305,48.91236,XGBoost,provided_plus_rdkit_descriptors,3,4
rdkit_EState_VSA4,0.0,0.0,0.0,XGBoost,provided_plus_rdkit_descriptors,3,4
rdkit_EState_VSA5,2649.7104,3588.8127,3962.8135,XGBoost,provided_plus_rdkit_descriptors,3,4
rdkit_EState_VSA6,0.0,0.0,0.0,XGBoost,provided_plus_rdkit_descriptors,3,4
rdkit_EState_VSA7,0.0,0.0,0.0,XGBoost,provided_plus_rdkit_descriptors,3,4
rdkit_EState_VSA8,-911.2369,7902.128,9680.62,XGBoost,provided_plus_rdkit_descriptors,3,4
rdkit_EState_VSA9,-21877.459,172262.81,101104.19,XGBoost,provided_plus_rdkit_descriptors,3,4
rdkit_VSA_EState1,-1887.3167,6167.227,4796.689,XGBoost,provided_plus_rdkit_descriptors,3,4
rdkit_VSA_EState10,0.0,0.0,0.0,XGBoost,provided_plus_rdkit_descriptors,3,4
rdkit_VSA_EState2,-12959.627,41730.246,36329.793,XGBoost,provided_plus_rdkit_descriptors,3,4
rdkit_VSA_EState3,4431.0146,22922.947,20847.953,XGBoost,provided_plus_rdkit_descriptors,3,4
rdkit_VSA_EState4,0.0,0.0,0.0,XGBoost,provided_plus_rdkit_descriptors,3,4
rdkit_VSA_EState5,-2552.6133,16629.494,23095.34,XGBoost,provided_plus_rdkit_descriptors,3,4
rdkit_VSA_EState6,0.0,0.0,0.0,XGBoost,provided_plus_rdkit_descriptors,3,4
rdkit_VSA_EState7,17714.436,26169.418,22060.3,XGBoost,provided_plus_rdkit_descriptors,3,4
rdkit_VSA_EState8,12625.324,117067.195,128354.125,XGBoost,provided_plus_rdkit_descriptors,3,4
rdkit_VSA_EState9,0.0,0.0,0.0,XGBoost,provided_plus_rdkit_descriptors,3,4
rdkit_FractionCSP3,133.72987,742.49664,684.1805,XGBoost,provided_plus_rdkit_descriptors,3,4
rdkit_HeavyAtomCount,0.0,0.0,0.0,XGBoost,provided_plus_rdkit_descriptors,3,4
rdkit_NHOHCount,-4273.737,9471.181,4583.146,XGBoost,provided_plus_rdkit_descriptors,3,4
rdkit_NOCount,0.0,0.0,0.0,XGBoost,provided_plus_rdkit_descriptors,3,4
rdkit_NumAliphaticCarbocycles,0.0,0.0,0.0,XGBoost,provided_plus_rdkit_descriptors,3,4
rdkit_NumAliphaticHeterocycles,0.0,0.0,0.0,XGBoost,provided_plus_rdkit_descriptors,3,4
rdkit_NumAliphaticRings,0.0,0.0,0.0,XGBoost,provided_plus_rdkit_descriptors,3,4
rdkit_NumAmideBonds,0.0,0.0,0.0,XGBoost,provided_plus_rdkit_descriptors,3,4
rdkit_NumAtomStereoCenters,2755.0222,6135.5425,9299.722,XGBoost,provided_plus_rdkit_descriptors,3,4
rdkit_NumBridgeheadAtoms,0.0,0.0,0.0,XGBoost,provided_plus_rdkit_descriptors,3,4
rdkit_NumHAcceptors,0.0,0.0,0.0,XGBoost,provided_plus_rdkit_descriptors,3,4
rdkit_NumHDonors,-7675.2896,30814.105,12618.564,XGBoost,provided_plus_rdkit_descriptors,3,4
rdkit_NumHeteroatoms,0.0,0.0,0.0,XGBoost,provided_plus_rdkit_descriptors,3,4
rdkit_NumHeterocycles,0.0,0.0,0.0,XGBoost,provided_plus_rdkit_descriptors,3,4
rdkit_NumRotatableBonds,-403.18808,1831.7462,1642.9016,XGBoost,provided_plus_rdkit_descriptors,3,4
rdkit_NumSaturatedCarbocycles,0.0,0.0,0.0,XGBoost,provided_plus_rdkit_descriptors,3,4
rdkit_NumSaturatedHeterocycles,0.0,0.0,0.0,XGBoost,provided_plus_rdkit_descriptors,3,4
rdkit_NumSaturatedRings,0.0,0.0,0.0,XGBoost,provided_plus_rdkit_descriptors,3,4
rdkit_NumUnspecifiedAtomStereoCenters,7549.434,11929.167,12314.503,XGBoost,provided_plus_rdkit_descriptors,3,4
rdkit_Phi,-979.2449,1409.3007,1700.4504,XGBoost,provided_plus_rdkit_descriptors,3,4
rdkit_RingCount,0.0,0.0,0.0,XGBoost,provided_plus_rdkit_descriptors,3,4
rdkit_MolLogP,-21664.926,56058.15,29326.938,XGBoost,provided_plus_rdkit_descriptors,3,4
rdkit_MolMR,157.00449,4956.4272,8928.763,XGBoost,provided_plus_rdkit_descriptors,3,4
rdkit_fr_Al_COO,0.0,0.0,0.0,XGBoost,provided_plus_rdkit_descriptors,3,4
rdkit_fr_Al_OH,321.7931,969.7018,1186.8927,XGBoost,provided_plus_rdkit_descriptors,3,4
rdkit_fr_Al_OH_noTert,0.0,0.0,0.0,XGBoost,provided_plus_rdkit_descriptors,3,4
rdkit_fr_COO,0.0,0.0,0.0,XGBoost,provided_plus_rdkit_descriptors,3,4
rdkit_fr_COO2,0.0,0.0,0.0,XGBoost,provided_plus_rdkit_descriptors,3,4
rdkit_fr_C_O,0.0,0.0,0.0,XGBoost,provided_plus_rdkit_descriptors,3,4
rdkit_fr_C_O_noCOO,0.0,0.0,0.0,XGBoost,provided_plus_rdkit_descriptors,3,4
rdkit_fr_NH1,0.0,0.0,0.0,XGBoost,provided_plus_rdkit_descriptors,3,4
rdkit_fr_NH2,0.0,0.0,0.0,XGBoost,provided_plus_rdkit_descriptors,3,4
rdkit_fr_aldehyde,0.0,0.0,0.0,XGBoost,provided_plus_rdkit_descriptors,3,4
rdkit_fr_alkyl_halide,0.0,0.0,0.0,XGBoost,provided_plus_rdkit_descriptors,3,4
rdkit_fr_allylic_oxid,0.0,0.0,0.0,XGBoost,provided_plus_rdkit_descriptors,3,4
rdkit_fr_amide,0.0,0.0,0.0,XGBoost,provided_plus_rdkit_descriptors,3,4
rdkit_fr_bicyclic,0.0,0.0,0.0,XGBoost,provided_plus_rdkit_descriptors,3,4
rdkit_fr_ether,0.0,0.0,0.0,XGBoost,provided_plus_rdkit_descriptors,3,4
rdkit_fr_halogen,0.0,0.0,0.0,XGBoost,provided_plus_rdkit_descriptors,3,4
rdkit_fr_ketone,-414.01285,1067.6063,1351.0571,XGBoost,provided_plus_rdkit_descriptors,3,4
rdkit_fr_ketone_Topliss,0.0,0.0,0.0,XGBoost,provided_plus_rdkit_descriptors,3,4
rdkit_fr_methoxy,0.0,0.0,0.0,XGBoost,provided_plus_rdkit_descriptors,3,4
rdkit_fr_phos_acid,0.0,0.0,0.0,XGBoost,provided_plus_rdkit_descriptors,3,4
rdkit_fr_phos_ester,0.0,0.0,0.0,XGBoost,provided_plus_rdkit_descriptors,3,4
Molecular weight (Da),5812.8105,43953.117,52710.652,XGBoost,provided_plus_rdkit_descriptors,3,5
Solubility (mg/mL),77171.71,533298.25,656506.75,XGBoost,provided_plus_rdkit_descriptors,3,5
"Glass transition temperature (Tg, degC)",64714.15,272099.72,209760.3,XGBoost,provided_plus_rdkit_descriptors,3,5
Viscosity (mPa.s),-22170.742,161161.53,154149.28,XGBoost,provided_plus_rdkit_descriptors,3,5
Concentration (% w/v),-32158.379,332961.22,148646.86,XGBoost,provided_plus_rdkit_descriptors,3,5
rdkit_MaxAbsEStateIndex,793.72906,70912.09,95822.08,XGBoost,provided_plus_rdkit_descriptors,3,5
rdkit_MaxEStateIndex,0.0,0.0,0.0,XGBoost,provided_plus_rdkit_descriptors,3,5
rdkit_MinAbsEStateIndex,-1946.3368,42363.758,58331.977,XGBoost,provided_plus_rdkit_descriptors,3,5
rdkit_MinEStateIndex,12219.939,44774.363,33689.562,XGBoost,provided_plus_rdkit_descriptors,3,5
rdkit_qed,-28929.979,94413.95,74474.26,XGBoost,provided_plus_rdkit_descriptors,3,5
rdkit_SPS,10238.582,40727.63,56824.51,XGBoost,provided_plus_rdkit_descriptors,3,5
rdkit_MolWt,0.0,0.0,0.0,XGBoost,provided_plus_rdkit_descriptors,3,5
rdkit_HeavyAtomMolWt,0.0,0.0,0.0,XGBoost,provided_plus_rdkit_descriptors,3,5
rdkit_ExactMolWt,0.0,0.0,0.0,XGBoost,provided_plus_rdkit_descriptors,3,5
rdkit_NumValenceElectrons,0.0,0.0,0.0,XGBoost,provided_plus_rdkit_descriptors,3,5
rdkit_MaxPartialCharge,-13353.888,70051.58,75587.84,XGBoost,provided_plus_rdkit_descriptors,3,5
rdkit_MinPartialCharge,-40309.203,120420.516,65773.11,XGBoost,provided_plus_rdkit_descriptors,3,5
rdkit_MaxAbsPartialCharge,408.491,6259.5107,6370.8745,XGBoost,provided_plus_rdkit_descriptors,3,5
rdkit_MinAbsPartialCharge,0.0,0.0,0.0,XGBoost,provided_plus_rdkit_descriptors,3,5
rdkit_FpDensityMorgan1,13255.985,35061.895,28325.602,XGBoost,provided_plus_rdkit_descriptors,3,5
rdkit_FpDensityMorgan2,7190.818,32046.49,28969.43,XGBoost,provided_plus_rdkit_descriptors,3,5
rdkit_FpDensityMorgan3,-5323.5137,46899.234,44602.965,XGBoost,provided_plus_rdkit_descriptors,3,5
rdkit_BCUT2D_MWHI,4670.8013,24781.941,17110.291,XGBoost,provided_plus_rdkit_descriptors,3,5
rdkit_BCUT2D_MWLOW,22576.625,40443.586,39477.15,XGBoost,provided_plus_rdkit_descriptors,3,5
rdkit_BCUT2D_CHGHI,16657.611,46515.473,86720.34,XGBoost,provided_plus_rdkit_descriptors,3,5
rdkit_BCUT2D_CHGLO,8081.1533,33201.246,30610.174,XGBoost,provided_plus_rdkit_descriptors,3,5
rdkit_BCUT2D_LOGPHI,-428.40262,5192.76,7447.835,XGBoost,provided_plus_rdkit_descriptors,3,5
rdkit_BCUT2D_LOGPLOW,43.568542,2034.8275,1352.1901,XGBoost,provided_plus_rdkit_descriptors,3,5
rdkit_BCUT2D_MRHI,7885.776,81650.34,92118.05,XGBoost,provided_plus_rdkit_descriptors,3,5
rdkit_BCUT2D_MRLOW,26910.459,41311.176,32351.986,XGBoost,provided_plus_rdkit_descriptors,3,5
rdkit_AvgIpc,-60975.055,107869.75,114601.17,XGBoost,provided_plus_rdkit_descriptors,3,5
rdkit_BalabanJ,-7064.045,33551.582,28214.6,XGBoost,provided_plus_rdkit_descriptors,3,5
rdkit_BertzCT,-639.52014,76181.5,37712.57,XGBoost,provided_plus_rdkit_descriptors,3,5
rdkit_Chi0,640.741,3735.0896,4865.779,XGBoost,provided_plus_rdkit_descriptors,3,5
rdkit_Chi0n,3897.821,10031.581,9988.149,XGBoost,provided_plus_rdkit_descriptors,3,5
rdkit_Chi0v,3376.272,18453.342,17383.943,XGBoost,provided_plus_rdkit_descriptors,3,5
rdkit_Chi1,3841.234,4864.4604,4337.475,XGBoost,provided_plus_rdkit_descriptors,3,5
rdkit_Chi1n,0.0,0.0,0.0,XGBoost,provided_plus_rdkit_descriptors,3,5
rdkit_Chi1v,0.0,0.0,0.0,XGBoost,provided_plus_rdkit_descriptors,3,5
rdkit_Chi2n,3646.2776,7549.115,7823.671,XGBoost,provided_plus_rdkit_descriptors,3,5
rdkit_Chi2v,0.0,0.0,0.0,XGBoost,provided_plus_rdkit_descriptors,3,5
rdkit_Chi3n,-219.4721,1565.8041,1336.1854,XGBoost,provided_plus_rdkit_descriptors,3,5
rdkit_Chi3v,-75.68551,498.33026,381.2744,XGBoost,provided_plus_rdkit_descriptors,3,5
rdkit_Chi4n,0.0,0.0,0.0,XGBoost,provided_plus_rdkit_descriptors,3,5
rdkit_Chi4v,-688.3261,4417.9297,3126.958,XGBoost,provided_plus_rdkit_descriptors,3,5
rdkit_HallKierAlpha,832.36304,163208.11,94508.88,XGBoost,provided_plus_rdkit_descriptors,3,5
rdkit_Ipc,-12004.186,27595.93,21746.906,XGBoost,provided_plus_rdkit_descriptors,3,5
rdkit_Kappa1,5604.8135,15369.681,14829.601,XGBoost,provided_plus_rdkit_descriptors,3,5
rdkit_Kappa2,-11.992957,1636.0314,1207.205,XGBoost,provided_plus_rdkit_descriptors,3,5
rdkit_Kappa3,3059.0461,29965.316,29665.748,XGBoost,provided_plus_rdkit_descriptors,3,5
rdkit_LabuteASA,0.0,0.0,0.0,XGBoost,provided_plus_rdkit_descriptors,3,5
rdkit_PEOE_VSA1,3108.1516,32418.768,33687.703,XGBoost,provided_plus_rdkit_descriptors,3,5
rdkit_PEOE_VSA10,9679.879,12270.394,12376.919,XGBoost,provided_plus_rdkit_descriptors,3,5
rdkit_PEOE_VSA11,26145.229,86363.42,64451.414,XGBoost,provided_plus_rdkit_descriptors,3,5
rdkit_PEOE_VSA12,631.6414,1417.4813,2464.7156,XGBoost,provided_plus_rdkit_descriptors,3,5
rdkit_PEOE_VSA14,0.0,0.0,0.0,XGBoost,provided_plus_rdkit_descriptors,3,5
rdkit_PEOE_VSA2,0.0,0.0,0.0,XGBoost,provided_plus_rdkit_descriptors,3,5
rdkit_PEOE_VSA3,0.0,0.0,0.0,XGBoost,provided_plus_rdkit_descriptors,3,5
rdkit_PEOE_VSA5,0.0,0.0,0.0,XGBoost,provided_plus_rdkit_descriptors,3,5
rdkit_PEOE_VSA6,0.0,0.0,0.0,XGBoost,provided_plus_rdkit_descriptors,3,5
rdkit_PEOE_VSA7,-815.7772,6828.875,10061.179,XGBoost,provided_plus_rdkit_descriptors,3,5
rdkit_PEOE_VSA8,-628.2823,1912.344,4757.885,XGBoost,provided_plus_rdkit_descriptors,3,5
rdkit_PEOE_VSA9,907.4446,1514.9501,1583.6477,XGBoost,provided_plus_rdkit_descriptors,3,5
rdkit_SMR_VSA1,-7042.608,12201.001,6725.197,XGBoost,provided_plus_rdkit_descriptors,3,5
rdkit_SMR_VSA10,69.77139,421.17804,842.5428,XGBoost,provided_plus_rdkit_descriptors,3,5
rdkit_SMR_VSA3,0.0,0.0,0.0,XGBoost,provided_plus_rdkit_descriptors,3,5
rdkit_SMR_VSA4,0.0,0.0,0.0,XGBoost,provided_plus_rdkit_descriptors,3,5
rdkit_SMR_VSA5,521.6226,7602.6357,6047.361,XGBoost,provided_plus_rdkit_descriptors,3,5
rdkit_SMR_VSA6,-285.87802,1840.3644,1264.0626,XGBoost,provided_plus_rdkit_descriptors,3,5
rdkit_SMR_VSA7,0.0,0.0,0.0,XGBoost,provided_plus_rdkit_descriptors,3,5
rdkit_SlogP_VSA1,0.0,0.0,0.0,XGBoost,provided_plus_rdkit_descriptors,3,5
rdkit_SlogP_VSA12,0.0,0.0,0.0,XGBoost,provided_plus_rdkit_descriptors,3,5
rdkit_SlogP_VSA2,-6940.4233,28776.22,19554.074,XGBoost,provided_plus_rdkit_descriptors,3,5
rdkit_SlogP_VSA3,17497.443,59511.504,43619.98,XGBoost,provided_plus_rdkit_descriptors,3,5
rdkit_SlogP_VSA4,0.0,0.0,0.0,XGBoost,provided_plus_rdkit_descriptors,3,5
rdkit_SlogP_VSA5,855.39246,14629.948,21183.273,XGBoost,provided_plus_rdkit_descriptors,3,5
rdkit_SlogP_VSA6,0.0,0.0,0.0,XGBoost,provided_plus_rdkit_descriptors,3,5
rdkit_TPSA,-111.9214,327.92654,528.50476,XGBoost,provided_plus_rdkit_descriptors,3,5
rdkit_EState_VSA1,18922.768,25595.764,15736.3545,XGBoost,provided_plus_rdkit_descriptors,3,5
rdkit_EState_VSA10,104231.52,534950.8,209866.25,XGBoost,provided_plus_rdkit_descriptors,3,5
rdkit_EState_VSA2,19982.717,54805.098,128284.27,XGBoost,provided_plus_rdkit_descriptors,3,5
rdkit_EState_VSA3,1814.2301,5048.5405,14793.612,XGBoost,provided_plus_rdkit_descriptors,3,5
rdkit_EState_VSA4,0.0,0.0,0.0,XGBoost,provided_plus_rdkit_descriptors,3,5
rdkit_EState_VSA5,-361.0861,1237.5696,1191.589,XGBoost,provided_plus_rdkit_descriptors,3,5
rdkit_EState_VSA6,0.0,0.0,0.0,XGBoost,provided_plus_rdkit_descriptors,3,5
rdkit_EState_VSA7,0.0,0.0,0.0,XGBoost,provided_plus_rdkit_descriptors,3,5
rdkit_EState_VSA8,1555.4333,9573.241,14713.828,XGBoost,provided_plus_rdkit_descriptors,3,5
rdkit_EState_VSA9,2444.769,30800.041,23878.605,XGBoost,provided_plus_rdkit_descriptors,3,5
rdkit_VSA_EState1,0.0,0.0,0.0,XGBoost,provided_plus_rdkit_descriptors,3,5
rdkit_VSA_EState10,0.0,0.0,0.0,XGBoost,provided_plus_rdkit_descriptors,3,5
rdkit_VSA_EState2,2081.7944,69610.195,87608.87,XGBoost,provided_plus_rdkit_descriptors,3,5
rdkit_VSA_EState3,38382.785,63704.875,41580.81,XGBoost,provided_plus_rdkit_descriptors,3,5
rdkit_VSA_EState4,0.0,0.0,0.0,XGBoost,provided_plus_rdkit_descriptors,3,5
rdkit_VSA_EState5,-590.09686,2305.6416,3534.2114,XGBoost,provided_plus_rdkit_descriptors,3,5
rdkit_VSA_EState6,0.0,0.0,0.0,XGBoost,provided_plus_rdkit_descriptors,3,5
rdkit_VSA_EState7,10066.128,23861.38,18773.424,XGBoost,provided_plus_rdkit_descriptors,3,5
rdkit_VSA_EState8,49813.098,178204.48,172977.64,XGBoost,provided_plus_rdkit_descriptors,3,5
rdkit_VSA_EState9,0.0,0.0,0.0,XGBoost,provided_plus_rdkit_descriptors,3,5
rdkit_FractionCSP3,293.60373,1537.3695,3200.1062,XGBoost,provided_plus_rdkit_descriptors,3,5
rdkit_HeavyAtomCount,0.0,0.0,0.0,XGBoost,provided_plus_rdkit_descriptors,3,5
rdkit_NHOHCount,-237.4278,8646.797,5427.351,XGBoost,provided_plus_rdkit_descriptors,3,5
rdkit_NOCount,0.0,0.0,0.0,XGBoost,provided_plus_rdkit_descriptors,3,5
rdkit_NumAliphaticCarbocycles,0.0,0.0,0.0,XGBoost,provided_plus_rdkit_descriptors,3,5
rdkit_NumAliphaticHeterocycles,0.0,0.0,0.0,XGBoost,provided_plus_rdkit_descriptors,3,5
rdkit_NumAliphaticRings,0.0,0.0,0.0,XGBoost,provided_plus_rdkit_descriptors,3,5
rdkit_NumAmideBonds,0.0,0.0,0.0,XGBoost,provided_plus_rdkit_descriptors,3,5
rdkit_NumAtomStereoCenters,-52.24065,7067.8545,11365.401,XGBoost,provided_plus_rdkit_descriptors,3,5
rdkit_NumBridgeheadAtoms,0.0,0.0,0.0,XGBoost,provided_plus_rdkit_descriptors,3,5
rdkit_NumHAcceptors,0.0,0.0,0.0,XGBoost,provided_plus_rdkit_descriptors,3,5
rdkit_NumHDonors,0.0,0.0,0.0,XGBoost,provided_plus_rdkit_descriptors,3,5
rdkit_NumHeteroatoms,-15.296088,664.9378,729.4101,XGBoost,provided_plus_rdkit_descriptors,3,5
rdkit_NumHeterocycles,0.0,0.0,0.0,XGBoost,provided_plus_rdkit_descriptors,3,5
rdkit_NumRotatableBonds,-690.069,1686.8469,2318.6858,XGBoost,provided_plus_rdkit_descriptors,3,5
rdkit_NumSaturatedCarbocycles,0.0,0.0,0.0,XGBoost,provided_plus_rdkit_descriptors,3,5
rdkit_NumSaturatedHeterocycles,0.0,0.0,0.0,XGBoost,provided_plus_rdkit_descriptors,3,5
rdkit_NumSaturatedRings,0.0,0.0,0.0,XGBoost,provided_plus_rdkit_descriptors,3,5
rdkit_NumUnspecifiedAtomStereoCenters,-311.97305,703.2957,1750.6141,XGBoost,provided_plus_rdkit_descriptors,3,5
rdkit_Phi,-2740.0164,5287.3765,3487.5745,XGBoost,provided_plus_rdkit_descriptors,3,5
rdkit_RingCount,0.0,0.0,0.0,XGBoost,provided_plus_rdkit_descriptors,3,5
rdkit_MolLogP,-40261.633,262110.06,124391.945,XGBoost,provided_plus_rdkit_descriptors,3,5
rdkit_MolMR,-4070.0632,16988.758,10501.159,XGBoost,provided_plus_rdkit_descriptors,3,5
rdkit_fr_Al_COO,0.0,0.0,0.0,XGBoost,provided_plus_rdkit_descriptors,3,5
rdkit_fr_Al_OH,33119.113,65650.61,42187.51,XGBoost,provided_plus_rdkit_descriptors,3,5
rdkit_fr_Al_OH_noTert,0.0,0.0,0.0,XGBoost,provided_plus_rdkit_descriptors,3,5
rdkit_fr_COO,0.0,0.0,0.0,XGBoost,provided_plus_rdkit_descriptors,3,5
rdkit_fr_COO2,0.0,0.0,0.0,XGBoost,provided_plus_rdkit_descriptors,3,5
rdkit_fr_C_O,0.0,0.0,0.0,XGBoost,provided_plus_rdkit_descriptors,3,5
rdkit_fr_C_O_noCOO,0.0,0.0,0.0,XGBoost,provided_plus_rdkit_descriptors,3,5
rdkit_fr_NH1,0.0,0.0,0.0,XGBoost,provided_plus_rdkit_descriptors,3,5
rdkit_fr_NH2,0.0,0.0,0.0,XGBoost,provided_plus_rdkit_descriptors,3,5
rdkit_fr_aldehyde,0.0,0.0,0.0,XGBoost,provided_plus_rdkit_descriptors,3,5
rdkit_fr_alkyl_halide,0.0,0.0,0.0,XGBoost,provided_plus_rdkit_descriptors,3,5
rdkit_fr_allylic_oxid,0.0,0.0,0.0,XGBoost,provided_plus_rdkit_descriptors,3,5
rdkit_fr_amide,0.0,0.0,0.0,XGBoost,provided_plus_rdkit_descriptors,3,5
rdkit_fr_bicyclic,0.0,0.0,0.0,XGBoost,provided_plus_rdkit_descriptors,3,5
rdkit_fr_ether,0.0,0.0,0.0,XGBoost,provided_plus_rdkit_descriptors,3,5
rdkit_fr_halogen,0.0,0.0,0.0,XGBoost,provided_plus_rdkit_descriptors,3,5
rdkit_fr_ketone,94.3044,1472.4965,3224.8708,XGBoost,provided_plus_rdkit_descriptors,3,5
rdkit_fr_ketone_Topliss,0.0,0.0,0.0,XGBoost,provided_plus_rdkit_descriptors,3,5
rdkit_fr_methoxy,0.0,0.0,0.0,XGBoost,provided_plus_rdkit_descriptors,3,5
rdkit_fr_phos_acid,0.0,0.0,0.0,XGBoost,provided_plus_rdkit_descriptors,3,5
rdkit_fr_phos_ester,0.0,0.0,0.0,XGBoost,provided_plus_rdkit_descriptors,3,5
Molecular weight (Da),64606.42,74162.766,59401.81,XGBoost,provided_plus_rdkit_descriptors,4,1
Solubility (mg/mL),5510.817,560043.3,562670.2,XGBoost,provided_plus_rdkit_descriptors,4,1
"Glass transition temperature (Tg, degC)",-37426.098,292248.38,270524.38,XGBoost,provided_plus_rdkit_descriptors,4,1
Viscosity (mPa.s),19744.383,170954.52,153035.69,XGBoost,provided_plus_rdkit_descriptors,4,1
Concentration (% w/v),7893.8345,242841.47,122675.805,XGBoost,provided_plus_rdkit_descriptors,4,1
rdkit_MaxAbsEStateIndex,-55975.46,98552.92,123483.914,XGBoost,provided_plus_rdkit_descriptors,4,1
rdkit_MaxEStateIndex,0.0,0.0,0.0,XGBoost,provided_plus_rdkit_descriptors,4,1
rdkit_MinAbsEStateIndex,-32319.344,68954.945,123690.16,XGBoost,provided_plus_rdkit_descriptors,4,1
rdkit_MinEStateIndex,4501.6196,41294.77,33484.7,XGBoost,provided_plus_rdkit_descriptors,4,1
rdkit_qed,6724.2905,15629.745,16007.935,XGBoost,provided_plus_rdkit_descriptors,4,1
rdkit_SPS,-9231.421,18414.357,18943.197,XGBoost,provided_plus_rdkit_descriptors,4,1
rdkit_MolWt,0.0,0.0,0.0,XGBoost,provided_plus_rdkit_descriptors,4,1
rdkit_HeavyAtomMolWt,0.0,0.0,0.0,XGBoost,provided_plus_rdkit_descriptors,4,1
rdkit_ExactMolWt,0.0,0.0,0.0,XGBoost,provided_plus_rdkit_descriptors,4,1
rdkit_NumValenceElectrons,0.0,0.0,0.0,XGBoost,provided_plus_rdkit_descriptors,4,1
rdkit_MaxPartialCharge,-55398.01,95602.2,88591.96,XGBoost,provided_plus_rdkit_descriptors,4,1
rdkit_MinPartialCharge,-5951.5366,88358.67,41844.938,XGBoost,provided_plus_rdkit_descriptors,4,1
rdkit_MaxAbsPartialCharge,-1329.9761,18618.598,16566.31,XGBoost,provided_plus_rdkit_descriptors,4,1
rdkit_MinAbsPartialCharge,0.0,0.0,0.0,XGBoost,provided_plus_rdkit_descriptors,4,1
rdkit_FpDensityMorgan1,10843.384,34411.51,28620.5,XGBoost,provided_plus_rdkit_descriptors,4,1
rdkit_FpDensityMorgan2,-3897.7976,24851.584,19075.443,XGBoost,provided_plus_rdkit_descriptors,4,1
rdkit_FpDensityMorgan3,2064.7651,38265.605,43614.47,XGBoost,provided_plus_rdkit_descriptors,4,1
rdkit_BCUT2D_MWHI,-7144.318,17217.035,17837.547,XGBoost,provided_plus_rdkit_descriptors,4,1
rdkit_BCUT2D_MWLOW,24481.824,44995.707,29236.9,XGBoost,provided_plus_rdkit_descriptors,4,1
rdkit_BCUT2D_CHGHI,-9732.884,41626.145,20632.072,XGBoost,provided_plus_rdkit_descriptors,4,1
rdkit_BCUT2D_CHGLO,2203.997,15233.713,13535.965,XGBoost,provided_plus_rdkit_descriptors,4,1
rdkit_BCUT2D_LOGPHI,4185.5024,10809.558,18388.342,XGBoost,provided_plus_rdkit_descriptors,4,1
rdkit_BCUT2D_LOGPLOW,1175.183,18572.508,11565.377,XGBoost,provided_plus_rdkit_descriptors,4,1
rdkit_BCUT2D_MRHI,2266.8108,66985.67,54310.9,XGBoost,provided_plus_rdkit_descriptors,4,1
rdkit_BCUT2D_MRLOW,-12753.205,54410.207,42395.664,XGBoost,provided_plus_rdkit_descriptors,4,1
rdkit_AvgIpc,-63063.613,93134.375,71548.62,XGBoost,provided_plus_rdkit_descriptors,4,1
rdkit_BalabanJ,-23515.498,63626.645,53379.934,XGBoost,provided_plus_rdkit_descriptors,4,1
rdkit_BertzCT,-30741.762,107975.63,62733.625,XGBoost,provided_plus_rdkit_descriptors,4,1
rdkit_Chi0,3283.2693,33666.652,26456.242,XGBoost,provided_plus_rdkit_descriptors,4,1
rdkit_Chi0n,-473.9177,968.55994,1110.9127,XGBoost,provided_plus_rdkit_descriptors,4,1
rdkit_Chi0v,62885.29,169395.55,206127.17,XGBoost,provided_plus_rdkit_descriptors,4,1
rdkit_Chi1,-776.5049,2052.9785,2086.551,XGBoost,provided_plus_rdkit_descriptors,4,1
rdkit_Chi1n,21.924788,303.44885,444.5299,XGBoost,provided_plus_rdkit_descriptors,4,1
rdkit_Chi1v,-1363.1875,8495.1045,7447.2935,XGBoost,provided_plus_rdkit_descriptors,4,1
rdkit_Chi2n,2274.068,3065.0078,2710.6528,XGBoost,provided_plus_rdkit_descriptors,4,1
rdkit_Chi2v,187.26097,701.55804,358.55502,XGBoost,provided_plus_rdkit_descriptors,4,1
rdkit_Chi3n,-99.03735,897.49536,864.6384,XGBoost,provided_plus_rdkit_descriptors,4,1
rdkit_Chi3v,-1043.5839,5444.369,3496.437,XGBoost,provided_plus_rdkit_descriptors,4,1
rdkit_Chi4n,-2602.3713,8454.48,6395.8457,XGBoost,provided_plus_rdkit_descriptors,4,1
rdkit_Chi4v,-1143.846,15589.296,6674.7437,XGBoost,provided_plus_rdkit_descriptors,4,1
rdkit_HallKierAlpha,-1679.8107,92048.57,54774.418,XGBoost,provided_plus_rdkit_descriptors,4,1
rdkit_Ipc,-5110.955,8677.8,6491.5493,XGBoost,provided_plus_rdkit_descriptors,4,1
rdkit_Kappa1,3846.3,14410.669,16358.353,XGBoost,provided_plus_rdkit_descriptors,4,1
rdkit_Kappa2,3909.0288,24082.012,43003.906,XGBoost,provided_plus_rdkit_descriptors,4,1
rdkit_Kappa3,-8243.977,29724.389,28104.363,XGBoost,provided_plus_rdkit_descriptors,4,1
rdkit_LabuteASA,0.0,0.0,0.0,XGBoost,provided_plus_rdkit_descriptors,4,1
rdkit_PEOE_VSA1,13190.013,69055.54,60563.01,XGBoost,provided_plus_rdkit_descriptors,4,1
rdkit_PEOE_VSA10,-2295.0613,13849.507,12752.906,XGBoost,provided_plus_rdkit_descriptors,4,1
rdkit_PEOE_VSA11,-33936.74,95073.76,88939.336,XGBoost,provided_plus_rdkit_descriptors,4,1
rdkit_PEOE_VSA12,-169.71686,1088.4546,1205.1666,XGBoost,provided_plus_rdkit_descriptors,4,1
rdkit_PEOE_VSA14,0.0,0.0,0.0,XGBoost,provided_plus_rdkit_descriptors,4,1
rdkit_PEOE_VSA2,0.0,0.0,0.0,XGBoost,provided_plus_rdkit_descriptors,4,1
rdkit_PEOE_VSA3,0.0,0.0,0.0,XGBoost,provided_plus_rdkit_descriptors,4,1
rdkit_PEOE_VSA5,0.0,0.0,0.0,XGBoost,provided_plus_rdkit_descriptors,4,1
rdkit_PEOE_VSA6,0.0,0.0,0.0,XGBoost,provided_plus_rdkit_descriptors,4,1
rdkit_PEOE_VSA7,-143.13814,759.0816,1837.7396,XGBoost,provided_plus_rdkit_descriptors,4,1
rdkit_PEOE_VSA8,-3118.0203,6230.048,11702.83,XGBoost,provided_plus_rdkit_descriptors,4,1
rdkit_PEOE_VSA9,-1477.6119,2688.6787,3409.408,XGBoost,provided_plus_rdkit_descriptors,4,1
rdkit_SMR_VSA1,-255.15521,1804.3529,1607.5535,XGBoost,provided_plus_rdkit_descriptors,4,1
rdkit_SMR_VSA10,-719.6878,3566.05,3964.54,XGBoost,provided_plus_rdkit_descriptors,4,1
rdkit_SMR_VSA3,0.0,0.0,0.0,XGBoost,provided_plus_rdkit_descriptors,4,1
rdkit_SMR_VSA4,-2759.6194,5548.4844,10577.296,XGBoost,provided_plus_rdkit_descriptors,4,1
rdkit_SMR_VSA5,-1908.6925,7869.163,7732.0854,XGBoost,provided_plus_rdkit_descriptors,4,1
rdkit_SMR_VSA6,1592.326,3861.0872,3873.936,XGBoost,provided_plus_rdkit_descriptors,4,1
rdkit_SMR_VSA7,0.0,0.0,0.0,XGBoost,provided_plus_rdkit_descriptors,4,1
rdkit_SlogP_VSA1,0.0,0.0,0.0,XGBoost,provided_plus_rdkit_descriptors,4,1
rdkit_SlogP_VSA12,0.0,0.0,0.0,XGBoost,provided_plus_rdkit_descriptors,4,1
rdkit_SlogP_VSA2,9253.095,31247.969,24393.26,XGBoost,provided_plus_rdkit_descriptors,4,1
rdkit_SlogP_VSA3,1408.0529,6631.2524,6576.9673,XGBoost,provided_plus_rdkit_descriptors,4,1
rdkit_SlogP_VSA4,0.0,0.0,0.0,XGBoost,provided_plus_rdkit_descriptors,4,1
rdkit_SlogP_VSA5,-4766.667,8139.2935,7507.9697,XGBoost,provided_plus_rdkit_descriptors,4,1
rdkit_SlogP_VSA6,0.0,0.0,0.0,XGBoost,provided_plus_rdkit_descriptors,4,1
rdkit_TPSA,98.96118,1147.2913,1667.8953,XGBoost,provided_plus_rdkit_descriptors,4,1
rdkit_EState_VSA1,-3003.31,11414.939,9692.508,XGBoost,provided_plus_rdkit_descriptors,4,1
rdkit_EState_VSA10,3710.5376,726911.75,301054.9,XGBoost,provided_plus_rdkit_descriptors,4,1
rdkit_EState_VSA2,-5286.6973,42240.37,102060.09,XGBoost,provided_plus_rdkit_descriptors,4,1
rdkit_EState_VSA3,186.3825,1000.8554,3078.0945,XGBoost,provided_plus_rdkit_descriptors,4,1
rdkit_EState_VSA4,0.0,0.0,0.0,XGBoost,provided_plus_rdkit_descriptors,4,1
rdkit_EState_VSA5,2799.245,4546.5884,4621.9907,XGBoost,provided_plus_rdkit_descriptors,4,1
rdkit_EState_VSA6,0.0,0.0,0.0,XGBoost,provided_plus_rdkit_descriptors,4,1
rdkit_EState_VSA7,0.0,0.0,0.0,XGBoost,provided_plus_rdkit_descriptors,4,1
rdkit_EState_VSA8,1471.6548,12077.522,16288.489,XGBoost,provided_plus_rdkit_descriptors,4,1
rdkit_EState_VSA9,-1769.304,43828.137,29522.078,XGBoost,provided_plus_rdkit_descriptors,4,1
rdkit_VSA_EState1,-971.7728,1640.9537,1080.5594,XGBoost,provided_plus_rdkit_descriptors,4,1
rdkit_VSA_EState10,0.0,0.0,0.0,XGBoost,provided_plus_rdkit_descriptors,4,1
rdkit_VSA_EState2,-13351.908,83396.04,64915.51,XGBoost,provided_plus_rdkit_descriptors,4,1
rdkit_VSA_EState3,1698.6862,14884.72,9614.466,XGBoost,provided_plus_rdkit_descriptors,4,1
rdkit_VSA_EState4,0.0,0.0,0.0,XGBoost,provided_plus_rdkit_descriptors,4,1
rdkit_VSA_EState5,-1636.3588,15022.686,27054.502,XGBoost,provided_plus_rdkit_descriptors,4,1
rdkit_VSA_EState6,0.0,0.0,0.0,XGBoost,provided_plus_rdkit_descriptors,4,1
rdkit_VSA_EState7,3065.6707,23114.412,16053.085,XGBoost,provided_plus_rdkit_descriptors,4,1
rdkit_VSA_EState8,20619.77,104755.08,87519.4,XGBoost,provided_plus_rdkit_descriptors,4,1
rdkit_VSA_EState9,0.0,0.0,0.0,XGBoost,provided_plus_rdkit_descriptors,4,1
rdkit_FractionCSP3,143.55675,1721.33,2651.2068,XGBoost,provided_plus_rdkit_descriptors,4,1
rdkit_HeavyAtomCount,0.0,0.0,0.0,XGBoost,provided_plus_rdkit_descriptors,4,1
rdkit_NHOHCount,0.0,0.0,0.0,XGBoost,provided_plus_rdkit_descriptors,4,1
rdkit_NOCount,0.0,0.0,0.0,XGBoost,provided_plus_rdkit_descriptors,4,1
rdkit_NumAliphaticCarbocycles,0.0,0.0,0.0,XGBoost,provided_plus_rdkit_descriptors,4,1
rdkit_NumAliphaticHeterocycles,0.0,0.0,0.0,XGBoost,provided_plus_rdkit_descriptors,4,1
rdkit_NumAliphaticRings,0.0,0.0,0.0,XGBoost,provided_plus_rdkit_descriptors,4,1
rdkit_NumAmideBonds,0.0,0.0,0.0,XGBoost,provided_plus_rdkit_descriptors,4,1
rdkit_NumAtomStereoCenters,7139.9746,21135.525,30330.084,XGBoost,provided_plus_rdkit_descriptors,4,1
rdkit_NumBridgeheadAtoms,0.0,0.0,0.0,XGBoost,provided_plus_rdkit_descriptors,4,1
rdkit_NumHAcceptors,0.0,0.0,0.0,XGBoost,provided_plus_rdkit_descriptors,4,1
rdkit_NumHDonors,0.0,0.0,0.0,XGBoost,provided_plus_rdkit_descriptors,4,1
rdkit_NumHeteroatoms,0.0,0.0,0.0,XGBoost,provided_plus_rdkit_descriptors,4,1
rdkit_NumHeterocycles,0.0,0.0,0.0,XGBoost,provided_plus_rdkit_descriptors,4,1
rdkit_NumRotatableBonds,-1462.6063,6524.9663,8574.149,XGBoost,provided_plus_rdkit_descriptors,4,1
rdkit_NumSaturatedCarbocycles,0.0,0.0,0.0,XGBoost,provided_plus_rdkit_descriptors,4,1
rdkit_NumSaturatedHeterocycles,0.0,0.0,0.0,XGBoost,provided_plus_rdkit_descriptors,4,1
rdkit_NumSaturatedRings,0.0,0.0,0.0,XGBoost,provided_plus_rdkit_descriptors,4,1
rdkit_NumUnspecifiedAtomStereoCenters,-4180.9185,9614.018,19701.232,XGBoost,provided_plus_rdkit_descriptors,4,1
rdkit_Phi,-3547.2551,13837.14,9046.265,XGBoost,provided_plus_rdkit_descriptors,4,1
rdkit_RingCount,0.0,0.0,0.0,XGBoost,provided_plus_rdkit_descriptors,4,1
rdkit_MolLogP,21355.69,56003.92,35162.234,XGBoost,provided_plus_rdkit_descriptors,4,1
rdkit_MolMR,4413.67,17917.256,20262.697,XGBoost,provided_plus_rdkit_descriptors,4,1
rdkit_fr_Al_COO,0.0,0.0,0.0,XGBoost,provided_plus_rdkit_descriptors,4,1
rdkit_fr_Al_OH,776.3113,2925.9128,1923.5295,XGBoost,provided_plus_rdkit_descriptors,4,1
rdkit_fr_Al_OH_noTert,0.0,0.0,0.0,XGBoost,provided_plus_rdkit_descriptors,4,1
rdkit_fr_COO,0.0,0.0,0.0,XGBoost,provided_plus_rdkit_descriptors,4,1
rdkit_fr_COO2,0.0,0.0,0.0,XGBoost,provided_plus_rdkit_descriptors,4,1
rdkit_fr_C_O,0.0,0.0,0.0,XGBoost,provided_plus_rdkit_descriptors,4,1
rdkit_fr_C_O_noCOO,0.0,0.0,0.0,XGBoost,provided_plus_rdkit_descriptors,4,1
rdkit_fr_NH1,0.0,0.0,0.0,XGBoost,provided_plus_rdkit_descriptors,4,1
rdkit_fr_NH2,0.0,0.0,0.0,XGBoost,provided_plus_rdkit_descriptors,4,1
rdkit_fr_aldehyde,-674.40625,947.0837,1352.2772,XGBoost,provided_plus_rdkit_descriptors,4,1
rdkit_fr_alkyl_halide,0.0,0.0,0.0,XGBoost,provided_plus_rdkit_descriptors,4,1
rdkit_fr_allylic_oxid,0.0,0.0,0.0,XGBoost,provided_plus_rdkit_descriptors,4,1
rdkit_fr_amide,0.0,0.0,0.0,XGBoost,provided_plus_rdkit_descriptors,4,1
rdkit_fr_bicyclic,0.0,0.0,0.0,XGBoost,provided_plus_rdkit_descriptors,4,1
rdkit_fr_ether,0.0,0.0,0.0,XGBoost,provided_plus_rdkit_descriptors,4,1
rdkit_fr_halogen,0.0,0.0,0.0,XGBoost,provided_plus_rdkit_descriptors,4,1
rdkit_fr_ketone,465.78497,2319.9321,4134.464,XGBoost,provided_plus_rdkit_descriptors,4,1
rdkit_fr_ketone_Topliss,0.0,0.0,0.0,XGBoost,provided_plus_rdkit_descriptors,4,1
rdkit_fr_methoxy,0.0,0.0,0.0,XGBoost,provided_plus_rdkit_descriptors,4,1
rdkit_fr_phos_acid,0.0,0.0,0.0,XGBoost,provided_plus_rdkit_descriptors,4,1
rdkit_fr_phos_ester,0.0,0.0,0.0,XGBoost,provided_plus_rdkit_descriptors,4,1
Molecular weight (Da),-13220.536,36388.58,26754.69,XGBoost,provided_plus_rdkit_descriptors,4,2
Solubility (mg/mL),-10482.015,467181.44,583365.8,XGBoost,provided_plus_rdkit_descriptors,4,2
"Glass transition temperature (Tg, degC)",58229.945,211575.58,154380.56,XGBoost,provided_plus_rdkit_descriptors,4,2
Viscosity (mPa.s),-46996.51,284448.22,209601.83,XGBoost,provided_plus_rdkit_descriptors,4,2
Concentration (% w/v),32515.15,254151.05,175558.25,XGBoost,provided_plus_rdkit_descriptors,4,2
rdkit_MaxAbsEStateIndex,29208.342,47273.96,69833.48,XGBoost,provided_plus_rdkit_descriptors,4,2
rdkit_MaxEStateIndex,0.0,0.0,0.0,XGBoost,provided_plus_rdkit_descriptors,4,2
rdkit_MinAbsEStateIndex,-998.62726,38592.316,46883.223,XGBoost,provided_plus_rdkit_descriptors,4,2
rdkit_MinEStateIndex,1680.1411,118560.36,68968.0,XGBoost,provided_plus_rdkit_descriptors,4,2
rdkit_qed,-12229.004,100365.836,79944.7,XGBoost,provided_plus_rdkit_descriptors,4,2
rdkit_SPS,-624.3781,44688.883,51913.934,XGBoost,provided_plus_rdkit_descriptors,4,2
rdkit_MolWt,0.0,0.0,0.0,XGBoost,provided_plus_rdkit_descriptors,4,2
rdkit_HeavyAtomMolWt,-526.436,2267.1404,2199.0178,XGBoost,provided_plus_rdkit_descriptors,4,2
rdkit_ExactMolWt,0.0,0.0,0.0,XGBoost,provided_plus_rdkit_descriptors,4,2
rdkit_NumValenceElectrons,0.0,0.0,0.0,XGBoost,provided_plus_rdkit_descriptors,4,2
rdkit_MaxPartialCharge,2141.363,63447.13,61640.55,XGBoost,provided_plus_rdkit_descriptors,4,2
rdkit_MinPartialCharge,-11129.58,92533.836,53528.84,XGBoost,provided_plus_rdkit_descriptors,4,2
rdkit_MaxAbsPartialCharge,1764.84,5624.5327,4521.247,XGBoost,provided_plus_rdkit_descriptors,4,2
rdkit_MinAbsPartialCharge,0.0,0.0,0.0,XGBoost,provided_plus_rdkit_descriptors,4,2
rdkit_FpDensityMorgan1,8820.576,36014.555,39618.023,XGBoost,provided_plus_rdkit_descriptors,4,2
rdkit_FpDensityMorgan2,7416.587,38195.16,27563.562,XGBoost,provided_plus_rdkit_descriptors,4,2
rdkit_FpDensityMorgan3,2686.2249,34631.668,45312.957,XGBoost,provided_plus_rdkit_descriptors,4,2
rdkit_BCUT2D_MWHI,-1402.1432,10321.547,11412.561,XGBoost,provided_plus_rdkit_descriptors,4,2
rdkit_BCUT2D_MWLOW,-3935.4475,47605.01,41871.69,XGBoost,provided_plus_rdkit_descriptors,4,2
rdkit_BCUT2D_CHGHI,-6858.0396,13496.177,12019.197,XGBoost,provided_plus_rdkit_descriptors,4,2
rdkit_BCUT2D_CHGLO,-17998.795,34268.035,31354.89,XGBoost,provided_plus_rdkit_descriptors,4,2
rdkit_BCUT2D_LOGPHI,-538.4222,2308.1775,2113.768,XGBoost,provided_plus_rdkit_descriptors,4,2
rdkit_BCUT2D_LOGPLOW,-408.4678,1490.6439,1792.7758,XGBoost,provided_plus_rdkit_descriptors,4,2
rdkit_BCUT2D_MRHI,6648.3765,53844.016,50971.77,XGBoost,provided_plus_rdkit_descriptors,4,2
rdkit_BCUT2D_MRLOW,11668.567,25597.76,25271.303,XGBoost,provided_plus_rdkit_descriptors,4,2
rdkit_AvgIpc,-34373.242,86076.2,96917.914,XGBoost,provided_plus_rdkit_descriptors,4,2
rdkit_BalabanJ,-5387.486,13894.125,14095.502,XGBoost,provided_plus_rdkit_descriptors,4,2
rdkit_BertzCT,433.56683,3827.0913,3486.1108,XGBoost,provided_plus_rdkit_descriptors,4,2
rdkit_Chi0,-267.84274,641.57556,572.6523,XGBoost,provided_plus_rdkit_descriptors,4,2
rdkit_Chi0n,3602.8188,7028.8613,6859.1514,XGBoost,provided_plus_rdkit_descriptors,4,2
rdkit_Chi0v,18165.111,54863.633,67013.51,XGBoost,provided_plus_rdkit_descriptors,4,2
rdkit_Chi1,0.0,0.0,0.0,XGBoost,provided_plus_rdkit_descriptors,4,2
rdkit_Chi1n,-298.6955,1074.1763,1095.156,XGBoost,provided_plus_rdkit_descriptors,4,2
rdkit_Chi1v,0.0,0.0,0.0,XGBoost,provided_plus_rdkit_descriptors,4,2
rdkit_Chi2n,2741.8665,12304.71,4504.9443,XGBoost,provided_plus_rdkit_descriptors,4,2
rdkit_Chi2v,0.0,0.0,0.0,XGBoost,provided_plus_rdkit_descriptors,4,2
rdkit_Chi3n,53.19335,286.49792,347.3924,XGBoost,provided_plus_rdkit_descriptors,4,2
rdkit_Chi3v,-1024.2444,2360.2727,2353.1924,XGBoost,provided_plus_rdkit_descriptors,4,2
rdkit_Chi4n,372.50003,3589.0662,2414.7676,XGBoost,provided_plus_rdkit_descriptors,4,2
rdkit_Chi4v,523.2647,5924.447,5122.1265,XGBoost,provided_plus_rdkit_descriptors,4,2
rdkit_HallKierAlpha,21882.451,238709.94,132281.52,XGBoost,provided_plus_rdkit_descriptors,4,2
rdkit_Ipc,-636.86914,12935.969,11700.995,XGBoost,provided_plus_rdkit_descriptors,4,2
rdkit_Kappa1,-11630.632,36332.848,34587.574,XGBoost,provided_plus_rdkit_descriptors,4,2
rdkit_Kappa2,44.57424,5099.413,4290.441,XGBoost,provided_plus_rdkit_descriptors,4,2
rdkit_Kappa3,-2993.7788,11081.97,8679.703,XGBoost,provided_plus_rdkit_descriptors,4,2
rdkit_LabuteASA,0.0,0.0,0.0,XGBoost,provided_plus_rdkit_descriptors,4,2
rdkit_PEOE_VSA1,-2768.7756,10407.297,13195.327,XGBoost,provided_plus_rdkit_descriptors,4,2
rdkit_PEOE_VSA10,-394.0507,3588.3787,3809.192,XGBoost,provided_plus_rdkit_descriptors,4,2
rdkit_PEOE_VSA11,-8837.881,43111.176,43937.883,XGBoost,provided_plus_rdkit_descriptors,4,2
rdkit_PEOE_VSA12,-138.35397,284.11115,334.7586,XGBoost,provided_plus_rdkit_descriptors,4,2
rdkit_PEOE_VSA14,0.0,0.0,0.0,XGBoost,provided_plus_rdkit_descriptors,4,2
rdkit_PEOE_VSA2,0.0,0.0,0.0,XGBoost,provided_plus_rdkit_descriptors,4,2
rdkit_PEOE_VSA3,0.0,0.0,0.0,XGBoost,provided_plus_rdkit_descriptors,4,2
rdkit_PEOE_VSA5,0.0,0.0,0.0,XGBoost,provided_plus_rdkit_descriptors,4,2
rdkit_PEOE_VSA6,61.570625,278.95395,1304.8427,XGBoost,provided_plus_rdkit_descriptors,4,2
rdkit_PEOE_VSA7,680.5717,1201.2378,2657.5945,XGBoost,provided_plus_rdkit_descriptors,4,2
rdkit_PEOE_VSA8,-432.54608,783.94305,882.5744,XGBoost,provided_plus_rdkit_descriptors,4,2
rdkit_PEOE_VSA9,1053.9147,3025.177,4550.077,XGBoost,provided_plus_rdkit_descriptors,4,2
rdkit_SMR_VSA1,-1699.4683,5786.9297,5716.408,XGBoost,provided_plus_rdkit_descriptors,4,2
rdkit_SMR_VSA10,-1846.685,4861.902,3832.3472,XGBoost,provided_plus_rdkit_descriptors,4,2
rdkit_SMR_VSA3,-980.6896,1043.9172,1351.931,XGBoost,provided_plus_rdkit_descriptors,4,2
rdkit_SMR_VSA4,-134.21353,824.6574,2614.512,XGBoost,provided_plus_rdkit_descriptors,4,2
rdkit_SMR_VSA5,5010.3037,10795.795,11125.097,XGBoost,provided_plus_rdkit_descriptors,4,2
rdkit_SMR_VSA6,-154.42328,1000.60925,901.0953,XGBoost,provided_plus_rdkit_descriptors,4,2
rdkit_SMR_VSA7,0.0,0.0,0.0,XGBoost,provided_plus_rdkit_descriptors,4,2
rdkit_SlogP_VSA1,0.0,0.0,0.0,XGBoost,provided_plus_rdkit_descriptors,4,2
rdkit_SlogP_VSA12,0.0,0.0,0.0,XGBoost,provided_plus_rdkit_descriptors,4,2
rdkit_SlogP_VSA2,846.0147,4556.6084,5484.715,XGBoost,provided_plus_rdkit_descriptors,4,2
rdkit_SlogP_VSA3,-8953.393,33371.547,17362.686,XGBoost,provided_plus_rdkit_descriptors,4,2
rdkit_SlogP_VSA4,0.0,0.0,0.0,XGBoost,provided_plus_rdkit_descriptors,4,2
rdkit_SlogP_VSA5,-1430.8981,8831.388,9972.276,XGBoost,provided_plus_rdkit_descriptors,4,2
rdkit_SlogP_VSA6,0.0,0.0,0.0,XGBoost,provided_plus_rdkit_descriptors,4,2
rdkit_TPSA,0.0,0.0,0.0,XGBoost,provided_plus_rdkit_descriptors,4,2
rdkit_EState_VSA1,7452.998,29878.959,25022.057,XGBoost,provided_plus_rdkit_descriptors,4,2
rdkit_EState_VSA10,911.5625,614818.3,278925.2,XGBoost,provided_plus_rdkit_descriptors,4,2
rdkit_EState_VSA2,4674.028,34236.82,85528.09,XGBoost,provided_plus_rdkit_descriptors,4,2
rdkit_EState_VSA3,288.82425,1480.4163,4710.3413,XGBoost,provided_plus_rdkit_descriptors,4,2
rdkit_EState_VSA4,0.0,0.0,0.0,XGBoost,provided_plus_rdkit_descriptors,4,2
rdkit_EState_VSA5,-1022.31647,4643.304,7682.458,XGBoost,provided_plus_rdkit_descriptors,4,2
rdkit_EState_VSA6,0.0,0.0,0.0,XGBoost,provided_plus_rdkit_descriptors,4,2
rdkit_EState_VSA7,0.0,0.0,0.0,XGBoost,provided_plus_rdkit_descriptors,4,2
rdkit_EState_VSA8,-1698.4562,9530.567,10146.695,XGBoost,provided_plus_rdkit_descriptors,4,2
rdkit_EState_VSA9,14142.548,239664.84,138284.05,XGBoost,provided_plus_rdkit_descriptors,4,2
rdkit_VSA_EState1,0.0,0.0,0.0,XGBoost,provided_plus_rdkit_descriptors,4,2
rdkit_VSA_EState10,0.0,0.0,0.0,XGBoost,provided_plus_rdkit_descriptors,4,2
rdkit_VSA_EState2,17195.791,79404.95,87082.24,XGBoost,provided_plus_rdkit_descriptors,4,2
rdkit_VSA_EState3,36264.4,64182.79,68952.734,XGBoost,provided_plus_rdkit_descriptors,4,2
rdkit_VSA_EState4,0.0,0.0,0.0,XGBoost,provided_plus_rdkit_descriptors,4,2
rdkit_VSA_EState5,-1766.2472,2788.339,2877.762,XGBoost,provided_plus_rdkit_descriptors,4,2
rdkit_VSA_EState6,0.0,0.0,0.0,XGBoost,provided_plus_rdkit_descriptors,4,2
rdkit_VSA_EState7,26974.805,44333.625,39279.906,XGBoost,provided_plus_rdkit_descriptors,4,2
rdkit_VSA_EState8,1866.9354,226544.64,200704.23,XGBoost,provided_plus_rdkit_descriptors,4,2
rdkit_VSA_EState9,0.0,0.0,0.0,XGBoost,provided_plus_rdkit_descriptors,4,2
rdkit_FractionCSP3,174.84575,1823.8639,2126.8794,XGBoost,provided_plus_rdkit_descriptors,4,2
rdkit_HeavyAtomCount,0.0,0.0,0.0,XGBoost,provided_plus_rdkit_descriptors,4,2
rdkit_NHOHCount,3892.311,13975.643,10572.521,XGBoost,provided_plus_rdkit_descriptors,4,2
rdkit_NOCount,0.0,0.0,0.0,XGBoost,provided_plus_rdkit_descriptors,4,2
rdkit_NumAliphaticCarbocycles,0.0,0.0,0.0,XGBoost,provided_plus_rdkit_descriptors,4,2
rdkit_NumAliphaticHeterocycles,0.0,0.0,0.0,XGBoost,provided_plus_rdkit_descriptors,4,2
rdkit_NumAliphaticRings,0.0,0.0,0.0,XGBoost,provided_plus_rdkit_descriptors,4,2
rdkit_NumAmideBonds,0.0,0.0,0.0,XGBoost,provided_plus_rdkit_descriptors,4,2
rdkit_NumAtomStereoCenters,9485.551,15686.933,18822.938,XGBoost,provided_plus_rdkit_descriptors,4,2
rdkit_NumBridgeheadAtoms,0.0,0.0,0.0,XGBoost,provided_plus_rdkit_descriptors,4,2
rdkit_NumHAcceptors,0.0,0.0,0.0,XGBoost,provided_plus_rdkit_descriptors,4,2
rdkit_NumHDonors,0.0,0.0,0.0,XGBoost,provided_plus_rdkit_descriptors,4,2
rdkit_NumHeteroatoms,0.0,0.0,0.0,XGBoost,provided_plus_rdkit_descriptors,4,2
rdkit_NumHeterocycles,0.0,0.0,0.0,XGBoost,provided_plus_rdkit_descriptors,4,2
rdkit_NumRotatableBonds,0.0,0.0,0.0,XGBoost,provided_plus_rdkit_descriptors,4,2
rdkit_NumSaturatedCarbocycles,0.0,0.0,0.0,XGBoost,provided_plus_rdkit_descriptors,4,2
rdkit_NumSaturatedHeterocycles,0.0,0.0,0.0,XGBoost,provided_plus_rdkit_descriptors,4,2
rdkit_NumSaturatedRings,0.0,0.0,0.0,XGBoost,provided_plus_rdkit_descriptors,4,2
rdkit_NumUnspecifiedAtomStereoCenters,3459.688,19001.93,34739.742,XGBoost,provided_plus_rdkit_descriptors,4,2
rdkit_Phi,-485.0032,908.0018,1129.9935,XGBoost,provided_plus_rdkit_descriptors,4,2
rdkit_RingCount,0.0,0.0,0.0,XGBoost,provided_plus_rdkit_descriptors,4,2
rdkit_MolLogP,-10593.7295,151767.45,92820.68,XGBoost,provided_plus_rdkit_descriptors,4,2
rdkit_MolMR,0.0,0.0,0.0,XGBoost,provided_plus_rdkit_descriptors,4,2
rdkit_fr_Al_COO,0.0,0.0,0.0,XGBoost,provided_plus_rdkit_descriptors,4,2
rdkit_fr_Al_OH,8002.902,14131.215,10458.483,XGBoost,provided_plus_rdkit_descriptors,4,2
rdkit_fr_Al_OH_noTert,0.0,0.0,0.0,XGBoost,provided_plus_rdkit_descriptors,4,2
rdkit_fr_COO,0.0,0.0,0.0,XGBoost,provided_plus_rdkit_descriptors,4,2
rdkit_fr_COO2,0.0,0.0,0.0,XGBoost,provided_plus_rdkit_descriptors,4,2
rdkit_fr_C_O,0.0,0.0,0.0,XGBoost,provided_plus_rdkit_descriptors,4,2
rdkit_fr_C_O_noCOO,-397.70627,1017.6822,947.54926,XGBoost,provided_plus_rdkit_descriptors,4,2
rdkit_fr_NH1,0.0,0.0,0.0,XGBoost,provided_plus_rdkit_descriptors,4,2
rdkit_fr_NH2,0.0,0.0,0.0,XGBoost,provided_plus_rdkit_descriptors,4,2
rdkit_fr_aldehyde,1483.3417,61359.445,34770.848,XGBoost,provided_plus_rdkit_descriptors,4,2
rdkit_fr_alkyl_halide,0.0,0.0,0.0,XGBoost,provided_plus_rdkit_descriptors,4,2
rdkit_fr_allylic_oxid,0.0,0.0,0.0,XGBoost,provided_plus_rdkit_descriptors,4,2
rdkit_fr_amide,0.0,0.0,0.0,XGBoost,provided_plus_rdkit_descriptors,4,2
rdkit_fr_bicyclic,0.0,0.0,0.0,XGBoost,provided_plus_rdkit_descriptors,4,2
rdkit_fr_ether,0.0,0.0,0.0,XGBoost,provided_plus_rdkit_descriptors,4,2
rdkit_fr_halogen,0.0,0.0,0.0,XGBoost,provided_plus_rdkit_descriptors,4,2
rdkit_fr_ketone,0.0,0.0,0.0,XGBoost,provided_plus_rdkit_descriptors,4,2
rdkit_fr_ketone_Topliss,0.0,0.0,0.0,XGBoost,provided_plus_rdkit_descriptors,4,2
rdkit_fr_methoxy,0.0,0.0,0.0,XGBoost,provided_plus_rdkit_descriptors,4,2
rdkit_fr_phos_acid,0.0,0.0,0.0,XGBoost,provided_plus_rdkit_descriptors,4,2
rdkit_fr_phos_ester,0.0,0.0,0.0,XGBoost,provided_plus_rdkit_descriptors,4,2
Molecular weight (Da),-5734.351,27441.17,22942.844,XGBoost,provided_plus_rdkit_descriptors,4,3
Solubility (mg/mL),-44565.723,538628.94,594345.6,XGBoost,provided_plus_rdkit_descriptors,4,3
"Glass transition temperature (Tg, degC)",27913.867,221494.83,147788.95,XGBoost,provided_plus_rdkit_descriptors,4,3
Viscosity (mPa.s),52066.574,160409.7,171762.78,XGBoost,provided_plus_rdkit_descriptors,4,3
Concentration (% w/v),-3011.7026,240558.73,118783.266,XGBoost,provided_plus_rdkit_descriptors,4,3
rdkit_MaxAbsEStateIndex,-49099.145,99794.57,131958.1,XGBoost,provided_plus_rdkit_descriptors,4,3
rdkit_MaxEStateIndex,0.0,0.0,0.0,XGBoost,provided_plus_rdkit_descriptors,4,3
rdkit_MinAbsEStateIndex,26440.2,66125.24,92262.3,XGBoost,provided_plus_rdkit_descriptors,4,3
rdkit_MinEStateIndex,25732.959,46549.984,56246.594,XGBoost,provided_plus_rdkit_descriptors,4,3
rdkit_qed,-33131.18,63400.12,37999.633,XGBoost,provided_plus_rdkit_descriptors,4,3
rdkit_SPS,22905.904,54512.316,64037.92,XGBoost,provided_plus_rdkit_descriptors,4,3
rdkit_MolWt,0.0,0.0,0.0,XGBoost,provided_plus_rdkit_descriptors,4,3
rdkit_HeavyAtomMolWt,0.0,0.0,0.0,XGBoost,provided_plus_rdkit_descriptors,4,3
rdkit_ExactMolWt,0.0,0.0,0.0,XGBoost,provided_plus_rdkit_descriptors,4,3
rdkit_NumValenceElectrons,0.0,0.0,0.0,XGBoost,provided_plus_rdkit_descriptors,4,3
rdkit_MaxPartialCharge,-36162.562,97591.1,100962.41,XGBoost,provided_plus_rdkit_descriptors,4,3
rdkit_MinPartialCharge,-891.30725,31217.342,19524.1,XGBoost,provided_plus_rdkit_descriptors,4,3
rdkit_MaxAbsPartialCharge,2326.694,26454.555,21574.836,XGBoost,provided_plus_rdkit_descriptors,4,3
rdkit_MinAbsPartialCharge,0.0,0.0,0.0,XGBoost,provided_plus_rdkit_descriptors,4,3
rdkit_FpDensityMorgan1,1534.032,18461.281,11642.041,XGBoost,provided_plus_rdkit_descriptors,4,3
rdkit_FpDensityMorgan2,5021.94,21921.627,13038.014,XGBoost,provided_plus_rdkit_descriptors,4,3
rdkit_FpDensityMorgan3,-10718.962,44930.027,26729.605,XGBoost,provided_plus_rdkit_descriptors,4,3
rdkit_BCUT2D_MWHI,-1354.7935,9066.759,10271.653,XGBoost,provided_plus_rdkit_descriptors,4,3
rdkit_BCUT2D_MWLOW,-24325.97,79397.58,41304.95,XGBoost,provided_plus_rdkit_descriptors,4,3
rdkit_BCUT2D_CHGHI,93.91826,52802.418,51197.113,XGBoost,provided_plus_rdkit_descriptors,4,3
rdkit_BCUT2D_CHGLO,-8596.931,19197.412,18169.23,XGBoost,provided_plus_rdkit_descriptors,4,3
rdkit_BCUT2D_LOGPHI,-2474.089,3435.311,6673.157,XGBoost,provided_plus_rdkit_descriptors,4,3
rdkit_BCUT2D_LOGPLOW,1923.8812,3894.3987,4570.0034,XGBoost,provided_plus_rdkit_descriptors,4,3
rdkit_BCUT2D_MRHI,22413.887,104187.12,96091.766,XGBoost,provided_plus_rdkit_descriptors,4,3
rdkit_BCUT2D_MRLOW,1825.1588,27827.332,20416.096,XGBoost,provided_plus_rdkit_descriptors,4,3
rdkit_AvgIpc,-79234.8,131063.59,88404.375,XGBoost,provided_plus_rdkit_descriptors,4,3
rdkit_BalabanJ,1693.4124,6705.8535,7630.657,XGBoost,provided_plus_rdkit_descriptors,4,3
rdkit_BertzCT,8456.833,11359.735,12911.561,XGBoost,provided_plus_rdkit_descriptors,4,3
rdkit_Chi0,0.0,0.0,0.0,XGBoost,provided_plus_rdkit_descriptors,4,3
rdkit_Chi0n,-13196.103,41572.56,19794.73,XGBoost,provided_plus_rdkit_descriptors,4,3
rdkit_Chi0v,13205.868,36547.145,42853.395,XGBoost,provided_plus_rdkit_descriptors,4,3
rdkit_Chi1,-711.1136,2016.8549,1993.3129,XGBoost,provided_plus_rdkit_descriptors,4,3
rdkit_Chi1n,5610.974,10332.521,7422.477,XGBoost,provided_plus_rdkit_descriptors,4,3
rdkit_Chi1v,-31.727034,1321.3306,1207.8751,XGBoost,provided_plus_rdkit_descriptors,4,3
rdkit_Chi2n,-956.78516,2838.3323,3131.8938,XGBoost,provided_plus_rdkit_descriptors,4,3
rdkit_Chi2v,102.3428,493.04962,1009.91095,XGBoost,provided_plus_rdkit_descriptors,4,3
rdkit_Chi3n,0.0,0.0,0.0,XGBoost,provided_plus_rdkit_descriptors,4,3
rdkit_Chi3v,4216.357,13651.614,13889.449,XGBoost,provided_plus_rdkit_descriptors,4,3
rdkit_Chi4n,-3027.0647,6090.8677,5569.7886,XGBoost,provided_plus_rdkit_descriptors,4,3
rdkit_Chi4v,-246.19606,1814.8038,1450.0693,XGBoost,provided_plus_rdkit_descriptors,4,3
rdkit_HallKierAlpha,-5631.8594,115270.4,78127.56,XGBoost,provided_plus_rdkit_descriptors,4,3
rdkit_Ipc,-4427.9404,21056.262,18729.512,XGBoost,provided_plus_rdkit_descriptors,4,3
rdkit_Kappa1,1210.2976,10928.239,15208.385,XGBoost,provided_plus_rdkit_descriptors,4,3
rdkit_Kappa2,719.4485,12167.968,16340.335,XGBoost,provided_plus_rdkit_descriptors,4,3
rdkit_Kappa3,-8647.555,24902.771,18340.885,XGBoost,provided_plus_rdkit_descriptors,4,3
rdkit_LabuteASA,0.0,0.0,0.0,XGBoost,provided_plus_rdkit_descriptors,4,3
rdkit_PEOE_VSA1,-24138.568,34559.348,16323.598,XGBoost,provided_plus_rdkit_descriptors,4,3
rdkit_PEOE_VSA10,404.5927,1542.5543,1960.3403,XGBoost,provided_plus_rdkit_descriptors,4,3
rdkit_PEOE_VSA11,-6478.008,112525.86,74748.195,XGBoost,provided_plus_rdkit_descriptors,4,3
rdkit_PEOE_VSA12,20.64926,106.09143,239.93184,XGBoost,provided_plus_rdkit_descriptors,4,3
rdkit_PEOE_VSA14,-107.67576,221.73027,232.97809,XGBoost,provided_plus_rdkit_descriptors,4,3
rdkit_PEOE_VSA2,0.0,0.0,0.0,XGBoost,provided_plus_rdkit_descriptors,4,3
rdkit_PEOE_VSA3,0.0,0.0,0.0,XGBoost,provided_plus_rdkit_descriptors,4,3
rdkit_PEOE_VSA5,0.0,0.0,0.0,XGBoost,provided_plus_rdkit_descriptors,4,3
rdkit_PEOE_VSA6,-36.088486,217.84201,690.3464,XGBoost,provided_plus_rdkit_descriptors,4,3
rdkit_PEOE_VSA7,116.05184,4539.4253,10079.755,XGBoost,provided_plus_rdkit_descriptors,4,3
rdkit_PEOE_VSA8,-49.75026,336.96298,740.5687,XGBoost,provided_plus_rdkit_descriptors,4,3
rdkit_PEOE_VSA9,1815.9481,10579.448,7307.56,XGBoost,provided_plus_rdkit_descriptors,4,3
rdkit_SMR_VSA1,958.12604,6116.156,7706.5103,XGBoost,provided_plus_rdkit_descriptors,4,3
rdkit_SMR_VSA10,-482.40652,5389.7427,7275.855,XGBoost,provided_plus_rdkit_descriptors,4,3
rdkit_SMR_VSA3,0.0,0.0,0.0,XGBoost,provided_plus_rdkit_descriptors,4,3
rdkit_SMR_VSA4,0.0,0.0,0.0,XGBoost,provided_plus_rdkit_descriptors,4,3
rdkit_SMR_VSA5,-2267.3264,10387.625,10523.175,XGBoost,provided_plus_rdkit_descriptors,4,3
rdkit_SMR_VSA6,754.64844,1321.5496,2082.0024,XGBoost,provided_plus_rdkit_descriptors,4,3
rdkit_SMR_VSA7,0.0,0.0,0.0,XGBoost,provided_plus_rdkit_descriptors,4,3
rdkit_SlogP_VSA1,0.0,0.0,0.0,XGBoost,provided_plus_rdkit_descriptors,4,3
rdkit_SlogP_VSA12,0.0,0.0,0.0,XGBoost,provided_plus_rdkit_descriptors,4,3
rdkit_SlogP_VSA2,0.0,0.0,0.0,XGBoost,provided_plus_rdkit_descriptors,4,3
rdkit_SlogP_VSA3,35362.957,104180.0,78752.88,XGBoost,provided_plus_rdkit_descriptors,4,3
rdkit_SlogP_VSA4,0.0,0.0,0.0,XGBoost,provided_plus_rdkit_descriptors,4,3
rdkit_SlogP_VSA5,-465.51855,1363.3204,1780.4722,XGBoost,provided_plus_rdkit_descriptors,4,3
rdkit_SlogP_VSA6,0.0,0.0,0.0,XGBoost,provided_plus_rdkit_descriptors,4,3
rdkit_TPSA,-250.45944,598.2938,885.2914,XGBoost,provided_plus_rdkit_descriptors,4,3
rdkit_EState_VSA1,-166.97298,5579.608,4867.5205,XGBoost,provided_plus_rdkit_descriptors,4,3
rdkit_EState_VSA10,-20825.834,611958.9,217242.97,XGBoost,provided_plus_rdkit_descriptors,4,3
rdkit_EState_VSA2,-10264.02,16264.388,7691.5474,XGBoost,provided_plus_rdkit_descriptors,4,3
rdkit_EState_VSA3,-762.1379,762.1379,180.2177,XGBoost,provided_plus_rdkit_descriptors,4,3
rdkit_EState_VSA4,0.0,0.0,0.0,XGBoost,provided_plus_rdkit_descriptors,4,3
rdkit_EState_VSA5,-39.550915,1194.1722,2038.6326,XGBoost,provided_plus_rdkit_descriptors,4,3
rdkit_EState_VSA6,0.0,0.0,0.0,XGBoost,provided_plus_rdkit_descriptors,4,3
rdkit_EState_VSA7,0.0,0.0,0.0,XGBoost,provided_plus_rdkit_descriptors,4,3
rdkit_EState_VSA8,-2427.3018,9931.825,11975.889,XGBoost,provided_plus_rdkit_descriptors,4,3
rdkit_EState_VSA9,-19017.152,58715.047,32892.816,XGBoost,provided_plus_rdkit_descriptors,4,3
rdkit_VSA_EState1,-1054.9873,3810.1626,3877.7468,XGBoost,provided_plus_rdkit_descriptors,4,3
rdkit_VSA_EState10,0.0,0.0,0.0,XGBoost,provided_plus_rdkit_descriptors,4,3
rdkit_VSA_EState2,13310.956,67044.08,36901.05,XGBoost,provided_plus_rdkit_descriptors,4,3
rdkit_VSA_EState3,14574.15,38609.117,14526.551,XGBoost,provided_plus_rdkit_descriptors,4,3
rdkit_VSA_EState4,0.0,0.0,0.0,XGBoost,provided_plus_rdkit_descriptors,4,3
rdkit_VSA_EState5,-1600.8724,4376.0913,5383.968,XGBoost,provided_plus_rdkit_descriptors,4,3
rdkit_VSA_EState6,0.0,0.0,0.0,XGBoost,provided_plus_rdkit_descriptors,4,3
rdkit_VSA_EState7,27749.111,77349.41,70714.44,XGBoost,provided_plus_rdkit_descriptors,4,3
rdkit_VSA_EState8,-35900.71,94631.46,122757.49,XGBoost,provided_plus_rdkit_descriptors,4,3
rdkit_VSA_EState9,0.0,0.0,0.0,XGBoost,provided_plus_rdkit_descriptors,4,3
rdkit_FractionCSP3,-1467.969,6092.3696,5077.681,XGBoost,provided_plus_rdkit_descriptors,4,3
rdkit_HeavyAtomCount,0.0,0.0,0.0,XGBoost,provided_plus_rdkit_descriptors,4,3
rdkit_NHOHCount,240.08011,512.7597,541.396,XGBoost,provided_plus_rdkit_descriptors,4,3
rdkit_NOCount,0.0,0.0,0.0,XGBoost,provided_plus_rdkit_descriptors,4,3
rdkit_NumAliphaticCarbocycles,0.0,0.0,0.0,XGBoost,provided_plus_rdkit_descriptors,4,3
rdkit_NumAliphaticHeterocycles,0.0,0.0,0.0,XGBoost,provided_plus_rdkit_descriptors,4,3
rdkit_NumAliphaticRings,0.0,0.0,0.0,XGBoost,provided_plus_rdkit_descriptors,4,3
rdkit_NumAmideBonds,0.0,0.0,0.0,XGBoost,provided_plus_rdkit_descriptors,4,3
rdkit_NumAtomStereoCenters,-4096.525,9672.62,22263.834,XGBoost,provided_plus_rdkit_descriptors,4,3
rdkit_NumBridgeheadAtoms,0.0,0.0,0.0,XGBoost,provided_plus_rdkit_descriptors,4,3
rdkit_NumHAcceptors,0.0,0.0,0.0,XGBoost,provided_plus_rdkit_descriptors,4,3
rdkit_NumHDonors,0.0,0.0,0.0,XGBoost,provided_plus_rdkit_descriptors,4,3
rdkit_NumHeteroatoms,0.0,0.0,0.0,XGBoost,provided_plus_rdkit_descriptors,4,3
rdkit_NumHeterocycles,0.0,0.0,0.0,XGBoost,provided_plus_rdkit_descriptors,4,3
rdkit_NumRotatableBonds,-3936.7124,8494.314,10804.913,XGBoost,provided_plus_rdkit_descriptors,4,3
rdkit_NumSaturatedCarbocycles,0.0,0.0,0.0,XGBoost,provided_plus_rdkit_descriptors,4,3
rdkit_NumSaturatedHeterocycles,0.0,0.0,0.0,XGBoost,provided_plus_rdkit_descriptors,4,3
rdkit_NumSaturatedRings,0.0,0.0,0.0,XGBoost,provided_plus_rdkit_descriptors,4,3
rdkit_NumUnspecifiedAtomStereoCenters,4431.3257,9735.564,14007.773,XGBoost,provided_plus_rdkit_descriptors,4,3
rdkit_Phi,-97.85531,2453.8936,1808.4341,XGBoost,provided_plus_rdkit_descriptors,4,3
rdkit_RingCount,0.0,0.0,0.0,XGBoost,provided_plus_rdkit_descriptors,4,3
rdkit_MolLogP,-128751.41,220002.08,141506.12,XGBoost,provided_plus_rdkit_descriptors,4,3
rdkit_MolMR,-43.764935,502.99152,783.54,XGBoost,provided_plus_rdkit_descriptors,4,3
rdkit_fr_Al_COO,0.0,0.0,0.0,XGBoost,provided_plus_rdkit_descriptors,4,3
rdkit_fr_Al_OH,0.0,0.0,0.0,XGBoost,provided_plus_rdkit_descriptors,4,3
rdkit_fr_Al_OH_noTert,0.0,0.0,0.0,XGBoost,provided_plus_rdkit_descriptors,4,3
rdkit_fr_COO,0.0,0.0,0.0,XGBoost,provided_plus_rdkit_descriptors,4,3
rdkit_fr_COO2,0.0,0.0,0.0,XGBoost,provided_plus_rdkit_descriptors,4,3
rdkit_fr_C_O,0.0,0.0,0.0,XGBoost,provided_plus_rdkit_descriptors,4,3
rdkit_fr_C_O_noCOO,0.0,0.0,0.0,XGBoost,provided_plus_rdkit_descriptors,4,3
rdkit_fr_NH1,0.0,0.0,0.0,XGBoost,provided_plus_rdkit_descriptors,4,3
rdkit_fr_NH2,0.0,0.0,0.0,XGBoost,provided_plus_rdkit_descriptors,4,3
rdkit_fr_aldehyde,-1359.7079,3308.0361,3137.3906,XGBoost,provided_plus_rdkit_descriptors,4,3
rdkit_fr_alkyl_halide,0.0,0.0,0.0,XGBoost,provided_plus_rdkit_descriptors,4,3
rdkit_fr_allylic_oxid,0.0,0.0,0.0,XGBoost,provided_plus_rdkit_descriptors,4,3
rdkit_fr_amide,0.0,0.0,0.0,XGBoost,provided_plus_rdkit_descriptors,4,3
rdkit_fr_bicyclic,0.0,0.0,0.0,XGBoost,provided_plus_rdkit_descriptors,4,3
rdkit_fr_ether,0.0,0.0,0.0,XGBoost,provided_plus_rdkit_descriptors,4,3
rdkit_fr_halogen,0.0,0.0,0.0,XGBoost,provided_plus_rdkit_descriptors,4,3
rdkit_fr_ketone,608.7021,1002.17035,965.22253,XGBoost,provided_plus_rdkit_descriptors,4,3
rdkit_fr_ketone_Topliss,0.0,0.0,0.0,XGBoost,provided_plus_rdkit_descriptors,4,3
rdkit_fr_methoxy,0.0,0.0,0.0,XGBoost,provided_plus_rdkit_descriptors,4,3
rdkit_fr_phos_acid,0.0,0.0,0.0,XGBoost,provided_plus_rdkit_descriptors,4,3
rdkit_fr_phos_ester,0.0,0.0,0.0,XGBoost,provided_plus_rdkit_descriptors,4,3
Molecular weight (Da),-1854.1307,37328.56,33751.383,XGBoost,provided_plus_rdkit_descriptors,4,4
Solubility (mg/mL),75391.24,574060.9,665946.5,XGBoost,provided_plus_rdkit_descriptors,4,4
"Glass transition temperature (Tg, degC)",53584.566,219848.4,224007.86,XGBoost,provided_plus_rdkit_descriptors,4,4
Viscosity (mPa.s),45614.44,178803.06,195703.42,XGBoost,provided_plus_rdkit_descriptors,4,4
Concentration (% w/v),10948.531,263732.53,117889.1,XGBoost,provided_plus_rdkit_descriptors,4,4
rdkit_MaxAbsEStateIndex,-7055.3857,58549.426,94463.77,XGBoost,provided_plus_rdkit_descriptors,4,4
rdkit_MaxEStateIndex,0.0,0.0,0.0,XGBoost,provided_plus_rdkit_descriptors,4,4
rdkit_MinAbsEStateIndex,-5796.8286,41232.496,58029.984,XGBoost,provided_plus_rdkit_descriptors,4,4
rdkit_MinEStateIndex,43221.113,58612.758,74952.805,XGBoost,provided_plus_rdkit_descriptors,4,4
rdkit_qed,-4032.9229,70231.664,71118.95,XGBoost,provided_plus_rdkit_descriptors,4,4
rdkit_SPS,17363.33,29524.846,26673.443,XGBoost,provided_plus_rdkit_descriptors,4,4
rdkit_MolWt,0.0,0.0,0.0,XGBoost,provided_plus_rdkit_descriptors,4,4
rdkit_HeavyAtomMolWt,0.0,0.0,0.0,XGBoost,provided_plus_rdkit_descriptors,4,4
rdkit_ExactMolWt,0.0,0.0,0.0,XGBoost,provided_plus_rdkit_descriptors,4,4
rdkit_NumValenceElectrons,4.1475,333.05417,677.0996,XGBoost,provided_plus_rdkit_descriptors,4,4
rdkit_MaxPartialCharge,-21930.998,47055.805,50023.277,XGBoost,provided_plus_rdkit_descriptors,4,4
rdkit_MinPartialCharge,-15222.1455,46647.61,30981.922,XGBoost,provided_plus_rdkit_descriptors,4,4
rdkit_MaxAbsPartialCharge,1258.478,13534.406,14471.572,XGBoost,provided_plus_rdkit_descriptors,4,4
rdkit_MinAbsPartialCharge,0.0,0.0,0.0,XGBoost,provided_plus_rdkit_descriptors,4,4
rdkit_FpDensityMorgan1,41966.83,58343.33,45043.63,XGBoost,provided_plus_rdkit_descriptors,4,4
rdkit_FpDensityMorgan2,-11273.507,21300.0,15096.339,XGBoost,provided_plus_rdkit_descriptors,4,4
rdkit_FpDensityMorgan3,-2902.7002,36633.742,24259.83,XGBoost,provided_plus_rdkit_descriptors,4,4
rdkit_BCUT2D_MWHI,-3564.7632,30544.154,17152.275,XGBoost,provided_plus_rdkit_descriptors,4,4
rdkit_BCUT2D_MWLOW,-2325.7048,40019.945,33424.87,XGBoost,provided_plus_rdkit_descriptors,4,4
rdkit_BCUT2D_CHGHI,8669.717,42519.855,39812.254,XGBoost,provided_plus_rdkit_descriptors,4,4
rdkit_BCUT2D_CHGLO,1196.361,32917.633,39320.105,XGBoost,provided_plus_rdkit_descriptors,4,4
rdkit_BCUT2D_LOGPHI,293.51382,4549.5327,5314.5703,XGBoost,provided_plus_rdkit_descriptors,4,4
rdkit_BCUT2D_LOGPLOW,-231.72119,850.3709,477.68857,XGBoost,provided_plus_rdkit_descriptors,4,4
rdkit_BCUT2D_MRHI,-21656.031,44380.297,38989.402,XGBoost,provided_plus_rdkit_descriptors,4,4
rdkit_BCUT2D_MRLOW,-4258.6323,8678.176,8058.319,XGBoost,provided_plus_rdkit_descriptors,4,4
rdkit_AvgIpc,-27664.486,122190.95,155824.88,XGBoost,provided_plus_rdkit_descriptors,4,4
rdkit_BalabanJ,-45522.125,109270.58,128801.38,XGBoost,provided_plus_rdkit_descriptors,4,4
rdkit_BertzCT,-806.74664,7498.2085,6102.3555,XGBoost,provided_plus_rdkit_descriptors,4,4
rdkit_Chi0,2723.5698,6655.316,6641.04,XGBoost,provided_plus_rdkit_descriptors,4,4
rdkit_Chi0n,7986.3564,34918.26,24057.713,XGBoost,provided_plus_rdkit_descriptors,4,4
rdkit_Chi0v,2330.5574,14990.626,12610.475,XGBoost,provided_plus_rdkit_descriptors,4,4
rdkit_Chi1,2281.8096,3673.0793,1641.1672,XGBoost,provided_plus_rdkit_descriptors,4,4
rdkit_Chi1n,26.101892,468.03983,560.3414,XGBoost,provided_plus_rdkit_descriptors,4,4
rdkit_Chi1v,216.49094,538.55035,771.10156,XGBoost,provided_plus_rdkit_descriptors,4,4
rdkit_Chi2n,637.4641,6913.7983,5298.6953,XGBoost,provided_plus_rdkit_descriptors,4,4
rdkit_Chi2v,0.0,0.0,0.0,XGBoost,provided_plus_rdkit_descriptors,4,4
rdkit_Chi3n,-600.07996,3476.345,3127.4597,XGBoost,provided_plus_rdkit_descriptors,4,4
rdkit_Chi3v,-1249.6687,4223.483,3901.6992,XGBoost,provided_plus_rdkit_descriptors,4,4
rdkit_Chi4n,-210.93306,383.95587,417.55005,XGBoost,provided_plus_rdkit_descriptors,4,4
rdkit_Chi4v,-1340.6235,5173.247,2929.4912,XGBoost,provided_plus_rdkit_descriptors,4,4
rdkit_HallKierAlpha,-63153.203,218206.92,150372.73,XGBoost,provided_plus_rdkit_descriptors,4,4
rdkit_Ipc,-1321.545,15572.822,16239.538,XGBoost,provided_plus_rdkit_descriptors,4,4
rdkit_Kappa1,3252.6846,5670.0527,6486.3115,XGBoost,provided_plus_rdkit_descriptors,4,4
rdkit_Kappa2,-1455.1023,1961.2328,2414.183,XGBoost,provided_plus_rdkit_descriptors,4,4
rdkit_Kappa3,-1824.3336,11149.368,13302.29,XGBoost,provided_plus_rdkit_descriptors,4,4
rdkit_LabuteASA,0.0,0.0,0.0,XGBoost,provided_plus_rdkit_descriptors,4,4
rdkit_PEOE_VSA1,-482.4532,105998.34,95655.09,XGBoost,provided_plus_rdkit_descriptors,4,4
rdkit_PEOE_VSA10,-503.46274,895.24786,1286.6594,XGBoost,provided_plus_rdkit_descriptors,4,4
rdkit_PEOE_VSA11,3656.2537,86569.37,44849.4,XGBoost,provided_plus_rdkit_descriptors,4,4
rdkit_PEOE_VSA12,62.64424,926.85065,1580.0245,XGBoost,provided_plus_rdkit_descriptors,4,4
rdkit_PEOE_VSA14,0.0,0.0,0.0,XGBoost,provided_plus_rdkit_descriptors,4,4
rdkit_PEOE_VSA2,0.0,0.0,0.0,XGBoost,provided_plus_rdkit_descriptors,4,4
rdkit_PEOE_VSA3,0.0,0.0,0.0,XGBoost,provided_plus_rdkit_descriptors,4,4
rdkit_PEOE_VSA5,0.0,0.0,0.0,XGBoost,provided_plus_rdkit_descriptors,4,4
rdkit_PEOE_VSA6,0.0,0.0,0.0,XGBoost,provided_plus_rdkit_descriptors,4,4
rdkit_PEOE_VSA7,151.74916,1125.3999,2183.4592,XGBoost,provided_plus_rdkit_descriptors,4,4
rdkit_PEOE_VSA8,906.11804,2313.0537,6557.0854,XGBoost,provided_plus_rdkit_descriptors,4,4
rdkit_PEOE_VSA9,649.89496,1268.4359,1684.1427,XGBoost,provided_plus_rdkit_descriptors,4,4
rdkit_SMR_VSA1,-1123.3455,5732.2466,8297.615,XGBoost,provided_plus_rdkit_descriptors,4,4
rdkit_SMR_VSA10,514.6589,3465.8286,3476.64,XGBoost,provided_plus_rdkit_descriptors,4,4
rdkit_SMR_VSA3,0.0,0.0,0.0,XGBoost,provided_plus_rdkit_descriptors,4,4
rdkit_SMR_VSA4,0.0,0.0,0.0,XGBoost,provided_plus_rdkit_descriptors,4,4
rdkit_SMR_VSA5,-706.7878,9320.392,5961.652,XGBoost,provided_plus_rdkit_descriptors,4,4
rdkit_SMR_VSA6,-83.29357,1864.059,2091.6655,XGBoost,provided_plus_rdkit_descriptors,4,4
rdkit_SMR_VSA7,0.0,0.0,0.0,XGBoost,provided_plus_rdkit_descriptors,4,4
rdkit_SlogP_VSA1,0.0,0.0,0.0,XGBoost,provided_plus_rdkit_descriptors,4,4
rdkit_SlogP_VSA12,0.0,0.0,0.0,XGBoost,provided_plus_rdkit_descriptors,4,4
rdkit_SlogP_VSA2,3053.4749,24811.268,22606.578,XGBoost,provided_plus_rdkit_descriptors,4,4
rdkit_SlogP_VSA3,-22842.176,85820.21,47422.855,XGBoost,provided_plus_rdkit_descriptors,4,4
rdkit_SlogP_VSA4,0.0,0.0,0.0,XGBoost,provided_plus_rdkit_descriptors,4,4
rdkit_SlogP_VSA5,-315.79343,10519.045,12359.797,XGBoost,provided_plus_rdkit_descriptors,4,4
rdkit_SlogP_VSA6,0.0,0.0,0.0,XGBoost,provided_plus_rdkit_descriptors,4,4
rdkit_TPSA,-1765.5299,4232.707,5842.8594,XGBoost,provided_plus_rdkit_descriptors,4,4
rdkit_EState_VSA1,187.398,5320.5835,7877.794,XGBoost,provided_plus_rdkit_descriptors,4,4
rdkit_EState_VSA10,128154.01,574366.1,237664.53,XGBoost,provided_plus_rdkit_descriptors,4,4
rdkit_EState_VSA2,19635.148,40929.938,100836.04,XGBoost,provided_plus_rdkit_descriptors,4,4
rdkit_EState_VSA3,1466.1061,3387.9116,10462.427,XGBoost,provided_plus_rdkit_descriptors,4,4
rdkit_EState_VSA4,0.0,0.0,0.0,XGBoost,provided_plus_rdkit_descriptors,4,4
rdkit_EState_VSA5,77.413086,839.58405,1369.6082,XGBoost,provided_plus_rdkit_descriptors,4,4
rdkit_EState_VSA6,0.0,0.0,0.0,XGBoost,provided_plus_rdkit_descriptors,4,4
rdkit_EState_VSA7,0.0,0.0,0.0,XGBoost,provided_plus_rdkit_descriptors,4,4
rdkit_EState_VSA8,357.0906,1151.1761,1874.3344,XGBoost,provided_plus_rdkit_descriptors,4,4
rdkit_EState_VSA9,3273.342,83449.54,47799.844,XGBoost,provided_plus_rdkit_descriptors,4,4
rdkit_VSA_EState1,276.2324,1662.1101,1248.0963,XGBoost,provided_plus_rdkit_descriptors,4,4
rdkit_VSA_EState10,0.0,0.0,0.0,XGBoost,provided_plus_rdkit_descriptors,4,4
rdkit_VSA_EState2,-38898.082,102550.8,159298.6,XGBoost,provided_plus_rdkit_descriptors,4,4
rdkit_VSA_EState3,-1304.289,5598.4346,5317.7974,XGBoost,provided_plus_rdkit_descriptors,4,4
rdkit_VSA_EState4,0.0,0.0,0.0,XGBoost,provided_plus_rdkit_descriptors,4,4
rdkit_VSA_EState5,-476.22705,1089.197,1734.5206,XGBoost,provided_plus_rdkit_descriptors,4,4
rdkit_VSA_EState6,0.0,0.0,0.0,XGBoost,provided_plus_rdkit_descriptors,4,4
rdkit_VSA_EState7,11308.198,22610.705,18438.78,XGBoost,provided_plus_rdkit_descriptors,4,4
rdkit_VSA_EState8,86104.43,275564.03,206710.52,XGBoost,provided_plus_rdkit_descriptors,4,4
rdkit_VSA_EState9,0.0,0.0,0.0,XGBoost,provided_plus_rdkit_descriptors,4,4
rdkit_FractionCSP3,1720.5316,2672.6455,3086.3936,XGBoost,provided_plus_rdkit_descriptors,4,4
rdkit_HeavyAtomCount,0.0,0.0,0.0,XGBoost,provided_plus_rdkit_descriptors,4,4
rdkit_NHOHCount,-7738.4443,64315.84,38245.84,XGBoost,provided_plus_rdkit_descriptors,4,4
rdkit_NOCount,0.0,0.0,0.0,XGBoost,provided_plus_rdkit_descriptors,4,4
rdkit_NumAliphaticCarbocycles,0.0,0.0,0.0,XGBoost,provided_plus_rdkit_descriptors,4,4
rdkit_NumAliphaticHeterocycles,0.0,0.0,0.0,XGBoost,provided_plus_rdkit_descriptors,4,4
rdkit_NumAliphaticRings,0.0,0.0,0.0,XGBoost,provided_plus_rdkit_descriptors,4,4
rdkit_NumAmideBonds,0.0,0.0,0.0,XGBoost,provided_plus_rdkit_descriptors,4,4
rdkit_NumAtomStereoCenters,3155.7573,5553.0215,7284.8765,XGBoost,provided_plus_rdkit_descriptors,4,4
rdkit_NumBridgeheadAtoms,0.0,0.0,0.0,XGBoost,provided_plus_rdkit_descriptors,4,4
rdkit_NumHAcceptors,0.0,0.0,0.0,XGBoost,provided_plus_rdkit_descriptors,4,4
rdkit_NumHDonors,0.0,0.0,0.0,XGBoost,provided_plus_rdkit_descriptors,4,4
rdkit_NumHeteroatoms,0.0,0.0,0.0,XGBoost,provided_plus_rdkit_descriptors,4,4
rdkit_NumHeterocycles,0.0,0.0,0.0,XGBoost,provided_plus_rdkit_descriptors,4,4
rdkit_NumRotatableBonds,-1121.2659,7042.237,6847.092,XGBoost,provided_plus_rdkit_descriptors,4,4
rdkit_NumSaturatedCarbocycles,0.0,0.0,0.0,XGBoost,provided_plus_rdkit_descriptors,4,4
rdkit_NumSaturatedHeterocycles,0.0,0.0,0.0,XGBoost,provided_plus_rdkit_descriptors,4,4
rdkit_NumSaturatedRings,0.0,0.0,0.0,XGBoost,provided_plus_rdkit_descriptors,4,4
rdkit_NumUnspecifiedAtomStereoCenters,-115.760826,1030.8429,1641.2708,XGBoost,provided_plus_rdkit_descriptors,4,4
rdkit_Phi,-3495.7097,7519.287,5724.9873,XGBoost,provided_plus_rdkit_descriptors,4,4
rdkit_RingCount,0.0,0.0,0.0,XGBoost,provided_plus_rdkit_descriptors,4,4
rdkit_MolLogP,13098.989,40778.08,43382.516,XGBoost,provided_plus_rdkit_descriptors,4,4
rdkit_MolMR,1688.6893,15808.601,17438.81,XGBoost,provided_plus_rdkit_descriptors,4,4
rdkit_fr_Al_COO,0.0,0.0,0.0,XGBoost,provided_plus_rdkit_descriptors,4,4
rdkit_fr_Al_OH,0.0,0.0,0.0,XGBoost,provided_plus_rdkit_descriptors,4,4
rdkit_fr_Al_OH_noTert,0.0,0.0,0.0,XGBoost,provided_plus_rdkit_descriptors,4,4
rdkit_fr_COO,0.0,0.0,0.0,XGBoost,provided_plus_rdkit_descriptors,4,4
rdkit_fr_COO2,0.0,0.0,0.0,XGBoost,provided_plus_rdkit_descriptors,4,4
rdkit_fr_C_O,0.0,0.0,0.0,XGBoost,provided_plus_rdkit_descriptors,4,4
rdkit_fr_C_O_noCOO,0.0,0.0,0.0,XGBoost,provided_plus_rdkit_descriptors,4,4
rdkit_fr_NH1,0.0,0.0,0.0,XGBoost,provided_plus_rdkit_descriptors,4,4
rdkit_fr_NH2,0.0,0.0,0.0,XGBoost,provided_plus_rdkit_descriptors,4,4
rdkit_fr_aldehyde,0.0,0.0,0.0,XGBoost,provided_plus_rdkit_descriptors,4,4
rdkit_fr_alkyl_halide,0.0,0.0,0.0,XGBoost,provided_plus_rdkit_descriptors,4,4
rdkit_fr_allylic_oxid,0.0,0.0,0.0,XGBoost,provided_plus_rdkit_descriptors,4,4
rdkit_fr_amide,0.0,0.0,0.0,XGBoost,provided_plus_rdkit_descriptors,4,4
rdkit_fr_bicyclic,0.0,0.0,0.0,XGBoost,provided_plus_rdkit_descriptors,4,4
rdkit_fr_ether,0.0,0.0,0.0,XGBoost,provided_plus_rdkit_descriptors,4,4
rdkit_fr_halogen,0.0,0.0,0.0,XGBoost,provided_plus_rdkit_descriptors,4,4
rdkit_fr_ketone,-300.9004,605.14484,1351.3456,XGBoost,provided_plus_rdkit_descriptors,4,4
rdkit_fr_ketone_Topliss,0.0,0.0,0.0,XGBoost,provided_plus_rdkit_descriptors,4,4
rdkit_fr_methoxy,0.0,0.0,0.0,XGBoost,provided_plus_rdkit_descriptors,4,4
rdkit_fr_phos_acid,0.0,0.0,0.0,XGBoost,provided_plus_rdkit_descriptors,4,4
rdkit_fr_phos_ester,0.0,0.0,0.0,XGBoost,provided_plus_rdkit_descriptors,4,4
Molecular weight (Da),4103.901,25047.982,22185.092,XGBoost,provided_plus_rdkit_descriptors,4,5
Solubility (mg/mL),-51333.703,560504.94,544127.3,XGBoost,provided_plus_rdkit_descriptors,4,5
"Glass transition temperature (Tg, degC)",28431.217,204867.84,153749.25,XGBoost,provided_plus_rdkit_descriptors,4,5
Viscosity (mPa.s),-28818.162,186675.34,135957.44,XGBoost,provided_plus_rdkit_descriptors,4,5
Concentration (% w/v),-52199.99,289601.16,144362.92,XGBoost,provided_plus_rdkit_descriptors,4,5
rdkit_MaxAbsEStateIndex,4625.89,90744.98,87288.984,XGBoost,provided_plus_rdkit_descriptors,4,5
rdkit_MaxEStateIndex,0.0,0.0,0.0,XGBoost,provided_plus_rdkit_descriptors,4,5
rdkit_MinAbsEStateIndex,28415.69,39160.484,41362.496,XGBoost,provided_plus_rdkit_descriptors,4,5
rdkit_MinEStateIndex,57837.914,95370.66,121035.99,XGBoost,provided_plus_rdkit_descriptors,4,5
rdkit_qed,4693.537,22307.826,26307.152,XGBoost,provided_plus_rdkit_descriptors,4,5
rdkit_SPS,10222.292,54018.664,40599.348,XGBoost,provided_plus_rdkit_descriptors,4,5
rdkit_MolWt,0.0,0.0,0.0,XGBoost,provided_plus_rdkit_descriptors,4,5
rdkit_HeavyAtomMolWt,0.0,0.0,0.0,XGBoost,provided_plus_rdkit_descriptors,4,5
rdkit_ExactMolWt,0.0,0.0,0.0,XGBoost,provided_plus_rdkit_descriptors,4,5
rdkit_NumValenceElectrons,21.056591,71.89998,92.70342,XGBoost,provided_plus_rdkit_descriptors,4,5
rdkit_MaxPartialCharge,-88543.83,179288.55,103345.664,XGBoost,provided_plus_rdkit_descriptors,4,5
rdkit_MinPartialCharge,11264.459,66734.65,36545.543,XGBoost,provided_plus_rdkit_descriptors,4,5
rdkit_MaxAbsPartialCharge,1082.9084,6891.3105,5558.1196,XGBoost,provided_plus_rdkit_descriptors,4,5
rdkit_MinAbsPartialCharge,0.0,0.0,0.0,XGBoost,provided_plus_rdkit_descriptors,4,5
rdkit_FpDensityMorgan1,18284.05,40772.695,42509.562,XGBoost,provided_plus_rdkit_descriptors,4,5
rdkit_FpDensityMorgan2,9810.349,27390.97,24045.338,XGBoost,provided_plus_rdkit_descriptors,4,5
rdkit_FpDensityMorgan3,6234.9785,48841.81,27908.39,XGBoost,provided_plus_rdkit_descriptors,4,5
rdkit_BCUT2D_MWHI,-3307.3118,16334.427,15068.865,XGBoost,provided_plus_rdkit_descriptors,4,5
rdkit_BCUT2D_MWLOW,-18898.82,93239.59,89594.97,XGBoost,provided_plus_rdkit_descriptors,4,5
rdkit_BCUT2D_CHGHI,778.8391,30167.73,21310.393,XGBoost,provided_plus_rdkit_descriptors,4,5
rdkit_BCUT2D_CHGLO,70029.3,136136.52,138268.0,XGBoost,provided_plus_rdkit_descriptors,4,5
rdkit_BCUT2D_LOGPHI,758.8182,2710.0063,3145.1113,XGBoost,provided_plus_rdkit_descriptors,4,5
rdkit_BCUT2D_LOGPLOW,24.780165,1384.0481,1063.3818,XGBoost,provided_plus_rdkit_descriptors,4,5
rdkit_BCUT2D_MRHI,7549.8994,57411.605,75381.51,XGBoost,provided_plus_rdkit_descriptors,4,5
rdkit_BCUT2D_MRLOW,5694.8447,22481.41,17400.48,XGBoost,provided_plus_rdkit_descriptors,4,5
rdkit_AvgIpc,17191.945,104302.29,166471.6,XGBoost,provided_plus_rdkit_descriptors,4,5
rdkit_BalabanJ,4728.51,21323.627,17498.244,XGBoost,provided_plus_rdkit_descriptors,4,5
rdkit_BertzCT,3475.0562,8000.413,8135.325,XGBoost,provided_plus_rdkit_descriptors,4,5
rdkit_Chi0,-819.2455,8777.422,8911.1875,XGBoost,provided_plus_rdkit_descriptors,4,5
rdkit_Chi0n,0.0,0.0,0.0,XGBoost,provided_plus_rdkit_descriptors,4,5
rdkit_Chi0v,12798.271,62495.812,48581.99,XGBoost,provided_plus_rdkit_descriptors,4,5
rdkit_Chi1,1775.73,6115.1416,5799.3066,XGBoost,provided_plus_rdkit_descriptors,4,5
rdkit_Chi1n,-423.58087,2079.5247,1372.8696,XGBoost,provided_plus_rdkit_descriptors,4,5
rdkit_Chi1v,4317.6533,5729.1777,7695.438,XGBoost,provided_plus_rdkit_descriptors,4,5
rdkit_Chi2n,973.01056,7439.5312,5427.0464,XGBoost,provided_plus_rdkit_descriptors,4,5
rdkit_Chi2v,0.0,0.0,0.0,XGBoost,provided_plus_rdkit_descriptors,4,5
rdkit_Chi3n,0.0,0.0,0.0,XGBoost,provided_plus_rdkit_descriptors,4,5
rdkit_Chi3v,0.0,0.0,0.0,XGBoost,provided_plus_rdkit_descriptors,4,5
rdkit_Chi4n,268.53128,1054.163,1893.1786,XGBoost,provided_plus_rdkit_descriptors,4,5
rdkit_Chi4v,1048.7037,4439.1484,3589.561,XGBoost,provided_plus_rdkit_descriptors,4,5
rdkit_HallKierAlpha,-72155.64,363775.7,208532.17,XGBoost,provided_plus_rdkit_descriptors,4,5
rdkit_Ipc,298.56042,5205.0723,7348.327,XGBoost,provided_plus_rdkit_descriptors,4,5
rdkit_Kappa1,-2511.8147,31757.693,37281.38,XGBoost,provided_plus_rdkit_descriptors,4,5
rdkit_Kappa2,339.22403,7727.672,6154.657,XGBoost,provided_plus_rdkit_descriptors,4,5
rdkit_Kappa3,-2152.0903,16879.113,12243.865,XGBoost,provided_plus_rdkit_descriptors,4,5
rdkit_LabuteASA,0.0,0.0,0.0,XGBoost,provided_plus_rdkit_descriptors,4,5
rdkit_PEOE_VSA1,-4359.6846,61705.895,67203.625,XGBoost,provided_plus_rdkit_descriptors,4,5
rdkit_PEOE_VSA10,-1172.4133,6816.4136,20001.15,XGBoost,provided_plus_rdkit_descriptors,4,5
rdkit_PEOE_VSA11,1223.5366,49446.703,29240.818,XGBoost,provided_plus_rdkit_descriptors,4,5
rdkit_PEOE_VSA12,33.122814,152.58954,282.72037,XGBoost,provided_plus_rdkit_descriptors,4,5
rdkit_PEOE_VSA14,0.0,0.0,0.0,XGBoost,provided_plus_rdkit_descriptors,4,5
rdkit_PEOE_VSA2,0.0,0.0,0.0,XGBoost,provided_plus_rdkit_descriptors,4,5
rdkit_PEOE_VSA3,0.0,0.0,0.0,XGBoost,provided_plus_rdkit_descriptors,4,5
rdkit_PEOE_VSA5,0.0,0.0,0.0,XGBoost,provided_plus_rdkit_descriptors,4,5
rdkit_PEOE_VSA6,0.0,0.0,0.0,XGBoost,provided_plus_rdkit_descriptors,4,5
rdkit_PEOE_VSA7,-406.45648,895.5185,905.49286,XGBoost,provided_plus_rdkit_descriptors,4,5
rdkit_PEOE_VSA8,1499.1627,5521.742,11598.62,XGBoost,provided_plus_rdkit_descriptors,4,5
rdkit_PEOE_VSA9,3248.1926,16171.949,17699.629,XGBoost,provided_plus_rdkit_descriptors,4,5
rdkit_SMR_VSA1,304.78815,6468.6543,9638.174,XGBoost,provided_plus_rdkit_descriptors,4,5
rdkit_SMR_VSA10,-748.2055,1915.0981,1706.4163,XGBoost,provided_plus_rdkit_descriptors,4,5
rdkit_SMR_VSA3,0.0,0.0,0.0,XGBoost,provided_plus_rdkit_descriptors,4,5
rdkit_SMR_VSA4,0.0,0.0,0.0,XGBoost,provided_plus_rdkit_descriptors,4,5
rdkit_SMR_VSA5,-2205.8442,9570.515,8327.317,XGBoost,provided_plus_rdkit_descriptors,4,5
rdkit_SMR_VSA6,-293.47168,1107.5533,1105.8694,XGBoost,provided_plus_rdkit_descriptors,4,5
rdkit_SMR_VSA7,0.0,0.0,0.0,XGBoost,provided_plus_rdkit_descriptors,4,5
rdkit_SlogP_VSA1,0.0,0.0,0.0,XGBoost,provided_plus_rdkit_descriptors,4,5
rdkit_SlogP_VSA12,0.0,0.0,0.0,XGBoost,provided_plus_rdkit_descriptors,4,5
rdkit_SlogP_VSA2,-2125.9907,9269.858,7501.1074,XGBoost,provided_plus_rdkit_descriptors,4,5
rdkit_SlogP_VSA3,-5925.901,24695.646,14248.831,XGBoost,provided_plus_rdkit_descriptors,4,5
rdkit_SlogP_VSA4,0.0,0.0,0.0,XGBoost,provided_plus_rdkit_descriptors,4,5
rdkit_SlogP_VSA5,-94.536385,182.41045,209.71303,XGBoost,provided_plus_rdkit_descriptors,4,5
rdkit_SlogP_VSA6,0.0,0.0,0.0,XGBoost,provided_plus_rdkit_descriptors,4,5
rdkit_TPSA,134.71898,207.83665,358.48087,XGBoost,provided_plus_rdkit_descriptors,4,5
rdkit_EState_VSA1,28.525831,692.3477,1697.4531,XGBoost,provided_plus_rdkit_descriptors,4,5
rdkit_EState_VSA10,5051.181,481182.78,179559.42,XGBoost,provided_plus_rdkit_descriptors,4,5
rdkit_EState_VSA2,3712.2292,28112.03,84463.67,XGBoost,provided_plus_rdkit_descriptors,4,5
rdkit_EState_VSA3,1160.1465,9153.063,27334.305,XGBoost,provided_plus_rdkit_descriptors,4,5
rdkit_EState_VSA4,0.0,0.0,0.0,XGBoost,provided_plus_rdkit_descriptors,4,5
rdkit_EState_VSA5,161.59549,1123.3884,1535.916,XGBoost,provided_plus_rdkit_descriptors,4,5
rdkit_EState_VSA6,0.0,0.0,0.0,XGBoost,provided_plus_rdkit_descriptors,4,5
rdkit_EState_VSA7,0.0,0.0,0.0,XGBoost,provided_plus_rdkit_descriptors,4,5
rdkit_EState_VSA8,-756.13336,8909.169,9091.789,XGBoost,provided_plus_rdkit_descriptors,4,5
rdkit_EState_VSA9,-7122.736,110048.2,61998.996,XGBoost,provided_plus_rdkit_descriptors,4,5
rdkit_VSA_EState1,1840.9636,8939.374,7490.602,XGBoost,provided_plus_rdkit_descriptors,4,5
rdkit_VSA_EState10,0.0,0.0,0.0,XGBoost,provided_plus_rdkit_descriptors,4,5
rdkit_VSA_EState2,319.79602,6038.342,3476.7495,XGBoost,provided_plus_rdkit_descriptors,4,5
rdkit_VSA_EState3,67129.61,135243.53,67772.08,XGBoost,provided_plus_rdkit_descriptors,4,5
rdkit_VSA_EState4,0.0,0.0,0.0,XGBoost,provided_plus_rdkit_descriptors,4,5
rdkit_VSA_EState5,-589.49176,3749.0518,3161.921,XGBoost,provided_plus_rdkit_descriptors,4,5
rdkit_VSA_EState6,0.0,0.0,0.0,XGBoost,provided_plus_rdkit_descriptors,4,5
rdkit_VSA_EState7,-14956.403,67211.58,67947.52,XGBoost,provided_plus_rdkit_descriptors,4,5
rdkit_VSA_EState8,-2679.3794,95817.68,103712.78,XGBoost,provided_plus_rdkit_descriptors,4,5
rdkit_VSA_EState9,0.0,0.0,0.0,XGBoost,provided_plus_rdkit_descriptors,4,5
rdkit_FractionCSP3,704.85406,3583.864,6660.113,XGBoost,provided_plus_rdkit_descriptors,4,5
rdkit_HeavyAtomCount,0.0,0.0,0.0,XGBoost,provided_plus_rdkit_descriptors,4,5
rdkit_NHOHCount,406.08627,2668.6763,2967.7886,XGBoost,provided_plus_rdkit_descriptors,4,5
rdkit_NOCount,0.0,0.0,0.0,XGBoost,provided_plus_rdkit_descriptors,4,5
rdkit_NumAliphaticCarbocycles,0.0,0.0,0.0,XGBoost,provided_plus_rdkit_descriptors,4,5
rdkit_NumAliphaticHeterocycles,0.0,0.0,0.0,XGBoost,provided_plus_rdkit_descriptors,4,5
rdkit_NumAliphaticRings,0.0,0.0,0.0,XGBoost,provided_plus_rdkit_descriptors,4,5
rdkit_NumAmideBonds,0.0,0.0,0.0,XGBoost,provided_plus_rdkit_descriptors,4,5
rdkit_NumAtomStereoCenters,-449.37323,6468.9497,12767.857,XGBoost,provided_plus_rdkit_descriptors,4,5
rdkit_NumBridgeheadAtoms,0.0,0.0,0.0,XGBoost,provided_plus_rdkit_descriptors,4,5
rdkit_NumHAcceptors,0.0,0.0,0.0,XGBoost,provided_plus_rdkit_descriptors,4,5
rdkit_NumHDonors,0.0,0.0,0.0,XGBoost,provided_plus_rdkit_descriptors,4,5
rdkit_NumHeteroatoms,0.0,0.0,0.0,XGBoost,provided_plus_rdkit_descriptors,4,5
rdkit_NumHeterocycles,0.0,0.0,0.0,XGBoost,provided_plus_rdkit_descriptors,4,5
rdkit_NumRotatableBonds,-684.7858,3391.844,4206.524,XGBoost,provided_plus_rdkit_descriptors,4,5
rdkit_NumSaturatedCarbocycles,0.0,0.0,0.0,XGBoost,provided_plus_rdkit_descriptors,4,5
rdkit_NumSaturatedHeterocycles,0.0,0.0,0.0,XGBoost,provided_plus_rdkit_descriptors,4,5
rdkit_NumSaturatedRings,0.0,0.0,0.0,XGBoost,provided_plus_rdkit_descriptors,4,5
rdkit_NumUnspecifiedAtomStereoCenters,3187.807,11656.963,21029.248,XGBoost,provided_plus_rdkit_descriptors,4,5
rdkit_Phi,-316.7857,3287.7756,3315.4434,XGBoost,provided_plus_rdkit_descriptors,4,5
rdkit_RingCount,0.0,0.0,0.0,XGBoost,provided_plus_rdkit_descriptors,4,5
rdkit_MolLogP,-37532.68,153556.11,104039.68,XGBoost,provided_plus_rdkit_descriptors,4,5
rdkit_MolMR,-1418.8293,10119.051,10738.436,XGBoost,provided_plus_rdkit_descriptors,4,5
rdkit_fr_Al_COO,0.0,0.0,0.0,XGBoost,provided_plus_rdkit_descriptors,4,5
rdkit_fr_Al_OH,6385.4243,15206.413,8345.271,XGBoost,provided_plus_rdkit_descriptors,4,5
rdkit_fr_Al_OH_noTert,0.0,0.0,0.0,XGBoost,provided_plus_rdkit_descriptors,4,5
rdkit_fr_COO,0.0,0.0,0.0,XGBoost,provided_plus_rdkit_descriptors,4,5
rdkit_fr_COO2,0.0,0.0,0.0,XGBoost,provided_plus_rdkit_descriptors,4,5
rdkit_fr_C_O,0.0,0.0,0.0,XGBoost,provided_plus_rdkit_descriptors,4,5
rdkit_fr_C_O_noCOO,0.0,0.0,0.0,XGBoost,provided_plus_rdkit_descriptors,4,5
rdkit_fr_NH1,0.0,0.0,0.0,XGBoost,provided_plus_rdkit_descriptors,4,5
rdkit_fr_NH2,0.0,0.0,0.0,XGBoost,provided_plus_rdkit_descriptors,4,5
rdkit_fr_aldehyde,226.29997,9115.814,9348.557,XGBoost,provided_plus_rdkit_descriptors,4,5
rdkit_fr_alkyl_halide,0.0,0.0,0.0,XGBoost,provided_plus_rdkit_descriptors,4,5
rdkit_fr_allylic_oxid,0.0,0.0,0.0,XGBoost,provided_plus_rdkit_descriptors,4,5
rdkit_fr_amide,0.0,0.0,0.0,XGBoost,provided_plus_rdkit_descriptors,4,5
rdkit_fr_bicyclic,0.0,0.0,0.0,XGBoost,provided_plus_rdkit_descriptors,4,5
rdkit_fr_ether,0.0,0.0,0.0,XGBoost,provided_plus_rdkit_descriptors,4,5
rdkit_fr_halogen,0.0,0.0,0.0,XGBoost,provided_plus_rdkit_descriptors,4,5
rdkit_fr_ketone,0.0,0.0,0.0,XGBoost,provided_plus_rdkit_descriptors,4,5
rdkit_fr_ketone_Topliss,0.0,0.0,0.0,XGBoost,provided_plus_rdkit_descriptors,4,5
rdkit_fr_methoxy,0.0,0.0,0.0,XGBoost,provided_plus_rdkit_descriptors,4,5
rdkit_fr_phos_acid,0.0,0.0,0.0,XGBoost,provided_plus_rdkit_descriptors,4,5
rdkit_fr_phos_ester,0.0,0.0,0.0,XGBoost,provided_plus_rdkit_descriptors,4,5
Molecular weight (Da),-8927.815,19607.635,12237.067,XGBoost,provided_plus_rdkit_descriptors,5,1
Solubility (mg/mL),33093.465,532834.4,572200.44,XGBoost,provided_plus_rdkit_descriptors,5,1
"Glass transition temperature (Tg, degC)",64469.426,220386.61,169779.38,XGBoost,provided_plus_rdkit_descriptors,5,1
Viscosity (mPa.s),20558.521,204760.67,141668.66,XGBoost,provided_plus_rdkit_descriptors,5,1
Concentration (% w/v),-31827.03,227258.56,99387.18,XGBoost,provided_plus_rdkit_descriptors,5,1
rdkit_MaxAbsEStateIndex,8098.123,62464.008,61195.14,XGBoost,provided_plus_rdkit_descriptors,5,1
rdkit_MaxEStateIndex,0.0,0.0,0.0,XGBoost,provided_plus_rdkit_descriptors,5,1
rdkit_MinAbsEStateIndex,8098.7036,39191.773,33206.094,XGBoost,provided_plus_rdkit_descriptors,5,1
rdkit_MinEStateIndex,34553.492,95624.67,91212.15,XGBoost,provided_plus_rdkit_descriptors,5,1
rdkit_qed,849.49225,43143.527,42030.176,XGBoost,provided_plus_rdkit_descriptors,5,1
rdkit_SPS,32410.178,71712.84,91377.26,XGBoost,provided_plus_rdkit_descriptors,5,1
rdkit_MolWt,0.0,0.0,0.0,XGBoost,provided_plus_rdkit_descriptors,5,1
rdkit_HeavyAtomMolWt,0.0,0.0,0.0,XGBoost,provided_plus_rdkit_descriptors,5,1
rdkit_ExactMolWt,0.0,0.0,0.0,XGBoost,provided_plus_rdkit_descriptors,5,1
rdkit_NumValenceElectrons,0.0,0.0,0.0,XGBoost,provided_plus_rdkit_descriptors,5,1
rdkit_MaxPartialCharge,-49941.05,122325.805,119529.69,XGBoost,provided_plus_rdkit_descriptors,5,1
rdkit_MinPartialCharge,13285.281,61004.793,31488.754,XGBoost,provided_plus_rdkit_descriptors,5,1
rdkit_MaxAbsPartialCharge,1211.6189,12450.958,13526.135,XGBoost,provided_plus_rdkit_descriptors,5,1
rdkit_MinAbsPartialCharge,0.0,0.0,0.0,XGBoost,provided_plus_rdkit_descriptors,5,1
rdkit_FpDensityMorgan1,25979.955,77848.51,53124.973,XGBoost,provided_plus_rdkit_descriptors,5,1
rdkit_FpDensityMorgan2,-808.20575,12989.027,7245.38,XGBoost,provided_plus_rdkit_descriptors,5,1
rdkit_FpDensityMorgan3,-9964.324,65233.555,41277.754,XGBoost,provided_plus_rdkit_descriptors,5,1
rdkit_BCUT2D_MWHI,1092.7982,16910.48,14809.38,XGBoost,provided_plus_rdkit_descriptors,5,1
rdkit_BCUT2D_MWLOW,-5312.5063,67728.9,50831.47,XGBoost,provided_plus_rdkit_descriptors,5,1
rdkit_BCUT2D_CHGHI,7689.0625,30056.102,17206.754,XGBoost,provided_plus_rdkit_descriptors,5,1
rdkit_BCUT2D_CHGLO,15282.198,59698.92,45861.59,XGBoost,provided_plus_rdkit_descriptors,5,1
rdkit_BCUT2D_LOGPHI,309.80362,7107.51,7366.869,XGBoost,provided_plus_rdkit_descriptors,5,1
rdkit_BCUT2D_LOGPLOW,1961.281,6016.3936,4366.3105,XGBoost,provided_plus_rdkit_descriptors,5,1
rdkit_BCUT2D_MRHI,-7909.2715,79496.33,82155.695,XGBoost,provided_plus_rdkit_descriptors,5,1
rdkit_BCUT2D_MRLOW,-831.3943,18230.379,15088.011,XGBoost,provided_plus_rdkit_descriptors,5,1
rdkit_AvgIpc,-7429.6826,100972.945,145290.45,XGBoost,provided_plus_rdkit_descriptors,5,1
rdkit_BalabanJ,-17402.51,36318.934,35384.38,XGBoost,provided_plus_rdkit_descriptors,5,1
rdkit_BertzCT,-15540.394,74949.88,38699.555,XGBoost,provided_plus_rdkit_descriptors,5,1
rdkit_Chi0,-109.09258,9208.72,8514.648,XGBoost,provided_plus_rdkit_descriptors,5,1
rdkit_Chi0n,-5469.498,31966.473,19040.906,XGBoost,provided_plus_rdkit_descriptors,5,1
rdkit_Chi0v,5635.7896,53091.71,43249.895,XGBoost,provided_plus_rdkit_descriptors,5,1
rdkit_Chi1,1997.2072,5855.892,4133.583,XGBoost,provided_plus_rdkit_descriptors,5,1
rdkit_Chi1n,308.44473,3396.1072,3793.5574,XGBoost,provided_plus_rdkit_descriptors,5,1
rdkit_Chi1v,1142.6842,2027.4958,2221.3284,XGBoost,provided_plus_rdkit_descriptors,5,1
rdkit_Chi2n,8101.2783,19195.482,14485.222,XGBoost,provided_plus_rdkit_descriptors,5,1
rdkit_Chi2v,436.07443,1044.1575,885.23,XGBoost,provided_plus_rdkit_descriptors,5,1
rdkit_Chi3n,-440.8083,1999.2269,1759.8263,XGBoost,provided_plus_rdkit_descriptors,5,1
rdkit_Chi3v,-183.34543,415.2574,938.4019,XGBoost,provided_plus_rdkit_descriptors,5,1
rdkit_Chi4n,0.0,0.0,0.0,XGBoost,provided_plus_rdkit_descriptors,5,1
rdkit_Chi4v,1057.8611,7300.5444,5795.2573,XGBoost,provided_plus_rdkit_descriptors,5,1
rdkit_HallKierAlpha,-58755.266,241346.58,176126.36,XGBoost,provided_plus_rdkit_descriptors,5,1
rdkit_Ipc,-15612.001,37311.984,25282.24,XGBoost,provided_plus_rdkit_descriptors,5,1
rdkit_Kappa1,1985.2081,8392.963,10586.118,XGBoost,provided_plus_rdkit_descriptors,5,1
rdkit_Kappa2,426.2848,3660.745,3463.1086,XGBoost,provided_plus_rdkit_descriptors,5,1
rdkit_Kappa3,762.2542,15145.937,20142.857,XGBoost,provided_plus_rdkit_descriptors,5,1
rdkit_LabuteASA,0.0,0.0,0.0,XGBoost,provided_plus_rdkit_descriptors,5,1
rdkit_PEOE_VSA1,2917.5686,23769.65,23122.133,XGBoost,provided_plus_rdkit_descriptors,5,1
rdkit_PEOE_VSA10,62.156418,898.131,2291.9233,XGBoost,provided_plus_rdkit_descriptors,5,1
rdkit_PEOE_VSA11,-8460.433,55584.477,46449.555,XGBoost,provided_plus_rdkit_descriptors,5,1
rdkit_PEOE_VSA12,-626.5279,1671.3722,1803.393,XGBoost,provided_plus_rdkit_descriptors,5,1
rdkit_PEOE_VSA14,0.0,0.0,0.0,XGBoost,provided_plus_rdkit_descriptors,5,1
rdkit_PEOE_VSA2,-147.08505,2656.9724,4095.8362,XGBoost,provided_plus_rdkit_descriptors,5,1
rdkit_PEOE_VSA3,0.0,0.0,0.0,XGBoost,provided_plus_rdkit_descriptors,5,1
rdkit_PEOE_VSA5,0.0,0.0,0.0,XGBoost,provided_plus_rdkit_descriptors,5,1
rdkit_PEOE_VSA6,0.0,0.0,0.0,XGBoost,provided_plus_rdkit_descriptors,5,1
rdkit_PEOE_VSA7,-226.94144,1140.8417,1705.4519,XGBoost,provided_plus_rdkit_descriptors,5,1
rdkit_PEOE_VSA8,91.60186,828.9998,1752.5558,XGBoost,provided_plus_rdkit_descriptors,5,1
rdkit_PEOE_VSA9,-95.10131,1365.1915,1304.0045,XGBoost,provided_plus_rdkit_descriptors,5,1
rdkit_SMR_VSA1,101.15867,970.7695,1041.4899,XGBoost,provided_plus_rdkit_descriptors,5,1
rdkit_SMR_VSA10,-251.55081,853.2459,1011.27954,XGBoost,provided_plus_rdkit_descriptors,5,1
rdkit_SMR_VSA3,0.0,0.0,0.0,XGBoost,provided_plus_rdkit_descriptors,5,1
rdkit_SMR_VSA4,0.0,0.0,0.0,XGBoost,provided_plus_rdkit_descriptors,5,1
rdkit_SMR_VSA5,1284.3522,5252.3696,5449.5767,XGBoost,provided_plus_rdkit_descriptors,5,1
rdkit_SMR_VSA6,-15.599072,742.618,895.8524,XGBoost,provided_plus_rdkit_descriptors,5,1
rdkit_SMR_VSA7,0.0,0.0,0.0,XGBoost,provided_plus_rdkit_descriptors,5,1
rdkit_SlogP_VSA1,0.0,0.0,0.0,XGBoost,provided_plus_rdkit_descriptors,5,1
rdkit_SlogP_VSA12,0.0,0.0,0.0,XGBoost,provided_plus_rdkit_descriptors,5,1
rdkit_SlogP_VSA2,-15731.769,42652.395,26038.709,XGBoost,provided_plus_rdkit_descriptors,5,1
rdkit_SlogP_VSA3,-21588.1,78197.13,36599.316,XGBoost,provided_plus_rdkit_descriptors,5,1
rdkit_SlogP_VSA4,0.0,0.0,0.0,XGBoost,provided_plus_rdkit_descriptors,5,1
rdkit_SlogP_VSA5,-792.12585,1966.3016,2071.9292,XGBoost,provided_plus_rdkit_descriptors,5,1
rdkit_SlogP_VSA6,0.0,0.0,0.0,XGBoost,provided_plus_rdkit_descriptors,5,1
rdkit_TPSA,-1797.6796,3212.7527,5014.0005,XGBoost,provided_plus_rdkit_descriptors,5,1
rdkit_EState_VSA1,4318.736,13955.493,13697.633,XGBoost,provided_plus_rdkit_descriptors,5,1
rdkit_EState_VSA10,29578.53,436941.88,206464.62,XGBoost,provided_plus_rdkit_descriptors,5,1
rdkit_EState_VSA2,-6401.825,27493.805,73977.125,XGBoost,provided_plus_rdkit_descriptors,5,1
rdkit_EState_VSA3,441.68948,3733.0881,9093.546,XGBoost,provided_plus_rdkit_descriptors,5,1
rdkit_EState_VSA4,0.0,0.0,0.0,XGBoost,provided_plus_rdkit_descriptors,5,1
rdkit_EState_VSA5,0.0,0.0,0.0,XGBoost,provided_plus_rdkit_descriptors,5,1
rdkit_EState_VSA6,0.0,0.0,0.0,XGBoost,provided_plus_rdkit_descriptors,5,1
rdkit_EState_VSA7,0.0,0.0,0.0,XGBoost,provided_plus_rdkit_descriptors,5,1
rdkit_EState_VSA8,-894.8297,3127.839,3635.4749,XGBoost,provided_plus_rdkit_descriptors,5,1
rdkit_EState_VSA9,19908.623,97576.95,66669.516,XGBoost,provided_plus_rdkit_descriptors,5,1
rdkit_VSA_EState1,1169.4473,6667.2856,5477.5977,XGBoost,provided_plus_rdkit_descriptors,5,1
rdkit_VSA_EState10,0.0,0.0,0.0,XGBoost,provided_plus_rdkit_descriptors,5,1
rdkit_VSA_EState2,4615.3125,56004.875,45666.2,XGBoost,provided_plus_rdkit_descriptors,5,1
rdkit_VSA_EState3,18748.867,77058.61,43696.867,XGBoost,provided_plus_rdkit_descriptors,5,1
rdkit_VSA_EState4,0.0,0.0,0.0,XGBoost,provided_plus_rdkit_descriptors,5,1
rdkit_VSA_EState5,303.5485,1045.3871,1474.1981,XGBoost,provided_plus_rdkit_descriptors,5,1
rdkit_VSA_EState6,0.0,0.0,0.0,XGBoost,provided_plus_rdkit_descriptors,5,1
rdkit_VSA_EState7,32213.842,57116.96,42673.066,XGBoost,provided_plus_rdkit_descriptors,5,1
rdkit_VSA_EState8,52507.734,131775.94,88472.2,XGBoost,provided_plus_rdkit_descriptors,5,1
rdkit_VSA_EState9,0.0,0.0,0.0,XGBoost,provided_plus_rdkit_descriptors,5,1
rdkit_FractionCSP3,0.0,0.0,0.0,XGBoost,provided_plus_rdkit_descriptors,5,1
rdkit_HeavyAtomCount,0.0,0.0,0.0,XGBoost,provided_plus_rdkit_descriptors,5,1
rdkit_NHOHCount,0.0,0.0,0.0,XGBoost,provided_plus_rdkit_descriptors,5,1
rdkit_NOCount,0.0,0.0,0.0,XGBoost,provided_plus_rdkit_descriptors,5,1
rdkit_NumAliphaticCarbocycles,0.0,0.0,0.0,XGBoost,provided_plus_rdkit_descriptors,5,1
rdkit_NumAliphaticHeterocycles,212.29443,981.4653,1293.4653,XGBoost,provided_plus_rdkit_descriptors,5,1
rdkit_NumAliphaticRings,0.0,0.0,0.0,XGBoost,provided_plus_rdkit_descriptors,5,1
rdkit_NumAmideBonds,0.0,0.0,0.0,XGBoost,provided_plus_rdkit_descriptors,5,1
rdkit_NumAtomStereoCenters,563.3708,5743.976,9996.447,XGBoost,provided_plus_rdkit_descriptors,5,1
rdkit_NumBridgeheadAtoms,0.0,0.0,0.0,XGBoost,provided_plus_rdkit_descriptors,5,1
rdkit_NumHAcceptors,0.0,0.0,0.0,XGBoost,provided_plus_rdkit_descriptors,5,1
rdkit_NumHDonors,0.0,0.0,0.0,XGBoost,provided_plus_rdkit_descriptors,5,1
rdkit_NumHeteroatoms,0.0,0.0,0.0,XGBoost,provided_plus_rdkit_descriptors,5,1
rdkit_NumHeterocycles,0.0,0.0,0.0,XGBoost,provided_plus_rdkit_descriptors,5,1
rdkit_NumRotatableBonds,-275.211,711.87976,867.6219,XGBoost,provided_plus_rdkit_descriptors,5,1
rdkit_NumSaturatedCarbocycles,0.0,0.0,0.0,XGBoost,provided_plus_rdkit_descriptors,5,1
rdkit_NumSaturatedHeterocycles,0.0,0.0,0.0,XGBoost,provided_plus_rdkit_descriptors,5,1
rdkit_NumSaturatedRings,0.0,0.0,0.0,XGBoost,provided_plus_rdkit_descriptors,5,1
rdkit_NumUnspecifiedAtomStereoCenters,2146.3467,4142.3364,7908.38,XGBoost,provided_plus_rdkit_descriptors,5,1
rdkit_Phi,-398.15262,14805.362,7631.7197,XGBoost,provided_plus_rdkit_descriptors,5,1
rdkit_RingCount,0.0,0.0,0.0,XGBoost,provided_plus_rdkit_descriptors,5,1
rdkit_MolLogP,-14168.095,215175.36,134149.56,XGBoost,provided_plus_rdkit_descriptors,5,1
rdkit_MolMR,2369.9497,34565.79,33617.69,XGBoost,provided_plus_rdkit_descriptors,5,1
rdkit_fr_Al_COO,0.0,0.0,0.0,XGBoost,provided_plus_rdkit_descriptors,5,1
rdkit_fr_Al_OH,-237.24655,2422.8645,2893.8398,XGBoost,provided_plus_rdkit_descriptors,5,1
rdkit_fr_Al_OH_noTert,0.0,0.0,0.0,XGBoost,provided_plus_rdkit_descriptors,5,1
rdkit_fr_COO,0.0,0.0,0.0,XGBoost,provided_plus_rdkit_descriptors,5,1
rdkit_fr_COO2,0.0,0.0,0.0,XGBoost,provided_plus_rdkit_descriptors,5,1
rdkit_fr_C_O,0.0,0.0,0.0,XGBoost,provided_plus_rdkit_descriptors,5,1
rdkit_fr_C_O_noCOO,0.0,0.0,0.0,XGBoost,provided_plus_rdkit_descriptors,5,1
rdkit_fr_NH1,0.0,0.0,0.0,XGBoost,provided_plus_rdkit_descriptors,5,1
rdkit_fr_NH2,0.0,0.0,0.0,XGBoost,provided_plus_rdkit_descriptors,5,1
rdkit_fr_aldehyde,4759.546,15687.129,16292.576,XGBoost,provided_plus_rdkit_descriptors,5,1
rdkit_fr_alkyl_halide,0.0,0.0,0.0,XGBoost,provided_plus_rdkit_descriptors,5,1
rdkit_fr_allylic_oxid,0.0,0.0,0.0,XGBoost,provided_plus_rdkit_descriptors,5,1
rdkit_fr_amide,0.0,0.0,0.0,XGBoost,provided_plus_rdkit_descriptors,5,1
rdkit_fr_bicyclic,0.0,0.0,0.0,XGBoost,provided_plus_rdkit_descriptors,5,1
rdkit_fr_ether,0.0,0.0,0.0,XGBoost,provided_plus_rdkit_descriptors,5,1
rdkit_fr_halogen,0.0,0.0,0.0,XGBoost,provided_plus_rdkit_descriptors,5,1
rdkit_fr_ketone,-760.9358,1383.3068,1200.4755,XGBoost,provided_plus_rdkit_descriptors,5,1
rdkit_fr_ketone_Topliss,0.0,0.0,0.0,XGBoost,provided_plus_rdkit_descriptors,5,1
rdkit_fr_methoxy,0.0,0.0,0.0,XGBoost,provided_plus_rdkit_descriptors,5,1
rdkit_fr_phos_acid,0.0,0.0,0.0,XGBoost,provided_plus_rdkit_descriptors,5,1
rdkit_fr_phos_ester,0.0,0.0,0.0,XGBoost,provided_plus_rdkit_descriptors,5,1
Molecular weight (Da),3536.8208,20407.268,14484.669,XGBoost,provided_plus_rdkit_descriptors,5,2
Solubility (mg/mL),-163934.1,501058.0,428924.94,XGBoost,provided_plus_rdkit_descriptors,5,2
"Glass transition temperature (Tg, degC)",-81819.45,234470.77,203694.8,XGBoost,provided_plus_rdkit_descriptors,5,2
Viscosity (mPa.s),10933.083,144636.5,135070.02,XGBoost,provided_plus_rdkit_descriptors,5,2
Concentration (% w/v),39119.18,295541.16,137580.47,XGBoost,provided_plus_rdkit_descriptors,5,2
rdkit_MaxAbsEStateIndex,-52838.418,91962.805,123258.87,XGBoost,provided_plus_rdkit_descriptors,5,2
rdkit_MaxEStateIndex,0.0,0.0,0.0,XGBoost,provided_plus_rdkit_descriptors,5,2
rdkit_MinAbsEStateIndex,-13003.592,75412.21,127983.46,XGBoost,provided_plus_rdkit_descriptors,5,2
rdkit_MinEStateIndex,17803.604,51972.04,48569.49,XGBoost,provided_plus_rdkit_descriptors,5,2
rdkit_qed,-32434.725,82032.625,47993.402,XGBoost,provided_plus_rdkit_descriptors,5,2
rdkit_SPS,11023.366,49729.508,57264.33,XGBoost,provided_plus_rdkit_descriptors,5,2
rdkit_MolWt,0.0,0.0,0.0,XGBoost,provided_plus_rdkit_descriptors,5,2
rdkit_HeavyAtomMolWt,0.0,0.0,0.0,XGBoost,provided_plus_rdkit_descriptors,5,2
rdkit_ExactMolWt,0.0,0.0,0.0,XGBoost,provided_plus_rdkit_descriptors,5,2
rdkit_NumValenceElectrons,0.0,0.0,0.0,XGBoost,provided_plus_rdkit_descriptors,5,2
rdkit_MaxPartialCharge,-102104.46,245057.14,131936.0,XGBoost,provided_plus_rdkit_descriptors,5,2
rdkit_MinPartialCharge,-39704.16,78999.28,42772.996,XGBoost,provided_plus_rdkit_descriptors,5,2
rdkit_MaxAbsPartialCharge,-454.2391,2795.176,1994.1732,XGBoost,provided_plus_rdkit_descriptors,5,2
rdkit_MinAbsPartialCharge,0.0,0.0,0.0,XGBoost,provided_plus_rdkit_descriptors,5,2
rdkit_FpDensityMorgan1,13685.702,39059.254,27811.72,XGBoost,provided_plus_rdkit_descriptors,5,2
rdkit_FpDensityMorgan2,591.5178,9080.317,7073.398,XGBoost,provided_plus_rdkit_descriptors,5,2
rdkit_FpDensityMorgan3,-13665.322,63910.87,35359.105,XGBoost,provided_plus_rdkit_descriptors,5,2
rdkit_BCUT2D_MWHI,-3872.78,11603.416,9811.494,XGBoost,provided_plus_rdkit_descriptors,5,2
rdkit_BCUT2D_MWLOW,-11766.685,33903.875,28703.684,XGBoost,provided_plus_rdkit_descriptors,5,2
rdkit_BCUT2D_CHGHI,-8064.6562,17415.51,12780.496,XGBoost,provided_plus_rdkit_descriptors,5,2
rdkit_BCUT2D_CHGLO,-4359.4043,20200.182,14259.623,XGBoost,provided_plus_rdkit_descriptors,5,2
rdkit_BCUT2D_LOGPHI,-464.0879,1918.3969,2347.3567,XGBoost,provided_plus_rdkit_descriptors,5,2
rdkit_BCUT2D_LOGPLOW,-3354.3333,9484.636,5811.289,XGBoost,provided_plus_rdkit_descriptors,5,2
rdkit_BCUT2D_MRHI,2226.9114,50531.4,61302.223,XGBoost,provided_plus_rdkit_descriptors,5,2
rdkit_BCUT2D_MRLOW,-107.53626,13832.629,12658.161,XGBoost,provided_plus_rdkit_descriptors,5,2
rdkit_AvgIpc,-97046.484,142539.67,127703.64,XGBoost,provided_plus_rdkit_descriptors,5,2
rdkit_BalabanJ,-5637.4346,25479.299,22743.846,XGBoost,provided_plus_rdkit_descriptors,5,2
rdkit_BertzCT,1533.6083,5094.396,4452.3545,XGBoost,provided_plus_rdkit_descriptors,5,2
rdkit_Chi0,-801.6611,1400.2173,1495.3732,XGBoost,provided_plus_rdkit_descriptors,5,2
rdkit_Chi0n,-2096.2773,13417.3545,10972.768,XGBoost,provided_plus_rdkit_descriptors,5,2
rdkit_Chi0v,28075.207,95860.234,85797.33,XGBoost,provided_plus_rdkit_descriptors,5,2
rdkit_Chi1,2522.306,5259.3745,3783.3394,XGBoost,provided_plus_rdkit_descriptors,5,2
rdkit_Chi1n,0.0,0.0,0.0,XGBoost,provided_plus_rdkit_descriptors,5,2
rdkit_Chi1v,884.0445,6926.15,6848.2627,XGBoost,provided_plus_rdkit_descriptors,5,2
rdkit_Chi2n,2186.1675,7121.9404,5606.2583,XGBoost,provided_plus_rdkit_descriptors,5,2
rdkit_Chi2v,0.0,0.0,0.0,XGBoost,provided_plus_rdkit_descriptors,5,2
rdkit_Chi3n,-1321.8821,4826.731,3737.3892,XGBoost,provided_plus_rdkit_descriptors,5,2
rdkit_Chi3v,0.0,0.0,0.0,XGBoost,provided_plus_rdkit_descriptors,5,2
rdkit_Chi4n,-219.24626,1255.049,919.8843,XGBoost,provided_plus_rdkit_descriptors,5,2
rdkit_Chi4v,-741.3925,3171.276,2119.6816,XGBoost,provided_plus_rdkit_descriptors,5,2
rdkit_HallKierAlpha,-80849.42,182667.1,117213.734,XGBoost,provided_plus_rdkit_descriptors,5,2
rdkit_Ipc,-8588.644,24366.271,17925.107,XGBoost,provided_plus_rdkit_descriptors,5,2
rdkit_Kappa1,-6660.0454,9706.407,8056.9033,XGBoost,provided_plus_rdkit_descriptors,5,2
rdkit_Kappa2,10222.499,24515.465,21729.182,XGBoost,provided_plus_rdkit_descriptors,5,2
rdkit_Kappa3,-332.8993,12233.189,11076.693,XGBoost,provided_plus_rdkit_descriptors,5,2
rdkit_LabuteASA,-251.2884,581.57635,797.0194,XGBoost,provided_plus_rdkit_descriptors,5,2
rdkit_PEOE_VSA1,-18787.414,64659.465,74023.125,XGBoost,provided_plus_rdkit_descriptors,5,2
rdkit_PEOE_VSA10,961.008,1757.7363,2097.0833,XGBoost,provided_plus_rdkit_descriptors,5,2
rdkit_PEOE_VSA11,-25221.525,55303.574,43423.785,XGBoost,provided_plus_rdkit_descriptors,5,2
rdkit_PEOE_VSA12,-4.8481607,776.9531,1638.5981,XGBoost,provided_plus_rdkit_descriptors,5,2
rdkit_PEOE_VSA14,0.0,0.0,0.0,XGBoost,provided_plus_rdkit_descriptors,5,2
rdkit_PEOE_VSA2,0.0,0.0,0.0,XGBoost,provided_plus_rdkit_descriptors,5,2
rdkit_PEOE_VSA3,0.0,0.0,0.0,XGBoost,provided_plus_rdkit_descriptors,5,2
rdkit_PEOE_VSA5,0.0,0.0,0.0,XGBoost,provided_plus_rdkit_descriptors,5,2
rdkit_PEOE_VSA6,0.0,0.0,0.0,XGBoost,provided_plus_rdkit_descriptors,5,2
rdkit_PEOE_VSA7,-606.27734,5426.69,8308.39,XGBoost,provided_plus_rdkit_descriptors,5,2
rdkit_PEOE_VSA8,-2292.1245,3816.1868,3688.3538,XGBoost,provided_plus_rdkit_descriptors,5,2
rdkit_PEOE_VSA9,4246.966,10669.109,17030.133,XGBoost,provided_plus_rdkit_descriptors,5,2
rdkit_SMR_VSA1,408.1794,2089.3474,2964.2034,XGBoost,provided_plus_rdkit_descriptors,5,2
rdkit_SMR_VSA10,-264.1776,2254.2917,2539.7844,XGBoost,provided_plus_rdkit_descriptors,5,2
rdkit_SMR_VSA3,0.0,0.0,0.0,XGBoost,provided_plus_rdkit_descriptors,5,2
rdkit_SMR_VSA4,0.0,0.0,0.0,XGBoost,provided_plus_rdkit_descriptors,5,2
rdkit_SMR_VSA5,9436.843,16902.445,15481.393,XGBoost,provided_plus_rdkit_descriptors,5,2
rdkit_SMR_VSA6,51.45848,4798.2217,4263.4243,XGBoost,provided_plus_rdkit_descriptors,5,2
rdkit_SMR_VSA7,0.0,0.0,0.0,XGBoost,provided_plus_rdkit_descriptors,5,2
rdkit_SlogP_VSA1,0.0,0.0,0.0,XGBoost,provided_plus_rdkit_descriptors,5,2
rdkit_SlogP_VSA12,0.0,0.0,0.0,XGBoost,provided_plus_rdkit_descriptors,5,2
rdkit_SlogP_VSA2,-28327.777,55505.05,31006.826,XGBoost,provided_plus_rdkit_descriptors,5,2
rdkit_SlogP_VSA3,-17684.973,20782.104,21371.152,XGBoost,provided_plus_rdkit_descriptors,5,2
rdkit_SlogP_VSA4,0.0,0.0,0.0,XGBoost,provided_plus_rdkit_descriptors,5,2
rdkit_SlogP_VSA5,-835.0206,2199.2153,2868.695,XGBoost,provided_plus_rdkit_descriptors,5,2
rdkit_SlogP_VSA6,0.0,0.0,0.0,XGBoost,provided_plus_rdkit_descriptors,5,2
rdkit_TPSA,0.0,0.0,0.0,XGBoost,provided_plus_rdkit_descriptors,5,2
rdkit_EState_VSA1,931.47437,2010.2968,2221.2659,XGBoost,provided_plus_rdkit_descriptors,5,2
rdkit_EState_VSA10,-142595.03,764464.44,355844.38,XGBoost,provided_plus_rdkit_descriptors,5,2
rdkit_EState_VSA2,-31.178385,12288.982,29296.277,XGBoost,provided_plus_rdkit_descriptors,5,2
rdkit_EState_VSA3,280.80258,280.80258,56.79122,XGBoost,provided_plus_rdkit_descriptors,5,2
rdkit_EState_VSA4,0.0,0.0,0.0,XGBoost,provided_plus_rdkit_descriptors,5,2
rdkit_EState_VSA5,-186.67596,1080.8378,1771.2408,XGBoost,provided_plus_rdkit_descriptors,5,2
rdkit_EState_VSA6,0.0,0.0,0.0,XGBoost,provided_plus_rdkit_descriptors,5,2
rdkit_EState_VSA7,0.0,0.0,0.0,XGBoost,provided_plus_rdkit_descriptors,5,2
rdkit_EState_VSA8,-606.09296,2013.2731,2948.1072,XGBoost,provided_plus_rdkit_descriptors,5,2
rdkit_EState_VSA9,-18468.758,129190.375,78258.836,XGBoost,provided_plus_rdkit_descriptors,5,2
rdkit_VSA_EState1,-1045.409,1407.0286,2400.022,XGBoost,provided_plus_rdkit_descriptors,5,2
rdkit_VSA_EState10,0.0,0.0,0.0,XGBoost,provided_plus_rdkit_descriptors,5,2
rdkit_VSA_EState2,-18909.367,61001.586,59952.766,XGBoost,provided_plus_rdkit_descriptors,5,2
rdkit_VSA_EState3,18358.648,46585.098,40021.918,XGBoost,provided_plus_rdkit_descriptors,5,2
rdkit_VSA_EState4,0.0,0.0,0.0,XGBoost,provided_plus_rdkit_descriptors,5,2
rdkit_VSA_EState5,-501.81512,4858.6694,4787.3726,XGBoost,provided_plus_rdkit_descriptors,5,2
rdkit_VSA_EState6,0.0,0.0,0.0,XGBoost,provided_plus_rdkit_descriptors,5,2
rdkit_VSA_EState7,1047.9125,22298.025,18171.324,XGBoost,provided_plus_rdkit_descriptors,5,2
rdkit_VSA_EState8,-40770.965,244521.66,265103.3,XGBoost,provided_plus_rdkit_descriptors,5,2
rdkit_VSA_EState9,0.0,0.0,0.0,XGBoost,provided_plus_rdkit_descriptors,5,2
rdkit_FractionCSP3,5.0352993,547.1368,1048.2166,XGBoost,provided_plus_rdkit_descriptors,5,2
rdkit_HeavyAtomCount,0.0,0.0,0.0,XGBoost,provided_plus_rdkit_descriptors,5,2
rdkit_NHOHCount,0.0,0.0,0.0,XGBoost,provided_plus_rdkit_descriptors,5,2
rdkit_NOCount,0.0,0.0,0.0,XGBoost,provided_plus_rdkit_descriptors,5,2
rdkit_NumAliphaticCarbocycles,0.0,0.0,0.0,XGBoost,provided_plus_rdkit_descriptors,5,2
rdkit_NumAliphaticHeterocycles,0.0,0.0,0.0,XGBoost,provided_plus_rdkit_descriptors,5,2
rdkit_NumAliphaticRings,0.0,0.0,0.0,XGBoost,provided_plus_rdkit_descriptors,5,2
rdkit_NumAmideBonds,0.0,0.0,0.0,XGBoost,provided_plus_rdkit_descriptors,5,2
rdkit_NumAtomStereoCenters,6236.6846,12470.206,23634.09,XGBoost,provided_plus_rdkit_descriptors,5,2
rdkit_NumBridgeheadAtoms,0.0,0.0,0.0,XGBoost,provided_plus_rdkit_descriptors,5,2
rdkit_NumHAcceptors,0.0,0.0,0.0,XGBoost,provided_plus_rdkit_descriptors,5,2
rdkit_NumHDonors,0.0,0.0,0.0,XGBoost,provided_plus_rdkit_descriptors,5,2
rdkit_NumHeteroatoms,0.0,0.0,0.0,XGBoost,provided_plus_rdkit_descriptors,5,2
rdkit_NumHeterocycles,0.0,0.0,0.0,XGBoost,provided_plus_rdkit_descriptors,5,2
rdkit_NumRotatableBonds,-421.9719,3843.5344,5190.4014,XGBoost,provided_plus_rdkit_descriptors,5,2
rdkit_NumSaturatedCarbocycles,0.0,0.0,0.0,XGBoost,provided_plus_rdkit_descriptors,5,2
rdkit_NumSaturatedHeterocycles,0.0,0.0,0.0,XGBoost,provided_plus_rdkit_descriptors,5,2
rdkit_NumSaturatedRings,0.0,0.0,0.0,XGBoost,provided_plus_rdkit_descriptors,5,2
rdkit_NumUnspecifiedAtomStereoCenters,48.085903,755.8192,1425.5487,XGBoost,provided_plus_rdkit_descriptors,5,2
rdkit_Phi,2385.8486,23539.355,19496.604,XGBoost,provided_plus_rdkit_descriptors,5,2
rdkit_RingCount,0.0,0.0,0.0,XGBoost,provided_plus_rdkit_descriptors,5,2
rdkit_MolLogP,-40009.652,87792.45,50924.445,XGBoost,provided_plus_rdkit_descriptors,5,2
rdkit_MolMR,-4332.007,11230.946,8911.002,XGBoost,provided_plus_rdkit_descriptors,5,2
rdkit_fr_Al_COO,0.0,0.0,0.0,XGBoost,provided_plus_rdkit_descriptors,5,2
rdkit_fr_Al_OH,8269.526,19575.156,16219.179,XGBoost,provided_plus_rdkit_descriptors,5,2
rdkit_fr_Al_OH_noTert,0.0,0.0,0.0,XGBoost,provided_plus_rdkit_descriptors,5,2
rdkit_fr_COO,0.0,0.0,0.0,XGBoost,provided_plus_rdkit_descriptors,5,2
rdkit_fr_COO2,0.0,0.0,0.0,XGBoost,provided_plus_rdkit_descriptors,5,2
rdkit_fr_C_O,0.0,0.0,0.0,XGBoost,provided_plus_rdkit_descriptors,5,2
rdkit_fr_C_O_noCOO,0.0,0.0,0.0,XGBoost,provided_plus_rdkit_descriptors,5,2
rdkit_fr_NH1,0.0,0.0,0.0,XGBoost,provided_plus_rdkit_descriptors,5,2
rdkit_fr_NH2,0.0,0.0,0.0,XGBoost,provided_plus_rdkit_descriptors,5,2
rdkit_fr_aldehyde,-3250.981,12015.835,12608.47,XGBoost,provided_plus_rdkit_descriptors,5,2
rdkit_fr_alkyl_halide,0.0,0.0,0.0,XGBoost,provided_plus_rdkit_descriptors,5,2
rdkit_fr_allylic_oxid,0.0,0.0,0.0,XGBoost,provided_plus_rdkit_descriptors,5,2
rdkit_fr_amide,0.0,0.0,0.0,XGBoost,provided_plus_rdkit_descriptors,5,2
rdkit_fr_bicyclic,0.0,0.0,0.0,XGBoost,provided_plus_rdkit_descriptors,5,2
rdkit_fr_ether,0.0,0.0,0.0,XGBoost,provided_plus_rdkit_descriptors,5,2
rdkit_fr_halogen,0.0,0.0,0.0,XGBoost,provided_plus_rdkit_descriptors,5,2
rdkit_fr_ketone,-198.62898,712.82855,1145.4402,XGBoost,provided_plus_rdkit_descriptors,5,2
rdkit_fr_ketone_Topliss,0.0,0.0,0.0,XGBoost,provided_plus_rdkit_descriptors,5,2
rdkit_fr_methoxy,0.0,0.0,0.0,XGBoost,provided_plus_rdkit_descriptors,5,2
rdkit_fr_phos_acid,0.0,0.0,0.0,XGBoost,provided_plus_rdkit_descriptors,5,2
rdkit_fr_phos_ester,0.0,0.0,0.0,XGBoost,provided_plus_rdkit_descriptors,5,2
Molecular weight (Da),7604.358,37587.33,29169.746,XGBoost,provided_plus_rdkit_descriptors,5,3
Solubility (mg/mL),24091.45,536330.3,562894.8,XGBoost,provided_plus_rdkit_descriptors,5,3
"Glass transition temperature (Tg, degC)",1463.6805,277801.88,216255.61,XGBoost,provided_plus_rdkit_descriptors,5,3
Viscosity (mPa.s),17001.34,160852.22,164750.94,XGBoost,provided_plus_rdkit_descriptors,5,3
Concentration (% w/v),73550.98,260866.03,138691.89,XGBoost,provided_plus_rdkit_descriptors,5,3
rdkit_MaxAbsEStateIndex,25813.229,61095.9,45841.742,XGBoost,provided_plus_rdkit_descriptors,5,3
rdkit_MaxEStateIndex,0.0,0.0,0.0,XGBoost,provided_plus_rdkit_descriptors,5,3
rdkit_MinAbsEStateIndex,-3296.3826,48864.45,81401.03,XGBoost,provided_plus_rdkit_descriptors,5,3
rdkit_MinEStateIndex,46700.535,58711.715,63258.11,XGBoost,provided_plus_rdkit_descriptors,5,3
rdkit_qed,-4163.1035,25164.232,22886.906,XGBoost,provided_plus_rdkit_descriptors,5,3
rdkit_SPS,16176.134,33311.242,49912.63,XGBoost,provided_plus_rdkit_descriptors,5,3
rdkit_MolWt,0.0,0.0,0.0,XGBoost,provided_plus_rdkit_descriptors,5,3
rdkit_HeavyAtomMolWt,0.0,0.0,0.0,XGBoost,provided_plus_rdkit_descriptors,5,3
rdkit_ExactMolWt,0.0,0.0,0.0,XGBoost,provided_plus_rdkit_descriptors,5,3
rdkit_NumValenceElectrons,0.0,0.0,0.0,XGBoost,provided_plus_rdkit_descriptors,5,3
rdkit_MaxPartialCharge,-31372.646,96562.305,93858.29,XGBoost,provided_plus_rdkit_descriptors,5,3
rdkit_MinPartialCharge,-1105.077,27732.3,21815.904,XGBoost,provided_plus_rdkit_descriptors,5,3
rdkit_MaxAbsPartialCharge,1316.3367,14290.325,14474.644,XGBoost,provided_plus_rdkit_descriptors,5,3
rdkit_MinAbsPartialCharge,0.0,0.0,0.0,XGBoost,provided_plus_rdkit_descriptors,5,3
rdkit_FpDensityMorgan1,23370.438,47156.758,47990.234,XGBoost,provided_plus_rdkit_descriptors,5,3
rdkit_FpDensityMorgan2,-3280.4458,10218.625,7399.682,XGBoost,provided_plus_rdkit_descriptors,5,3
rdkit_FpDensityMorgan3,5827.275,43812.14,28027.176,XGBoost,provided_plus_rdkit_descriptors,5,3
rdkit_BCUT2D_MWHI,1505.0795,10840.495,11409.1875,XGBoost,provided_plus_rdkit_descriptors,5,3
rdkit_BCUT2D_MWLOW,6874.648,35652.562,35879.26,XGBoost,provided_plus_rdkit_descriptors,5,3
rdkit_BCUT2D_CHGHI,-1461.0161,25812.375,18149.023,XGBoost,provided_plus_rdkit_descriptors,5,3
rdkit_BCUT2D_CHGLO,-14442.456,46443.67,37696.38,XGBoost,provided_plus_rdkit_descriptors,5,3
rdkit_BCUT2D_LOGPHI,-2056.0044,4469.6987,4068.9749,XGBoost,provided_plus_rdkit_descriptors,5,3
rdkit_BCUT2D_LOGPLOW,-100.776985,7144.83,4272.5967,XGBoost,provided_plus_rdkit_descriptors,5,3
rdkit_BCUT2D_MRHI,11879.569,49856.258,59445.434,XGBoost,provided_plus_rdkit_descriptors,5,3
rdkit_BCUT2D_MRLOW,13566.3125,36057.96,27485.963,XGBoost,provided_plus_rdkit_descriptors,5,3
rdkit_AvgIpc,-16972.953,110564.055,140037.6,XGBoost,provided_plus_rdkit_descriptors,5,3
rdkit_BalabanJ,-10126.147,30874.076,24091.445,XGBoost,provided_plus_rdkit_descriptors,5,3
rdkit_BertzCT,4298.7354,6858.931,5957.3887,XGBoost,provided_plus_rdkit_descriptors,5,3
rdkit_Chi0,1015.1286,1872.5847,3390.1863,XGBoost,provided_plus_rdkit_descriptors,5,3
rdkit_Chi0n,0.0,0.0,0.0,XGBoost,provided_plus_rdkit_descriptors,5,3
rdkit_Chi0v,74415.37,118443.164,148058.53,XGBoost,provided_plus_rdkit_descriptors,5,3
rdkit_Chi1,2910.9294,5942.7407,4956.2744,XGBoost,provided_plus_rdkit_descriptors,5,3
rdkit_Chi1n,-489.03287,1574.4108,1621.1624,XGBoost,provided_plus_rdkit_descriptors,5,3
rdkit_Chi1v,0.0,0.0,0.0,XGBoost,provided_plus_rdkit_descriptors,5,3
rdkit_Chi2n,0.0,0.0,0.0,XGBoost,provided_plus_rdkit_descriptors,5,3
rdkit_Chi2v,1584.4495,2771.475,4595.2915,XGBoost,provided_plus_rdkit_descriptors,5,3
rdkit_Chi3n,-1651.8062,6404.7485,5129.087,XGBoost,provided_plus_rdkit_descriptors,5,3
rdkit_Chi3v,-595.0625,3031.3752,2030.5303,XGBoost,provided_plus_rdkit_descriptors,5,3
rdkit_Chi4n,5.577832,965.2884,960.123,XGBoost,provided_plus_rdkit_descriptors,5,3
rdkit_Chi4v,1522.6726,7777.878,5644.6367,XGBoost,provided_plus_rdkit_descriptors,5,3
rdkit_HallKierAlpha,2159.9243,88283.75,57712.32,XGBoost,provided_plus_rdkit_descriptors,5,3
rdkit_Ipc,922.7825,15547.219,14591.3125,XGBoost,provided_plus_rdkit_descriptors,5,3
rdkit_Kappa1,-1027.3236,10325.874,10549.231,XGBoost,provided_plus_rdkit_descriptors,5,3
rdkit_Kappa2,-180.9643,3036.1602,2994.0642,XGBoost,provided_plus_rdkit_descriptors,5,3
rdkit_Kappa3,29.096354,21410.105,20296.643,XGBoost,provided_plus_rdkit_descriptors,5,3
rdkit_LabuteASA,0.0,0.0,0.0,XGBoost,provided_plus_rdkit_descriptors,5,3
rdkit_PEOE_VSA1,-6901.542,67421.805,83855.055,XGBoost,provided_plus_rdkit_descriptors,5,3
rdkit_PEOE_VSA10,-5762.444,14705.795,15979.346,XGBoost,provided_plus_rdkit_descriptors,5,3
rdkit_PEOE_VSA11,-2969.1604,92091.984,70079.65,XGBoost,provided_plus_rdkit_descriptors,5,3
rdkit_PEOE_VSA12,0.0,0.0,0.0,XGBoost,provided_plus_rdkit_descriptors,5,3
rdkit_PEOE_VSA14,0.0,0.0,0.0,XGBoost,provided_plus_rdkit_descriptors,5,3
rdkit_PEOE_VSA2,47.01974,2163.5215,3352.4487,XGBoost,provided_plus_rdkit_descriptors,5,3
rdkit_PEOE_VSA3,0.0,0.0,0.0,XGBoost,provided_plus_rdkit_descriptors,5,3
rdkit_PEOE_VSA5,0.0,0.0,0.0,XGBoost,provided_plus_rdkit_descriptors,5,3
rdkit_PEOE_VSA6,0.0,0.0,0.0,XGBoost,provided_plus_rdkit_descriptors,5,3
rdkit_PEOE_VSA7,0.0,0.0,0.0,XGBoost,provided_plus_rdkit_descriptors,5,3
rdkit_PEOE_VSA8,11915.611,41245.586,105853.96,XGBoost,provided_plus_rdkit_descriptors,5,3
rdkit_PEOE_VSA9,-977.7338,2860.0105,3094.5469,XGBoost,provided_plus_rdkit_descriptors,5,3
rdkit_SMR_VSA1,2784.7622,4991.3936,6515.359,XGBoost,provided_plus_rdkit_descriptors,5,3
rdkit_SMR_VSA10,105.58217,1907.1521,3108.277,XGBoost,provided_plus_rdkit_descriptors,5,3
rdkit_SMR_VSA3,0.0,0.0,0.0,XGBoost,provided_plus_rdkit_descriptors,5,3
rdkit_SMR_VSA4,0.0,0.0,0.0,XGBoost,provided_plus_rdkit_descriptors,5,3
rdkit_SMR_VSA5,871.00385,5486.06,6531.353,XGBoost,provided_plus_rdkit_descriptors,5,3
rdkit_SMR_VSA6,609.11035,3342.0278,4923.5547,XGBoost,provided_plus_rdkit_descriptors,5,3
rdkit_SMR_VSA7,0.0,0.0,0.0,XGBoost,provided_plus_rdkit_descriptors,5,3
rdkit_SlogP_VSA1,0.0,0.0,0.0,XGBoost,provided_plus_rdkit_descriptors,5,3
rdkit_SlogP_VSA12,0.0,0.0,0.0,XGBoost,provided_plus_rdkit_descriptors,5,3
rdkit_SlogP_VSA2,-11108.936,22125.844,21097.027,XGBoost,provided_plus_rdkit_descriptors,5,3
rdkit_SlogP_VSA3,18712.371,56746.207,51302.426,XGBoost,provided_plus_rdkit_descriptors,5,3
rdkit_SlogP_VSA4,0.0,0.0,0.0,XGBoost,provided_plus_rdkit_descriptors,5,3
rdkit_SlogP_VSA5,0.0,0.0,0.0,XGBoost,provided_plus_rdkit_descriptors,5,3
rdkit_SlogP_VSA6,0.0,0.0,0.0,XGBoost,provided_plus_rdkit_descriptors,5,3
rdkit_TPSA,123.22843,555.9694,611.98724,XGBoost,provided_plus_rdkit_descriptors,5,3
rdkit_EState_VSA1,344.60443,1792.5851,2307.6392,XGBoost,provided_plus_rdkit_descriptors,5,3
rdkit_EState_VSA10,19447.812,790698.25,324794.62,XGBoost,provided_plus_rdkit_descriptors,5,3
rdkit_EState_VSA2,2789.5374,21217.787,45421.984,XGBoost,provided_plus_rdkit_descriptors,5,3
rdkit_EState_VSA3,-407.2323,2621.352,8381.078,XGBoost,provided_plus_rdkit_descriptors,5,3
rdkit_EState_VSA4,0.0,0.0,0.0,XGBoost,provided_plus_rdkit_descriptors,5,3
rdkit_EState_VSA5,281.3593,1266.0078,2188.7788,XGBoost,provided_plus_rdkit_descriptors,5,3
rdkit_EState_VSA6,0.0,0.0,0.0,XGBoost,provided_plus_rdkit_descriptors,5,3
rdkit_EState_VSA7,0.0,0.0,0.0,XGBoost,provided_plus_rdkit_descriptors,5,3
rdkit_EState_VSA8,937.9958,5218.9746,7515.604,XGBoost,provided_plus_rdkit_descriptors,5,3
rdkit_EState_VSA9,7307.601,59441.562,35895.918,XGBoost,provided_plus_rdkit_descriptors,5,3
rdkit_VSA_EState1,225.54227,4145.568,3490.276,XGBoost,provided_plus_rdkit_descriptors,5,3
rdkit_VSA_EState10,0.0,0.0,0.0,XGBoost,provided_plus_rdkit_descriptors,5,3
rdkit_VSA_EState2,-1993.0411,57188.26,86868.195,XGBoost,provided_plus_rdkit_descriptors,5,3
rdkit_VSA_EState3,21254.617,43350.633,30559.049,XGBoost,provided_plus_rdkit_descriptors,5,3
rdkit_VSA_EState4,0.0,0.0,0.0,XGBoost,provided_plus_rdkit_descriptors,5,3
rdkit_VSA_EState5,785.30365,2911.1702,2713.8037,XGBoost,provided_plus_rdkit_descriptors,5,3
rdkit_VSA_EState6,0.0,0.0,0.0,XGBoost,provided_plus_rdkit_descriptors,5,3
rdkit_VSA_EState7,-5799.508,40832.68,35379.65,XGBoost,provided_plus_rdkit_descriptors,5,3
rdkit_VSA_EState8,39898.76,205422.47,186184.67,XGBoost,provided_plus_rdkit_descriptors,5,3
rdkit_VSA_EState9,0.0,0.0,0.0,XGBoost,provided_plus_rdkit_descriptors,5,3
rdkit_FractionCSP3,70.28289,1806.4011,1131.1941,XGBoost,provided_plus_rdkit_descriptors,5,3
rdkit_HeavyAtomCount,0.0,0.0,0.0,XGBoost,provided_plus_rdkit_descriptors,5,3
rdkit_NHOHCount,0.0,0.0,0.0,XGBoost,provided_plus_rdkit_descriptors,5,3
rdkit_NOCount,0.0,0.0,0.0,XGBoost,provided_plus_rdkit_descriptors,5,3
rdkit_NumAliphaticCarbocycles,0.0,0.0,0.0,XGBoost,provided_plus_rdkit_descriptors,5,3
rdkit_NumAliphaticHeterocycles,0.0,0.0,0.0,XGBoost,provided_plus_rdkit_descriptors,5,3
rdkit_NumAliphaticRings,0.0,0.0,0.0,XGBoost,provided_plus_rdkit_descriptors,5,3
rdkit_NumAmideBonds,0.0,0.0,0.0,XGBoost,provided_plus_rdkit_descriptors,5,3
rdkit_NumAtomStereoCenters,4241.184,4612.807,4694.4287,XGBoost,provided_plus_rdkit_descriptors,5,3
rdkit_NumBridgeheadAtoms,0.0,0.0,0.0,XGBoost,provided_plus_rdkit_descriptors,5,3
rdkit_NumHAcceptors,0.0,0.0,0.0,XGBoost,provided_plus_rdkit_descriptors,5,3
rdkit_NumHDonors,0.0,0.0,0.0,XGBoost,provided_plus_rdkit_descriptors,5,3
rdkit_NumHeteroatoms,0.0,0.0,0.0,XGBoost,provided_plus_rdkit_descriptors,5,3
rdkit_NumHeterocycles,0.0,0.0,0.0,XGBoost,provided_plus_rdkit_descriptors,5,3
rdkit_NumRotatableBonds,-568.1124,1185.033,1403.2203,XGBoost,provided_plus_rdkit_descriptors,5,3
rdkit_NumSaturatedCarbocycles,0.0,0.0,0.0,XGBoost,provided_plus_rdkit_descriptors,5,3
rdkit_NumSaturatedHeterocycles,0.0,0.0,0.0,XGBoost,provided_plus_rdkit_descriptors,5,3
rdkit_NumSaturatedRings,0.0,0.0,0.0,XGBoost,provided_plus_rdkit_descriptors,5,3
rdkit_NumUnspecifiedAtomStereoCenters,-1097.5133,6093.9766,10891.319,XGBoost,provided_plus_rdkit_descriptors,5,3
rdkit_Phi,6564.9565,26261.262,18364.434,XGBoost,provided_plus_rdkit_descriptors,5,3
rdkit_RingCount,0.0,0.0,0.0,XGBoost,provided_plus_rdkit_descriptors,5,3
rdkit_MolLogP,-46617.324,199514.42,123523.23,XGBoost,provided_plus_rdkit_descriptors,5,3
rdkit_MolMR,2195.0115,14068.381,16330.793,XGBoost,provided_plus_rdkit_descriptors,5,3
rdkit_fr_Al_COO,0.0,0.0,0.0,XGBoost,provided_plus_rdkit_descriptors,5,3
rdkit_fr_Al_OH,296.85364,611.1807,694.00006,XGBoost,provided_plus_rdkit_descriptors,5,3
rdkit_fr_Al_OH_noTert,0.0,0.0,0.0,XGBoost,provided_plus_rdkit_descriptors,5,3
rdkit_fr_COO,0.0,0.0,0.0,XGBoost,provided_plus_rdkit_descriptors,5,3
rdkit_fr_COO2,0.0,0.0,0.0,XGBoost,provided_plus_rdkit_descriptors,5,3
rdkit_fr_C_O,0.0,0.0,0.0,XGBoost,provided_plus_rdkit_descriptors,5,3
rdkit_fr_C_O_noCOO,0.0,0.0,0.0,XGBoost,provided_plus_rdkit_descriptors,5,3
rdkit_fr_NH1,0.0,0.0,0.0,XGBoost,provided_plus_rdkit_descriptors,5,3
rdkit_fr_NH2,0.0,0.0,0.0,XGBoost,provided_plus_rdkit_descriptors,5,3
rdkit_fr_aldehyde,1326.6777,5521.7744,4454.4023,XGBoost,provided_plus_rdkit_descriptors,5,3
rdkit_fr_alkyl_halide,0.0,0.0,0.0,XGBoost,provided_plus_rdkit_descriptors,5,3
rdkit_fr_allylic_oxid,0.0,0.0,0.0,XGBoost,provided_plus_rdkit_descriptors,5,3
rdkit_fr_amide,0.0,0.0,0.0,XGBoost,provided_plus_rdkit_descriptors,5,3
rdkit_fr_bicyclic,0.0,0.0,0.0,XGBoost,provided_plus_rdkit_descriptors,5,3
rdkit_fr_ether,0.0,0.0,0.0,XGBoost,provided_plus_rdkit_descriptors,5,3
rdkit_fr_halogen,0.0,0.0,0.0,XGBoost,provided_plus_rdkit_descriptors,5,3
rdkit_fr_ketone,0.0,0.0,0.0,XGBoost,provided_plus_rdkit_descriptors,5,3
rdkit_fr_ketone_Topliss,0.0,0.0,0.0,XGBoost,provided_plus_rdkit_descriptors,5,3
rdkit_fr_methoxy,0.0,0.0,0.0,XGBoost,provided_plus_rdkit_descriptors,5,3
rdkit_fr_phos_acid,0.0,0.0,0.0,XGBoost,provided_plus_rdkit_descriptors,5,3
rdkit_fr_phos_ester,0.0,0.0,0.0,XGBoost,provided_plus_rdkit_descriptors,5,3
Molecular weight (Da),-7806.2334,28569.043,23019.834,XGBoost,provided_plus_rdkit_descriptors,5,4
Solubility (mg/mL),123152.49,620343.3,664889.06,XGBoost,provided_plus_rdkit_descriptors,5,4
"Glass transition temperature (Tg, degC)",23980.168,335616.66,243298.55,XGBoost,provided_plus_rdkit_descriptors,5,4
Viscosity (mPa.s),11354.217,246152.19,197331.45,XGBoost,provided_plus_rdkit_descriptors,5,4
Concentration (% w/v),-71368.5,299050.44,159546.62,XGBoost,provided_plus_rdkit_descriptors,5,4
rdkit_MaxAbsEStateIndex,25982.963,77794.766,76034.21,XGBoost,provided_plus_rdkit_descriptors,5,4
rdkit_MaxEStateIndex,0.0,0.0,0.0,XGBoost,provided_plus_rdkit_descriptors,5,4
rdkit_MinAbsEStateIndex,9241.42,70133.98,96942.234,XGBoost,provided_plus_rdkit_descriptors,5,4
rdkit_MinEStateIndex,55205.055,101593.62,93218.23,XGBoost,provided_plus_rdkit_descriptors,5,4
rdkit_qed,345.02115,12452.12,10072.694,XGBoost,provided_plus_rdkit_descriptors,5,4
rdkit_SPS,12455.201,35849.605,38623.246,XGBoost,provided_plus_rdkit_descriptors,5,4
rdkit_MolWt,0.0,0.0,0.0,XGBoost,provided_plus_rdkit_descriptors,5,4
rdkit_HeavyAtomMolWt,0.0,0.0,0.0,XGBoost,provided_plus_rdkit_descriptors,5,4
rdkit_ExactMolWt,0.0,0.0,0.0,XGBoost,provided_plus_rdkit_descriptors,5,4
rdkit_NumValenceElectrons,186.48909,1280.64,1502.551,XGBoost,provided_plus_rdkit_descriptors,5,4
rdkit_MaxPartialCharge,-25967.373,134018.22,75675.97,XGBoost,provided_plus_rdkit_descriptors,5,4
rdkit_MinPartialCharge,-47497.113,175137.28,114942.29,XGBoost,provided_plus_rdkit_descriptors,5,4
rdkit_MaxAbsPartialCharge,-5317.146,15087.079,14986.806,XGBoost,provided_plus_rdkit_descriptors,5,4
rdkit_MinAbsPartialCharge,0.0,0.0,0.0,XGBoost,provided_plus_rdkit_descriptors,5,4
rdkit_FpDensityMorgan1,25320.059,41815.555,28845.293,XGBoost,provided_plus_rdkit_descriptors,5,4
rdkit_FpDensityMorgan2,-969.64386,8943.829,6671.5293,XGBoost,provided_plus_rdkit_descriptors,5,4
rdkit_FpDensityMorgan3,-247.35231,33758.695,26669.518,XGBoost,provided_plus_rdkit_descriptors,5,4
rdkit_BCUT2D_MWHI,-4918.731,12794.608,8939.361,XGBoost,provided_plus_rdkit_descriptors,5,4
rdkit_BCUT2D_MWLOW,4768.923,64809.438,62393.35,XGBoost,provided_plus_rdkit_descriptors,5,4
rdkit_BCUT2D_CHGHI,3196.211,24566.074,24859.248,XGBoost,provided_plus_rdkit_descriptors,5,4
rdkit_BCUT2D_CHGLO,-7092.902,54255.96,31101.45,XGBoost,provided_plus_rdkit_descriptors,5,4
rdkit_BCUT2D_LOGPHI,78.1279,241.70699,356.5184,XGBoost,provided_plus_rdkit_descriptors,5,4
rdkit_BCUT2D_LOGPLOW,-1637.6726,2581.6255,2623.035,XGBoost,provided_plus_rdkit_descriptors,5,4
rdkit_BCUT2D_MRHI,7946.932,50438.645,50488.473,XGBoost,provided_plus_rdkit_descriptors,5,4
rdkit_BCUT2D_MRLOW,-4058.1926,10896.238,13839.13,XGBoost,provided_plus_rdkit_descriptors,5,4
rdkit_AvgIpc,-43799.527,119348.12,148683.19,XGBoost,provided_plus_rdkit_descriptors,5,4
rdkit_BalabanJ,-2671.9644,23179.217,20395.389,XGBoost,provided_plus_rdkit_descriptors,5,4
rdkit_BertzCT,2777.9878,7207.466,9147.3545,XGBoost,provided_plus_rdkit_descriptors,5,4
rdkit_Chi0,-33.79749,1747.7169,1908.5282,XGBoost,provided_plus_rdkit_descriptors,5,4
rdkit_Chi0n,574.2011,1779.9191,1990.2935,XGBoost,provided_plus_rdkit_descriptors,5,4
rdkit_Chi0v,4091.2488,39876.95,46687.656,XGBoost,provided_plus_rdkit_descriptors,5,4
rdkit_Chi1,0.0,0.0,0.0,XGBoost,provided_plus_rdkit_descriptors,5,4
rdkit_Chi1n,131.9307,300.527,362.80197,XGBoost,provided_plus_rdkit_descriptors,5,4
rdkit_Chi1v,0.0,0.0,0.0,XGBoost,provided_plus_rdkit_descriptors,5,4
rdkit_Chi2n,404.5128,3237.3962,2876.4812,XGBoost,provided_plus_rdkit_descriptors,5,4
rdkit_Chi2v,2110.2947,3681.9253,2252.5962,XGBoost,provided_plus_rdkit_descriptors,5,4
rdkit_Chi3n,-178.5591,324.44867,469.56543,XGBoost,provided_plus_rdkit_descriptors,5,4
rdkit_Chi3v,-3897.302,8075.4995,4899.7993,XGBoost,provided_plus_rdkit_descriptors,5,4
rdkit_Chi4n,0.0,0.0,0.0,XGBoost,provided_plus_rdkit_descriptors,5,4
rdkit_Chi4v,-4750.0757,9356.757,6216.1353,XGBoost,provided_plus_rdkit_descriptors,5,4
rdkit_HallKierAlpha,-89340.734,311197.1,240146.53,XGBoost,provided_plus_rdkit_descriptors,5,4
rdkit_Ipc,-12960.774,26243.402,14646.445,XGBoost,provided_plus_rdkit_descriptors,5,4
rdkit_Kappa1,-7558.309,46913.58,50364.89,XGBoost,provided_plus_rdkit_descriptors,5,4
rdkit_Kappa2,3531.9521,22800.062,26024.396,XGBoost,provided_plus_rdkit_descriptors,5,4
rdkit_Kappa3,33214.65,44782.836,42952.684,XGBoost,provided_plus_rdkit_descriptors,5,4
rdkit_LabuteASA,0.0,0.0,0.0,XGBoost,provided_plus_rdkit_descriptors,5,4
rdkit_PEOE_VSA1,3191.419,6556.9565,11381.376,XGBoost,provided_plus_rdkit_descriptors,5,4
rdkit_PEOE_VSA10,161.68483,3524.4128,3570.2656,XGBoost,provided_plus_rdkit_descriptors,5,4
rdkit_PEOE_VSA11,-3806.5027,68904.91,42762.46,XGBoost,provided_plus_rdkit_descriptors,5,4
rdkit_PEOE_VSA12,271.44836,1079.0756,2499.5066,XGBoost,provided_plus_rdkit_descriptors,5,4
rdkit_PEOE_VSA14,0.0,0.0,0.0,XGBoost,provided_plus_rdkit_descriptors,5,4
rdkit_PEOE_VSA2,0.0,0.0,0.0,XGBoost,provided_plus_rdkit_descriptors,5,4
rdkit_PEOE_VSA3,0.0,0.0,0.0,XGBoost,provided_plus_rdkit_descriptors,5,4
rdkit_PEOE_VSA5,0.0,0.0,0.0,XGBoost,provided_plus_rdkit_descriptors,5,4
rdkit_PEOE_VSA6,103.349144,445.36862,1290.0505,XGBoost,provided_plus_rdkit_descriptors,5,4
rdkit_PEOE_VSA7,43.370132,2401.975,3928.1082,XGBoost,provided_plus_rdkit_descriptors,5,4
rdkit_PEOE_VSA8,97.85558,304.61618,1074.4866,XGBoost,provided_plus_rdkit_descriptors,5,4
rdkit_PEOE_VSA9,-653.3738,3400.9958,3373.9,XGBoost,provided_plus_rdkit_descriptors,5,4
rdkit_SMR_VSA1,152.59605,1390.5872,1233.1923,XGBoost,provided_plus_rdkit_descriptors,5,4
rdkit_SMR_VSA10,978.466,4244.0913,8504.515,XGBoost,provided_plus_rdkit_descriptors,5,4
rdkit_SMR_VSA3,0.0,0.0,0.0,XGBoost,provided_plus_rdkit_descriptors,5,4
rdkit_SMR_VSA4,179.63365,825.7122,2335.192,XGBoost,provided_plus_rdkit_descriptors,5,4
rdkit_SMR_VSA5,-1771.4406,12197.24,8512.548,XGBoost,provided_plus_rdkit_descriptors,5,4
rdkit_SMR_VSA6,-267.41037,7882.838,5851.6646,XGBoost,provided_plus_rdkit_descriptors,5,4
rdkit_SMR_VSA7,0.0,0.0,0.0,XGBoost,provided_plus_rdkit_descriptors,5,4
rdkit_SlogP_VSA1,0.0,0.0,0.0,XGBoost,provided_plus_rdkit_descriptors,5,4
rdkit_SlogP_VSA12,0.0,0.0,0.0,XGBoost,provided_plus_rdkit_descriptors,5,4
rdkit_SlogP_VSA2,117.69559,5041.727,4540.783,XGBoost,provided_plus_rdkit_descriptors,5,4
rdkit_SlogP_VSA3,-6097.3022,64480.207,25251.064,XGBoost,provided_plus_rdkit_descriptors,5,4
rdkit_SlogP_VSA4,0.0,0.0,0.0,XGBoost,provided_plus_rdkit_descriptors,5,4
rdkit_SlogP_VSA5,-2906.6067,8597.553,8774.367,XGBoost,provided_plus_rdkit_descriptors,5,4
rdkit_SlogP_VSA6,0.0,0.0,0.0,XGBoost,provided_plus_rdkit_descriptors,5,4
rdkit_TPSA,-852.3768,5307.7837,5164.058,XGBoost,provided_plus_rdkit_descriptors,5,4
rdkit_EState_VSA1,6511.2275,18882.318,20781.352,XGBoost,provided_plus_rdkit_descriptors,5,4
rdkit_EState_VSA10,29183.662,534453.7,252457.4,XGBoost,provided_plus_rdkit_descriptors,5,4
rdkit_EState_VSA2,2963.7188,66702.68,160522.9,XGBoost,provided_plus_rdkit_descriptors,5,4
rdkit_EState_VSA3,-2060.6702,8206.579,23152.127,XGBoost,provided_plus_rdkit_descriptors,5,4
rdkit_EState_VSA4,0.0,0.0,0.0,XGBoost,provided_plus_rdkit_descriptors,5,4
rdkit_EState_VSA5,0.0,0.0,0.0,XGBoost,provided_plus_rdkit_descriptors,5,4
rdkit_EState_VSA6,0.0,0.0,0.0,XGBoost,provided_plus_rdkit_descriptors,5,4
rdkit_EState_VSA7,0.0,0.0,0.0,XGBoost,provided_plus_rdkit_descriptors,5,4
rdkit_EState_VSA8,4279.429,12487.126,23000.172,XGBoost,provided_plus_rdkit_descriptors,5,4
rdkit_EState_VSA9,8349.817,65854.59,43487.234,XGBoost,provided_plus_rdkit_descriptors,5,4
rdkit_VSA_EState1,-1856.3099,4429.5034,3772.3738,XGBoost,provided_plus_rdkit_descriptors,5,4
rdkit_VSA_EState10,0.0,0.0,0.0,XGBoost,provided_plus_rdkit_descriptors,5,4
rdkit_VSA_EState2,-23578.135,96713.89,54773.14,XGBoost,provided_plus_rdkit_descriptors,5,4
rdkit_VSA_EState3,5278.7524,27457.562,19409.2,XGBoost,provided_plus_rdkit_descriptors,5,4
rdkit_VSA_EState4,0.0,0.0,0.0,XGBoost,provided_plus_rdkit_descriptors,5,4
rdkit_VSA_EState5,1584.9181,3101.3333,4377.387,XGBoost,provided_plus_rdkit_descriptors,5,4
rdkit_VSA_EState6,0.0,0.0,0.0,XGBoost,provided_plus_rdkit_descriptors,5,4
rdkit_VSA_EState7,23246.336,33983.727,34903.293,XGBoost,provided_plus_rdkit_descriptors,5,4
rdkit_VSA_EState8,-15846.082,197135.42,175321.78,XGBoost,provided_plus_rdkit_descriptors,5,4
rdkit_VSA_EState9,0.0,0.0,0.0,XGBoost,provided_plus_rdkit_descriptors,5,4
rdkit_FractionCSP3,371.46973,2245.4673,2190.8022,XGBoost,provided_plus_rdkit_descriptors,5,4
rdkit_HeavyAtomCount,0.0,0.0,0.0,XGBoost,provided_plus_rdkit_descriptors,5,4
rdkit_NHOHCount,0.0,0.0,0.0,XGBoost,provided_plus_rdkit_descriptors,5,4
rdkit_NOCount,0.0,0.0,0.0,XGBoost,provided_plus_rdkit_descriptors,5,4
rdkit_NumAliphaticCarbocycles,0.0,0.0,0.0,XGBoost,provided_plus_rdkit_descriptors,5,4
rdkit_NumAliphaticHeterocycles,0.0,0.0,0.0,XGBoost,provided_plus_rdkit_descriptors,5,4
rdkit_NumAliphaticRings,0.0,0.0,0.0,XGBoost,provided_plus_rdkit_descriptors,5,4
rdkit_NumAmideBonds,0.0,0.0,0.0,XGBoost,provided_plus_rdkit_descriptors,5,4
rdkit_NumAtomStereoCenters,-8.079227,4677.678,8614.09,XGBoost,provided_plus_rdkit_descriptors,5,4
rdkit_NumBridgeheadAtoms,0.0,0.0,0.0,XGBoost,provided_plus_rdkit_descriptors,5,4
rdkit_NumHAcceptors,0.0,0.0,0.0,XGBoost,provided_plus_rdkit_descriptors,5,4
rdkit_NumHDonors,-502.25174,1219.4397,981.7669,XGBoost,provided_plus_rdkit_descriptors,5,4
rdkit_NumHeteroatoms,0.0,0.0,0.0,XGBoost,provided_plus_rdkit_descriptors,5,4
rdkit_NumHeterocycles,0.0,0.0,0.0,XGBoost,provided_plus_rdkit_descriptors,5,4
rdkit_NumRotatableBonds,-239.45113,1292.1422,1349.8237,XGBoost,provided_plus_rdkit_descriptors,5,4
rdkit_NumSaturatedCarbocycles,0.0,0.0,0.0,XGBoost,provided_plus_rdkit_descriptors,5,4
rdkit_NumSaturatedHeterocycles,0.0,0.0,0.0,XGBoost,provided_plus_rdkit_descriptors,5,4
rdkit_NumSaturatedRings,0.0,0.0,0.0,XGBoost,provided_plus_rdkit_descriptors,5,4
rdkit_NumUnspecifiedAtomStereoCenters,5618.348,9859.392,16514.201,XGBoost,provided_plus_rdkit_descriptors,5,4
rdkit_Phi,794.1413,27949.844,18385.408,XGBoost,provided_plus_rdkit_descriptors,5,4
rdkit_RingCount,0.0,0.0,0.0,XGBoost,provided_plus_rdkit_descriptors,5,4
rdkit_MolLogP,6869.5107,17351.988,21582.607,XGBoost,provided_plus_rdkit_descriptors,5,4
rdkit_MolMR,651.2843,1127.5139,1389.3661,XGBoost,provided_plus_rdkit_descriptors,5,4
rdkit_fr_Al_COO,0.0,0.0,0.0,XGBoost,provided_plus_rdkit_descriptors,5,4
rdkit_fr_Al_OH,320.32275,1200.7618,1403.1144,XGBoost,provided_plus_rdkit_descriptors,5,4
rdkit_fr_Al_OH_noTert,0.0,0.0,0.0,XGBoost,provided_plus_rdkit_descriptors,5,4
rdkit_fr_COO,0.0,0.0,0.0,XGBoost,provided_plus_rdkit_descriptors,5,4
rdkit_fr_COO2,0.0,0.0,0.0,XGBoost,provided_plus_rdkit_descriptors,5,4
rdkit_fr_C_O,0.0,0.0,0.0,XGBoost,provided_plus_rdkit_descriptors,5,4
rdkit_fr_C_O_noCOO,0.0,0.0,0.0,XGBoost,provided_plus_rdkit_descriptors,5,4
rdkit_fr_NH1,0.0,0.0,0.0,XGBoost,provided_plus_rdkit_descriptors,5,4
rdkit_fr_NH2,0.0,0.0,0.0,XGBoost,provided_plus_rdkit_descriptors,5,4
rdkit_fr_aldehyde,237.07468,3204.0051,2854.0303,XGBoost,provided_plus_rdkit_descriptors,5,4
rdkit_fr_alkyl_halide,0.0,0.0,0.0,XGBoost,provided_plus_rdkit_descriptors,5,4
rdkit_fr_allylic_oxid,0.0,0.0,0.0,XGBoost,provided_plus_rdkit_descriptors,5,4
rdkit_fr_amide,0.0,0.0,0.0,XGBoost,provided_plus_rdkit_descriptors,5,4
rdkit_fr_bicyclic,0.0,0.0,0.0,XGBoost,provided_plus_rdkit_descriptors,5,4
rdkit_fr_ether,0.0,0.0,0.0,XGBoost,provided_plus_rdkit_descriptors,5,4
rdkit_fr_halogen,0.0,0.0,0.0,XGBoost,provided_plus_rdkit_descriptors,5,4
rdkit_fr_ketone,158.51778,826.8924,1255.7822,XGBoost,provided_plus_rdkit_descriptors,5,4
rdkit_fr_ketone_Topliss,0.0,0.0,0.0,XGBoost,provided_plus_rdkit_descriptors,5,4
rdkit_fr_methoxy,0.0,0.0,0.0,XGBoost,provided_plus_rdkit_descriptors,5,4
rdkit_fr_phos_acid,0.0,0.0,0.0,XGBoost,provided_plus_rdkit_descriptors,5,4
rdkit_fr_phos_ester,0.0,0.0,0.0,XGBoost,provided_plus_rdkit_descriptors,5,4
Molecular weight (Da),5892.77,23780.32,22588.08,XGBoost,provided_plus_rdkit_descriptors,5,5
Solubility (mg/mL),-26502.896,603193.2,728424.06,XGBoost,provided_plus_rdkit_descriptors,5,5
"Glass transition temperature (Tg, degC)",88165.51,201255.58,169563.03,XGBoost,provided_plus_rdkit_descriptors,5,5
Viscosity (mPa.s),691.51794,202620.34,159204.61,XGBoost,provided_plus_rdkit_descriptors,5,5
Concentration (% w/v),36269.457,246993.58,151874.86,XGBoost,provided_plus_rdkit_descriptors,5,5
rdkit_MaxAbsEStateIndex,9291.503,68217.64,98134.445,XGBoost,provided_plus_rdkit_descriptors,5,5
rdkit_MaxEStateIndex,0.0,0.0,0.0,XGBoost,provided_plus_rdkit_descriptors,5,5
rdkit_MinAbsEStateIndex,114.35407,83392.03,125319.36,XGBoost,provided_plus_rdkit_descriptors,5,5
rdkit_MinEStateIndex,52743.16,93271.39,86628.21,XGBoost,provided_plus_rdkit_descriptors,5,5
rdkit_qed,8006.7812,25978.996,28885.57,XGBoost,provided_plus_rdkit_descriptors,5,5
rdkit_SPS,5149.477,42112.688,37897.74,XGBoost,provided_plus_rdkit_descriptors,5,5
rdkit_MolWt,0.0,0.0,0.0,XGBoost,provided_plus_rdkit_descriptors,5,5
rdkit_HeavyAtomMolWt,183.41177,434.1283,602.0,XGBoost,provided_plus_rdkit_descriptors,5,5
rdkit_ExactMolWt,0.0,0.0,0.0,XGBoost,provided_plus_rdkit_descriptors,5,5
rdkit_NumValenceElectrons,0.0,0.0,0.0,XGBoost,provided_plus_rdkit_descriptors,5,5
rdkit_MaxPartialCharge,-11102.938,87775.76,69113.68,XGBoost,provided_plus_rdkit_descriptors,5,5
rdkit_MinPartialCharge,15508.851,73100.42,42056.36,XGBoost,provided_plus_rdkit_descriptors,5,5
rdkit_MaxAbsPartialCharge,607.2042,6997.6943,6936.0254,XGBoost,provided_plus_rdkit_descriptors,5,5
rdkit_MinAbsPartialCharge,0.0,0.0,0.0,XGBoost,provided_plus_rdkit_descriptors,5,5
rdkit_FpDensityMorgan1,12885.964,51058.715,39216.05,XGBoost,provided_plus_rdkit_descriptors,5,5
rdkit_FpDensityMorgan2,12787.03,33014.477,34704.707,XGBoost,provided_plus_rdkit_descriptors,5,5
rdkit_FpDensityMorgan3,-1396.4666,21224.55,21410.645,XGBoost,provided_plus_rdkit_descriptors,5,5
rdkit_BCUT2D_MWHI,5988.935,17632.104,21222.258,XGBoost,provided_plus_rdkit_descriptors,5,5
rdkit_BCUT2D_MWLOW,15498.854,61011.15,57122.316,XGBoost,provided_plus_rdkit_descriptors,5,5
rdkit_BCUT2D_CHGHI,11155.42,31746.88,32214.229,XGBoost,provided_plus_rdkit_descriptors,5,5
rdkit_BCUT2D_CHGLO,-11577.952,72958.87,60616.594,XGBoost,provided_plus_rdkit_descriptors,5,5
rdkit_BCUT2D_LOGPHI,-11896.915,46354.945,42442.15,XGBoost,provided_plus_rdkit_descriptors,5,5
rdkit_BCUT2D_LOGPLOW,94.83337,2026.2642,1516.8475,XGBoost,provided_plus_rdkit_descriptors,5,5
rdkit_BCUT2D_MRHI,22613.99,83960.89,79749.664,XGBoost,provided_plus_rdkit_descriptors,5,5
rdkit_BCUT2D_MRLOW,16617.299,48377.41,30401.729,XGBoost,provided_plus_rdkit_descriptors,5,5
rdkit_AvgIpc,-10034.6455,72611.24,119256.24,XGBoost,provided_plus_rdkit_descriptors,5,5
rdkit_BalabanJ,3305.7163,11715.01,9385.364,XGBoost,provided_plus_rdkit_descriptors,5,5
rdkit_BertzCT,-6734.255,26767.7,17758.049,XGBoost,provided_plus_rdkit_descriptors,5,5
rdkit_Chi0,-320.65155,4176.0903,4340.2554,XGBoost,provided_plus_rdkit_descriptors,5,5
rdkit_Chi0n,2487.4197,10285.731,13122.838,XGBoost,provided_plus_rdkit_descriptors,5,5
rdkit_Chi0v,79627.664,169590.52,207967.0,XGBoost,provided_plus_rdkit_descriptors,5,5
rdkit_Chi1,0.0,0.0,0.0,XGBoost,provided_plus_rdkit_descriptors,5,5
rdkit_Chi1n,387.46646,980.6959,1436.3417,XGBoost,provided_plus_rdkit_descriptors,5,5
rdkit_Chi1v,0.0,0.0,0.0,XGBoost,provided_plus_rdkit_descriptors,5,5
rdkit_Chi2n,3989.8494,15328.548,5453.748,XGBoost,provided_plus_rdkit_descriptors,5,5
rdkit_Chi2v,344.44162,544.7179,821.6439,XGBoost,provided_plus_rdkit_descriptors,5,5
rdkit_Chi3n,-127.57787,705.0774,926.3637,XGBoost,provided_plus_rdkit_descriptors,5,5
rdkit_Chi3v,2505.003,4077.1494,6618.1455,XGBoost,provided_plus_rdkit_descriptors,5,5
rdkit_Chi4n,-751.60156,6549.7944,5735.2817,XGBoost,provided_plus_rdkit_descriptors,5,5
rdkit_Chi4v,247.88457,1227.0262,1400.8234,XGBoost,provided_plus_rdkit_descriptors,5,5
rdkit_HallKierAlpha,16400.236,246094.5,158975.61,XGBoost,provided_plus_rdkit_descriptors,5,5
rdkit_Ipc,449.02258,4925.2583,4504.309,XGBoost,provided_plus_rdkit_descriptors,5,5
rdkit_Kappa1,1263.2323,8605.716,9597.466,XGBoost,provided_plus_rdkit_descriptors,5,5
rdkit_Kappa2,407.79068,4780.1514,4794.2974,XGBoost,provided_plus_rdkit_descriptors,5,5
rdkit_Kappa3,-9157.253,18183.424,15584.104,XGBoost,provided_plus_rdkit_descriptors,5,5
rdkit_LabuteASA,54.433422,256.60983,459.93863,XGBoost,provided_plus_rdkit_descriptors,5,5
rdkit_PEOE_VSA1,5080.2266,71546.195,107287.79,XGBoost,provided_plus_rdkit_descriptors,5,5
rdkit_PEOE_VSA10,3141.7517,6371.8223,8873.366,XGBoost,provided_plus_rdkit_descriptors,5,5
rdkit_PEOE_VSA11,3053.7527,59730.39,42874.836,XGBoost,provided_plus_rdkit_descriptors,5,5
rdkit_PEOE_VSA12,1114.1058,5133.571,7780.7153,XGBoost,provided_plus_rdkit_descriptors,5,5
rdkit_PEOE_VSA14,0.0,0.0,0.0,XGBoost,provided_plus_rdkit_descriptors,5,5
rdkit_PEOE_VSA2,0.0,0.0,0.0,XGBoost,provided_plus_rdkit_descriptors,5,5
rdkit_PEOE_VSA3,0.0,0.0,0.0,XGBoost,provided_plus_rdkit_descriptors,5,5
rdkit_PEOE_VSA5,0.0,0.0,0.0,XGBoost,provided_plus_rdkit_descriptors,5,5
rdkit_PEOE_VSA6,0.0,0.0,0.0,XGBoost,provided_plus_rdkit_descriptors,5,5
rdkit_PEOE_VSA7,1154.6049,4144.9907,7764.648,XGBoost,provided_plus_rdkit_descriptors,5,5
rdkit_PEOE_VSA8,-654.4154,2157.6926,3959.9846,XGBoost,provided_plus_rdkit_descriptors,5,5
rdkit_PEOE_VSA9,-918.05273,4783.2417,3054.1272,XGBoost,provided_plus_rdkit_descriptors,5,5
rdkit_SMR_VSA1,-1629.9171,2930.6948,3462.2024,XGBoost,provided_plus_rdkit_descriptors,5,5
rdkit_SMR_VSA10,-711.821,1953.0187,4167.737,XGBoost,provided_plus_rdkit_descriptors,5,5
rdkit_SMR_VSA3,0.0,0.0,0.0,XGBoost,provided_plus_rdkit_descriptors,5,5
rdkit_SMR_VSA4,0.0,0.0,0.0,XGBoost,provided_plus_rdkit_descriptors,5,5
rdkit_SMR_VSA5,233.97261,7931.8677,8015.6035,XGBoost,provided_plus_rdkit_descriptors,5,5
rdkit_SMR_VSA6,-877.02954,7078.312,6353.525,XGBoost,provided_plus_rdkit_descriptors,5,5
rdkit_SMR_VSA7,0.0,0.0,0.0,XGBoost,provided_plus_rdkit_descriptors,5,5
rdkit_SlogP_VSA1,0.0,0.0,0.0,XGBoost,provided_plus_rdkit_descriptors,5,5
rdkit_SlogP_VSA12,0.0,0.0,0.0,XGBoost,provided_plus_rdkit_descriptors,5,5
rdkit_SlogP_VSA2,-3331.0647,18170.111,12980.169,XGBoost,provided_plus_rdkit_descriptors,5,5
rdkit_SlogP_VSA3,-5478.795,29471.043,14188.744,XGBoost,provided_plus_rdkit_descriptors,5,5
rdkit_SlogP_VSA4,0.0,0.0,0.0,XGBoost,provided_plus_rdkit_descriptors,5,5
rdkit_SlogP_VSA5,-529.8845,5185.74,6179.7837,XGBoost,provided_plus_rdkit_descriptors,5,5
rdkit_SlogP_VSA6,0.0,0.0,0.0,XGBoost,provided_plus_rdkit_descriptors,5,5
rdkit_TPSA,-789.0042,3664.6914,2853.0605,XGBoost,provided_plus_rdkit_descriptors,5,5
rdkit_EState_VSA1,373.83347,2631.5857,2246.5518,XGBoost,provided_plus_rdkit_descriptors,5,5
rdkit_EState_VSA10,-6522.9814,600955.2,279363.12,XGBoost,provided_plus_rdkit_descriptors,5,5
rdkit_EState_VSA2,2160.9639,8043.592,20233.648,XGBoost,provided_plus_rdkit_descriptors,5,5
rdkit_EState_VSA3,781.6385,2118.7063,6225.3564,XGBoost,provided_plus_rdkit_descriptors,5,5
rdkit_EState_VSA4,0.0,0.0,0.0,XGBoost,provided_plus_rdkit_descriptors,5,5
rdkit_EState_VSA5,-541.44275,1864.422,2972.251,XGBoost,provided_plus_rdkit_descriptors,5,5
rdkit_EState_VSA6,0.0,0.0,0.0,XGBoost,provided_plus_rdkit_descriptors,5,5
rdkit_EState_VSA7,0.0,0.0,0.0,XGBoost,provided_plus_rdkit_descriptors,5,5
rdkit_EState_VSA8,1094.0057,9641.797,10528.369,XGBoost,provided_plus_rdkit_descriptors,5,5
rdkit_EState_VSA9,-19006.156,118893.86,81302.9,XGBoost,provided_plus_rdkit_descriptors,5,5
rdkit_VSA_EState1,4444.9116,5356.921,10019.694,XGBoost,provided_plus_rdkit_descriptors,5,5
rdkit_VSA_EState10,0.0,0.0,0.0,XGBoost,provided_plus_rdkit_descriptors,5,5
rdkit_VSA_EState2,5202.4434,11644.364,7844.009,XGBoost,provided_plus_rdkit_descriptors,5,5
rdkit_VSA_EState3,3347.1763,22374.086,14542.5205,XGBoost,provided_plus_rdkit_descriptors,5,5
rdkit_VSA_EState4,0.0,0.0,0.0,XGBoost,provided_plus_rdkit_descriptors,5,5
rdkit_VSA_EState5,-685.84937,2989.7136,4325.2866,XGBoost,provided_plus_rdkit_descriptors,5,5
rdkit_VSA_EState6,0.0,0.0,0.0,XGBoost,provided_plus_rdkit_descriptors,5,5
rdkit_VSA_EState7,10400.888,36726.754,31610.828,XGBoost,provided_plus_rdkit_descriptors,5,5
rdkit_VSA_EState8,7576.584,87328.03,80800.06,XGBoost,provided_plus_rdkit_descriptors,5,5
rdkit_VSA_EState9,0.0,0.0,0.0,XGBoost,provided_plus_rdkit_descriptors,5,5
rdkit_FractionCSP3,2110.7231,3530.8818,2803.502,XGBoost,provided_plus_rdkit_descriptors,5,5
rdkit_HeavyAtomCount,0.0,0.0,0.0,XGBoost,provided_plus_rdkit_descriptors,5,5
rdkit_NHOHCount,3071.995,7171.23,6182.067,XGBoost,provided_plus_rdkit_descriptors,5,5
rdkit_NOCount,0.0,0.0,0.0,XGBoost,provided_plus_rdkit_descriptors,5,5
rdkit_NumAliphaticCarbocycles,0.0,0.0,0.0,XGBoost,provided_plus_rdkit_descriptors,5,5
rdkit_NumAliphaticHeterocycles,0.0,0.0,0.0,XGBoost,provided_plus_rdkit_descriptors,5,5
rdkit_NumAliphaticRings,0.0,0.0,0.0,XGBoost,provided_plus_rdkit_descriptors,5,5
rdkit_NumAmideBonds,0.0,0.0,0.0,XGBoost,provided_plus_rdkit_descriptors,5,5
rdkit_NumAtomStereoCenters,232.32698,11341.707,17495.775,XGBoost,provided_plus_rdkit_descriptors,5,5
rdkit_NumBridgeheadAtoms,0.0,0.0,0.0,XGBoost,provided_plus_rdkit_descriptors,5,5
rdkit_NumHAcceptors,0.0,0.0,0.0,XGBoost,provided_plus_rdkit_descriptors,5,5
rdkit_NumHDonors,5469.7925,29563.32,18720.771,XGBoost,provided_plus_rdkit_descriptors,5,5
rdkit_NumHeteroatoms,0.0,0.0,0.0,XGBoost,provided_plus_rdkit_descriptors,5,5
rdkit_NumHeterocycles,0.0,0.0,0.0,XGBoost,provided_plus_rdkit_descriptors,5,5
rdkit_NumRotatableBonds,-1277.2498,6791.683,5957.712,XGBoost,provided_plus_rdkit_descriptors,5,5
rdkit_NumSaturatedCarbocycles,0.0,0.0,0.0,XGBoost,provided_plus_rdkit_descriptors,5,5
rdkit_NumSaturatedHeterocycles,0.0,0.0,0.0,XGBoost,provided_plus_rdkit_descriptors,5,5
rdkit_NumSaturatedRings,0.0,0.0,0.0,XGBoost,provided_plus_rdkit_descriptors,5,5
rdkit_NumUnspecifiedAtomStereoCenters,4650.2437,13847.042,25042.623,XGBoost,provided_plus_rdkit_descriptors,5,5
rdkit_Phi,0.0,0.0,0.0,XGBoost,provided_plus_rdkit_descriptors,5,5
rdkit_RingCount,0.0,0.0,0.0,XGBoost,provided_plus_rdkit_descriptors,5,5
rdkit_MolLogP,41348.85,113046.37,132986.36,XGBoost,provided_plus_rdkit_descriptors,5,5
rdkit_MolMR,-40.132755,4350.441,3310.4639,XGBoost,provided_plus_rdkit_descriptors,5,5
rdkit_fr_Al_COO,0.0,0.0,0.0,XGBoost,provided_plus_rdkit_descriptors,5,5
rdkit_fr_Al_OH,2471.5386,12499.988,11774.104,XGBoost,provided_plus_rdkit_descriptors,5,5
rdkit_fr_Al_OH_noTert,0.0,0.0,0.0,XGBoost,provided_plus_rdkit_descriptors,5,5
rdkit_fr_COO,0.0,0.0,0.0,XGBoost,provided_plus_rdkit_descriptors,5,5
rdkit_fr_COO2,0.0,0.0,0.0,XGBoost,provided_plus_rdkit_descriptors,5,5
rdkit_fr_C_O,0.0,0.0,0.0,XGBoost,provided_plus_rdkit_descriptors,5,5
rdkit_fr_C_O_noCOO,0.0,0.0,0.0,XGBoost,provided_plus_rdkit_descriptors,5,5
rdkit_fr_NH1,0.0,0.0,0.0,XGBoost,provided_plus_rdkit_descriptors,5,5
rdkit_fr_NH2,0.0,0.0,0.0,XGBoost,provided_plus_rdkit_descriptors,5,5
rdkit_fr_aldehyde,-108.22705,1840.8519,1938.2135,XGBoost,provided_plus_rdkit_descriptors,5,5
rdkit_fr_alkyl_halide,0.0,0.0,0.0,XGBoost,provided_plus_rdkit_descriptors,5,5
rdkit_fr_allylic_oxid,0.0,0.0,0.0,XGBoost,provided_plus_rdkit_descriptors,5,5
rdkit_fr_amide,0.0,0.0,0.0,XGBoost,provided_plus_rdkit_descriptors,5,5
rdkit_fr_bicyclic,0.0,0.0,0.0,XGBoost,provided_plus_rdkit_descriptors,5,5
rdkit_fr_ether,-0.60414225,745.7454,734.9373,XGBoost,provided_plus_rdkit_descriptors,5,5
rdkit_fr_halogen,0.0,0.0,0.0,XGBoost,provided_plus_rdkit_descriptors,5,5
rdkit_fr_ketone,0.0,0.0,0.0,XGBoost,provided_plus_rdkit_descriptors,5,5
rdkit_fr_ketone_Topliss,0.0,0.0,0.0,XGBoost,provided_plus_rdkit_descriptors,5,5
rdkit_fr_methoxy,0.0,0.0,0.0,XGBoost,provided_plus_rdkit_descriptors,5,5
rdkit_fr_phos_acid,0.0,0.0,0.0,XGBoost,provided_plus_rdkit_descriptors,5,5
rdkit_fr_phos_ester,0.0,0.0,0.0,XGBoost,provided_plus_rdkit_descriptors,5,5
Molecular weight (Da),-3735.9326,18909.967,20840.338,XGBoost,provided_plus_rdkit_descriptors,6,1
Solubility (mg/mL),-56802.125,504231.3,572044.44,XGBoost,provided_plus_rdkit_descriptors,6,1
"Glass transition temperature (Tg, degC)",-21592.67,202440.97,170294.16,XGBoost,provided_plus_rdkit_descriptors,6,1
Viscosity (mPa.s),15099.757,236551.11,172131.98,XGBoost,provided_plus_rdkit_descriptors,6,1
Concentration (% w/v),-95337.805,309546.8,142797.5,XGBoost,provided_plus_rdkit_descriptors,6,1
rdkit_MaxAbsEStateIndex,2288.138,37728.758,47088.75,XGBoost,provided_plus_rdkit_descriptors,6,1
rdkit_MaxEStateIndex,0.0,0.0,0.0,XGBoost,provided_plus_rdkit_descriptors,6,1
rdkit_MinAbsEStateIndex,-3906.3782,49188.082,70482.24,XGBoost,provided_plus_rdkit_descriptors,6,1
rdkit_MinEStateIndex,21166.895,44682.363,41481.91,XGBoost,provided_plus_rdkit_descriptors,6,1
rdkit_qed,1060.1467,24826.58,33570.797,XGBoost,provided_plus_rdkit_descriptors,6,1
rdkit_SPS,35135.29,50466.492,65441.676,XGBoost,provided_plus_rdkit_descriptors,6,1
rdkit_MolWt,0.0,0.0,0.0,XGBoost,provided_plus_rdkit_descriptors,6,1
rdkit_HeavyAtomMolWt,0.0,0.0,0.0,XGBoost,provided_plus_rdkit_descriptors,6,1
rdkit_ExactMolWt,0.0,0.0,0.0,XGBoost,provided_plus_rdkit_descriptors,6,1
rdkit_NumValenceElectrons,-364.4259,2463.1946,3154.4133,XGBoost,provided_plus_rdkit_descriptors,6,1
rdkit_MaxPartialCharge,2831.346,148864.81,120709.22,XGBoost,provided_plus_rdkit_descriptors,6,1
rdkit_MinPartialCharge,-9653.115,45444.21,26906.953,XGBoost,provided_plus_rdkit_descriptors,6,1
rdkit_MaxAbsPartialCharge,-1958.8445,4453.815,4144.0156,XGBoost,provided_plus_rdkit_descriptors,6,1
rdkit_MinAbsPartialCharge,0.0,0.0,0.0,XGBoost,provided_plus_rdkit_descriptors,6,1
rdkit_FpDensityMorgan1,12543.467,33587.09,29900.797,XGBoost,provided_plus_rdkit_descriptors,6,1
rdkit_FpDensityMorgan2,2584.7317,15970.714,11585.223,XGBoost,provided_plus_rdkit_descriptors,6,1
rdkit_FpDensityMorgan3,-16200.469,47271.44,45945.39,XGBoost,provided_plus_rdkit_descriptors,6,1
rdkit_BCUT2D_MWHI,-3081.4092,19138.361,19691.398,XGBoost,provided_plus_rdkit_descriptors,6,1
rdkit_BCUT2D_MWLOW,12094.566,24871.574,20992.916,XGBoost,provided_plus_rdkit_descriptors,6,1
rdkit_BCUT2D_CHGHI,-1733.6,55958.137,42688.582,XGBoost,provided_plus_rdkit_descriptors,6,1
rdkit_BCUT2D_CHGLO,-26719.424,49127.707,46179.906,XGBoost,provided_plus_rdkit_descriptors,6,1
rdkit_BCUT2D_LOGPHI,-843.92096,3091.347,2585.9712,XGBoost,provided_plus_rdkit_descriptors,6,1
rdkit_BCUT2D_LOGPLOW,-3507.41,7273.8184,5402.483,XGBoost,provided_plus_rdkit_descriptors,6,1
rdkit_BCUT2D_MRHI,50758.48,141909.81,147363.06,XGBoost,provided_plus_rdkit_descriptors,6,1
rdkit_BCUT2D_MRLOW,-3567.397,19228.021,26624.441,XGBoost,provided_plus_rdkit_descriptors,6,1
rdkit_AvgIpc,-50319.332,162855.39,200054.03,XGBoost,provided_plus_rdkit_descriptors,6,1
rdkit_BalabanJ,-6173.865,19729.873,15865.138,XGBoost,provided_plus_rdkit_descriptors,6,1
rdkit_BertzCT,-2743.9834,8092.3955,8444.367,XGBoost,provided_plus_rdkit_descriptors,6,1
rdkit_Chi0,199.12376,2268.288,3763.311,XGBoost,provided_plus_rdkit_descriptors,6,1
rdkit_Chi0n,2047.1989,5546.9116,4256.6104,XGBoost,provided_plus_rdkit_descriptors,6,1
rdkit_Chi0v,40133.44,84769.53,101436.05,XGBoost,provided_plus_rdkit_descriptors,6,1
rdkit_Chi1,-1322.7426,2348.808,2191.3757,XGBoost,provided_plus_rdkit_descriptors,6,1
rdkit_Chi1n,200.44951,2654.3125,3940.4072,XGBoost,provided_plus_rdkit_descriptors,6,1
rdkit_Chi1v,0.0,0.0,0.0,XGBoost,provided_plus_rdkit_descriptors,6,1
rdkit_Chi2n,0.0,0.0,0.0,XGBoost,provided_plus_rdkit_descriptors,6,1
rdkit_Chi2v,0.0,0.0,0.0,XGBoost,provided_plus_rdkit_descriptors,6,1
rdkit_Chi3n,148.73895,1543.35,1497.2053,XGBoost,provided_plus_rdkit_descriptors,6,1
rdkit_Chi3v,-143.89316,1210.2356,1251.2703,XGBoost,provided_plus_rdkit_descriptors,6,1
rdkit_Chi4n,573.36664,2009.8729,1385.1536,XGBoost,provided_plus_rdkit_descriptors,6,1
rdkit_Chi4v,0.0,0.0,0.0,XGBoost,provided_plus_rdkit_descriptors,6,1
rdkit_HallKierAlpha,-10970.199,165633.83,94511.05,XGBoost,provided_plus_rdkit_descriptors,6,1
rdkit_Ipc,-3142.5298,29007.031,25491.383,XGBoost,provided_plus_rdkit_descriptors,6,1
rdkit_Kappa1,-1795.1483,2223.1685,3058.2102,XGBoost,provided_plus_rdkit_descriptors,6,1
rdkit_Kappa2,8.946911,1463.6643,1803.3173,XGBoost,provided_plus_rdkit_descriptors,6,1
rdkit_Kappa3,2071.3513,9499.948,9434.942,XGBoost,provided_plus_rdkit_descriptors,6,1
rdkit_LabuteASA,0.0,0.0,0.0,XGBoost,provided_plus_rdkit_descriptors,6,1
rdkit_PEOE_VSA1,-11878.497,53599.652,45267.805,XGBoost,provided_plus_rdkit_descriptors,6,1
rdkit_PEOE_VSA10,13621.105,16757.027,21682.393,XGBoost,provided_plus_rdkit_descriptors,6,1
rdkit_PEOE_VSA11,-24495.57,80537.62,61343.004,XGBoost,provided_plus_rdkit_descriptors,6,1
rdkit_PEOE_VSA12,-182.69344,307.3844,289.91492,XGBoost,provided_plus_rdkit_descriptors,6,1
rdkit_PEOE_VSA14,0.0,0.0,0.0,XGBoost,provided_plus_rdkit_descriptors,6,1
rdkit_PEOE_VSA2,-124.91744,240.31569,235.76237,XGBoost,provided_plus_rdkit_descriptors,6,1
rdkit_PEOE_VSA3,0.0,0.0,0.0,XGBoost,provided_plus_rdkit_descriptors,6,1
rdkit_PEOE_VSA5,0.0,0.0,0.0,XGBoost,provided_plus_rdkit_descriptors,6,1
rdkit_PEOE_VSA6,-226.28017,581.656,1736.1932,XGBoost,provided_plus_rdkit_descriptors,6,1
rdkit_PEOE_VSA7,0.0,0.0,0.0,XGBoost,provided_plus_rdkit_descriptors,6,1
rdkit_PEOE_VSA8,2101.027,5242.555,13035.755,XGBoost,provided_plus_rdkit_descriptors,6,1
rdkit_PEOE_VSA9,-168.66708,2074.5413,2660.4846,XGBoost,provided_plus_rdkit_descriptors,6,1
rdkit_SMR_VSA1,-545.4034,2565.3167,3518.5122,XGBoost,provided_plus_rdkit_descriptors,6,1
rdkit_SMR_VSA10,-2569.8867,5730.6177,4534.4824,XGBoost,provided_plus_rdkit_descriptors,6,1
rdkit_SMR_VSA3,0.0,0.0,0.0,XGBoost,provided_plus_rdkit_descriptors,6,1
rdkit_SMR_VSA4,0.0,0.0,0.0,XGBoost,provided_plus_rdkit_descriptors,6,1
rdkit_SMR_VSA5,-4810.2603,15336.145,10414.345,XGBoost,provided_plus_rdkit_descriptors,6,1
rdkit_SMR_VSA6,0.0,0.0,0.0,XGBoost,provided_plus_rdkit_descriptors,6,1
rdkit_SMR_VSA7,0.0,0.0,0.0,XGBoost,provided_plus_rdkit_descriptors,6,1
rdkit_SlogP_VSA1,0.0,0.0,0.0,XGBoost,provided_plus_rdkit_descriptors,6,1
rdkit_SlogP_VSA12,0.0,0.0,0.0,XGBoost,provided_plus_rdkit_descriptors,6,1
rdkit_SlogP_VSA2,-3177.7961,8408.191,5447.876,XGBoost,provided_plus_rdkit_descriptors,6,1
rdkit_SlogP_VSA3,-7651.561,41109.387,22658.62,XGBoost,provided_plus_rdkit_descriptors,6,1
rdkit_SlogP_VSA4,0.0,0.0,0.0,XGBoost,provided_plus_rdkit_descriptors,6,1
rdkit_SlogP_VSA5,-1489.8915,3070.7178,3795.024,XGBoost,provided_plus_rdkit_descriptors,6,1
rdkit_SlogP_VSA6,0.0,0.0,0.0,XGBoost,provided_plus_rdkit_descriptors,6,1
rdkit_TPSA,342.16998,707.7538,1452.3376,XGBoost,provided_plus_rdkit_descriptors,6,1
rdkit_EState_VSA1,7460.2285,14075.513,9012.92,XGBoost,provided_plus_rdkit_descriptors,6,1
rdkit_EState_VSA10,38720.5,811226.4,333233.6,XGBoost,provided_plus_rdkit_descriptors,6,1
rdkit_EState_VSA2,19064.8,54849.527,158790.67,XGBoost,provided_plus_rdkit_descriptors,6,1
rdkit_EState_VSA3,1679.0273,3810.16,11902.882,XGBoost,provided_plus_rdkit_descriptors,6,1
rdkit_EState_VSA4,0.0,0.0,0.0,XGBoost,provided_plus_rdkit_descriptors,6,1
rdkit_EState_VSA5,-17.000818,341.6214,637.1077,XGBoost,provided_plus_rdkit_descriptors,6,1
rdkit_EState_VSA6,0.0,0.0,0.0,XGBoost,provided_plus_rdkit_descriptors,6,1
rdkit_EState_VSA7,0.0,0.0,0.0,XGBoost,provided_plus_rdkit_descriptors,6,1
rdkit_EState_VSA8,-917.0697,2202.2007,2435.4358,XGBoost,provided_plus_rdkit_descriptors,6,1
rdkit_EState_VSA9,55.436832,34623.477,32778.95,XGBoost,provided_plus_rdkit_descriptors,6,1
rdkit_VSA_EState1,1584.6868,9861.333,9684.338,XGBoost,provided_plus_rdkit_descriptors,6,1
rdkit_VSA_EState10,0.0,0.0,0.0,XGBoost,provided_plus_rdkit_descriptors,6,1
rdkit_VSA_EState2,27502.004,80362.71,96708.94,XGBoost,provided_plus_rdkit_descriptors,6,1
rdkit_VSA_EState3,15871.481,30548.066,20787.709,XGBoost,provided_plus_rdkit_descriptors,6,1
rdkit_VSA_EState4,0.0,0.0,0.0,XGBoost,provided_plus_rdkit_descriptors,6,1
rdkit_VSA_EState5,118.91783,1455.3616,1219.4968,XGBoost,provided_plus_rdkit_descriptors,6,1
rdkit_VSA_EState6,0.0,0.0,0.0,XGBoost,provided_plus_rdkit_descriptors,6,1
rdkit_VSA_EState7,3267.1714,11793.323,8079.863,XGBoost,provided_plus_rdkit_descriptors,6,1
rdkit_VSA_EState8,14408.082,283347.44,266563.47,XGBoost,provided_plus_rdkit_descriptors,6,1
rdkit_VSA_EState9,0.0,0.0,0.0,XGBoost,provided_plus_rdkit_descriptors,6,1
rdkit_FractionCSP3,830.89954,1466.1106,1671.2234,XGBoost,provided_plus_rdkit_descriptors,6,1
rdkit_HeavyAtomCount,0.0,0.0,0.0,XGBoost,provided_plus_rdkit_descriptors,6,1
rdkit_NHOHCount,859.68567,5498.27,3771.9688,XGBoost,provided_plus_rdkit_descriptors,6,1
rdkit_NOCount,0.0,0.0,0.0,XGBoost,provided_plus_rdkit_descriptors,6,1
rdkit_NumAliphaticCarbocycles,0.0,0.0,0.0,XGBoost,provided_plus_rdkit_descriptors,6,1
rdkit_NumAliphaticHeterocycles,0.0,0.0,0.0,XGBoost,provided_plus_rdkit_descriptors,6,1
rdkit_NumAliphaticRings,0.0,0.0,0.0,XGBoost,provided_plus_rdkit_descriptors,6,1
rdkit_NumAmideBonds,0.0,0.0,0.0,XGBoost,provided_plus_rdkit_descriptors,6,1
rdkit_NumAtomStereoCenters,3226.4653,4438.5947,4885.038,XGBoost,provided_plus_rdkit_descriptors,6,1
rdkit_NumBridgeheadAtoms,0.0,0.0,0.0,XGBoost,provided_plus_rdkit_descriptors,6,1
rdkit_NumHAcceptors,0.0,0.0,0.0,XGBoost,provided_plus_rdkit_descriptors,6,1
rdkit_NumHDonors,-1464.8263,14500.802,9559.302,XGBoost,provided_plus_rdkit_descriptors,6,1
rdkit_NumHeteroatoms,0.0,0.0,0.0,XGBoost,provided_plus_rdkit_descriptors,6,1
rdkit_NumHeterocycles,0.0,0.0,0.0,XGBoost,provided_plus_rdkit_descriptors,6,1
rdkit_NumRotatableBonds,-760.1348,2049.7217,2618.3992,XGBoost,provided_plus_rdkit_descriptors,6,1
rdkit_NumSaturatedCarbocycles,0.0,0.0,0.0,XGBoost,provided_plus_rdkit_descriptors,6,1
rdkit_NumSaturatedHeterocycles,0.0,0.0,0.0,XGBoost,provided_plus_rdkit_descriptors,6,1
rdkit_NumSaturatedRings,0.0,0.0,0.0,XGBoost,provided_plus_rdkit_descriptors,6,1
rdkit_NumUnspecifiedAtomStereoCenters,13270.038,23574.863,29663.29,XGBoost,provided_plus_rdkit_descriptors,6,1
rdkit_Phi,2058.2334,12518.811,9595.449,XGBoost,provided_plus_rdkit_descriptors,6,1
rdkit_RingCount,0.0,0.0,0.0,XGBoost,provided_plus_rdkit_descriptors,6,1
rdkit_MolLogP,-18822.732,177102.73,93829.9,XGBoost,provided_plus_rdkit_descriptors,6,1
rdkit_MolMR,1513.2013,8802.051,12257.999,XGBoost,provided_plus_rdkit_descriptors,6,1
rdkit_fr_Al_COO,0.0,0.0,0.0,XGBoost,provided_plus_rdkit_descriptors,6,1
rdkit_fr_Al_OH,23755.344,55277.68,30446.072,XGBoost,provided_plus_rdkit_descriptors,6,1
rdkit_fr_Al_OH_noTert,0.0,0.0,0.0,XGBoost,provided_plus_rdkit_descriptors,6,1
rdkit_fr_COO,0.0,0.0,0.0,XGBoost,provided_plus_rdkit_descriptors,6,1
rdkit_fr_COO2,0.0,0.0,0.0,XGBoost,provided_plus_rdkit_descriptors,6,1
rdkit_fr_C_O,0.0,0.0,0.0,XGBoost,provided_plus_rdkit_descriptors,6,1
rdkit_fr_C_O_noCOO,0.0,0.0,0.0,XGBoost,provided_plus_rdkit_descriptors,6,1
rdkit_fr_NH1,0.0,0.0,0.0,XGBoost,provided_plus_rdkit_descriptors,6,1
rdkit_fr_NH2,0.0,0.0,0.0,XGBoost,provided_plus_rdkit_descriptors,6,1
rdkit_fr_aldehyde,28315.469,74899.33,40527.355,XGBoost,provided_plus_rdkit_descriptors,6,1
rdkit_fr_alkyl_halide,0.0,0.0,0.0,XGBoost,provided_plus_rdkit_descriptors,6,1
rdkit_fr_allylic_oxid,0.0,0.0,0.0,XGBoost,provided_plus_rdkit_descriptors,6,1
rdkit_fr_amide,0.0,0.0,0.0,XGBoost,provided_plus_rdkit_descriptors,6,1
rdkit_fr_bicyclic,0.0,0.0,0.0,XGBoost,provided_plus_rdkit_descriptors,6,1
rdkit_fr_ether,0.0,0.0,0.0,XGBoost,provided_plus_rdkit_descriptors,6,1
rdkit_fr_halogen,0.0,0.0,0.0,XGBoost,provided_plus_rdkit_descriptors,6,1
rdkit_fr_ketone,0.0,0.0,0.0,XGBoost,provided_plus_rdkit_descriptors,6,1
rdkit_fr_ketone_Topliss,0.0,0.0,0.0,XGBoost,provided_plus_rdkit_descriptors,6,1
rdkit_fr_methoxy,0.0,0.0,0.0,XGBoost,provided_plus_rdkit_descriptors,6,1
rdkit_fr_phos_acid,0.0,0.0,0.0,XGBoost,provided_plus_rdkit_descriptors,6,1
rdkit_fr_phos_ester,0.0,0.0,0.0,XGBoost,provided_plus_rdkit_descriptors,6,1
Molecular weight (Da),3103.5574,17333.143,20951.506,XGBoost,provided_plus_rdkit_descriptors,6,2
Solubility (mg/mL),98853.93,490513.8,558521.56,XGBoost,provided_plus_rdkit_descriptors,6,2
"Glass transition temperature (Tg, degC)",15829.846,287766.34,233334.08,XGBoost,provided_plus_rdkit_descriptors,6,2
Viscosity (mPa.s),6136.5845,214937.16,214687.08,XGBoost,provided_plus_rdkit_descriptors,6,2
Concentration (% w/v),1685.5958,245796.11,125566.25,XGBoost,provided_plus_rdkit_descriptors,6,2
rdkit_MaxAbsEStateIndex,-16294.071,51880.957,35957.902,XGBoost,provided_plus_rdkit_descriptors,6,2
rdkit_MaxEStateIndex,0.0,0.0,0.0,XGBoost,provided_plus_rdkit_descriptors,6,2
rdkit_MinAbsEStateIndex,30231.686,71708.87,88339.35,XGBoost,provided_plus_rdkit_descriptors,6,2
rdkit_MinEStateIndex,-10141.739,81551.02,58668.36,XGBoost,provided_plus_rdkit_descriptors,6,2
rdkit_qed,1496.0261,38638.203,28590.771,XGBoost,provided_plus_rdkit_descriptors,6,2
rdkit_SPS,-3563.5144,47592.727,44588.277,XGBoost,provided_plus_rdkit_descriptors,6,2
rdkit_MolWt,0.0,0.0,0.0,XGBoost,provided_plus_rdkit_descriptors,6,2
rdkit_HeavyAtomMolWt,0.0,0.0,0.0,XGBoost,provided_plus_rdkit_descriptors,6,2
rdkit_ExactMolWt,0.0,0.0,0.0,XGBoost,provided_plus_rdkit_descriptors,6,2
rdkit_NumValenceElectrons,58.331245,939.4566,1313.4332,XGBoost,provided_plus_rdkit_descriptors,6,2
rdkit_MaxPartialCharge,-2021.9958,40751.57,27686.89,XGBoost,provided_plus_rdkit_descriptors,6,2
rdkit_MinPartialCharge,-35786.8,73592.96,56854.617,XGBoost,provided_plus_rdkit_descriptors,6,2
rdkit_MaxAbsPartialCharge,-1912.7887,10396.897,12035.497,XGBoost,provided_plus_rdkit_descriptors,6,2
rdkit_MinAbsPartialCharge,0.0,0.0,0.0,XGBoost,provided_plus_rdkit_descriptors,6,2
rdkit_FpDensityMorgan1,30232.854,42097.164,43842.93,XGBoost,provided_plus_rdkit_descriptors,6,2
rdkit_FpDensityMorgan2,5603.9463,24268.445,25341.012,XGBoost,provided_plus_rdkit_descriptors,6,2
rdkit_FpDensityMorgan3,-11582.464,39588.92,45403.195,XGBoost,provided_plus_rdkit_descriptors,6,2
rdkit_BCUT2D_MWHI,-5296.3003,17107.69,16542.053,XGBoost,provided_plus_rdkit_descriptors,6,2
rdkit_BCUT2D_MWLOW,-11608.12,66669.92,68095.44,XGBoost,provided_plus_rdkit_descriptors,6,2
rdkit_BCUT2D_CHGHI,-2458.6536,12198.568,15554.439,XGBoost,provided_plus_rdkit_descriptors,6,2
rdkit_BCUT2D_CHGLO,38376.65,70073.14,79298.79,XGBoost,provided_plus_rdkit_descriptors,6,2
rdkit_BCUT2D_LOGPHI,-4931.367,27695.037,28114.11,XGBoost,provided_plus_rdkit_descriptors,6,2
rdkit_BCUT2D_LOGPLOW,-12.532455,428.75256,726.61584,XGBoost,provided_plus_rdkit_descriptors,6,2
rdkit_BCUT2D_MRHI,-12610.94,110034.95,77484.21,XGBoost,provided_plus_rdkit_descriptors,6,2
rdkit_BCUT2D_MRLOW,16386.613,42983.9,28554.576,XGBoost,provided_plus_rdkit_descriptors,6,2
rdkit_AvgIpc,-19550.883,87334.95,113532.59,XGBoost,provided_plus_rdkit_descriptors,6,2
rdkit_BalabanJ,12360.481,27724.414,27539.232,XGBoost,provided_plus_rdkit_descriptors,6,2
rdkit_BertzCT,4453.6387,8654.146,15023.759,XGBoost,provided_plus_rdkit_descriptors,6,2
rdkit_Chi0,0.0,0.0,0.0,XGBoost,provided_plus_rdkit_descriptors,6,2
rdkit_Chi0n,69.3247,5765.5503,3896.849,XGBoost,provided_plus_rdkit_descriptors,6,2
rdkit_Chi0v,28900.916,75139.67,87238.0,XGBoost,provided_plus_rdkit_descriptors,6,2
rdkit_Chi1,1284.0413,2951.1086,4371.7095,XGBoost,provided_plus_rdkit_descriptors,6,2
rdkit_Chi1n,0.0,0.0,0.0,XGBoost,provided_plus_rdkit_descriptors,6,2
rdkit_Chi1v,4004.8054,7981.0923,9492.72,XGBoost,provided_plus_rdkit_descriptors,6,2
rdkit_Chi2n,4059.2869,8450.779,8023.2974,XGBoost,provided_plus_rdkit_descriptors,6,2
rdkit_Chi2v,25.188656,262.92645,227.15488,XGBoost,provided_plus_rdkit_descriptors,6,2
rdkit_Chi3n,15.757083,66.53585,105.153694,XGBoost,provided_plus_rdkit_descriptors,6,2
rdkit_Chi3v,0.0,0.0,0.0,XGBoost,provided_plus_rdkit_descriptors,6,2
rdkit_Chi4n,0.0,0.0,0.0,XGBoost,provided_plus_rdkit_descriptors,6,2
rdkit_Chi4v,-680.3054,7109.6313,4310.3877,XGBoost,provided_plus_rdkit_descriptors,6,2
rdkit_HallKierAlpha,-88667.67,340982.4,208376.44,XGBoost,provided_plus_rdkit_descriptors,6,2
rdkit_Ipc,-326.8868,2305.511,2735.7896,XGBoost,provided_plus_rdkit_descriptors,6,2
rdkit_Kappa1,-1959.2098,24099.387,28783.588,XGBoost,provided_plus_rdkit_descriptors,6,2
rdkit_Kappa2,15887.401,53152.918,46800.363,XGBoost,provided_plus_rdkit_descriptors,6,2
rdkit_Kappa3,-2822.8381,11513.771,10283.451,XGBoost,provided_plus_rdkit_descriptors,6,2
rdkit_LabuteASA,-4.8865175,340.50702,465.8338,XGBoost,provided_plus_rdkit_descriptors,6,2
rdkit_PEOE_VSA1,-9709.819,52062.4,48418.508,XGBoost,provided_plus_rdkit_descriptors,6,2
rdkit_PEOE_VSA10,3.5090442,173.69539,293.345,XGBoost,provided_plus_rdkit_descriptors,6,2
rdkit_PEOE_VSA11,-28069.713,106831.32,64534.547,XGBoost,provided_plus_rdkit_descriptors,6,2
rdkit_PEOE_VSA12,-85.32471,337.94336,419.54965,XGBoost,provided_plus_rdkit_descriptors,6,2
rdkit_PEOE_VSA14,0.0,0.0,0.0,XGBoost,provided_plus_rdkit_descriptors,6,2
rdkit_PEOE_VSA2,-127.29884,2206.443,2352.199,XGBoost,provided_plus_rdkit_descriptors,6,2
rdkit_PEOE_VSA3,0.0,0.0,0.0,XGBoost,provided_plus_rdkit_descriptors,6,2
rdkit_PEOE_VSA5,0.0,0.0,0.0,XGBoost,provided_plus_rdkit_descriptors,6,2
rdkit_PEOE_VSA6,0.0,0.0,0.0,XGBoost,provided_plus_rdkit_descriptors,6,2
rdkit_PEOE_VSA7,-413.8669,4287.0435,6075.8535,XGBoost,provided_plus_rdkit_descriptors,6,2
rdkit_PEOE_VSA8,800.03143,1007.78845,609.028,XGBoost,provided_plus_rdkit_descriptors,6,2
rdkit_PEOE_VSA9,-1882.1204,4313.1704,3293.416,XGBoost,provided_plus_rdkit_descriptors,6,2
rdkit_SMR_VSA1,1054.7463,11567.404,14440.8125,XGBoost,provided_plus_rdkit_descriptors,6,2
rdkit_SMR_VSA10,26.190907,1527.2933,1252.4479,XGBoost,provided_plus_rdkit_descriptors,6,2
rdkit_SMR_VSA3,0.0,0.0,0.0,XGBoost,provided_plus_rdkit_descriptors,6,2
rdkit_SMR_VSA4,0.0,0.0,0.0,XGBoost,provided_plus_rdkit_descriptors,6,2
rdkit_SMR_VSA5,-3129.4688,6819.4155,7032.3823,XGBoost,provided_plus_rdkit_descriptors,6,2
rdkit_SMR_VSA6,-261.0824,951.39056,1357.991,XGBoost,provided_plus_rdkit_descriptors,6,2
rdkit_SMR_VSA7,0.0,0.0,0.0,XGBoost,provided_plus_rdkit_descriptors,6,2
rdkit_SlogP_VSA1,-79.67948,230.02588,416.92325,XGBoost,provided_plus_rdkit_descriptors,6,2
rdkit_SlogP_VSA12,0.0,0.0,0.0,XGBoost,provided_plus_rdkit_descriptors,6,2
rdkit_SlogP_VSA2,-6003.8174,36668.1,19547.766,XGBoost,provided_plus_rdkit_descriptors,6,2
rdkit_SlogP_VSA3,239.8345,5686.7817,4371.9272,XGBoost,provided_plus_rdkit_descriptors,6,2
rdkit_SlogP_VSA4,0.0,0.0,0.0,XGBoost,provided_plus_rdkit_descriptors,6,2
rdkit_SlogP_VSA5,0.0,0.0,0.0,XGBoost,provided_plus_rdkit_descriptors,6,2
rdkit_SlogP_VSA6,0.0,0.0,0.0,XGBoost,provided_plus_rdkit_descriptors,6,2
rdkit_TPSA,0.0,0.0,0.0,XGBoost,provided_plus_rdkit_descriptors,6,2
rdkit_EState_VSA1,6624.3853,21794.383,20977.557,XGBoost,provided_plus_rdkit_descriptors,6,2
rdkit_EState_VSA10,-119778.58,652993.7,353408.3,XGBoost,provided_plus_rdkit_descriptors,6,2
rdkit_EState_VSA2,-7793.2036,13338.458,19525.342,XGBoost,provided_plus_rdkit_descriptors,6,2
rdkit_EState_VSA3,-483.72638,502.04526,205.72868,XGBoost,provided_plus_rdkit_descriptors,6,2
rdkit_EState_VSA4,380.78098,657.52234,669.8417,XGBoost,provided_plus_rdkit_descriptors,6,2
rdkit_EState_VSA5,-412.0945,1818.3986,2828.3118,XGBoost,provided_plus_rdkit_descriptors,6,2
rdkit_EState_VSA6,0.0,0.0,0.0,XGBoost,provided_plus_rdkit_descriptors,6,2
rdkit_EState_VSA7,0.0,0.0,0.0,XGBoost,provided_plus_rdkit_descriptors,6,2
rdkit_EState_VSA8,-503.80862,6710.802,8696.576,XGBoost,provided_plus_rdkit_descriptors,6,2
rdkit_EState_VSA9,10083.647,131909.81,96102.34,XGBoost,provided_plus_rdkit_descriptors,6,2
rdkit_VSA_EState1,3828.8638,12392.359,15338.119,XGBoost,provided_plus_rdkit_descriptors,6,2
rdkit_VSA_EState10,0.0,0.0,0.0,XGBoost,provided_plus_rdkit_descriptors,6,2
rdkit_VSA_EState2,-17018.91,73579.96,130371.08,XGBoost,provided_plus_rdkit_descriptors,6,2
rdkit_VSA_EState3,16461.424,36792.664,38551.81,XGBoost,provided_plus_rdkit_descriptors,6,2
rdkit_VSA_EState4,0.0,0.0,0.0,XGBoost,provided_plus_rdkit_descriptors,6,2
rdkit_VSA_EState5,-227.8396,3432.1748,3287.0083,XGBoost,provided_plus_rdkit_descriptors,6,2
rdkit_VSA_EState6,0.0,0.0,0.0,XGBoost,provided_plus_rdkit_descriptors,6,2
rdkit_VSA_EState7,4672.8857,28910.875,20970.094,XGBoost,provided_plus_rdkit_descriptors,6,2
rdkit_VSA_EState8,3006.5452,130395.58,123719.305,XGBoost,provided_plus_rdkit_descriptors,6,2
rdkit_VSA_EState9,0.0,0.0,0.0,XGBoost,provided_plus_rdkit_descriptors,6,2
rdkit_FractionCSP3,27.462915,1071.4794,1455.0205,XGBoost,provided_plus_rdkit_descriptors,6,2
rdkit_HeavyAtomCount,0.0,0.0,0.0,XGBoost,provided_plus_rdkit_descriptors,6,2
rdkit_NHOHCount,-53.701435,1026.4744,1612.2479,XGBoost,provided_plus_rdkit_descriptors,6,2
rdkit_NOCount,0.0,0.0,0.0,XGBoost,provided_plus_rdkit_descriptors,6,2
rdkit_NumAliphaticCarbocycles,0.0,0.0,0.0,XGBoost,provided_plus_rdkit_descriptors,6,2
rdkit_NumAliphaticHeterocycles,0.0,0.0,0.0,XGBoost,provided_plus_rdkit_descriptors,6,2
rdkit_NumAliphaticRings,0.0,0.0,0.0,XGBoost,provided_plus_rdkit_descriptors,6,2
rdkit_NumAmideBonds,0.0,0.0,0.0,XGBoost,provided_plus_rdkit_descriptors,6,2
rdkit_NumAtomStereoCenters,-756.9523,4023.9106,7050.265,XGBoost,provided_plus_rdkit_descriptors,6,2
rdkit_NumBridgeheadAtoms,0.0,0.0,0.0,XGBoost,provided_plus_rdkit_descriptors,6,2
rdkit_NumHAcceptors,0.0,0.0,0.0,XGBoost,provided_plus_rdkit_descriptors,6,2
rdkit_NumHDonors,0.0,0.0,0.0,XGBoost,provided_plus_rdkit_descriptors,6,2
rdkit_NumHeteroatoms,-233.08626,1507.973,1314.1311,XGBoost,provided_plus_rdkit_descriptors,6,2
rdkit_NumHeterocycles,0.0,0.0,0.0,XGBoost,provided_plus_rdkit_descriptors,6,2
rdkit_NumRotatableBonds,-553.16235,1414.6957,1561.7192,XGBoost,provided_plus_rdkit_descriptors,6,2
rdkit_NumSaturatedCarbocycles,0.0,0.0,0.0,XGBoost,provided_plus_rdkit_descriptors,6,2
rdkit_NumSaturatedHeterocycles,0.0,0.0,0.0,XGBoost,provided_plus_rdkit_descriptors,6,2
rdkit_NumSaturatedRings,0.0,0.0,0.0,XGBoost,provided_plus_rdkit_descriptors,6,2
rdkit_NumUnspecifiedAtomStereoCenters,1939.4694,6568.118,13161.218,XGBoost,provided_plus_rdkit_descriptors,6,2
rdkit_Phi,720.1791,1310.5192,1229.21,XGBoost,provided_plus_rdkit_descriptors,6,2
rdkit_RingCount,0.0,0.0,0.0,XGBoost,provided_plus_rdkit_descriptors,6,2
rdkit_MolLogP,-19027.934,78212.14,41715.168,XGBoost,provided_plus_rdkit_descriptors,6,2
rdkit_MolMR,-1197.5065,6117.339,6272.368,XGBoost,provided_plus_rdkit_descriptors,6,2
rdkit_fr_Al_COO,0.0,0.0,0.0,XGBoost,provided_plus_rdkit_descriptors,6,2
rdkit_fr_Al_OH,5205.925,12010.126,10752.556,XGBoost,provided_plus_rdkit_descriptors,6,2
rdkit_fr_Al_OH_noTert,0.0,0.0,0.0,XGBoost,provided_plus_rdkit_descriptors,6,2
rdkit_fr_COO,0.0,0.0,0.0,XGBoost,provided_plus_rdkit_descriptors,6,2
rdkit_fr_COO2,0.0,0.0,0.0,XGBoost,provided_plus_rdkit_descriptors,6,2
rdkit_fr_C_O,0.0,0.0,0.0,XGBoost,provided_plus_rdkit_descriptors,6,2
rdkit_fr_C_O_noCOO,0.0,0.0,0.0,XGBoost,provided_plus_rdkit_descriptors,6,2
rdkit_fr_NH1,0.0,0.0,0.0,XGBoost,provided_plus_rdkit_descriptors,6,2
rdkit_fr_NH2,0.0,0.0,0.0,XGBoost,provided_plus_rdkit_descriptors,6,2
rdkit_fr_aldehyde,27.692678,518.3631,770.88226,XGBoost,provided_plus_rdkit_descriptors,6,2
rdkit_fr_alkyl_halide,0.0,0.0,0.0,XGBoost,provided_plus_rdkit_descriptors,6,2
rdkit_fr_allylic_oxid,0.0,0.0,0.0,XGBoost,provided_plus_rdkit_descriptors,6,2
rdkit_fr_amide,0.0,0.0,0.0,XGBoost,provided_plus_rdkit_descriptors,6,2
rdkit_fr_bicyclic,0.0,0.0,0.0,XGBoost,provided_plus_rdkit_descriptors,6,2
rdkit_fr_ether,0.0,0.0,0.0,XGBoost,provided_plus_rdkit_descriptors,6,2
rdkit_fr_halogen,0.0,0.0,0.0,XGBoost,provided_plus_rdkit_descriptors,6,2
rdkit_fr_ketone,0.0,0.0,0.0,XGBoost,provided_plus_rdkit_descriptors,6,2
rdkit_fr_ketone_Topliss,0.0,0.0,0.0,XGBoost,provided_plus_rdkit_descriptors,6,2
rdkit_fr_methoxy,0.0,0.0,0.0,XGBoost,provided_plus_rdkit_descriptors,6,2
rdkit_fr_phos_acid,0.0,0.0,0.0,XGBoost,provided_plus_rdkit_descriptors,6,2
rdkit_fr_phos_ester,0.0,0.0,0.0,XGBoost,provided_plus_rdkit_descriptors,6,2
Molecular weight (Da),726.5935,29263.139,23747.324,XGBoost,provided_plus_rdkit_descriptors,6,3
Solubility (mg/mL),-4905.8657,458288.0,502992.3,XGBoost,provided_plus_rdkit_descriptors,6,3
"Glass transition temperature (Tg, degC)",12561.0205,196991.22,135572.56,XGBoost,provided_plus_rdkit_descriptors,6,3
Viscosity (mPa.s),51687.8,161599.7,154839.19,XGBoost,provided_plus_rdkit_descriptors,6,3
Concentration (% w/v),-20357.312,239422.23,101970.266,XGBoost,provided_plus_rdkit_descriptors,6,3
rdkit_MaxAbsEStateIndex,11036.92,57114.17,72849.27,XGBoost,provided_plus_rdkit_descriptors,6,3
rdkit_MaxEStateIndex,0.0,0.0,0.0,XGBoost,provided_plus_rdkit_descriptors,6,3
rdkit_MinAbsEStateIndex,38567.492,64822.1,80261.06,XGBoost,provided_plus_rdkit_descriptors,6,3
rdkit_MinEStateIndex,21042.426,55179.797,47187.637,XGBoost,provided_plus_rdkit_descriptors,6,3
rdkit_qed,-6768.564,58886.742,43081.617,XGBoost,provided_plus_rdkit_descriptors,6,3
rdkit_SPS,27429.482,70055.88,68889.98,XGBoost,provided_plus_rdkit_descriptors,6,3
rdkit_MolWt,0.0,0.0,0.0,XGBoost,provided_plus_rdkit_descriptors,6,3
rdkit_HeavyAtomMolWt,0.0,0.0,0.0,XGBoost,provided_plus_rdkit_descriptors,6,3
rdkit_ExactMolWt,0.0,0.0,0.0,XGBoost,provided_plus_rdkit_descriptors,6,3
rdkit_NumValenceElectrons,0.0,0.0,0.0,XGBoost,provided_plus_rdkit_descriptors,6,3
rdkit_MaxPartialCharge,-17679.363,96360.47,81440.336,XGBoost,provided_plus_rdkit_descriptors,6,3
rdkit_MinPartialCharge,907.5998,56607.996,32309.498,XGBoost,provided_plus_rdkit_descriptors,6,3
rdkit_MaxAbsPartialCharge,136.40913,8277.103,8774.21,XGBoost,provided_plus_rdkit_descriptors,6,3
rdkit_MinAbsPartialCharge,0.0,0.0,0.0,XGBoost,provided_plus_rdkit_descriptors,6,3
rdkit_FpDensityMorgan1,243.02643,35023.4,21343.207,XGBoost,provided_plus_rdkit_descriptors,6,3
rdkit_FpDensityMorgan2,-722.94366,5395.189,5628.904,XGBoost,provided_plus_rdkit_descriptors,6,3
rdkit_FpDensityMorgan3,3346.9895,23668.465,15372.213,XGBoost,provided_plus_rdkit_descriptors,6,3
rdkit_BCUT2D_MWHI,3674.076,23308.238,26500.205,XGBoost,provided_plus_rdkit_descriptors,6,3
rdkit_BCUT2D_MWLOW,-23215.795,76492.484,69183.64,XGBoost,provided_plus_rdkit_descriptors,6,3
rdkit_BCUT2D_CHGHI,-5861.1646,53300.92,25642.844,XGBoost,provided_plus_rdkit_descriptors,6,3
rdkit_BCUT2D_CHGLO,9678.798,19582.324,28685.178,XGBoost,provided_plus_rdkit_descriptors,6,3
rdkit_BCUT2D_LOGPHI,15.802623,933.71655,666.09576,XGBoost,provided_plus_rdkit_descriptors,6,3
rdkit_BCUT2D_LOGPLOW,463.01407,1932.6954,2170.8337,XGBoost,provided_plus_rdkit_descriptors,6,3
rdkit_BCUT2D_MRHI,19248.885,63995.21,58815.777,XGBoost,provided_plus_rdkit_descriptors,6,3
rdkit_BCUT2D_MRLOW,-2217.4058,29247.816,34388.594,XGBoost,provided_plus_rdkit_descriptors,6,3
rdkit_AvgIpc,-32274.473,95139.03,109225.625,XGBoost,provided_plus_rdkit_descriptors,6,3
rdkit_BalabanJ,-481.8309,13783.007,10967.567,XGBoost,provided_plus_rdkit_descriptors,6,3
rdkit_BertzCT,-3817.0542,18323.414,12964.853,XGBoost,provided_plus_rdkit_descriptors,6,3
rdkit_Chi0,-711.9513,2536.7205,4833.3853,XGBoost,provided_plus_rdkit_descriptors,6,3
rdkit_Chi0n,-7872.7275,34639.82,23474.123,XGBoost,provided_plus_rdkit_descriptors,6,3
rdkit_Chi0v,32067.844,79522.73,78583.44,XGBoost,provided_plus_rdkit_descriptors,6,3
rdkit_Chi1,-159.39624,5035.888,6565.91,XGBoost,provided_plus_rdkit_descriptors,6,3
rdkit_Chi1n,38.08825,1053.9464,869.2968,XGBoost,provided_plus_rdkit_descriptors,6,3
rdkit_Chi1v,146.64995,1045.1348,1871.6259,XGBoost,provided_plus_rdkit_descriptors,6,3
rdkit_Chi2n,3021.7913,12996.716,9237.823,XGBoost,provided_plus_rdkit_descriptors,6,3
rdkit_Chi2v,0.0,0.0,0.0,XGBoost,provided_plus_rdkit_descriptors,6,3
rdkit_Chi3n,-712.494,853.48706,1430.255,XGBoost,provided_plus_rdkit_descriptors,6,3
rdkit_Chi3v,16825.613,35096.355,47193.605,XGBoost,provided_plus_rdkit_descriptors,6,3
rdkit_Chi4n,-5474.637,24902.361,14237.947,XGBoost,provided_plus_rdkit_descriptors,6,3
rdkit_Chi4v,840.3429,2446.163,2269.646,XGBoost,provided_plus_rdkit_descriptors,6,3
rdkit_HallKierAlpha,-1418.739,140554.6,90595.52,XGBoost,provided_plus_rdkit_descriptors,6,3
rdkit_Ipc,3267.734,29300.568,20980.092,XGBoost,provided_plus_rdkit_descriptors,6,3
rdkit_Kappa1,271.29337,7583.814,6244.8813,XGBoost,provided_plus_rdkit_descriptors,6,3
rdkit_Kappa2,2640.3245,3624.8372,5243.812,XGBoost,provided_plus_rdkit_descriptors,6,3
rdkit_Kappa3,78.34596,12132.884,12170.37,XGBoost,provided_plus_rdkit_descriptors,6,3
rdkit_LabuteASA,0.0,0.0,0.0,XGBoost,provided_plus_rdkit_descriptors,6,3
rdkit_PEOE_VSA1,2527.3076,13635.629,17269.836,XGBoost,provided_plus_rdkit_descriptors,6,3
rdkit_PEOE_VSA10,-1412.2759,10735.363,7569.614,XGBoost,provided_plus_rdkit_descriptors,6,3
rdkit_PEOE_VSA11,4180.955,86523.68,61812.355,XGBoost,provided_plus_rdkit_descriptors,6,3
rdkit_PEOE_VSA12,24.444283,169.28644,220.78113,XGBoost,provided_plus_rdkit_descriptors,6,3
rdkit_PEOE_VSA14,0.0,0.0,0.0,XGBoost,provided_plus_rdkit_descriptors,6,3
rdkit_PEOE_VSA2,186.48952,693.1428,791.1125,XGBoost,provided_plus_rdkit_descriptors,6,3
rdkit_PEOE_VSA3,0.0,0.0,0.0,XGBoost,provided_plus_rdkit_descriptors,6,3
rdkit_PEOE_VSA5,0.0,0.0,0.0,XGBoost,provided_plus_rdkit_descriptors,6,3
rdkit_PEOE_VSA6,0.0,0.0,0.0,XGBoost,provided_plus_rdkit_descriptors,6,3
rdkit_PEOE_VSA7,-895.32416,4396.325,6839.112,XGBoost,provided_plus_rdkit_descriptors,6,3
rdkit_PEOE_VSA8,0.16822714,1446.537,3414.7612,XGBoost,provided_plus_rdkit_descriptors,6,3
rdkit_PEOE_VSA9,3873.7097,8853.888,5274.3296,XGBoost,provided_plus_rdkit_descriptors,6,3
rdkit_SMR_VSA1,-88.08413,2636.758,2322.002,XGBoost,provided_plus_rdkit_descriptors,6,3
rdkit_SMR_VSA10,-3666.1467,5375.378,4907.0566,XGBoost,provided_plus_rdkit_descriptors,6,3
rdkit_SMR_VSA3,0.0,0.0,0.0,XGBoost,provided_plus_rdkit_descriptors,6,3
rdkit_SMR_VSA4,0.0,0.0,0.0,XGBoost,provided_plus_rdkit_descriptors,6,3
rdkit_SMR_VSA5,512.37683,9217.662,8501.273,XGBoost,provided_plus_rdkit_descriptors,6,3
rdkit_SMR_VSA6,2453.336,3655.7578,3043.4248,XGBoost,provided_plus_rdkit_descriptors,6,3
rdkit_SMR_VSA7,0.0,0.0,0.0,XGBoost,provided_plus_rdkit_descriptors,6,3
rdkit_SlogP_VSA1,0.0,0.0,0.0,XGBoost,provided_plus_rdkit_descriptors,6,3
rdkit_SlogP_VSA12,0.0,0.0,0.0,XGBoost,provided_plus_rdkit_descriptors,6,3
rdkit_SlogP_VSA2,-28601.633,75319.54,46018.105,XGBoost,provided_plus_rdkit_descriptors,6,3
rdkit_SlogP_VSA3,-6189.8154,87554.1,37287.03,XGBoost,provided_plus_rdkit_descriptors,6,3
rdkit_SlogP_VSA4,0.0,0.0,0.0,XGBoost,provided_plus_rdkit_descriptors,6,3
rdkit_SlogP_VSA5,-718.71625,3203.7454,4184.219,XGBoost,provided_plus_rdkit_descriptors,6,3
rdkit_SlogP_VSA6,0.0,0.0,0.0,XGBoost,provided_plus_rdkit_descriptors,6,3
rdkit_TPSA,-351.35617,968.37585,1095.4812,XGBoost,provided_plus_rdkit_descriptors,6,3
rdkit_EState_VSA1,483.11398,1129.4491,2849.2058,XGBoost,provided_plus_rdkit_descriptors,6,3
rdkit_EState_VSA10,-53926.117,592830.94,237854.84,XGBoost,provided_plus_rdkit_descriptors,6,3
rdkit_EState_VSA2,-7865.885,24377.428,61110.37,XGBoost,provided_plus_rdkit_descriptors,6,3
rdkit_EState_VSA3,1003.05066,5119.434,13208.374,XGBoost,provided_plus_rdkit_descriptors,6,3
rdkit_EState_VSA4,0.0,0.0,0.0,XGBoost,provided_plus_rdkit_descriptors,6,3
rdkit_EState_VSA5,4195.112,9583.66,10591.197,XGBoost,provided_plus_rdkit_descriptors,6,3
rdkit_EState_VSA6,0.0,0.0,0.0,XGBoost,provided_plus_rdkit_descriptors,6,3
rdkit_EState_VSA7,0.0,0.0,0.0,XGBoost,provided_plus_rdkit_descriptors,6,3
rdkit_EState_VSA8,-925.01355,9801.745,15949.424,XGBoost,provided_plus_rdkit_descriptors,6,3
rdkit_EState_VSA9,2485.6865,35502.723,28977.71,XGBoost,provided_plus_rdkit_descriptors,6,3
rdkit_VSA_EState1,20.462612,217.79088,359.78952,XGBoost,provided_plus_rdkit_descriptors,6,3
rdkit_VSA_EState10,0.0,0.0,0.0,XGBoost,provided_plus_rdkit_descriptors,6,3
rdkit_VSA_EState2,6919.7173,39091.996,35251.75,XGBoost,provided_plus_rdkit_descriptors,6,3
rdkit_VSA_EState3,5223.9136,26209.354,21041.783,XGBoost,provided_plus_rdkit_descriptors,6,3
rdkit_VSA_EState4,0.0,0.0,0.0,XGBoost,provided_plus_rdkit_descriptors,6,3
rdkit_VSA_EState5,-3509.8557,5752.4863,5583.4355,XGBoost,provided_plus_rdkit_descriptors,6,3
rdkit_VSA_EState6,0.0,0.0,0.0,XGBoost,provided_plus_rdkit_descriptors,6,3
rdkit_VSA_EState7,6997.565,42252.71,35301.875,XGBoost,provided_plus_rdkit_descriptors,6,3
rdkit_VSA_EState8,13598.592,184777.19,201277.86,XGBoost,provided_plus_rdkit_descriptors,6,3
rdkit_VSA_EState9,0.0,0.0,0.0,XGBoost,provided_plus_rdkit_descriptors,6,3
rdkit_FractionCSP3,-32.961037,261.01508,522.1963,XGBoost,provided_plus_rdkit_descriptors,6,3
rdkit_HeavyAtomCount,0.0,0.0,0.0,XGBoost,provided_plus_rdkit_descriptors,6,3
rdkit_NHOHCount,0.0,0.0,0.0,XGBoost,provided_plus_rdkit_descriptors,6,3
rdkit_NOCount,0.0,0.0,0.0,XGBoost,provided_plus_rdkit_descriptors,6,3
rdkit_NumAliphaticCarbocycles,0.0,0.0,0.0,XGBoost,provided_plus_rdkit_descriptors,6,3
rdkit_NumAliphaticHeterocycles,0.0,0.0,0.0,XGBoost,provided_plus_rdkit_descriptors,6,3
rdkit_NumAliphaticRings,0.0,0.0,0.0,XGBoost,provided_plus_rdkit_descriptors,6,3
rdkit_NumAmideBonds,0.0,0.0,0.0,XGBoost,provided_plus_rdkit_descriptors,6,3
rdkit_NumAtomStereoCenters,4370.614,10622.719,12797.108,XGBoost,provided_plus_rdkit_descriptors,6,3
rdkit_NumBridgeheadAtoms,0.0,0.0,0.0,XGBoost,provided_plus_rdkit_descriptors,6,3
rdkit_NumHAcceptors,0.0,0.0,0.0,XGBoost,provided_plus_rdkit_descriptors,6,3
rdkit_NumHDonors,-6534.253,15885.295,9240.817,XGBoost,provided_plus_rdkit_descriptors,6,3
rdkit_NumHeteroatoms,0.0,0.0,0.0,XGBoost,provided_plus_rdkit_descriptors,6,3
rdkit_NumHeterocycles,0.0,0.0,0.0,XGBoost,provided_plus_rdkit_descriptors,6,3
rdkit_NumRotatableBonds,-1071.1925,2782.12,2211.145,XGBoost,provided_plus_rdkit_descriptors,6,3
rdkit_NumSaturatedCarbocycles,0.0,0.0,0.0,XGBoost,provided_plus_rdkit_descriptors,6,3
rdkit_NumSaturatedHeterocycles,0.0,0.0,0.0,XGBoost,provided_plus_rdkit_descriptors,6,3
rdkit_NumSaturatedRings,0.0,0.0,0.0,XGBoost,provided_plus_rdkit_descriptors,6,3
rdkit_NumUnspecifiedAtomStereoCenters,540.2824,6440.114,12081.49,XGBoost,provided_plus_rdkit_descriptors,6,3
rdkit_Phi,580.2194,9851.09,11681.404,XGBoost,provided_plus_rdkit_descriptors,6,3
rdkit_RingCount,0.0,0.0,0.0,XGBoost,provided_plus_rdkit_descriptors,6,3
rdkit_MolLogP,-79431.23,232644.52,150021.12,XGBoost,provided_plus_rdkit_descriptors,6,3
rdkit_MolMR,0.0,0.0,0.0,XGBoost,provided_plus_rdkit_descriptors,6,3
rdkit_fr_Al_COO,0.0,0.0,0.0,XGBoost,provided_plus_rdkit_descriptors,6,3
rdkit_fr_Al_OH,16354.957,27877.182,19556.35,XGBoost,provided_plus_rdkit_descriptors,6,3
rdkit_fr_Al_OH_noTert,0.0,0.0,0.0,XGBoost,provided_plus_rdkit_descriptors,6,3
rdkit_fr_COO,0.0,0.0,0.0,XGBoost,provided_plus_rdkit_descriptors,6,3
rdkit_fr_COO2,0.0,0.0,0.0,XGBoost,provided_plus_rdkit_descriptors,6,3
rdkit_fr_C_O,0.0,0.0,0.0,XGBoost,provided_plus_rdkit_descriptors,6,3
rdkit_fr_C_O_noCOO,0.0,0.0,0.0,XGBoost,provided_plus_rdkit_descriptors,6,3
rdkit_fr_NH1,0.0,0.0,0.0,XGBoost,provided_plus_rdkit_descriptors,6,3
rdkit_fr_NH2,0.0,0.0,0.0,XGBoost,provided_plus_rdkit_descriptors,6,3
rdkit_fr_aldehyde,-704.86285,2369.9468,2248.766,XGBoost,provided_plus_rdkit_descriptors,6,3
rdkit_fr_alkyl_halide,0.0,0.0,0.0,XGBoost,provided_plus_rdkit_descriptors,6,3
rdkit_fr_allylic_oxid,0.0,0.0,0.0,XGBoost,provided_plus_rdkit_descriptors,6,3
rdkit_fr_amide,0.0,0.0,0.0,XGBoost,provided_plus_rdkit_descriptors,6,3
rdkit_fr_bicyclic,0.0,0.0,0.0,XGBoost,provided_plus_rdkit_descriptors,6,3
rdkit_fr_ether,0.0,0.0,0.0,XGBoost,provided_plus_rdkit_descriptors,6,3
rdkit_fr_halogen,0.0,0.0,0.0,XGBoost,provided_plus_rdkit_descriptors,6,3
rdkit_fr_ketone,74.432,1171.2473,1771.2571,XGBoost,provided_plus_rdkit_descriptors,6,3
rdkit_fr_ketone_Topliss,0.0,0.0,0.0,XGBoost,provided_plus_rdkit_descriptors,6,3
rdkit_fr_methoxy,0.0,0.0,0.0,XGBoost,provided_plus_rdkit_descriptors,6,3
rdkit_fr_phos_acid,0.0,0.0,0.0,XGBoost,provided_plus_rdkit_descriptors,6,3
rdkit_fr_phos_ester,0.0,0.0,0.0,XGBoost,provided_plus_rdkit_descriptors,6,3
Molecular weight (Da),9264.304,28339.62,26858.385,XGBoost,provided_plus_rdkit_descriptors,6,4
Solubility (mg/mL),25956.732,653057.75,719684.2,XGBoost,provided_plus_rdkit_descriptors,6,4
"Glass transition temperature (Tg, degC)",32826.387,247397.64,211613.83,XGBoost,provided_plus_rdkit_descriptors,6,4
Viscosity (mPa.s),49111.562,124603.48,102275.53,XGBoost,provided_plus_rdkit_descriptors,6,4
Concentration (% w/v),81413.28,307298.47,144662.61,XGBoost,provided_plus_rdkit_descriptors,6,4
rdkit_MaxAbsEStateIndex,21459.926,73302.92,69460.41,XGBoost,provided_plus_rdkit_descriptors,6,4
rdkit_MaxEStateIndex,0.0,0.0,0.0,XGBoost,provided_plus_rdkit_descriptors,6,4
rdkit_MinAbsEStateIndex,-15420.654,43834.664,68628.375,XGBoost,provided_plus_rdkit_descriptors,6,4
rdkit_MinEStateIndex,-6343.1274,30237.8,26269.617,XGBoost,provided_plus_rdkit_descriptors,6,4
rdkit_qed,-35621.508,121690.24,107515.94,XGBoost,provided_plus_rdkit_descriptors,6,4
rdkit_SPS,5998.9644,36836.586,34528.844,XGBoost,provided_plus_rdkit_descriptors,6,4
rdkit_MolWt,0.0,0.0,0.0,XGBoost,provided_plus_rdkit_descriptors,6,4
rdkit_HeavyAtomMolWt,0.0,0.0,0.0,XGBoost,provided_plus_rdkit_descriptors,6,4
rdkit_ExactMolWt,0.0,0.0,0.0,XGBoost,provided_plus_rdkit_descriptors,6,4
rdkit_NumValenceElectrons,23.139196,313.4315,559.5688,XGBoost,provided_plus_rdkit_descriptors,6,4
rdkit_MaxPartialCharge,-78466.2,150543.77,117080.66,XGBoost,provided_plus_rdkit_descriptors,6,4
rdkit_MinPartialCharge,-12334.827,49126.863,38004.344,XGBoost,provided_plus_rdkit_descriptors,6,4
rdkit_MaxAbsPartialCharge,-120.08802,6734.155,3861.7021,XGBoost,provided_plus_rdkit_descriptors,6,4
rdkit_MinAbsPartialCharge,0.0,0.0,0.0,XGBoost,provided_plus_rdkit_descriptors,6,4
rdkit_FpDensityMorgan1,22877.354,34891.41,27219.48,XGBoost,provided_plus_rdkit_descriptors,6,4
rdkit_FpDensityMorgan2,3597.0935,11932.872,11336.453,XGBoost,provided_plus_rdkit_descriptors,6,4
rdkit_FpDensityMorgan3,4051.4604,26647.107,24738.143,XGBoost,provided_plus_rdkit_descriptors,6,4
rdkit_BCUT2D_MWHI,2311.6062,12943.638,9141.828,XGBoost,provided_plus_rdkit_descriptors,6,4
rdkit_BCUT2D_MWLOW,1762.0046,27770.629,21207.525,XGBoost,provided_plus_rdkit_descriptors,6,4
rdkit_BCUT2D_CHGHI,33142.938,63037.258,95141.35,XGBoost,provided_plus_rdkit_descriptors,6,4
rdkit_BCUT2D_CHGLO,-5246.142,20261.445,16425.088,XGBoost,provided_plus_rdkit_descriptors,6,4
rdkit_BCUT2D_LOGPHI,625.65857,8813.92,6245.3525,XGBoost,provided_plus_rdkit_descriptors,6,4
rdkit_BCUT2D_LOGPLOW,-1198.6989,2472.381,2002.3922,XGBoost,provided_plus_rdkit_descriptors,6,4
rdkit_BCUT2D_MRHI,-12066.418,30440.793,25009.613,XGBoost,provided_plus_rdkit_descriptors,6,4
rdkit_BCUT2D_MRLOW,278.1256,16895.033,15222.657,XGBoost,provided_plus_rdkit_descriptors,6,4
rdkit_AvgIpc,-92401.875,190225.86,198858.6,XGBoost,provided_plus_rdkit_descriptors,6,4
rdkit_BalabanJ,18521.783,60953.785,52930.22,XGBoost,provided_plus_rdkit_descriptors,6,4
rdkit_BertzCT,-13711.915,120398.02,67189.164,XGBoost,provided_plus_rdkit_descriptors,6,4
rdkit_Chi0,269.123,552.6289,939.6286,XGBoost,provided_plus_rdkit_descriptors,6,4
rdkit_Chi0n,3233.3235,18827.066,13114.537,XGBoost,provided_plus_rdkit_descriptors,6,4
rdkit_Chi0v,-4632.126,63743.21,39361.53,XGBoost,provided_plus_rdkit_descriptors,6,4
rdkit_Chi1,-966.7524,3398.16,2623.0464,XGBoost,provided_plus_rdkit_descriptors,6,4
rdkit_Chi1n,-1302.223,3926.093,2857.4236,XGBoost,provided_plus_rdkit_descriptors,6,4
rdkit_Chi1v,164.17995,863.1052,804.0617,XGBoost,provided_plus_rdkit_descriptors,6,4
rdkit_Chi2n,5381.6255,10160.411,5008.1123,XGBoost,provided_plus_rdkit_descriptors,6,4
rdkit_Chi2v,0.0,0.0,0.0,XGBoost,provided_plus_rdkit_descriptors,6,4
rdkit_Chi3n,-194.19342,1054.3878,730.22925,XGBoost,provided_plus_rdkit_descriptors,6,4
rdkit_Chi3v,0.0,0.0,0.0,XGBoost,provided_plus_rdkit_descriptors,6,4
rdkit_Chi4n,-181.50931,347.56595,426.02347,XGBoost,provided_plus_rdkit_descriptors,6,4
rdkit_Chi4v,-1526.0343,3978.9866,2830.3635,XGBoost,provided_plus_rdkit_descriptors,6,4
rdkit_HallKierAlpha,-11718.656,107274.32,69446.81,XGBoost,provided_plus_rdkit_descriptors,6,4
rdkit_Ipc,-25115.96,43209.926,34913.31,XGBoost,provided_plus_rdkit_descriptors,6,4
rdkit_Kappa1,-11.709025,2062.809,3261.5928,XGBoost,provided_plus_rdkit_descriptors,6,4
rdkit_Kappa2,2764.3215,14037.646,12157.42,XGBoost,provided_plus_rdkit_descriptors,6,4
rdkit_Kappa3,3782.3557,27571.139,28296.363,XGBoost,provided_plus_rdkit_descriptors,6,4
rdkit_LabuteASA,0.0,0.0,0.0,XGBoost,provided_plus_rdkit_descriptors,6,4
rdkit_PEOE_VSA1,-11066.511,93202.27,73251.11,XGBoost,provided_plus_rdkit_descriptors,6,4
rdkit_PEOE_VSA10,7037.35,13942.737,13958.231,XGBoost,provided_plus_rdkit_descriptors,6,4
rdkit_PEOE_VSA11,11522.065,68277.086,42284.508,XGBoost,provided_plus_rdkit_descriptors,6,4
rdkit_PEOE_VSA12,-1444.176,4860.916,6128.4814,XGBoost,provided_plus_rdkit_descriptors,6,4
rdkit_PEOE_VSA14,0.0,0.0,0.0,XGBoost,provided_plus_rdkit_descriptors,6,4
rdkit_PEOE_VSA2,0.0,0.0,0.0,XGBoost,provided_plus_rdkit_descriptors,6,4
rdkit_PEOE_VSA3,0.0,0.0,0.0,XGBoost,provided_plus_rdkit_descriptors,6,4
rdkit_PEOE_VSA5,0.0,0.0,0.0,XGBoost,provided_plus_rdkit_descriptors,6,4
rdkit_PEOE_VSA6,0.0,0.0,0.0,XGBoost,provided_plus_rdkit_descriptors,6,4
rdkit_PEOE_VSA7,0.0,0.0,0.0,XGBoost,provided_plus_rdkit_descriptors,6,4
rdkit_PEOE_VSA8,-351.12357,763.08044,844.96765,XGBoost,provided_plus_rdkit_descriptors,6,4
rdkit_PEOE_VSA9,-230.96829,2210.5486,2252.1953,XGBoost,provided_plus_rdkit_descriptors,6,4
rdkit_SMR_VSA1,346.58688,3550.6008,3908.0593,XGBoost,provided_plus_rdkit_descriptors,6,4
rdkit_SMR_VSA10,-132.06248,578.6978,883.59735,XGBoost,provided_plus_rdkit_descriptors,6,4
rdkit_SMR_VSA3,0.0,0.0,0.0,XGBoost,provided_plus_rdkit_descriptors,6,4
rdkit_SMR_VSA4,2515.8074,9003.793,24928.02,XGBoost,provided_plus_rdkit_descriptors,6,4
rdkit_SMR_VSA5,-1839.1927,7303.415,8217.037,XGBoost,provided_plus_rdkit_descriptors,6,4
rdkit_SMR_VSA6,-495.6533,1722.9207,1728.9602,XGBoost,provided_plus_rdkit_descriptors,6,4
rdkit_SMR_VSA7,0.0,0.0,0.0,XGBoost,provided_plus_rdkit_descriptors,6,4
rdkit_SlogP_VSA1,0.0,0.0,0.0,XGBoost,provided_plus_rdkit_descriptors,6,4
rdkit_SlogP_VSA12,0.0,0.0,0.0,XGBoost,provided_plus_rdkit_descriptors,6,4
rdkit_SlogP_VSA2,-2532.769,76512.555,36889.945,XGBoost,provided_plus_rdkit_descriptors,6,4
rdkit_SlogP_VSA3,-25807.873,70763.95,35949.465,XGBoost,provided_plus_rdkit_descriptors,6,4
rdkit_SlogP_VSA4,0.0,0.0,0.0,XGBoost,provided_plus_rdkit_descriptors,6,4
rdkit_SlogP_VSA5,117.25243,1515.7693,3000.3804,XGBoost,provided_plus_rdkit_descriptors,6,4
rdkit_SlogP_VSA6,0.0,0.0,0.0,XGBoost,provided_plus_rdkit_descriptors,6,4
rdkit_TPSA,14.53491,2686.3557,3036.3735,XGBoost,provided_plus_rdkit_descriptors,6,4
rdkit_EState_VSA1,5646.2812,12911.901,13380.992,XGBoost,provided_plus_rdkit_descriptors,6,4
rdkit_EState_VSA10,70653.02,569592.3,263043.1,XGBoost,provided_plus_rdkit_descriptors,6,4
rdkit_EState_VSA2,3409.9072,16853.066,41369.52,XGBoost,provided_plus_rdkit_descriptors,6,4
rdkit_EState_VSA3,307.74332,880.57855,3179.8591,XGBoost,provided_plus_rdkit_descriptors,6,4
rdkit_EState_VSA4,0.0,0.0,0.0,XGBoost,provided_plus_rdkit_descriptors,6,4
rdkit_EState_VSA5,161.0405,2416.0452,5180.8135,XGBoost,provided_plus_rdkit_descriptors,6,4
rdkit_EState_VSA6,0.0,0.0,0.0,XGBoost,provided_plus_rdkit_descriptors,6,4
rdkit_EState_VSA7,0.0,0.0,0.0,XGBoost,provided_plus_rdkit_descriptors,6,4
rdkit_EState_VSA8,1562.9451,7558.305,11248.953,XGBoost,provided_plus_rdkit_descriptors,6,4
rdkit_EState_VSA9,-6026.3955,45760.902,26942.623,XGBoost,provided_plus_rdkit_descriptors,6,4
rdkit_VSA_EState1,643.3373,1237.9805,2213.8774,XGBoost,provided_plus_rdkit_descriptors,6,4
rdkit_VSA_EState10,0.0,0.0,0.0,XGBoost,provided_plus_rdkit_descriptors,6,4
rdkit_VSA_EState2,-20288.213,72706.1,69798.17,XGBoost,provided_plus_rdkit_descriptors,6,4
rdkit_VSA_EState3,8973.412,68276.39,62519.39,XGBoost,provided_plus_rdkit_descriptors,6,4
rdkit_VSA_EState4,0.0,0.0,0.0,XGBoost,provided_plus_rdkit_descriptors,6,4
rdkit_VSA_EState5,-2560.3313,8824.794,10867.036,XGBoost,provided_plus_rdkit_descriptors,6,4
rdkit_VSA_EState6,0.0,0.0,0.0,XGBoost,provided_plus_rdkit_descriptors,6,4
rdkit_VSA_EState7,25645.207,46408.375,40440.195,XGBoost,provided_plus_rdkit_descriptors,6,4
rdkit_VSA_EState8,29716.393,224276.06,188999.8,XGBoost,provided_plus_rdkit_descriptors,6,4
rdkit_VSA_EState9,0.0,0.0,0.0,XGBoost,provided_plus_rdkit_descriptors,6,4
rdkit_FractionCSP3,759.47046,2794.866,1937.2118,XGBoost,provided_plus_rdkit_descriptors,6,4
rdkit_HeavyAtomCount,0.0,0.0,0.0,XGBoost,provided_plus_rdkit_descriptors,6,4
rdkit_NHOHCount,0.0,0.0,0.0,XGBoost,provided_plus_rdkit_descriptors,6,4
rdkit_NOCount,0.0,0.0,0.0,XGBoost,provided_plus_rdkit_descriptors,6,4
rdkit_NumAliphaticCarbocycles,0.0,0.0,0.0,XGBoost,provided_plus_rdkit_descriptors,6,4
rdkit_NumAliphaticHeterocycles,0.0,0.0,0.0,XGBoost,provided_plus_rdkit_descriptors,6,4
rdkit_NumAliphaticRings,0.0,0.0,0.0,XGBoost,provided_plus_rdkit_descriptors,6,4
rdkit_NumAmideBonds,0.0,0.0,0.0,XGBoost,provided_plus_rdkit_descriptors,6,4
rdkit_NumAtomStereoCenters,-432.61884,1008.43616,1207.6031,XGBoost,provided_plus_rdkit_descriptors,6,4
rdkit_NumBridgeheadAtoms,0.0,0.0,0.0,XGBoost,provided_plus_rdkit_descriptors,6,4
rdkit_NumHAcceptors,0.0,0.0,0.0,XGBoost,provided_plus_rdkit_descriptors,6,4
rdkit_NumHDonors,0.0,0.0,0.0,XGBoost,provided_plus_rdkit_descriptors,6,4
rdkit_NumHeteroatoms,0.0,0.0,0.0,XGBoost,provided_plus_rdkit_descriptors,6,4
rdkit_NumHeterocycles,0.0,0.0,0.0,XGBoost,provided_plus_rdkit_descriptors,6,4
rdkit_NumRotatableBonds,-1163.2279,2418.6077,2743.46,XGBoost,provided_plus_rdkit_descriptors,6,4
rdkit_NumSaturatedCarbocycles,0.0,0.0,0.0,XGBoost,provided_plus_rdkit_descriptors,6,4
rdkit_NumSaturatedHeterocycles,0.0,0.0,0.0,XGBoost,provided_plus_rdkit_descriptors,6,4
rdkit_NumSaturatedRings,0.0,0.0,0.0,XGBoost,provided_plus_rdkit_descriptors,6,4
rdkit_NumUnspecifiedAtomStereoCenters,1164.8582,9560.019,22145.16,XGBoost,provided_plus_rdkit_descriptors,6,4
rdkit_Phi,-4361.4556,10453.089,6266.019,XGBoost,provided_plus_rdkit_descriptors,6,4
rdkit_RingCount,0.0,0.0,0.0,XGBoost,provided_plus_rdkit_descriptors,6,4
rdkit_MolLogP,24502.34,82474.664,40672.223,XGBoost,provided_plus_rdkit_descriptors,6,4
rdkit_MolMR,-2172.7346,27760.584,24450.03,XGBoost,provided_plus_rdkit_descriptors,6,4
rdkit_fr_Al_COO,0.0,0.0,0.0,XGBoost,provided_plus_rdkit_descriptors,6,4
rdkit_fr_Al_OH,0.0,0.0,0.0,XGBoost,provided_plus_rdkit_descriptors,6,4
rdkit_fr_Al_OH_noTert,0.0,0.0,0.0,XGBoost,provided_plus_rdkit_descriptors,6,4
rdkit_fr_COO,0.0,0.0,0.0,XGBoost,provided_plus_rdkit_descriptors,6,4
rdkit_fr_COO2,0.0,0.0,0.0,XGBoost,provided_plus_rdkit_descriptors,6,4
rdkit_fr_C_O,0.0,0.0,0.0,XGBoost,provided_plus_rdkit_descriptors,6,4
rdkit_fr_C_O_noCOO,0.0,0.0,0.0,XGBoost,provided_plus_rdkit_descriptors,6,4
rdkit_fr_NH1,0.0,0.0,0.0,XGBoost,provided_plus_rdkit_descriptors,6,4
rdkit_fr_NH2,0.0,0.0,0.0,XGBoost,provided_plus_rdkit_descriptors,6,4
rdkit_fr_aldehyde,183.80032,1727.5695,1880.0527,XGBoost,provided_plus_rdkit_descriptors,6,4
rdkit_fr_alkyl_halide,0.0,0.0,0.0,XGBoost,provided_plus_rdkit_descriptors,6,4
rdkit_fr_allylic_oxid,0.0,0.0,0.0,XGBoost,provided_plus_rdkit_descriptors,6,4
rdkit_fr_amide,0.0,0.0,0.0,XGBoost,provided_plus_rdkit_descriptors,6,4
rdkit_fr_bicyclic,0.0,0.0,0.0,XGBoost,provided_plus_rdkit_descriptors,6,4
rdkit_fr_ether,0.0,0.0,0.0,XGBoost,provided_plus_rdkit_descriptors,6,4
rdkit_fr_halogen,0.0,0.0,0.0,XGBoost,provided_plus_rdkit_descriptors,6,4
rdkit_fr_ketone,0.0,0.0,0.0,XGBoost,provided_plus_rdkit_descriptors,6,4
rdkit_fr_ketone_Topliss,0.0,0.0,0.0,XGBoost,provided_plus_rdkit_descriptors,6,4
rdkit_fr_methoxy,0.0,0.0,0.0,XGBoost,provided_plus_rdkit_descriptors,6,4
rdkit_fr_phos_acid,0.0,0.0,0.0,XGBoost,provided_plus_rdkit_descriptors,6,4
rdkit_fr_phos_ester,0.0,0.0,0.0,XGBoost,provided_plus_rdkit_descriptors,6,4
Molecular weight (Da),8836.385,27003.97,31113.037,XGBoost,provided_plus_rdkit_descriptors,6,5
Solubility (mg/mL),8767.171,514822.78,589601.5,XGBoost,provided_plus_rdkit_descriptors,6,5
"Glass transition temperature (Tg, degC)",33277.8,222000.72,197604.53,XGBoost,provided_plus_rdkit_descriptors,6,5
Viscosity (mPa.s),41032.42,227828.9,159502.94,XGBoost,provided_plus_rdkit_descriptors,6,5
Concentration (% w/v),13824.069,282234.88,169605.19,XGBoost,provided_plus_rdkit_descriptors,6,5
rdkit_MaxAbsEStateIndex,-32141.365,75758.336,101783.44,XGBoost,provided_plus_rdkit_descriptors,6,5
rdkit_MaxEStateIndex,0.0,0.0,0.0,XGBoost,provided_plus_rdkit_descriptors,6,5
rdkit_MinAbsEStateIndex,-9230.863,89726.09,132245.27,XGBoost,provided_plus_rdkit_descriptors,6,5
rdkit_MinEStateIndex,57134.008,98333.664,83941.71,XGBoost,provided_plus_rdkit_descriptors,6,5
rdkit_qed,16602.818,19991.55,20313.717,XGBoost,provided_plus_rdkit_descriptors,6,5
rdkit_SPS,-19242.812,35895.258,25710.582,XGBoost,provided_plus_rdkit_descriptors,6,5
rdkit_MolWt,0.0,0.0,0.0,XGBoost,provided_plus_rdkit_descriptors,6,5
rdkit_HeavyAtomMolWt,0.0,0.0,0.0,XGBoost,provided_plus_rdkit_descriptors,6,5
rdkit_ExactMolWt,0.0,0.0,0.0,XGBoost,provided_plus_rdkit_descriptors,6,5
rdkit_NumValenceElectrons,0.0,0.0,0.0,XGBoost,provided_plus_rdkit_descriptors,6,5
rdkit_MaxPartialCharge,-31317.656,74486.914,61449.19,XGBoost,provided_plus_rdkit_descriptors,6,5
rdkit_MinPartialCharge,12989.986,108794.64,64442.703,XGBoost,provided_plus_rdkit_descriptors,6,5
rdkit_MaxAbsPartialCharge,-1539.0637,14955.516,16772.27,XGBoost,provided_plus_rdkit_descriptors,6,5
rdkit_MinAbsPartialCharge,0.0,0.0,0.0,XGBoost,provided_plus_rdkit_descriptors,6,5
rdkit_FpDensityMorgan1,25096.232,39905.453,38538.934,XGBoost,provided_plus_rdkit_descriptors,6,5
rdkit_FpDensityMorgan2,-2845.5308,12559.612,10939.184,XGBoost,provided_plus_rdkit_descriptors,6,5
rdkit_FpDensityMorgan3,-1477.2285,35694.332,21742.242,XGBoost,provided_plus_rdkit_descriptors,6,5
rdkit_BCUT2D_MWHI,5003.0527,16168.818,13052.209,XGBoost,provided_plus_rdkit_descriptors,6,5
rdkit_BCUT2D_MWLOW,4835.1636,65585.49,61403.434,XGBoost,provided_plus_rdkit_descriptors,6,5
rdkit_BCUT2D_CHGHI,-11596.394,25153.363,35851.008,XGBoost,provided_plus_rdkit_descriptors,6,5
rdkit_BCUT2D_CHGLO,-3469.2173,78051.805,51753.31,XGBoost,provided_plus_rdkit_descriptors,6,5
rdkit_BCUT2D_LOGPHI,-2582.5925,13782.502,11162.782,XGBoost,provided_plus_rdkit_descriptors,6,5
rdkit_BCUT2D_LOGPLOW,269.49622,1718.707,1726.715,XGBoost,provided_plus_rdkit_descriptors,6,5
rdkit_BCUT2D_MRHI,-20973.459,78625.25,59793.832,XGBoost,provided_plus_rdkit_descriptors,6,5
rdkit_BCUT2D_MRLOW,4430.7207,20749.781,18945.822,XGBoost,provided_plus_rdkit_descriptors,6,5
rdkit_AvgIpc,-12808.557,72822.99,63619.305,XGBoost,provided_plus_rdkit_descriptors,6,5
rdkit_BalabanJ,6295.684,19937.043,16330.785,XGBoost,provided_plus_rdkit_descriptors,6,5
rdkit_BertzCT,3358.598,20054.564,19127.34,XGBoost,provided_plus_rdkit_descriptors,6,5
rdkit_Chi0,1902.7095,7632.182,10280.311,XGBoost,provided_plus_rdkit_descriptors,6,5
rdkit_Chi0n,3190.3455,9836.981,10810.195,XGBoost,provided_plus_rdkit_descriptors,6,5
rdkit_Chi0v,24751.998,141683.72,174142.81,XGBoost,provided_plus_rdkit_descriptors,6,5
rdkit_Chi1,-700.2546,992.31604,973.36145,XGBoost,provided_plus_rdkit_descriptors,6,5
rdkit_Chi1n,70.70768,1418.2155,1131.6941,XGBoost,provided_plus_rdkit_descriptors,6,5
rdkit_Chi1v,108.27493,411.97345,485.32397,XGBoost,provided_plus_rdkit_descriptors,6,5
rdkit_Chi2n,5277.9395,12893.474,10364.349,XGBoost,provided_plus_rdkit_descriptors,6,5
rdkit_Chi2v,1104.297,2712.5913,1702.401,XGBoost,provided_plus_rdkit_descriptors,6,5
rdkit_Chi3n,-4173.505,9635.999,5712.993,XGBoost,provided_plus_rdkit_descriptors,6,5
rdkit_Chi3v,-149.94748,1276.0145,1855.5269,XGBoost,provided_plus_rdkit_descriptors,6,5
rdkit_Chi4n,-198.4,581.7421,663.8686,XGBoost,provided_plus_rdkit_descriptors,6,5
rdkit_Chi4v,-1886.7163,8469.981,10192.43,XGBoost,provided_plus_rdkit_descriptors,6,5
rdkit_HallKierAlpha,-10758.442,191582.28,114020.73,XGBoost,provided_plus_rdkit_descriptors,6,5
rdkit_Ipc,-1499.0067,3966.9377,3325.8743,XGBoost,provided_plus_rdkit_descriptors,6,5
rdkit_Kappa1,2346.6838,11818.558,17931.2,XGBoost,provided_plus_rdkit_descriptors,6,5
rdkit_Kappa2,660.63666,1781.0214,3082.2083,XGBoost,provided_plus_rdkit_descriptors,6,5
rdkit_Kappa3,5848.701,19556.537,17512.803,XGBoost,provided_plus_rdkit_descriptors,6,5
rdkit_LabuteASA,0.0,0.0,0.0,XGBoost,provided_plus_rdkit_descriptors,6,5
rdkit_PEOE_VSA1,6558.7446,72584.53,69817.69,XGBoost,provided_plus_rdkit_descriptors,6,5
rdkit_PEOE_VSA10,1096.7476,3153.1846,7277.277,XGBoost,provided_plus_rdkit_descriptors,6,5
rdkit_PEOE_VSA11,11662.291,93622.38,51507.65,XGBoost,provided_plus_rdkit_descriptors,6,5
rdkit_PEOE_VSA12,529.23083,5047.2324,6531.675,XGBoost,provided_plus_rdkit_descriptors,6,5
rdkit_PEOE_VSA14,0.0,0.0,0.0,XGBoost,provided_plus_rdkit_descriptors,6,5
rdkit_PEOE_VSA2,0.0,0.0,0.0,XGBoost,provided_plus_rdkit_descriptors,6,5
rdkit_PEOE_VSA3,0.0,0.0,0.0,XGBoost,provided_plus_rdkit_descriptors,6,5
rdkit_PEOE_VSA5,0.0,0.0,0.0,XGBoost,provided_plus_rdkit_descriptors,6,5
rdkit_PEOE_VSA6,0.0,0.0,0.0,XGBoost,provided_plus_rdkit_descriptors,6,5
rdkit_PEOE_VSA7,-66.119064,710.9232,1159.5801,XGBoost,provided_plus_rdkit_descriptors,6,5
rdkit_PEOE_VSA8,-38.71039,333.1309,982.53204,XGBoost,provided_plus_rdkit_descriptors,6,5
rdkit_PEOE_VSA9,243.44183,2793.0256,2402.878,XGBoost,provided_plus_rdkit_descriptors,6,5
rdkit_SMR_VSA1,1150.2788,6681.495,5149.668,XGBoost,provided_plus_rdkit_descriptors,6,5
rdkit_SMR_VSA10,1401.2377,7562.9766,8325.397,XGBoost,provided_plus_rdkit_descriptors,6,5
rdkit_SMR_VSA3,0.0,0.0,0.0,XGBoost,provided_plus_rdkit_descriptors,6,5
rdkit_SMR_VSA4,0.0,0.0,0.0,XGBoost,provided_plus_rdkit_descriptors,6,5
rdkit_SMR_VSA5,-2030.2235,8735.058,8603.098,XGBoost,provided_plus_rdkit_descriptors,6,5
rdkit_SMR_VSA6,736.52344,6827.591,5530.758,XGBoost,provided_plus_rdkit_descriptors,6,5
rdkit_SMR_VSA7,0.0,0.0,0.0,XGBoost,provided_plus_rdkit_descriptors,6,5
rdkit_SlogP_VSA1,0.0,0.0,0.0,XGBoost,provided_plus_rdkit_descriptors,6,5
rdkit_SlogP_VSA12,0.0,0.0,0.0,XGBoost,provided_plus_rdkit_descriptors,6,5
rdkit_SlogP_VSA2,1475.4026,6254.575,3720.0483,XGBoost,provided_plus_rdkit_descriptors,6,5
rdkit_SlogP_VSA3,-24634.936,69925.87,43943.254,XGBoost,provided_plus_rdkit_descriptors,6,5
rdkit_SlogP_VSA4,0.0,0.0,0.0,XGBoost,provided_plus_rdkit_descriptors,6,5
rdkit_SlogP_VSA5,102.946686,660.4867,895.5701,XGBoost,provided_plus_rdkit_descriptors,6,5
rdkit_SlogP_VSA6,0.0,0.0,0.0,XGBoost,provided_plus_rdkit_descriptors,6,5
rdkit_TPSA,163.34943,734.85547,1216.2926,XGBoost,provided_plus_rdkit_descriptors,6,5
rdkit_EState_VSA1,2246.5967,7678.511,6772.5854,XGBoost,provided_plus_rdkit_descriptors,6,5
rdkit_EState_VSA10,41311.184,607524.0,245996.27,XGBoost,provided_plus_rdkit_descriptors,6,5
rdkit_EState_VSA2,362.09982,37101.68,78676.06,XGBoost,provided_plus_rdkit_descriptors,6,5
rdkit_EState_VSA3,-2912.797,2912.797,645.361,XGBoost,provided_plus_rdkit_descriptors,6,5
rdkit_EState_VSA4,0.0,0.0,0.0,XGBoost,provided_plus_rdkit_descriptors,6,5
rdkit_EState_VSA5,338.2701,729.3172,1225.2396,XGBoost,provided_plus_rdkit_descriptors,6,5
rdkit_EState_VSA6,0.0,0.0,0.0,XGBoost,provided_plus_rdkit_descriptors,6,5
rdkit_EState_VSA7,0.0,0.0,0.0,XGBoost,provided_plus_rdkit_descriptors,6,5
rdkit_EState_VSA8,2031.6147,8184.1104,11722.932,XGBoost,provided_plus_rdkit_descriptors,6,5
rdkit_EState_VSA9,-3973.766,57176.574,38385.137,XGBoost,provided_plus_rdkit_descriptors,6,5
rdkit_VSA_EState1,-3808.2642,12020.708,5942.988,XGBoost,provided_plus_rdkit_descriptors,6,5
rdkit_VSA_EState10,0.0,0.0,0.0,XGBoost,provided_plus_rdkit_descriptors,6,5
rdkit_VSA_EState2,-3401.1174,18213.006,24319.299,XGBoost,provided_plus_rdkit_descriptors,6,5
rdkit_VSA_EState3,13800.237,48603.75,31486.424,XGBoost,provided_plus_rdkit_descriptors,6,5
rdkit_VSA_EState4,0.0,0.0,0.0,XGBoost,provided_plus_rdkit_descriptors,6,5
rdkit_VSA_EState5,-287.24216,1156.7496,1305.8015,XGBoost,provided_plus_rdkit_descriptors,6,5
rdkit_VSA_EState6,0.0,0.0,0.0,XGBoost,provided_plus_rdkit_descriptors,6,5
rdkit_VSA_EState7,34369.176,59880.887,43152.46,XGBoost,provided_plus_rdkit_descriptors,6,5
rdkit_VSA_EState8,15926.298,128575.71,113406.875,XGBoost,provided_plus_rdkit_descriptors,6,5
rdkit_VSA_EState9,0.0,0.0,0.0,XGBoost,provided_plus_rdkit_descriptors,6,5
rdkit_FractionCSP3,43.04944,1266.6954,1346.24,XGBoost,provided_plus_rdkit_descriptors,6,5
rdkit_HeavyAtomCount,0.0,0.0,0.0,XGBoost,provided_plus_rdkit_descriptors,6,5
rdkit_NHOHCount,0.0,0.0,0.0,XGBoost,provided_plus_rdkit_descriptors,6,5
rdkit_NOCount,0.0,0.0,0.0,XGBoost,provided_plus_rdkit_descriptors,6,5
rdkit_NumAliphaticCarbocycles,0.0,0.0,0.0,XGBoost,provided_plus_rdkit_descriptors,6,5
rdkit_NumAliphaticHeterocycles,0.0,0.0,0.0,XGBoost,provided_plus_rdkit_descriptors,6,5
rdkit_NumAliphaticRings,0.0,0.0,0.0,XGBoost,provided_plus_rdkit_descriptors,6,5
rdkit_NumAmideBonds,0.0,0.0,0.0,XGBoost,provided_plus_rdkit_descriptors,6,5
rdkit_NumAtomStereoCenters,-9.155066,1876.0703,4771.1294,XGBoost,provided_plus_rdkit_descriptors,6,5
rdkit_NumBridgeheadAtoms,0.0,0.0,0.0,XGBoost,provided_plus_rdkit_descriptors,6,5
rdkit_NumHAcceptors,0.0,0.0,0.0,XGBoost,provided_plus_rdkit_descriptors,6,5
rdkit_NumHDonors,1556.9254,2322.8154,2815.2046,XGBoost,provided_plus_rdkit_descriptors,6,5
rdkit_NumHeteroatoms,0.0,0.0,0.0,XGBoost,provided_plus_rdkit_descriptors,6,5
rdkit_NumHeterocycles,0.0,0.0,0.0,XGBoost,provided_plus_rdkit_descriptors,6,5
rdkit_NumRotatableBonds,941.27606,2831.3352,3914.151,XGBoost,provided_plus_rdkit_descriptors,6,5
rdkit_NumSaturatedCarbocycles,0.0,0.0,0.0,XGBoost,provided_plus_rdkit_descriptors,6,5
rdkit_NumSaturatedHeterocycles,0.0,0.0,0.0,XGBoost,provided_plus_rdkit_descriptors,6,5
rdkit_NumSaturatedRings,0.0,0.0,0.0,XGBoost,provided_plus_rdkit_descriptors,6,5
rdkit_NumUnspecifiedAtomStereoCenters,-186.40347,1970.4292,5280.6704,XGBoost,provided_plus_rdkit_descriptors,6,5
rdkit_Phi,-5890.055,14743.594,11474.998,XGBoost,provided_plus_rdkit_descriptors,6,5
rdkit_RingCount,0.0,0.0,0.0,XGBoost,provided_plus_rdkit_descriptors,6,5
rdkit_MolLogP,16390.346,151713.73,78400.195,XGBoost,provided_plus_rdkit_descriptors,6,5
rdkit_MolMR,-289.25183,2149.4033,2494.6907,XGBoost,provided_plus_rdkit_descriptors,6,5
rdkit_fr_Al_COO,0.0,0.0,0.0,XGBoost,provided_plus_rdkit_descriptors,6,5
rdkit_fr_Al_OH,4938.1035,17724.924,11631.966,XGBoost,provided_plus_rdkit_descriptors,6,5
rdkit_fr_Al_OH_noTert,0.0,0.0,0.0,XGBoost,provided_plus_rdkit_descriptors,6,5
rdkit_fr_COO,0.0,0.0,0.0,XGBoost,provided_plus_rdkit_descriptors,6,5
rdkit_fr_COO2,0.0,0.0,0.0,XGBoost,provided_plus_rdkit_descriptors,6,5
rdkit_fr_C_O,0.0,0.0,0.0,XGBoost,provided_plus_rdkit_descriptors,6,5
rdkit_fr_C_O_noCOO,0.0,0.0,0.0,XGBoost,provided_plus_rdkit_descriptors,6,5
rdkit_fr_NH1,0.0,0.0,0.0,XGBoost,provided_plus_rdkit_descriptors,6,5
rdkit_fr_NH2,0.0,0.0,0.0,XGBoost,provided_plus_rdkit_descriptors,6,5
rdkit_fr_aldehyde,364.65826,1589.9075,1037.5703,XGBoost,provided_plus_rdkit_descriptors,6,5
rdkit_fr_alkyl_halide,0.0,0.0,0.0,XGBoost,provided_plus_rdkit_descriptors,6,5
rdkit_fr_allylic_oxid,0.0,0.0,0.0,XGBoost,provided_plus_rdkit_descriptors,6,5
rdkit_fr_amide,0.0,0.0,0.0,XGBoost,provided_plus_rdkit_descriptors,6,5
rdkit_fr_bicyclic,0.0,0.0,0.0,XGBoost,provided_plus_rdkit_descriptors,6,5
rdkit_fr_ether,1199.1334,2118.214,2295.498,XGBoost,provided_plus_rdkit_descriptors,6,5
rdkit_fr_halogen,0.0,0.0,0.0,XGBoost,provided_plus_rdkit_descriptors,6,5
rdkit_fr_ketone,0.0,0.0,0.0,XGBoost,provided_plus_rdkit_descriptors,6,5
rdkit_fr_ketone_Topliss,0.0,0.0,0.0,XGBoost,provided_plus_rdkit_descriptors,6,5
rdkit_fr_methoxy,0.0,0.0,0.0,XGBoost,provided_plus_rdkit_descriptors,6,5
rdkit_fr_phos_acid,0.0,0.0,0.0,XGBoost,provided_plus_rdkit_descriptors,6,5
rdkit_fr_phos_ester,0.0,0.0,0.0,XGBoost,provided_plus_rdkit_descriptors,6,5
Molecular weight (Da),6969.309,26471.072,20555.006,XGBoost,provided_plus_rdkit_descriptors,7,1
Solubility (mg/mL),80348.71,646675.44,719039.0,XGBoost,provided_plus_rdkit_descriptors,7,1
"Glass transition temperature (Tg, degC)",81002.74,229624.52,175460.53,XGBoost,provided_plus_rdkit_descriptors,7,1
Viscosity (mPa.s),60975.41,227567.03,211932.1,XGBoost,provided_plus_rdkit_descriptors,7,1
Concentration (% w/v),27225.232,226509.33,113622.45,XGBoost,provided_plus_rdkit_descriptors,7,1
rdkit_MaxAbsEStateIndex,-33072.652,104521.88,91114.54,XGBoost,provided_plus_rdkit_descriptors,7,1
rdkit_MaxEStateIndex,0.0,0.0,0.0,XGBoost,provided_plus_rdkit_descriptors,7,1
rdkit_MinAbsEStateIndex,5273.8267,39000.76,36571.0,XGBoost,provided_plus_rdkit_descriptors,7,1
rdkit_MinEStateIndex,-6281.0894,90608.53,51485.82,XGBoost,provided_plus_rdkit_descriptors,7,1
rdkit_qed,6528.3438,67955.34,93871.15,XGBoost,provided_plus_rdkit_descriptors,7,1
rdkit_SPS,24856.803,63749.98,70940.09,XGBoost,provided_plus_rdkit_descriptors,7,1
rdkit_MolWt,0.0,0.0,0.0,XGBoost,provided_plus_rdkit_descriptors,7,1
rdkit_HeavyAtomMolWt,0.0,0.0,0.0,XGBoost,provided_plus_rdkit_descriptors,7,1
rdkit_ExactMolWt,0.0,0.0,0.0,XGBoost,provided_plus_rdkit_descriptors,7,1
rdkit_NumValenceElectrons,417.09787,855.35974,816.42505,XGBoost,provided_plus_rdkit_descriptors,7,1
rdkit_MaxPartialCharge,-28956.24,96803.45,101987.516,XGBoost,provided_plus_rdkit_descriptors,7,1
rdkit_MinPartialCharge,-3644.7258,54022.777,25330.44,XGBoost,provided_plus_rdkit_descriptors,7,1
rdkit_MaxAbsPartialCharge,-512.20233,3226.5393,3009.9119,XGBoost,provided_plus_rdkit_descriptors,7,1
rdkit_MinAbsPartialCharge,0.0,0.0,0.0,XGBoost,provided_plus_rdkit_descriptors,7,1
rdkit_FpDensityMorgan1,-2128.708,16943.082,12613.214,XGBoost,provided_plus_rdkit_descriptors,7,1
rdkit_FpDensityMorgan2,5073.009,31708.215,19871.016,XGBoost,provided_plus_rdkit_descriptors,7,1
rdkit_FpDensityMorgan3,-11378.374,25416.434,28168.152,XGBoost,provided_plus_rdkit_descriptors,7,1
rdkit_BCUT2D_MWHI,-2051.929,10906.0625,10829.434,XGBoost,provided_plus_rdkit_descriptors,7,1
rdkit_BCUT2D_MWLOW,-9436.4795,85861.984,69264.24,XGBoost,provided_plus_rdkit_descriptors,7,1
rdkit_BCUT2D_CHGHI,7450.046,47550.56,28284.447,XGBoost,provided_plus_rdkit_descriptors,7,1
rdkit_BCUT2D_CHGLO,-8496.265,17454.834,13778.726,XGBoost,provided_plus_rdkit_descriptors,7,1
rdkit_BCUT2D_LOGPHI,-9536.384,33183.4,59650.01,XGBoost,provided_plus_rdkit_descriptors,7,1
rdkit_BCUT2D_LOGPLOW,-34.588055,1869.9259,1558.8599,XGBoost,provided_plus_rdkit_descriptors,7,1
rdkit_BCUT2D_MRHI,5677.182,47589.01,53091.6,XGBoost,provided_plus_rdkit_descriptors,7,1
rdkit_BCUT2D_MRLOW,-1902.5497,40154.33,27214.797,XGBoost,provided_plus_rdkit_descriptors,7,1
rdkit_AvgIpc,-76958.61,104725.6,86092.5,XGBoost,provided_plus_rdkit_descriptors,7,1
rdkit_BalabanJ,5233.0244,29086.986,22823.09,XGBoost,provided_plus_rdkit_descriptors,7,1
rdkit_BertzCT,-11679.83,137587.45,61873.57,XGBoost,provided_plus_rdkit_descriptors,7,1
rdkit_Chi0,191.84172,539.2937,1098.7407,XGBoost,provided_plus_rdkit_descriptors,7,1
rdkit_Chi0n,-5121.102,26180.418,13572.574,XGBoost,provided_plus_rdkit_descriptors,7,1
rdkit_Chi0v,16617.49,73362.9,74201.8,XGBoost,provided_plus_rdkit_descriptors,7,1
rdkit_Chi1,-240.32121,370.94696,210.57297,XGBoost,provided_plus_rdkit_descriptors,7,1
rdkit_Chi1n,659.29944,2096.2957,1396.3633,XGBoost,provided_plus_rdkit_descriptors,7,1
rdkit_Chi1v,1011.8429,3248.1929,3557.6528,XGBoost,provided_plus_rdkit_descriptors,7,1
rdkit_Chi2n,4016.3818,15504.707,7659.7417,XGBoost,provided_plus_rdkit_descriptors,7,1
rdkit_Chi2v,0.0,0.0,0.0,XGBoost,provided_plus_rdkit_descriptors,7,1
rdkit_Chi3n,4360.792,10603.813,8754.652,XGBoost,provided_plus_rdkit_descriptors,7,1
rdkit_Chi3v,0.0,0.0,0.0,XGBoost,provided_plus_rdkit_descriptors,7,1
rdkit_Chi4n,0.0,0.0,0.0,XGBoost,provided_plus_rdkit_descriptors,7,1
rdkit_Chi4v,1651.4104,3438.267,3345.1614,XGBoost,provided_plus_rdkit_descriptors,7,1
rdkit_HallKierAlpha,-95650.59,260917.11,209844.3,XGBoost,provided_plus_rdkit_descriptors,7,1
rdkit_Ipc,-6251.322,25011.857,21396.93,XGBoost,provided_plus_rdkit_descriptors,7,1
rdkit_Kappa1,5016.354,29904.273,32627.672,XGBoost,provided_plus_rdkit_descriptors,7,1
rdkit_Kappa2,-3421.0183,10568.212,12526.25,XGBoost,provided_plus_rdkit_descriptors,7,1
rdkit_Kappa3,-665.3415,13891.062,11475.6,XGBoost,provided_plus_rdkit_descriptors,7,1
rdkit_LabuteASA,0.0,0.0,0.0,XGBoost,provided_plus_rdkit_descriptors,7,1
rdkit_PEOE_VSA1,-5230.7593,25320.096,26884.602,XGBoost,provided_plus_rdkit_descriptors,7,1
rdkit_PEOE_VSA10,236.89252,614.2361,1122.3434,XGBoost,provided_plus_rdkit_descriptors,7,1
rdkit_PEOE_VSA11,-24382.785,130126.51,88462.68,XGBoost,provided_plus_rdkit_descriptors,7,1
rdkit_PEOE_VSA12,16.518288,260.50854,323.03018,XGBoost,provided_plus_rdkit_descriptors,7,1
rdkit_PEOE_VSA14,0.0,0.0,0.0,XGBoost,provided_plus_rdkit_descriptors,7,1
rdkit_PEOE_VSA2,53.829212,221.6887,304.05408,XGBoost,provided_plus_rdkit_descriptors,7,1
rdkit_PEOE_VSA3,0.0,0.0,0.0,XGBoost,provided_plus_rdkit_descriptors,7,1
rdkit_PEOE_VSA5,0.0,0.0,0.0,XGBoost,provided_plus_rdkit_descriptors,7,1
rdkit_PEOE_VSA6,336.35782,336.35782,70.76685,XGBoost,provided_plus_rdkit_descriptors,7,1
rdkit_PEOE_VSA7,-1254.7465,2123.1843,2093.3303,XGBoost,provided_plus_rdkit_descriptors,7,1
rdkit_PEOE_VSA8,22.69438,613.75433,966.1233,XGBoost,provided_plus_rdkit_descriptors,7,1
rdkit_PEOE_VSA9,629.1334,5429.913,4828.545,XGBoost,provided_plus_rdkit_descriptors,7,1
rdkit_SMR_VSA1,-504.63553,3146.596,4693.6797,XGBoost,provided_plus_rdkit_descriptors,7,1
rdkit_SMR_VSA10,-740.30896,6063.4214,8296.119,XGBoost,provided_plus_rdkit_descriptors,7,1
rdkit_SMR_VSA3,0.0,0.0,0.0,XGBoost,provided_plus_rdkit_descriptors,7,1
rdkit_SMR_VSA4,0.0,0.0,0.0,XGBoost,provided_plus_rdkit_descriptors,7,1
rdkit_SMR_VSA5,2098.3716,9913.589,10386.778,XGBoost,provided_plus_rdkit_descriptors,7,1
rdkit_SMR_VSA6,501.6796,930.6408,786.96063,XGBoost,provided_plus_rdkit_descriptors,7,1
rdkit_SMR_VSA7,0.0,0.0,0.0,XGBoost,provided_plus_rdkit_descriptors,7,1
rdkit_SlogP_VSA1,0.0,0.0,0.0,XGBoost,provided_plus_rdkit_descriptors,7,1
rdkit_SlogP_VSA12,0.0,0.0,0.0,XGBoost,provided_plus_rdkit_descriptors,7,1
rdkit_SlogP_VSA2,6146.2803,46982.875,26072.033,XGBoost,provided_plus_rdkit_descriptors,7,1
rdkit_SlogP_VSA3,-29778.387,140195.17,68180.32,XGBoost,provided_plus_rdkit_descriptors,7,1
rdkit_SlogP_VSA4,0.0,0.0,0.0,XGBoost,provided_plus_rdkit_descriptors,7,1
rdkit_SlogP_VSA5,0.0,0.0,0.0,XGBoost,provided_plus_rdkit_descriptors,7,1
rdkit_SlogP_VSA6,0.0,0.0,0.0,XGBoost,provided_plus_rdkit_descriptors,7,1
rdkit_TPSA,-253.4391,1180.8127,906.0971,XGBoost,provided_plus_rdkit_descriptors,7,1
rdkit_EState_VSA1,190.01346,372.22043,246.67886,XGBoost,provided_plus_rdkit_descriptors,7,1
rdkit_EState_VSA10,19442.455,227694.5,98238.47,XGBoost,provided_plus_rdkit_descriptors,7,1
rdkit_EState_VSA2,-15014.468,50846.42,104219.695,XGBoost,provided_plus_rdkit_descriptors,7,1
rdkit_EState_VSA3,-290.5308,711.28064,3579.8262,XGBoost,provided_plus_rdkit_descriptors,7,1
rdkit_EState_VSA4,0.0,0.0,0.0,XGBoost,provided_plus_rdkit_descriptors,7,1
rdkit_EState_VSA5,80.91835,950.6869,1340.5161,XGBoost,provided_plus_rdkit_descriptors,7,1
rdkit_EState_VSA6,0.0,0.0,0.0,XGBoost,provided_plus_rdkit_descriptors,7,1
rdkit_EState_VSA7,0.0,0.0,0.0,XGBoost,provided_plus_rdkit_descriptors,7,1
rdkit_EState_VSA8,-1032.5669,3779.894,4188.979,XGBoost,provided_plus_rdkit_descriptors,7,1
rdkit_EState_VSA9,9639.987,94662.8,70521.0,XGBoost,provided_plus_rdkit_descriptors,7,1
rdkit_VSA_EState1,496.29367,5745.251,4930.665,XGBoost,provided_plus_rdkit_descriptors,7,1
rdkit_VSA_EState10,0.0,0.0,0.0,XGBoost,provided_plus_rdkit_descriptors,7,1
rdkit_VSA_EState2,-7512.2173,53746.055,43623.25,XGBoost,provided_plus_rdkit_descriptors,7,1
rdkit_VSA_EState3,3396.0503,12766.474,8918.632,XGBoost,provided_plus_rdkit_descriptors,7,1
rdkit_VSA_EState4,0.0,0.0,0.0,XGBoost,provided_plus_rdkit_descriptors,7,1
rdkit_VSA_EState5,-79.60228,2076.3093,2458.071,XGBoost,provided_plus_rdkit_descriptors,7,1
rdkit_VSA_EState6,0.0,0.0,0.0,XGBoost,provided_plus_rdkit_descriptors,7,1
rdkit_VSA_EState7,29066.594,73347.4,61641.38,XGBoost,provided_plus_rdkit_descriptors,7,1
rdkit_VSA_EState8,15868.093,112740.016,116019.09,XGBoost,provided_plus_rdkit_descriptors,7,1
rdkit_VSA_EState9,0.0,0.0,0.0,XGBoost,provided_plus_rdkit_descriptors,7,1
rdkit_FractionCSP3,0.0,0.0,0.0,XGBoost,provided_plus_rdkit_descriptors,7,1
rdkit_HeavyAtomCount,0.0,0.0,0.0,XGBoost,provided_plus_rdkit_descriptors,7,1
rdkit_NHOHCount,283.17142,781.4069,984.01,XGBoost,provided_plus_rdkit_descriptors,7,1
rdkit_NOCount,0.0,0.0,0.0,XGBoost,provided_plus_rdkit_descriptors,7,1
rdkit_NumAliphaticCarbocycles,0.0,0.0,0.0,XGBoost,provided_plus_rdkit_descriptors,7,1
rdkit_NumAliphaticHeterocycles,0.0,0.0,0.0,XGBoost,provided_plus_rdkit_descriptors,7,1
rdkit_NumAliphaticRings,0.0,0.0,0.0,XGBoost,provided_plus_rdkit_descriptors,7,1
rdkit_NumAmideBonds,0.0,0.0,0.0,XGBoost,provided_plus_rdkit_descriptors,7,1
rdkit_NumAtomStereoCenters,-2132.4666,4471.9995,6136.728,XGBoost,provided_plus_rdkit_descriptors,7,1
rdkit_NumBridgeheadAtoms,0.0,0.0,0.0,XGBoost,provided_plus_rdkit_descriptors,7,1
rdkit_NumHAcceptors,0.0,0.0,0.0,XGBoost,provided_plus_rdkit_descriptors,7,1
rdkit_NumHDonors,0.0,0.0,0.0,XGBoost,provided_plus_rdkit_descriptors,7,1
rdkit_NumHeteroatoms,0.0,0.0,0.0,XGBoost,provided_plus_rdkit_descriptors,7,1
rdkit_NumHeterocycles,0.0,0.0,0.0,XGBoost,provided_plus_rdkit_descriptors,7,1
rdkit_NumRotatableBonds,374.11798,1365.6638,1683.1997,XGBoost,provided_plus_rdkit_descriptors,7,1
rdkit_NumSaturatedCarbocycles,0.0,0.0,0.0,XGBoost,provided_plus_rdkit_descriptors,7,1
rdkit_NumSaturatedHeterocycles,0.0,0.0,0.0,XGBoost,provided_plus_rdkit_descriptors,7,1
rdkit_NumSaturatedRings,0.0,0.0,0.0,XGBoost,provided_plus_rdkit_descriptors,7,1
rdkit_NumUnspecifiedAtomStereoCenters,0.0,0.0,0.0,XGBoost,provided_plus_rdkit_descriptors,7,1
rdkit_Phi,-535.159,11790.304,8191.135,XGBoost,provided_plus_rdkit_descriptors,7,1
rdkit_RingCount,0.0,0.0,0.0,XGBoost,provided_plus_rdkit_descriptors,7,1
rdkit_MolLogP,-1820.352,108120.76,61601.582,XGBoost,provided_plus_rdkit_descriptors,7,1
rdkit_MolMR,2540.9675,15351.029,16500.795,XGBoost,provided_plus_rdkit_descriptors,7,1
rdkit_fr_Al_COO,0.0,0.0,0.0,XGBoost,provided_plus_rdkit_descriptors,7,1
rdkit_fr_Al_OH,0.0,0.0,0.0,XGBoost,provided_plus_rdkit_descriptors,7,1
rdkit_fr_Al_OH_noTert,0.0,0.0,0.0,XGBoost,provided_plus_rdkit_descriptors,7,1
rdkit_fr_COO,0.0,0.0,0.0,XGBoost,provided_plus_rdkit_descriptors,7,1
rdkit_fr_COO2,0.0,0.0,0.0,XGBoost,provided_plus_rdkit_descriptors,7,1
rdkit_fr_C_O,0.0,0.0,0.0,XGBoost,provided_plus_rdkit_descriptors,7,1
rdkit_fr_C_O_noCOO,0.0,0.0,0.0,XGBoost,provided_plus_rdkit_descriptors,7,1
rdkit_fr_NH1,0.0,0.0,0.0,XGBoost,provided_plus_rdkit_descriptors,7,1
rdkit_fr_NH2,0.0,0.0,0.0,XGBoost,provided_plus_rdkit_descriptors,7,1
rdkit_fr_aldehyde,-1302.0962,3422.497,2812.3774,XGBoost,provided_plus_rdkit_descriptors,7,1
rdkit_fr_alkyl_halide,0.0,0.0,0.0,XGBoost,provided_plus_rdkit_descriptors,7,1
rdkit_fr_allylic_oxid,0.0,0.0,0.0,XGBoost,provided_plus_rdkit_descriptors,7,1
rdkit_fr_amide,0.0,0.0,0.0,XGBoost,provided_plus_rdkit_descriptors,7,1
rdkit_fr_bicyclic,0.0,0.0,0.0,XGBoost,provided_plus_rdkit_descriptors,7,1
rdkit_fr_ether,1915.7515,2573.0051,3059.59,XGBoost,provided_plus_rdkit_descriptors,7,1
rdkit_fr_halogen,0.0,0.0,0.0,XGBoost,provided_plus_rdkit_descriptors,7,1
rdkit_fr_ketone,-128.50871,602.4422,836.03845,XGBoost,provided_plus_rdkit_descriptors,7,1
rdkit_fr_ketone_Topliss,0.0,0.0,0.0,XGBoost,provided_plus_rdkit_descriptors,7,1
rdkit_fr_methoxy,0.0,0.0,0.0,XGBoost,provided_plus_rdkit_descriptors,7,1
rdkit_fr_phos_acid,0.0,0.0,0.0,XGBoost,provided_plus_rdkit_descriptors,7,1
rdkit_fr_phos_ester,0.0,0.0,0.0,XGBoost,provided_plus_rdkit_descriptors,7,1
Molecular weight (Da),-2178.7712,19605.873,18644.055,XGBoost,provided_plus_rdkit_descriptors,7,2
Solubility (mg/mL),-6463.038,561660.8,587127.56,XGBoost,provided_plus_rdkit_descriptors,7,2
"Glass transition temperature (Tg, degC)",-43689.8,245056.17,155969.88,XGBoost,provided_plus_rdkit_descriptors,7,2
Viscosity (mPa.s),4621.7734,145727.61,117704.31,XGBoost,provided_plus_rdkit_descriptors,7,2
Concentration (% w/v),2531.2136,290781.16,101355.08,XGBoost,provided_plus_rdkit_descriptors,7,2
rdkit_MaxAbsEStateIndex,-40988.168,70874.82,114461.4,XGBoost,provided_plus_rdkit_descriptors,7,2
rdkit_MaxEStateIndex,0.0,0.0,0.0,XGBoost,provided_plus_rdkit_descriptors,7,2
rdkit_MinAbsEStateIndex,-33556.848,86779.91,162173.55,XGBoost,provided_plus_rdkit_descriptors,7,2
rdkit_MinEStateIndex,5260.403,44529.938,35227.61,XGBoost,provided_plus_rdkit_descriptors,7,2
rdkit_qed,2425.5894,14124.659,11242.223,XGBoost,provided_plus_rdkit_descriptors,7,2
rdkit_SPS,27037.473,40694.418,46410.605,XGBoost,provided_plus_rdkit_descriptors,7,2
rdkit_MolWt,0.0,0.0,0.0,XGBoost,provided_plus_rdkit_descriptors,7,2
rdkit_HeavyAtomMolWt,0.0,0.0,0.0,XGBoost,provided_plus_rdkit_descriptors,7,2
rdkit_ExactMolWt,0.0,0.0,0.0,XGBoost,provided_plus_rdkit_descriptors,7,2
rdkit_NumValenceElectrons,0.0,0.0,0.0,XGBoost,provided_plus_rdkit_descriptors,7,2
rdkit_MaxPartialCharge,-94875.8,145468.83,127904.734,XGBoost,provided_plus_rdkit_descriptors,7,2
rdkit_MinPartialCharge,-12047.947,61164.168,38171.383,XGBoost,provided_plus_rdkit_descriptors,7,2
rdkit_MaxAbsPartialCharge,574.1219,19332.688,21099.025,XGBoost,provided_plus_rdkit_descriptors,7,2
rdkit_MinAbsPartialCharge,0.0,0.0,0.0,XGBoost,provided_plus_rdkit_descriptors,7,2
rdkit_FpDensityMorgan1,31633.072,39060.305,46612.78,XGBoost,provided_plus_rdkit_descriptors,7,2
rdkit_FpDensityMorgan2,11232.237,62850.105,48378.23,XGBoost,provided_plus_rdkit_descriptors,7,2
rdkit_FpDensityMorgan3,14238.358,62934.047,31931.764,XGBoost,provided_plus_rdkit_descriptors,7,2
rdkit_BCUT2D_MWHI,-2595.91,25703.027,25715.098,XGBoost,provided_plus_rdkit_descriptors,7,2
rdkit_BCUT2D_MWLOW,-13606.345,92675.97,87756.51,XGBoost,provided_plus_rdkit_descriptors,7,2
rdkit_BCUT2D_CHGHI,18411.613,57470.336,46922.887,XGBoost,provided_plus_rdkit_descriptors,7,2
rdkit_BCUT2D_CHGLO,-4550.9233,25514.314,33194.54,XGBoost,provided_plus_rdkit_descriptors,7,2
rdkit_BCUT2D_LOGPHI,709.0452,6488.695,5945.368,XGBoost,provided_plus_rdkit_descriptors,7,2
rdkit_BCUT2D_LOGPLOW,562.26685,1621.4242,1868.8754,XGBoost,provided_plus_rdkit_descriptors,7,2
rdkit_BCUT2D_MRHI,-10966.075,53169.793,38917.32,XGBoost,provided_plus_rdkit_descriptors,7,2
rdkit_BCUT2D_MRLOW,-17898.559,36559.723,40033.76,XGBoost,provided_plus_rdkit_descriptors,7,2
rdkit_AvgIpc,-9725.024,91541.83,101758.26,XGBoost,provided_plus_rdkit_descriptors,7,2
rdkit_BalabanJ,-9683.205,54804.082,31483.75,XGBoost,provided_plus_rdkit_descriptors,7,2
rdkit_BertzCT,80.8945,43714.38,27281.635,XGBoost,provided_plus_rdkit_descriptors,7,2
rdkit_Chi0,2188.158,15872.576,17944.738,XGBoost,provided_plus_rdkit_descriptors,7,2
rdkit_Chi0n,-2574.8594,13222.956,8710.21,XGBoost,provided_plus_rdkit_descriptors,7,2
rdkit_Chi0v,-903.47955,20027.25,16562.748,XGBoost,provided_plus_rdkit_descriptors,7,2
rdkit_Chi1,1326.502,2178.4873,2309.106,XGBoost,provided_plus_rdkit_descriptors,7,2
rdkit_Chi1n,-283.55182,488.9947,767.8364,XGBoost,provided_plus_rdkit_descriptors,7,2
rdkit_Chi1v,-68.47751,742.8731,769.2028,XGBoost,provided_plus_rdkit_descriptors,7,2
rdkit_Chi2n,1012.4633,6703.0986,4027.9058,XGBoost,provided_plus_rdkit_descriptors,7,2
rdkit_Chi2v,191.82745,545.6045,1173.3363,XGBoost,provided_plus_rdkit_descriptors,7,2
rdkit_Chi3n,-399.48203,672.5071,850.4252,XGBoost,provided_plus_rdkit_descriptors,7,2
rdkit_Chi3v,-130.11331,1323.3452,1313.3368,XGBoost,provided_plus_rdkit_descriptors,7,2
rdkit_Chi4n,-133.38345,856.39185,932.66595,XGBoost,provided_plus_rdkit_descriptors,7,2
rdkit_Chi4v,-1961.4207,5090.3267,4900.2993,XGBoost,provided_plus_rdkit_descriptors,7,2
rdkit_HallKierAlpha,-34265.133,166453.73,100308.84,XGBoost,provided_plus_rdkit_descriptors,7,2
rdkit_Ipc,-2918.6917,16230.9,14249.123,XGBoost,provided_plus_rdkit_descriptors,7,2
rdkit_Kappa1,2192.1575,17329.219,23078.613,XGBoost,provided_plus_rdkit_descriptors,7,2
rdkit_Kappa2,1872.0789,5486.7163,6047.3057,XGBoost,provided_plus_rdkit_descriptors,7,2
rdkit_Kappa3,92.74312,12223.5,11114.936,XGBoost,provided_plus_rdkit_descriptors,7,2
rdkit_LabuteASA,0.0,0.0,0.0,XGBoost,provided_plus_rdkit_descriptors,7,2
rdkit_PEOE_VSA1,5879.4487,28105.225,34046.875,XGBoost,provided_plus_rdkit_descriptors,7,2
rdkit_PEOE_VSA10,1048.3777,2224.5798,3657.8396,XGBoost,provided_plus_rdkit_descriptors,7,2
rdkit_PEOE_VSA11,1897.8103,39265.277,29467.846,XGBoost,provided_plus_rdkit_descriptors,7,2
rdkit_PEOE_VSA12,0.0,0.0,0.0,XGBoost,provided_plus_rdkit_descriptors,7,2
rdkit_PEOE_VSA14,0.0,0.0,0.0,XGBoost,provided_plus_rdkit_descriptors,7,2
rdkit_PEOE_VSA2,16.129986,618.3544,859.4281,XGBoost,provided_plus_rdkit_descriptors,7,2
rdkit_PEOE_VSA3,0.0,0.0,0.0,XGBoost,provided_plus_rdkit_descriptors,7,2
rdkit_PEOE_VSA5,0.0,0.0,0.0,XGBoost,provided_plus_rdkit_descriptors,7,2
rdkit_PEOE_VSA6,0.0,0.0,0.0,XGBoost,provided_plus_rdkit_descriptors,7,2
rdkit_PEOE_VSA7,-545.1209,1178.0955,1860.3882,XGBoost,provided_plus_rdkit_descriptors,7,2
rdkit_PEOE_VSA8,201.94594,470.716,1075.091,XGBoost,provided_plus_rdkit_descriptors,7,2
rdkit_PEOE_VSA9,-887.31244,2933.082,3289.4458,XGBoost,provided_plus_rdkit_descriptors,7,2
rdkit_SMR_VSA1,-33.38189,1802.6816,1582.1665,XGBoost,provided_plus_rdkit_descriptors,7,2
rdkit_SMR_VSA10,-259.30066,1761.7461,2283.5393,XGBoost,provided_plus_rdkit_descriptors,7,2
rdkit_SMR_VSA3,0.0,0.0,0.0,XGBoost,provided_plus_rdkit_descriptors,7,2
rdkit_SMR_VSA4,-3537.5154,3537.5154,2424.3967,XGBoost,provided_plus_rdkit_descriptors,7,2
rdkit_SMR_VSA5,-1442.0829,10926.307,9368.791,XGBoost,provided_plus_rdkit_descriptors,7,2
rdkit_SMR_VSA6,-621.6701,3372.1208,1748.3757,XGBoost,provided_plus_rdkit_descriptors,7,2
rdkit_SMR_VSA7,0.0,0.0,0.0,XGBoost,provided_plus_rdkit_descriptors,7,2
rdkit_SlogP_VSA1,0.0,0.0,0.0,XGBoost,provided_plus_rdkit_descriptors,7,2
rdkit_SlogP_VSA12,0.0,0.0,0.0,XGBoost,provided_plus_rdkit_descriptors,7,2
rdkit_SlogP_VSA2,640.95874,7665.864,5447.0815,XGBoost,provided_plus_rdkit_descriptors,7,2
rdkit_SlogP_VSA3,-59871.633,110428.54,63273.71,XGBoost,provided_plus_rdkit_descriptors,7,2
rdkit_SlogP_VSA4,0.0,0.0,0.0,XGBoost,provided_plus_rdkit_descriptors,7,2
rdkit_SlogP_VSA5,41.9646,7444.2783,7917.3975,XGBoost,provided_plus_rdkit_descriptors,7,2
rdkit_SlogP_VSA6,0.0,0.0,0.0,XGBoost,provided_plus_rdkit_descriptors,7,2
rdkit_TPSA,-632.3109,2112.6208,2403.1292,XGBoost,provided_plus_rdkit_descriptors,7,2
rdkit_EState_VSA1,1367.6437,3281.9404,6406.8867,XGBoost,provided_plus_rdkit_descriptors,7,2
rdkit_EState_VSA10,-69387.586,616972.56,276535.0,XGBoost,provided_plus_rdkit_descriptors,7,2
rdkit_EState_VSA2,-9817.866,35183.715,59678.195,XGBoost,provided_plus_rdkit_descriptors,7,2
rdkit_EState_VSA3,39.556282,195.7283,590.4286,XGBoost,provided_plus_rdkit_descriptors,7,2
rdkit_EState_VSA4,0.0,0.0,0.0,XGBoost,provided_plus_rdkit_descriptors,7,2
rdkit_EState_VSA5,-147.74605,1164.0352,1096.831,XGBoost,provided_plus_rdkit_descriptors,7,2
rdkit_EState_VSA6,0.0,0.0,0.0,XGBoost,provided_plus_rdkit_descriptors,7,2
rdkit_EState_VSA7,0.0,0.0,0.0,XGBoost,provided_plus_rdkit_descriptors,7,2
rdkit_EState_VSA8,2568.4993,19490.129,28208.715,XGBoost,provided_plus_rdkit_descriptors,7,2
rdkit_EState_VSA9,-16871.557,70140.13,47551.164,XGBoost,provided_plus_rdkit_descriptors,7,2
rdkit_VSA_EState1,-1139.0223,6561.2837,4216.418,XGBoost,provided_plus_rdkit_descriptors,7,2
rdkit_VSA_EState10,0.0,0.0,0.0,XGBoost,provided_plus_rdkit_descriptors,7,2
rdkit_VSA_EState2,-21425.566,91344.59,46558.9,XGBoost,provided_plus_rdkit_descriptors,7,2
rdkit_VSA_EState3,7074.3545,20135.92,16230.22,XGBoost,provided_plus_rdkit_descriptors,7,2
rdkit_VSA_EState4,0.0,0.0,0.0,XGBoost,provided_plus_rdkit_descriptors,7,2
rdkit_VSA_EState5,-1685.3724,3428.7756,3768.655,XGBoost,provided_plus_rdkit_descriptors,7,2
rdkit_VSA_EState6,0.0,0.0,0.0,XGBoost,provided_plus_rdkit_descriptors,7,2
rdkit_VSA_EState7,5511.172,26522.404,41075.445,XGBoost,provided_plus_rdkit_descriptors,7,2
rdkit_VSA_EState8,-55195.25,190537.2,200822.67,XGBoost,provided_plus_rdkit_descriptors,7,2
rdkit_VSA_EState9,0.0,0.0,0.0,XGBoost,provided_plus_rdkit_descriptors,7,2
rdkit_FractionCSP3,13.879365,596.1936,472.1046,XGBoost,provided_plus_rdkit_descriptors,7,2
rdkit_HeavyAtomCount,0.0,0.0,0.0,XGBoost,provided_plus_rdkit_descriptors,7,2
rdkit_NHOHCount,4.0820255,243.75278,409.83942,XGBoost,provided_plus_rdkit_descriptors,7,2
rdkit_NOCount,0.0,0.0,0.0,XGBoost,provided_plus_rdkit_descriptors,7,2
rdkit_NumAliphaticCarbocycles,0.0,0.0,0.0,XGBoost,provided_plus_rdkit_descriptors,7,2
rdkit_NumAliphaticHeterocycles,0.0,0.0,0.0,XGBoost,provided_plus_rdkit_descriptors,7,2
rdkit_NumAliphaticRings,0.0,0.0,0.0,XGBoost,provided_plus_rdkit_descriptors,7,2
rdkit_NumAmideBonds,0.0,0.0,0.0,XGBoost,provided_plus_rdkit_descriptors,7,2
rdkit_NumAtomStereoCenters,922.92474,15851.667,29732.299,XGBoost,provided_plus_rdkit_descriptors,7,2
rdkit_NumBridgeheadAtoms,0.0,0.0,0.0,XGBoost,provided_plus_rdkit_descriptors,7,2
rdkit_NumHAcceptors,0.0,0.0,0.0,XGBoost,provided_plus_rdkit_descriptors,7,2
rdkit_NumHDonors,0.0,0.0,0.0,XGBoost,provided_plus_rdkit_descriptors,7,2
rdkit_NumHeteroatoms,440.30182,1290.6837,1531.0963,XGBoost,provided_plus_rdkit_descriptors,7,2
rdkit_NumHeterocycles,0.0,0.0,0.0,XGBoost,provided_plus_rdkit_descriptors,7,2
rdkit_NumRotatableBonds,-735.8676,7378.5913,11053.436,XGBoost,provided_plus_rdkit_descriptors,7,2
rdkit_NumSaturatedCarbocycles,0.0,0.0,0.0,XGBoost,provided_plus_rdkit_descriptors,7,2
rdkit_NumSaturatedHeterocycles,0.0,0.0,0.0,XGBoost,provided_plus_rdkit_descriptors,7,2
rdkit_NumSaturatedRings,0.0,0.0,0.0,XGBoost,provided_plus_rdkit_descriptors,7,2
rdkit_NumUnspecifiedAtomStereoCenters,-867.225,5049.9395,11341.492,XGBoost,provided_plus_rdkit_descriptors,7,2
rdkit_Phi,1723.9102,26684.062,20114.287,XGBoost,provided_plus_rdkit_descriptors,7,2
rdkit_RingCount,0.0,0.0,0.0,XGBoost,provided_plus_rdkit_descriptors,7,2
rdkit_MolLogP,-25786.31,140060.08,67414.195,XGBoost,provided_plus_rdkit_descriptors,7,2
rdkit_MolMR,-371.68488,5068.5757,4090.1675,XGBoost,provided_plus_rdkit_descriptors,7,2
rdkit_fr_Al_COO,0.0,0.0,0.0,XGBoost,provided_plus_rdkit_descriptors,7,2
rdkit_fr_Al_OH,1247.9183,12944.141,8759.158,XGBoost,provided_plus_rdkit_descriptors,7,2
rdkit_fr_Al_OH_noTert,0.0,0.0,0.0,XGBoost,provided_plus_rdkit_descriptors,7,2
rdkit_fr_COO,0.0,0.0,0.0,XGBoost,provided_plus_rdkit_descriptors,7,2
rdkit_fr_COO2,0.0,0.0,0.0,XGBoost,provided_plus_rdkit_descriptors,7,2
rdkit_fr_C_O,0.0,0.0,0.0,XGBoost,provided_plus_rdkit_descriptors,7,2
rdkit_fr_C_O_noCOO,188.25871,431.20047,874.3501,XGBoost,provided_plus_rdkit_descriptors,7,2
rdkit_fr_NH1,0.0,0.0,0.0,XGBoost,provided_plus_rdkit_descriptors,7,2
rdkit_fr_NH2,0.0,0.0,0.0,XGBoost,provided_plus_rdkit_descriptors,7,2
rdkit_fr_aldehyde,0.0,0.0,0.0,XGBoost,provided_plus_rdkit_descriptors,7,2
rdkit_fr_alkyl_halide,0.0,0.0,0.0,XGBoost,provided_plus_rdkit_descriptors,7,2
rdkit_fr_allylic_oxid,0.0,0.0,0.0,XGBoost,provided_plus_rdkit_descriptors,7,2
rdkit_fr_amide,0.0,0.0,0.0,XGBoost,provided_plus_rdkit_descriptors,7,2
rdkit_fr_bicyclic,0.0,0.0,0.0,XGBoost,provided_plus_rdkit_descriptors,7,2
rdkit_fr_ether,0.0,0.0,0.0,XGBoost,provided_plus_rdkit_descriptors,7,2
rdkit_fr_halogen,0.0,0.0,0.0,XGBoost,provided_plus_rdkit_descriptors,7,2
rdkit_fr_ketone,150.3017,2607.8901,4154.4365,XGBoost,provided_plus_rdkit_descriptors,7,2
rdkit_fr_ketone_Topliss,0.0,0.0,0.0,XGBoost,provided_plus_rdkit_descriptors,7,2
rdkit_fr_methoxy,0.0,0.0,0.0,XGBoost,provided_plus_rdkit_descriptors,7,2
rdkit_fr_phos_acid,0.0,0.0,0.0,XGBoost,provided_plus_rdkit_descriptors,7,2
rdkit_fr_phos_ester,0.0,0.0,0.0,XGBoost,provided_plus_rdkit_descriptors,7,2
Molecular weight (Da),10303.652,29360.215,35294.195,XGBoost,provided_plus_rdkit_descriptors,7,3
Solubility (mg/mL),34338.863,539946.25,632060.3,XGBoost,provided_plus_rdkit_descriptors,7,3
"Glass transition temperature (Tg, degC)",49912.664,214882.78,189614.7,XGBoost,provided_plus_rdkit_descriptors,7,3
Viscosity (mPa.s),78415.625,204832.86,147815.16,XGBoost,provided_plus_rdkit_descriptors,7,3
Concentration (% w/v),4650.5884,287366.44,136613.94,XGBoost,provided_plus_rdkit_descriptors,7,3
rdkit_MaxAbsEStateIndex,598.67303,53918.977,43708.273,XGBoost,provided_plus_rdkit_descriptors,7,3
rdkit_MaxEStateIndex,0.0,0.0,0.0,XGBoost,provided_plus_rdkit_descriptors,7,3
rdkit_MinAbsEStateIndex,281.2785,73205.484,106730.26,XGBoost,provided_plus_rdkit_descriptors,7,3
rdkit_MinEStateIndex,-8901.996,104119.086,68172.75,XGBoost,provided_plus_rdkit_descriptors,7,3
rdkit_qed,-64643.637,185914.78,137753.92,XGBoost,provided_plus_rdkit_descriptors,7,3
rdkit_SPS,-1575.677,41435.773,34773.32,XGBoost,provided_plus_rdkit_descriptors,7,3
rdkit_MolWt,0.0,0.0,0.0,XGBoost,provided_plus_rdkit_descriptors,7,3
rdkit_HeavyAtomMolWt,28.625969,374.76535,602.7624,XGBoost,provided_plus_rdkit_descriptors,7,3
rdkit_ExactMolWt,0.0,0.0,0.0,XGBoost,provided_plus_rdkit_descriptors,7,3
rdkit_NumValenceElectrons,0.0,0.0,0.0,XGBoost,provided_plus_rdkit_descriptors,7,3
rdkit_MaxPartialCharge,-10154.154,84572.555,42950.684,XGBoost,provided_plus_rdkit_descriptors,7,3
rdkit_MinPartialCharge,-3611.8372,93633.66,44349.23,XGBoost,provided_plus_rdkit_descriptors,7,3
rdkit_MaxAbsPartialCharge,-48.423897,4914.674,3839.2703,XGBoost,provided_plus_rdkit_descriptors,7,3
rdkit_MinAbsPartialCharge,0.0,0.0,0.0,XGBoost,provided_plus_rdkit_descriptors,7,3
rdkit_FpDensityMorgan1,22477.254,37521.89,41643.79,XGBoost,provided_plus_rdkit_descriptors,7,3
rdkit_FpDensityMorgan2,2045.6818,6125.194,5324.056,XGBoost,provided_plus_rdkit_descriptors,7,3
rdkit_FpDensityMorgan3,48.60302,21708.465,22224.691,XGBoost,provided_plus_rdkit_descriptors,7,3
rdkit_BCUT2D_MWHI,2584.8167,20431.916,12287.972,XGBoost,provided_plus_rdkit_descriptors,7,3
rdkit_BCUT2D_MWLOW,-13512.946,53359.926,22366.77,XGBoost,provided_plus_rdkit_descriptors,7,3
rdkit_BCUT2D_CHGHI,3181.481,19266.35,15957.693,XGBoost,provided_plus_rdkit_descriptors,7,3
rdkit_BCUT2D_CHGLO,10547.233,54487.4,56293.38,XGBoost,provided_plus_rdkit_descriptors,7,3
rdkit_BCUT2D_LOGPHI,-1935.4142,5036.336,4890.5664,XGBoost,provided_plus_rdkit_descriptors,7,3
rdkit_BCUT2D_LOGPLOW,28.087257,308.3661,575.7679,XGBoost,provided_plus_rdkit_descriptors,7,3
rdkit_BCUT2D_MRHI,18285.162,130129.38,121809.31,XGBoost,provided_plus_rdkit_descriptors,7,3
rdkit_BCUT2D_MRLOW,7459.106,23376.143,19773.994,XGBoost,provided_plus_rdkit_descriptors,7,3
rdkit_AvgIpc,-85362.266,133448.25,146746.89,XGBoost,provided_plus_rdkit_descriptors,7,3
rdkit_BalabanJ,631.1239,19894.229,18342.084,XGBoost,provided_plus_rdkit_descriptors,7,3
rdkit_BertzCT,-3139.4558,8560.142,6348.6846,XGBoost,provided_plus_rdkit_descriptors,7,3
rdkit_Chi0,159.00513,2835.0156,3577.203,XGBoost,provided_plus_rdkit_descriptors,7,3
rdkit_Chi0n,-12275.925,44165.348,24873.795,XGBoost,provided_plus_rdkit_descriptors,7,3
rdkit_Chi0v,21650.416,84088.58,98983.13,XGBoost,provided_plus_rdkit_descriptors,7,3
rdkit_Chi1,1329.4214,7330.1924,5754.552,XGBoost,provided_plus_rdkit_descriptors,7,3
rdkit_Chi1n,0.0,0.0,0.0,XGBoost,provided_plus_rdkit_descriptors,7,3
rdkit_Chi1v,-1158.4553,2476.3757,2788.962,XGBoost,provided_plus_rdkit_descriptors,7,3
rdkit_Chi2n,-857.51,16081.8,15167.208,XGBoost,provided_plus_rdkit_descriptors,7,3
rdkit_Chi2v,269.19827,2578.5278,3366.011,XGBoost,provided_plus_rdkit_descriptors,7,3
rdkit_Chi3n,0.0,0.0,0.0,XGBoost,provided_plus_rdkit_descriptors,7,3
rdkit_Chi3v,-284.055,1103.0865,1130.9425,XGBoost,provided_plus_rdkit_descriptors,7,3
rdkit_Chi4n,-1670.2578,5953.096,3529.056,XGBoost,provided_plus_rdkit_descriptors,7,3
rdkit_Chi4v,-548.22833,1041.8995,1099.8252,XGBoost,provided_plus_rdkit_descriptors,7,3
rdkit_HallKierAlpha,-2881.9175,214253.34,140025.3,XGBoost,provided_plus_rdkit_descriptors,7,3
rdkit_Ipc,-4207.609,11457.703,9410.074,XGBoost,provided_plus_rdkit_descriptors,7,3
rdkit_Kappa1,49.83518,1917.1707,1996.5508,XGBoost,provided_plus_rdkit_descriptors,7,3
rdkit_Kappa2,-427.95898,5829.1353,6981.764,XGBoost,provided_plus_rdkit_descriptors,7,3
rdkit_Kappa3,1627.0876,12767.213,10828.562,XGBoost,provided_plus_rdkit_descriptors,7,3
rdkit_LabuteASA,59.94908,420.64734,436.78113,XGBoost,provided_plus_rdkit_descriptors,7,3
rdkit_PEOE_VSA1,-12298.747,17807.314,10614.952,XGBoost,provided_plus_rdkit_descriptors,7,3
rdkit_PEOE_VSA10,13816.908,19646.244,18234.596,XGBoost,provided_plus_rdkit_descriptors,7,3
rdkit_PEOE_VSA11,-10366.5,49635.984,32723.26,XGBoost,provided_plus_rdkit_descriptors,7,3
rdkit_PEOE_VSA12,-774.43567,1069.6638,1113.4021,XGBoost,provided_plus_rdkit_descriptors,7,3
rdkit_PEOE_VSA14,0.0,0.0,0.0,XGBoost,provided_plus_rdkit_descriptors,7,3
rdkit_PEOE_VSA2,0.0,0.0,0.0,XGBoost,provided_plus_rdkit_descriptors,7,3
rdkit_PEOE_VSA3,0.0,0.0,0.0,XGBoost,provided_plus_rdkit_descriptors,7,3
rdkit_PEOE_VSA5,0.0,0.0,0.0,XGBoost,provided_plus_rdkit_descriptors,7,3
rdkit_PEOE_VSA6,0.0,0.0,0.0,XGBoost,provided_plus_rdkit_descriptors,7,3
rdkit_PEOE_VSA7,27.942236,2729.5088,4983.856,XGBoost,provided_plus_rdkit_descriptors,7,3
rdkit_PEOE_VSA8,0.0,0.0,0.0,XGBoost,provided_plus_rdkit_descriptors,7,3
rdkit_PEOE_VSA9,-411.533,1781.4519,1559.9524,XGBoost,provided_plus_rdkit_descriptors,7,3
rdkit_SMR_VSA1,0.0,0.0,0.0,XGBoost,provided_plus_rdkit_descriptors,7,3
rdkit_SMR_VSA10,-3149.4907,3259.9783,4225.444,XGBoost,provided_plus_rdkit_descriptors,7,3
rdkit_SMR_VSA3,0.0,0.0,0.0,XGBoost,provided_plus_rdkit_descriptors,7,3
rdkit_SMR_VSA4,70.82065,257.0762,701.8737,XGBoost,provided_plus_rdkit_descriptors,7,3
rdkit_SMR_VSA5,-198.35068,6707.3125,4564.937,XGBoost,provided_plus_rdkit_descriptors,7,3
rdkit_SMR_VSA6,155.38707,2708.8271,2412.8005,XGBoost,provided_plus_rdkit_descriptors,7,3
rdkit_SMR_VSA7,0.0,0.0,0.0,XGBoost,provided_plus_rdkit_descriptors,7,3
rdkit_SlogP_VSA1,0.0,0.0,0.0,XGBoost,provided_plus_rdkit_descriptors,7,3
rdkit_SlogP_VSA12,117.54333,282.4447,618.2954,XGBoost,provided_plus_rdkit_descriptors,7,3
rdkit_SlogP_VSA2,-9937.408,18861.0,14133.576,XGBoost,provided_plus_rdkit_descriptors,7,3
rdkit_SlogP_VSA3,-1948.5388,41577.605,24213.45,XGBoost,provided_plus_rdkit_descriptors,7,3
rdkit_SlogP_VSA4,0.0,0.0,0.0,XGBoost,provided_plus_rdkit_descriptors,7,3
rdkit_SlogP_VSA5,-3465.236,12347.443,15320.641,XGBoost,provided_plus_rdkit_descriptors,7,3
rdkit_SlogP_VSA6,0.0,0.0,0.0,XGBoost,provided_plus_rdkit_descriptors,7,3
rdkit_TPSA,61.88167,654.6931,679.2051,XGBoost,provided_plus_rdkit_descriptors,7,3
rdkit_EState_VSA1,7110.825,11856.434,9675.515,XGBoost,provided_plus_rdkit_descriptors,7,3
rdkit_EState_VSA10,41692.523,609592.6,252795.61,XGBoost,provided_plus_rdkit_descriptors,7,3
rdkit_EState_VSA2,-7298.9707,25581.783,68817.75,XGBoost,provided_plus_rdkit_descriptors,7,3
rdkit_EState_VSA3,-790.1091,2856.9087,7769.866,XGBoost,provided_plus_rdkit_descriptors,7,3
rdkit_EState_VSA4,0.0,0.0,0.0,XGBoost,provided_plus_rdkit_descriptors,7,3
rdkit_EState_VSA5,319.3189,1298.0393,2839.3948,XGBoost,provided_plus_rdkit_descriptors,7,3
rdkit_EState_VSA6,0.0,0.0,0.0,XGBoost,provided_plus_rdkit_descriptors,7,3
rdkit_EState_VSA7,0.0,0.0,0.0,XGBoost,provided_plus_rdkit_descriptors,7,3
rdkit_EState_VSA8,-550.5225,3506.2852,5553.8003,XGBoost,provided_plus_rdkit_descriptors,7,3
rdkit_EState_VSA9,11527.796,123847.75,81846.46,XGBoost,provided_plus_rdkit_descriptors,7,3
rdkit_VSA_EState1,44.30996,5409.7236,5981.6006,XGBoost,provided_plus_rdkit_descriptors,7,3
rdkit_VSA_EState10,0.0,0.0,0.0,XGBoost,provided_plus_rdkit_descriptors,7,3
rdkit_VSA_EState2,510.33582,25861.262,16453.016,XGBoost,provided_plus_rdkit_descriptors,7,3
rdkit_VSA_EState3,16534.91,45780.227,50092.062,XGBoost,provided_plus_rdkit_descriptors,7,3
rdkit_VSA_EState4,0.0,0.0,0.0,XGBoost,provided_plus_rdkit_descriptors,7,3
rdkit_VSA_EState5,-1376.9894,5149.6333,3821.4026,XGBoost,provided_plus_rdkit_descriptors,7,3
rdkit_VSA_EState6,0.0,0.0,0.0,XGBoost,provided_plus_rdkit_descriptors,7,3
rdkit_VSA_EState7,22724.55,27928.072,27473.059,XGBoost,provided_plus_rdkit_descriptors,7,3
rdkit_VSA_EState8,39033.61,202027.22,188616.1,XGBoost,provided_plus_rdkit_descriptors,7,3
rdkit_VSA_EState9,0.0,0.0,0.0,XGBoost,provided_plus_rdkit_descriptors,7,3
rdkit_FractionCSP3,0.0,0.0,0.0,XGBoost,provided_plus_rdkit_descriptors,7,3
rdkit_HeavyAtomCount,0.0,0.0,0.0,XGBoost,provided_plus_rdkit_descriptors,7,3
rdkit_NHOHCount,-13369.951,46223.742,27061.46,XGBoost,provided_plus_rdkit_descriptors,7,3
rdkit_NOCount,0.0,0.0,0.0,XGBoost,provided_plus_rdkit_descriptors,7,3
rdkit_NumAliphaticCarbocycles,0.0,0.0,0.0,XGBoost,provided_plus_rdkit_descriptors,7,3
rdkit_NumAliphaticHeterocycles,0.0,0.0,0.0,XGBoost,provided_plus_rdkit_descriptors,7,3
rdkit_NumAliphaticRings,0.0,0.0,0.0,XGBoost,provided_plus_rdkit_descriptors,7,3
rdkit_NumAmideBonds,0.0,0.0,0.0,XGBoost,provided_plus_rdkit_descriptors,7,3
rdkit_NumAtomStereoCenters,3551.7927,10102.275,17160.025,XGBoost,provided_plus_rdkit_descriptors,7,3
rdkit_NumBridgeheadAtoms,0.0,0.0,0.0,XGBoost,provided_plus_rdkit_descriptors,7,3
rdkit_NumHAcceptors,0.0,0.0,0.0,XGBoost,provided_plus_rdkit_descriptors,7,3
rdkit_NumHDonors,0.0,0.0,0.0,XGBoost,provided_plus_rdkit_descriptors,7,3
rdkit_NumHeteroatoms,0.0,0.0,0.0,XGBoost,provided_plus_rdkit_descriptors,7,3
rdkit_NumHeterocycles,0.0,0.0,0.0,XGBoost,provided_plus_rdkit_descriptors,7,3
rdkit_NumRotatableBonds,-2929.3833,8416.714,7323.531,XGBoost,provided_plus_rdkit_descriptors,7,3
rdkit_NumSaturatedCarbocycles,0.0,0.0,0.0,XGBoost,provided_plus_rdkit_descriptors,7,3
rdkit_NumSaturatedHeterocycles,0.0,0.0,0.0,XGBoost,provided_plus_rdkit_descriptors,7,3
rdkit_NumSaturatedRings,0.0,0.0,0.0,XGBoost,provided_plus_rdkit_descriptors,7,3
rdkit_NumUnspecifiedAtomStereoCenters,20.59988,1517.2499,3415.5452,XGBoost,provided_plus_rdkit_descriptors,7,3
rdkit_Phi,461.68674,12088.73,15948.575,XGBoost,provided_plus_rdkit_descriptors,7,3
rdkit_RingCount,0.0,0.0,0.0,XGBoost,provided_plus_rdkit_descriptors,7,3
rdkit_MolLogP,-10725.515,118021.38,61612.453,XGBoost,provided_plus_rdkit_descriptors,7,3
rdkit_MolMR,-726.6533,9550.215,9076.521,XGBoost,provided_plus_rdkit_descriptors,7,3
rdkit_fr_Al_COO,0.0,0.0,0.0,XGBoost,provided_plus_rdkit_descriptors,7,3
rdkit_fr_Al_OH,15796.706,31168.91,17640.52,XGBoost,provided_plus_rdkit_descriptors,7,3
rdkit_fr_Al_OH_noTert,0.0,0.0,0.0,XGBoost,provided_plus_rdkit_descriptors,7,3
rdkit_fr_COO,0.0,0.0,0.0,XGBoost,provided_plus_rdkit_descriptors,7,3
rdkit_fr_COO2,0.0,0.0,0.0,XGBoost,provided_plus_rdkit_descriptors,7,3
rdkit_fr_C_O,0.0,0.0,0.0,XGBoost,provided_plus_rdkit_descriptors,7,3
rdkit_fr_C_O_noCOO,0.0,0.0,0.0,XGBoost,provided_plus_rdkit_descriptors,7,3
rdkit_fr_NH1,0.0,0.0,0.0,XGBoost,provided_plus_rdkit_descriptors,7,3
rdkit_fr_NH2,0.0,0.0,0.0,XGBoost,provided_plus_rdkit_descriptors,7,3
rdkit_fr_aldehyde,-354.2706,1036.7404,1047.5876,XGBoost,provided_plus_rdkit_descriptors,7,3
rdkit_fr_alkyl_halide,0.0,0.0,0.0,XGBoost,provided_plus_rdkit_descriptors,7,3
rdkit_fr_allylic_oxid,0.0,0.0,0.0,XGBoost,provided_plus_rdkit_descriptors,7,3
rdkit_fr_amide,0.0,0.0,0.0,XGBoost,provided_plus_rdkit_descriptors,7,3
rdkit_fr_bicyclic,0.0,0.0,0.0,XGBoost,provided_plus_rdkit_descriptors,7,3
rdkit_fr_ether,0.0,0.0,0.0,XGBoost,provided_plus_rdkit_descriptors,7,3
rdkit_fr_halogen,0.0,0.0,0.0,XGBoost,provided_plus_rdkit_descriptors,7,3
rdkit_fr_ketone,-381.13226,2830.5234,4613.5005,XGBoost,provided_plus_rdkit_descriptors,7,3
rdkit_fr_ketone_Topliss,0.0,0.0,0.0,XGBoost,provided_plus_rdkit_descriptors,7,3
rdkit_fr_methoxy,0.0,0.0,0.0,XGBoost,provided_plus_rdkit_descriptors,7,3
rdkit_fr_phos_acid,0.0,0.0,0.0,XGBoost,provided_plus_rdkit_descriptors,7,3
rdkit_fr_phos_ester,0.0,0.0,0.0,XGBoost,provided_plus_rdkit_descriptors,7,3
Molecular weight (Da),44961.15,55332.45,58567.22,XGBoost,provided_plus_rdkit_descriptors,7,4
Solubility (mg/mL),-112302.54,473660.56,417463.38,XGBoost,provided_plus_rdkit_descriptors,7,4
"Glass transition temperature (Tg, degC)",-27845.72,338761.38,278698.53,XGBoost,provided_plus_rdkit_descriptors,7,4
Viscosity (mPa.s),13449.126,114885.22,101809.64,XGBoost,provided_plus_rdkit_descriptors,7,4
Concentration (% w/v),17107.139,285262.16,168950.42,XGBoost,provided_plus_rdkit_descriptors,7,4
rdkit_MaxAbsEStateIndex,32083.213,49216.723,54296.688,XGBoost,provided_plus_rdkit_descriptors,7,4
rdkit_MaxEStateIndex,0.0,0.0,0.0,XGBoost,provided_plus_rdkit_descriptors,7,4
rdkit_MinAbsEStateIndex,48043.242,68407.21,87961.14,XGBoost,provided_plus_rdkit_descriptors,7,4
rdkit_MinEStateIndex,26037.072,37434.227,27426.266,XGBoost,provided_plus_rdkit_descriptors,7,4
rdkit_qed,2927.804,18672.008,16851.182,XGBoost,provided_plus_rdkit_descriptors,7,4
rdkit_SPS,3683.1726,41102.13,29891.693,XGBoost,provided_plus_rdkit_descriptors,7,4
rdkit_MolWt,0.0,0.0,0.0,XGBoost,provided_plus_rdkit_descriptors,7,4
rdkit_HeavyAtomMolWt,0.0,0.0,0.0,XGBoost,provided_plus_rdkit_descriptors,7,4
rdkit_ExactMolWt,0.0,0.0,0.0,XGBoost,provided_plus_rdkit_descriptors,7,4
rdkit_NumValenceElectrons,0.0,0.0,0.0,XGBoost,provided_plus_rdkit_descriptors,7,4
rdkit_MaxPartialCharge,2630.5054,86307.82,70278.99,XGBoost,provided_plus_rdkit_descriptors,7,4
rdkit_MinPartialCharge,-8944.599,134147.94,72132.28,XGBoost,provided_plus_rdkit_descriptors,7,4
rdkit_MaxAbsPartialCharge,-28.98711,15221.435,15191.292,XGBoost,provided_plus_rdkit_descriptors,7,4
rdkit_MinAbsPartialCharge,0.0,0.0,0.0,XGBoost,provided_plus_rdkit_descriptors,7,4
rdkit_FpDensityMorgan1,11747.382,36567.555,30398.967,XGBoost,provided_plus_rdkit_descriptors,7,4
rdkit_FpDensityMorgan2,399.17502,24416.637,22025.467,XGBoost,provided_plus_rdkit_descriptors,7,4
rdkit_FpDensityMorgan3,-16077.635,45359.98,51394.812,XGBoost,provided_plus_rdkit_descriptors,7,4
rdkit_BCUT2D_MWHI,-315.89697,22781.1,16513.332,XGBoost,provided_plus_rdkit_descriptors,7,4
rdkit_BCUT2D_MWLOW,6803.814,23471.535,15444.254,XGBoost,provided_plus_rdkit_descriptors,7,4
rdkit_BCUT2D_CHGHI,-2094.3337,30722.898,38202.883,XGBoost,provided_plus_rdkit_descriptors,7,4
rdkit_BCUT2D_CHGLO,7131.995,14898.985,28854.543,XGBoost,provided_plus_rdkit_descriptors,7,4
rdkit_BCUT2D_LOGPHI,-13653.302,24952.904,22171.453,XGBoost,provided_plus_rdkit_descriptors,7,4
rdkit_BCUT2D_LOGPLOW,177.28496,511.4781,825.348,XGBoost,provided_plus_rdkit_descriptors,7,4
rdkit_BCUT2D_MRHI,28315.75,84760.76,98309.57,XGBoost,provided_plus_rdkit_descriptors,7,4
rdkit_BCUT2D_MRLOW,-12027.332,23523.62,16264.292,XGBoost,provided_plus_rdkit_descriptors,7,4
rdkit_AvgIpc,-2015.1492,118932.0,171677.33,XGBoost,provided_plus_rdkit_descriptors,7,4
rdkit_BalabanJ,-8816.8545,39595.227,31477.678,XGBoost,provided_plus_rdkit_descriptors,7,4
rdkit_BertzCT,8770.235,17332.105,9502.618,XGBoost,provided_plus_rdkit_descriptors,7,4
rdkit_Chi0,-516.3617,1785.6179,1897.4923,XGBoost,provided_plus_rdkit_descriptors,7,4
rdkit_Chi0n,-7812.561,16234.545,10626.475,XGBoost,provided_plus_rdkit_descriptors,7,4
rdkit_Chi0v,31038.914,41622.2,51161.016,XGBoost,provided_plus_rdkit_descriptors,7,4
rdkit_Chi1,464.2679,924.97845,1241.099,XGBoost,provided_plus_rdkit_descriptors,7,4
rdkit_Chi1n,785.1444,930.7755,542.3166,XGBoost,provided_plus_rdkit_descriptors,7,4
rdkit_Chi1v,65304.527,94375.96,102091.11,XGBoost,provided_plus_rdkit_descriptors,7,4
rdkit_Chi2n,4326.8564,8412.599,7602.1025,XGBoost,provided_plus_rdkit_descriptors,7,4
rdkit_Chi2v,-157.24716,1005.9835,711.6255,XGBoost,provided_plus_rdkit_descriptors,7,4
rdkit_Chi3n,0.0,0.0,0.0,XGBoost,provided_plus_rdkit_descriptors,7,4
rdkit_Chi3v,-169.42752,1229.2258,1177.6953,XGBoost,provided_plus_rdkit_descriptors,7,4
rdkit_Chi4n,655.99615,3241.0542,3683.5444,XGBoost,provided_plus_rdkit_descriptors,7,4
rdkit_Chi4v,-575.648,4086.8494,3044.2583,XGBoost,provided_plus_rdkit_descriptors,7,4
rdkit_HallKierAlpha,-9768.761,151085.42,81456.51,XGBoost,provided_plus_rdkit_descriptors,7,4
rdkit_Ipc,-580.9064,2525.46,2510.6504,XGBoost,provided_plus_rdkit_descriptors,7,4
rdkit_Kappa1,2154.6804,7792.974,8852.769,XGBoost,provided_plus_rdkit_descriptors,7,4
rdkit_Kappa2,1709.0837,5910.4214,11861.159,XGBoost,provided_plus_rdkit_descriptors,7,4
rdkit_Kappa3,4805.3447,17908.707,18362.324,XGBoost,provided_plus_rdkit_descriptors,7,4
rdkit_LabuteASA,0.0,0.0,0.0,XGBoost,provided_plus_rdkit_descriptors,7,4
rdkit_PEOE_VSA1,-13497.125,94559.22,88899.29,XGBoost,provided_plus_rdkit_descriptors,7,4
rdkit_PEOE_VSA10,0.0,0.0,0.0,XGBoost,provided_plus_rdkit_descriptors,7,4
rdkit_PEOE_VSA11,-8984.644,91003.38,60790.19,XGBoost,provided_plus_rdkit_descriptors,7,4
rdkit_PEOE_VSA12,916.1338,6372.576,8205.29,XGBoost,provided_plus_rdkit_descriptors,7,4
rdkit_PEOE_VSA14,0.0,0.0,0.0,XGBoost,provided_plus_rdkit_descriptors,7,4
rdkit_PEOE_VSA2,19.585913,506.91962,1488.1187,XGBoost,provided_plus_rdkit_descriptors,7,4
rdkit_PEOE_VSA3,0.0,0.0,0.0,XGBoost,provided_plus_rdkit_descriptors,7,4
rdkit_PEOE_VSA5,0.0,0.0,0.0,XGBoost,provided_plus_rdkit_descriptors,7,4
rdkit_PEOE_VSA6,0.0,0.0,0.0,XGBoost,provided_plus_rdkit_descriptors,7,4
rdkit_PEOE_VSA7,0.0,0.0,0.0,XGBoost,provided_plus_rdkit_descriptors,7,4
rdkit_PEOE_VSA8,2847.4111,10286.267,23602.094,XGBoost,provided_plus_rdkit_descriptors,7,4
rdkit_PEOE_VSA9,17276.64,24868.014,28454.475,XGBoost,provided_plus_rdkit_descriptors,7,4
rdkit_SMR_VSA1,-874.944,4915.11,6238.988,XGBoost,provided_plus_rdkit_descriptors,7,4
rdkit_SMR_VSA10,1517.5624,4401.902,9060.361,XGBoost,provided_plus_rdkit_descriptors,7,4
rdkit_SMR_VSA3,0.0,0.0,0.0,XGBoost,provided_plus_rdkit_descriptors,7,4
rdkit_SMR_VSA4,123.362144,398.82962,1035.3461,XGBoost,provided_plus_rdkit_descriptors,7,4
rdkit_SMR_VSA5,-8835.161,19374.285,16764.283,XGBoost,provided_plus_rdkit_descriptors,7,4
rdkit_SMR_VSA6,-999.57245,2646.6943,2156.6265,XGBoost,provided_plus_rdkit_descriptors,7,4
rdkit_SMR_VSA7,0.0,0.0,0.0,XGBoost,provided_plus_rdkit_descriptors,7,4
rdkit_SlogP_VSA1,0.0,0.0,0.0,XGBoost,provided_plus_rdkit_descriptors,7,4
rdkit_SlogP_VSA12,0.0,0.0,0.0,XGBoost,provided_plus_rdkit_descriptors,7,4
rdkit_SlogP_VSA2,-19845.812,36530.426,27105.236,XGBoost,provided_plus_rdkit_descriptors,7,4
rdkit_SlogP_VSA3,-11574.24,32430.127,11492.9795,XGBoost,provided_plus_rdkit_descriptors,7,4
rdkit_SlogP_VSA4,0.0,0.0,0.0,XGBoost,provided_plus_rdkit_descriptors,7,4
rdkit_SlogP_VSA5,-598.7579,2389.6238,2996.9065,XGBoost,provided_plus_rdkit_descriptors,7,4
rdkit_SlogP_VSA6,0.0,0.0,0.0,XGBoost,provided_plus_rdkit_descriptors,7,4
rdkit_TPSA,-252.6904,1210.6139,2265.9312,XGBoost,provided_plus_rdkit_descriptors,7,4
rdkit_EState_VSA1,17562.459,27038.756,21454.963,XGBoost,provided_plus_rdkit_descriptors,7,4
rdkit_EState_VSA10,-18296.275,684884.7,259939.81,XGBoost,provided_plus_rdkit_descriptors,7,4
rdkit_EState_VSA2,15534.761,41843.984,115579.95,XGBoost,provided_plus_rdkit_descriptors,7,4
rdkit_EState_VSA3,67.62847,320.76736,1042.2908,XGBoost,provided_plus_rdkit_descriptors,7,4
rdkit_EState_VSA4,0.0,0.0,0.0,XGBoost,provided_plus_rdkit_descriptors,7,4
rdkit_EState_VSA5,315.48572,1614.7592,3216.0156,XGBoost,provided_plus_rdkit_descriptors,7,4
rdkit_EState_VSA6,0.0,0.0,0.0,XGBoost,provided_plus_rdkit_descriptors,7,4
rdkit_EState_VSA7,0.0,0.0,0.0,XGBoost,provided_plus_rdkit_descriptors,7,4
rdkit_EState_VSA8,-623.5225,3196.1865,3596.0186,XGBoost,provided_plus_rdkit_descriptors,7,4
rdkit_EState_VSA9,15948.278,41906.67,37527.797,XGBoost,provided_plus_rdkit_descriptors,7,4
rdkit_VSA_EState1,1381.9941,2068.601,3173.388,XGBoost,provided_plus_rdkit_descriptors,7,4
rdkit_VSA_EState10,0.0,0.0,0.0,XGBoost,provided_plus_rdkit_descriptors,7,4
rdkit_VSA_EState2,5499.409,51035.86,40446.105,XGBoost,provided_plus_rdkit_descriptors,7,4
rdkit_VSA_EState3,17419.633,30469.582,20774.11,XGBoost,provided_plus_rdkit_descriptors,7,4
rdkit_VSA_EState4,0.0,0.0,0.0,XGBoost,provided_plus_rdkit_descriptors,7,4
rdkit_VSA_EState5,2475.822,5451.0386,5770.491,XGBoost,provided_plus_rdkit_descriptors,7,4
rdkit_VSA_EState6,0.0,0.0,0.0,XGBoost,provided_plus_rdkit_descriptors,7,4
rdkit_VSA_EState7,-2865.1729,18782.576,16634.334,XGBoost,provided_plus_rdkit_descriptors,7,4
rdkit_VSA_EState8,23675.652,154434.0,132181.83,XGBoost,provided_plus_rdkit_descriptors,7,4
rdkit_VSA_EState9,0.0,0.0,0.0,XGBoost,provided_plus_rdkit_descriptors,7,4
rdkit_FractionCSP3,-635.14764,1555.9836,2965.173,XGBoost,provided_plus_rdkit_descriptors,7,4
rdkit_HeavyAtomCount,0.0,0.0,0.0,XGBoost,provided_plus_rdkit_descriptors,7,4
rdkit_NHOHCount,0.0,0.0,0.0,XGBoost,provided_plus_rdkit_descriptors,7,4
rdkit_NOCount,0.0,0.0,0.0,XGBoost,provided_plus_rdkit_descriptors,7,4
rdkit_NumAliphaticCarbocycles,0.0,0.0,0.0,XGBoost,provided_plus_rdkit_descriptors,7,4
rdkit_NumAliphaticHeterocycles,0.0,0.0,0.0,XGBoost,provided_plus_rdkit_descriptors,7,4
rdkit_NumAliphaticRings,0.0,0.0,0.0,XGBoost,provided_plus_rdkit_descriptors,7,4
rdkit_NumAmideBonds,0.0,0.0,0.0,XGBoost,provided_plus_rdkit_descriptors,7,4
rdkit_NumAtomStereoCenters,1571.4489,2399.0688,3447.7803,XGBoost,provided_plus_rdkit_descriptors,7,4
rdkit_NumBridgeheadAtoms,0.0,0.0,0.0,XGBoost,provided_plus_rdkit_descriptors,7,4
rdkit_NumHAcceptors,0.0,0.0,0.0,XGBoost,provided_plus_rdkit_descriptors,7,4
rdkit_NumHDonors,-8036.6216,27485.57,13126.407,XGBoost,provided_plus_rdkit_descriptors,7,4
rdkit_NumHeteroatoms,0.0,0.0,0.0,XGBoost,provided_plus_rdkit_descriptors,7,4
rdkit_NumHeterocycles,0.0,0.0,0.0,XGBoost,provided_plus_rdkit_descriptors,7,4
rdkit_NumRotatableBonds,-10017.712,34480.027,35291.434,XGBoost,provided_plus_rdkit_descriptors,7,4
rdkit_NumSaturatedCarbocycles,0.0,0.0,0.0,XGBoost,provided_plus_rdkit_descriptors,7,4
rdkit_NumSaturatedHeterocycles,0.0,0.0,0.0,XGBoost,provided_plus_rdkit_descriptors,7,4
rdkit_NumSaturatedRings,0.0,0.0,0.0,XGBoost,provided_plus_rdkit_descriptors,7,4
rdkit_NumUnspecifiedAtomStereoCenters,1179.272,7521.693,11864.69,XGBoost,provided_plus_rdkit_descriptors,7,4
rdkit_Phi,14426.134,23885.688,26376.834,XGBoost,provided_plus_rdkit_descriptors,7,4
rdkit_RingCount,0.0,0.0,0.0,XGBoost,provided_plus_rdkit_descriptors,7,4
rdkit_MolLogP,-58403.33,234645.52,128006.75,XGBoost,provided_plus_rdkit_descriptors,7,4
rdkit_MolMR,-644.8361,6366.8584,6949.3184,XGBoost,provided_plus_rdkit_descriptors,7,4
rdkit_fr_Al_COO,0.0,0.0,0.0,XGBoost,provided_plus_rdkit_descriptors,7,4
rdkit_fr_Al_OH,8216.425,20610.18,12809.18,XGBoost,provided_plus_rdkit_descriptors,7,4
rdkit_fr_Al_OH_noTert,0.0,0.0,0.0,XGBoost,provided_plus_rdkit_descriptors,7,4
rdkit_fr_COO,0.0,0.0,0.0,XGBoost,provided_plus_rdkit_descriptors,7,4
rdkit_fr_COO2,0.0,0.0,0.0,XGBoost,provided_plus_rdkit_descriptors,7,4
rdkit_fr_C_O,0.0,0.0,0.0,XGBoost,provided_plus_rdkit_descriptors,7,4
rdkit_fr_C_O_noCOO,0.0,0.0,0.0,XGBoost,provided_plus_rdkit_descriptors,7,4
rdkit_fr_NH1,0.0,0.0,0.0,XGBoost,provided_plus_rdkit_descriptors,7,4
rdkit_fr_NH2,0.0,0.0,0.0,XGBoost,provided_plus_rdkit_descriptors,7,4
rdkit_fr_aldehyde,338.78445,530.7787,637.7029,XGBoost,provided_plus_rdkit_descriptors,7,4
rdkit_fr_alkyl_halide,0.0,0.0,0.0,XGBoost,provided_plus_rdkit_descriptors,7,4
rdkit_fr_allylic_oxid,0.0,0.0,0.0,XGBoost,provided_plus_rdkit_descriptors,7,4
rdkit_fr_amide,0.0,0.0,0.0,XGBoost,provided_plus_rdkit_descriptors,7,4
rdkit_fr_bicyclic,0.0,0.0,0.0,XGBoost,provided_plus_rdkit_descriptors,7,4
rdkit_fr_ether,0.0,0.0,0.0,XGBoost,provided_plus_rdkit_descriptors,7,4
rdkit_fr_halogen,0.0,0.0,0.0,XGBoost,provided_plus_rdkit_descriptors,7,4
rdkit_fr_ketone,26.505476,1228.337,2446.3647,XGBoost,provided_plus_rdkit_descriptors,7,4
rdkit_fr_ketone_Topliss,0.0,0.0,0.0,XGBoost,provided_plus_rdkit_descriptors,7,4
rdkit_fr_methoxy,0.0,0.0,0.0,XGBoost,provided_plus_rdkit_descriptors,7,4
rdkit_fr_phos_acid,0.0,0.0,0.0,XGBoost,provided_plus_rdkit_descriptors,7,4
rdkit_fr_phos_ester,0.0,0.0,0.0,XGBoost,provided_plus_rdkit_descriptors,7,4
Molecular weight (Da),-6545.7017,39634.598,25149.994,XGBoost,provided_plus_rdkit_descriptors,7,5
Solubility (mg/mL),-13812.994,507554.16,575833.5,XGBoost,provided_plus_rdkit_descriptors,7,5
"Glass transition temperature (Tg, degC)",22336.814,238927.0,201499.06,XGBoost,provided_plus_rdkit_descriptors,7,5
Viscosity (mPa.s),-47814.19,261338.19,238425.11,XGBoost,provided_plus_rdkit_descriptors,7,5
Concentration (% w/v),-48092.33,293874.97,141010.17,XGBoost,provided_plus_rdkit_descriptors,7,5
rdkit_MaxAbsEStateIndex,26901.338,67602.625,83855.94,XGBoost,provided_plus_rdkit_descriptors,7,5
rdkit_MaxEStateIndex,0.0,0.0,0.0,XGBoost,provided_plus_rdkit_descriptors,7,5
rdkit_MinAbsEStateIndex,-10465.823,49845.914,82849.52,XGBoost,provided_plus_rdkit_descriptors,7,5
rdkit_MinEStateIndex,55102.074,79121.83,66137.26,XGBoost,provided_plus_rdkit_descriptors,7,5
rdkit_qed,-11386.548,28568.004,20475.717,XGBoost,provided_plus_rdkit_descriptors,7,5
rdkit_SPS,10388.192,33298.684,31782.684,XGBoost,provided_plus_rdkit_descriptors,7,5
rdkit_MolWt,0.0,0.0,0.0,XGBoost,provided_plus_rdkit_descriptors,7,5
rdkit_HeavyAtomMolWt,0.0,0.0,0.0,XGBoost,provided_plus_rdkit_descriptors,7,5
rdkit_ExactMolWt,0.0,0.0,0.0,XGBoost,provided_plus_rdkit_descriptors,7,5
rdkit_NumValenceElectrons,71.8035,933.9983,919.78973,XGBoost,provided_plus_rdkit_descriptors,7,5
rdkit_MaxPartialCharge,2553.8416,42378.918,38869.414,XGBoost,provided_plus_rdkit_descriptors,7,5
rdkit_MinPartialCharge,-5181.8325,53101.953,35286.25,XGBoost,provided_plus_rdkit_descriptors,7,5
rdkit_MaxAbsPartialCharge,-1824.8138,11942.694,10864.515,XGBoost,provided_plus_rdkit_descriptors,7,5
rdkit_MinAbsPartialCharge,0.0,0.0,0.0,XGBoost,provided_plus_rdkit_descriptors,7,5
rdkit_FpDensityMorgan1,35131.23,56787.5,48066.633,XGBoost,provided_plus_rdkit_descriptors,7,5
rdkit_FpDensityMorgan2,-4403.483,20910.285,16408.373,XGBoost,provided_plus_rdkit_descriptors,7,5
rdkit_FpDensityMorgan3,-700.5467,14734.772,15214.586,XGBoost,provided_plus_rdkit_descriptors,7,5
rdkit_BCUT2D_MWHI,497.95422,20186.838,18287.258,XGBoost,provided_plus_rdkit_descriptors,7,5
rdkit_BCUT2D_MWLOW,11469.531,31032.604,27063.229,XGBoost,provided_plus_rdkit_descriptors,7,5
rdkit_BCUT2D_CHGHI,7620.173,31364.438,60879.19,XGBoost,provided_plus_rdkit_descriptors,7,5
rdkit_BCUT2D_CHGLO,-31376.695,66108.99,69139.08,XGBoost,provided_plus_rdkit_descriptors,7,5
rdkit_BCUT2D_LOGPHI,967.975,13099.012,23041.709,XGBoost,provided_plus_rdkit_descriptors,7,5
rdkit_BCUT2D_LOGPLOW,257.74213,1493.2843,1205.5166,XGBoost,provided_plus_rdkit_descriptors,7,5
rdkit_BCUT2D_MRHI,-2824.1604,54068.035,49377.52,XGBoost,provided_plus_rdkit_descriptors,7,5
rdkit_BCUT2D_MRLOW,-5597.724,22139.26,14423.985,XGBoost,provided_plus_rdkit_descriptors,7,5
rdkit_AvgIpc,-24128.184,136281.38,185510.9,XGBoost,provided_plus_rdkit_descriptors,7,5
rdkit_BalabanJ,-5053.1,31738.383,29430.496,XGBoost,provided_plus_rdkit_descriptors,7,5
rdkit_BertzCT,14772.568,30382.697,24146.412,XGBoost,provided_plus_rdkit_descriptors,7,5
rdkit_Chi0,-447.3167,2284.2573,3693.929,XGBoost,provided_plus_rdkit_descriptors,7,5
rdkit_Chi0n,-10957.77,37568.586,22785.295,XGBoost,provided_plus_rdkit_descriptors,7,5
rdkit_Chi0v,28523.943,172444.1,172955.05,XGBoost,provided_plus_rdkit_descriptors,7,5
rdkit_Chi1,0.0,0.0,0.0,XGBoost,provided_plus_rdkit_descriptors,7,5
rdkit_Chi1n,18.892271,353.8902,594.6708,XGBoost,provided_plus_rdkit_descriptors,7,5
rdkit_Chi1v,0.0,0.0,0.0,XGBoost,provided_plus_rdkit_descriptors,7,5
rdkit_Chi2n,7474.1113,9488.821,11110.354,XGBoost,provided_plus_rdkit_descriptors,7,5
rdkit_Chi2v,-18.300594,438.67444,485.50317,XGBoost,provided_plus_rdkit_descriptors,7,5
rdkit_Chi3n,-304.73242,2265.5508,2113.6055,XGBoost,provided_plus_rdkit_descriptors,7,5
rdkit_Chi3v,-303.59024,2189.1252,2165.367,XGBoost,provided_plus_rdkit_descriptors,7,5
rdkit_Chi4n,-441.7568,3185.276,3379.9858,XGBoost,provided_plus_rdkit_descriptors,7,5
rdkit_Chi4v,-1326.942,3605.5417,2224.1477,XGBoost,provided_plus_rdkit_descriptors,7,5
rdkit_HallKierAlpha,-4585.024,105676.18,70341.14,XGBoost,provided_plus_rdkit_descriptors,7,5
rdkit_Ipc,-4557.6885,38205.133,34260.15,XGBoost,provided_plus_rdkit_descriptors,7,5
rdkit_Kappa1,38.344566,24048.406,26302.105,XGBoost,provided_plus_rdkit_descriptors,7,5
rdkit_Kappa2,1115.1113,14235.007,13108.488,XGBoost,provided_plus_rdkit_descriptors,7,5
rdkit_Kappa3,-1759.8141,21604.064,16015.157,XGBoost,provided_plus_rdkit_descriptors,7,5
rdkit_LabuteASA,0.0,0.0,0.0,XGBoost,provided_plus_rdkit_descriptors,7,5
rdkit_PEOE_VSA1,17196.783,68101.8,80769.93,XGBoost,provided_plus_rdkit_descriptors,7,5
rdkit_PEOE_VSA10,800.6854,1599.1838,3281.8882,XGBoost,provided_plus_rdkit_descriptors,7,5
rdkit_PEOE_VSA11,-9805.317,66663.34,51465.086,XGBoost,provided_plus_rdkit_descriptors,7,5
rdkit_PEOE_VSA12,-1805.1161,2317.2097,1863.0918,XGBoost,provided_plus_rdkit_descriptors,7,5
rdkit_PEOE_VSA14,0.0,0.0,0.0,XGBoost,provided_plus_rdkit_descriptors,7,5
rdkit_PEOE_VSA2,0.0,0.0,0.0,XGBoost,provided_plus_rdkit_descriptors,7,5
rdkit_PEOE_VSA3,0.0,0.0,0.0,XGBoost,provided_plus_rdkit_descriptors,7,5
rdkit_PEOE_VSA5,0.0,0.0,0.0,XGBoost,provided_plus_rdkit_descriptors,7,5
rdkit_PEOE_VSA6,0.0,0.0,0.0,XGBoost,provided_plus_rdkit_descriptors,7,5
rdkit_PEOE_VSA7,0.0,0.0,0.0,XGBoost,provided_plus_rdkit_descriptors,7,5
rdkit_PEOE_VSA8,1058.1685,6945.137,12668.11,XGBoost,provided_plus_rdkit_descriptors,7,5
rdkit_PEOE_VSA9,639.9949,3278.8699,3011.936,XGBoost,provided_plus_rdkit_descriptors,7,5
rdkit_SMR_VSA1,945.9442,3898.1199,4993.3438,XGBoost,provided_plus_rdkit_descriptors,7,5
rdkit_SMR_VSA10,1301.7003,6903.7173,4669.6025,XGBoost,provided_plus_rdkit_descriptors,7,5
rdkit_SMR_VSA3,0.0,0.0,0.0,XGBoost,provided_plus_rdkit_descriptors,7,5
rdkit_SMR_VSA4,0.0,0.0,0.0,XGBoost,provided_plus_rdkit_descriptors,7,5
rdkit_SMR_VSA5,2939.1807,10074.428,8351.152,XGBoost,provided_plus_rdkit_descriptors,7,5
rdkit_SMR_VSA6,0.0,0.0,0.0,XGBoost,provided_plus_rdkit_descriptors,7,5
rdkit_SMR_VSA7,0.0,0.0,0.0,XGBoost,provided_plus_rdkit_descriptors,7,5
rdkit_SlogP_VSA1,0.0,0.0,0.0,XGBoost,provided_plus_rdkit_descriptors,7,5
rdkit_SlogP_VSA12,0.0,0.0,0.0,XGBoost,provided_plus_rdkit_descriptors,7,5
rdkit_SlogP_VSA2,-13.708346,491.5558,422.01367,XGBoost,provided_plus_rdkit_descriptors,7,5
rdkit_SlogP_VSA3,2544.9353,10136.009,10396.161,XGBoost,provided_plus_rdkit_descriptors,7,5
rdkit_SlogP_VSA4,0.0,0.0,0.0,XGBoost,provided_plus_rdkit_descriptors,7,5
rdkit_SlogP_VSA5,-3801.2166,9891.669,9958.372,XGBoost,provided_plus_rdkit_descriptors,7,5
rdkit_SlogP_VSA6,0.0,0.0,0.0,XGBoost,provided_plus_rdkit_descriptors,7,5
rdkit_TPSA,-1054.7048,4341.721,2785.6826,XGBoost,provided_plus_rdkit_descriptors,7,5
rdkit_EState_VSA1,16150.522,32519.707,21757.857,XGBoost,provided_plus_rdkit_descriptors,7,5
rdkit_EState_VSA10,72357.17,780113.6,394711.9,XGBoost,provided_plus_rdkit_descriptors,7,5
rdkit_EState_VSA2,9875.263,20240.65,39507.47,XGBoost,provided_plus_rdkit_descriptors,7,5
rdkit_EState_VSA3,2712.4194,7072.852,21216.406,XGBoost,provided_plus_rdkit_descriptors,7,5
rdkit_EState_VSA4,0.0,0.0,0.0,XGBoost,provided_plus_rdkit_descriptors,7,5
rdkit_EState_VSA5,-2436.5325,4570.146,10112.565,XGBoost,provided_plus_rdkit_descriptors,7,5
rdkit_EState_VSA6,0.0,0.0,0.0,XGBoost,provided_plus_rdkit_descriptors,7,5
rdkit_EState_VSA7,0.0,0.0,0.0,XGBoost,provided_plus_rdkit_descriptors,7,5
rdkit_EState_VSA8,2665.6362,4307.192,5746.453,XGBoost,provided_plus_rdkit_descriptors,7,5
rdkit_EState_VSA9,-9881.152,60521.105,37009.293,XGBoost,provided_plus_rdkit_descriptors,7,5
rdkit_VSA_EState1,0.0,0.0,0.0,XGBoost,provided_plus_rdkit_descriptors,7,5
rdkit_VSA_EState10,0.0,0.0,0.0,XGBoost,provided_plus_rdkit_descriptors,7,5
rdkit_VSA_EState2,-2564.4546,92923.87,138612.05,XGBoost,provided_plus_rdkit_descriptors,7,5
rdkit_VSA_EState3,4566.8467,27872.28,20455.059,XGBoost,provided_plus_rdkit_descriptors,7,5
rdkit_VSA_EState4,0.0,0.0,0.0,XGBoost,provided_plus_rdkit_descriptors,7,5
rdkit_VSA_EState5,-503.79102,1953.4641,1858.8004,XGBoost,provided_plus_rdkit_descriptors,7,5
rdkit_VSA_EState6,0.0,0.0,0.0,XGBoost,provided_plus_rdkit_descriptors,7,5
rdkit_VSA_EState7,-8923.511,60960.64,46397.31,XGBoost,provided_plus_rdkit_descriptors,7,5
rdkit_VSA_EState8,-2124.3184,202657.22,189794.31,XGBoost,provided_plus_rdkit_descriptors,7,5
rdkit_VSA_EState9,0.0,0.0,0.0,XGBoost,provided_plus_rdkit_descriptors,7,5
rdkit_FractionCSP3,56.634537,1138.6456,1803.3645,XGBoost,provided_plus_rdkit_descriptors,7,5
rdkit_HeavyAtomCount,0.0,0.0,0.0,XGBoost,provided_plus_rdkit_descriptors,7,5
rdkit_NHOHCount,-379.5834,6945.917,5601.9565,XGBoost,provided_plus_rdkit_descriptors,7,5
rdkit_NOCount,0.0,0.0,0.0,XGBoost,provided_plus_rdkit_descriptors,7,5
rdkit_NumAliphaticCarbocycles,0.0,0.0,0.0,XGBoost,provided_plus_rdkit_descriptors,7,5
rdkit_NumAliphaticHeterocycles,0.0,0.0,0.0,XGBoost,provided_plus_rdkit_descriptors,7,5
rdkit_NumAliphaticRings,0.0,0.0,0.0,XGBoost,provided_plus_rdkit_descriptors,7,5
rdkit_NumAmideBonds,0.0,0.0,0.0,XGBoost,provided_plus_rdkit_descriptors,7,5
rdkit_NumAtomStereoCenters,-91.71187,9896.892,16112.861,XGBoost,provided_plus_rdkit_descriptors,7,5
rdkit_NumBridgeheadAtoms,0.0,0.0,0.0,XGBoost,provided_plus_rdkit_descriptors,7,5
rdkit_NumHAcceptors,0.0,0.0,0.0,XGBoost,provided_plus_rdkit_descriptors,7,5
rdkit_NumHDonors,0.0,0.0,0.0,XGBoost,provided_plus_rdkit_descriptors,7,5
rdkit_NumHeteroatoms,-460.0595,2566.9734,1912.7101,XGBoost,provided_plus_rdkit_descriptors,7,5
rdkit_NumHeterocycles,0.0,0.0,0.0,XGBoost,provided_plus_rdkit_descriptors,7,5
rdkit_NumRotatableBonds,2992.0818,6726.3623,4239.43,XGBoost,provided_plus_rdkit_descriptors,7,5
rdkit_NumSaturatedCarbocycles,0.0,0.0,0.0,XGBoost,provided_plus_rdkit_descriptors,7,5
rdkit_NumSaturatedHeterocycles,0.0,0.0,0.0,XGBoost,provided_plus_rdkit_descriptors,7,5
rdkit_NumSaturatedRings,0.0,0.0,0.0,XGBoost,provided_plus_rdkit_descriptors,7,5
rdkit_NumUnspecifiedAtomStereoCenters,11940.635,29881.027,47557.69,XGBoost,provided_plus_rdkit_descriptors,7,5
rdkit_Phi,-120.58151,617.1105,691.35956,XGBoost,provided_plus_rdkit_descriptors,7,5
rdkit_RingCount,0.0,0.0,0.0,XGBoost,provided_plus_rdkit_descriptors,7,5
rdkit_MolLogP,30417.744,118529.734,103863.945,XGBoost,provided_plus_rdkit_descriptors,7,5
rdkit_MolMR,-3259.116,22614.508,23608.848,XGBoost,provided_plus_rdkit_descriptors,7,5
rdkit_fr_Al_COO,0.0,0.0,0.0,XGBoost,provided_plus_rdkit_descriptors,7,5
rdkit_fr_Al_OH,-99.90941,1666.9286,1655.7616,XGBoost,provided_plus_rdkit_descriptors,7,5
rdkit_fr_Al_OH_noTert,0.0,0.0,0.0,XGBoost,provided_plus_rdkit_descriptors,7,5
rdkit_fr_COO,0.0,0.0,0.0,XGBoost,provided_plus_rdkit_descriptors,7,5
rdkit_fr_COO2,0.0,0.0,0.0,XGBoost,provided_plus_rdkit_descriptors,7,5
rdkit_fr_C_O,0.0,0.0,0.0,XGBoost,provided_plus_rdkit_descriptors,7,5
rdkit_fr_C_O_noCOO,0.0,0.0,0.0,XGBoost,provided_plus_rdkit_descriptors,7,5
rdkit_fr_NH1,0.0,0.0,0.0,XGBoost,provided_plus_rdkit_descriptors,7,5
rdkit_fr_NH2,0.0,0.0,0.0,XGBoost,provided_plus_rdkit_descriptors,7,5
rdkit_fr_aldehyde,3634.782,8341.728,6366.174,XGBoost,provided_plus_rdkit_descriptors,7,5
rdkit_fr_alkyl_halide,0.0,0.0,0.0,XGBoost,provided_plus_rdkit_descriptors,7,5
rdkit_fr_allylic_oxid,0.0,0.0,0.0,XGBoost,provided_plus_rdkit_descriptors,7,5
rdkit_fr_amide,0.0,0.0,0.0,XGBoost,provided_plus_rdkit_descriptors,7,5
rdkit_fr_bicyclic,0.0,0.0,0.0,XGBoost,provided_plus_rdkit_descriptors,7,5
rdkit_fr_ether,0.0,0.0,0.0,XGBoost,provided_plus_rdkit_descriptors,7,5
rdkit_fr_halogen,0.0,0.0,0.0,XGBoost,provided_plus_rdkit_descriptors,7,5
rdkit_fr_ketone,0.0,0.0,0.0,XGBoost,provided_plus_rdkit_descriptors,7,5
rdkit_fr_ketone_Topliss,0.0,0.0,0.0,XGBoost,provided_plus_rdkit_descriptors,7,5
rdkit_fr_methoxy,0.0,0.0,0.0,XGBoost,provided_plus_rdkit_descriptors,7,5
rdkit_fr_phos_acid,0.0,0.0,0.0,XGBoost,provided_plus_rdkit_descriptors,7,5
rdkit_fr_phos_ester,0.0,0.0,0.0,XGBoost,provided_plus_rdkit_descriptors,7,5
Molecular weight (Da),15895.348,33110.03,32412.836,XGBoost,provided_plus_rdkit_descriptors,8,1
Solubility (mg/mL),61389.547,556365.75,592718.06,XGBoost,provided_plus_rdkit_descriptors,8,1
"Glass transition temperature (Tg, degC)",-79533.21,243943.83,184095.2,XGBoost,provided_plus_rdkit_descriptors,8,1
Viscosity (mPa.s),-5461.8667,165822.97,156427.67,XGBoost,provided_plus_rdkit_descriptors,8,1
Concentration (% w/v),-44801.27,249000.6,118214.24,XGBoost,provided_plus_rdkit_descriptors,8,1
rdkit_MaxAbsEStateIndex,18163.814,58933.016,66631.86,XGBoost,provided_plus_rdkit_descriptors,8,1
rdkit_MaxEStateIndex,0.0,0.0,0.0,XGBoost,provided_plus_rdkit_descriptors,8,1
rdkit_MinAbsEStateIndex,-30726.898,80072.46,109902.25,XGBoost,provided_plus_rdkit_descriptors,8,1
rdkit_MinEStateIndex,31052.912,74425.32,76306.65,XGBoost,provided_plus_rdkit_descriptors,8,1
rdkit_qed,-8169.5254,149327.19,114317.586,XGBoost,provided_plus_rdkit_descriptors,8,1
rdkit_SPS,-7184.9014,32111.707,33803.92,XGBoost,provided_plus_rdkit_descriptors,8,1
rdkit_MolWt,0.0,0.0,0.0,XGBoost,provided_plus_rdkit_descriptors,8,1
rdkit_HeavyAtomMolWt,0.0,0.0,0.0,XGBoost,provided_plus_rdkit_descriptors,8,1
rdkit_ExactMolWt,0.0,0.0,0.0,XGBoost,provided_plus_rdkit_descriptors,8,1
rdkit_NumValenceElectrons,-204.42178,567.42,634.0933,XGBoost,provided_plus_rdkit_descriptors,8,1
rdkit_MaxPartialCharge,22102.041,86831.53,78300.47,XGBoost,provided_plus_rdkit_descriptors,8,1
rdkit_MinPartialCharge,-27560.426,171531.8,92077.43,XGBoost,provided_plus_rdkit_descriptors,8,1
rdkit_MaxAbsPartialCharge,2253.2498,8821.408,13710.754,XGBoost,provided_plus_rdkit_descriptors,8,1
rdkit_MinAbsPartialCharge,0.0,0.0,0.0,XGBoost,provided_plus_rdkit_descriptors,8,1
rdkit_FpDensityMorgan1,12817.582,22577.791,19772.291,XGBoost,provided_plus_rdkit_descriptors,8,1
rdkit_FpDensityMorgan2,-601.9615,12448.42,10779.888,XGBoost,provided_plus_rdkit_descriptors,8,1
rdkit_FpDensityMorgan3,8025.741,37473.87,30066.283,XGBoost,provided_plus_rdkit_descriptors,8,1
rdkit_BCUT2D_MWHI,6633.573,22171.176,14184.845,XGBoost,provided_plus_rdkit_descriptors,8,1
rdkit_BCUT2D_MWLOW,-14220.286,115181.08,107269.35,XGBoost,provided_plus_rdkit_descriptors,8,1
rdkit_BCUT2D_CHGHI,7372.1313,36171.453,55805.258,XGBoost,provided_plus_rdkit_descriptors,8,1
rdkit_BCUT2D_CHGLO,9567.607,45830.965,44253.08,XGBoost,provided_plus_rdkit_descriptors,8,1
rdkit_BCUT2D_LOGPHI,-1208.2875,4398.7114,4528.553,XGBoost,provided_plus_rdkit_descriptors,8,1
rdkit_BCUT2D_LOGPLOW,-825.20844,2516.7231,4689.3438,XGBoost,provided_plus_rdkit_descriptors,8,1
rdkit_BCUT2D_MRHI,-6581.446,42133.895,41780.44,XGBoost,provided_plus_rdkit_descriptors,8,1
rdkit_BCUT2D_MRLOW,-4329.269,17948.652,15246.221,XGBoost,provided_plus_rdkit_descriptors,8,1
rdkit_AvgIpc,-18953.709,98541.87,116951.24,XGBoost,provided_plus_rdkit_descriptors,8,1
rdkit_BalabanJ,848.1864,18493.76,17338.56,XGBoost,provided_plus_rdkit_descriptors,8,1
rdkit_BertzCT,7990.915,71385.53,45556.31,XGBoost,provided_plus_rdkit_descriptors,8,1
rdkit_Chi0,1963.3663,6828.1255,9475.976,XGBoost,provided_plus_rdkit_descriptors,8,1
rdkit_Chi0n,798.5781,16447.662,11279.026,XGBoost,provided_plus_rdkit_descriptors,8,1
rdkit_Chi0v,7772.336,19347.465,17857.838,XGBoost,provided_plus_rdkit_descriptors,8,1
rdkit_Chi1,4208.2905,5354.6743,6912.458,XGBoost,provided_plus_rdkit_descriptors,8,1
rdkit_Chi1n,103.04375,842.3587,1480.8098,XGBoost,provided_plus_rdkit_descriptors,8,1
rdkit_Chi1v,-192.65736,3309.5676,3255.8687,XGBoost,provided_plus_rdkit_descriptors,8,1
rdkit_Chi2n,4514.333,16753.309,7886.5073,XGBoost,provided_plus_rdkit_descriptors,8,1
rdkit_Chi2v,1057.5356,3569.841,2416.2007,XGBoost,provided_plus_rdkit_descriptors,8,1
rdkit_Chi3n,248.59409,1377.0858,1584.3079,XGBoost,provided_plus_rdkit_descriptors,8,1
rdkit_Chi3v,857.6132,10846.2295,13216.615,XGBoost,provided_plus_rdkit_descriptors,8,1
rdkit_Chi4n,-119.41626,994.9394,1243.5071,XGBoost,provided_plus_rdkit_descriptors,8,1
rdkit_Chi4v,309.32687,8074.329,5781.2344,XGBoost,provided_plus_rdkit_descriptors,8,1
rdkit_HallKierAlpha,30912.709,263612.62,189955.72,XGBoost,provided_plus_rdkit_descriptors,8,1
rdkit_Ipc,-4582.711,7786.508,5066.2583,XGBoost,provided_plus_rdkit_descriptors,8,1
rdkit_Kappa1,-3389.3096,16871.3,16840.07,XGBoost,provided_plus_rdkit_descriptors,8,1
rdkit_Kappa2,1459.8755,5876.3755,13088.722,XGBoost,provided_plus_rdkit_descriptors,8,1
rdkit_Kappa3,16125.203,34822.4,40131.387,XGBoost,provided_plus_rdkit_descriptors,8,1
rdkit_LabuteASA,125.272285,230.78323,341.1159,XGBoost,provided_plus_rdkit_descriptors,8,1
rdkit_PEOE_VSA1,965.2004,11510.933,15700.255,XGBoost,provided_plus_rdkit_descriptors,8,1
rdkit_PEOE_VSA10,47.530674,1432.1798,2034.4984,XGBoost,provided_plus_rdkit_descriptors,8,1
rdkit_PEOE_VSA11,4084.1206,40659.098,21047.764,XGBoost,provided_plus_rdkit_descriptors,8,1
rdkit_PEOE_VSA12,-30.024326,191.70938,213.12383,XGBoost,provided_plus_rdkit_descriptors,8,1
rdkit_PEOE_VSA14,0.0,0.0,0.0,XGBoost,provided_plus_rdkit_descriptors,8,1
rdkit_PEOE_VSA2,2028.0426,2476.826,3727.0842,XGBoost,provided_plus_rdkit_descriptors,8,1
rdkit_PEOE_VSA3,0.0,0.0,0.0,XGBoost,provided_plus_rdkit_descriptors,8,1
rdkit_PEOE_VSA5,0.0,0.0,0.0,XGBoost,provided_plus_rdkit_descriptors,8,1
rdkit_PEOE_VSA6,0.0,0.0,0.0,XGBoost,provided_plus_rdkit_descriptors,8,1
rdkit_PEOE_VSA7,-6.264097,453.0728,922.0467,XGBoost,provided_plus_rdkit_descriptors,8,1
rdkit_PEOE_VSA8,0.0,0.0,0.0,XGBoost,provided_plus_rdkit_descriptors,8,1
rdkit_PEOE_VSA9,2447.989,13078.96,8695.224,XGBoost,provided_plus_rdkit_descriptors,8,1
rdkit_SMR_VSA1,-2942.8303,3339.3003,1894.0435,XGBoost,provided_plus_rdkit_descriptors,8,1
rdkit_SMR_VSA10,3296.285,9356.856,22468.69,XGBoost,provided_plus_rdkit_descriptors,8,1
rdkit_SMR_VSA3,0.0,0.0,0.0,XGBoost,provided_plus_rdkit_descriptors,8,1
rdkit_SMR_VSA4,-239.18626,515.91345,1636.4698,XGBoost,provided_plus_rdkit_descriptors,8,1
rdkit_SMR_VSA5,-3706.3584,9594.293,13083.303,XGBoost,provided_plus_rdkit_descriptors,8,1
rdkit_SMR_VSA6,-815.9274,4613.749,3358.0295,XGBoost,provided_plus_rdkit_descriptors,8,1
rdkit_SMR_VSA7,0.0,0.0,0.0,XGBoost,provided_plus_rdkit_descriptors,8,1
rdkit_SlogP_VSA1,-86.50784,762.2119,1412.4147,XGBoost,provided_plus_rdkit_descriptors,8,1
rdkit_SlogP_VSA12,0.0,0.0,0.0,XGBoost,provided_plus_rdkit_descriptors,8,1
rdkit_SlogP_VSA2,-3587.2563,4631.4917,7210.354,XGBoost,provided_plus_rdkit_descriptors,8,1
rdkit_SlogP_VSA3,-30255.549,134405.23,73907.32,XGBoost,provided_plus_rdkit_descriptors,8,1
rdkit_SlogP_VSA4,0.0,0.0,0.0,XGBoost,provided_plus_rdkit_descriptors,8,1
rdkit_SlogP_VSA5,1067.9467,4944.581,7715.9043,XGBoost,provided_plus_rdkit_descriptors,8,1
rdkit_SlogP_VSA6,0.0,0.0,0.0,XGBoost,provided_plus_rdkit_descriptors,8,1
rdkit_TPSA,0.0,0.0,0.0,XGBoost,provided_plus_rdkit_descriptors,8,1
rdkit_EState_VSA1,2181.767,7276.8643,10166.435,XGBoost,provided_plus_rdkit_descriptors,8,1
rdkit_EState_VSA10,73342.445,444511.72,193615.81,XGBoost,provided_plus_rdkit_descriptors,8,1
rdkit_EState_VSA2,12853.635,58094.125,146862.97,XGBoost,provided_plus_rdkit_descriptors,8,1
rdkit_EState_VSA3,-2602.48,5672.2017,11413.9795,XGBoost,provided_plus_rdkit_descriptors,8,1
rdkit_EState_VSA4,0.0,0.0,0.0,XGBoost,provided_plus_rdkit_descriptors,8,1
rdkit_EState_VSA5,295.81458,1241.2343,1889.4467,XGBoost,provided_plus_rdkit_descriptors,8,1
rdkit_EState_VSA6,0.0,0.0,0.0,XGBoost,provided_plus_rdkit_descriptors,8,1
rdkit_EState_VSA7,0.0,0.0,0.0,XGBoost,provided_plus_rdkit_descriptors,8,1
rdkit_EState_VSA8,326.0419,2202.7888,4745.243,XGBoost,provided_plus_rdkit_descriptors,8,1
rdkit_EState_VSA9,4283.0513,26870.62,21044.773,XGBoost,provided_plus_rdkit_descriptors,8,1
rdkit_VSA_EState1,-276.77206,2676.837,4064.07,XGBoost,provided_plus_rdkit_descriptors,8,1
rdkit_VSA_EState10,0.0,0.0,0.0,XGBoost,provided_plus_rdkit_descriptors,8,1
rdkit_VSA_EState2,1260.7546,28230.197,31723.703,XGBoost,provided_plus_rdkit_descriptors,8,1
rdkit_VSA_EState3,33033.66,139205.05,110098.45,XGBoost,provided_plus_rdkit_descriptors,8,1
rdkit_VSA_EState4,0.0,0.0,0.0,XGBoost,provided_plus_rdkit_descriptors,8,1
rdkit_VSA_EState5,-1290.9812,9945.357,15192.606,XGBoost,provided_plus_rdkit_descriptors,8,1
rdkit_VSA_EState6,0.0,0.0,0.0,XGBoost,provided_plus_rdkit_descriptors,8,1
rdkit_VSA_EState7,2504.1514,25707.502,21283.99,XGBoost,provided_plus_rdkit_descriptors,8,1
rdkit_VSA_EState8,-46365.695,217740.84,217915.69,XGBoost,provided_plus_rdkit_descriptors,8,1
rdkit_VSA_EState9,0.0,0.0,0.0,XGBoost,provided_plus_rdkit_descriptors,8,1
rdkit_FractionCSP3,-973.42554,7274.0503,4539.0396,XGBoost,provided_plus_rdkit_descriptors,8,1
rdkit_HeavyAtomCount,0.0,0.0,0.0,XGBoost,provided_plus_rdkit_descriptors,8,1
rdkit_NHOHCount,1185.9645,11314.268,8100.4126,XGBoost,provided_plus_rdkit_descriptors,8,1
rdkit_NOCount,0.0,0.0,0.0,XGBoost,provided_plus_rdkit_descriptors,8,1
rdkit_NumAliphaticCarbocycles,0.0,0.0,0.0,XGBoost,provided_plus_rdkit_descriptors,8,1
rdkit_NumAliphaticHeterocycles,0.0,0.0,0.0,XGBoost,provided_plus_rdkit_descriptors,8,1
rdkit_NumAliphaticRings,0.0,0.0,0.0,XGBoost,provided_plus_rdkit_descriptors,8,1
rdkit_NumAmideBonds,0.0,0.0,0.0,XGBoost,provided_plus_rdkit_descriptors,8,1
rdkit_NumAtomStereoCenters,95.48924,4173.833,6844.0127,XGBoost,provided_plus_rdkit_descriptors,8,1
rdkit_NumBridgeheadAtoms,0.0,0.0,0.0,XGBoost,provided_plus_rdkit_descriptors,8,1
rdkit_NumHAcceptors,0.0,0.0,0.0,XGBoost,provided_plus_rdkit_descriptors,8,1
rdkit_NumHDonors,0.0,0.0,0.0,XGBoost,provided_plus_rdkit_descriptors,8,1
rdkit_NumHeteroatoms,0.0,0.0,0.0,XGBoost,provided_plus_rdkit_descriptors,8,1
rdkit_NumHeterocycles,0.0,0.0,0.0,XGBoost,provided_plus_rdkit_descriptors,8,1
rdkit_NumRotatableBonds,-756.699,2700.2034,2018.771,XGBoost,provided_plus_rdkit_descriptors,8,1
rdkit_NumSaturatedCarbocycles,0.0,0.0,0.0,XGBoost,provided_plus_rdkit_descriptors,8,1
rdkit_NumSaturatedHeterocycles,0.0,0.0,0.0,XGBoost,provided_plus_rdkit_descriptors,8,1
rdkit_NumSaturatedRings,0.0,0.0,0.0,XGBoost,provided_plus_rdkit_descriptors,8,1
rdkit_NumUnspecifiedAtomStereoCenters,4091.0413,13073.101,17227.064,XGBoost,provided_plus_rdkit_descriptors,8,1
rdkit_Phi,0.0,0.0,0.0,XGBoost,provided_plus_rdkit_descriptors,8,1
rdkit_RingCount,0.0,0.0,0.0,XGBoost,provided_plus_rdkit_descriptors,8,1
rdkit_MolLogP,33512.477,130787.375,91621.63,XGBoost,provided_plus_rdkit_descriptors,8,1
rdkit_MolMR,5661.7295,27374.158,31177.678,XGBoost,provided_plus_rdkit_descriptors,8,1
rdkit_fr_Al_COO,0.0,0.0,0.0,XGBoost,provided_plus_rdkit_descriptors,8,1
rdkit_fr_Al_OH,-876.8336,19308.982,13245.385,XGBoost,provided_plus_rdkit_descriptors,8,1
rdkit_fr_Al_OH_noTert,0.0,0.0,0.0,XGBoost,provided_plus_rdkit_descriptors,8,1
rdkit_fr_COO,0.0,0.0,0.0,XGBoost,provided_plus_rdkit_descriptors,8,1
rdkit_fr_COO2,0.0,0.0,0.0,XGBoost,provided_plus_rdkit_descriptors,8,1
rdkit_fr_C_O,0.0,0.0,0.0,XGBoost,provided_plus_rdkit_descriptors,8,1
rdkit_fr_C_O_noCOO,0.0,0.0,0.0,XGBoost,provided_plus_rdkit_descriptors,8,1
rdkit_fr_NH1,0.0,0.0,0.0,XGBoost,provided_plus_rdkit_descriptors,8,1
rdkit_fr_NH2,0.0,0.0,0.0,XGBoost,provided_plus_rdkit_descriptors,8,1
rdkit_fr_aldehyde,-1028.8132,2542.2065,2638.635,XGBoost,provided_plus_rdkit_descriptors,8,1
rdkit_fr_alkyl_halide,0.0,0.0,0.0,XGBoost,provided_plus_rdkit_descriptors,8,1
rdkit_fr_allylic_oxid,0.0,0.0,0.0,XGBoost,provided_plus_rdkit_descriptors,8,1
rdkit_fr_amide,0.0,0.0,0.0,XGBoost,provided_plus_rdkit_descriptors,8,1
rdkit_fr_bicyclic,0.0,0.0,0.0,XGBoost,provided_plus_rdkit_descriptors,8,1
rdkit_fr_ether,-46.96368,1184.9778,1387.703,XGBoost,provided_plus_rdkit_descriptors,8,1
rdkit_fr_halogen,0.0,0.0,0.0,XGBoost,provided_plus_rdkit_descriptors,8,1
rdkit_fr_ketone,0.0,0.0,0.0,XGBoost,provided_plus_rdkit_descriptors,8,1
rdkit_fr_ketone_Topliss,0.0,0.0,0.0,XGBoost,provided_plus_rdkit_descriptors,8,1
rdkit_fr_methoxy,0.0,0.0,0.0,XGBoost,provided_plus_rdkit_descriptors,8,1
rdkit_fr_phos_acid,0.0,0.0,0.0,XGBoost,provided_plus_rdkit_descriptors,8,1
rdkit_fr_phos_ester,0.0,0.0,0.0,XGBoost,provided_plus_rdkit_descriptors,8,1
Molecular weight (Da),-5546.7134,24326.09,20883.336,XGBoost,provided_plus_rdkit_descriptors,8,2
Solubility (mg/mL),144165.53,591659.2,757668.06,XGBoost,provided_plus_rdkit_descriptors,8,2
"Glass transition temperature (Tg, degC)",55555.062,254185.58,168939.94,XGBoost,provided_plus_rdkit_descriptors,8,2
Viscosity (mPa.s),30155.809,153850.33,127958.625,XGBoost,provided_plus_rdkit_descriptors,8,2
Concentration (% w/v),-97695.945,319021.1,151838.06,XGBoost,provided_plus_rdkit_descriptors,8,2
rdkit_MaxAbsEStateIndex,-12115.987,33119.87,26258.598,XGBoost,provided_plus_rdkit_descriptors,8,2
rdkit_MaxEStateIndex,0.0,0.0,0.0,XGBoost,provided_plus_rdkit_descriptors,8,2
rdkit_MinAbsEStateIndex,10342.428,33108.582,46171.805,XGBoost,provided_plus_rdkit_descriptors,8,2
rdkit_MinEStateIndex,-32543.05,92959.305,62314.53,XGBoost,provided_plus_rdkit_descriptors,8,2
rdkit_qed,4945.432,39409.2,57594.902,XGBoost,provided_plus_rdkit_descriptors,8,2
rdkit_SPS,29309.357,77824.04,94259.43,XGBoost,provided_plus_rdkit_descriptors,8,2
rdkit_MolWt,0.0,0.0,0.0,XGBoost,provided_plus_rdkit_descriptors,8,2
rdkit_HeavyAtomMolWt,0.0,0.0,0.0,XGBoost,provided_plus_rdkit_descriptors,8,2
rdkit_ExactMolWt,0.0,0.0,0.0,XGBoost,provided_plus_rdkit_descriptors,8,2
rdkit_NumValenceElectrons,146.28268,289.25766,431.09833,XGBoost,provided_plus_rdkit_descriptors,8,2
rdkit_MaxPartialCharge,-20008.977,139054.77,79817.16,XGBoost,provided_plus_rdkit_descriptors,8,2
rdkit_MinPartialCharge,-13097.683,44444.65,21835.727,XGBoost,provided_plus_rdkit_descriptors,8,2
rdkit_MaxAbsPartialCharge,4796.1646,16079.278,13288.126,XGBoost,provided_plus_rdkit_descriptors,8,2
rdkit_MinAbsPartialCharge,0.0,0.0,0.0,XGBoost,provided_plus_rdkit_descriptors,8,2
rdkit_FpDensityMorgan1,48.922894,23565.527,18280.162,XGBoost,provided_plus_rdkit_descriptors,8,2
rdkit_FpDensityMorgan2,-1369.7084,23211.207,19274.791,XGBoost,provided_plus_rdkit_descriptors,8,2
rdkit_FpDensityMorgan3,-13188.161,42615.055,33669.24,XGBoost,provided_plus_rdkit_descriptors,8,2
rdkit_BCUT2D_MWHI,-15313.621,26595.281,20219.39,XGBoost,provided_plus_rdkit_descriptors,8,2
rdkit_BCUT2D_MWLOW,5981.933,72090.04,52319.656,XGBoost,provided_plus_rdkit_descriptors,8,2
rdkit_BCUT2D_CHGHI,7093.3486,16953.283,22988.045,XGBoost,provided_plus_rdkit_descriptors,8,2
rdkit_BCUT2D_CHGLO,1601.5343,12382.944,12687.877,XGBoost,provided_plus_rdkit_descriptors,8,2
rdkit_BCUT2D_LOGPHI,-14369.311,30922.04,24545.857,XGBoost,provided_plus_rdkit_descriptors,8,2
rdkit_BCUT2D_LOGPLOW,-2204.0408,3116.9307,2382.045,XGBoost,provided_plus_rdkit_descriptors,8,2
rdkit_BCUT2D_MRHI,4170.933,46223.29,49437.87,XGBoost,provided_plus_rdkit_descriptors,8,2
rdkit_BCUT2D_MRLOW,-26578.973,48631.438,30580.291,XGBoost,provided_plus_rdkit_descriptors,8,2
rdkit_AvgIpc,3605.7573,134863.12,172029.53,XGBoost,provided_plus_rdkit_descriptors,8,2
rdkit_BalabanJ,741.4459,11019.418,9062.483,XGBoost,provided_plus_rdkit_descriptors,8,2
rdkit_BertzCT,-16432.18,43853.27,22829.39,XGBoost,provided_plus_rdkit_descriptors,8,2
rdkit_Chi0,422.74466,7049.2563,9061.358,XGBoost,provided_plus_rdkit_descriptors,8,2
rdkit_Chi0n,338.6411,10545.3,9748.882,XGBoost,provided_plus_rdkit_descriptors,8,2
rdkit_Chi0v,3519.1917,37946.51,43078.48,XGBoost,provided_plus_rdkit_descriptors,8,2
rdkit_Chi1,939.7165,2080.6177,1944.7765,XGBoost,provided_plus_rdkit_descriptors,8,2
rdkit_Chi1n,749.6565,1628.5399,1498.5244,XGBoost,provided_plus_rdkit_descriptors,8,2
rdkit_Chi1v,1491.6737,5352.211,8309.971,XGBoost,provided_plus_rdkit_descriptors,8,2
rdkit_Chi2n,4179.145,11426.756,9803.266,XGBoost,provided_plus_rdkit_descriptors,8,2
rdkit_Chi2v,1659.8258,1745.1144,2982.7075,XGBoost,provided_plus_rdkit_descriptors,8,2
rdkit_Chi3n,-252.79199,506.65262,645.75867,XGBoost,provided_plus_rdkit_descriptors,8,2
rdkit_Chi3v,55.15764,2575.4731,3426.317,XGBoost,provided_plus_rdkit_descriptors,8,2
rdkit_Chi4n,-2887.803,5651.242,3037.5735,XGBoost,provided_plus_rdkit_descriptors,8,2
rdkit_Chi4v,302.77844,3396.6028,5583.543,XGBoost,provided_plus_rdkit_descriptors,8,2
rdkit_HallKierAlpha,-25120.242,98093.43,56433.938,XGBoost,provided_plus_rdkit_descriptors,8,2
rdkit_Ipc,-19873.887,49170.086,45048.094,XGBoost,provided_plus_rdkit_descriptors,8,2
rdkit_Kappa1,-76.88972,3097.2693,2998.8796,XGBoost,provided_plus_rdkit_descriptors,8,2
rdkit_Kappa2,16413.152,33407.75,24984.717,XGBoost,provided_plus_rdkit_descriptors,8,2
rdkit_Kappa3,4929.025,31312.77,26003.104,XGBoost,provided_plus_rdkit_descriptors,8,2
rdkit_LabuteASA,0.0,0.0,0.0,XGBoost,provided_plus_rdkit_descriptors,8,2
rdkit_PEOE_VSA1,-665.61707,63777.48,60258.19,XGBoost,provided_plus_rdkit_descriptors,8,2
rdkit_PEOE_VSA10,-63.05957,834.1147,944.63696,XGBoost,provided_plus_rdkit_descriptors,8,2
rdkit_PEOE_VSA11,-19834.326,50259.977,40085.9,XGBoost,provided_plus_rdkit_descriptors,8,2
rdkit_PEOE_VSA12,-2609.5127,7807.5366,8656.389,XGBoost,provided_plus_rdkit_descriptors,8,2
rdkit_PEOE_VSA14,0.0,0.0,0.0,XGBoost,provided_plus_rdkit_descriptors,8,2
rdkit_PEOE_VSA2,255.03781,567.0592,1065.7362,XGBoost,provided_plus_rdkit_descriptors,8,2
rdkit_PEOE_VSA3,0.0,0.0,0.0,XGBoost,provided_plus_rdkit_descriptors,8,2
rdkit_PEOE_VSA5,0.0,0.0,0.0,XGBoost,provided_plus_rdkit_descriptors,8,2
rdkit_PEOE_VSA6,0.0,0.0,0.0,XGBoost,provided_plus_rdkit_descriptors,8,2
rdkit_PEOE_VSA7,0.0,0.0,0.0,XGBoost,provided_plus_rdkit_descriptors,8,2
rdkit_PEOE_VSA8,8444.304,25149.055,59516.332,XGBoost,provided_plus_rdkit_descriptors,8,2
rdkit_PEOE_VSA9,-1688.3276,5008.6675,5543.887,XGBoost,provided_plus_rdkit_descriptors,8,2
rdkit_SMR_VSA1,0.0,0.0,0.0,XGBoost,provided_plus_rdkit_descriptors,8,2
rdkit_SMR_VSA10,1689.3219,7852.673,9506.692,XGBoost,provided_plus_rdkit_descriptors,8,2
rdkit_SMR_VSA3,0.0,0.0,0.0,XGBoost,provided_plus_rdkit_descriptors,8,2
rdkit_SMR_VSA4,0.0,0.0,0.0,XGBoost,provided_plus_rdkit_descriptors,8,2
rdkit_SMR_VSA5,64.50251,2256.3096,2145.8743,XGBoost,provided_plus_rdkit_descriptors,8,2
rdkit_SMR_VSA6,-3967.3672,5444.483,3360.3264,XGBoost,provided_plus_rdkit_descriptors,8,2
rdkit_SMR_VSA7,0.0,0.0,0.0,XGBoost,provided_plus_rdkit_descriptors,8,2
rdkit_SlogP_VSA1,-142.55441,665.87683,1341.5162,XGBoost,provided_plus_rdkit_descriptors,8,2
rdkit_SlogP_VSA12,0.0,0.0,0.0,XGBoost,provided_plus_rdkit_descriptors,8,2
rdkit_SlogP_VSA2,-8327.167,13383.463,11187.043,XGBoost,provided_plus_rdkit_descriptors,8,2
rdkit_SlogP_VSA3,-47997.586,101694.99,49169.113,XGBoost,provided_plus_rdkit_descriptors,8,2
rdkit_SlogP_VSA4,0.0,0.0,0.0,XGBoost,provided_plus_rdkit_descriptors,8,2
rdkit_SlogP_VSA5,-1139.5658,8985.339,10537.649,XGBoost,provided_plus_rdkit_descriptors,8,2
rdkit_SlogP_VSA6,0.0,0.0,0.0,XGBoost,provided_plus_rdkit_descriptors,8,2
rdkit_TPSA,0.0,0.0,0.0,XGBoost,provided_plus_rdkit_descriptors,8,2
rdkit_EState_VSA1,1505.2917,10810.421,9210.646,XGBoost,provided_plus_rdkit_descriptors,8,2
rdkit_EState_VSA10,-137889.34,532352.3,244078.75,XGBoost,provided_plus_rdkit_descriptors,8,2
rdkit_EState_VSA2,-2503.06,13012.903,37478.863,XGBoost,provided_plus_rdkit_descriptors,8,2
rdkit_EState_VSA3,-152.39812,154.78708,81.9395,XGBoost,provided_plus_rdkit_descriptors,8,2
rdkit_EState_VSA4,0.0,0.0,0.0,XGBoost,provided_plus_rdkit_descriptors,8,2
rdkit_EState_VSA5,451.728,699.97394,1007.29913,XGBoost,provided_plus_rdkit_descriptors,8,2
rdkit_EState_VSA6,0.0,0.0,0.0,XGBoost,provided_plus_rdkit_descriptors,8,2
rdkit_EState_VSA7,0.0,0.0,0.0,XGBoost,provided_plus_rdkit_descriptors,8,2
rdkit_EState_VSA8,-339.1388,3211.6162,3706.6533,XGBoost,provided_plus_rdkit_descriptors,8,2
rdkit_EState_VSA9,-21887.639,109723.38,68435.98,XGBoost,provided_plus_rdkit_descriptors,8,2
rdkit_VSA_EState1,294.41403,5624.4404,4188.727,XGBoost,provided_plus_rdkit_descriptors,8,2
rdkit_VSA_EState10,0.0,0.0,0.0,XGBoost,provided_plus_rdkit_descriptors,8,2
rdkit_VSA_EState2,-39862.465,100463.1,72454.0,XGBoost,provided_plus_rdkit_descriptors,8,2
rdkit_VSA_EState3,8148.748,24627.19,14491.092,XGBoost,provided_plus_rdkit_descriptors,8,2
rdkit_VSA_EState4,0.0,0.0,0.0,XGBoost,provided_plus_rdkit_descriptors,8,2
rdkit_VSA_EState5,-355.1364,3258.6455,2509.6375,XGBoost,provided_plus_rdkit_descriptors,8,2
rdkit_VSA_EState6,0.0,0.0,0.0,XGBoost,provided_plus_rdkit_descriptors,8,2
rdkit_VSA_EState7,34796.11,52599.617,58911.93,XGBoost,provided_plus_rdkit_descriptors,8,2
rdkit_VSA_EState8,23296.812,205748.81,193403.03,XGBoost,provided_plus_rdkit_descriptors,8,2
rdkit_VSA_EState9,0.0,0.0,0.0,XGBoost,provided_plus_rdkit_descriptors,8,2
rdkit_FractionCSP3,102.61755,780.3557,539.9253,XGBoost,provided_plus_rdkit_descriptors,8,2
rdkit_HeavyAtomCount,0.0,0.0,0.0,XGBoost,provided_plus_rdkit_descriptors,8,2
rdkit_NHOHCount,-5193.555,14601.276,10356.533,XGBoost,provided_plus_rdkit_descriptors,8,2
rdkit_NOCount,0.0,0.0,0.0,XGBoost,provided_plus_rdkit_descriptors,8,2
rdkit_NumAliphaticCarbocycles,0.0,0.0,0.0,XGBoost,provided_plus_rdkit_descriptors,8,2
rdkit_NumAliphaticHeterocycles,0.0,0.0,0.0,XGBoost,provided_plus_rdkit_descriptors,8,2
rdkit_NumAliphaticRings,0.0,0.0,0.0,XGBoost,provided_plus_rdkit_descriptors,8,2
rdkit_NumAmideBonds,0.0,0.0,0.0,XGBoost,provided_plus_rdkit_descriptors,8,2
rdkit_NumAtomStereoCenters,1171.6614,5469.9463,10611.056,XGBoost,provided_plus_rdkit_descriptors,8,2
rdkit_NumBridgeheadAtoms,0.0,0.0,0.0,XGBoost,provided_plus_rdkit_descriptors,8,2
rdkit_NumHAcceptors,0.0,0.0,0.0,XGBoost,provided_plus_rdkit_descriptors,8,2
rdkit_NumHDonors,0.0,0.0,0.0,XGBoost,provided_plus_rdkit_descriptors,8,2
rdkit_NumHeteroatoms,191.01805,1138.4517,1323.7758,XGBoost,provided_plus_rdkit_descriptors,8,2
rdkit_NumHeterocycles,0.0,0.0,0.0,XGBoost,provided_plus_rdkit_descriptors,8,2
rdkit_NumRotatableBonds,-217.22838,2956.6824,2083.4194,XGBoost,provided_plus_rdkit_descriptors,8,2
rdkit_NumSaturatedCarbocycles,0.0,0.0,0.0,XGBoost,provided_plus_rdkit_descriptors,8,2
rdkit_NumSaturatedHeterocycles,0.0,0.0,0.0,XGBoost,provided_plus_rdkit_descriptors,8,2
rdkit_NumSaturatedRings,0.0,0.0,0.0,XGBoost,provided_plus_rdkit_descriptors,8,2
rdkit_NumUnspecifiedAtomStereoCenters,1449.0266,3180.4358,4703.453,XGBoost,provided_plus_rdkit_descriptors,8,2
rdkit_Phi,2232.8057,3480.789,2795.306,XGBoost,provided_plus_rdkit_descriptors,8,2
rdkit_RingCount,0.0,0.0,0.0,XGBoost,provided_plus_rdkit_descriptors,8,2
rdkit_MolLogP,-51154.105,119010.61,59796.062,XGBoost,provided_plus_rdkit_descriptors,8,2
rdkit_MolMR,225.08229,12004.6,15689.477,XGBoost,provided_plus_rdkit_descriptors,8,2
rdkit_fr_Al_COO,0.0,0.0,0.0,XGBoost,provided_plus_rdkit_descriptors,8,2
rdkit_fr_Al_OH,0.0,0.0,0.0,XGBoost,provided_plus_rdkit_descriptors,8,2
rdkit_fr_Al_OH_noTert,0.0,0.0,0.0,XGBoost,provided_plus_rdkit_descriptors,8,2
rdkit_fr_COO,0.0,0.0,0.0,XGBoost,provided_plus_rdkit_descriptors,8,2
rdkit_fr_COO2,0.0,0.0,0.0,XGBoost,provided_plus_rdkit_descriptors,8,2
rdkit_fr_C_O,0.0,0.0,0.0,XGBoost,provided_plus_rdkit_descriptors,8,2
rdkit_fr_C_O_noCOO,0.0,0.0,0.0,XGBoost,provided_plus_rdkit_descriptors,8,2
rdkit_fr_NH1,0.0,0.0,0.0,XGBoost,provided_plus_rdkit_descriptors,8,2
rdkit_fr_NH2,0.0,0.0,0.0,XGBoost,provided_plus_rdkit_descriptors,8,2
rdkit_fr_aldehyde,43.877754,457.78745,955.566,XGBoost,provided_plus_rdkit_descriptors,8,2
rdkit_fr_alkyl_halide,0.0,0.0,0.0,XGBoost,provided_plus_rdkit_descriptors,8,2
rdkit_fr_allylic_oxid,0.0,0.0,0.0,XGBoost,provided_plus_rdkit_descriptors,8,2
rdkit_fr_amide,0.0,0.0,0.0,XGBoost,provided_plus_rdkit_descriptors,8,2
rdkit_fr_bicyclic,0.0,0.0,0.0,XGBoost,provided_plus_rdkit_descriptors,8,2
rdkit_fr_ether,0.0,0.0,0.0,XGBoost,provided_plus_rdkit_descriptors,8,2
rdkit_fr_halogen,0.0,0.0,0.0,XGBoost,provided_plus_rdkit_descriptors,8,2
rdkit_fr_ketone,0.0,0.0,0.0,XGBoost,provided_plus_rdkit_descriptors,8,2
rdkit_fr_ketone_Topliss,0.0,0.0,0.0,XGBoost,provided_plus_rdkit_descriptors,8,2
rdkit_fr_methoxy,0.0,0.0,0.0,XGBoost,provided_plus_rdkit_descriptors,8,2
rdkit_fr_phos_acid,0.0,0.0,0.0,XGBoost,provided_plus_rdkit_descriptors,8,2
rdkit_fr_phos_ester,0.0,0.0,0.0,XGBoost,provided_plus_rdkit_descriptors,8,2
Molecular weight (Da),-2112.242,32388.236,23721.191,XGBoost,provided_plus_rdkit_descriptors,8,3
Solubility (mg/mL),237192.53,608609.1,684768.25,XGBoost,provided_plus_rdkit_descriptors,8,3
"Glass transition temperature (Tg, degC)",32078.0,255182.89,228170.1,XGBoost,provided_plus_rdkit_descriptors,8,3
Viscosity (mPa.s),4817.9937,202767.78,121060.33,XGBoost,provided_plus_rdkit_descriptors,8,3
Concentration (% w/v),7331.1772,257956.5,133474.28,XGBoost,provided_plus_rdkit_descriptors,8,3
rdkit_MaxAbsEStateIndex,29670.445,105217.65,104195.73,XGBoost,provided_plus_rdkit_descriptors,8,3
rdkit_MaxEStateIndex,0.0,0.0,0.0,XGBoost,provided_plus_rdkit_descriptors,8,3
rdkit_MinAbsEStateIndex,3057.887,77581.84,116710.46,XGBoost,provided_plus_rdkit_descriptors,8,3
rdkit_MinEStateIndex,37189.35,72274.58,71627.37,XGBoost,provided_plus_rdkit_descriptors,8,3
rdkit_qed,-11442.835,46152.402,40575.59,XGBoost,provided_plus_rdkit_descriptors,8,3
rdkit_SPS,34627.496,110415.02,113417.125,XGBoost,provided_plus_rdkit_descriptors,8,3
rdkit_MolWt,0.0,0.0,0.0,XGBoost,provided_plus_rdkit_descriptors,8,3
rdkit_HeavyAtomMolWt,0.0,0.0,0.0,XGBoost,provided_plus_rdkit_descriptors,8,3
rdkit_ExactMolWt,0.0,0.0,0.0,XGBoost,provided_plus_rdkit_descriptors,8,3
rdkit_NumValenceElectrons,-37.79034,1758.2292,2159.118,XGBoost,provided_plus_rdkit_descriptors,8,3
rdkit_MaxPartialCharge,-103240.055,194931.42,161182.58,XGBoost,provided_plus_rdkit_descriptors,8,3
rdkit_MinPartialCharge,-901.1724,63081.473,30323.186,XGBoost,provided_plus_rdkit_descriptors,8,3
rdkit_MaxAbsPartialCharge,1003.7577,7721.367,14135.533,XGBoost,provided_plus_rdkit_descriptors,8,3
rdkit_MinAbsPartialCharge,0.0,0.0,0.0,XGBoost,provided_plus_rdkit_descriptors,8,3
rdkit_FpDensityMorgan1,17926.207,45759.74,39183.527,XGBoost,provided_plus_rdkit_descriptors,8,3
rdkit_FpDensityMorgan2,3208.827,19043.834,15453.188,XGBoost,provided_plus_rdkit_descriptors,8,3
rdkit_FpDensityMorgan3,-9127.061,57187.34,40779.5,XGBoost,provided_plus_rdkit_descriptors,8,3
rdkit_BCUT2D_MWHI,-3283.7976,12748.392,10841.427,XGBoost,provided_plus_rdkit_descriptors,8,3
rdkit_BCUT2D_MWLOW,-2519.5798,36243.4,38293.914,XGBoost,provided_plus_rdkit_descriptors,8,3
rdkit_BCUT2D_CHGHI,-5899.7095,50055.64,38053.72,XGBoost,provided_plus_rdkit_descriptors,8,3
rdkit_BCUT2D_CHGLO,-14169.239,31050.445,27105.098,XGBoost,provided_plus_rdkit_descriptors,8,3
rdkit_BCUT2D_LOGPHI,0.0,0.0,0.0,XGBoost,provided_plus_rdkit_descriptors,8,3
rdkit_BCUT2D_LOGPLOW,181.78648,3400.5938,3757.0215,XGBoost,provided_plus_rdkit_descriptors,8,3
rdkit_BCUT2D_MRHI,9884.593,61041.395,61836.305,XGBoost,provided_plus_rdkit_descriptors,8,3
rdkit_BCUT2D_MRLOW,-9499.768,22692.52,24863.225,XGBoost,provided_plus_rdkit_descriptors,8,3
rdkit_AvgIpc,-33479.79,130001.945,176378.81,XGBoost,provided_plus_rdkit_descriptors,8,3
rdkit_BalabanJ,16432.016,43942.207,36211.164,XGBoost,provided_plus_rdkit_descriptors,8,3
rdkit_BertzCT,7763.068,13336.099,18501.096,XGBoost,provided_plus_rdkit_descriptors,8,3
rdkit_Chi0,0.0,0.0,0.0,XGBoost,provided_plus_rdkit_descriptors,8,3
rdkit_Chi0n,-332.09717,1514.8851,1079.453,XGBoost,provided_plus_rdkit_descriptors,8,3
rdkit_Chi0v,6796.6016,39590.324,35096.76,XGBoost,provided_plus_rdkit_descriptors,8,3
rdkit_Chi1,1921.254,3800.219,3761.8057,XGBoost,provided_plus_rdkit_descriptors,8,3
rdkit_Chi1n,-2338.8862,5187.7573,4669.0356,XGBoost,provided_plus_rdkit_descriptors,8,3
rdkit_Chi1v,0.0,0.0,0.0,XGBoost,provided_plus_rdkit_descriptors,8,3
rdkit_Chi2n,0.0,0.0,0.0,XGBoost,provided_plus_rdkit_descriptors,8,3
rdkit_Chi2v,0.0,0.0,0.0,XGBoost,provided_plus_rdkit_descriptors,8,3
rdkit_Chi3n,-202.55147,1670.0421,1361.3964,XGBoost,provided_plus_rdkit_descriptors,8,3
rdkit_Chi3v,-827.38104,1721.4602,1604.2494,XGBoost,provided_plus_rdkit_descriptors,8,3
rdkit_Chi4n,-67.04629,6509.8716,3123.0054,XGBoost,provided_plus_rdkit_descriptors,8,3
rdkit_Chi4v,1154.6284,5998.2314,5364.831,XGBoost,provided_plus_rdkit_descriptors,8,3
rdkit_HallKierAlpha,12818.754,195926.2,125481.41,XGBoost,provided_plus_rdkit_descriptors,8,3
rdkit_Ipc,-2435.7903,12871.886,8501.36,XGBoost,provided_plus_rdkit_descriptors,8,3
rdkit_Kappa1,-8496.663,29133.512,32650.11,XGBoost,provided_plus_rdkit_descriptors,8,3
rdkit_Kappa2,-466.65823,2830.8142,3538.4766,XGBoost,provided_plus_rdkit_descriptors,8,3
rdkit_Kappa3,-635.58844,13314.277,16601.72,XGBoost,provided_plus_rdkit_descriptors,8,3
rdkit_LabuteASA,308.314,918.3737,755.8369,XGBoost,provided_plus_rdkit_descriptors,8,3
rdkit_PEOE_VSA1,-12430.693,43877.246,29301.264,XGBoost,provided_plus_rdkit_descriptors,8,3
rdkit_PEOE_VSA10,-2668.1602,5114.845,5139.2905,XGBoost,provided_plus_rdkit_descriptors,8,3
rdkit_PEOE_VSA11,849.07983,89099.12,60462.44,XGBoost,provided_plus_rdkit_descriptors,8,3
rdkit_PEOE_VSA12,0.0,0.0,0.0,XGBoost,provided_plus_rdkit_descriptors,8,3
rdkit_PEOE_VSA14,0.0,0.0,0.0,XGBoost,provided_plus_rdkit_descriptors,8,3
rdkit_PEOE_VSA2,0.0,0.0,0.0,XGBoost,provided_plus_rdkit_descriptors,8,3
rdkit_PEOE_VSA3,0.0,0.0,0.0,XGBoost,provided_plus_rdkit_descriptors,8,3
rdkit_PEOE_VSA5,0.0,0.0,0.0,XGBoost,provided_plus_rdkit_descriptors,8,3
rdkit_PEOE_VSA6,0.0,0.0,0.0,XGBoost,provided_plus_rdkit_descriptors,8,3
rdkit_PEOE_VSA7,-222.40944,1122.5638,2443.2607,XGBoost,provided_plus_rdkit_descriptors,8,3
rdkit_PEOE_VSA8,-504.23743,837.55023,1245.6882,XGBoost,provided_plus_rdkit_descriptors,8,3
rdkit_PEOE_VSA9,-506.42645,1127.673,1374.046,XGBoost,provided_plus_rdkit_descriptors,8,3
rdkit_SMR_VSA1,-2981.4653,4129.0386,3155.8645,XGBoost,provided_plus_rdkit_descriptors,8,3
rdkit_SMR_VSA10,-748.6223,2051.8132,1757.1462,XGBoost,provided_plus_rdkit_descriptors,8,3
rdkit_SMR_VSA3,0.0,0.0,0.0,XGBoost,provided_plus_rdkit_descriptors,8,3
rdkit_SMR_VSA4,0.0,0.0,0.0,XGBoost,provided_plus_rdkit_descriptors,8,3
rdkit_SMR_VSA5,-349.5662,2631.6055,2651.408,XGBoost,provided_plus_rdkit_descriptors,8,3
rdkit_SMR_VSA6,-3708.0737,6969.7754,5527.014,XGBoost,provided_plus_rdkit_descriptors,8,3
rdkit_SMR_VSA7,0.0,0.0,0.0,XGBoost,provided_plus_rdkit_descriptors,8,3
rdkit_SlogP_VSA1,0.0,0.0,0.0,XGBoost,provided_plus_rdkit_descriptors,8,3
rdkit_SlogP_VSA12,0.0,0.0,0.0,XGBoost,provided_plus_rdkit_descriptors,8,3
rdkit_SlogP_VSA2,-9759.22,16042.334,11429.489,XGBoost,provided_plus_rdkit_descriptors,8,3
rdkit_SlogP_VSA3,-616.07983,2277.3108,2450.015,XGBoost,provided_plus_rdkit_descriptors,8,3
rdkit_SlogP_VSA4,0.0,0.0,0.0,XGBoost,provided_plus_rdkit_descriptors,8,3
rdkit_SlogP_VSA5,-1838.7583,4857.5454,7156.8203,XGBoost,provided_plus_rdkit_descriptors,8,3
rdkit_SlogP_VSA6,0.0,0.0,0.0,XGBoost,provided_plus_rdkit_descriptors,8,3
rdkit_TPSA,0.0,0.0,0.0,XGBoost,provided_plus_rdkit_descriptors,8,3
rdkit_EState_VSA1,-500.095,678.3676,865.4124,XGBoost,provided_plus_rdkit_descriptors,8,3
rdkit_EState_VSA10,126243.14,669313.8,253562.03,XGBoost,provided_plus_rdkit_descriptors,8,3
rdkit_EState_VSA2,-941.7976,12935.504,34053.41,XGBoost,provided_plus_rdkit_descriptors,8,3
rdkit_EState_VSA3,-3329.265,6770.292,13243.241,XGBoost,provided_plus_rdkit_descriptors,8,3
rdkit_EState_VSA4,0.0,0.0,0.0,XGBoost,provided_plus_rdkit_descriptors,8,3
rdkit_EState_VSA5,-1411.6945,4982.8643,9171.007,XGBoost,provided_plus_rdkit_descriptors,8,3
rdkit_EState_VSA6,0.0,0.0,0.0,XGBoost,provided_plus_rdkit_descriptors,8,3
rdkit_EState_VSA7,0.0,0.0,0.0,XGBoost,provided_plus_rdkit_descriptors,8,3
rdkit_EState_VSA8,-677.83044,3727.5486,4670.07,XGBoost,provided_plus_rdkit_descriptors,8,3
rdkit_EState_VSA9,49859.59,110194.21,68595.02,XGBoost,provided_plus_rdkit_descriptors,8,3
rdkit_VSA_EState1,0.0,0.0,0.0,XGBoost,provided_plus_rdkit_descriptors,8,3
rdkit_VSA_EState10,0.0,0.0,0.0,XGBoost,provided_plus_rdkit_descriptors,8,3
rdkit_VSA_EState2,-1255.4547,38050.766,42355.527,XGBoost,provided_plus_rdkit_descriptors,8,3
rdkit_VSA_EState3,34075.516,73085.12,40900.695,XGBoost,provided_plus_rdkit_descriptors,8,3
rdkit_VSA_EState4,0.0,0.0,0.0,XGBoost,provided_plus_rdkit_descriptors,8,3
rdkit_VSA_EState5,-1011.63,5967.4146,7344.6904,XGBoost,provided_plus_rdkit_descriptors,8,3
rdkit_VSA_EState6,0.0,0.0,0.0,XGBoost,provided_plus_rdkit_descriptors,8,3
rdkit_VSA_EState7,2210.439,6711.357,5529.463,XGBoost,provided_plus_rdkit_descriptors,8,3
rdkit_VSA_EState8,88926.87,174528.1,137448.78,XGBoost,provided_plus_rdkit_descriptors,8,3
rdkit_VSA_EState9,0.0,0.0,0.0,XGBoost,provided_plus_rdkit_descriptors,8,3
rdkit_FractionCSP3,96.6974,3116.3933,2164.4675,XGBoost,provided_plus_rdkit_descriptors,8,3
rdkit_HeavyAtomCount,0.0,0.0,0.0,XGBoost,provided_plus_rdkit_descriptors,8,3
rdkit_NHOHCount,0.0,0.0,0.0,XGBoost,provided_plus_rdkit_descriptors,8,3
rdkit_NOCount,0.0,0.0,0.0,XGBoost,provided_plus_rdkit_descriptors,8,3
rdkit_NumAliphaticCarbocycles,0.0,0.0,0.0,XGBoost,provided_plus_rdkit_descriptors,8,3
rdkit_NumAliphaticHeterocycles,0.0,0.0,0.0,XGBoost,provided_plus_rdkit_descriptors,8,3
rdkit_NumAliphaticRings,0.0,0.0,0.0,XGBoost,provided_plus_rdkit_descriptors,8,3
rdkit_NumAmideBonds,0.0,0.0,0.0,XGBoost,provided_plus_rdkit_descriptors,8,3
rdkit_NumAtomStereoCenters,967.04755,8208.867,13918.604,XGBoost,provided_plus_rdkit_descriptors,8,3
rdkit_NumBridgeheadAtoms,0.0,0.0,0.0,XGBoost,provided_plus_rdkit_descriptors,8,3
rdkit_NumHAcceptors,0.0,0.0,0.0,XGBoost,provided_plus_rdkit_descriptors,8,3
rdkit_NumHDonors,-693.61505,12653.26,10041.044,XGBoost,provided_plus_rdkit_descriptors,8,3
rdkit_NumHeteroatoms,0.0,0.0,0.0,XGBoost,provided_plus_rdkit_descriptors,8,3
rdkit_NumHeterocycles,0.0,0.0,0.0,XGBoost,provided_plus_rdkit_descriptors,8,3
rdkit_NumRotatableBonds,-287.737,934.1424,927.6101,XGBoost,provided_plus_rdkit_descriptors,8,3
rdkit_NumSaturatedCarbocycles,0.0,0.0,0.0,XGBoost,provided_plus_rdkit_descriptors,8,3
rdkit_NumSaturatedHeterocycles,0.0,0.0,0.0,XGBoost,provided_plus_rdkit_descriptors,8,3
rdkit_NumSaturatedRings,0.0,0.0,0.0,XGBoost,provided_plus_rdkit_descriptors,8,3
rdkit_NumUnspecifiedAtomStereoCenters,-1335.8977,5071.2393,11388.246,XGBoost,provided_plus_rdkit_descriptors,8,3
rdkit_Phi,-90.486374,3395.9995,3927.9333,XGBoost,provided_plus_rdkit_descriptors,8,3
rdkit_RingCount,0.0,0.0,0.0,XGBoost,provided_plus_rdkit_descriptors,8,3
rdkit_MolLogP,-29103.932,147124.95,102127.23,XGBoost,provided_plus_rdkit_descriptors,8,3
rdkit_MolMR,-4666.502,11267.764,9651.946,XGBoost,provided_plus_rdkit_descriptors,8,3
rdkit_fr_Al_COO,0.0,0.0,0.0,XGBoost,provided_plus_rdkit_descriptors,8,3
rdkit_fr_Al_OH,0.0,0.0,0.0,XGBoost,provided_plus_rdkit_descriptors,8,3
rdkit_fr_Al_OH_noTert,0.0,0.0,0.0,XGBoost,provided_plus_rdkit_descriptors,8,3
rdkit_fr_COO,0.0,0.0,0.0,XGBoost,provided_plus_rdkit_descriptors,8,3
rdkit_fr_COO2,0.0,0.0,0.0,XGBoost,provided_plus_rdkit_descriptors,8,3
rdkit_fr_C_O,0.0,0.0,0.0,XGBoost,provided_plus_rdkit_descriptors,8,3
rdkit_fr_C_O_noCOO,0.0,0.0,0.0,XGBoost,provided_plus_rdkit_descriptors,8,3
rdkit_fr_NH1,0.0,0.0,0.0,XGBoost,provided_plus_rdkit_descriptors,8,3
rdkit_fr_NH2,0.0,0.0,0.0,XGBoost,provided_plus_rdkit_descriptors,8,3
rdkit_fr_aldehyde,1595.6202,7813.086,7826.6475,XGBoost,provided_plus_rdkit_descriptors,8,3
rdkit_fr_alkyl_halide,0.0,0.0,0.0,XGBoost,provided_plus_rdkit_descriptors,8,3
rdkit_fr_allylic_oxid,0.0,0.0,0.0,XGBoost,provided_plus_rdkit_descriptors,8,3
rdkit_fr_amide,0.0,0.0,0.0,XGBoost,provided_plus_rdkit_descriptors,8,3
rdkit_fr_bicyclic,0.0,0.0,0.0,XGBoost,provided_plus_rdkit_descriptors,8,3
rdkit_fr_ether,0.0,0.0,0.0,XGBoost,provided_plus_rdkit_descriptors,8,3
rdkit_fr_halogen,0.0,0.0,0.0,XGBoost,provided_plus_rdkit_descriptors,8,3
rdkit_fr_ketone,371.10294,1541.5098,3030.2761,XGBoost,provided_plus_rdkit_descriptors,8,3
rdkit_fr_ketone_Topliss,0.0,0.0,0.0,XGBoost,provided_plus_rdkit_descriptors,8,3
rdkit_fr_methoxy,0.0,0.0,0.0,XGBoost,provided_plus_rdkit_descriptors,8,3
rdkit_fr_phos_acid,0.0,0.0,0.0,XGBoost,provided_plus_rdkit_descriptors,8,3
rdkit_fr_phos_ester,0.0,0.0,0.0,XGBoost,provided_plus_rdkit_descriptors,8,3
Molecular weight (Da),5023.9175,31502.158,36465.766,XGBoost,provided_plus_rdkit_descriptors,8,4
Solubility (mg/mL),-253594.58,532728.06,458574.8,XGBoost,provided_plus_rdkit_descriptors,8,4
"Glass transition temperature (Tg, degC)",97679.82,239837.78,182932.23,XGBoost,provided_plus_rdkit_descriptors,8,4
Viscosity (mPa.s),4789.718,194691.03,217434.25,XGBoost,provided_plus_rdkit_descriptors,8,4
Concentration (% w/v),93167.04,310158.34,157806.67,XGBoost,provided_plus_rdkit_descriptors,8,4
rdkit_MaxAbsEStateIndex,11996.498,58774.242,44353.023,XGBoost,provided_plus_rdkit_descriptors,8,4
rdkit_MaxEStateIndex,0.0,0.0,0.0,XGBoost,provided_plus_rdkit_descriptors,8,4
rdkit_MinAbsEStateIndex,18095.908,40634.598,47167.82,XGBoost,provided_plus_rdkit_descriptors,8,4
rdkit_MinEStateIndex,22020.824,76768.375,46608.754,XGBoost,provided_plus_rdkit_descriptors,8,4
rdkit_qed,13263.275,31047.846,39500.33,XGBoost,provided_plus_rdkit_descriptors,8,4
rdkit_SPS,23034.87,66032.98,52199.02,XGBoost,provided_plus_rdkit_descriptors,8,4
rdkit_MolWt,0.0,0.0,0.0,XGBoost,provided_plus_rdkit_descriptors,8,4
rdkit_HeavyAtomMolWt,401.41696,938.1707,1148.442,XGBoost,provided_plus_rdkit_descriptors,8,4
rdkit_ExactMolWt,0.0,0.0,0.0,XGBoost,provided_plus_rdkit_descriptors,8,4
rdkit_NumValenceElectrons,0.0,0.0,0.0,XGBoost,provided_plus_rdkit_descriptors,8,4
rdkit_MaxPartialCharge,-12243.807,66215.805,62311.55,XGBoost,provided_plus_rdkit_descriptors,8,4
rdkit_MinPartialCharge,5513.5444,44577.19,21067.314,XGBoost,provided_plus_rdkit_descriptors,8,4
rdkit_MaxAbsPartialCharge,-885.84436,5493.018,4746.963,XGBoost,provided_plus_rdkit_descriptors,8,4
rdkit_MinAbsPartialCharge,0.0,0.0,0.0,XGBoost,provided_plus_rdkit_descriptors,8,4
rdkit_FpDensityMorgan1,8667.508,33901.004,20587.102,XGBoost,provided_plus_rdkit_descriptors,8,4
rdkit_FpDensityMorgan2,-1491.5665,20497.018,13812.55,XGBoost,provided_plus_rdkit_descriptors,8,4
rdkit_FpDensityMorgan3,-4748.6216,33199.7,33529.4,XGBoost,provided_plus_rdkit_descriptors,8,4
rdkit_BCUT2D_MWHI,-1259.9642,16869.404,11366.108,XGBoost,provided_plus_rdkit_descriptors,8,4
rdkit_BCUT2D_MWLOW,-734.8244,16083.269,14223.451,XGBoost,provided_plus_rdkit_descriptors,8,4
rdkit_BCUT2D_CHGHI,29365.973,48769.234,60838.1,XGBoost,provided_plus_rdkit_descriptors,8,4
rdkit_BCUT2D_CHGLO,5137.3184,32589.629,20646.07,XGBoost,provided_plus_rdkit_descriptors,8,4
rdkit_BCUT2D_LOGPHI,13998.252,31444.416,37242.215,XGBoost,provided_plus_rdkit_descriptors,8,4
rdkit_BCUT2D_LOGPLOW,2161.7961,5047.9634,4527.775,XGBoost,provided_plus_rdkit_descriptors,8,4
rdkit_BCUT2D_MRHI,7798.8364,58970.668,53582.176,XGBoost,provided_plus_rdkit_descriptors,8,4
rdkit_BCUT2D_MRLOW,-5189.1343,26615.781,30490.863,XGBoost,provided_plus_rdkit_descriptors,8,4
rdkit_AvgIpc,-57780.19,93183.766,60849.0,XGBoost,provided_plus_rdkit_descriptors,8,4
rdkit_BalabanJ,12504.985,62360.6,37210.066,XGBoost,provided_plus_rdkit_descriptors,8,4
rdkit_BertzCT,33075.65,93482.82,33303.49,XGBoost,provided_plus_rdkit_descriptors,8,4
rdkit_Chi0,801.2662,1341.0134,1913.4113,XGBoost,provided_plus_rdkit_descriptors,8,4
rdkit_Chi0n,-1924.4016,13913.768,9420.154,XGBoost,provided_plus_rdkit_descriptors,8,4
rdkit_Chi0v,8909.3955,93184.96,94885.46,XGBoost,provided_plus_rdkit_descriptors,8,4
rdkit_Chi1,3828.2195,10307.737,8358.92,XGBoost,provided_plus_rdkit_descriptors,8,4
rdkit_Chi1n,-1049.5924,4729.0366,3956.59,XGBoost,provided_plus_rdkit_descriptors,8,4
rdkit_Chi1v,-324.66443,717.65454,617.9038,XGBoost,provided_plus_rdkit_descriptors,8,4
rdkit_Chi2n,13675.853,22298.285,11391.843,XGBoost,provided_plus_rdkit_descriptors,8,4
rdkit_Chi2v,124.179985,451.7774,510.0982,XGBoost,provided_plus_rdkit_descriptors,8,4
rdkit_Chi3n,0.0,0.0,0.0,XGBoost,provided_plus_rdkit_descriptors,8,4
rdkit_Chi3v,0.0,0.0,0.0,XGBoost,provided_plus_rdkit_descriptors,8,4
rdkit_Chi4n,0.0,0.0,0.0,XGBoost,provided_plus_rdkit_descriptors,8,4
rdkit_Chi4v,0.0,0.0,0.0,XGBoost,provided_plus_rdkit_descriptors,8,4
rdkit_HallKierAlpha,-7725.7427,233482.9,152467.83,XGBoost,provided_plus_rdkit_descriptors,8,4
rdkit_Ipc,-14239.78,25803.393,19810.318,XGBoost,provided_plus_rdkit_descriptors,8,4
rdkit_Kappa1,-1147.8947,16694.895,23615.457,XGBoost,provided_plus_rdkit_descriptors,8,4
rdkit_Kappa2,2091.4358,8206.684,18934.58,XGBoost,provided_plus_rdkit_descriptors,8,4
rdkit_Kappa3,-5254.562,14908.925,13570.974,XGBoost,provided_plus_rdkit_descriptors,8,4
rdkit_LabuteASA,0.0,0.0,0.0,XGBoost,provided_plus_rdkit_descriptors,8,4
rdkit_PEOE_VSA1,1414.7074,66823.87,58718.715,XGBoost,provided_plus_rdkit_descriptors,8,4
rdkit_PEOE_VSA10,116.762245,3938.0178,6805.6836,XGBoost,provided_plus_rdkit_descriptors,8,4
rdkit_PEOE_VSA11,25502.025,109462.375,48251.902,XGBoost,provided_plus_rdkit_descriptors,8,4
rdkit_PEOE_VSA12,-119.57004,317.04892,403.0658,XGBoost,provided_plus_rdkit_descriptors,8,4
rdkit_PEOE_VSA14,0.0,0.0,0.0,XGBoost,provided_plus_rdkit_descriptors,8,4
rdkit_PEOE_VSA2,0.0,0.0,0.0,XGBoost,provided_plus_rdkit_descriptors,8,4
rdkit_PEOE_VSA3,0.0,0.0,0.0,XGBoost,provided_plus_rdkit_descriptors,8,4
rdkit_PEOE_VSA5,0.0,0.0,0.0,XGBoost,provided_plus_rdkit_descriptors,8,4
rdkit_PEOE_VSA6,0.0,0.0,0.0,XGBoost,provided_plus_rdkit_descriptors,8,4
rdkit_PEOE_VSA7,352.3661,1092.0255,2944.4934,XGBoost,provided_plus_rdkit_descriptors,8,4
rdkit_PEOE_VSA8,-105.589455,935.3571,2453.8628,XGBoost,provided_plus_rdkit_descriptors,8,4
rdkit_PEOE_VSA9,-4.27475,728.7227,933.4074,XGBoost,provided_plus_rdkit_descriptors,8,4
rdkit_SMR_VSA1,2335.605,7074.1646,8590.015,XGBoost,provided_plus_rdkit_descriptors,8,4
rdkit_SMR_VSA10,1631.8977,3344.579,5413.093,XGBoost,provided_plus_rdkit_descriptors,8,4
rdkit_SMR_VSA3,0.0,0.0,0.0,XGBoost,provided_plus_rdkit_descriptors,8,4
rdkit_SMR_VSA4,322.38596,322.38596,112.311104,XGBoost,provided_plus_rdkit_descriptors,8,4
rdkit_SMR_VSA5,11300.705,26702.48,20748.902,XGBoost,provided_plus_rdkit_descriptors,8,4
rdkit_SMR_VSA6,499.78992,4285.0396,2735.794,XGBoost,provided_plus_rdkit_descriptors,8,4
rdkit_SMR_VSA7,0.0,0.0,0.0,XGBoost,provided_plus_rdkit_descriptors,8,4
rdkit_SlogP_VSA1,-250.31683,1673.1354,3135.4429,XGBoost,provided_plus_rdkit_descriptors,8,4
rdkit_SlogP_VSA12,0.0,0.0,0.0,XGBoost,provided_plus_rdkit_descriptors,8,4
rdkit_SlogP_VSA2,-1968.0499,71121.16,33920.17,XGBoost,provided_plus_rdkit_descriptors,8,4
rdkit_SlogP_VSA3,-777.4176,90815.79,57706.344,XGBoost,provided_plus_rdkit_descriptors,8,4
rdkit_SlogP_VSA4,0.0,0.0,0.0,XGBoost,provided_plus_rdkit_descriptors,8,4
rdkit_SlogP_VSA5,-947.6703,3089.1763,3550.6438,XGBoost,provided_plus_rdkit_descriptors,8,4
rdkit_SlogP_VSA6,0.0,0.0,0.0,XGBoost,provided_plus_rdkit_descriptors,8,4
rdkit_TPSA,-212.4034,2099.5144,2273.9497,XGBoost,provided_plus_rdkit_descriptors,8,4
rdkit_EState_VSA1,308.39017,8873.546,11782.994,XGBoost,provided_plus_rdkit_descriptors,8,4
rdkit_EState_VSA10,48483.91,364633.2,144484.17,XGBoost,provided_plus_rdkit_descriptors,8,4
rdkit_EState_VSA2,-10364.244,32646.186,83565.24,XGBoost,provided_plus_rdkit_descriptors,8,4
rdkit_EState_VSA3,413.62936,793.9395,2613.4849,XGBoost,provided_plus_rdkit_descriptors,8,4
rdkit_EState_VSA4,-548.9219,1391.0201,3410.0764,XGBoost,provided_plus_rdkit_descriptors,8,4
rdkit_EState_VSA5,-254.53456,922.2136,1802.344,XGBoost,provided_plus_rdkit_descriptors,8,4
rdkit_EState_VSA6,0.0,0.0,0.0,XGBoost,provided_plus_rdkit_descriptors,8,4
rdkit_EState_VSA7,0.0,0.0,0.0,XGBoost,provided_plus_rdkit_descriptors,8,4
rdkit_EState_VSA8,-821.4379,8158.929,12763.775,XGBoost,provided_plus_rdkit_descriptors,8,4
rdkit_EState_VSA9,-15213.971,87465.04,63547.76,XGBoost,provided_plus_rdkit_descriptors,8,4
rdkit_VSA_EState1,37.45237,3415.357,2768.2957,XGBoost,provided_plus_rdkit_descriptors,8,4
rdkit_VSA_EState10,0.0,0.0,0.0,XGBoost,provided_plus_rdkit_descriptors,8,4
rdkit_VSA_EState2,-2524.573,19006.035,14207.568,XGBoost,provided_plus_rdkit_descriptors,8,4
rdkit_VSA_EState3,3783.0088,15877.525,10917.013,XGBoost,provided_plus_rdkit_descriptors,8,4
rdkit_VSA_EState4,0.0,0.0,0.0,XGBoost,provided_plus_rdkit_descriptors,8,4
rdkit_VSA_EState5,-140.80528,2098.0896,3846.8667,XGBoost,provided_plus_rdkit_descriptors,8,4
rdkit_VSA_EState6,0.0,0.0,0.0,XGBoost,provided_plus_rdkit_descriptors,8,4
rdkit_VSA_EState7,14581.966,23490.344,13807.763,XGBoost,provided_plus_rdkit_descriptors,8,4
rdkit_VSA_EState8,25978.113,164317.86,118899.35,XGBoost,provided_plus_rdkit_descriptors,8,4
rdkit_VSA_EState9,0.0,0.0,0.0,XGBoost,provided_plus_rdkit_descriptors,8,4
rdkit_FractionCSP3,791.2372,2339.1982,1759.4747,XGBoost,provided_plus_rdkit_descriptors,8,4
rdkit_HeavyAtomCount,0.0,0.0,0.0,XGBoost,provided_plus_rdkit_descriptors,8,4
rdkit_NHOHCount,0.0,0.0,0.0,XGBoost,provided_plus_rdkit_descriptors,8,4
rdkit_NOCount,0.0,0.0,0.0,XGBoost,provided_plus_rdkit_descriptors,8,4
rdkit_NumAliphaticCarbocycles,0.0,0.0,0.0,XGBoost,provided_plus_rdkit_descriptors,8,4
rdkit_NumAliphaticHeterocycles,0.0,0.0,0.0,XGBoost,provided_plus_rdkit_descriptors,8,4
rdkit_NumAliphaticRings,0.0,0.0,0.0,XGBoost,provided_plus_rdkit_descriptors,8,4
rdkit_NumAmideBonds,0.0,0.0,0.0,XGBoost,provided_plus_rdkit_descriptors,8,4
rdkit_NumAtomStereoCenters,10329.058,17684.885,16959.225,XGBoost,provided_plus_rdkit_descriptors,8,4
rdkit_NumBridgeheadAtoms,0.0,0.0,0.0,XGBoost,provided_plus_rdkit_descriptors,8,4
rdkit_NumHAcceptors,0.0,0.0,0.0,XGBoost,provided_plus_rdkit_descriptors,8,4
rdkit_NumHDonors,0.0,0.0,0.0,XGBoost,provided_plus_rdkit_descriptors,8,4
rdkit_NumHeteroatoms,0.0,0.0,0.0,XGBoost,provided_plus_rdkit_descriptors,8,4
rdkit_NumHeterocycles,0.0,0.0,0.0,XGBoost,provided_plus_rdkit_descriptors,8,4
rdkit_NumRotatableBonds,232.0588,2600.364,2955.1653,XGBoost,provided_plus_rdkit_descriptors,8,4
rdkit_NumSaturatedCarbocycles,0.0,0.0,0.0,XGBoost,provided_plus_rdkit_descriptors,8,4
rdkit_NumSaturatedHeterocycles,0.0,0.0,0.0,XGBoost,provided_plus_rdkit_descriptors,8,4
rdkit_NumSaturatedRings,0.0,0.0,0.0,XGBoost,provided_plus_rdkit_descriptors,8,4
rdkit_NumUnspecifiedAtomStereoCenters,3269.5532,9278.268,15633.997,XGBoost,provided_plus_rdkit_descriptors,8,4
rdkit_Phi,115.35851,6194.275,8709.105,XGBoost,provided_plus_rdkit_descriptors,8,4
rdkit_RingCount,0.0,0.0,0.0,XGBoost,provided_plus_rdkit_descriptors,8,4
rdkit_MolLogP,33935.85,135484.23,66054.336,XGBoost,provided_plus_rdkit_descriptors,8,4
rdkit_MolMR,2823.7634,5632.223,8163.35,XGBoost,provided_plus_rdkit_descriptors,8,4
rdkit_fr_Al_COO,0.0,0.0,0.0,XGBoost,provided_plus_rdkit_descriptors,8,4
rdkit_fr_Al_OH,-1374.9352,2539.043,2907.2751,XGBoost,provided_plus_rdkit_descriptors,8,4
rdkit_fr_Al_OH_noTert,0.0,0.0,0.0,XGBoost,provided_plus_rdkit_descriptors,8,4
rdkit_fr_COO,0.0,0.0,0.0,XGBoost,provided_plus_rdkit_descriptors,8,4
rdkit_fr_COO2,0.0,0.0,0.0,XGBoost,provided_plus_rdkit_descriptors,8,4
rdkit_fr_C_O,0.0,0.0,0.0,XGBoost,provided_plus_rdkit_descriptors,8,4
rdkit_fr_C_O_noCOO,134.69101,291.9594,283.2789,XGBoost,provided_plus_rdkit_descriptors,8,4
rdkit_fr_NH1,0.0,0.0,0.0,XGBoost,provided_plus_rdkit_descriptors,8,4
rdkit_fr_NH2,0.0,0.0,0.0,XGBoost,provided_plus_rdkit_descriptors,8,4
rdkit_fr_aldehyde,899.10034,5784.1206,5920.5903,XGBoost,provided_plus_rdkit_descriptors,8,4
rdkit_fr_alkyl_halide,0.0,0.0,0.0,XGBoost,provided_plus_rdkit_descriptors,8,4
rdkit_fr_allylic_oxid,0.0,0.0,0.0,XGBoost,provided_plus_rdkit_descriptors,8,4
rdkit_fr_amide,0.0,0.0,0.0,XGBoost,provided_plus_rdkit_descriptors,8,4
rdkit_fr_bicyclic,0.0,0.0,0.0,XGBoost,provided_plus_rdkit_descriptors,8,4
rdkit_fr_ether,0.0,0.0,0.0,XGBoost,provided_plus_rdkit_descriptors,8,4
rdkit_fr_halogen,0.0,0.0,0.0,XGBoost,provided_plus_rdkit_descriptors,8,4
rdkit_fr_ketone,0.0,0.0,0.0,XGBoost,provided_plus_rdkit_descriptors,8,4
rdkit_fr_ketone_Topliss,0.0,0.0,0.0,XGBoost,provided_plus_rdkit_descriptors,8,4
rdkit_fr_methoxy,0.0,0.0,0.0,XGBoost,provided_plus_rdkit_descriptors,8,4
rdkit_fr_phos_acid,0.0,0.0,0.0,XGBoost,provided_plus_rdkit_descriptors,8,4
rdkit_fr_phos_ester,0.0,0.0,0.0,XGBoost,provided_plus_rdkit_descriptors,8,4
Molecular weight (Da),-8213.265,19993.875,24362.191,XGBoost,provided_plus_rdkit_descriptors,8,5
Solubility (mg/mL),-182766.16,494911.8,456487.25,XGBoost,provided_plus_rdkit_descriptors,8,5
"Glass transition temperature (Tg, degC)",-34747.406,197997.28,176429.12,XGBoost,provided_plus_rdkit_descriptors,8,5
Viscosity (mPa.s),106976.836,265275.03,231644.03,XGBoost,provided_plus_rdkit_descriptors,8,5
Concentration (% w/v),35977.54,236861.75,96963.33,XGBoost,provided_plus_rdkit_descriptors,8,5
rdkit_MaxAbsEStateIndex,-10228.39,57056.09,60039.242,XGBoost,provided_plus_rdkit_descriptors,8,5
rdkit_MaxEStateIndex,0.0,0.0,0.0,XGBoost,provided_plus_rdkit_descriptors,8,5
rdkit_MinAbsEStateIndex,-1621.7994,67042.1,102802.164,XGBoost,provided_plus_rdkit_descriptors,8,5
rdkit_MinEStateIndex,37620.734,74268.32,80568.94,XGBoost,provided_plus_rdkit_descriptors,8,5
rdkit_qed,-9337.831,30311.066,36455.438,XGBoost,provided_plus_rdkit_descriptors,8,5
rdkit_SPS,-2503.6372,37893.33,27563.191,XGBoost,provided_plus_rdkit_descriptors,8,5
rdkit_MolWt,0.0,0.0,0.0,XGBoost,provided_plus_rdkit_descriptors,8,5
rdkit_HeavyAtomMolWt,0.0,0.0,0.0,XGBoost,provided_plus_rdkit_descriptors,8,5
rdkit_ExactMolWt,0.0,0.0,0.0,XGBoost,provided_plus_rdkit_descriptors,8,5
rdkit_NumValenceElectrons,-1139.5374,2799.3748,2496.8728,XGBoost,provided_plus_rdkit_descriptors,8,5
rdkit_MaxPartialCharge,-38703.957,160912.47,121723.5,XGBoost,provided_plus_rdkit_descriptors,8,5
rdkit_MinPartialCharge,-4680.71,55553.227,30023.91,XGBoost,provided_plus_rdkit_descriptors,8,5
rdkit_MaxAbsPartialCharge,-2201.4163,4841.2207,6351.046,XGBoost,provided_plus_rdkit_descriptors,8,5
rdkit_MinAbsPartialCharge,0.0,0.0,0.0,XGBoost,provided_plus_rdkit_descriptors,8,5
rdkit_FpDensityMorgan1,5004.9956,28934.51,20147.889,XGBoost,provided_plus_rdkit_descriptors,8,5
rdkit_FpDensityMorgan2,13295.011,63874.855,40647.715,XGBoost,provided_plus_rdkit_descriptors,8,5
rdkit_FpDensityMorgan3,-24328.986,72601.33,37441.06,XGBoost,provided_plus_rdkit_descriptors,8,5
rdkit_BCUT2D_MWHI,-3111.0051,13394.09,8245.982,XGBoost,provided_plus_rdkit_descriptors,8,5
rdkit_BCUT2D_MWLOW,-34313.445,117968.375,61602.133,XGBoost,provided_plus_rdkit_descriptors,8,5
rdkit_BCUT2D_CHGHI,762.93933,29348.117,30135.07,XGBoost,provided_plus_rdkit_descriptors,8,5
rdkit_BCUT2D_CHGLO,35385.043,66851.14,77153.39,XGBoost,provided_plus_rdkit_descriptors,8,5
rdkit_BCUT2D_LOGPHI,-2599.1396,8048.1284,7384.62,XGBoost,provided_plus_rdkit_descriptors,8,5
rdkit_BCUT2D_LOGPLOW,-328.07092,2888.4412,2463.0847,XGBoost,provided_plus_rdkit_descriptors,8,5
rdkit_BCUT2D_MRHI,8932.136,84954.05,73730.62,XGBoost,provided_plus_rdkit_descriptors,8,5
rdkit_BCUT2D_MRLOW,6748.2637,39968.895,26075.814,XGBoost,provided_plus_rdkit_descriptors,8,5
rdkit_AvgIpc,-41362.965,147018.7,189084.92,XGBoost,provided_plus_rdkit_descriptors,8,5
rdkit_BalabanJ,-24619.365,35413.46,38740.32,XGBoost,provided_plus_rdkit_descriptors,8,5
rdkit_BertzCT,718.25665,5942.544,5546.987,XGBoost,provided_plus_rdkit_descriptors,8,5
rdkit_Chi0,-335.97495,5296.8794,6930.6514,XGBoost,provided_plus_rdkit_descriptors,8,5
rdkit_Chi0n,435.19098,2478.1902,5021.3936,XGBoost,provided_plus_rdkit_descriptors,8,5
rdkit_Chi0v,1762.307,21965.082,13741.061,XGBoost,provided_plus_rdkit_descriptors,8,5
rdkit_Chi1,0.0,0.0,0.0,XGBoost,provided_plus_rdkit_descriptors,8,5
rdkit_Chi1n,493.90762,945.3571,1421.6594,XGBoost,provided_plus_rdkit_descriptors,8,5
rdkit_Chi1v,136.03535,1043.1293,1244.0138,XGBoost,provided_plus_rdkit_descriptors,8,5
rdkit_Chi2n,381.34222,2657.6514,2440.2737,XGBoost,provided_plus_rdkit_descriptors,8,5
rdkit_Chi2v,1122.1138,7202.9604,8739.734,XGBoost,provided_plus_rdkit_descriptors,8,5
rdkit_Chi3n,342.16925,1470.7272,2341.6,XGBoost,provided_plus_rdkit_descriptors,8,5
rdkit_Chi3v,-809.79236,4596.1475,3514.0862,XGBoost,provided_plus_rdkit_descriptors,8,5
rdkit_Chi4n,1075.0409,4624.614,5289.727,XGBoost,provided_plus_rdkit_descriptors,8,5
rdkit_Chi4v,4274.438,11902.6045,11705.753,XGBoost,provided_plus_rdkit_descriptors,8,5
rdkit_HallKierAlpha,-79610.05,146392.9,113751.31,XGBoost,provided_plus_rdkit_descriptors,8,5
rdkit_Ipc,2736.8718,13066.51,12527.785,XGBoost,provided_plus_rdkit_descriptors,8,5
rdkit_Kappa1,2907.5984,14947.91,15368.735,XGBoost,provided_plus_rdkit_descriptors,8,5
rdkit_Kappa2,-274.22305,2744.5671,3301.0835,XGBoost,provided_plus_rdkit_descriptors,8,5
rdkit_Kappa3,-334.6327,11807.03,9882.183,XGBoost,provided_plus_rdkit_descriptors,8,5
rdkit_LabuteASA,0.0,0.0,0.0,XGBoost,provided_plus_rdkit_descriptors,8,5
rdkit_PEOE_VSA1,-14801.95,55934.164,73766.41,XGBoost,provided_plus_rdkit_descriptors,8,5
rdkit_PEOE_VSA10,-386.8447,1737.3639,1739.5183,XGBoost,provided_plus_rdkit_descriptors,8,5
rdkit_PEOE_VSA11,-7428.4775,65800.38,71781.88,XGBoost,provided_plus_rdkit_descriptors,8,5
rdkit_PEOE_VSA12,0.0,0.0,0.0,XGBoost,provided_plus_rdkit_descriptors,8,5
rdkit_PEOE_VSA14,0.0,0.0,0.0,XGBoost,provided_plus_rdkit_descriptors,8,5
rdkit_PEOE_VSA2,274.12616,936.9608,918.3279,XGBoost,provided_plus_rdkit_descriptors,8,5
rdkit_PEOE_VSA3,0.0,0.0,0.0,XGBoost,provided_plus_rdkit_descriptors,8,5
rdkit_PEOE_VSA5,0.0,0.0,0.0,XGBoost,provided_plus_rdkit_descriptors,8,5
rdkit_PEOE_VSA6,0.0,0.0,0.0,XGBoost,provided_plus_rdkit_descriptors,8,5
rdkit_PEOE_VSA7,-1484.5337,6923.6006,7623.545,XGBoost,provided_plus_rdkit_descriptors,8,5
rdkit_PEOE_VSA8,0.0,0.0,0.0,XGBoost,provided_plus_rdkit_descriptors,8,5
rdkit_PEOE_VSA9,3768.5698,21153.086,24812.473,XGBoost,provided_plus_rdkit_descriptors,8,5
rdkit_SMR_VSA1,-73.756035,208.58781,349.522,XGBoost,provided_plus_rdkit_descriptors,8,5
rdkit_SMR_VSA10,-646.3846,1144.9829,1631.8302,XGBoost,provided_plus_rdkit_descriptors,8,5
rdkit_SMR_VSA3,0.0,0.0,0.0,XGBoost,provided_plus_rdkit_descriptors,8,5
rdkit_SMR_VSA4,0.0,0.0,0.0,XGBoost,provided_plus_rdkit_descriptors,8,5
rdkit_SMR_VSA5,-383.1908,2875.6067,4006.5508,XGBoost,provided_plus_rdkit_descriptors,8,5
rdkit_SMR_VSA6,-1059.0596,4385.0547,2876.4746,XGBoost,provided_plus_rdkit_descriptors,8,5
rdkit_SMR_VSA7,0.0,0.0,0.0,XGBoost,provided_plus_rdkit_descriptors,8,5
rdkit_SlogP_VSA1,0.0,0.0,0.0,XGBoost,provided_plus_rdkit_descriptors,8,5
rdkit_SlogP_VSA12,0.0,0.0,0.0,XGBoost,provided_plus_rdkit_descriptors,8,5
rdkit_SlogP_VSA2,-2909.388,15011.754,12090.967,XGBoost,provided_plus_rdkit_descriptors,8,5
rdkit_SlogP_VSA3,-10804.967,31355.928,19887.633,XGBoost,provided_plus_rdkit_descriptors,8,5
rdkit_SlogP_VSA4,0.0,0.0,0.0,XGBoost,provided_plus_rdkit_descriptors,8,5
rdkit_SlogP_VSA5,134.76395,313.6336,539.7168,XGBoost,provided_plus_rdkit_descriptors,8,5
rdkit_SlogP_VSA6,0.0,0.0,0.0,XGBoost,provided_plus_rdkit_descriptors,8,5
rdkit_TPSA,623.80945,3506.8235,4014.227,XGBoost,provided_plus_rdkit_descriptors,8,5
rdkit_EState_VSA1,-66.67306,1722.9868,2863.2283,XGBoost,provided_plus_rdkit_descriptors,8,5
rdkit_EState_VSA10,-87149.22,789513.56,346192.03,XGBoost,provided_plus_rdkit_descriptors,8,5
rdkit_EState_VSA2,2515.8943,14818.334,29065.658,XGBoost,provided_plus_rdkit_descriptors,8,5
rdkit_EState_VSA3,2468.0115,9149.253,24909.139,XGBoost,provided_plus_rdkit_descriptors,8,5
rdkit_EState_VSA4,0.0,0.0,0.0,XGBoost,provided_plus_rdkit_descriptors,8,5
rdkit_EState_VSA5,-34.779842,541.1354,795.45605,XGBoost,provided_plus_rdkit_descriptors,8,5
rdkit_EState_VSA6,0.0,0.0,0.0,XGBoost,provided_plus_rdkit_descriptors,8,5
rdkit_EState_VSA7,0.0,0.0,0.0,XGBoost,provided_plus_rdkit_descriptors,8,5
rdkit_EState_VSA8,3855.8608,12806.319,18682.787,XGBoost,provided_plus_rdkit_descriptors,8,5
rdkit_EState_VSA9,9346.046,85257.64,46762.734,XGBoost,provided_plus_rdkit_descriptors,8,5
rdkit_VSA_EState1,-2271.524,8769.881,6081.0996,XGBoost,provided_plus_rdkit_descriptors,8,5
rdkit_VSA_EState10,0.0,0.0,0.0,XGBoost,provided_plus_rdkit_descriptors,8,5
rdkit_VSA_EState2,2984.9868,20755.076,33132.11,XGBoost,provided_plus_rdkit_descriptors,8,5
rdkit_VSA_EState3,12651.361,36466.08,23011.803,XGBoost,provided_plus_rdkit_descriptors,8,5
rdkit_VSA_EState4,0.0,0.0,0.0,XGBoost,provided_plus_rdkit_descriptors,8,5
rdkit_VSA_EState5,875.3107,4732.267,5194.291,XGBoost,provided_plus_rdkit_descriptors,8,5
rdkit_VSA_EState6,0.0,0.0,0.0,XGBoost,provided_plus_rdkit_descriptors,8,5
rdkit_VSA_EState7,-2007.5566,9379.625,9360.51,XGBoost,provided_plus_rdkit_descriptors,8,5
rdkit_VSA_EState8,-8444.518,166794.94,177353.72,XGBoost,provided_plus_rdkit_descriptors,8,5
rdkit_VSA_EState9,24.82453,182.63121,445.7035,XGBoost,provided_plus_rdkit_descriptors,8,5
rdkit_FractionCSP3,-590.8409,1506.1782,2019.6912,XGBoost,provided_plus_rdkit_descriptors,8,5
rdkit_HeavyAtomCount,0.0,0.0,0.0,XGBoost,provided_plus_rdkit_descriptors,8,5
rdkit_NHOHCount,678.91754,2051.0876,2397.2266,XGBoost,provided_plus_rdkit_descriptors,8,5
rdkit_NOCount,0.0,0.0,0.0,XGBoost,provided_plus_rdkit_descriptors,8,5
rdkit_NumAliphaticCarbocycles,0.0,0.0,0.0,XGBoost,provided_plus_rdkit_descriptors,8,5
rdkit_NumAliphaticHeterocycles,0.0,0.0,0.0,XGBoost,provided_plus_rdkit_descriptors,8,5
rdkit_NumAliphaticRings,0.0,0.0,0.0,XGBoost,provided_plus_rdkit_descriptors,8,5
rdkit_NumAmideBonds,0.0,0.0,0.0,XGBoost,provided_plus_rdkit_descriptors,8,5
rdkit_NumAtomStereoCenters,7758.2744,14833.8,16316.218,XGBoost,provided_plus_rdkit_descriptors,8,5
rdkit_NumBridgeheadAtoms,0.0,0.0,0.0,XGBoost,provided_plus_rdkit_descriptors,8,5
rdkit_NumHAcceptors,0.0,0.0,0.0,XGBoost,provided_plus_rdkit_descriptors,8,5
rdkit_NumHDonors,0.0,0.0,0.0,XGBoost,provided_plus_rdkit_descriptors,8,5
rdkit_NumHeteroatoms,0.0,0.0,0.0,XGBoost,provided_plus_rdkit_descriptors,8,5
rdkit_NumHeterocycles,0.0,0.0,0.0,XGBoost,provided_plus_rdkit_descriptors,8,5
rdkit_NumRotatableBonds,-736.4552,1238.8192,1122.9205,XGBoost,provided_plus_rdkit_descriptors,8,5
rdkit_NumSaturatedCarbocycles,0.0,0.0,0.0,XGBoost,provided_plus_rdkit_descriptors,8,5
rdkit_NumSaturatedHeterocycles,0.0,0.0,0.0,XGBoost,provided_plus_rdkit_descriptors,8,5
rdkit_NumSaturatedRings,0.0,0.0,0.0,XGBoost,provided_plus_rdkit_descriptors,8,5
rdkit_NumUnspecifiedAtomStereoCenters,8265.996,12601.717,12541.267,XGBoost,provided_plus_rdkit_descriptors,8,5
rdkit_Phi,498.8642,11323.155,10063.922,XGBoost,provided_plus_rdkit_descriptors,8,5
rdkit_RingCount,0.0,0.0,0.0,XGBoost,provided_plus_rdkit_descriptors,8,5
rdkit_MolLogP,-25994.264,156509.45,109462.38,XGBoost,provided_plus_rdkit_descriptors,8,5
rdkit_MolMR,-7541.147,10683.662,5760.906,XGBoost,provided_plus_rdkit_descriptors,8,5
rdkit_fr_Al_COO,0.0,0.0,0.0,XGBoost,provided_plus_rdkit_descriptors,8,5
rdkit_fr_Al_OH,7077.386,14526.061,11280.429,XGBoost,provided_plus_rdkit_descriptors,8,5
rdkit_fr_Al_OH_noTert,0.0,0.0,0.0,XGBoost,provided_plus_rdkit_descriptors,8,5
rdkit_fr_COO,0.0,0.0,0.0,XGBoost,provided_plus_rdkit_descriptors,8,5
rdkit_fr_COO2,0.0,0.0,0.0,XGBoost,provided_plus_rdkit_descriptors,8,5
rdkit_fr_C_O,0.0,0.0,0.0,XGBoost,provided_plus_rdkit_descriptors,8,5
rdkit_fr_C_O_noCOO,0.0,0.0,0.0,XGBoost,provided_plus_rdkit_descriptors,8,5
rdkit_fr_NH1,0.0,0.0,0.0,XGBoost,provided_plus_rdkit_descriptors,8,5
rdkit_fr_NH2,0.0,0.0,0.0,XGBoost,provided_plus_rdkit_descriptors,8,5
rdkit_fr_aldehyde,736.2091,35346.426,24178.719,XGBoost,provided_plus_rdkit_descriptors,8,5
rdkit_fr_alkyl_halide,0.0,0.0,0.0,XGBoost,provided_plus_rdkit_descriptors,8,5
rdkit_fr_allylic_oxid,0.0,0.0,0.0,XGBoost,provided_plus_rdkit_descriptors,8,5
rdkit_fr_amide,0.0,0.0,0.0,XGBoost,provided_plus_rdkit_descriptors,8,5
rdkit_fr_bicyclic,0.0,0.0,0.0,XGBoost,provided_plus_rdkit_descriptors,8,5
rdkit_fr_ether,0.0,0.0,0.0,XGBoost,provided_plus_rdkit_descriptors,8,5
rdkit_fr_halogen,0.0,0.0,0.0,XGBoost,provided_plus_rdkit_descriptors,8,5
rdkit_fr_ketone,1229.9662,2912.1262,3364.4854,XGBoost,provided_plus_rdkit_descriptors,8,5
rdkit_fr_ketone_Topliss,0.0,0.0,0.0,XGBoost,provided_plus_rdkit_descriptors,8,5
rdkit_fr_methoxy,0.0,0.0,0.0,XGBoost,provided_plus_rdkit_descriptors,8,5
rdkit_fr_phos_acid,0.0,0.0,0.0,XGBoost,provided_plus_rdkit_descriptors,8,5
rdkit_fr_phos_ester,0.0,0.0,0.0,XGBoost,provided_plus_rdkit_descriptors,8,5
Molecular weight (Da),-18544.973,39962.754,30998.166,XGBoost,provided_plus_rdkit_descriptors,9,1
Solubility (mg/mL),-45880.73,530529.8,567966.9,XGBoost,provided_plus_rdkit_descriptors,9,1
"Glass transition temperature (Tg, degC)",27965.145,175938.44,120474.95,XGBoost,provided_plus_rdkit_descriptors,9,1
Viscosity (mPa.s),49753.883,182350.67,205286.06,XGBoost,provided_plus_rdkit_descriptors,9,1
Concentration (% w/v),-2291.8276,271346.6,108947.14,XGBoost,provided_plus_rdkit_descriptors,9,1
rdkit_MaxAbsEStateIndex,-10281.094,67130.53,77188.695,XGBoost,provided_plus_rdkit_descriptors,9,1
rdkit_MaxEStateIndex,0.0,0.0,0.0,XGBoost,provided_plus_rdkit_descriptors,9,1
rdkit_MinAbsEStateIndex,-9648.858,78172.17,136486.72,XGBoost,provided_plus_rdkit_descriptors,9,1
rdkit_MinEStateIndex,-8254.8545,28292.994,18710.412,XGBoost,provided_plus_rdkit_descriptors,9,1
rdkit_qed,-7392.385,26407.123,26420.832,XGBoost,provided_plus_rdkit_descriptors,9,1
rdkit_SPS,30692.406,47279.035,53653.062,XGBoost,provided_plus_rdkit_descriptors,9,1
rdkit_MolWt,0.0,0.0,0.0,XGBoost,provided_plus_rdkit_descriptors,9,1
rdkit_HeavyAtomMolWt,0.0,0.0,0.0,XGBoost,provided_plus_rdkit_descriptors,9,1
rdkit_ExactMolWt,0.0,0.0,0.0,XGBoost,provided_plus_rdkit_descriptors,9,1
rdkit_NumValenceElectrons,0.0,0.0,0.0,XGBoost,provided_plus_rdkit_descriptors,9,1
rdkit_MaxPartialCharge,-19701.705,202633.86,161467.23,XGBoost,provided_plus_rdkit_descriptors,9,1
rdkit_MinPartialCharge,-4320.8774,52988.37,28351.357,XGBoost,provided_plus_rdkit_descriptors,9,1
rdkit_MaxAbsPartialCharge,1690.8717,10218.37,9310.636,XGBoost,provided_plus_rdkit_descriptors,9,1
rdkit_MinAbsPartialCharge,0.0,0.0,0.0,XGBoost,provided_plus_rdkit_descriptors,9,1
rdkit_FpDensityMorgan1,11329.004,26392.975,26303.05,XGBoost,provided_plus_rdkit_descriptors,9,1
rdkit_FpDensityMorgan2,-7979.8047,53729.74,37479.273,XGBoost,provided_plus_rdkit_descriptors,9,1
rdkit_FpDensityMorgan3,-5844.0845,37729.785,22800.271,XGBoost,provided_plus_rdkit_descriptors,9,1
rdkit_BCUT2D_MWHI,-7950.3535,19823.883,19139.775,XGBoost,provided_plus_rdkit_descriptors,9,1
rdkit_BCUT2D_MWLOW,-6132.5645,49021.258,40401.188,XGBoost,provided_plus_rdkit_descriptors,9,1
rdkit_BCUT2D_CHGHI,-5628.446,54312.42,34226.836,XGBoost,provided_plus_rdkit_descriptors,9,1
rdkit_BCUT2D_CHGLO,-3821.3093,36613.457,19413.215,XGBoost,provided_plus_rdkit_descriptors,9,1
rdkit_BCUT2D_LOGPHI,-10445.143,24513.518,18766.805,XGBoost,provided_plus_rdkit_descriptors,9,1
rdkit_BCUT2D_LOGPLOW,-700.75305,5783.075,4415.2646,XGBoost,provided_plus_rdkit_descriptors,9,1
rdkit_BCUT2D_MRHI,-9248.863,57076.766,62689.656,XGBoost,provided_plus_rdkit_descriptors,9,1
rdkit_BCUT2D_MRLOW,-7211.172,14200.5,10543.55,XGBoost,provided_plus_rdkit_descriptors,9,1
rdkit_AvgIpc,-58106.004,100885.15,100762.35,XGBoost,provided_plus_rdkit_descriptors,9,1
rdkit_BalabanJ,3262.746,32345.941,35675.53,XGBoost,provided_plus_rdkit_descriptors,9,1
rdkit_BertzCT,621.7755,2683.4036,2072.9275,XGBoost,provided_plus_rdkit_descriptors,9,1
rdkit_Chi0,0.0,0.0,0.0,XGBoost,provided_plus_rdkit_descriptors,9,1
rdkit_Chi0n,-2345.3367,12908.174,11533.602,XGBoost,provided_plus_rdkit_descriptors,9,1
rdkit_Chi0v,21817.7,49035.227,70465.48,XGBoost,provided_plus_rdkit_descriptors,9,1
rdkit_Chi1,1526.6079,1866.3741,1981.1685,XGBoost,provided_plus_rdkit_descriptors,9,1
rdkit_Chi1n,-1707.0636,5450.4365,3795.8271,XGBoost,provided_plus_rdkit_descriptors,9,1
rdkit_Chi1v,1417.2262,2023.9811,3333.7898,XGBoost,provided_plus_rdkit_descriptors,9,1
rdkit_Chi2n,-1811.7457,4169.275,3213.6616,XGBoost,provided_plus_rdkit_descriptors,9,1
rdkit_Chi2v,2.0109553,314.92053,363.42816,XGBoost,provided_plus_rdkit_descriptors,9,1
rdkit_Chi3n,0.0,0.0,0.0,XGBoost,provided_plus_rdkit_descriptors,9,1
rdkit_Chi3v,115.70584,280.87265,427.3563,XGBoost,provided_plus_rdkit_descriptors,9,1
rdkit_Chi4n,-1105.9005,2489.0388,2687.9727,XGBoost,provided_plus_rdkit_descriptors,9,1
rdkit_Chi4v,-1357.541,13190.184,7323.337,XGBoost,provided_plus_rdkit_descriptors,9,1
rdkit_HallKierAlpha,-43462.285,193811.69,119130.49,XGBoost,provided_plus_rdkit_descriptors,9,1
rdkit_Ipc,-7998.1816,13538.073,8601.45,XGBoost,provided_plus_rdkit_descriptors,9,1
rdkit_Kappa1,-3405.5552,7758.811,7004.1772,XGBoost,provided_plus_rdkit_descriptors,9,1
rdkit_Kappa2,-1167.5496,1526.3634,2343.6821,XGBoost,provided_plus_rdkit_descriptors,9,1
rdkit_Kappa3,6772.4463,14423.048,13081.646,XGBoost,provided_plus_rdkit_descriptors,9,1
rdkit_LabuteASA,1275.6316,2175.0442,3307.379,XGBoost,provided_plus_rdkit_descriptors,9,1
rdkit_PEOE_VSA1,-10418.691,41812.426,40415.766,XGBoost,provided_plus_rdkit_descriptors,9,1
rdkit_PEOE_VSA10,-326.7624,1525.0549,2225.7664,XGBoost,provided_plus_rdkit_descriptors,9,1
rdkit_PEOE_VSA11,-12362.41,45064.297,32851.49,XGBoost,provided_plus_rdkit_descriptors,9,1
rdkit_PEOE_VSA12,0.0,0.0,0.0,XGBoost,provided_plus_rdkit_descriptors,9,1
rdkit_PEOE_VSA14,0.0,0.0,0.0,XGBoost,provided_plus_rdkit_descriptors,9,1
rdkit_PEOE_VSA2,0.0,0.0,0.0,XGBoost,provided_plus_rdkit_descriptors,9,1
rdkit_PEOE_VSA3,0.0,0.0,0.0,XGBoost,provided_plus_rdkit_descriptors,9,1
rdkit_PEOE_VSA5,0.0,0.0,0.0,XGBoost,provided_plus_rdkit_descriptors,9,1
rdkit_PEOE_VSA6,93.54708,334.30484,904.8493,XGBoost,provided_plus_rdkit_descriptors,9,1
rdkit_PEOE_VSA7,0.0,0.0,0.0,XGBoost,provided_plus_rdkit_descriptors,9,1
rdkit_PEOE_VSA8,-1750.554,5919.516,9355.546,XGBoost,provided_plus_rdkit_descriptors,9,1
rdkit_PEOE_VSA9,-2669.4895,6618.186,9436.552,XGBoost,provided_plus_rdkit_descriptors,9,1
rdkit_SMR_VSA1,-1913.0786,2403.3948,2685.9563,XGBoost,provided_plus_rdkit_descriptors,9,1
rdkit_SMR_VSA10,-2079.5015,5996.326,6324.7144,XGBoost,provided_plus_rdkit_descriptors,9,1
rdkit_SMR_VSA3,0.0,0.0,0.0,XGBoost,provided_plus_rdkit_descriptors,9,1
rdkit_SMR_VSA4,269.1701,269.1701,98.36433,XGBoost,provided_plus_rdkit_descriptors,9,1
rdkit_SMR_VSA5,-754.03046,4062.6243,3816.82,XGBoost,provided_plus_rdkit_descriptors,9,1
rdkit_SMR_VSA6,-593.50586,796.3262,997.0913,XGBoost,provided_plus_rdkit_descriptors,9,1
rdkit_SMR_VSA7,0.0,0.0,0.0,XGBoost,provided_plus_rdkit_descriptors,9,1
rdkit_SlogP_VSA1,0.0,0.0,0.0,XGBoost,provided_plus_rdkit_descriptors,9,1
rdkit_SlogP_VSA12,0.0,0.0,0.0,XGBoost,provided_plus_rdkit_descriptors,9,1
rdkit_SlogP_VSA2,-6624.455,35565.11,17381.744,XGBoost,provided_plus_rdkit_descriptors,9,1
rdkit_SlogP_VSA3,-717.42267,20826.025,13659.276,XGBoost,provided_plus_rdkit_descriptors,9,1
rdkit_SlogP_VSA4,0.0,0.0,0.0,XGBoost,provided_plus_rdkit_descriptors,9,1
rdkit_SlogP_VSA5,146.25966,2194.9324,3326.138,XGBoost,provided_plus_rdkit_descriptors,9,1
rdkit_SlogP_VSA6,0.0,0.0,0.0,XGBoost,provided_plus_rdkit_descriptors,9,1
rdkit_TPSA,-7294.9194,9468.5205,11833.846,XGBoost,provided_plus_rdkit_descriptors,9,1
rdkit_EState_VSA1,455.832,2328.9463,2941.5159,XGBoost,provided_plus_rdkit_descriptors,9,1
rdkit_EState_VSA10,-133026.69,775072.1,394044.8,XGBoost,provided_plus_rdkit_descriptors,9,1
rdkit_EState_VSA2,5740.5728,36143.15,92311.3,XGBoost,provided_plus_rdkit_descriptors,9,1
rdkit_EState_VSA3,0.0,0.0,0.0,XGBoost,provided_plus_rdkit_descriptors,9,1
rdkit_EState_VSA4,192.35207,220.15994,214.85695,XGBoost,provided_plus_rdkit_descriptors,9,1
rdkit_EState_VSA5,0.0,0.0,0.0,XGBoost,provided_plus_rdkit_descriptors,9,1
rdkit_EState_VSA6,0.0,0.0,0.0,XGBoost,provided_plus_rdkit_descriptors,9,1
rdkit_EState_VSA7,0.0,0.0,0.0,XGBoost,provided_plus_rdkit_descriptors,9,1
rdkit_EState_VSA8,-1366.2278,2805.5667,2866.1987,XGBoost,provided_plus_rdkit_descriptors,9,1
rdkit_EState_VSA9,-12791.814,66110.49,46059.1,XGBoost,provided_plus_rdkit_descriptors,9,1
rdkit_VSA_EState1,-78.339485,3047.1182,2822.386,XGBoost,provided_plus_rdkit_descriptors,9,1
rdkit_VSA_EState10,0.0,0.0,0.0,XGBoost,provided_plus_rdkit_descriptors,9,1
rdkit_VSA_EState2,-28258.727,69311.21,61081.35,XGBoost,provided_plus_rdkit_descriptors,9,1
rdkit_VSA_EState3,12570.806,53605.258,42183.473,XGBoost,provided_plus_rdkit_descriptors,9,1
rdkit_VSA_EState4,0.0,0.0,0.0,XGBoost,provided_plus_rdkit_descriptors,9,1
rdkit_VSA_EState5,-3691.1787,7156.6797,6378.29,XGBoost,provided_plus_rdkit_descriptors,9,1
rdkit_VSA_EState6,0.0,0.0,0.0,XGBoost,provided_plus_rdkit_descriptors,9,1
rdkit_VSA_EState7,25388.627,36739.945,30003.066,XGBoost,provided_plus_rdkit_descriptors,9,1
rdkit_VSA_EState8,18715.512,201021.72,214933.97,XGBoost,provided_plus_rdkit_descriptors,9,1
rdkit_VSA_EState9,0.0,0.0,0.0,XGBoost,provided_plus_rdkit_descriptors,9,1
rdkit_FractionCSP3,416.20816,1011.0087,1566.1511,XGBoost,provided_plus_rdkit_descriptors,9,1
rdkit_HeavyAtomCount,0.0,0.0,0.0,XGBoost,provided_plus_rdkit_descriptors,9,1
rdkit_NHOHCount,0.0,0.0,0.0,XGBoost,provided_plus_rdkit_descriptors,9,1
rdkit_NOCount,0.0,0.0,0.0,XGBoost,provided_plus_rdkit_descriptors,9,1
rdkit_NumAliphaticCarbocycles,0.0,0.0,0.0,XGBoost,provided_plus_rdkit_descriptors,9,1
rdkit_NumAliphaticHeterocycles,0.0,0.0,0.0,XGBoost,provided_plus_rdkit_descriptors,9,1
rdkit_NumAliphaticRings,0.0,0.0,0.0,XGBoost,provided_plus_rdkit_descriptors,9,1
rdkit_NumAmideBonds,0.0,0.0,0.0,XGBoost,provided_plus_rdkit_descriptors,9,1
rdkit_NumAtomStereoCenters,2620.6665,7673.032,15056.41,XGBoost,provided_plus_rdkit_descriptors,9,1
rdkit_NumBridgeheadAtoms,0.0,0.0,0.0,XGBoost,provided_plus_rdkit_descriptors,9,1
rdkit_NumHAcceptors,0.0,0.0,0.0,XGBoost,provided_plus_rdkit_descriptors,9,1
rdkit_NumHDonors,0.0,0.0,0.0,XGBoost,provided_plus_rdkit_descriptors,9,1
rdkit_NumHeteroatoms,-476.642,3237.2185,2960.3381,XGBoost,provided_plus_rdkit_descriptors,9,1
rdkit_NumHeterocycles,0.0,0.0,0.0,XGBoost,provided_plus_rdkit_descriptors,9,1
rdkit_NumRotatableBonds,-1334.717,3443.768,3572.1821,XGBoost,provided_plus_rdkit_descriptors,9,1
rdkit_NumSaturatedCarbocycles,0.0,0.0,0.0,XGBoost,provided_plus_rdkit_descriptors,9,1
rdkit_NumSaturatedHeterocycles,0.0,0.0,0.0,XGBoost,provided_plus_rdkit_descriptors,9,1
rdkit_NumSaturatedRings,0.0,0.0,0.0,XGBoost,provided_plus_rdkit_descriptors,9,1
rdkit_NumUnspecifiedAtomStereoCenters,2782.4775,4276.6714,5867.0713,XGBoost,provided_plus_rdkit_descriptors,9,1
rdkit_Phi,1429.2444,8662.568,8149.4214,XGBoost,provided_plus_rdkit_descriptors,9,1
rdkit_RingCount,0.0,0.0,0.0,XGBoost,provided_plus_rdkit_descriptors,9,1
rdkit_MolLogP,-42198.574,136971.73,63557.293,XGBoost,provided_plus_rdkit_descriptors,9,1
rdkit_MolMR,-649.7652,3460.5906,3006.4673,XGBoost,provided_plus_rdkit_descriptors,9,1
rdkit_fr_Al_COO,0.0,0.0,0.0,XGBoost,provided_plus_rdkit_descriptors,9,1
rdkit_fr_Al_OH,12041.692,33630.273,24551.678,XGBoost,provided_plus_rdkit_descriptors,9,1
rdkit_fr_Al_OH_noTert,0.0,0.0,0.0,XGBoost,provided_plus_rdkit_descriptors,9,1
rdkit_fr_COO,0.0,0.0,0.0,XGBoost,provided_plus_rdkit_descriptors,9,1
rdkit_fr_COO2,0.0,0.0,0.0,XGBoost,provided_plus_rdkit_descriptors,9,1
rdkit_fr_C_O,0.0,0.0,0.0,XGBoost,provided_plus_rdkit_descriptors,9,1
rdkit_fr_C_O_noCOO,-599.1243,1073.2535,1175.8865,XGBoost,provided_plus_rdkit_descriptors,9,1
rdkit_fr_NH1,0.0,0.0,0.0,XGBoost,provided_plus_rdkit_descriptors,9,1
rdkit_fr_NH2,0.0,0.0,0.0,XGBoost,provided_plus_rdkit_descriptors,9,1
rdkit_fr_aldehyde,0.0,0.0,0.0,XGBoost,provided_plus_rdkit_descriptors,9,1
rdkit_fr_alkyl_halide,0.0,0.0,0.0,XGBoost,provided_plus_rdkit_descriptors,9,1
rdkit_fr_allylic_oxid,0.0,0.0,0.0,XGBoost,provided_plus_rdkit_descriptors,9,1
rdkit_fr_amide,0.0,0.0,0.0,XGBoost,provided_plus_rdkit_descriptors,9,1
rdkit_fr_bicyclic,0.0,0.0,0.0,XGBoost,provided_plus_rdkit_descriptors,9,1
rdkit_fr_ether,0.0,0.0,0.0,XGBoost,provided_plus_rdkit_descriptors,9,1
rdkit_fr_halogen,0.0,0.0,0.0,XGBoost,provided_plus_rdkit_descriptors,9,1
rdkit_fr_ketone,-122.47306,648.8085,1202.7014,XGBoost,provided_plus_rdkit_descriptors,9,1
rdkit_fr_ketone_Topliss,0.0,0.0,0.0,XGBoost,provided_plus_rdkit_descriptors,9,1
rdkit_fr_methoxy,0.0,0.0,0.0,XGBoost,provided_plus_rdkit_descriptors,9,1
rdkit_fr_phos_acid,0.0,0.0,0.0,XGBoost,provided_plus_rdkit_descriptors,9,1
rdkit_fr_phos_ester,0.0,0.0,0.0,XGBoost,provided_plus_rdkit_descriptors,9,1
Molecular weight (Da),1436.0535,54262.723,48720.133,XGBoost,provided_plus_rdkit_descriptors,9,2
Solubility (mg/mL),4793.122,593508.3,639594.2,XGBoost,provided_plus_rdkit_descriptors,9,2
"Glass transition temperature (Tg, degC)",9618.838,191348.5,159840.2,XGBoost,provided_plus_rdkit_descriptors,9,2
Viscosity (mPa.s),67212.23,198298.66,161184.55,XGBoost,provided_plus_rdkit_descriptors,9,2
Concentration (% w/v),17940.71,212725.53,112927.945,XGBoost,provided_plus_rdkit_descriptors,9,2
rdkit_MaxAbsEStateIndex,5868.8125,99622.055,126698.01,XGBoost,provided_plus_rdkit_descriptors,9,2
rdkit_MaxEStateIndex,0.0,0.0,0.0,XGBoost,provided_plus_rdkit_descriptors,9,2
rdkit_MinAbsEStateIndex,-44460.496,124722.22,233606.3,XGBoost,provided_plus_rdkit_descriptors,9,2
rdkit_MinEStateIndex,24526.824,66796.664,45129.746,XGBoost,provided_plus_rdkit_descriptors,9,2
rdkit_qed,-365.37448,13451.116,13191.473,XGBoost,provided_plus_rdkit_descriptors,9,2
rdkit_SPS,24391.209,33528.44,36631.066,XGBoost,provided_plus_rdkit_descriptors,9,2
rdkit_MolWt,0.0,0.0,0.0,XGBoost,provided_plus_rdkit_descriptors,9,2
rdkit_HeavyAtomMolWt,0.0,0.0,0.0,XGBoost,provided_plus_rdkit_descriptors,9,2
rdkit_ExactMolWt,0.0,0.0,0.0,XGBoost,provided_plus_rdkit_descriptors,9,2
rdkit_NumValenceElectrons,0.0,0.0,0.0,XGBoost,provided_plus_rdkit_descriptors,9,2
rdkit_MaxPartialCharge,-11313.202,69038.64,59655.336,XGBoost,provided_plus_rdkit_descriptors,9,2
rdkit_MinPartialCharge,-4881.4,81032.266,45862.395,XGBoost,provided_plus_rdkit_descriptors,9,2
rdkit_MaxAbsPartialCharge,-1283.2963,6690.42,6535.938,XGBoost,provided_plus_rdkit_descriptors,9,2
rdkit_MinAbsPartialCharge,0.0,0.0,0.0,XGBoost,provided_plus_rdkit_descriptors,9,2
rdkit_FpDensityMorgan1,24589.66,33573.008,34252.55,XGBoost,provided_plus_rdkit_descriptors,9,2
rdkit_FpDensityMorgan2,-8164.8726,14174.366,13494.819,XGBoost,provided_plus_rdkit_descriptors,9,2
rdkit_FpDensityMorgan3,-14662.074,31317.963,37658.684,XGBoost,provided_plus_rdkit_descriptors,9,2
rdkit_BCUT2D_MWHI,-496.57742,15060.86,10951.04,XGBoost,provided_plus_rdkit_descriptors,9,2
rdkit_BCUT2D_MWLOW,938.7023,27099.902,19672.098,XGBoost,provided_plus_rdkit_descriptors,9,2
rdkit_BCUT2D_CHGHI,8348.56,100312.02,142366.27,XGBoost,provided_plus_rdkit_descriptors,9,2
rdkit_BCUT2D_CHGLO,-11318.756,38969.285,28783.56,XGBoost,provided_plus_rdkit_descriptors,9,2
rdkit_BCUT2D_LOGPHI,421.42905,2349.3142,3832.8667,XGBoost,provided_plus_rdkit_descriptors,9,2
rdkit_BCUT2D_LOGPLOW,3773.5251,19284.71,17234.879,XGBoost,provided_plus_rdkit_descriptors,9,2
rdkit_BCUT2D_MRHI,25379.346,116738.14,87331.93,XGBoost,provided_plus_rdkit_descriptors,9,2
rdkit_BCUT2D_MRLOW,2106.4038,12305.188,16773.232,XGBoost,provided_plus_rdkit_descriptors,9,2
rdkit_AvgIpc,-35322.562,109221.98,131627.25,XGBoost,provided_plus_rdkit_descriptors,9,2
rdkit_BalabanJ,-30071.113,107120.79,65278.867,XGBoost,provided_plus_rdkit_descriptors,9,2
rdkit_BertzCT,-3504.3591,31198.867,21295.31,XGBoost,provided_plus_rdkit_descriptors,9,2
rdkit_Chi0,-671.5028,5577.046,6685.5547,XGBoost,provided_plus_rdkit_descriptors,9,2
rdkit_Chi0n,-1215.0182,14036.866,10541.447,XGBoost,provided_plus_rdkit_descriptors,9,2
rdkit_Chi0v,88516.625,172935.81,180478.44,XGBoost,provided_plus_rdkit_descriptors,9,2
rdkit_Chi1,0.0,0.0,0.0,XGBoost,provided_plus_rdkit_descriptors,9,2
rdkit_Chi1n,-364.52756,788.1566,1533.0828,XGBoost,provided_plus_rdkit_descriptors,9,2
rdkit_Chi1v,-159.27197,511.6,941.3976,XGBoost,provided_plus_rdkit_descriptors,9,2
rdkit_Chi2n,400.38583,3464.351,3668.6672,XGBoost,provided_plus_rdkit_descriptors,9,2
rdkit_Chi2v,-102.73969,1782.6877,1624.1782,XGBoost,provided_plus_rdkit_descriptors,9,2
rdkit_Chi3n,48.0389,3473.9656,1709.5712,XGBoost,provided_plus_rdkit_descriptors,9,2
rdkit_Chi3v,-53.304955,4752.4053,4187.4175,XGBoost,provided_plus_rdkit_descriptors,9,2
rdkit_Chi4n,0.0,0.0,0.0,XGBoost,provided_plus_rdkit_descriptors,9,2
rdkit_Chi4v,-1817.487,12695.0625,7110.8286,XGBoost,provided_plus_rdkit_descriptors,9,2
rdkit_HallKierAlpha,-15195.491,100808.12,64778.008,XGBoost,provided_plus_rdkit_descriptors,9,2
rdkit_Ipc,-551.8532,3148.3142,3138.5276,XGBoost,provided_plus_rdkit_descriptors,9,2
rdkit_Kappa1,-3594.3645,28887.605,33202.266,XGBoost,provided_plus_rdkit_descriptors,9,2
rdkit_Kappa2,8337.849,35971.824,35086.086,XGBoost,provided_plus_rdkit_descriptors,9,2
rdkit_Kappa3,-4527.3896,12928.071,10633.926,XGBoost,provided_plus_rdkit_descriptors,9,2
rdkit_LabuteASA,0.0,0.0,0.0,XGBoost,provided_plus_rdkit_descriptors,9,2
rdkit_PEOE_VSA1,-6703.5527,21982.584,18276.08,XGBoost,provided_plus_rdkit_descriptors,9,2
rdkit_PEOE_VSA10,266.4318,4279.0356,3731.7622,XGBoost,provided_plus_rdkit_descriptors,9,2
rdkit_PEOE_VSA11,22200.932,49702.93,35121.133,XGBoost,provided_plus_rdkit_descriptors,9,2
rdkit_PEOE_VSA12,-889.2459,3278.964,4197.1733,XGBoost,provided_plus_rdkit_descriptors,9,2
rdkit_PEOE_VSA14,0.0,0.0,0.0,XGBoost,provided_plus_rdkit_descriptors,9,2
rdkit_PEOE_VSA2,-467.83975,1974.863,2237.8232,XGBoost,provided_plus_rdkit_descriptors,9,2
rdkit_PEOE_VSA3,0.0,0.0,0.0,XGBoost,provided_plus_rdkit_descriptors,9,2
rdkit_PEOE_VSA5,0.0,0.0,0.0,XGBoost,provided_plus_rdkit_descriptors,9,2
rdkit_PEOE_VSA6,0.0,0.0,0.0,XGBoost,provided_plus_rdkit_descriptors,9,2
rdkit_PEOE_VSA7,-33.697586,1753.9374,3648.3997,XGBoost,provided_plus_rdkit_descriptors,9,2
rdkit_PEOE_VSA8,710.77563,3624.2778,8647.586,XGBoost,provided_plus_rdkit_descriptors,9,2
rdkit_PEOE_VSA9,-1357.4175,2692.4844,4031.4622,XGBoost,provided_plus_rdkit_descriptors,9,2
rdkit_SMR_VSA1,454.1728,2628.765,2815.598,XGBoost,provided_plus_rdkit_descriptors,9,2
rdkit_SMR_VSA10,8014.234,17952.607,27150.006,XGBoost,provided_plus_rdkit_descriptors,9,2
rdkit_SMR_VSA3,0.0,0.0,0.0,XGBoost,provided_plus_rdkit_descriptors,9,2
rdkit_SMR_VSA4,0.0,0.0,0.0,XGBoost,provided_plus_rdkit_descriptors,9,2
rdkit_SMR_VSA5,-1958.47,8294.527,5559.6436,XGBoost,provided_plus_rdkit_descriptors,9,2
rdkit_SMR_VSA6,-1580.5969,3018.7998,2564.7144,XGBoost,provided_plus_rdkit_descriptors,9,2
rdkit_SMR_VSA7,0.0,0.0,0.0,XGBoost,provided_plus_rdkit_descriptors,9,2
rdkit_SlogP_VSA1,0.0,0.0,0.0,XGBoost,provided_plus_rdkit_descriptors,9,2
rdkit_SlogP_VSA12,0.0,0.0,0.0,XGBoost,provided_plus_rdkit_descriptors,9,2
rdkit_SlogP_VSA2,-24935.627,75720.28,58807.234,XGBoost,provided_plus_rdkit_descriptors,9,2
rdkit_SlogP_VSA3,-4604.0474,38620.816,18017.81,XGBoost,provided_plus_rdkit_descriptors,9,2
rdkit_SlogP_VSA4,0.0,0.0,0.0,XGBoost,provided_plus_rdkit_descriptors,9,2
rdkit_SlogP_VSA5,-118.53963,380.9622,809.6789,XGBoost,provided_plus_rdkit_descriptors,9,2
rdkit_SlogP_VSA6,0.0,0.0,0.0,XGBoost,provided_plus_rdkit_descriptors,9,2
rdkit_TPSA,-1467.6755,3619.2373,3375.5874,XGBoost,provided_plus_rdkit_descriptors,9,2
rdkit_EState_VSA1,5876.228,14935.024,15013.997,XGBoost,provided_plus_rdkit_descriptors,9,2
rdkit_EState_VSA10,-16810.043,821244.8,311896.8,XGBoost,provided_plus_rdkit_descriptors,9,2
rdkit_EState_VSA2,6777.3613,35523.31,56128.51,XGBoost,provided_plus_rdkit_descriptors,9,2
rdkit_EState_VSA3,0.0,0.0,0.0,XGBoost,provided_plus_rdkit_descriptors,9,2
rdkit_EState_VSA4,0.0,0.0,0.0,XGBoost,provided_plus_rdkit_descriptors,9,2
rdkit_EState_VSA5,1777.3335,3840.7678,4353.236,XGBoost,provided_plus_rdkit_descriptors,9,2
rdkit_EState_VSA6,0.0,0.0,0.0,XGBoost,provided_plus_rdkit_descriptors,9,2
rdkit_EState_VSA7,0.0,0.0,0.0,XGBoost,provided_plus_rdkit_descriptors,9,2
rdkit_EState_VSA8,913.2716,1385.3102,1898.7046,XGBoost,provided_plus_rdkit_descriptors,9,2
rdkit_EState_VSA9,40289.51,90391.24,69641.984,XGBoost,provided_plus_rdkit_descriptors,9,2
rdkit_VSA_EState1,879.01855,3512.9617,2626.9375,XGBoost,provided_plus_rdkit_descriptors,9,2
rdkit_VSA_EState10,0.0,0.0,0.0,XGBoost,provided_plus_rdkit_descriptors,9,2
rdkit_VSA_EState2,27202.574,109704.48,61498.22,XGBoost,provided_plus_rdkit_descriptors,9,2
rdkit_VSA_EState3,5932.055,13782.014,8522.321,XGBoost,provided_plus_rdkit_descriptors,9,2
rdkit_VSA_EState4,0.0,0.0,0.0,XGBoost,provided_plus_rdkit_descriptors,9,2
rdkit_VSA_EState5,5872.05,43039.26,38977.11,XGBoost,provided_plus_rdkit_descriptors,9,2
rdkit_VSA_EState6,0.0,0.0,0.0,XGBoost,provided_plus_rdkit_descriptors,9,2
rdkit_VSA_EState7,6567.3926,25015.127,21667.762,XGBoost,provided_plus_rdkit_descriptors,9,2
rdkit_VSA_EState8,39598.812,116683.85,92278.94,XGBoost,provided_plus_rdkit_descriptors,9,2
rdkit_VSA_EState9,0.0,0.0,0.0,XGBoost,provided_plus_rdkit_descriptors,9,2
rdkit_FractionCSP3,899.7824,1276.9677,1897.5051,XGBoost,provided_plus_rdkit_descriptors,9,2
rdkit_HeavyAtomCount,0.0,0.0,0.0,XGBoost,provided_plus_rdkit_descriptors,9,2
rdkit_NHOHCount,0.0,0.0,0.0,XGBoost,provided_plus_rdkit_descriptors,9,2
rdkit_NOCount,0.0,0.0,0.0,XGBoost,provided_plus_rdkit_descriptors,9,2
rdkit_NumAliphaticCarbocycles,0.0,0.0,0.0,XGBoost,provided_plus_rdkit_descriptors,9,2
rdkit_NumAliphaticHeterocycles,0.0,0.0,0.0,XGBoost,provided_plus_rdkit_descriptors,9,2
rdkit_NumAliphaticRings,0.0,0.0,0.0,XGBoost,provided_plus_rdkit_descriptors,9,2
rdkit_NumAmideBonds,0.0,0.0,0.0,XGBoost,provided_plus_rdkit_descriptors,9,2
rdkit_NumAtomStereoCenters,187.3541,4561.73,9270.755,XGBoost,provided_plus_rdkit_descriptors,9,2
rdkit_NumBridgeheadAtoms,0.0,0.0,0.0,XGBoost,provided_plus_rdkit_descriptors,9,2
rdkit_NumHAcceptors,0.0,0.0,0.0,XGBoost,provided_plus_rdkit_descriptors,9,2
rdkit_NumHDonors,0.0,0.0,0.0,XGBoost,provided_plus_rdkit_descriptors,9,2
rdkit_NumHeteroatoms,0.0,0.0,0.0,XGBoost,provided_plus_rdkit_descriptors,9,2
rdkit_NumHeterocycles,0.0,0.0,0.0,XGBoost,provided_plus_rdkit_descriptors,9,2
rdkit_NumRotatableBonds,1041.0442,2943.8977,3443.9524,XGBoost,provided_plus_rdkit_descriptors,9,2
rdkit_NumSaturatedCarbocycles,0.0,0.0,0.0,XGBoost,provided_plus_rdkit_descriptors,9,2
rdkit_NumSaturatedHeterocycles,0.0,0.0,0.0,XGBoost,provided_plus_rdkit_descriptors,9,2
rdkit_NumSaturatedRings,0.0,0.0,0.0,XGBoost,provided_plus_rdkit_descriptors,9,2
rdkit_NumUnspecifiedAtomStereoCenters,2080.0056,2443.3987,3070.848,XGBoost,provided_plus_rdkit_descriptors,9,2
rdkit_Phi,281.87888,1829.7429,2324.563,XGBoost,provided_plus_rdkit_descriptors,9,2
rdkit_RingCount,0.0,0.0,0.0,XGBoost,provided_plus_rdkit_descriptors,9,2
rdkit_MolLogP,-13067.185,40099.918,34800.797,XGBoost,provided_plus_rdkit_descriptors,9,2
rdkit_MolMR,-425.79703,4582.806,4492.9517,XGBoost,provided_plus_rdkit_descriptors,9,2
rdkit_fr_Al_COO,0.0,0.0,0.0,XGBoost,provided_plus_rdkit_descriptors,9,2
rdkit_fr_Al_OH,53.888847,151.95946,98.35306,XGBoost,provided_plus_rdkit_descriptors,9,2
rdkit_fr_Al_OH_noTert,0.0,0.0,0.0,XGBoost,provided_plus_rdkit_descriptors,9,2
rdkit_fr_COO,0.0,0.0,0.0,XGBoost,provided_plus_rdkit_descriptors,9,2
rdkit_fr_COO2,0.0,0.0,0.0,XGBoost,provided_plus_rdkit_descriptors,9,2
rdkit_fr_C_O,0.0,0.0,0.0,XGBoost,provided_plus_rdkit_descriptors,9,2
rdkit_fr_C_O_noCOO,0.0,0.0,0.0,XGBoost,provided_plus_rdkit_descriptors,9,2
rdkit_fr_NH1,0.0,0.0,0.0,XGBoost,provided_plus_rdkit_descriptors,9,2
rdkit_fr_NH2,0.0,0.0,0.0,XGBoost,provided_plus_rdkit_descriptors,9,2
rdkit_fr_aldehyde,-903.2088,2533.4048,1790.5592,XGBoost,provided_plus_rdkit_descriptors,9,2
rdkit_fr_alkyl_halide,0.0,0.0,0.0,XGBoost,provided_plus_rdkit_descriptors,9,2
rdkit_fr_allylic_oxid,0.0,0.0,0.0,XGBoost,provided_plus_rdkit_descriptors,9,2
rdkit_fr_amide,0.0,0.0,0.0,XGBoost,provided_plus_rdkit_descriptors,9,2
rdkit_fr_bicyclic,0.0,0.0,0.0,XGBoost,provided_plus_rdkit_descriptors,9,2
rdkit_fr_ether,0.0,0.0,0.0,XGBoost,provided_plus_rdkit_descriptors,9,2
rdkit_fr_halogen,0.0,0.0,0.0,XGBoost,provided_plus_rdkit_descriptors,9,2
rdkit_fr_ketone,-820.0797,1259.3829,1453.2461,XGBoost,provided_plus_rdkit_descriptors,9,2
rdkit_fr_ketone_Topliss,0.0,0.0,0.0,XGBoost,provided_plus_rdkit_descriptors,9,2
rdkit_fr_methoxy,0.0,0.0,0.0,XGBoost,provided_plus_rdkit_descriptors,9,2
rdkit_fr_phos_acid,0.0,0.0,0.0,XGBoost,provided_plus_rdkit_descriptors,9,2
rdkit_fr_phos_ester,0.0,0.0,0.0,XGBoost,provided_plus_rdkit_descriptors,9,2
Molecular weight (Da),-5669.739,20695.887,22351.268,XGBoost,provided_plus_rdkit_descriptors,9,3
Solubility (mg/mL),1645.0094,619541.8,623957.2,XGBoost,provided_plus_rdkit_descriptors,9,3
"Glass transition temperature (Tg, degC)",-22464.225,236254.78,175499.7,XGBoost,provided_plus_rdkit_descriptors,9,3
Viscosity (mPa.s),30952.19,178314.69,188537.27,XGBoost,provided_plus_rdkit_descriptors,9,3
Concentration (% w/v),26961.135,323919.53,137107.83,XGBoost,provided_plus_rdkit_descriptors,9,3
rdkit_MaxAbsEStateIndex,-16071.391,94846.91,128756.87,XGBoost,provided_plus_rdkit_descriptors,9,3
rdkit_MaxEStateIndex,0.0,0.0,0.0,XGBoost,provided_plus_rdkit_descriptors,9,3
rdkit_MinAbsEStateIndex,-403.7823,99298.1,167142.72,XGBoost,provided_plus_rdkit_descriptors,9,3
rdkit_MinEStateIndex,19740.107,31411.607,25766.818,XGBoost,provided_plus_rdkit_descriptors,9,3
rdkit_qed,-3824.2625,26652.826,25697.506,XGBoost,provided_plus_rdkit_descriptors,9,3
rdkit_SPS,24052.2,58227.152,59847.613,XGBoost,provided_plus_rdkit_descriptors,9,3
rdkit_MolWt,0.0,0.0,0.0,XGBoost,provided_plus_rdkit_descriptors,9,3
rdkit_HeavyAtomMolWt,0.0,0.0,0.0,XGBoost,provided_plus_rdkit_descriptors,9,3
rdkit_ExactMolWt,0.0,0.0,0.0,XGBoost,provided_plus_rdkit_descriptors,9,3
rdkit_NumValenceElectrons,0.0,0.0,0.0,XGBoost,provided_plus_rdkit_descriptors,9,3
rdkit_MaxPartialCharge,-50039.953,193339.08,129734.04,XGBoost,provided_plus_rdkit_descriptors,9,3
rdkit_MinPartialCharge,6306.8228,52735.04,38991.58,XGBoost,provided_plus_rdkit_descriptors,9,3
rdkit_MaxAbsPartialCharge,-5758.5146,15661.552,14174.233,XGBoost,provided_plus_rdkit_descriptors,9,3
rdkit_MinAbsPartialCharge,0.0,0.0,0.0,XGBoost,provided_plus_rdkit_descriptors,9,3
rdkit_FpDensityMorgan1,16481.68,31219.299,22387.664,XGBoost,provided_plus_rdkit_descriptors,9,3
rdkit_FpDensityMorgan2,-6860.797,21695.486,15784.461,XGBoost,provided_plus_rdkit_descriptors,9,3
rdkit_FpDensityMorgan3,-2791.2043,30273.941,31383.21,XGBoost,provided_plus_rdkit_descriptors,9,3
rdkit_BCUT2D_MWHI,-5725.31,14812.88,14823.703,XGBoost,provided_plus_rdkit_descriptors,9,3
rdkit_BCUT2D_MWLOW,11866.495,54179.375,49158.68,XGBoost,provided_plus_rdkit_descriptors,9,3
rdkit_BCUT2D_CHGHI,3069.1719,37813.152,35233.42,XGBoost,provided_plus_rdkit_descriptors,9,3
rdkit_BCUT2D_CHGLO,-5440.021,56858.125,36552.98,XGBoost,provided_plus_rdkit_descriptors,9,3
rdkit_BCUT2D_LOGPHI,1353.6881,2617.1865,2824.9543,XGBoost,provided_plus_rdkit_descriptors,9,3
rdkit_BCUT2D_LOGPLOW,173.756,3307.4,2385.317,XGBoost,provided_plus_rdkit_descriptors,9,3
rdkit_BCUT2D_MRHI,15708.316,58119.484,59976.402,XGBoost,provided_plus_rdkit_descriptors,9,3
rdkit_BCUT2D_MRLOW,585.43854,35005.938,25437.273,XGBoost,provided_plus_rdkit_descriptors,9,3
rdkit_AvgIpc,-28710.535,123130.36,145583.67,XGBoost,provided_plus_rdkit_descriptors,9,3
rdkit_BalabanJ,1946.4695,14997.189,11013.588,XGBoost,provided_plus_rdkit_descriptors,9,3
rdkit_BertzCT,-6287.2056,13949.649,18363.09,XGBoost,provided_plus_rdkit_descriptors,9,3
rdkit_Chi0,479.44513,1246.1888,1843.3523,XGBoost,provided_plus_rdkit_descriptors,9,3
rdkit_Chi0n,1490.25,2386.3037,1698.4294,XGBoost,provided_plus_rdkit_descriptors,9,3
rdkit_Chi0v,42350.508,106809.11,142339.73,XGBoost,provided_plus_rdkit_descriptors,9,3
rdkit_Chi1,658.53503,1118.1931,1297.0121,XGBoost,provided_plus_rdkit_descriptors,9,3
rdkit_Chi1n,-326.7834,518.96967,770.78827,XGBoost,provided_plus_rdkit_descriptors,9,3
rdkit_Chi1v,576.86847,2322.0088,2159.6956,XGBoost,provided_plus_rdkit_descriptors,9,3
rdkit_Chi2n,9946.263,33827.098,18036.912,XGBoost,provided_plus_rdkit_descriptors,9,3
rdkit_Chi2v,127.91483,882.4619,1065.6967,XGBoost,provided_plus_rdkit_descriptors,9,3
rdkit_Chi3n,-50.021442,1155.4489,807.09375,XGBoost,provided_plus_rdkit_descriptors,9,3
rdkit_Chi3v,-74.071236,651.344,810.86505,XGBoost,provided_plus_rdkit_descriptors,9,3
rdkit_Chi4n,0.0,0.0,0.0,XGBoost,provided_plus_rdkit_descriptors,9,3
rdkit_Chi4v,-3693.6675,8208.923,5085.1245,XGBoost,provided_plus_rdkit_descriptors,9,3
rdkit_HallKierAlpha,8148.568,190484.58,105247.414,XGBoost,provided_plus_rdkit_descriptors,9,3
rdkit_Ipc,-4800.9487,14639.158,17652.717,XGBoost,provided_plus_rdkit_descriptors,9,3
rdkit_Kappa1,8826.608,25862.615,38369.5,XGBoost,provided_plus_rdkit_descriptors,9,3
rdkit_Kappa2,19.114656,8842.332,18188.848,XGBoost,provided_plus_rdkit_descriptors,9,3
rdkit_Kappa3,7239.728,23873.803,19029.035,XGBoost,provided_plus_rdkit_descriptors,9,3
rdkit_LabuteASA,0.0,0.0,0.0,XGBoost,provided_plus_rdkit_descriptors,9,3
rdkit_PEOE_VSA1,1034.1953,44140.11,66385.81,XGBoost,provided_plus_rdkit_descriptors,9,3
rdkit_PEOE_VSA10,-236.39447,2328.4045,2756.6917,XGBoost,provided_plus_rdkit_descriptors,9,3
rdkit_PEOE_VSA11,24094.826,59958.23,51725.75,XGBoost,provided_plus_rdkit_descriptors,9,3
rdkit_PEOE_VSA12,-2191.8884,7325.555,8811.847,XGBoost,provided_plus_rdkit_descriptors,9,3
rdkit_PEOE_VSA14,0.0,0.0,0.0,XGBoost,provided_plus_rdkit_descriptors,9,3
rdkit_PEOE_VSA2,-228.13443,1971.3654,3017.0007,XGBoost,provided_plus_rdkit_descriptors,9,3
rdkit_PEOE_VSA3,0.0,0.0,0.0,XGBoost,provided_plus_rdkit_descriptors,9,3
rdkit_PEOE_VSA5,0.0,0.0,0.0,XGBoost,provided_plus_rdkit_descriptors,9,3
rdkit_PEOE_VSA6,-149.0218,461.62607,1629.0535,XGBoost,provided_plus_rdkit_descriptors,9,3
rdkit_PEOE_VSA7,-691.86414,1111.7136,1093.035,XGBoost,provided_plus_rdkit_descriptors,9,3
rdkit_PEOE_VSA8,129.2454,846.6021,2715.3215,XGBoost,provided_plus_rdkit_descriptors,9,3
rdkit_PEOE_VSA9,15222.994,36479.055,33022.54,XGBoost,provided_plus_rdkit_descriptors,9,3
rdkit_SMR_VSA1,1563.0125,3984.925,5188.345,XGBoost,provided_plus_rdkit_descriptors,9,3
rdkit_SMR_VSA10,481.8404,3809.5374,6270.052,XGBoost,provided_plus_rdkit_descriptors,9,3
rdkit_SMR_VSA3,0.0,0.0,0.0,XGBoost,provided_plus_rdkit_descriptors,9,3
rdkit_SMR_VSA4,0.0,0.0,0.0,XGBoost,provided_plus_rdkit_descriptors,9,3
rdkit_SMR_VSA5,-668.35785,6009.516,6445.759,XGBoost,provided_plus_rdkit_descriptors,9,3
rdkit_SMR_VSA6,-476.0856,734.561,1027.0536,XGBoost,provided_plus_rdkit_descriptors,9,3
rdkit_SMR_VSA7,0.0,0.0,0.0,XGBoost,provided_plus_rdkit_descriptors,9,3
rdkit_SlogP_VSA1,0.0,0.0,0.0,XGBoost,provided_plus_rdkit_descriptors,9,3
rdkit_SlogP_VSA12,0.0,0.0,0.0,XGBoost,provided_plus_rdkit_descriptors,9,3
rdkit_SlogP_VSA2,-8910.123,25459.879,15372.324,XGBoost,provided_plus_rdkit_descriptors,9,3
rdkit_SlogP_VSA3,3946.4685,29065.412,11334.404,XGBoost,provided_plus_rdkit_descriptors,9,3
rdkit_SlogP_VSA4,0.0,0.0,0.0,XGBoost,provided_plus_rdkit_descriptors,9,3
rdkit_SlogP_VSA5,-546.7239,704.30194,1161.7727,XGBoost,provided_plus_rdkit_descriptors,9,3
rdkit_SlogP_VSA6,0.0,0.0,0.0,XGBoost,provided_plus_rdkit_descriptors,9,3
rdkit_TPSA,707.8611,2105.6072,2602.028,XGBoost,provided_plus_rdkit_descriptors,9,3
rdkit_EState_VSA1,-398.07843,1378.471,2259.6802,XGBoost,provided_plus_rdkit_descriptors,9,3
rdkit_EState_VSA10,212241.95,578434.25,184950.2,XGBoost,provided_plus_rdkit_descriptors,9,3
rdkit_EState_VSA2,-4171.988,30592.08,54549.04,XGBoost,provided_plus_rdkit_descriptors,9,3
rdkit_EState_VSA3,-1872.461,7047.942,19589.693,XGBoost,provided_plus_rdkit_descriptors,9,3
rdkit_EState_VSA4,0.0,0.0,0.0,XGBoost,provided_plus_rdkit_descriptors,9,3
rdkit_EState_VSA5,3552.3347,9033.426,11492.536,XGBoost,provided_plus_rdkit_descriptors,9,3
rdkit_EState_VSA6,0.0,0.0,0.0,XGBoost,provided_plus_rdkit_descriptors,9,3
rdkit_EState_VSA7,0.0,0.0,0.0,XGBoost,provided_plus_rdkit_descriptors,9,3
rdkit_EState_VSA8,7657.5557,23886.465,35799.492,XGBoost,provided_plus_rdkit_descriptors,9,3
rdkit_EState_VSA9,4003.6204,33615.832,21559.752,XGBoost,provided_plus_rdkit_descriptors,9,3
rdkit_VSA_EState1,820.3987,2314.852,2039.3043,XGBoost,provided_plus_rdkit_descriptors,9,3
rdkit_VSA_EState10,0.0,0.0,0.0,XGBoost,provided_plus_rdkit_descriptors,9,3
rdkit_VSA_EState2,70.704445,11149.917,5315.4795,XGBoost,provided_plus_rdkit_descriptors,9,3
rdkit_VSA_EState3,31381.592,62035.938,34823.598,XGBoost,provided_plus_rdkit_descriptors,9,3
rdkit_VSA_EState4,0.0,0.0,0.0,XGBoost,provided_plus_rdkit_descriptors,9,3
rdkit_VSA_EState5,-1375.7736,4624.5767,3077.7798,XGBoost,provided_plus_rdkit_descriptors,9,3
rdkit_VSA_EState6,0.0,0.0,0.0,XGBoost,provided_plus_rdkit_descriptors,9,3
rdkit_VSA_EState7,12330.935,18631.432,17403.988,XGBoost,provided_plus_rdkit_descriptors,9,3
rdkit_VSA_EState8,34082.305,127212.83,109301.516,XGBoost,provided_plus_rdkit_descriptors,9,3
rdkit_VSA_EState9,0.0,0.0,0.0,XGBoost,provided_plus_rdkit_descriptors,9,3
rdkit_FractionCSP3,-3050.9214,7529.5796,7110.51,XGBoost,provided_plus_rdkit_descriptors,9,3
rdkit_HeavyAtomCount,0.0,0.0,0.0,XGBoost,provided_plus_rdkit_descriptors,9,3
rdkit_NHOHCount,-922.95856,1200.7781,1962.7583,XGBoost,provided_plus_rdkit_descriptors,9,3
rdkit_NOCount,0.0,0.0,0.0,XGBoost,provided_plus_rdkit_descriptors,9,3
rdkit_NumAliphaticCarbocycles,0.0,0.0,0.0,XGBoost,provided_plus_rdkit_descriptors,9,3
rdkit_NumAliphaticHeterocycles,0.0,0.0,0.0,XGBoost,provided_plus_rdkit_descriptors,9,3
rdkit_NumAliphaticRings,0.0,0.0,0.0,XGBoost,provided_plus_rdkit_descriptors,9,3
rdkit_NumAmideBonds,0.0,0.0,0.0,XGBoost,provided_plus_rdkit_descriptors,9,3
rdkit_NumAtomStereoCenters,869.1542,9053.138,16173.749,XGBoost,provided_plus_rdkit_descriptors,9,3
rdkit_NumBridgeheadAtoms,0.0,0.0,0.0,XGBoost,provided_plus_rdkit_descriptors,9,3
rdkit_NumHAcceptors,0.0,0.0,0.0,XGBoost,provided_plus_rdkit_descriptors,9,3
rdkit_NumHDonors,0.0,0.0,0.0,XGBoost,provided_plus_rdkit_descriptors,9,3
rdkit_NumHeteroatoms,0.0,0.0,0.0,XGBoost,provided_plus_rdkit_descriptors,9,3
rdkit_NumHeterocycles,0.0,0.0,0.0,XGBoost,provided_plus_rdkit_descriptors,9,3
rdkit_NumRotatableBonds,-2191.5374,2757.777,2271.206,XGBoost,provided_plus_rdkit_descriptors,9,3
rdkit_NumSaturatedCarbocycles,0.0,0.0,0.0,XGBoost,provided_plus_rdkit_descriptors,9,3
rdkit_NumSaturatedHeterocycles,0.0,0.0,0.0,XGBoost,provided_plus_rdkit_descriptors,9,3
rdkit_NumSaturatedRings,0.0,0.0,0.0,XGBoost,provided_plus_rdkit_descriptors,9,3
rdkit_NumUnspecifiedAtomStereoCenters,-6451.671,15179.437,31640.133,XGBoost,provided_plus_rdkit_descriptors,9,3
rdkit_Phi,-333.65518,451.74457,742.87274,XGBoost,provided_plus_rdkit_descriptors,9,3
rdkit_RingCount,0.0,0.0,0.0,XGBoost,provided_plus_rdkit_descriptors,9,3
rdkit_MolLogP,-12816.299,283294.66,119399.445,XGBoost,provided_plus_rdkit_descriptors,9,3
rdkit_MolMR,515.76776,5096.182,6299.82,XGBoost,provided_plus_rdkit_descriptors,9,3
rdkit_fr_Al_COO,0.0,0.0,0.0,XGBoost,provided_plus_rdkit_descriptors,9,3
rdkit_fr_Al_OH,8168.0747,21128.584,13997.613,XGBoost,provided_plus_rdkit_descriptors,9,3
rdkit_fr_Al_OH_noTert,0.0,0.0,0.0,XGBoost,provided_plus_rdkit_descriptors,9,3
rdkit_fr_COO,0.0,0.0,0.0,XGBoost,provided_plus_rdkit_descriptors,9,3
rdkit_fr_COO2,0.0,0.0,0.0,XGBoost,provided_plus_rdkit_descriptors,9,3
rdkit_fr_C_O,0.0,0.0,0.0,XGBoost,provided_plus_rdkit_descriptors,9,3
rdkit_fr_C_O_noCOO,0.0,0.0,0.0,XGBoost,provided_plus_rdkit_descriptors,9,3
rdkit_fr_NH1,0.0,0.0,0.0,XGBoost,provided_plus_rdkit_descriptors,9,3
rdkit_fr_NH2,0.0,0.0,0.0,XGBoost,provided_plus_rdkit_descriptors,9,3
rdkit_fr_aldehyde,-40.656437,1087.0264,1065.884,XGBoost,provided_plus_rdkit_descriptors,9,3
rdkit_fr_alkyl_halide,0.0,0.0,0.0,XGBoost,provided_plus_rdkit_descriptors,9,3
rdkit_fr_allylic_oxid,0.0,0.0,0.0,XGBoost,provided_plus_rdkit_descriptors,9,3
rdkit_fr_amide,0.0,0.0,0.0,XGBoost,provided_plus_rdkit_descriptors,9,3
rdkit_fr_bicyclic,0.0,0.0,0.0,XGBoost,provided_plus_rdkit_descriptors,9,3
rdkit_fr_ether,0.0,0.0,0.0,XGBoost,provided_plus_rdkit_descriptors,9,3
rdkit_fr_halogen,0.0,0.0,0.0,XGBoost,provided_plus_rdkit_descriptors,9,3
rdkit_fr_ketone,0.0,0.0,0.0,XGBoost,provided_plus_rdkit_descriptors,9,3
rdkit_fr_ketone_Topliss,0.0,0.0,0.0,XGBoost,provided_plus_rdkit_descriptors,9,3
rdkit_fr_methoxy,0.0,0.0,0.0,XGBoost,provided_plus_rdkit_descriptors,9,3
rdkit_fr_phos_acid,0.0,0.0,0.0,XGBoost,provided_plus_rdkit_descriptors,9,3
rdkit_fr_phos_ester,0.0,0.0,0.0,XGBoost,provided_plus_rdkit_descriptors,9,3
Molecular weight (Da),-4201.041,22813.291,19894.113,XGBoost,provided_plus_rdkit_descriptors,9,4
Solubility (mg/mL),44311.832,567701.2,652682.3,XGBoost,provided_plus_rdkit_descriptors,9,4
"Glass transition temperature (Tg, degC)",68695.55,309733.62,209584.39,XGBoost,provided_plus_rdkit_descriptors,9,4
Viscosity (mPa.s),-1837.2117,233154.22,242840.39,XGBoost,provided_plus_rdkit_descriptors,9,4
Concentration (% w/v),2381.938,201339.6,137286.33,XGBoost,provided_plus_rdkit_descriptors,9,4
rdkit_MaxAbsEStateIndex,-3122.925,40943.523,31811.934,XGBoost,provided_plus_rdkit_descriptors,9,4
rdkit_MaxEStateIndex,0.0,0.0,0.0,XGBoost,provided_plus_rdkit_descriptors,9,4
rdkit_MinAbsEStateIndex,122.14759,30551.928,25359.709,XGBoost,provided_plus_rdkit_descriptors,9,4
rdkit_MinEStateIndex,42475.44,87691.61,84843.21,XGBoost,provided_plus_rdkit_descriptors,9,4
rdkit_qed,7394.11,68876.15,55201.38,XGBoost,provided_plus_rdkit_descriptors,9,4
rdkit_SPS,-6498.6616,20796.893,19043.328,XGBoost,provided_plus_rdkit_descriptors,9,4
rdkit_MolWt,0.0,0.0,0.0,XGBoost,provided_plus_rdkit_descriptors,9,4
rdkit_HeavyAtomMolWt,0.0,0.0,0.0,XGBoost,provided_plus_rdkit_descriptors,9,4
rdkit_ExactMolWt,0.0,0.0,0.0,XGBoost,provided_plus_rdkit_descriptors,9,4
rdkit_NumValenceElectrons,0.0,0.0,0.0,XGBoost,provided_plus_rdkit_descriptors,9,4
rdkit_MaxPartialCharge,-32483.43,110925.37,62878.89,XGBoost,provided_plus_rdkit_descriptors,9,4
rdkit_MinPartialCharge,-22426.432,106596.37,67739.35,XGBoost,provided_plus_rdkit_descriptors,9,4
rdkit_MaxAbsPartialCharge,2176.2122,8300.117,7549.6064,XGBoost,provided_plus_rdkit_descriptors,9,4
rdkit_MinAbsPartialCharge,0.0,0.0,0.0,XGBoost,provided_plus_rdkit_descriptors,9,4
rdkit_FpDensityMorgan1,17556.324,43277.5,30339.947,XGBoost,provided_plus_rdkit_descriptors,9,4
rdkit_FpDensityMorgan2,1714.371,31488.861,19454.172,XGBoost,provided_plus_rdkit_descriptors,9,4
rdkit_FpDensityMorgan3,-9009.386,39159.492,28709.719,XGBoost,provided_plus_rdkit_descriptors,9,4
rdkit_BCUT2D_MWHI,1105.8735,13874.048,13961.964,XGBoost,provided_plus_rdkit_descriptors,9,4
rdkit_BCUT2D_MWLOW,-22636.225,188756.27,170054.25,XGBoost,provided_plus_rdkit_descriptors,9,4
rdkit_BCUT2D_CHGHI,2984.2996,27125.7,15181.165,XGBoost,provided_plus_rdkit_descriptors,9,4
rdkit_BCUT2D_CHGLO,-14866.378,44429.76,32736.867,XGBoost,provided_plus_rdkit_descriptors,9,4
rdkit_BCUT2D_LOGPHI,-489.25305,1522.8629,2228.8928,XGBoost,provided_plus_rdkit_descriptors,9,4
rdkit_BCUT2D_LOGPLOW,239.59258,704.4106,1175.856,XGBoost,provided_plus_rdkit_descriptors,9,4
rdkit_BCUT2D_MRHI,-2498.7234,28705.055,24696.398,XGBoost,provided_plus_rdkit_descriptors,9,4
rdkit_BCUT2D_MRLOW,11478.903,26118.074,19373.4,XGBoost,provided_plus_rdkit_descriptors,9,4
rdkit_AvgIpc,-21497.254,66326.38,59545.332,XGBoost,provided_plus_rdkit_descriptors,9,4
rdkit_BalabanJ,-6196.157,26224.531,22102.65,XGBoost,provided_plus_rdkit_descriptors,9,4
rdkit_BertzCT,4665.1606,10242.442,6061.4395,XGBoost,provided_plus_rdkit_descriptors,9,4
rdkit_Chi0,766.06903,3386.7527,4797.954,XGBoost,provided_plus_rdkit_descriptors,9,4
rdkit_Chi0n,108.470375,2215.0422,1934.3271,XGBoost,provided_plus_rdkit_descriptors,9,4
rdkit_Chi0v,4257.0723,68881.41,47018.89,XGBoost,provided_plus_rdkit_descriptors,9,4
rdkit_Chi1,47.065956,838.1223,721.38403,XGBoost,provided_plus_rdkit_descriptors,9,4
rdkit_Chi1n,-412.56564,1696.8046,2013.4384,XGBoost,provided_plus_rdkit_descriptors,9,4
rdkit_Chi1v,2368.758,5371.429,4120.6616,XGBoost,provided_plus_rdkit_descriptors,9,4
rdkit_Chi2n,-952.2594,13369.844,5649.781,XGBoost,provided_plus_rdkit_descriptors,9,4
rdkit_Chi2v,-310.22946,1315.7532,1641.9287,XGBoost,provided_plus_rdkit_descriptors,9,4
rdkit_Chi3n,708.4315,1462.6097,1746.0779,XGBoost,provided_plus_rdkit_descriptors,9,4
rdkit_Chi3v,-56.522984,442.4296,509.6385,XGBoost,provided_plus_rdkit_descriptors,9,4
rdkit_Chi4n,-331.7494,1557.4048,1301.7699,XGBoost,provided_plus_rdkit_descriptors,9,4
rdkit_Chi4v,1694.158,10342.126,5269.8047,XGBoost,provided_plus_rdkit_descriptors,9,4
rdkit_HallKierAlpha,-155965.75,478239.22,300671.75,XGBoost,provided_plus_rdkit_descriptors,9,4
rdkit_Ipc,-6666.391,30115.557,23652.23,XGBoost,provided_plus_rdkit_descriptors,9,4
rdkit_Kappa1,-317.46994,8708.011,8563.969,XGBoost,provided_plus_rdkit_descriptors,9,4
rdkit_Kappa2,-3017.618,9432.707,8275.775,XGBoost,provided_plus_rdkit_descriptors,9,4
rdkit_Kappa3,1677.5176,19382.56,15862.293,XGBoost,provided_plus_rdkit_descriptors,9,4
rdkit_LabuteASA,438.00812,790.8835,1352.3905,XGBoost,provided_plus_rdkit_descriptors,9,4
rdkit_PEOE_VSA1,-12400.106,35626.457,24368.135,XGBoost,provided_plus_rdkit_descriptors,9,4
rdkit_PEOE_VSA10,2803.906,8798.215,5138.5933,XGBoost,provided_plus_rdkit_descriptors,9,4
rdkit_PEOE_VSA11,-1875.6783,18811.865,14408.365,XGBoost,provided_plus_rdkit_descriptors,9,4
rdkit_PEOE_VSA12,422.9926,2252.2307,3480.5374,XGBoost,provided_plus_rdkit_descriptors,9,4
rdkit_PEOE_VSA14,0.0,0.0,0.0,XGBoost,provided_plus_rdkit_descriptors,9,4
rdkit_PEOE_VSA2,76.749214,676.4763,727.9318,XGBoost,provided_plus_rdkit_descriptors,9,4
rdkit_PEOE_VSA3,0.0,0.0,0.0,XGBoost,provided_plus_rdkit_descriptors,9,4
rdkit_PEOE_VSA5,0.0,0.0,0.0,XGBoost,provided_plus_rdkit_descriptors,9,4
rdkit_PEOE_VSA6,0.0,0.0,0.0,XGBoost,provided_plus_rdkit_descriptors,9,4
rdkit_PEOE_VSA7,721.2411,2479.0015,5274.9785,XGBoost,provided_plus_rdkit_descriptors,9,4
rdkit_PEOE_VSA8,0.0,0.0,0.0,XGBoost,provided_plus_rdkit_descriptors,9,4
rdkit_PEOE_VSA9,1109.7526,4643.436,6750.2056,XGBoost,provided_plus_rdkit_descriptors,9,4
rdkit_SMR_VSA1,-193.1964,774.8301,1329.5524,XGBoost,provided_plus_rdkit_descriptors,9,4
rdkit_SMR_VSA10,-2637.4487,5106.2446,7453.3755,XGBoost,provided_plus_rdkit_descriptors,9,4
rdkit_SMR_VSA3,0.0,0.0,0.0,XGBoost,provided_plus_rdkit_descriptors,9,4
rdkit_SMR_VSA4,205.93352,1101.0121,3382.0571,XGBoost,provided_plus_rdkit_descriptors,9,4
rdkit_SMR_VSA5,3143.853,25836.668,19083.951,XGBoost,provided_plus_rdkit_descriptors,9,4
rdkit_SMR_VSA6,2414.3242,8562.519,6349.8647,XGBoost,provided_plus_rdkit_descriptors,9,4
rdkit_SMR_VSA7,0.0,0.0,0.0,XGBoost,provided_plus_rdkit_descriptors,9,4
rdkit_SlogP_VSA1,0.0,0.0,0.0,XGBoost,provided_plus_rdkit_descriptors,9,4
rdkit_SlogP_VSA12,0.0,0.0,0.0,XGBoost,provided_plus_rdkit_descriptors,9,4
rdkit_SlogP_VSA2,3445.901,15800.918,16473.848,XGBoost,provided_plus_rdkit_descriptors,9,4
rdkit_SlogP_VSA3,-6282.253,17749.885,13658.365,XGBoost,provided_plus_rdkit_descriptors,9,4
rdkit_SlogP_VSA4,0.0,0.0,0.0,XGBoost,provided_plus_rdkit_descriptors,9,4
rdkit_SlogP_VSA5,3124.4614,15676.541,19741.871,XGBoost,provided_plus_rdkit_descriptors,9,4
rdkit_SlogP_VSA6,0.0,0.0,0.0,XGBoost,provided_plus_rdkit_descriptors,9,4
rdkit_TPSA,0.0,0.0,0.0,XGBoost,provided_plus_rdkit_descriptors,9,4
rdkit_EState_VSA1,1864.7358,5433.267,12449.219,XGBoost,provided_plus_rdkit_descriptors,9,4
rdkit_EState_VSA10,-42472.81,410208.5,201066.53,XGBoost,provided_plus_rdkit_descriptors,9,4
rdkit_EState_VSA2,-16173.505,20034.201,13917.29,XGBoost,provided_plus_rdkit_descriptors,9,4
rdkit_EState_VSA3,-4314.5522,4314.5522,2183.2666,XGBoost,provided_plus_rdkit_descriptors,9,4
rdkit_EState_VSA4,0.0,0.0,0.0,XGBoost,provided_plus_rdkit_descriptors,9,4
rdkit_EState_VSA5,217.08795,1010.87537,2077.497,XGBoost,provided_plus_rdkit_descriptors,9,4
rdkit_EState_VSA6,0.0,0.0,0.0,XGBoost,provided_plus_rdkit_descriptors,9,4
rdkit_EState_VSA7,0.0,0.0,0.0,XGBoost,provided_plus_rdkit_descriptors,9,4
rdkit_EState_VSA8,-137.84355,21340.254,20594.404,XGBoost,provided_plus_rdkit_descriptors,9,4
rdkit_EState_VSA9,2303.1677,99792.28,54476.605,XGBoost,provided_plus_rdkit_descriptors,9,4
rdkit_VSA_EState1,-229.29802,2527.8647,2608.2124,XGBoost,provided_plus_rdkit_descriptors,9,4
rdkit_VSA_EState10,0.0,0.0,0.0,XGBoost,provided_plus_rdkit_descriptors,9,4
rdkit_VSA_EState2,-7098.137,85402.93,83690.32,XGBoost,provided_plus_rdkit_descriptors,9,4
rdkit_VSA_EState3,26403.969,94252.57,53912.13,XGBoost,provided_plus_rdkit_descriptors,9,4
rdkit_VSA_EState4,0.0,0.0,0.0,XGBoost,provided_plus_rdkit_descriptors,9,4
rdkit_VSA_EState5,56.464283,3155.2498,2972.3728,XGBoost,provided_plus_rdkit_descriptors,9,4
rdkit_VSA_EState6,0.0,0.0,0.0,XGBoost,provided_plus_rdkit_descriptors,9,4
rdkit_VSA_EState7,9664.52,20079.7,20244.654,XGBoost,provided_plus_rdkit_descriptors,9,4
rdkit_VSA_EState8,30726.42,151218.77,115780.695,XGBoost,provided_plus_rdkit_descriptors,9,4
rdkit_VSA_EState9,0.0,0.0,0.0,XGBoost,provided_plus_rdkit_descriptors,9,4
rdkit_FractionCSP3,-37.692787,333.16855,508.5398,XGBoost,provided_plus_rdkit_descriptors,9,4
rdkit_HeavyAtomCount,0.0,0.0,0.0,XGBoost,provided_plus_rdkit_descriptors,9,4
rdkit_NHOHCount,-1683.5376,7971.9385,6076.7964,XGBoost,provided_plus_rdkit_descriptors,9,4
rdkit_NOCount,0.0,0.0,0.0,XGBoost,provided_plus_rdkit_descriptors,9,4
rdkit_NumAliphaticCarbocycles,0.0,0.0,0.0,XGBoost,provided_plus_rdkit_descriptors,9,4
rdkit_NumAliphaticHeterocycles,0.0,0.0,0.0,XGBoost,provided_plus_rdkit_descriptors,9,4
rdkit_NumAliphaticRings,0.0,0.0,0.0,XGBoost,provided_plus_rdkit_descriptors,9,4
rdkit_NumAmideBonds,0.0,0.0,0.0,XGBoost,provided_plus_rdkit_descriptors,9,4
rdkit_NumAtomStereoCenters,3685.3315,3685.3315,3013.4429,XGBoost,provided_plus_rdkit_descriptors,9,4
rdkit_NumBridgeheadAtoms,0.0,0.0,0.0,XGBoost,provided_plus_rdkit_descriptors,9,4
rdkit_NumHAcceptors,0.0,0.0,0.0,XGBoost,provided_plus_rdkit_descriptors,9,4
rdkit_NumHDonors,0.0,0.0,0.0,XGBoost,provided_plus_rdkit_descriptors,9,4
rdkit_NumHeteroatoms,0.0,0.0,0.0,XGBoost,provided_plus_rdkit_descriptors,9,4
rdkit_NumHeterocycles,0.0,0.0,0.0,XGBoost,provided_plus_rdkit_descriptors,9,4
rdkit_NumRotatableBonds,599.858,3616.1885,3748.0054,XGBoost,provided_plus_rdkit_descriptors,9,4
rdkit_NumSaturatedCarbocycles,0.0,0.0,0.0,XGBoost,provided_plus_rdkit_descriptors,9,4
rdkit_NumSaturatedHeterocycles,0.0,0.0,0.0,XGBoost,provided_plus_rdkit_descriptors,9,4
rdkit_NumSaturatedRings,0.0,0.0,0.0,XGBoost,provided_plus_rdkit_descriptors,9,4
rdkit_NumUnspecifiedAtomStereoCenters,1839.5073,15345.306,35307.52,XGBoost,provided_plus_rdkit_descriptors,9,4
rdkit_Phi,-8035.4297,28730.744,21432.283,XGBoost,provided_plus_rdkit_descriptors,9,4
rdkit_RingCount,0.0,0.0,0.0,XGBoost,provided_plus_rdkit_descriptors,9,4
rdkit_MolLogP,-11995.48,87191.43,58595.24,XGBoost,provided_plus_rdkit_descriptors,9,4
rdkit_MolMR,-1279.591,34294.293,35497.98,XGBoost,provided_plus_rdkit_descriptors,9,4
rdkit_fr_Al_COO,0.0,0.0,0.0,XGBoost,provided_plus_rdkit_descriptors,9,4
rdkit_fr_Al_OH,109.194954,682.6471,622.3262,XGBoost,provided_plus_rdkit_descriptors,9,4
rdkit_fr_Al_OH_noTert,0.0,0.0,0.0,XGBoost,provided_plus_rdkit_descriptors,9,4
rdkit_fr_COO,0.0,0.0,0.0,XGBoost,provided_plus_rdkit_descriptors,9,4
rdkit_fr_COO2,0.0,0.0,0.0,XGBoost,provided_plus_rdkit_descriptors,9,4
rdkit_fr_C_O,0.0,0.0,0.0,XGBoost,provided_plus_rdkit_descriptors,9,4
rdkit_fr_C_O_noCOO,0.0,0.0,0.0,XGBoost,provided_plus_rdkit_descriptors,9,4
rdkit_fr_NH1,0.0,0.0,0.0,XGBoost,provided_plus_rdkit_descriptors,9,4
rdkit_fr_NH2,0.0,0.0,0.0,XGBoost,provided_plus_rdkit_descriptors,9,4
rdkit_fr_aldehyde,7734.7607,20374.035,19189.967,XGBoost,provided_plus_rdkit_descriptors,9,4
rdkit_fr_alkyl_halide,0.0,0.0,0.0,XGBoost,provided_plus_rdkit_descriptors,9,4
rdkit_fr_allylic_oxid,0.0,0.0,0.0,XGBoost,provided_plus_rdkit_descriptors,9,4
rdkit_fr_amide,0.0,0.0,0.0,XGBoost,provided_plus_rdkit_descriptors,9,4
rdkit_fr_bicyclic,0.0,0.0,0.0,XGBoost,provided_plus_rdkit_descriptors,9,4
rdkit_fr_ether,0.0,0.0,0.0,XGBoost,provided_plus_rdkit_descriptors,9,4
rdkit_fr_halogen,0.0,0.0,0.0,XGBoost,provided_plus_rdkit_descriptors,9,4
rdkit_fr_ketone,0.0,0.0,0.0,XGBoost,provided_plus_rdkit_descriptors,9,4
rdkit_fr_ketone_Topliss,0.0,0.0,0.0,XGBoost,provided_plus_rdkit_descriptors,9,4
rdkit_fr_methoxy,0.0,0.0,0.0,XGBoost,provided_plus_rdkit_descriptors,9,4
rdkit_fr_phos_acid,0.0,0.0,0.0,XGBoost,provided_plus_rdkit_descriptors,9,4
rdkit_fr_phos_ester,0.0,0.0,0.0,XGBoost,provided_plus_rdkit_descriptors,9,4
Molecular weight (Da),6410.1235,22040.025,20555.738,XGBoost,provided_plus_rdkit_descriptors,9,5
Solubility (mg/mL),-54660.742,419595.94,458846.1,XGBoost,provided_plus_rdkit_descriptors,9,5
"Glass transition temperature (Tg, degC)",79185.914,270771.06,218072.4,XGBoost,provided_plus_rdkit_descriptors,9,5
Viscosity (mPa.s),-2232.1558,242791.47,202592.17,XGBoost,provided_plus_rdkit_descriptors,9,5
Concentration (% w/v),13041.475,269265.6,148857.81,XGBoost,provided_plus_rdkit_descriptors,9,5
rdkit_MaxAbsEStateIndex,19097.361,54825.973,52623.676,XGBoost,provided_plus_rdkit_descriptors,9,5
rdkit_MaxEStateIndex,0.0,0.0,0.0,XGBoost,provided_plus_rdkit_descriptors,9,5
rdkit_MinAbsEStateIndex,-7409.5244,44637.938,57224.492,XGBoost,provided_plus_rdkit_descriptors,9,5
rdkit_MinEStateIndex,60094.71,84881.625,115243.164,XGBoost,provided_plus_rdkit_descriptors,9,5
rdkit_qed,6519.572,47558.285,38429.902,XGBoost,provided_plus_rdkit_descriptors,9,5
rdkit_SPS,-826.0759,41627.867,36332.8,XGBoost,provided_plus_rdkit_descriptors,9,5
rdkit_MolWt,0.0,0.0,0.0,XGBoost,provided_plus_rdkit_descriptors,9,5
rdkit_HeavyAtomMolWt,0.0,0.0,0.0,XGBoost,provided_plus_rdkit_descriptors,9,5
rdkit_ExactMolWt,0.0,0.0,0.0,XGBoost,provided_plus_rdkit_descriptors,9,5
rdkit_NumValenceElectrons,-4.382198,265.09555,479.81656,XGBoost,provided_plus_rdkit_descriptors,9,5
rdkit_MaxPartialCharge,-10033.8125,79981.97,63192.78,XGBoost,provided_plus_rdkit_descriptors,9,5
rdkit_MinPartialCharge,-8860.24,71529.26,38589.906,XGBoost,provided_plus_rdkit_descriptors,9,5
rdkit_MaxAbsPartialCharge,-2508.7524,11725.72,13031.12,XGBoost,provided_plus_rdkit_descriptors,9,5
rdkit_MinAbsPartialCharge,0.0,0.0,0.0,XGBoost,provided_plus_rdkit_descriptors,9,5
rdkit_FpDensityMorgan1,21783.197,41768.41,48185.23,XGBoost,provided_plus_rdkit_descriptors,9,5
rdkit_FpDensityMorgan2,2096.4995,40038.676,27227.053,XGBoost,provided_plus_rdkit_descriptors,9,5
rdkit_FpDensityMorgan3,758.5156,33719.16,37458.293,XGBoost,provided_plus_rdkit_descriptors,9,5
rdkit_BCUT2D_MWHI,-3237.792,14740.46,11267.873,XGBoost,provided_plus_rdkit_descriptors,9,5
rdkit_BCUT2D_MWLOW,-24352.195,95979.59,106149.29,XGBoost,provided_plus_rdkit_descriptors,9,5
rdkit_BCUT2D_CHGHI,12301.003,41130.26,31329.91,XGBoost,provided_plus_rdkit_descriptors,9,5
rdkit_BCUT2D_CHGLO,9197.384,19964.018,33526.863,XGBoost,provided_plus_rdkit_descriptors,9,5
rdkit_BCUT2D_LOGPHI,118.2294,1158.9841,1629.0317,XGBoost,provided_plus_rdkit_descriptors,9,5
rdkit_BCUT2D_LOGPLOW,674.0992,6818.6763,5099.236,XGBoost,provided_plus_rdkit_descriptors,9,5
rdkit_BCUT2D_MRHI,1557.7141,44709.227,36409.992,XGBoost,provided_plus_rdkit_descriptors,9,5
rdkit_BCUT2D_MRLOW,-1631.3619,31476.994,29113.367,XGBoost,provided_plus_rdkit_descriptors,9,5
rdkit_AvgIpc,3035.238,123720.92,206120.25,XGBoost,provided_plus_rdkit_descriptors,9,5
rdkit_BalabanJ,31640.598,71617.35,37956.613,XGBoost,provided_plus_rdkit_descriptors,9,5
rdkit_BertzCT,3388.8997,33313.69,16260.567,XGBoost,provided_plus_rdkit_descriptors,9,5
rdkit_Chi0,322.6654,1627.5842,3097.6306,XGBoost,provided_plus_rdkit_descriptors,9,5
rdkit_Chi0n,8793.095,38116.598,20963.93,XGBoost,provided_plus_rdkit_descriptors,9,5
rdkit_Chi0v,5932.243,56544.555,55369.32,XGBoost,provided_plus_rdkit_descriptors,9,5
rdkit_Chi1,80.410385,2068.9346,2875.2434,XGBoost,provided_plus_rdkit_descriptors,9,5
rdkit_Chi1n,-3985.0315,8193.356,7801.4346,XGBoost,provided_plus_rdkit_descriptors,9,5
rdkit_Chi1v,-695.21674,3242.2942,2518.456,XGBoost,provided_plus_rdkit_descriptors,9,5
rdkit_Chi2n,11468.165,20050.87,21707.94,XGBoost,provided_plus_rdkit_descriptors,9,5
rdkit_Chi2v,0.0,0.0,0.0,XGBoost,provided_plus_rdkit_descriptors,9,5
rdkit_Chi3n,547.1666,1774.6407,1135.9612,XGBoost,provided_plus_rdkit_descriptors,9,5
rdkit_Chi3v,687.12195,2776.1301,4351.63,XGBoost,provided_plus_rdkit_descriptors,9,5
rdkit_Chi4n,-114.019455,1524.989,1644.2235,XGBoost,provided_plus_rdkit_descriptors,9,5
rdkit_Chi4v,549.91766,1750.6677,2350.5525,XGBoost,provided_plus_rdkit_descriptors,9,5
rdkit_HallKierAlpha,-19429.361,291490.06,193083.89,XGBoost,provided_plus_rdkit_descriptors,9,5
rdkit_Ipc,-1004.5848,20915.213,19734.97,XGBoost,provided_plus_rdkit_descriptors,9,5
rdkit_Kappa1,12894.061,47233.336,44814.555,XGBoost,provided_plus_rdkit_descriptors,9,5
rdkit_Kappa2,1569.1548,13708.454,14882.316,XGBoost,provided_plus_rdkit_descriptors,9,5
rdkit_Kappa3,5235.132,27422.277,21586.51,XGBoost,provided_plus_rdkit_descriptors,9,5
rdkit_LabuteASA,0.0,0.0,0.0,XGBoost,provided_plus_rdkit_descriptors,9,5
rdkit_PEOE_VSA1,7622.7144,59842.56,56296.168,XGBoost,provided_plus_rdkit_descriptors,9,5
rdkit_PEOE_VSA10,4929.4595,13069.851,14928.62,XGBoost,provided_plus_rdkit_descriptors,9,5
rdkit_PEOE_VSA11,7626.024,42369.41,25478.688,XGBoost,provided_plus_rdkit_descriptors,9,5
rdkit_PEOE_VSA12,-66.83457,2114.8823,3648.4028,XGBoost,provided_plus_rdkit_descriptors,9,5
rdkit_PEOE_VSA14,0.0,0.0,0.0,XGBoost,provided_plus_rdkit_descriptors,9,5
rdkit_PEOE_VSA2,-72.724205,224.06137,444.89948,XGBoost,provided_plus_rdkit_descriptors,9,5
rdkit_PEOE_VSA3,0.0,0.0,0.0,XGBoost,provided_plus_rdkit_descriptors,9,5
rdkit_PEOE_VSA5,0.0,0.0,0.0,XGBoost,provided_plus_rdkit_descriptors,9,5
rdkit_PEOE_VSA6,0.0,0.0,0.0,XGBoost,provided_plus_rdkit_descriptors,9,5
rdkit_PEOE_VSA7,114.48095,3541.148,5480.262,XGBoost,provided_plus_rdkit_descriptors,9,5
rdkit_PEOE_VSA8,0.0,0.0,0.0,XGBoost,provided_plus_rdkit_descriptors,9,5
rdkit_PEOE_VSA9,805.3869,6287.052,6514.165,XGBoost,provided_plus_rdkit_descriptors,9,5
rdkit_SMR_VSA1,-51.084057,472.6666,623.0812,XGBoost,provided_plus_rdkit_descriptors,9,5
rdkit_SMR_VSA10,-273.51334,6618.1797,4805.4004,XGBoost,provided_plus_rdkit_descriptors,9,5
rdkit_SMR_VSA3,0.0,0.0,0.0,XGBoost,provided_plus_rdkit_descriptors,9,5
rdkit_SMR_VSA4,0.0,0.0,0.0,XGBoost,provided_plus_rdkit_descriptors,9,5
rdkit_SMR_VSA5,-3287.1316,13486.52,13375.229,XGBoost,provided_plus_rdkit_descriptors,9,5
rdkit_SMR_VSA6,511.91162,3920.6726,5746.8574,XGBoost,provided_plus_rdkit_descriptors,9,5
rdkit_SMR_VSA7,0.0,0.0,0.0,XGBoost,provided_plus_rdkit_descriptors,9,5
rdkit_SlogP_VSA1,0.0,0.0,0.0,XGBoost,provided_plus_rdkit_descriptors,9,5
rdkit_SlogP_VSA12,0.0,0.0,0.0,XGBoost,provided_plus_rdkit_descriptors,9,5
rdkit_SlogP_VSA2,2499.6187,7090.149,10923.732,XGBoost,provided_plus_rdkit_descriptors,9,5
rdkit_SlogP_VSA3,-9737.375,52105.62,36365.758,XGBoost,provided_plus_rdkit_descriptors,9,5
rdkit_SlogP_VSA4,0.0,0.0,0.0,XGBoost,provided_plus_rdkit_descriptors,9,5
rdkit_SlogP_VSA5,0.0,0.0,0.0,XGBoost,provided_plus_rdkit_descriptors,9,5
rdkit_SlogP_VSA6,0.0,0.0,0.0,XGBoost,provided_plus_rdkit_descriptors,9,5
rdkit_TPSA,1683.8542,31635.732,22303.479,XGBoost,provided_plus_rdkit_descriptors,9,5
rdkit_EState_VSA1,1098.0059,6769.0723,5995.751,XGBoost,provided_plus_rdkit_descriptors,9,5
rdkit_EState_VSA10,-5081.3184,567440.44,286148.47,XGBoost,provided_plus_rdkit_descriptors,9,5
rdkit_EState_VSA2,5889.3525,40145.895,111834.85,XGBoost,provided_plus_rdkit_descriptors,9,5
rdkit_EState_VSA3,0.0,0.0,0.0,XGBoost,provided_plus_rdkit_descriptors,9,5
rdkit_EState_VSA4,0.0,0.0,0.0,XGBoost,provided_plus_rdkit_descriptors,9,5
rdkit_EState_VSA5,-233.37782,1936.486,2168.6892,XGBoost,provided_plus_rdkit_descriptors,9,5
rdkit_EState_VSA6,0.0,0.0,0.0,XGBoost,provided_plus_rdkit_descriptors,9,5
rdkit_EState_VSA7,0.0,0.0,0.0,XGBoost,provided_plus_rdkit_descriptors,9,5
rdkit_EState_VSA8,171.97762,2552.64,4385.133,XGBoost,provided_plus_rdkit_descriptors,9,5
rdkit_EState_VSA9,9820.417,124100.28,71324.555,XGBoost,provided_plus_rdkit_descriptors,9,5
rdkit_VSA_EState1,-125.83062,1000.5494,1360.7684,XGBoost,provided_plus_rdkit_descriptors,9,5
rdkit_VSA_EState10,0.0,0.0,0.0,XGBoost,provided_plus_rdkit_descriptors,9,5
rdkit_VSA_EState2,2311.335,6406.0645,4687.2954,XGBoost,provided_plus_rdkit_descriptors,9,5
rdkit_VSA_EState3,15582.931,100644.98,87324.445,XGBoost,provided_plus_rdkit_descriptors,9,5
rdkit_VSA_EState4,0.0,0.0,0.0,XGBoost,provided_plus_rdkit_descriptors,9,5
rdkit_VSA_EState5,-580.1144,4539.355,4767.7104,XGBoost,provided_plus_rdkit_descriptors,9,5
rdkit_VSA_EState6,0.0,0.0,0.0,XGBoost,provided_plus_rdkit_descriptors,9,5
rdkit_VSA_EState7,22037.855,61466.414,47318.49,XGBoost,provided_plus_rdkit_descriptors,9,5
rdkit_VSA_EState8,-53973.918,180317.2,182778.61,XGBoost,provided_plus_rdkit_descriptors,9,5
rdkit_VSA_EState9,0.0,0.0,0.0,XGBoost,provided_plus_rdkit_descriptors,9,5
rdkit_FractionCSP3,-184.90169,1984.0044,1705.4257,XGBoost,provided_plus_rdkit_descriptors,9,5
rdkit_HeavyAtomCount,0.0,0.0,0.0,XGBoost,provided_plus_rdkit_descriptors,9,5
rdkit_NHOHCount,4779.7134,27389.145,16109.337,XGBoost,provided_plus_rdkit_descriptors,9,5
rdkit_NOCount,0.0,0.0,0.0,XGBoost,provided_plus_rdkit_descriptors,9,5
rdkit_NumAliphaticCarbocycles,0.0,0.0,0.0,XGBoost,provided_plus_rdkit_descriptors,9,5
rdkit_NumAliphaticHeterocycles,0.0,0.0,0.0,XGBoost,provided_plus_rdkit_descriptors,9,5
rdkit_NumAliphaticRings,0.0,0.0,0.0,XGBoost,provided_plus_rdkit_descriptors,9,5
rdkit_NumAmideBonds,0.0,0.0,0.0,XGBoost,provided_plus_rdkit_descriptors,9,5
rdkit_NumAtomStereoCenters,-1722.718,11469.673,18635.145,XGBoost,provided_plus_rdkit_descriptors,9,5
rdkit_NumBridgeheadAtoms,0.0,0.0,0.0,XGBoost,provided_plus_rdkit_descriptors,9,5
rdkit_NumHAcceptors,0.0,0.0,0.0,XGBoost,provided_plus_rdkit_descriptors,9,5
rdkit_NumHDonors,0.0,0.0,0.0,XGBoost,provided_plus_rdkit_descriptors,9,5
rdkit_NumHeteroatoms,0.0,0.0,0.0,XGBoost,provided_plus_rdkit_descriptors,9,5
rdkit_NumHeterocycles,0.0,0.0,0.0,XGBoost,provided_plus_rdkit_descriptors,9,5
rdkit_NumRotatableBonds,-1799.9889,3574.0317,4534.355,XGBoost,provided_plus_rdkit_descriptors,9,5
rdkit_NumSaturatedCarbocycles,0.0,0.0,0.0,XGBoost,provided_plus_rdkit_descriptors,9,5
rdkit_NumSaturatedHeterocycles,0.0,0.0,0.0,XGBoost,provided_plus_rdkit_descriptors,9,5
rdkit_NumSaturatedRings,0.0,0.0,0.0,XGBoost,provided_plus_rdkit_descriptors,9,5
rdkit_NumUnspecifiedAtomStereoCenters,-8.678393,7009.1797,14715.309,XGBoost,provided_plus_rdkit_descriptors,9,5
rdkit_Phi,-3517.776,7321.842,7407.444,XGBoost,provided_plus_rdkit_descriptors,9,5
rdkit_RingCount,0.0,0.0,0.0,XGBoost,provided_plus_rdkit_descriptors,9,5
rdkit_MolLogP,49916.953,112382.33,154060.0,XGBoost,provided_plus_rdkit_descriptors,9,5
rdkit_MolMR,7255.641,15052.128,24467.74,XGBoost,provided_plus_rdkit_descriptors,9,5
rdkit_fr_Al_COO,0.0,0.0,0.0,XGBoost,provided_plus_rdkit_descriptors,9,5
rdkit_fr_Al_OH,0.0,0.0,0.0,XGBoost,provided_plus_rdkit_descriptors,9,5
rdkit_fr_Al_OH_noTert,0.0,0.0,0.0,XGBoost,provided_plus_rdkit_descriptors,9,5
rdkit_fr_COO,0.0,0.0,0.0,XGBoost,provided_plus_rdkit_descriptors,9,5
rdkit_fr_COO2,0.0,0.0,0.0,XGBoost,provided_plus_rdkit_descriptors,9,5
rdkit_fr_C_O,0.0,0.0,0.0,XGBoost,provided_plus_rdkit_descriptors,9,5
rdkit_fr_C_O_noCOO,0.0,0.0,0.0,XGBoost,provided_plus_rdkit_descriptors,9,5
rdkit_fr_NH1,0.0,0.0,0.0,XGBoost,provided_plus_rdkit_descriptors,9,5
rdkit_fr_NH2,0.0,0.0,0.0,XGBoost,provided_plus_rdkit_descriptors,9,5
rdkit_fr_aldehyde,161.3682,1768.6473,2312.9055,XGBoost,provided_plus_rdkit_descriptors,9,5
rdkit_fr_alkyl_halide,0.0,0.0,0.0,XGBoost,provided_plus_rdkit_descriptors,9,5
rdkit_fr_allylic_oxid,0.0,0.0,0.0,XGBoost,provided_plus_rdkit_descriptors,9,5
rdkit_fr_amide,0.0,0.0,0.0,XGBoost,provided_plus_rdkit_descriptors,9,5
rdkit_fr_bicyclic,0.0,0.0,0.0,XGBoost,provided_plus_rdkit_descriptors,9,5
rdkit_fr_ether,0.0,0.0,0.0,XGBoost,provided_plus_rdkit_descriptors,9,5
rdkit_fr_halogen,0.0,0.0,0.0,XGBoost,provided_plus_rdkit_descriptors,9,5
rdkit_fr_ketone,0.0,0.0,0.0,XGBoost,provided_plus_rdkit_descriptors,9,5
rdkit_fr_ketone_Topliss,0.0,0.0,0.0,XGBoost,provided_plus_rdkit_descriptors,9,5
rdkit_fr_methoxy,0.0,0.0,0.0,XGBoost,provided_plus_rdkit_descriptors,9,5
rdkit_fr_phos_acid,0.0,0.0,0.0,XGBoost,provided_plus_rdkit_descriptors,9,5
rdkit_fr_phos_ester,0.0,0.0,0.0,XGBoost,provided_plus_rdkit_descriptors,9,5
Molecular weight (Da),-3587.939,16210.267,17993.648,XGBoost,provided_plus_rdkit_descriptors,10,1
Solubility (mg/mL),-91227.0,545117.3,535845.9,XGBoost,provided_plus_rdkit_descriptors,10,1
"Glass transition temperature (Tg, degC)",23523.787,210523.66,172829.98,XGBoost,provided_plus_rdkit_descriptors,10,1
Viscosity (mPa.s),4037.4495,195907.42,141722.03,XGBoost,provided_plus_rdkit_descriptors,10,1
Concentration (% w/v),50448.312,233865.27,106382.56,XGBoost,provided_plus_rdkit_descriptors,10,1
rdkit_MaxAbsEStateIndex,-54075.207,73012.805,100858.805,XGBoost,provided_plus_rdkit_descriptors,10,1
rdkit_MaxEStateIndex,0.0,0.0,0.0,XGBoost,provided_plus_rdkit_descriptors,10,1
rdkit_MinAbsEStateIndex,-30913.363,118021.2,214426.27,XGBoost,provided_plus_rdkit_descriptors,10,1
rdkit_MinEStateIndex,16628.156,108702.08,75678.18,XGBoost,provided_plus_rdkit_descriptors,10,1
rdkit_qed,-4357.498,25835.037,19908.902,XGBoost,provided_plus_rdkit_descriptors,10,1
rdkit_SPS,20150.637,36079.375,28620.51,XGBoost,provided_plus_rdkit_descriptors,10,1
rdkit_MolWt,0.0,0.0,0.0,XGBoost,provided_plus_rdkit_descriptors,10,1
rdkit_HeavyAtomMolWt,0.0,0.0,0.0,XGBoost,provided_plus_rdkit_descriptors,10,1
rdkit_ExactMolWt,0.0,0.0,0.0,XGBoost,provided_plus_rdkit_descriptors,10,1
rdkit_NumValenceElectrons,0.0,0.0,0.0,XGBoost,provided_plus_rdkit_descriptors,10,1
rdkit_MaxPartialCharge,-38600.88,96010.34,81095.766,XGBoost,provided_plus_rdkit_descriptors,10,1
rdkit_MinPartialCharge,10010.762,54210.457,32697.852,XGBoost,provided_plus_rdkit_descriptors,10,1
rdkit_MaxAbsPartialCharge,-6127.2656,12554.548,13228.217,XGBoost,provided_plus_rdkit_descriptors,10,1
rdkit_MinAbsPartialCharge,0.0,0.0,0.0,XGBoost,provided_plus_rdkit_descriptors,10,1
rdkit_FpDensityMorgan1,14309.543,33683.824,31300.2,XGBoost,provided_plus_rdkit_descriptors,10,1
rdkit_FpDensityMorgan2,1232.6152,29577.13,21824.719,XGBoost,provided_plus_rdkit_descriptors,10,1
rdkit_FpDensityMorgan3,-8301.066,61607.902,39040.906,XGBoost,provided_plus_rdkit_descriptors,10,1
rdkit_BCUT2D_MWHI,-3556.0974,18085.867,13071.001,XGBoost,provided_plus_rdkit_descriptors,10,1
rdkit_BCUT2D_MWLOW,3211.0618,48540.395,40971.16,XGBoost,provided_plus_rdkit_descriptors,10,1
rdkit_BCUT2D_CHGHI,4021.4907,17465.025,12418.374,XGBoost,provided_plus_rdkit_descriptors,10,1
rdkit_BCUT2D_CHGLO,-3497.2124,40524.547,22155.057,XGBoost,provided_plus_rdkit_descriptors,10,1
rdkit_BCUT2D_LOGPHI,1017.27167,3321.0793,5378.97,XGBoost,provided_plus_rdkit_descriptors,10,1
rdkit_BCUT2D_LOGPLOW,856.9391,2479.5515,2579.6953,XGBoost,provided_plus_rdkit_descriptors,10,1
rdkit_BCUT2D_MRHI,7357.1943,71059.76,60535.66,XGBoost,provided_plus_rdkit_descriptors,10,1
rdkit_BCUT2D_MRLOW,2335.094,23588.68,23133.414,XGBoost,provided_plus_rdkit_descriptors,10,1
rdkit_AvgIpc,-65539.375,137671.62,118225.734,XGBoost,provided_plus_rdkit_descriptors,10,1
rdkit_BalabanJ,-3395.4204,23132.303,20397.834,XGBoost,provided_plus_rdkit_descriptors,10,1
rdkit_BertzCT,10757.865,13531.723,13867.008,XGBoost,provided_plus_rdkit_descriptors,10,1
rdkit_Chi0,-2357.554,16262.225,14696.511,XGBoost,provided_plus_rdkit_descriptors,10,1
rdkit_Chi0n,-4792.1675,23261.768,17473.484,XGBoost,provided_plus_rdkit_descriptors,10,1
rdkit_Chi0v,13930.752,65379.32,78828.2,XGBoost,provided_plus_rdkit_descriptors,10,1
rdkit_Chi1,1948.5911,2622.2356,1840.964,XGBoost,provided_plus_rdkit_descriptors,10,1
rdkit_Chi1n,-3207.057,6047.0303,4576.927,XGBoost,provided_plus_rdkit_descriptors,10,1
rdkit_Chi1v,1134.814,9627.24,11819.26,XGBoost,provided_plus_rdkit_descriptors,10,1
rdkit_Chi2n,1348.6215,4038.0151,3685.8928,XGBoost,provided_plus_rdkit_descriptors,10,1
rdkit_Chi2v,1863.0555,3623.066,7597.2925,XGBoost,provided_plus_rdkit_descriptors,10,1
rdkit_Chi3n,0.0,0.0,0.0,XGBoost,provided_plus_rdkit_descriptors,10,1
rdkit_Chi3v,-1183.7504,2589.9917,1805.3604,XGBoost,provided_plus_rdkit_descriptors,10,1
rdkit_Chi4n,0.0,0.0,0.0,XGBoost,provided_plus_rdkit_descriptors,10,1
rdkit_Chi4v,-695.7307,2473.687,2353.243,XGBoost,provided_plus_rdkit_descriptors,10,1
rdkit_HallKierAlpha,-2643.0083,111273.05,53398.492,XGBoost,provided_plus_rdkit_descriptors,10,1
rdkit_Ipc,-4878.0825,8852.949,7670.8647,XGBoost,provided_plus_rdkit_descriptors,10,1
rdkit_Kappa1,-5517.8906,15282.7705,14928.609,XGBoost,provided_plus_rdkit_descriptors,10,1
rdkit_Kappa2,105.32337,7277.493,6742.299,XGBoost,provided_plus_rdkit_descriptors,10,1
rdkit_Kappa3,2273.8152,16162.872,13827.735,XGBoost,provided_plus_rdkit_descriptors,10,1
rdkit_LabuteASA,0.0,0.0,0.0,XGBoost,provided_plus_rdkit_descriptors,10,1
rdkit_PEOE_VSA1,-2708.796,18684.344,14599.729,XGBoost,provided_plus_rdkit_descriptors,10,1
rdkit_PEOE_VSA10,-4261.662,5263.9424,8539.117,XGBoost,provided_plus_rdkit_descriptors,10,1
rdkit_PEOE_VSA11,-26929.62,94939.29,69194.586,XGBoost,provided_plus_rdkit_descriptors,10,1
rdkit_PEOE_VSA12,-579.45197,4993.3604,6290.0527,XGBoost,provided_plus_rdkit_descriptors,10,1
rdkit_PEOE_VSA14,0.0,0.0,0.0,XGBoost,provided_plus_rdkit_descriptors,10,1
rdkit_PEOE_VSA2,0.0,0.0,0.0,XGBoost,provided_plus_rdkit_descriptors,10,1
rdkit_PEOE_VSA3,0.0,0.0,0.0,XGBoost,provided_plus_rdkit_descriptors,10,1
rdkit_PEOE_VSA5,0.0,0.0,0.0,XGBoost,provided_plus_rdkit_descriptors,10,1
rdkit_PEOE_VSA6,0.0,0.0,0.0,XGBoost,provided_plus_rdkit_descriptors,10,1
rdkit_PEOE_VSA7,0.0,0.0,0.0,XGBoost,provided_plus_rdkit_descriptors,10,1
rdkit_PEOE_VSA8,1676.1959,8205.041,23756.955,XGBoost,provided_plus_rdkit_descriptors,10,1
rdkit_PEOE_VSA9,-655.32324,3081.2957,3208.8247,XGBoost,provided_plus_rdkit_descriptors,10,1
rdkit_SMR_VSA1,90.80309,491.34915,731.8574,XGBoost,provided_plus_rdkit_descriptors,10,1
rdkit_SMR_VSA10,-329.85123,9184.616,15796.02,XGBoost,provided_plus_rdkit_descriptors,10,1
rdkit_SMR_VSA3,-33.019054,119.763695,178.52347,XGBoost,provided_plus_rdkit_descriptors,10,1
rdkit_SMR_VSA4,117.065475,117.929375,61.78254,XGBoost,provided_plus_rdkit_descriptors,10,1
rdkit_SMR_VSA5,-3927.792,13242.387,10582.836,XGBoost,provided_plus_rdkit_descriptors,10,1
rdkit_SMR_VSA6,288.28705,565.42993,496.51678,XGBoost,provided_plus_rdkit_descriptors,10,1
rdkit_SMR_VSA7,0.0,0.0,0.0,XGBoost,provided_plus_rdkit_descriptors,10,1
rdkit_SlogP_VSA1,0.0,0.0,0.0,XGBoost,provided_plus_rdkit_descriptors,10,1
rdkit_SlogP_VSA12,0.0,0.0,0.0,XGBoost,provided_plus_rdkit_descriptors,10,1
rdkit_SlogP_VSA2,-2870.1323,10043.448,8134.4736,XGBoost,provided_plus_rdkit_descriptors,10,1
rdkit_SlogP_VSA3,-71942.83,130143.55,90995.66,XGBoost,provided_plus_rdkit_descriptors,10,1
rdkit_SlogP_VSA4,0.0,0.0,0.0,XGBoost,provided_plus_rdkit_descriptors,10,1
rdkit_SlogP_VSA5,0.0,0.0,0.0,XGBoost,provided_plus_rdkit_descriptors,10,1
rdkit_SlogP_VSA6,0.0,0.0,0.0,XGBoost,provided_plus_rdkit_descriptors,10,1
rdkit_TPSA,-28.858263,68.88714,124.13142,XGBoost,provided_plus_rdkit_descriptors,10,1
rdkit_EState_VSA1,-503.0084,954.0906,1416.7512,XGBoost,provided_plus_rdkit_descriptors,10,1
rdkit_EState_VSA10,141030.27,635550.44,212776.45,XGBoost,provided_plus_rdkit_descriptors,10,1
rdkit_EState_VSA2,-22.990396,19455.707,41153.996,XGBoost,provided_plus_rdkit_descriptors,10,1
rdkit_EState_VSA3,-3369.7375,8523.796,19644.23,XGBoost,provided_plus_rdkit_descriptors,10,1
rdkit_EState_VSA4,0.0,0.0,0.0,XGBoost,provided_plus_rdkit_descriptors,10,1
rdkit_EState_VSA5,739.68427,3375.4946,4163.73,XGBoost,provided_plus_rdkit_descriptors,10,1
rdkit_EState_VSA6,0.0,0.0,0.0,XGBoost,provided_plus_rdkit_descriptors,10,1
rdkit_EState_VSA7,0.0,0.0,0.0,XGBoost,provided_plus_rdkit_descriptors,10,1
rdkit_EState_VSA8,949.9532,4518.5293,5542.7866,XGBoost,provided_plus_rdkit_descriptors,10,1
rdkit_EState_VSA9,-37190.285,134778.5,78475.24,XGBoost,provided_plus_rdkit_descriptors,10,1
rdkit_VSA_EState1,-413.6426,5745.014,3964.133,XGBoost,provided_plus_rdkit_descriptors,10,1
rdkit_VSA_EState10,0.0,0.0,0.0,XGBoost,provided_plus_rdkit_descriptors,10,1
rdkit_VSA_EState2,-1606.3982,47693.41,24911.148,XGBoost,provided_plus_rdkit_descriptors,10,1
rdkit_VSA_EState3,3128.81,37218.445,21736.889,XGBoost,provided_plus_rdkit_descriptors,10,1
rdkit_VSA_EState4,0.0,0.0,0.0,XGBoost,provided_plus_rdkit_descriptors,10,1
rdkit_VSA_EState5,-2873.6187,4857.241,4364.2593,XGBoost,provided_plus_rdkit_descriptors,10,1
rdkit_VSA_EState6,0.0,0.0,0.0,XGBoost,provided_plus_rdkit_descriptors,10,1
rdkit_VSA_EState7,29379.57,36988.133,34434.95,XGBoost,provided_plus_rdkit_descriptors,10,1
rdkit_VSA_EState8,-53627.023,160632.22,187442.44,XGBoost,provided_plus_rdkit_descriptors,10,1
rdkit_VSA_EState9,0.0,0.0,0.0,XGBoost,provided_plus_rdkit_descriptors,10,1
rdkit_FractionCSP3,-308.26834,4795.431,5156.515,XGBoost,provided_plus_rdkit_descriptors,10,1
rdkit_HeavyAtomCount,0.0,0.0,0.0,XGBoost,provided_plus_rdkit_descriptors,10,1
rdkit_NHOHCount,0.0,0.0,0.0,XGBoost,provided_plus_rdkit_descriptors,10,1
rdkit_NOCount,0.0,0.0,0.0,XGBoost,provided_plus_rdkit_descriptors,10,1
rdkit_NumAliphaticCarbocycles,0.0,0.0,0.0,XGBoost,provided_plus_rdkit_descriptors,10,1
rdkit_NumAliphaticHeterocycles,0.0,0.0,0.0,XGBoost,provided_plus_rdkit_descriptors,10,1
rdkit_NumAliphaticRings,0.0,0.0,0.0,XGBoost,provided_plus_rdkit_descriptors,10,1
rdkit_NumAmideBonds,0.0,0.0,0.0,XGBoost,provided_plus_rdkit_descriptors,10,1
rdkit_NumAtomStereoCenters,9000.704,12776.447,14117.8955,XGBoost,provided_plus_rdkit_descriptors,10,1
rdkit_NumBridgeheadAtoms,0.0,0.0,0.0,XGBoost,provided_plus_rdkit_descriptors,10,1
rdkit_NumHAcceptors,-189.74161,1534.7001,1910.9359,XGBoost,provided_plus_rdkit_descriptors,10,1
rdkit_NumHDonors,0.0,0.0,0.0,XGBoost,provided_plus_rdkit_descriptors,10,1
rdkit_NumHeteroatoms,0.0,0.0,0.0,XGBoost,provided_plus_rdkit_descriptors,10,1
rdkit_NumHeterocycles,0.0,0.0,0.0,XGBoost,provided_plus_rdkit_descriptors,10,1
rdkit_NumRotatableBonds,209.05186,3126.819,3571.0708,XGBoost,provided_plus_rdkit_descriptors,10,1
rdkit_NumSaturatedCarbocycles,0.0,0.0,0.0,XGBoost,provided_plus_rdkit_descriptors,10,1
rdkit_NumSaturatedHeterocycles,0.0,0.0,0.0,XGBoost,provided_plus_rdkit_descriptors,10,1
rdkit_NumSaturatedRings,0.0,0.0,0.0,XGBoost,provided_plus_rdkit_descriptors,10,1
rdkit_NumUnspecifiedAtomStereoCenters,5739.7866,15127.422,21856.893,XGBoost,provided_plus_rdkit_descriptors,10,1
rdkit_Phi,-3439.7188,12841.819,10451.394,XGBoost,provided_plus_rdkit_descriptors,10,1
rdkit_RingCount,0.0,0.0,0.0,XGBoost,provided_plus_rdkit_descriptors,10,1
rdkit_MolLogP,-8259.563,120623.945,58607.266,XGBoost,provided_plus_rdkit_descriptors,10,1
rdkit_MolMR,472.48224,10377.418,13159.358,XGBoost,provided_plus_rdkit_descriptors,10,1
rdkit_fr_Al_COO,0.0,0.0,0.0,XGBoost,provided_plus_rdkit_descriptors,10,1
rdkit_fr_Al_OH,0.0,0.0,0.0,XGBoost,provided_plus_rdkit_descriptors,10,1
rdkit_fr_Al_OH_noTert,0.0,0.0,0.0,XGBoost,provided_plus_rdkit_descriptors,10,1
rdkit_fr_COO,0.0,0.0,0.0,XGBoost,provided_plus_rdkit_descriptors,10,1
rdkit_fr_COO2,0.0,0.0,0.0,XGBoost,provided_plus_rdkit_descriptors,10,1
rdkit_fr_C_O,0.0,0.0,0.0,XGBoost,provided_plus_rdkit_descriptors,10,1
rdkit_fr_C_O_noCOO,0.0,0.0,0.0,XGBoost,provided_plus_rdkit_descriptors,10,1
rdkit_fr_NH1,0.0,0.0,0.0,XGBoost,provided_plus_rdkit_descriptors,10,1
rdkit_fr_NH2,0.0,0.0,0.0,XGBoost,provided_plus_rdkit_descriptors,10,1
rdkit_fr_aldehyde,0.0,0.0,0.0,XGBoost,provided_plus_rdkit_descriptors,10,1
rdkit_fr_alkyl_halide,0.0,0.0,0.0,XGBoost,provided_plus_rdkit_descriptors,10,1
rdkit_fr_allylic_oxid,0.0,0.0,0.0,XGBoost,provided_plus_rdkit_descriptors,10,1
rdkit_fr_amide,0.0,0.0,0.0,XGBoost,provided_plus_rdkit_descriptors,10,1
rdkit_fr_bicyclic,0.0,0.0,0.0,XGBoost,provided_plus_rdkit_descriptors,10,1
rdkit_fr_ether,207.05241,2192.8164,1134.6863,XGBoost,provided_plus_rdkit_descriptors,10,1
rdkit_fr_halogen,0.0,0.0,0.0,XGBoost,provided_plus_rdkit_descriptors,10,1
rdkit_fr_ketone,331.57657,1263.3383,2587.0461,XGBoost,provided_plus_rdkit_descriptors,10,1
rdkit_fr_ketone_Topliss,0.0,0.0,0.0,XGBoost,provided_plus_rdkit_descriptors,10,1
rdkit_fr_methoxy,0.0,0.0,0.0,XGBoost,provided_plus_rdkit_descriptors,10,1
rdkit_fr_phos_acid,0.0,0.0,0.0,XGBoost,provided_plus_rdkit_descriptors,10,1
rdkit_fr_phos_ester,0.0,0.0,0.0,XGBoost,provided_plus_rdkit_descriptors,10,1
Molecular weight (Da),-17979.258,55800.246,52612.016,XGBoost,provided_plus_rdkit_descriptors,10,2
Solubility (mg/mL),-39339.426,559302.3,618417.3,XGBoost,provided_plus_rdkit_descriptors,10,2
"Glass transition temperature (Tg, degC)",-20646.012,169566.0,148069.16,XGBoost,provided_plus_rdkit_descriptors,10,2
Viscosity (mPa.s),1221.8854,258572.92,200153.05,XGBoost,provided_plus_rdkit_descriptors,10,2
Concentration (% w/v),-46506.555,232113.98,136799.73,XGBoost,provided_plus_rdkit_descriptors,10,2
rdkit_MaxAbsEStateIndex,-8458.169,45008.836,35175.562,XGBoost,provided_plus_rdkit_descriptors,10,2
rdkit_MaxEStateIndex,0.0,0.0,0.0,XGBoost,provided_plus_rdkit_descriptors,10,2
rdkit_MinAbsEStateIndex,-1246.2971,49649.027,55729.047,XGBoost,provided_plus_rdkit_descriptors,10,2
rdkit_MinEStateIndex,-4247.1025,19135.512,14836.368,XGBoost,provided_plus_rdkit_descriptors,10,2
rdkit_qed,-23556.033,137923.14,117944.86,XGBoost,provided_plus_rdkit_descriptors,10,2
rdkit_SPS,11629.108,58981.82,58248.87,XGBoost,provided_plus_rdkit_descriptors,10,2
rdkit_MolWt,0.0,0.0,0.0,XGBoost,provided_plus_rdkit_descriptors,10,2
rdkit_HeavyAtomMolWt,0.0,0.0,0.0,XGBoost,provided_plus_rdkit_descriptors,10,2
rdkit_ExactMolWt,0.0,0.0,0.0,XGBoost,provided_plus_rdkit_descriptors,10,2
rdkit_NumValenceElectrons,-191.50006,586.6737,833.83435,XGBoost,provided_plus_rdkit_descriptors,10,2
rdkit_MaxPartialCharge,-35391.98,112724.14,102886.76,XGBoost,provided_plus_rdkit_descriptors,10,2
rdkit_MinPartialCharge,-12631.4,83389.8,66361.34,XGBoost,provided_plus_rdkit_descriptors,10,2
rdkit_MaxAbsPartialCharge,1596.8364,9293.875,8703.8125,XGBoost,provided_plus_rdkit_descriptors,10,2
rdkit_MinAbsPartialCharge,0.0,0.0,0.0,XGBoost,provided_plus_rdkit_descriptors,10,2
rdkit_FpDensityMorgan1,24929.566,57795.7,46583.08,XGBoost,provided_plus_rdkit_descriptors,10,2
rdkit_FpDensityMorgan2,-3478.0159,18531.838,14258.244,XGBoost,provided_plus_rdkit_descriptors,10,2
rdkit_FpDensityMorgan3,16734.217,77787.25,51960.44,XGBoost,provided_plus_rdkit_descriptors,10,2
rdkit_BCUT2D_MWHI,10513.487,25092.572,33310.734,XGBoost,provided_plus_rdkit_descriptors,10,2
rdkit_BCUT2D_MWLOW,-2884.2942,32244.281,29464.938,XGBoost,provided_plus_rdkit_descriptors,10,2
rdkit_BCUT2D_CHGHI,3869.7927,19938.008,14534.14,XGBoost,provided_plus_rdkit_descriptors,10,2
rdkit_BCUT2D_CHGLO,1724.7268,10325.529,14742.726,XGBoost,provided_plus_rdkit_descriptors,10,2
rdkit_BCUT2D_LOGPHI,-332.999,2569.027,2873.4531,XGBoost,provided_plus_rdkit_descriptors,10,2
rdkit_BCUT2D_LOGPLOW,-12.325234,274.4854,503.37433,XGBoost,provided_plus_rdkit_descriptors,10,2
rdkit_BCUT2D_MRHI,7275.857,82581.58,108086.34,XGBoost,provided_plus_rdkit_descriptors,10,2
rdkit_BCUT2D_MRLOW,-1709.8264,7014.0137,6575.723,XGBoost,provided_plus_rdkit_descriptors,10,2
rdkit_AvgIpc,-44181.566,76152.61,81482.0,XGBoost,provided_plus_rdkit_descriptors,10,2
rdkit_BalabanJ,-7108.51,24344.69,22989.46,XGBoost,provided_plus_rdkit_descriptors,10,2
rdkit_BertzCT,3348.4065,5253.4526,6116.624,XGBoost,provided_plus_rdkit_descriptors,10,2
rdkit_Chi0,0.0,0.0,0.0,XGBoost,provided_plus_rdkit_descriptors,10,2
rdkit_Chi0n,-1726.8126,3900.7751,4478.237,XGBoost,provided_plus_rdkit_descriptors,10,2
rdkit_Chi0v,310.6728,8439.846,5892.5205,XGBoost,provided_plus_rdkit_descriptors,10,2
rdkit_Chi1,2336.9438,5877.665,4648.045,XGBoost,provided_plus_rdkit_descriptors,10,2
rdkit_Chi1n,0.0,0.0,0.0,XGBoost,provided_plus_rdkit_descriptors,10,2
rdkit_Chi1v,0.0,0.0,0.0,XGBoost,provided_plus_rdkit_descriptors,10,2
rdkit_Chi2n,2296.6357,9154.634,5153.056,XGBoost,provided_plus_rdkit_descriptors,10,2
rdkit_Chi2v,0.0,0.0,0.0,XGBoost,provided_plus_rdkit_descriptors,10,2
rdkit_Chi3n,-1024.6018,2702.159,2681.9448,XGBoost,provided_plus_rdkit_descriptors,10,2
rdkit_Chi3v,672.25757,1379.5667,1377.283,XGBoost,provided_plus_rdkit_descriptors,10,2
rdkit_Chi4n,756.21484,6183.1855,5324.5454,XGBoost,provided_plus_rdkit_descriptors,10,2
rdkit_Chi4v,0.0,0.0,0.0,XGBoost,provided_plus_rdkit_descriptors,10,2
rdkit_HallKierAlpha,9892.449,95631.25,50433.516,XGBoost,provided_plus_rdkit_descriptors,10,2
rdkit_Ipc,-740.2151,3429.6108,2546.9675,XGBoost,provided_plus_rdkit_descriptors,10,2
rdkit_Kappa1,-586.98883,4437.2427,4194.338,XGBoost,provided_plus_rdkit_descriptors,10,2
rdkit_Kappa2,-3325.5063,10071.71,9633.86,XGBoost,provided_plus_rdkit_descriptors,10,2
rdkit_Kappa3,-6980.26,12596.832,9741.386,XGBoost,provided_plus_rdkit_descriptors,10,2
rdkit_LabuteASA,0.0,0.0,0.0,XGBoost,provided_plus_rdkit_descriptors,10,2
rdkit_PEOE_VSA1,-3440.8464,52969.098,38921.52,XGBoost,provided_plus_rdkit_descriptors,10,2
rdkit_PEOE_VSA10,-1866.6737,3733.185,4344.7495,XGBoost,provided_plus_rdkit_descriptors,10,2
rdkit_PEOE_VSA11,46233.19,92611.37,59274.2,XGBoost,provided_plus_rdkit_descriptors,10,2
rdkit_PEOE_VSA12,0.0,0.0,0.0,XGBoost,provided_plus_rdkit_descriptors,10,2
rdkit_PEOE_VSA14,0.0,0.0,0.0,XGBoost,provided_plus_rdkit_descriptors,10,2
rdkit_PEOE_VSA2,0.0,0.0,0.0,XGBoost,provided_plus_rdkit_descriptors,10,2
rdkit_PEOE_VSA3,0.0,0.0,0.0,XGBoost,provided_plus_rdkit_descriptors,10,2
rdkit_PEOE_VSA5,0.0,0.0,0.0,XGBoost,provided_plus_rdkit_descriptors,10,2
rdkit_PEOE_VSA6,66.30431,395.24866,1244.3273,XGBoost,provided_plus_rdkit_descriptors,10,2
rdkit_PEOE_VSA7,0.0,0.0,0.0,XGBoost,provided_plus_rdkit_descriptors,10,2
rdkit_PEOE_VSA8,0.0,0.0,0.0,XGBoost,provided_plus_rdkit_descriptors,10,2
rdkit_PEOE_VSA9,-487.76566,1301.0532,1731.977,XGBoost,provided_plus_rdkit_descriptors,10,2
rdkit_SMR_VSA1,2363.4045,4203.507,4477.2295,XGBoost,provided_plus_rdkit_descriptors,10,2
rdkit_SMR_VSA10,-104.48755,1799.5387,4454.5723,XGBoost,provided_plus_rdkit_descriptors,10,2
rdkit_SMR_VSA3,0.0,0.0,0.0,XGBoost,provided_plus_rdkit_descriptors,10,2
rdkit_SMR_VSA4,-1431.5005,1431.5005,564.2078,XGBoost,provided_plus_rdkit_descriptors,10,2
rdkit_SMR_VSA5,1630.7942,6995.0396,6489.446,XGBoost,provided_plus_rdkit_descriptors,10,2
rdkit_SMR_VSA6,375.68704,1331.0605,1964.052,XGBoost,provided_plus_rdkit_descriptors,10,2
rdkit_SMR_VSA7,0.0,0.0,0.0,XGBoost,provided_plus_rdkit_descriptors,10,2
rdkit_SlogP_VSA1,0.0,0.0,0.0,XGBoost,provided_plus_rdkit_descriptors,10,2
rdkit_SlogP_VSA12,0.0,0.0,0.0,XGBoost,provided_plus_rdkit_descriptors,10,2
rdkit_SlogP_VSA2,0.0,0.0,0.0,XGBoost,provided_plus_rdkit_descriptors,10,2
rdkit_SlogP_VSA3,22593.738,57609.836,44561.586,XGBoost,provided_plus_rdkit_descriptors,10,2
rdkit_SlogP_VSA4,0.0,0.0,0.0,XGBoost,provided_plus_rdkit_descriptors,10,2
rdkit_SlogP_VSA5,-3111.7568,10756.111,12457.599,XGBoost,provided_plus_rdkit_descriptors,10,2
rdkit_SlogP_VSA6,0.0,0.0,0.0,XGBoost,provided_plus_rdkit_descriptors,10,2
rdkit_TPSA,0.0,0.0,0.0,XGBoost,provided_plus_rdkit_descriptors,10,2
rdkit_EState_VSA1,8264.055,54197.566,41686.633,XGBoost,provided_plus_rdkit_descriptors,10,2
rdkit_EState_VSA10,142527.84,606849.7,212091.23,XGBoost,provided_plus_rdkit_descriptors,10,2
rdkit_EState_VSA2,-6372.1675,19066.37,31472.736,XGBoost,provided_plus_rdkit_descriptors,10,2
rdkit_EState_VSA3,347.86588,668.2136,2197.7512,XGBoost,provided_plus_rdkit_descriptors,10,2
rdkit_EState_VSA4,0.0,0.0,0.0,XGBoost,provided_plus_rdkit_descriptors,10,2
rdkit_EState_VSA5,0.0,0.0,0.0,XGBoost,provided_plus_rdkit_descriptors,10,2
rdkit_EState_VSA6,0.0,0.0,0.0,XGBoost,provided_plus_rdkit_descriptors,10,2
rdkit_EState_VSA7,0.0,0.0,0.0,XGBoost,provided_plus_rdkit_descriptors,10,2
rdkit_EState_VSA8,-356.72852,819.1993,709.93005,XGBoost,provided_plus_rdkit_descriptors,10,2
rdkit_EState_VSA9,-12092.863,40825.94,31608.057,XGBoost,provided_plus_rdkit_descriptors,10,2
rdkit_VSA_EState1,1615.3508,7427.729,8301.9,XGBoost,provided_plus_rdkit_descriptors,10,2
rdkit_VSA_EState10,0.0,0.0,0.0,XGBoost,provided_plus_rdkit_descriptors,10,2
rdkit_VSA_EState2,26587.781,51465.07,40415.92,XGBoost,provided_plus_rdkit_descriptors,10,2
rdkit_VSA_EState3,43487.82,106262.73,56339.973,XGBoost,provided_plus_rdkit_descriptors,10,2
rdkit_VSA_EState4,0.0,0.0,0.0,XGBoost,provided_plus_rdkit_descriptors,10,2
rdkit_VSA_EState5,-1648.6588,2404.2354,2731.4453,XGBoost,provided_plus_rdkit_descriptors,10,2
rdkit_VSA_EState6,0.0,0.0,0.0,XGBoost,provided_plus_rdkit_descriptors,10,2
rdkit_VSA_EState7,2308.378,27032.164,20183.908,XGBoost,provided_plus_rdkit_descriptors,10,2
rdkit_VSA_EState8,14089.851,158852.61,130659.77,XGBoost,provided_plus_rdkit_descriptors,10,2
rdkit_VSA_EState9,0.0,0.0,0.0,XGBoost,provided_plus_rdkit_descriptors,10,2
rdkit_FractionCSP3,221.88692,1030.8247,1300.6053,XGBoost,provided_plus_rdkit_descriptors,10,2
rdkit_HeavyAtomCount,0.0,0.0,0.0,XGBoost,provided_plus_rdkit_descriptors,10,2
rdkit_NHOHCount,0.0,0.0,0.0,XGBoost,provided_plus_rdkit_descriptors,10,2
rdkit_NOCount,0.0,0.0,0.0,XGBoost,provided_plus_rdkit_descriptors,10,2
rdkit_NumAliphaticCarbocycles,0.0,0.0,0.0,XGBoost,provided_plus_rdkit_descriptors,10,2
rdkit_NumAliphaticHeterocycles,0.0,0.0,0.0,XGBoost,provided_plus_rdkit_descriptors,10,2
rdkit_NumAliphaticRings,0.0,0.0,0.0,XGBoost,provided_plus_rdkit_descriptors,10,2
rdkit_NumAmideBonds,0.0,0.0,0.0,XGBoost,provided_plus_rdkit_descriptors,10,2
rdkit_NumAtomStereoCenters,445.06674,734.6827,1042.2141,XGBoost,provided_plus_rdkit_descriptors,10,2
rdkit_NumBridgeheadAtoms,0.0,0.0,0.0,XGBoost,provided_plus_rdkit_descriptors,10,2
rdkit_NumHAcceptors,0.0,0.0,0.0,XGBoost,provided_plus_rdkit_descriptors,10,2
rdkit_NumHDonors,0.0,0.0,0.0,XGBoost,provided_plus_rdkit_descriptors,10,2
rdkit_NumHeteroatoms,-165.09203,3579.9507,3017.7288,XGBoost,provided_plus_rdkit_descriptors,10,2
rdkit_NumHeterocycles,0.0,0.0,0.0,XGBoost,provided_plus_rdkit_descriptors,10,2
rdkit_NumRotatableBonds,815.84784,2646.0906,5147.2915,XGBoost,provided_plus_rdkit_descriptors,10,2
rdkit_NumSaturatedCarbocycles,0.0,0.0,0.0,XGBoost,provided_plus_rdkit_descriptors,10,2
rdkit_NumSaturatedHeterocycles,0.0,0.0,0.0,XGBoost,provided_plus_rdkit_descriptors,10,2
rdkit_NumSaturatedRings,0.0,0.0,0.0,XGBoost,provided_plus_rdkit_descriptors,10,2
rdkit_NumUnspecifiedAtomStereoCenters,144.0648,466.99765,620.10785,XGBoost,provided_plus_rdkit_descriptors,10,2
rdkit_Phi,832.93964,3332.49,2481.1218,XGBoost,provided_plus_rdkit_descriptors,10,2
rdkit_RingCount,0.0,0.0,0.0,XGBoost,provided_plus_rdkit_descriptors,10,2
rdkit_MolLogP,-55575.957,257695.48,110382.375,XGBoost,provided_plus_rdkit_descriptors,10,2
rdkit_MolMR,-819.6921,18219.701,17767.248,XGBoost,provided_plus_rdkit_descriptors,10,2
rdkit_fr_Al_COO,0.0,0.0,0.0,XGBoost,provided_plus_rdkit_descriptors,10,2
rdkit_fr_Al_OH,13510.266,39067.086,22800.674,XGBoost,provided_plus_rdkit_descriptors,10,2
rdkit_fr_Al_OH_noTert,0.0,0.0,0.0,XGBoost,provided_plus_rdkit_descriptors,10,2
rdkit_fr_COO,0.0,0.0,0.0,XGBoost,provided_plus_rdkit_descriptors,10,2
rdkit_fr_COO2,0.0,0.0,0.0,XGBoost,provided_plus_rdkit_descriptors,10,2
rdkit_fr_C_O,0.0,0.0,0.0,XGBoost,provided_plus_rdkit_descriptors,10,2
rdkit_fr_C_O_noCOO,0.0,0.0,0.0,XGBoost,provided_plus_rdkit_descriptors,10,2
rdkit_fr_NH1,0.0,0.0,0.0,XGBoost,provided_plus_rdkit_descriptors,10,2
rdkit_fr_NH2,0.0,0.0,0.0,XGBoost,provided_plus_rdkit_descriptors,10,2
rdkit_fr_aldehyde,3832.9026,39885.86,27315.17,XGBoost,provided_plus_rdkit_descriptors,10,2
rdkit_fr_alkyl_halide,0.0,0.0,0.0,XGBoost,provided_plus_rdkit_descriptors,10,2
rdkit_fr_allylic_oxid,0.0,0.0,0.0,XGBoost,provided_plus_rdkit_descriptors,10,2
rdkit_fr_amide,0.0,0.0,0.0,XGBoost,provided_plus_rdkit_descriptors,10,2
rdkit_fr_bicyclic,0.0,0.0,0.0,XGBoost,provided_plus_rdkit_descriptors,10,2
rdkit_fr_ether,0.0,0.0,0.0,XGBoost,provided_plus_rdkit_descriptors,10,2
rdkit_fr_halogen,0.0,0.0,0.0,XGBoost,provided_plus_rdkit_descriptors,10,2
rdkit_fr_ketone,0.0,0.0,0.0,XGBoost,provided_plus_rdkit_descriptors,10,2
rdkit_fr_ketone_Topliss,0.0,0.0,0.0,XGBoost,provided_plus_rdkit_descriptors,10,2
rdkit_fr_methoxy,0.0,0.0,0.0,XGBoost,provided_plus_rdkit_descriptors,10,2
rdkit_fr_phos_acid,0.0,0.0,0.0,XGBoost,provided_plus_rdkit_descriptors,10,2
rdkit_fr_phos_ester,0.0,0.0,0.0,XGBoost,provided_plus_rdkit_descriptors,10,2
Molecular weight (Da),23659.924,39911.113,35655.48,XGBoost,provided_plus_rdkit_descriptors,10,3
Solubility (mg/mL),582.7698,476472.03,499496.0,XGBoost,provided_plus_rdkit_descriptors,10,3
"Glass transition temperature (Tg, degC)",41200.516,343053.44,289433.1,XGBoost,provided_plus_rdkit_descriptors,10,3
Viscosity (mPa.s),92297.64,207292.75,237498.58,XGBoost,provided_plus_rdkit_descriptors,10,3
Concentration (% w/v),41132.457,266650.97,135547.47,XGBoost,provided_plus_rdkit_descriptors,10,3
rdkit_MaxAbsEStateIndex,37429.227,59556.816,53874.344,XGBoost,provided_plus_rdkit_descriptors,10,3
rdkit_MaxEStateIndex,0.0,0.0,0.0,XGBoost,provided_plus_rdkit_descriptors,10,3
rdkit_MinAbsEStateIndex,8360.909,24312.209,22504.473,XGBoost,provided_plus_rdkit_descriptors,10,3
rdkit_MinEStateIndex,44763.89,84032.836,79583.41,XGBoost,provided_plus_rdkit_descriptors,10,3
rdkit_qed,15127.049,65274.184,56216.31,XGBoost,provided_plus_rdkit_descriptors,10,3
rdkit_SPS,3150.2756,73241.43,56874.113,XGBoost,provided_plus_rdkit_descriptors,10,3
rdkit_MolWt,0.0,0.0,0.0,XGBoost,provided_plus_rdkit_descriptors,10,3
rdkit_HeavyAtomMolWt,0.0,0.0,0.0,XGBoost,provided_plus_rdkit_descriptors,10,3
rdkit_ExactMolWt,0.0,0.0,0.0,XGBoost,provided_plus_rdkit_descriptors,10,3
rdkit_NumValenceElectrons,-8.772416,465.10562,769.51953,XGBoost,provided_plus_rdkit_descriptors,10,3
rdkit_MaxPartialCharge,-13413.302,64037.668,50726.23,XGBoost,provided_plus_rdkit_descriptors,10,3
rdkit_MinPartialCharge,-22633.5,75280.62,37930.184,XGBoost,provided_plus_rdkit_descriptors,10,3
rdkit_MaxAbsPartialCharge,5131.671,15572.1,18222.697,XGBoost,provided_plus_rdkit_descriptors,10,3
rdkit_MinAbsPartialCharge,0.0,0.0,0.0,XGBoost,provided_plus_rdkit_descriptors,10,3
rdkit_FpDensityMorgan1,20363.738,39173.96,41414.39,XGBoost,provided_plus_rdkit_descriptors,10,3
rdkit_FpDensityMorgan2,920.65405,12540.575,10531.813,XGBoost,provided_plus_rdkit_descriptors,10,3
rdkit_FpDensityMorgan3,-157.3652,22487.521,16447.994,XGBoost,provided_plus_rdkit_descriptors,10,3
rdkit_BCUT2D_MWHI,17771.885,30316.434,30468.113,XGBoost,provided_plus_rdkit_descriptors,10,3
rdkit_BCUT2D_MWLOW,6797.6226,80347.71,59414.008,XGBoost,provided_plus_rdkit_descriptors,10,3
rdkit_BCUT2D_CHGHI,7837.1157,17916.87,28362.9,XGBoost,provided_plus_rdkit_descriptors,10,3
rdkit_BCUT2D_CHGLO,13579.116,41884.766,46130.406,XGBoost,provided_plus_rdkit_descriptors,10,3
rdkit_BCUT2D_LOGPHI,919.3596,8060.124,8990.692,XGBoost,provided_plus_rdkit_descriptors,10,3
rdkit_BCUT2D_LOGPLOW,-254.61858,1285.3826,1403.144,XGBoost,provided_plus_rdkit_descriptors,10,3
rdkit_BCUT2D_MRHI,1896.4683,77563.875,69381.336,XGBoost,provided_plus_rdkit_descriptors,10,3
rdkit_BCUT2D_MRLOW,1772.6245,9651.892,13928.936,XGBoost,provided_plus_rdkit_descriptors,10,3
rdkit_AvgIpc,-28366.412,152461.52,184011.3,XGBoost,provided_plus_rdkit_descriptors,10,3
rdkit_BalabanJ,8661.766,52172.805,35843.535,XGBoost,provided_plus_rdkit_descriptors,10,3
rdkit_BertzCT,-28416.93,70379.484,48615.348,XGBoost,provided_plus_rdkit_descriptors,10,3
rdkit_Chi0,-40.54412,1148.0824,1252.6213,XGBoost,provided_plus_rdkit_descriptors,10,3
rdkit_Chi0n,0.0,0.0,0.0,XGBoost,provided_plus_rdkit_descriptors,10,3
rdkit_Chi0v,8641.075,50774.234,48666.4,XGBoost,provided_plus_rdkit_descriptors,10,3
rdkit_Chi1,0.0,0.0,0.0,XGBoost,provided_plus_rdkit_descriptors,10,3
rdkit_Chi1n,0.0,0.0,0.0,XGBoost,provided_plus_rdkit_descriptors,10,3
rdkit_Chi1v,310.47968,2024.6399,1965.7057,XGBoost,provided_plus_rdkit_descriptors,10,3
rdkit_Chi2n,11395.843,24568.191,20373.734,XGBoost,provided_plus_rdkit_descriptors,10,3
rdkit_Chi2v,-150.77908,1392.3348,1066.4469,XGBoost,provided_plus_rdkit_descriptors,10,3
rdkit_Chi3n,127.61608,243.40749,458.92035,XGBoost,provided_plus_rdkit_descriptors,10,3
rdkit_Chi3v,866.5335,6596.4863,6927.9424,XGBoost,provided_plus_rdkit_descriptors,10,3
rdkit_Chi4n,0.0,0.0,0.0,XGBoost,provided_plus_rdkit_descriptors,10,3
rdkit_Chi4v,0.0,0.0,0.0,XGBoost,provided_plus_rdkit_descriptors,10,3
rdkit_HallKierAlpha,15075.525,304339.34,186434.94,XGBoost,provided_plus_rdkit_descriptors,10,3
rdkit_Ipc,-1042.5378,12650.169,13614.009,XGBoost,provided_plus_rdkit_descriptors,10,3
rdkit_Kappa1,-1717.8341,11912.871,11176.016,XGBoost,provided_plus_rdkit_descriptors,10,3
rdkit_Kappa2,4432.5747,9928.374,12291.024,XGBoost,provided_plus_rdkit_descriptors,10,3
rdkit_Kappa3,-2087.6467,14151.62,10348.687,XGBoost,provided_plus_rdkit_descriptors,10,3
rdkit_LabuteASA,0.0,0.0,0.0,XGBoost,provided_plus_rdkit_descriptors,10,3
rdkit_PEOE_VSA1,-30.405209,68083.65,67743.7,XGBoost,provided_plus_rdkit_descriptors,10,3
rdkit_PEOE_VSA10,10684.532,20907.81,24528.518,XGBoost,provided_plus_rdkit_descriptors,10,3
rdkit_PEOE_VSA11,439.2856,91122.47,62233.516,XGBoost,provided_plus_rdkit_descriptors,10,3
rdkit_PEOE_VSA12,525.3922,2850.049,4695.603,XGBoost,provided_plus_rdkit_descriptors,10,3
rdkit_PEOE_VSA14,0.0,0.0,0.0,XGBoost,provided_plus_rdkit_descriptors,10,3
rdkit_PEOE_VSA2,0.0,0.0,0.0,XGBoost,provided_plus_rdkit_descriptors,10,3
rdkit_PEOE_VSA3,0.0,0.0,0.0,XGBoost,provided_plus_rdkit_descriptors,10,3
rdkit_PEOE_VSA5,0.0,0.0,0.0,XGBoost,provided_plus_rdkit_descriptors,10,3
rdkit_PEOE_VSA6,0.0,0.0,0.0,XGBoost,provided_plus_rdkit_descriptors,10,3
rdkit_PEOE_VSA7,926.6611,4415.9854,11104.349,XGBoost,provided_plus_rdkit_descriptors,10,3
rdkit_PEOE_VSA8,457.6895,2982.4778,8254.279,XGBoost,provided_plus_rdkit_descriptors,10,3
rdkit_PEOE_VSA9,2131.5593,3473.024,5291.093,XGBoost,provided_plus_rdkit_descriptors,10,3
rdkit_SMR_VSA1,677.1283,7947.8735,5307.5806,XGBoost,provided_plus_rdkit_descriptors,10,3
rdkit_SMR_VSA10,-214.24489,4756.352,7799.369,XGBoost,provided_plus_rdkit_descriptors,10,3
rdkit_SMR_VSA3,-82.64666,381.31256,725.18646,XGBoost,provided_plus_rdkit_descriptors,10,3
rdkit_SMR_VSA4,0.0,0.0,0.0,XGBoost,provided_plus_rdkit_descriptors,10,3
rdkit_SMR_VSA5,1166.0089,9410.718,9216.796,XGBoost,provided_plus_rdkit_descriptors,10,3
rdkit_SMR_VSA6,-109.15833,2086.0698,2101.1772,XGBoost,provided_plus_rdkit_descriptors,10,3
rdkit_SMR_VSA7,0.0,0.0,0.0,XGBoost,provided_plus_rdkit_descriptors,10,3
rdkit_SlogP_VSA1,0.0,0.0,0.0,XGBoost,provided_plus_rdkit_descriptors,10,3
rdkit_SlogP_VSA12,0.0,0.0,0.0,XGBoost,provided_plus_rdkit_descriptors,10,3
rdkit_SlogP_VSA2,-3574.4097,10677.972,9254.402,XGBoost,provided_plus_rdkit_descriptors,10,3
rdkit_SlogP_VSA3,-9300.638,18846.932,14376.395,XGBoost,provided_plus_rdkit_descriptors,10,3
rdkit_SlogP_VSA4,0.0,0.0,0.0,XGBoost,provided_plus_rdkit_descriptors,10,3
rdkit_SlogP_VSA5,-53.037605,182.73096,278.9133,XGBoost,provided_plus_rdkit_descriptors,10,3
rdkit_SlogP_VSA6,0.0,0.0,0.0,XGBoost,provided_plus_rdkit_descriptors,10,3
rdkit_TPSA,873.32745,2260.2883,2479.586,XGBoost,provided_plus_rdkit_descriptors,10,3
rdkit_EState_VSA1,1478.1138,4403.5146,4648.787,XGBoost,provided_plus_rdkit_descriptors,10,3
rdkit_EState_VSA10,-72984.47,550250.0,283582.7,XGBoost,provided_plus_rdkit_descriptors,10,3
rdkit_EState_VSA2,-2948.1306,20966.848,41897.07,XGBoost,provided_plus_rdkit_descriptors,10,3
rdkit_EState_VSA3,-870.199,2065.1384,4466.5044,XGBoost,provided_plus_rdkit_descriptors,10,3
rdkit_EState_VSA4,0.0,0.0,0.0,XGBoost,provided_plus_rdkit_descriptors,10,3
rdkit_EState_VSA5,69.536934,688.97925,1173.6624,XGBoost,provided_plus_rdkit_descriptors,10,3
rdkit_EState_VSA6,0.0,0.0,0.0,XGBoost,provided_plus_rdkit_descriptors,10,3
rdkit_EState_VSA7,0.0,0.0,0.0,XGBoost,provided_plus_rdkit_descriptors,10,3
rdkit_EState_VSA8,354.01303,1875.1235,3618.888,XGBoost,provided_plus_rdkit_descriptors,10,3
rdkit_EState_VSA9,-5720.911,57490.23,37015.13,XGBoost,provided_plus_rdkit_descriptors,10,3
rdkit_VSA_EState1,29.22946,791.6007,893.53864,XGBoost,provided_plus_rdkit_descriptors,10,3
rdkit_VSA_EState10,0.0,0.0,0.0,XGBoost,provided_plus_rdkit_descriptors,10,3
rdkit_VSA_EState2,33242.08,78696.53,73243.35,XGBoost,provided_plus_rdkit_descriptors,10,3
rdkit_VSA_EState3,35998.86,54544.215,52508.023,XGBoost,provided_plus_rdkit_descriptors,10,3
rdkit_VSA_EState4,0.0,0.0,0.0,XGBoost,provided_plus_rdkit_descriptors,10,3
rdkit_VSA_EState5,823.3235,4320.1997,4306.2974,XGBoost,provided_plus_rdkit_descriptors,10,3
rdkit_VSA_EState6,0.0,0.0,0.0,XGBoost,provided_plus_rdkit_descriptors,10,3
rdkit_VSA_EState7,9484.132,18204.395,25556.246,XGBoost,provided_plus_rdkit_descriptors,10,3
rdkit_VSA_EState8,63276.734,205121.19,169127.4,XGBoost,provided_plus_rdkit_descriptors,10,3
rdkit_VSA_EState9,-0.64794976,180.0711,688.4805,XGBoost,provided_plus_rdkit_descriptors,10,3
rdkit_FractionCSP3,-363.64316,875.75055,457.11917,XGBoost,provided_plus_rdkit_descriptors,10,3
rdkit_HeavyAtomCount,0.0,0.0,0.0,XGBoost,provided_plus_rdkit_descriptors,10,3
rdkit_NHOHCount,0.0,0.0,0.0,XGBoost,provided_plus_rdkit_descriptors,10,3
rdkit_NOCount,0.0,0.0,0.0,XGBoost,provided_plus_rdkit_descriptors,10,3
rdkit_NumAliphaticCarbocycles,0.0,0.0,0.0,XGBoost,provided_plus_rdkit_descriptors,10,3
rdkit_NumAliphaticHeterocycles,0.0,0.0,0.0,XGBoost,provided_plus_rdkit_descriptors,10,3
rdkit_NumAliphaticRings,0.0,0.0,0.0,XGBoost,provided_plus_rdkit_descriptors,10,3
rdkit_NumAmideBonds,0.0,0.0,0.0,XGBoost,provided_plus_rdkit_descriptors,10,3
rdkit_NumAtomStereoCenters,3054.3513,6690.077,9259.049,XGBoost,provided_plus_rdkit_descriptors,10,3
rdkit_NumBridgeheadAtoms,0.0,0.0,0.0,XGBoost,provided_plus_rdkit_descriptors,10,3
rdkit_NumHAcceptors,0.0,0.0,0.0,XGBoost,provided_plus_rdkit_descriptors,10,3
rdkit_NumHDonors,0.0,0.0,0.0,XGBoost,provided_plus_rdkit_descriptors,10,3
rdkit_NumHeteroatoms,0.0,0.0,0.0,XGBoost,provided_plus_rdkit_descriptors,10,3
rdkit_NumHeterocycles,0.0,0.0,0.0,XGBoost,provided_plus_rdkit_descriptors,10,3
rdkit_NumRotatableBonds,4249.881,18960.826,11864.445,XGBoost,provided_plus_rdkit_descriptors,10,3
rdkit_NumSaturatedCarbocycles,0.0,0.0,0.0,XGBoost,provided_plus_rdkit_descriptors,10,3
rdkit_NumSaturatedHeterocycles,0.0,0.0,0.0,XGBoost,provided_plus_rdkit_descriptors,10,3
rdkit_NumSaturatedRings,0.0,0.0,0.0,XGBoost,provided_plus_rdkit_descriptors,10,3
rdkit_NumUnspecifiedAtomStereoCenters,3069.8682,16810.422,30454.129,XGBoost,provided_plus_rdkit_descriptors,10,3
rdkit_Phi,6198.078,38232.88,34503.82,XGBoost,provided_plus_rdkit_descriptors,10,3
rdkit_RingCount,0.0,0.0,0.0,XGBoost,provided_plus_rdkit_descriptors,10,3
rdkit_MolLogP,31918.17,102485.22,73587.766,XGBoost,provided_plus_rdkit_descriptors,10,3
rdkit_MolMR,2719.952,20262.09,27086.215,XGBoost,provided_plus_rdkit_descriptors,10,3
rdkit_fr_Al_COO,0.0,0.0,0.0,XGBoost,provided_plus_rdkit_descriptors,10,3
rdkit_fr_Al_OH,0.0,0.0,0.0,XGBoost,provided_plus_rdkit_descriptors,10,3
rdkit_fr_Al_OH_noTert,0.0,0.0,0.0,XGBoost,provided_plus_rdkit_descriptors,10,3
rdkit_fr_COO,0.0,0.0,0.0,XGBoost,provided_plus_rdkit_descriptors,10,3
rdkit_fr_COO2,0.0,0.0,0.0,XGBoost,provided_plus_rdkit_descriptors,10,3
rdkit_fr_C_O,0.0,0.0,0.0,XGBoost,provided_plus_rdkit_descriptors,10,3
rdkit_fr_C_O_noCOO,0.0,0.0,0.0,XGBoost,provided_plus_rdkit_descriptors,10,3
rdkit_fr_NH1,0.0,0.0,0.0,XGBoost,provided_plus_rdkit_descriptors,10,3
rdkit_fr_NH2,0.0,0.0,0.0,XGBoost,provided_plus_rdkit_descriptors,10,3
rdkit_fr_aldehyde,567.8142,3084.1685,2603.468,XGBoost,provided_plus_rdkit_descriptors,10,3
rdkit_fr_alkyl_halide,0.0,0.0,0.0,XGBoost,provided_plus_rdkit_descriptors,10,3
rdkit_fr_allylic_oxid,0.0,0.0,0.0,XGBoost,provided_plus_rdkit_descriptors,10,3
rdkit_fr_amide,0.0,0.0,0.0,XGBoost,provided_plus_rdkit_descriptors,10,3
rdkit_fr_bicyclic,0.0,0.0,0.0,XGBoost,provided_plus_rdkit_descriptors,10,3
rdkit_fr_ether,0.0,0.0,0.0,XGBoost,provided_plus_rdkit_descriptors,10,3
rdkit_fr_halogen,0.0,0.0,0.0,XGBoost,provided_plus_rdkit_descriptors,10,3
rdkit_fr_ketone,-55.156933,778.7764,1264.5164,XGBoost,provided_plus_rdkit_descriptors,10,3
rdkit_fr_ketone_Topliss,0.0,0.0,0.0,XGBoost,provided_plus_rdkit_descriptors,10,3
rdkit_fr_methoxy,0.0,0.0,0.0,XGBoost,provided_plus_rdkit_descriptors,10,3
rdkit_fr_phos_acid,0.0,0.0,0.0,XGBoost,provided_plus_rdkit_descriptors,10,3
rdkit_fr_phos_ester,0.0,0.0,0.0,XGBoost,provided_plus_rdkit_descriptors,10,3
Molecular weight (Da),-6139.6895,42272.02,24948.652,XGBoost,provided_plus_rdkit_descriptors,10,4
Solubility (mg/mL),41854.016,386545.84,426366.16,XGBoost,provided_plus_rdkit_descriptors,10,4
"Glass transition temperature (Tg, degC)",-37081.52,279958.5,207064.4,XGBoost,provided_plus_rdkit_descriptors,10,4
Viscosity (mPa.s),50915.703,210757.27,203008.67,XGBoost,provided_plus_rdkit_descriptors,10,4
Concentration (% w/v),19117.242,287561.34,130300.89,XGBoost,provided_plus_rdkit_descriptors,10,4
rdkit_MaxAbsEStateIndex,-4310.9067,78186.95,106492.266,XGBoost,provided_plus_rdkit_descriptors,10,4
rdkit_MaxEStateIndex,0.0,0.0,0.0,XGBoost,provided_plus_rdkit_descriptors,10,4
rdkit_MinAbsEStateIndex,14317.363,53336.29,48955.83,XGBoost,provided_plus_rdkit_descriptors,10,4
rdkit_MinEStateIndex,3788.8694,35638.254,28174.568,XGBoost,provided_plus_rdkit_descriptors,10,4
rdkit_qed,8015.4775,57076.38,45951.363,XGBoost,provided_plus_rdkit_descriptors,10,4
rdkit_SPS,8709.093,53652.895,45897.41,XGBoost,provided_plus_rdkit_descriptors,10,4
rdkit_MolWt,0.0,0.0,0.0,XGBoost,provided_plus_rdkit_descriptors,10,4
rdkit_HeavyAtomMolWt,0.0,0.0,0.0,XGBoost,provided_plus_rdkit_descriptors,10,4
rdkit_ExactMolWt,0.0,0.0,0.0,XGBoost,provided_plus_rdkit_descriptors,10,4
rdkit_NumValenceElectrons,0.0,0.0,0.0,XGBoost,provided_plus_rdkit_descriptors,10,4
rdkit_MaxPartialCharge,-94275.375,152837.78,184847.92,XGBoost,provided_plus_rdkit_descriptors,10,4
rdkit_MinPartialCharge,1917.4872,41612.69,23448.07,XGBoost,provided_plus_rdkit_descriptors,10,4
rdkit_MaxAbsPartialCharge,413.49173,13080.713,11648.467,XGBoost,provided_plus_rdkit_descriptors,10,4
rdkit_MinAbsPartialCharge,0.0,0.0,0.0,XGBoost,provided_plus_rdkit_descriptors,10,4
rdkit_FpDensityMorgan1,28128.19,42003.027,41072.586,XGBoost,provided_plus_rdkit_descriptors,10,4
rdkit_FpDensityMorgan2,-8628.796,32746.686,30084.875,XGBoost,provided_plus_rdkit_descriptors,10,4
rdkit_FpDensityMorgan3,-30484.932,69554.83,70924.516,XGBoost,provided_plus_rdkit_descriptors,10,4
rdkit_BCUT2D_MWHI,2665.849,15703.988,13372.446,XGBoost,provided_plus_rdkit_descriptors,10,4
rdkit_BCUT2D_MWLOW,-3247.7427,19891.162,16858.557,XGBoost,provided_plus_rdkit_descriptors,10,4
rdkit_BCUT2D_CHGHI,-13549.944,52907.863,38666.785,XGBoost,provided_plus_rdkit_descriptors,10,4
rdkit_BCUT2D_CHGLO,2002.221,66811.68,50923.594,XGBoost,provided_plus_rdkit_descriptors,10,4
rdkit_BCUT2D_LOGPHI,955.8368,24455.385,38110.867,XGBoost,provided_plus_rdkit_descriptors,10,4
rdkit_BCUT2D_LOGPLOW,-1147.1304,3671.6724,4218.666,XGBoost,provided_plus_rdkit_descriptors,10,4
rdkit_BCUT2D_MRHI,4992.4897,83120.26,98768.42,XGBoost,provided_plus_rdkit_descriptors,10,4
rdkit_BCUT2D_MRLOW,8709.296,12000.473,12346.596,XGBoost,provided_plus_rdkit_descriptors,10,4
rdkit_AvgIpc,5063.8174,140863.97,210327.19,XGBoost,provided_plus_rdkit_descriptors,10,4
rdkit_BalabanJ,-22373.486,61941.77,46968.215,XGBoost,provided_plus_rdkit_descriptors,10,4
rdkit_BertzCT,-9127.179,29151.602,17516.861,XGBoost,provided_plus_rdkit_descriptors,10,4
rdkit_Chi0,385.22037,1956.5826,2820.94,XGBoost,provided_plus_rdkit_descriptors,10,4
rdkit_Chi0n,-10124.0205,28347.174,17880.662,XGBoost,provided_plus_rdkit_descriptors,10,4
rdkit_Chi0v,60727.38,134626.31,133387.89,XGBoost,provided_plus_rdkit_descriptors,10,4
rdkit_Chi1,132.3419,2040.5575,1889.3285,XGBoost,provided_plus_rdkit_descriptors,10,4
rdkit_Chi1n,92.2689,204.38394,315.43082,XGBoost,provided_plus_rdkit_descriptors,10,4
rdkit_Chi1v,521.0305,3655.1257,3212.855,XGBoost,provided_plus_rdkit_descriptors,10,4
rdkit_Chi2n,-2297.9568,9708.135,11174.865,XGBoost,provided_plus_rdkit_descriptors,10,4
rdkit_Chi2v,-161.47783,648.13257,801.3325,XGBoost,provided_plus_rdkit_descriptors,10,4
rdkit_Chi3n,0.0,0.0,0.0,XGBoost,provided_plus_rdkit_descriptors,10,4
rdkit_Chi3v,1198.6008,3211.3875,4225.58,XGBoost,provided_plus_rdkit_descriptors,10,4
rdkit_Chi4n,-7088.2173,28410.096,19793.963,XGBoost,provided_plus_rdkit_descriptors,10,4
rdkit_Chi4v,615.1637,4711.6953,4846.4253,XGBoost,provided_plus_rdkit_descriptors,10,4
rdkit_HallKierAlpha,-1127.478,8481.649,7132.085,XGBoost,provided_plus_rdkit_descriptors,10,4
rdkit_Ipc,-2195.0693,12116.228,8527.559,XGBoost,provided_plus_rdkit_descriptors,10,4
rdkit_Kappa1,996.6149,7472.837,8779.865,XGBoost,provided_plus_rdkit_descriptors,10,4
rdkit_Kappa2,-329.90778,23622.445,16477.184,XGBoost,provided_plus_rdkit_descriptors,10,4
rdkit_Kappa3,-16715.941,25203.938,29102.145,XGBoost,provided_plus_rdkit_descriptors,10,4
rdkit_LabuteASA,0.0,0.0,0.0,XGBoost,provided_plus_rdkit_descriptors,10,4
rdkit_PEOE_VSA1,-19223.867,73098.38,40443.77,XGBoost,provided_plus_rdkit_descriptors,10,4
rdkit_PEOE_VSA10,-1928.7268,9522.39,12065.911,XGBoost,provided_plus_rdkit_descriptors,10,4
rdkit_PEOE_VSA11,-30459.295,148497.42,91781.234,XGBoost,provided_plus_rdkit_descriptors,10,4
rdkit_PEOE_VSA12,-467.95886,768.8128,1074.5748,XGBoost,provided_plus_rdkit_descriptors,10,4
rdkit_PEOE_VSA14,0.0,0.0,0.0,XGBoost,provided_plus_rdkit_descriptors,10,4
rdkit_PEOE_VSA2,0.0,0.0,0.0,XGBoost,provided_plus_rdkit_descriptors,10,4
rdkit_PEOE_VSA3,0.0,0.0,0.0,XGBoost,provided_plus_rdkit_descriptors,10,4
rdkit_PEOE_VSA5,0.0,0.0,0.0,XGBoost,provided_plus_rdkit_descriptors,10,4
rdkit_PEOE_VSA6,0.0,0.0,0.0,XGBoost,provided_plus_rdkit_descriptors,10,4
rdkit_PEOE_VSA7,-864.1728,5392.7427,9228.562,XGBoost,provided_plus_rdkit_descriptors,10,4
rdkit_PEOE_VSA8,0.0,0.0,0.0,XGBoost,provided_plus_rdkit_descriptors,10,4
rdkit_PEOE_VSA9,-986.1492,1776.309,2380.9736,XGBoost,provided_plus_rdkit_descriptors,10,4
rdkit_SMR_VSA1,2159.7224,8178.272,8963.01,XGBoost,provided_plus_rdkit_descriptors,10,4
rdkit_SMR_VSA10,-1001.9668,4080.2947,3023.949,XGBoost,provided_plus_rdkit_descriptors,10,4
rdkit_SMR_VSA3,0.0,0.0,0.0,XGBoost,provided_plus_rdkit_descriptors,10,4
rdkit_SMR_VSA4,263.39545,571.7213,1800.2748,XGBoost,provided_plus_rdkit_descriptors,10,4
rdkit_SMR_VSA5,326.00488,15747.206,10100.072,XGBoost,provided_plus_rdkit_descriptors,10,4
rdkit_SMR_VSA6,-497.7436,1195.3463,1399.0437,XGBoost,provided_plus_rdkit_descriptors,10,4
rdkit_SMR_VSA7,0.0,0.0,0.0,XGBoost,provided_plus_rdkit_descriptors,10,4
rdkit_SlogP_VSA1,0.0,0.0,0.0,XGBoost,provided_plus_rdkit_descriptors,10,4
rdkit_SlogP_VSA12,0.0,0.0,0.0,XGBoost,provided_plus_rdkit_descriptors,10,4
rdkit_SlogP_VSA2,-3305.9028,38708.65,24600.29,XGBoost,provided_plus_rdkit_descriptors,10,4
rdkit_SlogP_VSA3,-422.34525,16457.957,9741.55,XGBoost,provided_plus_rdkit_descriptors,10,4
rdkit_SlogP_VSA4,0.0,0.0,0.0,XGBoost,provided_plus_rdkit_descriptors,10,4
rdkit_SlogP_VSA5,-607.321,4160.4424,5468.404,XGBoost,provided_plus_rdkit_descriptors,10,4
rdkit_SlogP_VSA6,0.0,0.0,0.0,XGBoost,provided_plus_rdkit_descriptors,10,4
rdkit_TPSA,230.21724,1243.4923,1219.22,XGBoost,provided_plus_rdkit_descriptors,10,4
rdkit_EState_VSA1,4947.0137,9181.964,8887.477,XGBoost,provided_plus_rdkit_descriptors,10,4
rdkit_EState_VSA10,-104550.47,826133.25,367996.72,XGBoost,provided_plus_rdkit_descriptors,10,4
rdkit_EState_VSA2,-752.59607,32304.031,80562.67,XGBoost,provided_plus_rdkit_descriptors,10,4
rdkit_EState_VSA3,-789.9944,3235.4053,9211.004,XGBoost,provided_plus_rdkit_descriptors,10,4
rdkit_EState_VSA4,0.0,0.0,0.0,XGBoost,provided_plus_rdkit_descriptors,10,4
rdkit_EState_VSA5,-177.57364,366.35782,618.14465,XGBoost,provided_plus_rdkit_descriptors,10,4
rdkit_EState_VSA6,0.0,0.0,0.0,XGBoost,provided_plus_rdkit_descriptors,10,4
rdkit_EState_VSA7,0.0,0.0,0.0,XGBoost,provided_plus_rdkit_descriptors,10,4
rdkit_EState_VSA8,214.17894,8752.319,10975.128,XGBoost,provided_plus_rdkit_descriptors,10,4
rdkit_EState_VSA9,1423.7189,77526.016,47638.324,XGBoost,provided_plus_rdkit_descriptors,10,4
rdkit_VSA_EState1,-70.19411,1016.5311,1244.8043,XGBoost,provided_plus_rdkit_descriptors,10,4
rdkit_VSA_EState10,0.0,0.0,0.0,XGBoost,provided_plus_rdkit_descriptors,10,4
rdkit_VSA_EState2,-8634.52,35899.637,68454.22,XGBoost,provided_plus_rdkit_descriptors,10,4
rdkit_VSA_EState3,3037.3972,17155.059,11789.273,XGBoost,provided_plus_rdkit_descriptors,10,4
rdkit_VSA_EState4,0.0,0.0,0.0,XGBoost,provided_plus_rdkit_descriptors,10,4
rdkit_VSA_EState5,83.62292,3467.3413,2927.603,XGBoost,provided_plus_rdkit_descriptors,10,4
rdkit_VSA_EState6,0.0,0.0,0.0,XGBoost,provided_plus_rdkit_descriptors,10,4
rdkit_VSA_EState7,7655.9116,17345.68,24198.969,XGBoost,provided_plus_rdkit_descriptors,10,4
rdkit_VSA_EState8,71915.76,204348.58,177150.42,XGBoost,provided_plus_rdkit_descriptors,10,4
rdkit_VSA_EState9,0.0,0.0,0.0,XGBoost,provided_plus_rdkit_descriptors,10,4
rdkit_FractionCSP3,53.61149,688.1005,986.68085,XGBoost,provided_plus_rdkit_descriptors,10,4
rdkit_HeavyAtomCount,0.0,0.0,0.0,XGBoost,provided_plus_rdkit_descriptors,10,4
rdkit_NHOHCount,225.53758,570.0798,734.5565,XGBoost,provided_plus_rdkit_descriptors,10,4
rdkit_NOCount,0.0,0.0,0.0,XGBoost,provided_plus_rdkit_descriptors,10,4
rdkit_NumAliphaticCarbocycles,0.0,0.0,0.0,XGBoost,provided_plus_rdkit_descriptors,10,4
rdkit_NumAliphaticHeterocycles,0.0,0.0,0.0,XGBoost,provided_plus_rdkit_descriptors,10,4
rdkit_NumAliphaticRings,0.0,0.0,0.0,XGBoost,provided_plus_rdkit_descriptors,10,4
rdkit_NumAmideBonds,0.0,0.0,0.0,XGBoost,provided_plus_rdkit_descriptors,10,4
rdkit_NumAtomStereoCenters,2303.8044,12267.12,22967.922,XGBoost,provided_plus_rdkit_descriptors,10,4
rdkit_NumBridgeheadAtoms,0.0,0.0,0.0,XGBoost,provided_plus_rdkit_descriptors,10,4
rdkit_NumHAcceptors,0.0,0.0,0.0,XGBoost,provided_plus_rdkit_descriptors,10,4
rdkit_NumHDonors,-936.0196,1852.5527,3745.9946,XGBoost,provided_plus_rdkit_descriptors,10,4
rdkit_NumHeteroatoms,0.0,0.0,0.0,XGBoost,provided_plus_rdkit_descriptors,10,4
rdkit_NumHeterocycles,0.0,0.0,0.0,XGBoost,provided_plus_rdkit_descriptors,10,4
rdkit_NumRotatableBonds,85.56956,8368.741,11658.617,XGBoost,provided_plus_rdkit_descriptors,10,4
rdkit_NumSaturatedCarbocycles,0.0,0.0,0.0,XGBoost,provided_plus_rdkit_descriptors,10,4
rdkit_NumSaturatedHeterocycles,0.0,0.0,0.0,XGBoost,provided_plus_rdkit_descriptors,10,4
rdkit_NumSaturatedRings,0.0,0.0,0.0,XGBoost,provided_plus_rdkit_descriptors,10,4
rdkit_NumUnspecifiedAtomStereoCenters,11972.906,17470.816,16844.506,XGBoost,provided_plus_rdkit_descriptors,10,4
rdkit_Phi,20667.57,38619.457,33203.504,XGBoost,provided_plus_rdkit_descriptors,10,4
rdkit_RingCount,0.0,0.0,0.0,XGBoost,provided_plus_rdkit_descriptors,10,4
rdkit_MolLogP,-15080.532,45132.133,56720.258,XGBoost,provided_plus_rdkit_descriptors,10,4
rdkit_MolMR,755.41235,1328.4617,1992.6536,XGBoost,provided_plus_rdkit_descriptors,10,4
rdkit_fr_Al_COO,0.0,0.0,0.0,XGBoost,provided_plus_rdkit_descriptors,10,4
rdkit_fr_Al_OH,0.0,0.0,0.0,XGBoost,provided_plus_rdkit_descriptors,10,4
rdkit_fr_Al_OH_noTert,0.0,0.0,0.0,XGBoost,provided_plus_rdkit_descriptors,10,4
rdkit_fr_COO,0.0,0.0,0.0,XGBoost,provided_plus_rdkit_descriptors,10,4
rdkit_fr_COO2,0.0,0.0,0.0,XGBoost,provided_plus_rdkit_descriptors,10,4
rdkit_fr_C_O,0.0,0.0,0.0,XGBoost,provided_plus_rdkit_descriptors,10,4
rdkit_fr_C_O_noCOO,0.0,0.0,0.0,XGBoost,provided_plus_rdkit_descriptors,10,4
rdkit_fr_NH1,0.0,0.0,0.0,XGBoost,provided_plus_rdkit_descriptors,10,4
rdkit_fr_NH2,0.0,0.0,0.0,XGBoost,provided_plus_rdkit_descriptors,10,4
rdkit_fr_aldehyde,-11650.15,47450.66,36467.53,XGBoost,provided_plus_rdkit_descriptors,10,4
rdkit_fr_alkyl_halide,0.0,0.0,0.0,XGBoost,provided_plus_rdkit_descriptors,10,4
rdkit_fr_allylic_oxid,0.0,0.0,0.0,XGBoost,provided_plus_rdkit_descriptors,10,4
rdkit_fr_amide,0.0,0.0,0.0,XGBoost,provided_plus_rdkit_descriptors,10,4
rdkit_fr_bicyclic,0.0,0.0,0.0,XGBoost,provided_plus_rdkit_descriptors,10,4
rdkit_fr_ether,0.0,0.0,0.0,XGBoost,provided_plus_rdkit_descriptors,10,4
rdkit_fr_halogen,0.0,0.0,0.0,XGBoost,provided_plus_rdkit_descriptors,10,4
rdkit_fr_ketone,0.0,0.0,0.0,XGBoost,provided_plus_rdkit_descriptors,10,4
rdkit_fr_ketone_Topliss,0.0,0.0,0.0,XGBoost,provided_plus_rdkit_descriptors,10,4
rdkit_fr_methoxy,0.0,0.0,0.0,XGBoost,provided_plus_rdkit_descriptors,10,4
rdkit_fr_phos_acid,0.0,0.0,0.0,XGBoost,provided_plus_rdkit_descriptors,10,4
rdkit_fr_phos_ester,0.0,0.0,0.0,XGBoost,provided_plus_rdkit_descriptors,10,4
Molecular weight (Da),5514.5947,19078.145,16000.853,XGBoost,provided_plus_rdkit_descriptors,10,5
Solubility (mg/mL),-23627.957,566928.25,689831.7,XGBoost,provided_plus_rdkit_descriptors,10,5
"Glass transition temperature (Tg, degC)",70658.54,263522.03,191064.9,XGBoost,provided_plus_rdkit_descriptors,10,5
Viscosity (mPa.s),-53926.004,205300.39,220016.9,XGBoost,provided_plus_rdkit_descriptors,10,5
Concentration (% w/v),-40200.85,260981.03,152013.55,XGBoost,provided_plus_rdkit_descriptors,10,5
rdkit_MaxAbsEStateIndex,-6586.3833,59925.5,86696.51,XGBoost,provided_plus_rdkit_descriptors,10,5
rdkit_MaxEStateIndex,0.0,0.0,0.0,XGBoost,provided_plus_rdkit_descriptors,10,5
rdkit_MinAbsEStateIndex,-23455.402,74705.5,163224.36,XGBoost,provided_plus_rdkit_descriptors,10,5
rdkit_MinEStateIndex,19226.383,64412.89,61294.723,XGBoost,provided_plus_rdkit_descriptors,10,5
rdkit_qed,21470.635,35302.62,28996.959,XGBoost,provided_plus_rdkit_descriptors,10,5
rdkit_SPS,-9617.457,61459.207,64601.367,XGBoost,provided_plus_rdkit_descriptors,10,5
rdkit_MolWt,0.0,0.0,0.0,XGBoost,provided_plus_rdkit_descriptors,10,5
rdkit_HeavyAtomMolWt,0.0,0.0,0.0,XGBoost,provided_plus_rdkit_descriptors,10,5
rdkit_ExactMolWt,0.0,0.0,0.0,XGBoost,provided_plus_rdkit_descriptors,10,5
rdkit_NumValenceElectrons,-1502.336,3260.8489,4108.929,XGBoost,provided_plus_rdkit_descriptors,10,5
rdkit_MaxPartialCharge,-17737.898,89581.79,68643.22,XGBoost,provided_plus_rdkit_descriptors,10,5
rdkit_MinPartialCharge,-22418.28,57719.645,36785.195,XGBoost,provided_plus_rdkit_descriptors,10,5
rdkit_MaxAbsPartialCharge,843.8391,5343.2217,4561.577,XGBoost,provided_plus_rdkit_descriptors,10,5
rdkit_MinAbsPartialCharge,0.0,0.0,0.0,XGBoost,provided_plus_rdkit_descriptors,10,5
rdkit_FpDensityMorgan1,7605.209,26245.084,17812.8,XGBoost,provided_plus_rdkit_descriptors,10,5
rdkit_FpDensityMorgan2,-8299.283,15834.05,12404.985,XGBoost,provided_plus_rdkit_descriptors,10,5
rdkit_FpDensityMorgan3,-2460.1274,22381.701,14864.404,XGBoost,provided_plus_rdkit_descriptors,10,5
rdkit_BCUT2D_MWHI,-8513.566,27442.22,18257.312,XGBoost,provided_plus_rdkit_descriptors,10,5
rdkit_BCUT2D_MWLOW,-8466.878,54174.46,58087.523,XGBoost,provided_plus_rdkit_descriptors,10,5
rdkit_BCUT2D_CHGHI,8546.041,39990.582,40278.133,XGBoost,provided_plus_rdkit_descriptors,10,5
rdkit_BCUT2D_CHGLO,-19859.777,49655.71,36003.055,XGBoost,provided_plus_rdkit_descriptors,10,5
rdkit_BCUT2D_LOGPHI,-18829.53,43549.93,47384.203,XGBoost,provided_plus_rdkit_descriptors,10,5
rdkit_BCUT2D_LOGPLOW,2060.6755,3161.3513,3428.8132,XGBoost,provided_plus_rdkit_descriptors,10,5
rdkit_BCUT2D_MRHI,-5930.54,67540.48,57050.684,XGBoost,provided_plus_rdkit_descriptors,10,5
rdkit_BCUT2D_MRLOW,3125.1184,17374.596,10935.649,XGBoost,provided_plus_rdkit_descriptors,10,5
rdkit_AvgIpc,-27801.35,99449.04,129408.43,XGBoost,provided_plus_rdkit_descriptors,10,5
rdkit_BalabanJ,-6432.1963,23863.195,19835.123,XGBoost,provided_plus_rdkit_descriptors,10,5
rdkit_BertzCT,-13053.749,45983.3,24611.408,XGBoost,provided_plus_rdkit_descriptors,10,5
rdkit_Chi0,-1451.5308,2203.569,2549.7263,XGBoost,provided_plus_rdkit_descriptors,10,5
rdkit_Chi0n,-1284.523,3485.4583,2871.26,XGBoost,provided_plus_rdkit_descriptors,10,5
rdkit_Chi0v,21241.066,102988.5,99200.89,XGBoost,provided_plus_rdkit_descriptors,10,5
rdkit_Chi1,-95.48646,1296.545,1672.4293,XGBoost,provided_plus_rdkit_descriptors,10,5
rdkit_Chi1n,141.85265,564.5216,977.27295,XGBoost,provided_plus_rdkit_descriptors,10,5
rdkit_Chi1v,0.0,0.0,0.0,XGBoost,provided_plus_rdkit_descriptors,10,5
rdkit_Chi2n,1545.9113,7101.5723,6823.0396,XGBoost,provided_plus_rdkit_descriptors,10,5
rdkit_Chi2v,-46.830444,824.41364,805.3289,XGBoost,provided_plus_rdkit_descriptors,10,5
rdkit_Chi3n,-154.23734,1027.9335,1432.8016,XGBoost,provided_plus_rdkit_descriptors,10,5
rdkit_Chi3v,227.40268,1735.6556,2519.6846,XGBoost,provided_plus_rdkit_descriptors,10,5
rdkit_Chi4n,-786.86505,1611.0497,1525.794,XGBoost,provided_plus_rdkit_descriptors,10,5
rdkit_Chi4v,-272.4035,2676.461,2546.5703,XGBoost,provided_plus_rdkit_descriptors,10,5
rdkit_HallKierAlpha,-91420.625,327022.28,217739.55,XGBoost,provided_plus_rdkit_descriptors,10,5
rdkit_Ipc,-9945.947,27408.406,18631.475,XGBoost,provided_plus_rdkit_descriptors,10,5
rdkit_Kappa1,-7273.47,22575.348,23630.258,XGBoost,provided_plus_rdkit_descriptors,10,5
rdkit_Kappa2,-1667.2073,6823.374,8458.373,XGBoost,provided_plus_rdkit_descriptors,10,5
rdkit_Kappa3,4763.931,20927.041,24072.066,XGBoost,provided_plus_rdkit_descriptors,10,5
rdkit_LabuteASA,0.0,0.0,0.0,XGBoost,provided_plus_rdkit_descriptors,10,5
rdkit_PEOE_VSA1,-14204.14,30071.088,25876.064,XGBoost,provided_plus_rdkit_descriptors,10,5
rdkit_PEOE_VSA10,1022.1905,6747.3374,4124.7666,XGBoost,provided_plus_rdkit_descriptors,10,5
rdkit_PEOE_VSA11,-7602.9863,23708.023,18763.793,XGBoost,provided_plus_rdkit_descriptors,10,5
rdkit_PEOE_VSA12,211.89134,337.05078,419.35718,XGBoost,provided_plus_rdkit_descriptors,10,5
rdkit_PEOE_VSA14,0.0,0.0,0.0,XGBoost,provided_plus_rdkit_descriptors,10,5
rdkit_PEOE_VSA2,0.0,0.0,0.0,XGBoost,provided_plus_rdkit_descriptors,10,5
rdkit_PEOE_VSA3,0.0,0.0,0.0,XGBoost,provided_plus_rdkit_descriptors,10,5
rdkit_PEOE_VSA5,0.0,0.0,0.0,XGBoost,provided_plus_rdkit_descriptors,10,5
rdkit_PEOE_VSA6,0.0,0.0,0.0,XGBoost,provided_plus_rdkit_descriptors,10,5
rdkit_PEOE_VSA7,-154.73407,1467.6442,3235.1843,XGBoost,provided_plus_rdkit_descriptors,10,5
rdkit_PEOE_VSA8,739.0431,4041.2515,7477.579,XGBoost,provided_plus_rdkit_descriptors,10,5
rdkit_PEOE_VSA9,3041.6836,6622.144,7641.387,XGBoost,provided_plus_rdkit_descriptors,10,5
rdkit_SMR_VSA1,-18023.963,47249.73,31377.834,XGBoost,provided_plus_rdkit_descriptors,10,5
rdkit_SMR_VSA10,29.283178,359.8674,472.79196,XGBoost,provided_plus_rdkit_descriptors,10,5
rdkit_SMR_VSA3,0.0,0.0,0.0,XGBoost,provided_plus_rdkit_descriptors,10,5
rdkit_SMR_VSA4,0.0,0.0,0.0,XGBoost,provided_plus_rdkit_descriptors,10,5
rdkit_SMR_VSA5,425.9896,7082.604,6086.864,XGBoost,provided_plus_rdkit_descriptors,10,5
rdkit_SMR_VSA6,-2654.434,6561.8506,6645.1196,XGBoost,provided_plus_rdkit_descriptors,10,5
rdkit_SMR_VSA7,0.0,0.0,0.0,XGBoost,provided_plus_rdkit_descriptors,10,5
rdkit_SlogP_VSA1,-706.00195,1077.2917,1074.5425,XGBoost,provided_plus_rdkit_descriptors,10,5
rdkit_SlogP_VSA12,0.0,0.0,0.0,XGBoost,provided_plus_rdkit_descriptors,10,5
rdkit_SlogP_VSA2,-6391.7666,23327.053,14365.485,XGBoost,provided_plus_rdkit_descriptors,10,5
rdkit_SlogP_VSA3,-6543.1777,20273.77,11878.759,XGBoost,provided_plus_rdkit_descriptors,10,5
rdkit_SlogP_VSA4,0.0,0.0,0.0,XGBoost,provided_plus_rdkit_descriptors,10,5
rdkit_SlogP_VSA5,-3300.1667,7750.213,6271.428,XGBoost,provided_plus_rdkit_descriptors,10,5
rdkit_SlogP_VSA6,0.0,0.0,0.0,XGBoost,provided_plus_rdkit_descriptors,10,5
rdkit_TPSA,0.0,0.0,0.0,XGBoost,provided_plus_rdkit_descriptors,10,5
rdkit_EState_VSA1,-423.85266,5035.05,6122.708,XGBoost,provided_plus_rdkit_descriptors,10,5
rdkit_EState_VSA10,-99417.97,588005.75,309273.38,XGBoost,provided_plus_rdkit_descriptors,10,5
rdkit_EState_VSA2,7948.087,23783.701,64595.105,XGBoost,provided_plus_rdkit_descriptors,10,5
rdkit_EState_VSA3,40.157394,227.03487,708.2335,XGBoost,provided_plus_rdkit_descriptors,10,5
rdkit_EState_VSA4,0.0,0.0,0.0,XGBoost,provided_plus_rdkit_descriptors,10,5
rdkit_EState_VSA5,33.39061,386.28357,572.9886,XGBoost,provided_plus_rdkit_descriptors,10,5
rdkit_EState_VSA6,0.0,0.0,0.0,XGBoost,provided_plus_rdkit_descriptors,10,5
rdkit_EState_VSA7,0.0,0.0,0.0,XGBoost,provided_plus_rdkit_descriptors,10,5
rdkit_EState_VSA8,2732.0583,17366.322,27458.125,XGBoost,provided_plus_rdkit_descriptors,10,5
rdkit_EState_VSA9,2546.185,57641.645,44462.11,XGBoost,provided_plus_rdkit_descriptors,10,5
rdkit_VSA_EState1,109.59574,11085.625,6084.467,XGBoost,provided_plus_rdkit_descriptors,10,5
rdkit_VSA_EState10,0.0,0.0,0.0,XGBoost,provided_plus_rdkit_descriptors,10,5
rdkit_VSA_EState2,-22703.8,59776.52,85547.83,XGBoost,provided_plus_rdkit_descriptors,10,5
rdkit_VSA_EState3,24525.273,61954.29,42797.5,XGBoost,provided_plus_rdkit_descriptors,10,5
rdkit_VSA_EState4,0.0,0.0,0.0,XGBoost,provided_plus_rdkit_descriptors,10,5
rdkit_VSA_EState5,-638.4916,9980.851,10891.72,XGBoost,provided_plus_rdkit_descriptors,10,5
rdkit_VSA_EState6,0.0,0.0,0.0,XGBoost,provided_plus_rdkit_descriptors,10,5
rdkit_VSA_EState7,30569.361,32209.656,38265.324,XGBoost,provided_plus_rdkit_descriptors,10,5
rdkit_VSA_EState8,-23442.896,166666.95,197861.69,XGBoost,provided_plus_rdkit_descriptors,10,5
rdkit_VSA_EState9,0.0,0.0,0.0,XGBoost,provided_plus_rdkit_descriptors,10,5
rdkit_FractionCSP3,0.0,0.0,0.0,XGBoost,provided_plus_rdkit_descriptors,10,5
rdkit_HeavyAtomCount,0.0,0.0,0.0,XGBoost,provided_plus_rdkit_descriptors,10,5
rdkit_NHOHCount,-270.228,714.585,1268.4777,XGBoost,provided_plus_rdkit_descriptors,10,5
rdkit_NOCount,0.0,0.0,0.0,XGBoost,provided_plus_rdkit_descriptors,10,5
rdkit_NumAliphaticCarbocycles,0.0,0.0,0.0,XGBoost,provided_plus_rdkit_descriptors,10,5
rdkit_NumAliphaticHeterocycles,0.0,0.0,0.0,XGBoost,provided_plus_rdkit_descriptors,10,5
rdkit_NumAliphaticRings,0.0,0.0,0.0,XGBoost,provided_plus_rdkit_descriptors,10,5
rdkit_NumAmideBonds,0.0,0.0,0.0,XGBoost,provided_plus_rdkit_descriptors,10,5
rdkit_NumAtomStereoCenters,2043.0095,4929.299,6804.583,XGBoost,provided_plus_rdkit_descriptors,10,5
rdkit_NumBridgeheadAtoms,0.0,0.0,0.0,XGBoost,provided_plus_rdkit_descriptors,10,5
rdkit_NumHAcceptors,0.0,0.0,0.0,XGBoost,provided_plus_rdkit_descriptors,10,5
rdkit_NumHDonors,0.0,0.0,0.0,XGBoost,provided_plus_rdkit_descriptors,10,5
rdkit_NumHeteroatoms,0.0,0.0,0.0,XGBoost,provided_plus_rdkit_descriptors,10,5
rdkit_NumHeterocycles,0.0,0.0,0.0,XGBoost,provided_plus_rdkit_descriptors,10,5
rdkit_NumRotatableBonds,108.839836,933.663,1509.2048,XGBoost,provided_plus_rdkit_descriptors,10,5
rdkit_NumSaturatedCarbocycles,0.0,0.0,0.0,XGBoost,provided_plus_rdkit_descriptors,10,5
rdkit_NumSaturatedHeterocycles,0.0,0.0,0.0,XGBoost,provided_plus_rdkit_descriptors,10,5
rdkit_NumSaturatedRings,0.0,0.0,0.0,XGBoost,provided_plus_rdkit_descriptors,10,5
rdkit_NumUnspecifiedAtomStereoCenters,780.0308,2443.6296,4400.434,XGBoost,provided_plus_rdkit_descriptors,10,5
rdkit_Phi,-5610.395,15100.015,11142.361,XGBoost,provided_plus_rdkit_descriptors,10,5
rdkit_RingCount,0.0,0.0,0.0,XGBoost,provided_plus_rdkit_descriptors,10,5
rdkit_MolLogP,-22902.488,178946.56,139884.89,XGBoost,provided_plus_rdkit_descriptors,10,5
rdkit_MolMR,-4404.839,16543.998,17054.838,XGBoost,provided_plus_rdkit_descriptors,10,5
rdkit_fr_Al_COO,0.0,0.0,0.0,XGBoost,provided_plus_rdkit_descriptors,10,5
rdkit_fr_Al_OH,0.0,0.0,0.0,XGBoost,provided_plus_rdkit_descriptors,10,5
rdkit_fr_Al_OH_noTert,0.0,0.0,0.0,XGBoost,provided_plus_rdkit_descriptors,10,5
rdkit_fr_COO,0.0,0.0,0.0,XGBoost,provided_plus_rdkit_descriptors,10,5
rdkit_fr_COO2,0.0,0.0,0.0,XGBoost,provided_plus_rdkit_descriptors,10,5
rdkit_fr_C_O,0.0,0.0,0.0,XGBoost,provided_plus_rdkit_descriptors,10,5
rdkit_fr_C_O_noCOO,0.0,0.0,0.0,XGBoost,provided_plus_rdkit_descriptors,10,5
rdkit_fr_NH1,0.0,0.0,0.0,XGBoost,provided_plus_rdkit_descriptors,10,5
rdkit_fr_NH2,0.0,0.0,0.0,XGBoost,provided_plus_rdkit_descriptors,10,5
rdkit_fr_aldehyde,0.0,0.0,0.0,XGBoost,provided_plus_rdkit_descriptors,10,5
rdkit_fr_alkyl_halide,0.0,0.0,0.0,XGBoost,provided_plus_rdkit_descriptors,10,5
rdkit_fr_allylic_oxid,0.0,0.0,0.0,XGBoost,provided_plus_rdkit_descriptors,10,5
rdkit_fr_amide,0.0,0.0,0.0,XGBoost,provided_plus_rdkit_descriptors,10,5
rdkit_fr_bicyclic,0.0,0.0,0.0,XGBoost,provided_plus_rdkit_descriptors,10,5
rdkit_fr_ether,0.0,0.0,0.0,XGBoost,provided_plus_rdkit_descriptors,10,5
rdkit_fr_halogen,0.0,0.0,0.0,XGBoost,provided_plus_rdkit_descriptors,10,5
rdkit_fr_ketone,0.0,0.0,0.0,XGBoost,provided_plus_rdkit_descriptors,10,5
rdkit_fr_ketone_Topliss,0.0,0.0,0.0,XGBoost,provided_plus_rdkit_descriptors,10,5
rdkit_fr_methoxy,0.0,0.0,0.0,XGBoost,provided_plus_rdkit_descriptors,10,5
rdkit_fr_phos_acid,0.0,0.0,0.0,XGBoost,provided_plus_rdkit_descriptors,10,5
rdkit_fr_phos_ester,0.0,0.0,0.0,XGBoost,provided_plus_rdkit_descriptors,10,5
rdkit_qed,-11714.731,161699.0,110523.09,XGBoost,rdkit_descriptors_only,1,1
rdkit_HallKierAlpha,7431.596,318460.4,179238.53,XGBoost,rdkit_descriptors_only,1,1
rdkit_PEOE_VSA1,-26908.365,183634.56,161119.84,XGBoost,rdkit_descriptors_only,1,1
rdkit_PEOE_VSA10,86638.98,199103.64,305109.03,XGBoost,rdkit_descriptors_only,1,1
rdkit_SMR_VSA1,5057.8223,93177.086,42188.77,XGBoost,rdkit_descriptors_only,1,1
rdkit_SlogP_VSA2,53033.934,147346.36,159825.27,XGBoost,rdkit_descriptors_only,1,1
rdkit_SlogP_VSA3,3975.404,71008.445,83400.7,XGBoost,rdkit_descriptors_only,1,1
rdkit_TPSA,-3150.2432,37455.637,29501.283,XGBoost,rdkit_descriptors_only,1,1
rdkit_EState_VSA1,1076.8348,131098.52,120876.77,XGBoost,rdkit_descriptors_only,1,1
rdkit_EState_VSA10,40164.484,765244.4,313801.12,XGBoost,rdkit_descriptors_only,1,1
rdkit_VSA_EState3,-8527.029,684837.94,433085.8,XGBoost,rdkit_descriptors_only,1,1
rdkit_VSA_EState7,23710.938,518121.12,361070.72,XGBoost,rdkit_descriptors_only,1,1
rdkit_NHOHCount,-17046.918,71804.52,17075.357,XGBoost,rdkit_descriptors_only,1,1
rdkit_NOCount,-660.38214,1170.7931,1175.8876,XGBoost,rdkit_descriptors_only,1,1
rdkit_NumHAcceptors,12985.013,25522.014,15716.456,XGBoost,rdkit_descriptors_only,1,1
rdkit_NumHDonors,-21351.992,90092.266,39903.2,XGBoost,rdkit_descriptors_only,1,1
rdkit_NumHeteroatoms,-331.1045,16949.727,13237.066,XGBoost,rdkit_descriptors_only,1,1
rdkit_MolLogP,-97203.78,358098.2,188321.52,XGBoost,rdkit_descriptors_only,1,1
rdkit_fr_Al_OH,31129.217,158150.92,83975.7,XGBoost,rdkit_descriptors_only,1,1
rdkit_fr_Al_OH_noTert,28506.9,117337.766,44882.387,XGBoost,rdkit_descriptors_only,1,1
rdkit_qed,-35353.45,113342.45,93214.79,XGBoost,rdkit_descriptors_only,1,2
rdkit_Chi0,-35666.055,130725.24,80404.41,XGBoost,rdkit_descriptors_only,1,2
rdkit_HallKierAlpha,-254008.53,636563.0,360718.22,XGBoost,rdkit_descriptors_only,1,2
rdkit_Kappa2,116143.86,541070.0,364037.7,XGBoost,rdkit_descriptors_only,1,2
rdkit_Kappa3,-72308.234,162689.67,153339.95,XGBoost,rdkit_descriptors_only,1,2
rdkit_PEOE_VSA1,-35002.64,208001.53,138343.56,XGBoost,rdkit_descriptors_only,1,2
rdkit_PEOE_VSA10,-49711.137,296203.47,241721.52,XGBoost,rdkit_descriptors_only,1,2
rdkit_SMR_VSA1,30174.84,66811.4,65788.516,XGBoost,rdkit_descriptors_only,1,2
rdkit_SMR_VSA5,36038.42,202062.94,236386.89,XGBoost,rdkit_descriptors_only,1,2
rdkit_SlogP_VSA3,-28972.043,98114.54,55439.94,XGBoost,rdkit_descriptors_only,1,2
rdkit_TPSA,30945.318,65361.035,45243.723,XGBoost,rdkit_descriptors_only,1,2
rdkit_EState_VSA10,-149572.78,638653.75,265837.06,XGBoost,rdkit_descriptors_only,1,2
rdkit_VSA_EState7,-29846.035,571572.25,330319.66,XGBoost,rdkit_descriptors_only,1,2
rdkit_NHOHCount,-16057.716,197373.66,48743.785,XGBoost,rdkit_descriptors_only,1,2
rdkit_NOCount,413.46176,8827.422,6375.0913,XGBoost,rdkit_descriptors_only,1,2
rdkit_NumAtomStereoCenters,45238.895,138456.2,196388.89,XGBoost,rdkit_descriptors_only,1,2
rdkit_NumHAcceptors,0.0,0.0,0.0,XGBoost,rdkit_descriptors_only,1,2
rdkit_NumHDonors,2572.2278,74913.43,69313.9,XGBoost,rdkit_descriptors_only,1,2
rdkit_NumHeteroatoms,31304.018,71214.164,67726.625,XGBoost,rdkit_descriptors_only,1,2
rdkit_MolLogP,43053.484,240268.97,247081.81,XGBoost,rdkit_descriptors_only,1,2
rdkit_qed,67619.78,194450.22,149279.31,XGBoost,rdkit_descriptors_only,1,3
rdkit_BCUT2D_LOGPLOW,47213.113,337804.4,252911.94,XGBoost,rdkit_descriptors_only,1,3
rdkit_HallKierAlpha,134825.52,464419.97,209934.69,XGBoost,rdkit_descriptors_only,1,3
rdkit_Kappa3,-51981.004,217365.36,105621.37,XGBoost,rdkit_descriptors_only,1,3
rdkit_PEOE_VSA1,-59364.11,309573.3,171574.6,XGBoost,rdkit_descriptors_only,1,3
rdkit_PEOE_VSA10,3994.3823,218343.52,149558.33,XGBoost,rdkit_descriptors_only,1,3
rdkit_SMR_VSA1,45002.74,115160.76,96689.3,XGBoost,rdkit_descriptors_only,1,3
rdkit_SlogP_VSA2,494.26334,99526.83,74883.195,XGBoost,rdkit_descriptors_only,1,3
rdkit_SlogP_VSA3,1759.9791,70778.734,40568.652,XGBoost,rdkit_descriptors_only,1,3
rdkit_TPSA,20772.0,62873.9,45673.637,XGBoost,rdkit_descriptors_only,1,3
rdkit_EState_VSA10,112116.3,511555.8,212163.95,XGBoost,rdkit_descriptors_only,1,3
rdkit_VSA_EState3,-33015.324,471379.94,381651.9,XGBoost,rdkit_descriptors_only,1,3
rdkit_VSA_EState7,110313.2,634265.25,313765.9,XGBoost,rdkit_descriptors_only,1,3
rdkit_NHOHCount,-4787.1436,18772.152,12969.104,XGBoost,rdkit_descriptors_only,1,3
rdkit_NOCount,-1745.104,9764.062,4762.356,XGBoost,rdkit_descriptors_only,1,3
rdkit_NumAtomStereoCenters,-42726.2,159461.67,321772.34,XGBoost,rdkit_descriptors_only,1,3
rdkit_NumHAcceptors,-15137.328,19104.65,16395.22,XGBoost,rdkit_descriptors_only,1,3
rdkit_NumHDonors,-5126.8467,62433.195,25900.156,XGBoost,rdkit_descriptors_only,1,3
rdkit_NumHeteroatoms,2452.7485,20753.12,23162.803,XGBoost,rdkit_descriptors_only,1,3
rdkit_MolLogP,61158.812,268275.78,441763.3,XGBoost,rdkit_descriptors_only,1,3
rdkit_qed,-21232.684,125806.22,68740.97,XGBoost,rdkit_descriptors_only,1,4
rdkit_BCUT2D_LOGPLOW,-60770.992,312311.88,311469.72,XGBoost,rdkit_descriptors_only,1,4
rdkit_HallKierAlpha,-99513.664,602494.75,268935.25,XGBoost,rdkit_descriptors_only,1,4
rdkit_Kappa3,5516.571,266304.03,122492.37,XGBoost,rdkit_descriptors_only,1,4
rdkit_PEOE_VSA1,8397.54,274555.94,149923.58,XGBoost,rdkit_descriptors_only,1,4
rdkit_PEOE_VSA10,65466.5,211671.81,276729.06,XGBoost,rdkit_descriptors_only,1,4
rdkit_PEOE_VSA11,14075.208,126467.93,107745.1,XGBoost,rdkit_descriptors_only,1,4
rdkit_SMR_VSA1,78628.15,118887.39,89223.22,XGBoost,rdkit_descriptors_only,1,4
rdkit_SlogP_VSA2,20142.543,191981.19,179907.42,XGBoost,rdkit_descriptors_only,1,4
rdkit_SlogP_VSA3,-251.42917,116230.375,85614.53,XGBoost,rdkit_descriptors_only,1,4
rdkit_TPSA,39449.277,144923.67,133834.44,XGBoost,rdkit_descriptors_only,1,4
rdkit_EState_VSA1,26302.697,186115.28,162108.02,XGBoost,rdkit_descriptors_only,1,4
rdkit_EState_VSA10,-38841.21,401229.88,193368.12,XGBoost,rdkit_descriptors_only,1,4
rdkit_VSA_EState7,16373.528,451517.88,221050.94,XGBoost,rdkit_descriptors_only,1,4
rdkit_NHOHCount,16012.179,128653.836,53137.492,XGBoost,rdkit_descriptors_only,1,4
rdkit_NOCount,2195.4014,9463.019,5779.994,XGBoost,rdkit_descriptors_only,1,4
rdkit_NumHAcceptors,0.0,0.0,0.0,XGBoost,rdkit_descriptors_only,1,4
rdkit_NumHDonors,-4295.238,72899.38,32543.73,XGBoost,rdkit_descriptors_only,1,4
rdkit_NumHeteroatoms,11653.019,33532.562,23431.857,XGBoost,rdkit_descriptors_only,1,4
rdkit_MolLogP,-7665.976,191123.1,309148.34,XGBoost,rdkit_descriptors_only,1,4
rdkit_qed,-1699.3224,196581.23,135843.02,XGBoost,rdkit_descriptors_only,1,5
rdkit_HallKierAlpha,-81555.45,618424.6,301600.44,XGBoost,rdkit_descriptors_only,1,5
rdkit_Kappa3,-24202.34,277759.5,115985.01,XGBoost,rdkit_descriptors_only,1,5
rdkit_PEOE_VSA1,-211815.17,281513.97,194579.4,XGBoost,rdkit_descriptors_only,1,5
rdkit_PEOE_VSA10,54911.84,293094.06,248645.69,XGBoost,rdkit_descriptors_only,1,5
rdkit_SMR_VSA1,33720.805,104454.14,75408.22,XGBoost,rdkit_descriptors_only,1,5
rdkit_SlogP_VSA2,18424.379,179300.72,164144.28,XGBoost,rdkit_descriptors_only,1,5
rdkit_SlogP_VSA3,-5129.0933,44872.63,41436.555,XGBoost,rdkit_descriptors_only,1,5
rdkit_TPSA,90.09992,55015.664,43072.902,XGBoost,rdkit_descriptors_only,1,5
rdkit_EState_VSA10,-139750.83,693030.4,363804.5,XGBoost,rdkit_descriptors_only,1,5
rdkit_VSA_EState3,119457.586,677626.44,532587.8,XGBoost,rdkit_descriptors_only,1,5
rdkit_VSA_EState7,18406.951,576143.94,318205.44,XGBoost,rdkit_descriptors_only,1,5
rdkit_NHOHCount,-41454.637,155643.64,45051.71,XGBoost,rdkit_descriptors_only,1,5
rdkit_NOCount,-5210.9663,10780.381,6606.481,XGBoost,rdkit_descriptors_only,1,5
rdkit_NumAtomStereoCenters,-45230.535,121398.2,191733.66,XGBoost,rdkit_descriptors_only,1,5
rdkit_NumHAcceptors,0.0,0.0,0.0,XGBoost,rdkit_descriptors_only,1,5
rdkit_NumHDonors,-6915.171,71835.42,22644.508,XGBoost,rdkit_descriptors_only,1,5
rdkit_NumHeteroatoms,13715.969,40908.793,32217.814,XGBoost,rdkit_descriptors_only,1,5
rdkit_MolLogP,57222.676,355254.7,480833.2,XGBoost,rdkit_descriptors_only,1,5
rdkit_fr_Al_OH_noTert,9253.066,138694.19,75240.11,XGBoost,rdkit_descriptors_only,1,5
rdkit_qed,-55209.016,304829.22,168675.38,XGBoost,rdkit_descriptors_only,2,1
rdkit_HallKierAlpha,-20203.17,445776.97,219777.34,XGBoost,rdkit_descriptors_only,2,1
rdkit_Kappa3,2079.313,172273.56,122683.59,XGBoost,rdkit_descriptors_only,2,1
rdkit_PEOE_VSA1,-94579.67,230393.5,126539.86,XGBoost,rdkit_descriptors_only,2,1
rdkit_PEOE_VSA10,8477.812,184485.08,136134.05,XGBoost,rdkit_descriptors_only,2,1
rdkit_SMR_VSA1,13604.591,64099.508,41911.14,XGBoost,rdkit_descriptors_only,2,1
rdkit_SlogP_VSA2,-17389.26,240355.19,144296.72,XGBoost,rdkit_descriptors_only,2,1
rdkit_SlogP_VSA3,3884.0854,31982.979,25555.924,XGBoost,rdkit_descriptors_only,2,1
rdkit_TPSA,-4750.527,26054.75,15777.366,XGBoost,rdkit_descriptors_only,2,1
rdkit_EState_VSA10,-106470.5,665425.4,309145.8,XGBoost,rdkit_descriptors_only,2,1
rdkit_VSA_EState3,183797.27,763432.75,588655.1,XGBoost,rdkit_descriptors_only,2,1
rdkit_VSA_EState7,-56285.004,730319.4,398194.56,XGBoost,rdkit_descriptors_only,2,1
rdkit_NHOHCount,-30710.283,105459.16,22531.504,XGBoost,rdkit_descriptors_only,2,1
rdkit_NOCount,3529.9604,11836.271,9541.524,XGBoost,rdkit_descriptors_only,2,1
rdkit_NumHAcceptors,0.0,0.0,0.0,XGBoost,rdkit_descriptors_only,2,1
rdkit_NumHDonors,-13185.582,26356.156,13087.916,XGBoost,rdkit_descriptors_only,2,1
rdkit_NumHeteroatoms,-2269.409,13761.433,10281.343,XGBoost,rdkit_descriptors_only,2,1
rdkit_MolLogP,-146248.64,359033.97,286351.97,XGBoost,rdkit_descriptors_only,2,1
rdkit_fr_Al_OH,3922.7102,105426.42,72467.125,XGBoost,rdkit_descriptors_only,2,1
rdkit_fr_Al_OH_noTert,15102.81,114317.55,50765.17,XGBoost,rdkit_descriptors_only,2,1
rdkit_qed,47814.676,91521.17,104574.266,XGBoost,rdkit_descriptors_only,2,2
rdkit_BCUT2D_LOGPLOW,-12011.011,309900.38,311166.66,XGBoost,rdkit_descriptors_only,2,2
rdkit_HallKierAlpha,62330.57,487359.0,225907.08,XGBoost,rdkit_descriptors_only,2,2
rdkit_Kappa3,-67954.984,191629.36,95466.33,XGBoost,rdkit_descriptors_only,2,2
rdkit_PEOE_VSA1,-32484.29,234857.84,130169.6,XGBoost,rdkit_descriptors_only,2,2
rdkit_PEOE_VSA10,-44339.336,377995.62,261950.36,XGBoost,rdkit_descriptors_only,2,2
rdkit_SMR_VSA1,16724.715,50778.637,51330.35,XGBoost,rdkit_descriptors_only,2,2
rdkit_SlogP_VSA2,-25748.691,210430.56,195251.44,XGBoost,rdkit_descriptors_only,2,2
rdkit_SlogP_VSA3,-11633.906,92780.79,78631.086,XGBoost,rdkit_descriptors_only,2,2
rdkit_TPSA,-5886.6235,119339.85,102585.414,XGBoost,rdkit_descriptors_only,2,2
rdkit_EState_VSA1,8958.025,153614.69,78252.195,XGBoost,rdkit_descriptors_only,2,2
rdkit_EState_VSA10,147427.61,626916.0,208170.8,XGBoost,rdkit_descriptors_only,2,2
rdkit_VSA_EState7,108566.22,434700.5,237688.02,XGBoost,rdkit_descriptors_only,2,2
rdkit_NHOHCount,52847.36,311235.16,95033.69,XGBoost,rdkit_descriptors_only,2,2
rdkit_NOCount,2889.7537,11449.56,2679.914,XGBoost,rdkit_descriptors_only,2,2
rdkit_NumAtomStereoCenters,46799.71,122893.2,198720.17,XGBoost,rdkit_descriptors_only,2,2
rdkit_NumHAcceptors,-5059.0615,28619.88,13907.435,XGBoost,rdkit_descriptors_only,2,2
rdkit_NumHDonors,15915.792,78289.05,48867.395,XGBoost,rdkit_descriptors_only,2,2
rdkit_NumHeteroatoms,4357.551,26877.5,34090.12,XGBoost,rdkit_descriptors_only,2,2
rdkit_MolLogP,62098.598,272701.78,374432.66,XGBoost,rdkit_descriptors_only,2,2
rdkit_qed,44589.348,321908.44,133830.7,XGBoost,rdkit_descriptors_only,2,3
rdkit_BCUT2D_LOGPLOW,-24937.592,388440.8,256380.83,XGBoost,rdkit_descriptors_only,2,3
rdkit_HallKierAlpha,-80913.45,499182.5,298533.16,XGBoost,rdkit_descriptors_only,2,3
rdkit_Kappa3,-21640.967,194136.98,54661.312,XGBoost,rdkit_descriptors_only,2,3
rdkit_PEOE_VSA1,46675.004,271421.62,184085.98,XGBoost,rdkit_descriptors_only,2,3
rdkit_PEOE_VSA10,29557.16,184693.86,198050.97,XGBoost,rdkit_descriptors_only,2,3
rdkit_PEOE_VSA11,7005.495,90783.3,64934.062,XGBoost,rdkit_descriptors_only,2,3
rdkit_SMR_VSA1,901.9,127821.48,77839.51,XGBoost,rdkit_descriptors_only,2,3
rdkit_SlogP_VSA2,9106.911,93471.23,70647.734,XGBoost,rdkit_descriptors_only,2,3
rdkit_SlogP_VSA3,3207.9375,48303.816,40352.465,XGBoost,rdkit_descriptors_only,2,3
rdkit_TPSA,-649.08136,96882.42,63361.15,XGBoost,rdkit_descriptors_only,2,3
rdkit_EState_VSA10,-109770.664,718536.7,353166.5,XGBoost,rdkit_descriptors_only,2,3
rdkit_VSA_EState3,61884.45,803034.75,493677.7,XGBoost,rdkit_descriptors_only,2,3
rdkit_VSA_EState7,12379.848,444627.12,222574.31,XGBoost,rdkit_descriptors_only,2,3
rdkit_NHOHCount,-15493.708,164084.08,38191.887,XGBoost,rdkit_descriptors_only,2,3
rdkit_NOCount,-5854.3135,11168.397,14240.648,XGBoost,rdkit_descriptors_only,2,3
rdkit_NumHAcceptors,0.0,0.0,0.0,XGBoost,rdkit_descriptors_only,2,3
rdkit_NumHDonors,-6665.978,28930.262,16058.3545,XGBoost,rdkit_descriptors_only,2,3
rdkit_NumHeteroatoms,27896.025,64281.242,38855.223,XGBoost,rdkit_descriptors_only,2,3
rdkit_MolLogP,36346.95,215583.84,407093.44,XGBoost,rdkit_descriptors_only,2,3
rdkit_qed,-20468.033,395250.88,195117.28,XGBoost,rdkit_descriptors_only,2,4
rdkit_BCUT2D_LOGPLOW,-63193.176,257445.77,268904.94,XGBoost,rdkit_descriptors_only,2,4
rdkit_HallKierAlpha,-115918.125,476973.7,270989.66,XGBoost,rdkit_descriptors_only,2,4
rdkit_PEOE_VSA1,-11826.376,341585.03,167354.31,XGBoost,rdkit_descriptors_only,2,4
rdkit_PEOE_VSA10,-46594.36,244206.73,181627.56,XGBoost,rdkit_descriptors_only,2,4
rdkit_PEOE_VSA11,-11996.502,264914.2,177795.17,XGBoost,rdkit_descriptors_only,2,4
rdkit_SMR_VSA1,64477.773,93959.47,69767.59,XGBoost,rdkit_descriptors_only,2,4
rdkit_SlogP_VSA3,-35566.6,78464.1,131927.7,XGBoost,rdkit_descriptors_only,2,4
rdkit_TPSA,80904.586,125363.27,83067.23,XGBoost,rdkit_descriptors_only,2,4
rdkit_EState_VSA10,-63833.664,506210.3,238319.08,XGBoost,rdkit_descriptors_only,2,4
rdkit_VSA_EState3,162640.19,392015.8,352846.53,XGBoost,rdkit_descriptors_only,2,4
rdkit_VSA_EState7,107915.125,574586.2,264231.03,XGBoost,rdkit_descriptors_only,2,4
rdkit_NHOHCount,14678.7295,60977.965,62032.05,XGBoost,rdkit_descriptors_only,2,4
rdkit_NOCount,-39.265903,2903.575,3844.5889,XGBoost,rdkit_descriptors_only,2,4
rdkit_NumHAcceptors,4642.4766,12628.738,7698.9834,XGBoost,rdkit_descriptors_only,2,4
rdkit_NumHDonors,-5800.5103,46409.99,10269.332,XGBoost,rdkit_descriptors_only,2,4
rdkit_NumHeteroatoms,9970.219,96850.87,58419.332,XGBoost,rdkit_descriptors_only,2,4
rdkit_MolLogP,-93115.41,158381.72,101670.3,XGBoost,rdkit_descriptors_only,2,4
rdkit_fr_Al_OH,32413.232,63614.105,36864.78,XGBoost,rdkit_descriptors_only,2,4
rdkit_fr_Al_OH_noTert,19869.63,56138.707,20421.104,XGBoost,rdkit_descriptors_only,2,4
rdkit_qed,-66956.44,217491.31,135571.92,XGBoost,rdkit_descriptors_only,2,5
rdkit_HallKierAlpha,-116785.45,533342.44,292143.5,XGBoost,rdkit_descriptors_only,2,5
rdkit_Kappa3,79860.67,291242.62,156166.52,XGBoost,rdkit_descriptors_only,2,5
rdkit_PEOE_VSA1,-42842.992,342430.5,198679.25,XGBoost,rdkit_descriptors_only,2,5
rdkit_PEOE_VSA10,120170.01,219433.28,293443.8,XGBoost,rdkit_descriptors_only,2,5
rdkit_SMR_VSA1,-20197.045,75788.59,47773.19,XGBoost,rdkit_descriptors_only,2,5
rdkit_SlogP_VSA2,-1320.592,139790.5,114412.02,XGBoost,rdkit_descriptors_only,2,5
rdkit_SlogP_VSA3,-6801.415,115232.125,42490.84,XGBoost,rdkit_descriptors_only,2,5
rdkit_TPSA,22453.426,91518.53,65306.652,XGBoost,rdkit_descriptors_only,2,5
rdkit_EState_VSA1,16067.353,68053.83,65252.734,XGBoost,rdkit_descriptors_only,2,5
rdkit_EState_VSA10,-65102.258,587772.56,278299.6,XGBoost,rdkit_descriptors_only,2,5
rdkit_VSA_EState3,76495.734,655072.75,475073.47,XGBoost,rdkit_descriptors_only,2,5
rdkit_VSA_EState7,-12611.657,674571.0,316201.03,XGBoost,rdkit_descriptors_only,2,5
rdkit_NHOHCount,-89.13701,19349.357,5351.0103,XGBoost,rdkit_descriptors_only,2,5
rdkit_NOCount,0.0,0.0,0.0,XGBoost,rdkit_descriptors_only,2,5
rdkit_NumAtomStereoCenters,-17951.912,98167.32,196740.17,XGBoost,rdkit_descriptors_only,2,5
rdkit_NumHAcceptors,-5787.8677,14827.721,11755.098,XGBoost,rdkit_descriptors_only,2,5
rdkit_NumHDonors,-5852.7446,19366.977,6218.2266,XGBoost,rdkit_descriptors_only,2,5
rdkit_NumHeteroatoms,45507.168,96916.78,117937.55,XGBoost,rdkit_descriptors_only,2,5
rdkit_MolLogP,29720.518,362409.34,543415.94,XGBoost,rdkit_descriptors_only,2,5
rdkit_qed,-8239.779,129192.53,80726.33,XGBoost,rdkit_descriptors_only,3,1
rdkit_BCUT2D_LOGPLOW,-84945.25,345647.0,370379.53,XGBoost,rdkit_descriptors_only,3,1
rdkit_HallKierAlpha,-28334.305,549135.94,246713.72,XGBoost,rdkit_descriptors_only,3,1
rdkit_Kappa3,2674.8518,217556.55,133032.84,XGBoost,rdkit_descriptors_only,3,1
rdkit_PEOE_VSA1,-92799.51,366142.2,213628.62,XGBoost,rdkit_descriptors_only,3,1
rdkit_PEOE_VSA10,-15214.636,378750.5,133822.69,XGBoost,rdkit_descriptors_only,3,1
rdkit_PEOE_VSA11,-84081.086,208163.3,149721.1,XGBoost,rdkit_descriptors_only,3,1
rdkit_SMR_VSA1,41005.332,113495.734,72571.89,XGBoost,rdkit_descriptors_only,3,1
rdkit_SlogP_VSA2,12945.608,323943.38,198572.6,XGBoost,rdkit_descriptors_only,3,1
rdkit_SlogP_VSA3,-24829.225,51011.445,61035.664,XGBoost,rdkit_descriptors_only,3,1
rdkit_TPSA,22525.678,96779.98,108172.164,XGBoost,rdkit_descriptors_only,3,1
rdkit_EState_VSA10,19748.553,606332.7,233600.06,XGBoost,rdkit_descriptors_only,3,1
rdkit_VSA_EState7,71036.055,341612.44,158131.6,XGBoost,rdkit_descriptors_only,3,1
rdkit_NHOHCount,27922.219,182672.05,64335.59,XGBoost,rdkit_descriptors_only,3,1
rdkit_NOCount,-1238.8441,4208.235,5543.602,XGBoost,rdkit_descriptors_only,3,1
rdkit_NumAtomStereoCenters,22324.074,100704.16,203195.08,XGBoost,rdkit_descriptors_only,3,1
rdkit_NumHAcceptors,-11347.104,18086.627,15416.063,XGBoost,rdkit_descriptors_only,3,1
rdkit_NumHDonors,3237.221,77361.79,57270.85,XGBoost,rdkit_descriptors_only,3,1
rdkit_NumHeteroatoms,1193.979,7201.897,4536.029,XGBoost,rdkit_descriptors_only,3,1
rdkit_MolLogP,77737.59,282349.5,566736.3,XGBoost,rdkit_descriptors_only,3,1
rdkit_qed,-8104.1685,172846.39,89128.2,XGBoost,rdkit_descriptors_only,3,2
rdkit_BCUT2D_LOGPLOW,30274.33,343164.5,222172.05,XGBoost,rdkit_descriptors_only,3,2
rdkit_HallKierAlpha,-74974.46,367821.9,261157.9,XGBoost,rdkit_descriptors_only,3,2
rdkit_Kappa3,33906.77,156294.42,73403.64,XGBoost,rdkit_descriptors_only,3,2
rdkit_PEOE_VSA1,66703.055,354169.94,215757.89,XGBoost,rdkit_descriptors_only,3,2
rdkit_PEOE_VSA10,32703.504,181237.75,193605.16,XGBoost,rdkit_descriptors_only,3,2
rdkit_PEOE_VSA11,27909.426,138861.39,72264.88,XGBoost,rdkit_descriptors_only,3,2
rdkit_SMR_VSA1,13876.193,102512.836,73876.49,XGBoost,rdkit_descriptors_only,3,2
rdkit_SlogP_VSA3,19992.379,77291.08,79183.56,XGBoost,rdkit_descriptors_only,3,2
rdkit_TPSA,-17667.283,83053.34,44819.465,XGBoost,rdkit_descriptors_only,3,2
rdkit_EState_VSA10,-55803.266,765805.75,335958.72,XGBoost,rdkit_descriptors_only,3,2
rdkit_VSA_EState3,9843.334,677190.25,473975.56,XGBoost,rdkit_descriptors_only,3,2
rdkit_VSA_EState7,40495.613,374914.78,170397.64,XGBoost,rdkit_descriptors_only,3,2
rdkit_NHOHCount,-6090.5474,24716.393,17357.928,XGBoost,rdkit_descriptors_only,3,2
rdkit_NOCount,-4129.0996,21671.94,14312.818,XGBoost,rdkit_descriptors_only,3,2
rdkit_NumAtomStereoCenters,-55150.016,164266.5,316336.3,XGBoost,rdkit_descriptors_only,3,2
rdkit_NumHAcceptors,-3565.7961,10051.299,9543.598,XGBoost,rdkit_descriptors_only,3,2
rdkit_NumHDonors,-24722.816,47178.668,44105.117,XGBoost,rdkit_descriptors_only,3,2
rdkit_NumHeteroatoms,-4486.6763,45666.105,25620.89,XGBoost,rdkit_descriptors_only,3,2
rdkit_MolLogP,76543.26,258426.36,365408.03,XGBoost,rdkit_descriptors_only,3,2
rdkit_qed,8451.218,296077.2,156181.12,XGBoost,rdkit_descriptors_only,3,3
rdkit_BCUT2D_LOGPLOW,-31423.809,357047.6,275071.38,XGBoost,rdkit_descriptors_only,3,3
rdkit_HallKierAlpha,-108349.88,486139.16,271709.25,XGBoost,rdkit_descriptors_only,3,3
rdkit_Kappa3,-61760.04,256489.86,126214.81,XGBoost,rdkit_descriptors_only,3,3
rdkit_PEOE_VSA1,-7473.994,191330.97,138128.75,XGBoost,rdkit_descriptors_only,3,3
rdkit_PEOE_VSA10,-21341.78,221097.2,171108.92,XGBoost,rdkit_descriptors_only,3,3
rdkit_SMR_VSA1,26308.742,70228.766,36923.664,XGBoost,rdkit_descriptors_only,3,3
rdkit_SlogP_VSA2,33200.02,160027.23,142155.39,XGBoost,rdkit_descriptors_only,3,3
rdkit_SlogP_VSA3,22452.754,101809.64,74031.07,XGBoost,rdkit_descriptors_only,3,3
rdkit_TPSA,12030.39,24785.602,44677.98,XGBoost,rdkit_descriptors_only,3,3
rdkit_EState_VSA1,-3697.935,42261.355,40244.42,XGBoost,rdkit_descriptors_only,3,3
rdkit_EState_VSA10,-33298.887,500553.66,223099.69,XGBoost,rdkit_descriptors_only,3,3
rdkit_VSA_EState3,122472.03,681131.75,477293.38,XGBoost,rdkit_descriptors_only,3,3
rdkit_VSA_EState7,122070.57,537643.25,295052.2,XGBoost,rdkit_descriptors_only,3,3
rdkit_NHOHCount,811.5856,32009.348,24385.896,XGBoost,rdkit_descriptors_only,3,3
rdkit_NOCount,-2196.157,2600.4653,2348.5618,XGBoost,rdkit_descriptors_only,3,3
rdkit_NumHAcceptors,-440.0914,8525.073,7432.0176,XGBoost,rdkit_descriptors_only,3,3
rdkit_NumHDonors,-6277.258,41400.613,23317.184,XGBoost,rdkit_descriptors_only,3,3
rdkit_NumHeteroatoms,148.88153,20527.51,15246.044,XGBoost,rdkit_descriptors_only,3,3
rdkit_MolLogP,-24721.37,405253.72,337682.2,XGBoost,rdkit_descriptors_only,3,3
rdkit_HallKierAlpha,9928.401,554514.06,218761.12,XGBoost,rdkit_descriptors_only,3,4
rdkit_Kappa3,-168708.83,351899.94,191757.62,XGBoost,rdkit_descriptors_only,3,4
rdkit_PEOE_VSA1,-287707.03,392064.88,218465.62,XGBoost,rdkit_descriptors_only,3,4
rdkit_PEOE_VSA10,-5240.684,194979.92,117079.914,XGBoost,rdkit_descriptors_only,3,4
rdkit_SMR_VSA1,30303.42,40936.848,63260.125,XGBoost,rdkit_descriptors_only,3,4
rdkit_SlogP_VSA2,-106894.36,266485.12,185487.78,XGBoost,rdkit_descriptors_only,3,4
rdkit_SlogP_VSA3,7795.751,43145.246,45775.973,XGBoost,rdkit_descriptors_only,3,4
rdkit_TPSA,-6286.9736,56692.316,50626.86,XGBoost,rdkit_descriptors_only,3,4
rdkit_EState_VSA1,86155.67,160129.69,100163.95,XGBoost,rdkit_descriptors_only,3,4
rdkit_EState_VSA10,-230167.25,881879.3,430315.94,XGBoost,rdkit_descriptors_only,3,4
rdkit_VSA_EState3,11437.9795,550521.6,415794.1,XGBoost,rdkit_descriptors_only,3,4
rdkit_VSA_EState7,-46041.977,570178.3,222095.16,XGBoost,rdkit_descriptors_only,3,4
rdkit_NHOHCount,-11281.29,42450.668,12397.549,XGBoost,rdkit_descriptors_only,3,4
rdkit_NOCount,620.41754,5072.265,5237.787,XGBoost,rdkit_descriptors_only,3,4
rdkit_NumAtomStereoCenters,11386.632,162910.06,187692.61,XGBoost,rdkit_descriptors_only,3,4
rdkit_NumHAcceptors,0.0,0.0,0.0,XGBoost,rdkit_descriptors_only,3,4
rdkit_NumHDonors,-3274.6062,54999.67,28551.889,XGBoost,rdkit_descriptors_only,3,4
rdkit_NumHeteroatoms,-1717.6683,11049.531,8015.294,XGBoost,rdkit_descriptors_only,3,4
rdkit_MolLogP,-122528.32,284179.6,254404.23,XGBoost,rdkit_descriptors_only,3,4
rdkit_fr_Al_OH_noTert,43730.707,166858.4,75051.664,XGBoost,rdkit_descriptors_only,3,4
rdkit_qed,-121651.23,479915.97,110174.69,XGBoost,rdkit_descriptors_only,3,5
rdkit_BCUT2D_LOGPLOW,-82992.79,282609.2,276659.97,XGBoost,rdkit_descriptors_only,3,5
rdkit_HallKierAlpha,29201.076,484207.2,191567.23,XGBoost,rdkit_descriptors_only,3,5
rdkit_Kappa3,-9293.714,223916.25,115559.07,XGBoost,rdkit_descriptors_only,3,5
rdkit_PEOE_VSA1,-47592.047,187944.89,87930.414,XGBoost,rdkit_descriptors_only,3,5
rdkit_PEOE_VSA10,80960.0,188324.52,217934.94,XGBoost,rdkit_descriptors_only,3,5
rdkit_SMR_VSA1,20250.342,72267.9,58513.742,XGBoost,rdkit_descriptors_only,3,5
rdkit_SlogP_VSA2,59284.586,235388.9,210334.67,XGBoost,rdkit_descriptors_only,3,5
rdkit_SlogP_VSA3,10380.433,96690.805,117696.234,XGBoost,rdkit_descriptors_only,3,5
rdkit_TPSA,-4229.443,12408.824,14283.735,XGBoost,rdkit_descriptors_only,3,5
rdkit_EState_VSA10,106499.18,614039.9,227031.42,XGBoost,rdkit_descriptors_only,3,5
rdkit_VSA_EState3,96094.79,454392.72,330755.34,XGBoost,rdkit_descriptors_only,3,5
rdkit_VSA_EState7,158058.94,543079.9,234090.19,XGBoost,rdkit_descriptors_only,3,5
rdkit_NHOHCount,1901.3171,20601.201,11292.579,XGBoost,rdkit_descriptors_only,3,5
rdkit_NOCount,528.76843,7076.94,6225.0625,XGBoost,rdkit_descriptors_only,3,5
rdkit_NumHAcceptors,0.0,0.0,0.0,XGBoost,rdkit_descriptors_only,3,5
rdkit_NumHDonors,16433.217,42273.71,25708.748,XGBoost,rdkit_descriptors_only,3,5
rdkit_NumHeteroatoms,21196.037,38744.453,55745.625,XGBoost,rdkit_descriptors_only,3,5
rdkit_MolLogP,34829.383,289585.72,303701.34,XGBoost,rdkit_descriptors_only,3,5
rdkit_fr_Al_OH_noTert,40474.824,117646.59,39119.58,XGBoost,rdkit_descriptors_only,3,5
rdkit_qed,38058.65,106607.96,111248.555,XGBoost,rdkit_descriptors_only,4,1
rdkit_BCUT2D_LOGPLOW,-37721.363,376705.53,249150.16,XGBoost,rdkit_descriptors_only,4,1
rdkit_HallKierAlpha,5606.203,329326.5,183164.44,XGBoost,rdkit_descriptors_only,4,1
rdkit_PEOE_VSA1,-23784.67,352227.3,199758.16,XGBoost,rdkit_descriptors_only,4,1
rdkit_PEOE_VSA10,11612.991,257166.7,164835.22,XGBoost,rdkit_descriptors_only,4,1
rdkit_PEOE_VSA11,54410.84,310200.12,179493.98,XGBoost,rdkit_descriptors_only,4,1
rdkit_SMR_VSA1,35798.902,104309.87,89707.64,XGBoost,rdkit_descriptors_only,4,1
rdkit_SlogP_VSA2,20608.133,279673.2,158196.67,XGBoost,rdkit_descriptors_only,4,1
rdkit_SlogP_VSA3,19232.996,116569.62,57868.17,XGBoost,rdkit_descriptors_only,4,1
rdkit_TPSA,-6556.919,64719.9,64234.598,XGBoost,rdkit_descriptors_only,4,1
rdkit_EState_VSA10,-97053.28,634791.75,336588.0,XGBoost,rdkit_descriptors_only,4,1
rdkit_VSA_EState7,111935.41,386087.5,230391.31,XGBoost,rdkit_descriptors_only,4,1
rdkit_NHOHCount,9157.889,96998.52,28637.576,XGBoost,rdkit_descriptors_only,4,1
rdkit_NOCount,-3221.8713,17101.963,17469.113,XGBoost,rdkit_descriptors_only,4,1
rdkit_NumAtomStereoCenters,8429.693,123234.516,244114.3,XGBoost,rdkit_descriptors_only,4,1
rdkit_NumHAcceptors,-17890.252,49486.066,19367.652,XGBoost,rdkit_descriptors_only,4,1
rdkit_NumHDonors,7550.5366,55825.312,32963.266,XGBoost,rdkit_descriptors_only,4,1
rdkit_NumHeteroatoms,-5045.9175,86429.61,60132.457,XGBoost,rdkit_descriptors_only,4,1
rdkit_MolLogP,-3564.9841,231382.2,374777.5,XGBoost,rdkit_descriptors_only,4,1
rdkit_fr_ether,-21271.512,37331.86,24831.695,XGBoost,rdkit_descriptors_only,4,1
rdkit_qed,-33932.492,220308.48,88201.9,XGBoost,rdkit_descriptors_only,4,2
rdkit_BCUT2D_LOGPLOW,-864.15753,303797.4,348353.3,XGBoost,rdkit_descriptors_only,4,2
rdkit_HallKierAlpha,32707.645,478725.34,251173.48,XGBoost,rdkit_descriptors_only,4,2
rdkit_Kappa3,-66274.58,191025.8,105821.125,XGBoost,rdkit_descriptors_only,4,2
rdkit_PEOE_VSA1,-44485.31,275539.38,167279.52,XGBoost,rdkit_descriptors_only,4,2
rdkit_PEOE_VSA10,-794.391,151092.58,139678.1,XGBoost,rdkit_descriptors_only,4,2
rdkit_SMR_VSA1,47878.598,128973.87,105269.64,XGBoost,rdkit_descriptors_only,4,2
rdkit_SlogP_VSA2,60117.17,292239.2,224700.56,XGBoost,rdkit_descriptors_only,4,2
rdkit_SlogP_VSA3,22596.438,210875.52,223055.52,XGBoost,rdkit_descriptors_only,4,2
rdkit_TPSA,15659.325,73723.02,63600.44,XGBoost,rdkit_descriptors_only,4,2
rdkit_EState_VSA1,45948.312,157088.75,79496.695,XGBoost,rdkit_descriptors_only,4,2
rdkit_EState_VSA10,3335.8093,548613.94,243670.67,XGBoost,rdkit_descriptors_only,4,2
rdkit_VSA_EState7,-71601.9,505695.72,266815.06,XGBoost,rdkit_descriptors_only,4,2
rdkit_NHOHCount,-7196.7075,85885.86,31660.654,XGBoost,rdkit_descriptors_only,4,2
rdkit_NOCount,-1085.3054,13577.217,6254.9897,XGBoost,rdkit_descriptors_only,4,2
rdkit_NumAtomStereoCenters,50657.934,123375.18,184390.47,XGBoost,rdkit_descriptors_only,4,2
rdkit_NumHAcceptors,0.0,0.0,0.0,XGBoost,rdkit_descriptors_only,4,2
rdkit_NumHDonors,5465.011,55891.395,44760.887,XGBoost,rdkit_descriptors_only,4,2
rdkit_NumHeteroatoms,4020.2493,31047.309,28565.254,XGBoost,rdkit_descriptors_only,4,2
rdkit_MolLogP,22161.52,355796.6,411003.1,XGBoost,rdkit_descriptors_only,4,2
rdkit_qed,-35485.074,180640.45,93923.75,XGBoost,rdkit_descriptors_only,4,3
rdkit_HallKierAlpha,-186605.53,403775.34,311629.3,XGBoost,rdkit_descriptors_only,4,3
rdkit_Kappa3,30853.008,213102.66,119876.25,XGBoost,rdkit_descriptors_only,4,3
rdkit_PEOE_VSA1,-169144.08,357774.94,201974.4,XGBoost,rdkit_descriptors_only,4,3
rdkit_PEOE_VSA10,-112837.484,263309.3,205929.9,XGBoost,rdkit_descriptors_only,4,3
rdkit_PEOE_VSA11,-57453.56,210535.25,214901.39,XGBoost,rdkit_descriptors_only,4,3
rdkit_SMR_VSA1,55744.59,118165.734,107076.914,XGBoost,rdkit_descriptors_only,4,3
rdkit_SlogP_VSA3,-47528.355,99357.984,83188.664,XGBoost,rdkit_descriptors_only,4,3
rdkit_TPSA,10459.247,83561.4,74060.33,XGBoost,rdkit_descriptors_only,4,3
rdkit_EState_VSA10,-113765.23,725749.94,334679.38,XGBoost,rdkit_descriptors_only,4,3
rdkit_VSA_EState3,37470.63,557118.06,420097.9,XGBoost,rdkit_descriptors_only,4,3
rdkit_VSA_EState7,-14098.858,410979.38,203006.03,XGBoost,rdkit_descriptors_only,4,3
rdkit_NHOHCount,-4116.2856,74525.88,39646.168,XGBoost,rdkit_descriptors_only,4,3
rdkit_NOCount,0.0,0.0,0.0,XGBoost,rdkit_descriptors_only,4,3
rdkit_NumHAcceptors,-3463.811,11914.429,8711.726,XGBoost,rdkit_descriptors_only,4,3
rdkit_NumHDonors,-28000.441,77649.35,32651.557,XGBoost,rdkit_descriptors_only,4,3
rdkit_NumHeteroatoms,18039.055,47795.63,29512.771,XGBoost,rdkit_descriptors_only,4,3
rdkit_MolLogP,29689.95,184748.95,276373.22,XGBoost,rdkit_descriptors_only,4,3
rdkit_fr_Al_OH,3895.0825,58814.1,37779.95,XGBoost,rdkit_descriptors_only,4,3
rdkit_fr_Al_OH_noTert,810.01227,30225.686,16464.803,XGBoost,rdkit_descriptors_only,4,3
rdkit_qed,-22013.725,220175.19,83238.2,XGBoost,rdkit_descriptors_only,4,4
rdkit_BCUT2D_LOGPLOW,16559.959,289961.72,305439.72,XGBoost,rdkit_descriptors_only,4,4
rdkit_HallKierAlpha,-6502.4907,481064.0,222593.78,XGBoost,rdkit_descriptors_only,4,4
rdkit_Kappa3,13676.893,209783.39,105594.13,XGBoost,rdkit_descriptors_only,4,4
rdkit_PEOE_VSA1,-34821.484,376125.97,177538.83,XGBoost,rdkit_descriptors_only,4,4
rdkit_PEOE_VSA10,64072.582,366308.53,322606.44,XGBoost,rdkit_descriptors_only,4,4
rdkit_PEOE_VSA11,44636.652,251072.28,117733.39,XGBoost,rdkit_descriptors_only,4,4
rdkit_SMR_VSA1,4682.4243,168401.7,113764.78,XGBoost,rdkit_descriptors_only,4,4
rdkit_SMR_VSA5,63131.09,207780.28,218964.38,XGBoost,rdkit_descriptors_only,4,4
rdkit_SlogP_VSA3,-17075.682,114001.12,84527.625,XGBoost,rdkit_descriptors_only,4,4
rdkit_TPSA,-16018.115,62355.793,62002.547,XGBoost,rdkit_descriptors_only,4,4
rdkit_EState_VSA10,26320.555,375618.66,179597.06,XGBoost,rdkit_descriptors_only,4,4
rdkit_VSA_EState7,-12104.323,287590.12,187819.56,XGBoost,rdkit_descriptors_only,4,4
rdkit_NHOHCount,-20032.904,297163.5,73055.3,XGBoost,rdkit_descriptors_only,4,4
rdkit_NOCount,-2857.561,8627.935,5654.7705,XGBoost,rdkit_descriptors_only,4,4
rdkit_NumAtomStereoCenters,50910.777,138567.22,224940.1,XGBoost,rdkit_descriptors_only,4,4
rdkit_NumHAcceptors,-3225.6084,11525.49,12571.89,XGBoost,rdkit_descriptors_only,4,4
rdkit_NumHDonors,4169.813,52013.855,38289.1,XGBoost,rdkit_descriptors_only,4,4
rdkit_NumHeteroatoms,22968.785,76156.35,48744.55,XGBoost,rdkit_descriptors_only,4,4
rdkit_MolLogP,70344.4,166657.25,362086.2,XGBoost,rdkit_descriptors_only,4,4
rdkit_qed,-61361.062,384956.22,128505.375,XGBoost,rdkit_descriptors_only,4,5
rdkit_HallKierAlpha,-85733.125,444564.47,228374.39,XGBoost,rdkit_descriptors_only,4,5
rdkit_Kappa3,16920.352,261973.28,121064.36,XGBoost,rdkit_descriptors_only,4,5
rdkit_PEOE_VSA1,-70480.34,296562.53,187399.98,XGBoost,rdkit_descriptors_only,4,5
rdkit_PEOE_VSA10,-36951.207,228804.86,169782.4,XGBoost,rdkit_descriptors_only,4,5
rdkit_SMR_VSA1,65611.445,69617.91,72015.4,XGBoost,rdkit_descriptors_only,4,5
rdkit_SlogP_VSA2,14542.283,85525.34,55977.06,XGBoost,rdkit_descriptors_only,4,5
rdkit_SlogP_VSA3,24088.03,75426.13,58329.863,XGBoost,rdkit_descriptors_only,4,5
rdkit_TPSA,7145.7837,62940.395,54099.508,XGBoost,rdkit_descriptors_only,4,5
rdkit_EState_VSA10,-178385.11,847314.3,453532.88,XGBoost,rdkit_descriptors_only,4,5
rdkit_VSA_EState3,325559.28,962255.9,697819.75,XGBoost,rdkit_descriptors_only,4,5
rdkit_VSA_EState7,-74381.93,637831.4,276630.75,XGBoost,rdkit_descriptors_only,4,5
rdkit_NHOHCount,0.0,0.0,0.0,XGBoost,rdkit_descriptors_only,4,5
rdkit_NOCount,2482.092,9476.473,9749.349,XGBoost,rdkit_descriptors_only,4,5
rdkit_NumHAcceptors,3740.6558,11206.689,4991.772,XGBoost,rdkit_descriptors_only,4,5
rdkit_NumHDonors,-4599.1904,23270.232,11890.151,XGBoost,rdkit_descriptors_only,4,5
rdkit_NumHeteroatoms,31076.307,65149.5,73076.03,XGBoost,rdkit_descriptors_only,4,5
rdkit_MolLogP,88071.6,373618.44,499990.12,XGBoost,rdkit_descriptors_only,4,5
rdkit_fr_Al_OH,12438.41,164088.39,88949.6,XGBoost,rdkit_descriptors_only,4,5
rdkit_fr_Al_OH_noTert,6841.6665,12987.408,16704.617,XGBoost,rdkit_descriptors_only,4,5
rdkit_qed,-26388.832,322141.38,117229.62,XGBoost,rdkit_descriptors_only,5,1
rdkit_HallKierAlpha,-100628.164,550823.2,303689.53,XGBoost,rdkit_descriptors_only,5,1
rdkit_Kappa3,-86328.97,231042.16,111401.79,XGBoost,rdkit_descriptors_only,5,1
rdkit_PEOE_VSA1,-71109.35,253201.08,112217.98,XGBoost,rdkit_descriptors_only,5,1
rdkit_PEOE_VSA10,21927.383,219612.52,200318.31,XGBoost,rdkit_descriptors_only,5,1
rdkit_PEOE_VSA11,12546.565,191557.52,114650.73,XGBoost,rdkit_descriptors_only,5,1
rdkit_SMR_VSA1,-18948.824,119503.375,86810.28,XGBoost,rdkit_descriptors_only,5,1
rdkit_SlogP_VSA3,-8989.323,61590.75,57994.867,XGBoost,rdkit_descriptors_only,5,1
rdkit_TPSA,-10657.9795,97398.4,92677.25,XGBoost,rdkit_descriptors_only,5,1
rdkit_EState_VSA1,15632.153,52750.09,39029.562,XGBoost,rdkit_descriptors_only,5,1
rdkit_EState_VSA10,19797.824,661195.0,284383.47,XGBoost,rdkit_descriptors_only,5,1
rdkit_VSA_EState3,40527.64,730406.75,574923.8,XGBoost,rdkit_descriptors_only,5,1
rdkit_VSA_EState7,115705.83,550745.44,218068.48,XGBoost,rdkit_descriptors_only,5,1
rdkit_NHOHCount,-8536.311,102851.46,42556.77,XGBoost,rdkit_descriptors_only,5,1
rdkit_NOCount,-3619.343,8965.669,4730.67,XGBoost,rdkit_descriptors_only,5,1
rdkit_NumAtomStereoCenters,-27749.977,209536.81,310151.94,XGBoost,rdkit_descriptors_only,5,1
rdkit_NumHAcceptors,-1369.8717,3286.099,4952.798,XGBoost,rdkit_descriptors_only,5,1
rdkit_NumHDonors,-8067.138,87500.34,17997.02,XGBoost,rdkit_descriptors_only,5,1
rdkit_NumHeteroatoms,27614.045,65840.51,46415.344,XGBoost,rdkit_descriptors_only,5,1
rdkit_MolLogP,140178.2,361112.44,565122.3,XGBoost,rdkit_descriptors_only,5,1
rdkit_qed,-75878.836,240645.95,113952.234,XGBoost,rdkit_descriptors_only,5,2
rdkit_BCUT2D_LOGPLOW,-115199.086,364487.9,266375.66,XGBoost,rdkit_descriptors_only,5,2
rdkit_HallKierAlpha,-213803.6,517662.94,271942.9,XGBoost,rdkit_descriptors_only,5,2
rdkit_Kappa3,29120.875,192688.75,103527.72,XGBoost,rdkit_descriptors_only,5,2
rdkit_PEOE_VSA1,-69692.83,212173.08,125473.836,XGBoost,rdkit_descriptors_only,5,2
rdkit_PEOE_VSA10,15857.739,279968.3,188489.22,XGBoost,rdkit_descriptors_only,5,2
rdkit_SMR_VSA1,84641.38,130050.016,94188.68,XGBoost,rdkit_descriptors_only,5,2
rdkit_SlogP_VSA2,-51901.984,120503.01,84470.54,XGBoost,rdkit_descriptors_only,5,2
rdkit_SlogP_VSA3,-37296.375,74338.03,39956.742,XGBoost,rdkit_descriptors_only,5,2
rdkit_TPSA,1324.4448,32961.035,18634.414,XGBoost,rdkit_descriptors_only,5,2
rdkit_EState_VSA1,83714.305,163281.77,90853.805,XGBoost,rdkit_descriptors_only,5,2
rdkit_EState_VSA10,-95599.12,664183.1,269656.3,XGBoost,rdkit_descriptors_only,5,2
rdkit_VSA_EState3,58235.31,582624.2,434819.72,XGBoost,rdkit_descriptors_only,5,2
rdkit_VSA_EState7,-175729.39,522244.7,309030.8,XGBoost,rdkit_descriptors_only,5,2
rdkit_NHOHCount,-30176.855,66000.5,35185.535,XGBoost,rdkit_descriptors_only,5,2
rdkit_NOCount,-771.81976,7102.634,7499.8223,XGBoost,rdkit_descriptors_only,5,2
rdkit_NumHAcceptors,-3668.7808,17871.354,10021.448,XGBoost,rdkit_descriptors_only,5,2
rdkit_NumHDonors,-18898.105,53534.605,38436.73,XGBoost,rdkit_descriptors_only,5,2
rdkit_NumHeteroatoms,19128.586,34044.38,39405.043,XGBoost,rdkit_descriptors_only,5,2
rdkit_MolLogP,-121797.016,172536.05,63930.246,XGBoost,rdkit_descriptors_only,5,2
rdkit_qed,-15521.026,139822.81,131276.22,XGBoost,rdkit_descriptors_only,5,3
rdkit_BCUT2D_LOGPLOW,14424.708,260892.28,221345.86,XGBoost,rdkit_descriptors_only,5,3
rdkit_HallKierAlpha,-19153.857,330592.7,202595.78,XGBoost,rdkit_descriptors_only,5,3
rdkit_PEOE_VSA1,9898.681,261328.17,167622.69,XGBoost,rdkit_descriptors_only,5,3
rdkit_PEOE_VSA10,48713.99,161528.77,121593.38,XGBoost,rdkit_descriptors_only,5,3
rdkit_SMR_VSA1,20541.38,84250.63,58594.715,XGBoost,rdkit_descriptors_only,5,3
rdkit_SlogP_VSA2,20164.912,179512.02,96354.54,XGBoost,rdkit_descriptors_only,5,3
rdkit_SlogP_VSA3,12539.411,51071.24,55759.684,XGBoost,rdkit_descriptors_only,5,3
rdkit_TPSA,-13868.043,67745.46,71444.22,XGBoost,rdkit_descriptors_only,5,3
rdkit_EState_VSA10,-36973.543,791502.0,300884.06,XGBoost,rdkit_descriptors_only,5,3
rdkit_VSA_EState3,162650.77,576215.2,417695.7,XGBoost,rdkit_descriptors_only,5,3
rdkit_VSA_EState7,3391.659,540570.7,347267.47,XGBoost,rdkit_descriptors_only,5,3
rdkit_NHOHCount,-5781.32,33467.785,30773.352,XGBoost,rdkit_descriptors_only,5,3
rdkit_NOCount,0.0,0.0,0.0,XGBoost,rdkit_descriptors_only,5,3
rdkit_NumAtomStereoCenters,85836.984,85836.984,64105.02,XGBoost,rdkit_descriptors_only,5,3
rdkit_NumHAcceptors,-327.68137,8735.585,7804.7515,XGBoost,rdkit_descriptors_only,5,3
rdkit_NumHDonors,-3676.8289,15962.11,10831.099,XGBoost,rdkit_descriptors_only,5,3
rdkit_NumHeteroatoms,19636.445,81049.76,69741.8,XGBoost,rdkit_descriptors_only,5,3
rdkit_MolLogP,-45320.293,337610.16,373758.28,XGBoost,rdkit_descriptors_only,5,3
rdkit_fr_Al_OH_noTert,1709.8911,158614.81,102622.09,XGBoost,rdkit_descriptors_only,5,3
rdkit_qed,-13649.3545,245982.86,89849.43,XGBoost,rdkit_descriptors_only,5,4
rdkit_HallKierAlpha,-64498.86,465686.47,265338.38,XGBoost,rdkit_descriptors_only,5,4
rdkit_Kappa3,-3200.9077,173113.84,100049.13,XGBoost,rdkit_descriptors_only,5,4
rdkit_PEOE_VSA1,-45256.973,250142.02,148483.23,XGBoost,rdkit_descriptors_only,5,4
rdkit_PEOE_VSA10,29013.367,265910.2,233820.3,XGBoost,rdkit_descriptors_only,5,4
rdkit_PEOE_VSA11,-21709.1,220626.4,166026.52,XGBoost,rdkit_descriptors_only,5,4
rdkit_SMR_VSA1,17450.842,88207.695,79316.65,XGBoost,rdkit_descriptors_only,5,4
rdkit_SlogP_VSA3,7447.872,52580.766,79808.055,XGBoost,rdkit_descriptors_only,5,4
rdkit_TPSA,2466.7039,44091.387,42373.973,XGBoost,rdkit_descriptors_only,5,4
rdkit_EState_VSA1,16746.31,75898.4,57741.562,XGBoost,rdkit_descriptors_only,5,4
rdkit_EState_VSA10,33265.348,740880.1,299826.25,XGBoost,rdkit_descriptors_only,5,4
rdkit_VSA_EState3,34800.434,697631.9,546190.44,XGBoost,rdkit_descriptors_only,5,4
rdkit_VSA_EState7,24195.625,609343.44,361610.5,XGBoost,rdkit_descriptors_only,5,4
rdkit_NHOHCount,-10423.401,126749.84,55689.113,XGBoost,rdkit_descriptors_only,5,4
rdkit_NOCount,0.0,0.0,0.0,XGBoost,rdkit_descriptors_only,5,4
rdkit_NumAtomStereoCenters,-11519.321,116482.2,199932.72,XGBoost,rdkit_descriptors_only,5,4
rdkit_NumHAcceptors,-15566.088,24732.402,17453.182,XGBoost,rdkit_descriptors_only,5,4
rdkit_NumHDonors,-522.93695,70101.52,30939.162,XGBoost,rdkit_descriptors_only,5,4
rdkit_NumHeteroatoms,-6272.483,29539.31,20773.027,XGBoost,rdkit_descriptors_only,5,4
rdkit_MolLogP,16155.299,162751.5,261194.28,XGBoost,rdkit_descriptors_only,5,4
rdkit_qed,-27185.334,253581.95,93152.6,XGBoost,rdkit_descriptors_only,5,5
rdkit_BCUT2D_LOGPLOW,41391.473,299143.8,204237.8,XGBoost,rdkit_descriptors_only,5,5
rdkit_HallKierAlpha,217.67969,322776.8,206564.19,XGBoost,rdkit_descriptors_only,5,5
rdkit_Kappa3,-73370.55,303692.72,172844.5,XGBoost,rdkit_descriptors_only,5,5
rdkit_PEOE_VSA1,-6936.18,304842.06,184111.34,XGBoost,rdkit_descriptors_only,5,5
rdkit_PEOE_VSA10,-12666.965,216104.2,169199.66,XGBoost,rdkit_descriptors_only,5,5
rdkit_PEOE_VSA11,33576.793,243697.19,149876.19,XGBoost,rdkit_descriptors_only,5,5
rdkit_SMR_VSA1,53740.016,197118.69,140411.75,XGBoost,rdkit_descriptors_only,5,5
rdkit_SlogP_VSA3,39442.875,149685.23,108668.29,XGBoost,rdkit_descriptors_only,5,5
rdkit_TPSA,33318.656,98824.4,83027.66,XGBoost,rdkit_descriptors_only,5,5
rdkit_EState_VSA10,29820.906,649247.3,241749.86,XGBoost,rdkit_descriptors_only,5,5
rdkit_VSA_EState3,21986.387,523384.47,411624.97,XGBoost,rdkit_descriptors_only,5,5
rdkit_VSA_EState7,52254.09,454969.03,259112.7,XGBoost,rdkit_descriptors_only,5,5
rdkit_NHOHCount,-9831.696,52575.82,24885.611,XGBoost,rdkit_descriptors_only,5,5
rdkit_NOCount,0.0,0.0,0.0,XGBoost,rdkit_descriptors_only,5,5
rdkit_NumAtomStereoCenters,-25530.176,151233.73,250036.77,XGBoost,rdkit_descriptors_only,5,5
rdkit_NumHAcceptors,-6425.5054,13737.497,15073.693,XGBoost,rdkit_descriptors_only,5,5
rdkit_NumHDonors,-1102.5848,22790.434,5761.095,XGBoost,rdkit_descriptors_only,5,5
rdkit_NumHeteroatoms,8386.763,39008.79,29977.385,XGBoost,rdkit_descriptors_only,5,5
rdkit_MolLogP,124237.734,261595.94,433755.5,XGBoost,rdkit_descriptors_only,5,5
rdkit_qed,-38268.105,162166.72,125351.664,XGBoost,rdkit_descriptors_only,6,1
rdkit_BCUT2D_LOGPLOW,24290.465,339466.0,314467.72,XGBoost,rdkit_descriptors_only,6,1
rdkit_HallKierAlpha,-56728.266,451760.0,229033.81,XGBoost,rdkit_descriptors_only,6,1
rdkit_Kappa3,-27250.52,222252.92,161255.95,XGBoost,rdkit_descriptors_only,6,1
rdkit_PEOE_VSA1,43236.07,462375.9,190358.1,XGBoost,rdkit_descriptors_only,6,1
rdkit_PEOE_VSA10,-5430.05,310739.7,199080.7,XGBoost,rdkit_descriptors_only,6,1
rdkit_PEOE_VSA11,4355.3896,177807.33,134504.77,XGBoost,rdkit_descriptors_only,6,1
rdkit_SMR_VSA1,84951.88,186273.08,135390.95,XGBoost,rdkit_descriptors_only,6,1
rdkit_SMR_VSA5,-28415.074,185137.42,175798.55,XGBoost,rdkit_descriptors_only,6,1
rdkit_SlogP_VSA3,47835.34,121694.75,153185.66,XGBoost,rdkit_descriptors_only,6,1
rdkit_TPSA,-969.8515,149069.39,125766.8,XGBoost,rdkit_descriptors_only,6,1
rdkit_EState_VSA10,27670.654,666302.94,235559.5,XGBoost,rdkit_descriptors_only,6,1
rdkit_VSA_EState7,92082.5,433331.78,240428.2,XGBoost,rdkit_descriptors_only,6,1
rdkit_NHOHCount,-22249.027,94501.8,43007.12,XGBoost,rdkit_descriptors_only,6,1
rdkit_NOCount,-4204.2227,11049.817,8424.312,XGBoost,rdkit_descriptors_only,6,1
rdkit_NumAtomStereoCenters,40921.992,120188.5,208284.34,XGBoost,rdkit_descriptors_only,6,1
rdkit_NumHAcceptors,15199.038,55175.31,27621.727,XGBoost,rdkit_descriptors_only,6,1
rdkit_NumHDonors,-4457.5825,28701.17,27511.492,XGBoost,rdkit_descriptors_only,6,1
rdkit_NumHeteroatoms,20520.166,79245.58,31346.166,XGBoost,rdkit_descriptors_only,6,1
rdkit_MolLogP,33995.914,242540.17,434103.25,XGBoost,rdkit_descriptors_only,6,1
rdkit_qed,22335.092,137464.9,142093.94,XGBoost,rdkit_descriptors_only,6,2
rdkit_BCUT2D_LOGPLOW,-26547.098,315888.6,255716.17,XGBoost,rdkit_descriptors_only,6,2
rdkit_HallKierAlpha,-152622.61,590498.3,312068.88,XGBoost,rdkit_descriptors_only,6,2
rdkit_Kappa3,-57977.902,179956.28,114872.23,XGBoost,rdkit_descriptors_only,6,2
rdkit_PEOE_VSA1,68337.45,209495.1,128022.016,XGBoost,rdkit_descriptors_only,6,2
rdkit_PEOE_VSA10,81871.84,261326.27,246868.0,XGBoost,rdkit_descriptors_only,6,2
rdkit_PEOE_VSA11,-93536.33,245948.44,162661.28,XGBoost,rdkit_descriptors_only,6,2
rdkit_SMR_VSA1,38935.99,73501.01,49977.324,XGBoost,rdkit_descriptors_only,6,2
rdkit_SlogP_VSA2,23150.752,161344.94,153111.12,XGBoost,rdkit_descriptors_only,6,2
rdkit_SlogP_VSA3,-12145.332,65520.523,64677.254,XGBoost,rdkit_descriptors_only,6,2
rdkit_TPSA,24778.68,67566.5,101386.75,XGBoost,rdkit_descriptors_only,6,2
rdkit_EState_VSA1,8866.678,120774.484,86615.086,XGBoost,rdkit_descriptors_only,6,2
rdkit_EState_VSA10,-88883.0,483628.22,247939.2,XGBoost,rdkit_descriptors_only,6,2
rdkit_VSA_EState7,80398.125,451682.97,244322.33,XGBoost,rdkit_descriptors_only,6,2
rdkit_NHOHCount,-3140.8684,160322.81,43603.31,XGBoost,rdkit_descriptors_only,6,2
rdkit_NOCount,0.0,0.0,0.0,XGBoost,rdkit_descriptors_only,6,2
rdkit_NumHAcceptors,-193.88594,5887.809,5051.2783,XGBoost,rdkit_descriptors_only,6,2
rdkit_NumHDonors,5221.529,38502.33,34372.02,XGBoost,rdkit_descriptors_only,6,2
rdkit_NumHeteroatoms,2236.5706,45925.773,32267.334,XGBoost,rdkit_descriptors_only,6,2
rdkit_MolLogP,-25755.652,152259.08,281429.03,XGBoost,rdkit_descriptors_only,6,2
rdkit_qed,-70016.79,338455.16,126759.76,XGBoost,rdkit_descriptors_only,6,3
rdkit_HallKierAlpha,-4851.7236,346033.03,178499.61,XGBoost,rdkit_descriptors_only,6,3
rdkit_Kappa3,-10796.121,155994.75,135449.14,XGBoost,rdkit_descriptors_only,6,3
rdkit_PEOE_VSA1,-115309.45,286662.8,191777.34,XGBoost,rdkit_descriptors_only,6,3
rdkit_PEOE_VSA10,-19066.732,202174.0,139983.47,XGBoost,rdkit_descriptors_only,6,3
rdkit_SMR_VSA1,34660.4,101798.484,69930.13,XGBoost,rdkit_descriptors_only,6,3
rdkit_SlogP_VSA2,44338.734,155599.67,95843.445,XGBoost,rdkit_descriptors_only,6,3
rdkit_SlogP_VSA3,-11149.0,70265.7,94205.92,XGBoost,rdkit_descriptors_only,6,3
rdkit_TPSA,19402.092,81297.61,50128.613,XGBoost,rdkit_descriptors_only,6,3
rdkit_EState_VSA10,-153405.53,733707.2,343994.78,XGBoost,rdkit_descriptors_only,6,3
rdkit_VSA_EState3,170242.64,722753.44,474082.66,XGBoost,rdkit_descriptors_only,6,3
rdkit_VSA_EState7,-235219.72,710494.25,439326.34,XGBoost,rdkit_descriptors_only,6,3
rdkit_NHOHCount,-5682.113,23667.834,13354.583,XGBoost,rdkit_descriptors_only,6,3
rdkit_NOCount,0.0,0.0,0.0,XGBoost,rdkit_descriptors_only,6,3
rdkit_NumHAcceptors,0.0,0.0,0.0,XGBoost,rdkit_descriptors_only,6,3
rdkit_NumHDonors,-7311.142,36301.055,14678.304,XGBoost,rdkit_descriptors_only,6,3
rdkit_NumHeteroatoms,28889.004,105955.71,60604.688,XGBoost,rdkit_descriptors_only,6,3
rdkit_MolLogP,-24487.283,441405.28,472918.53,XGBoost,rdkit_descriptors_only,6,3
rdkit_fr_Al_OH,43293.63,91314.016,62860.594,XGBoost,rdkit_descriptors_only,6,3
rdkit_fr_Al_OH_noTert,30294.104,87353.93,36999.734,XGBoost,rdkit_descriptors_only,6,3
rdkit_qed,55081.92,157489.89,131851.02,XGBoost,rdkit_descriptors_only,6,4
rdkit_BCUT2D_LOGPLOW,-6586.4697,261298.1,271107.12,XGBoost,rdkit_descriptors_only,6,4
rdkit_HallKierAlpha,-25677.684,418877.97,219141.69,XGBoost,rdkit_descriptors_only,6,4
rdkit_Kappa3,40557.56,152520.33,117117.2,XGBoost,rdkit_descriptors_only,6,4
rdkit_PEOE_VSA1,-61826.45,255716.44,140703.77,XGBoost,rdkit_descriptors_only,6,4
rdkit_PEOE_VSA10,-2274.933,113126.64,159957.47,XGBoost,rdkit_descriptors_only,6,4
rdkit_SMR_VSA1,42282.684,88345.96,82843.63,XGBoost,rdkit_descriptors_only,6,4
rdkit_SlogP_VSA2,-16004.314,150681.6,183798.0,XGBoost,rdkit_descriptors_only,6,4
rdkit_SlogP_VSA3,-44661.535,160003.97,59405.938,XGBoost,rdkit_descriptors_only,6,4
rdkit_TPSA,-12057.637,43537.863,47673.3,XGBoost,rdkit_descriptors_only,6,4
rdkit_EState_VSA1,-4186.292,74739.65,37924.89,XGBoost,rdkit_descriptors_only,6,4
rdkit_EState_VSA10,43226.438,593068.8,272937.38,XGBoost,rdkit_descriptors_only,6,4
rdkit_VSA_EState3,-73428.164,633940.25,422291.97,XGBoost,rdkit_descriptors_only,6,4
rdkit_VSA_EState7,128002.33,423999.2,171607.77,XGBoost,rdkit_descriptors_only,6,4
rdkit_NHOHCount,-10715.73,119878.7,30736.76,XGBoost,rdkit_descriptors_only,6,4
rdkit_NOCount,-2142.8735,5502.1567,3600.3286,XGBoost,rdkit_descriptors_only,6,4
rdkit_NumHAcceptors,2807.6753,5133.415,3472.4072,XGBoost,rdkit_descriptors_only,6,4
rdkit_NumHDonors,-1038.6,18601.502,10465.562,XGBoost,rdkit_descriptors_only,6,4
rdkit_NumHeteroatoms,3879.0776,49806.92,39478.395,XGBoost,rdkit_descriptors_only,6,4
rdkit_MolLogP,9834.875,375810.2,300218.22,XGBoost,rdkit_descriptors_only,6,4
rdkit_qed,65560.195,173343.77,115374.59,XGBoost,rdkit_descriptors_only,6,5
rdkit_HallKierAlpha,-65712.48,470355.0,257904.83,XGBoost,rdkit_descriptors_only,6,5
rdkit_PEOE_VSA1,-135172.64,275172.6,164704.62,XGBoost,rdkit_descriptors_only,6,5
rdkit_PEOE_VSA10,7622.521,282915.8,194577.3,XGBoost,rdkit_descriptors_only,6,5
rdkit_SMR_VSA1,25593.717,88041.26,57629.367,XGBoost,rdkit_descriptors_only,6,5
rdkit_SlogP_VSA2,-58543.477,139921.0,89514.2,XGBoost,rdkit_descriptors_only,6,5
rdkit_SlogP_VSA3,19470.559,39591.26,40876.094,XGBoost,rdkit_descriptors_only,6,5
rdkit_TPSA,13632.661,97640.05,84755.63,XGBoost,rdkit_descriptors_only,6,5
rdkit_EState_VSA1,-13669.552,72549.64,45894.77,XGBoost,rdkit_descriptors_only,6,5
rdkit_EState_VSA10,38980.227,768445.1,294971.12,XGBoost,rdkit_descriptors_only,6,5
rdkit_VSA_EState3,-126129.22,593491.94,542845.3,XGBoost,rdkit_descriptors_only,6,5
rdkit_VSA_EState7,194758.33,795424.44,369321.0,XGBoost,rdkit_descriptors_only,6,5
rdkit_NHOHCount,-18412.504,29813.566,23739.422,XGBoost,rdkit_descriptors_only,6,5
rdkit_NOCount,0.0,0.0,0.0,XGBoost,rdkit_descriptors_only,6,5
rdkit_NumAtomStereoCenters,87548.55,179251.77,159094.5,XGBoost,rdkit_descriptors_only,6,5
rdkit_NumHAcceptors,0.0,0.0,0.0,XGBoost,rdkit_descriptors_only,6,5
rdkit_NumHDonors,13131.675,102919.79,19445.254,XGBoost,rdkit_descriptors_only,6,5
rdkit_NumHeteroatoms,17775.506,68737.734,43265.066,XGBoost,rdkit_descriptors_only,6,5
rdkit_MolLogP,-8975.275,206655.73,232402.67,XGBoost,rdkit_descriptors_only,6,5
rdkit_fr_ether,4934.428,55648.76,19641.918,XGBoost,rdkit_descriptors_only,6,5
rdkit_qed,-112038.88,397384.2,141149.88,XGBoost,rdkit_descriptors_only,7,1
rdkit_HallKierAlpha,-126116.45,534029.06,351220.84,XGBoost,rdkit_descriptors_only,7,1
rdkit_Kappa3,-80462.3,248239.56,108895.445,XGBoost,rdkit_descriptors_only,7,1
rdkit_PEOE_VSA1,1461.2438,222741.25,95520.01,XGBoost,rdkit_descriptors_only,7,1
rdkit_PEOE_VSA10,-30946.676,179293.02,168186.88,XGBoost,rdkit_descriptors_only,7,1
rdkit_PEOE_VSA11,2353.5364,226522.66,165179.52,XGBoost,rdkit_descriptors_only,7,1
rdkit_SMR_VSA1,66014.57,153402.48,103980.734,XGBoost,rdkit_descriptors_only,7,1
rdkit_SlogP_VSA2,26744.086,152634.66,68055.43,XGBoost,rdkit_descriptors_only,7,1
rdkit_SlogP_VSA3,-83371.945,151818.6,138720.9,XGBoost,rdkit_descriptors_only,7,1
rdkit_TPSA,10579.613,40050.7,32549.896,XGBoost,rdkit_descriptors_only,7,1
rdkit_EState_VSA10,-37375.254,683042.06,323893.88,XGBoost,rdkit_descriptors_only,7,1
rdkit_VSA_EState3,136586.66,549676.3,497772.75,XGBoost,rdkit_descriptors_only,7,1
rdkit_VSA_EState7,33782.848,508040.28,263187.78,XGBoost,rdkit_descriptors_only,7,1
rdkit_NHOHCount,-3036.0063,28839.553,21023.045,XGBoost,rdkit_descriptors_only,7,1
rdkit_NOCount,602.1429,5162.0293,1217.1567,XGBoost,rdkit_descriptors_only,7,1
rdkit_NumHAcceptors,0.0,0.0,0.0,XGBoost,rdkit_descriptors_only,7,1
rdkit_NumHDonors,-7196.0225,46699.36,13814.13,XGBoost,rdkit_descriptors_only,7,1
rdkit_NumHeteroatoms,-14372.3125,60508.09,47666.71,XGBoost,rdkit_descriptors_only,7,1
rdkit_MolLogP,-50064.387,191367.64,255739.89,XGBoost,rdkit_descriptors_only,7,1
rdkit_fr_Al_OH_noTert,38126.652,85719.04,49543.14,XGBoost,rdkit_descriptors_only,7,1
rdkit_qed,-44690.625,264316.53,119146.93,XGBoost,rdkit_descriptors_only,7,2
rdkit_HallKierAlpha,-76347.945,474880.97,265867.94,XGBoost,rdkit_descriptors_only,7,2
rdkit_Kappa3,29224.72,269863.3,139241.14,XGBoost,rdkit_descriptors_only,7,2
rdkit_PEOE_VSA1,-20104.65,267630.53,123680.22,XGBoost,rdkit_descriptors_only,7,2
rdkit_PEOE_VSA10,70061.9,228681.34,221324.33,XGBoost,rdkit_descriptors_only,7,2
rdkit_SMR_VSA1,18569.19,59677.547,31556.258,XGBoost,rdkit_descriptors_only,7,2
rdkit_SlogP_VSA2,-1276.8456,94896.3,48598.816,XGBoost,rdkit_descriptors_only,7,2
rdkit_SlogP_VSA3,-35152.125,140615.6,77165.35,XGBoost,rdkit_descriptors_only,7,2
rdkit_TPSA,8203.726,21151.184,32381.049,XGBoost,rdkit_descriptors_only,7,2
rdkit_EState_VSA1,-39155.195,145415.11,117987.7,XGBoost,rdkit_descriptors_only,7,2
rdkit_EState_VSA10,-139176.14,700475.1,327727.53,XGBoost,rdkit_descriptors_only,7,2
rdkit_VSA_EState3,-30348.994,874883.1,575612.2,XGBoost,rdkit_descriptors_only,7,2
rdkit_VSA_EState7,-100352.414,643160.7,299309.8,XGBoost,rdkit_descriptors_only,7,2
rdkit_NHOHCount,-21154.098,71877.13,31628.547,XGBoost,rdkit_descriptors_only,7,2
rdkit_NOCount,659.6487,8815.963,2340.224,XGBoost,rdkit_descriptors_only,7,2
rdkit_NumHAcceptors,0.0,0.0,0.0,XGBoost,rdkit_descriptors_only,7,2
rdkit_NumHDonors,-6994.6963,30586.121,19626.736,XGBoost,rdkit_descriptors_only,7,2
rdkit_NumHeteroatoms,5321.127,15848.253,13372.843,XGBoost,rdkit_descriptors_only,7,2
rdkit_MolLogP,-112321.47,341025.88,256355.45,XGBoost,rdkit_descriptors_only,7,2
rdkit_fr_ether,4818.356,46394.67,40180.3,XGBoost,rdkit_descriptors_only,7,2
rdkit_qed,-85871.33,240465.84,127507.65,XGBoost,rdkit_descriptors_only,7,3
rdkit_BCUT2D_LOGPLOW,47741.652,376705.53,294264.88,XGBoost,rdkit_descriptors_only,7,3
rdkit_HallKierAlpha,45815.7,414882.38,192336.7,XGBoost,rdkit_descriptors_only,7,3
rdkit_Kappa3,-46787.543,277425.38,79526.19,XGBoost,rdkit_descriptors_only,7,3
rdkit_PEOE_VSA1,-21913.502,225428.31,150377.42,XGBoost,rdkit_descriptors_only,7,3
rdkit_PEOE_VSA10,91047.78,200770.78,215696.19,XGBoost,rdkit_descriptors_only,7,3
rdkit_SMR_VSA1,39851.02,135189.45,107475.6,XGBoost,rdkit_descriptors_only,7,3
rdkit_SlogP_VSA3,37910.45,202646.36,63749.03,XGBoost,rdkit_descriptors_only,7,3
rdkit_TPSA,39834.91,106767.875,80538.625,XGBoost,rdkit_descriptors_only,7,3
rdkit_EState_VSA1,21891.248,87335.23,41412.473,XGBoost,rdkit_descriptors_only,7,3
rdkit_EState_VSA10,41635.047,664775.94,227414.53,XGBoost,rdkit_descriptors_only,7,3
rdkit_VSA_EState3,-25860.654,515386.62,452357.34,XGBoost,rdkit_descriptors_only,7,3
rdkit_VSA_EState7,-10983.659,371288.94,203794.66,XGBoost,rdkit_descriptors_only,7,3
rdkit_NHOHCount,-636.10016,122734.84,48312.695,XGBoost,rdkit_descriptors_only,7,3
rdkit_NOCount,-224.19308,16790.477,3632.8503,XGBoost,rdkit_descriptors_only,7,3
rdkit_NumAtomStereoCenters,27652.732,109613.84,199657.11,XGBoost,rdkit_descriptors_only,7,3
rdkit_NumHAcceptors,0.0,0.0,0.0,XGBoost,rdkit_descriptors_only,7,3
rdkit_NumHDonors,-23730.049,74606.5,29939.717,XGBoost,rdkit_descriptors_only,7,3
rdkit_NumHeteroatoms,-4991.3,13481.839,6186.1104,XGBoost,rdkit_descriptors_only,7,3
rdkit_MolLogP,-12657.058,208586.0,304418.38,XGBoost,rdkit_descriptors_only,7,3
rdkit_qed,-814.06354,172109.27,76233.76,XGBoost,rdkit_descriptors_only,7,4
rdkit_BCUT2D_CHGHI,66551.98,231787.48,135087.67,XGBoost,rdkit_descriptors_only,7,4
rdkit_BCUT2D_CHGLO,-46539.2,374532.62,239336.61,XGBoost,rdkit_descriptors_only,7,4
rdkit_BCUT2D_LOGPLOW,-39912.79,87505.086,76960.86,XGBoost,rdkit_descriptors_only,7,4
rdkit_BCUT2D_MRLOW,-40874.504,306076.28,206749.25,XGBoost,rdkit_descriptors_only,7,4
rdkit_HallKierAlpha,-43167.34,221777.75,142953.02,XGBoost,rdkit_descriptors_only,7,4
rdkit_PEOE_VSA1,-109911.42,471582.94,277904.34,XGBoost,rdkit_descriptors_only,7,4
rdkit_PEOE_VSA10,-48771.832,169701.06,97396.46,XGBoost,rdkit_descriptors_only,7,4
rdkit_PEOE_VSA11,13748.391,205980.34,162585.2,XGBoost,rdkit_descriptors_only,7,4
rdkit_SMR_VSA1,82508.08,109403.59,94560.37,XGBoost,rdkit_descriptors_only,7,4
rdkit_SlogP_VSA3,4788.6934,40741.88,40042.797,XGBoost,rdkit_descriptors_only,7,4
rdkit_TPSA,65948.91,142377.5,118368.72,XGBoost,rdkit_descriptors_only,7,4
rdkit_EState_VSA10,-106210.68,677402.7,303705.78,XGBoost,rdkit_descriptors_only,7,4
rdkit_VSA_EState7,94479.59,333212.9,221447.86,XGBoost,rdkit_descriptors_only,7,4
rdkit_NOCount,872.6339,8448.604,10038.39,XGBoost,rdkit_descriptors_only,7,4
rdkit_NumAtomStereoCenters,81223.625,107989.11,121425.49,XGBoost,rdkit_descriptors_only,7,4
rdkit_NumHAcceptors,39890.23,53831.76,34196.05,XGBoost,rdkit_descriptors_only,7,4
rdkit_NumHDonors,3298.2744,66046.84,51804.676,XGBoost,rdkit_descriptors_only,7,4
rdkit_NumHeteroatoms,80937.945,146361.83,100562.28,XGBoost,rdkit_descriptors_only,7,4
rdkit_MolLogP,27708.812,274352.97,253064.66,XGBoost,rdkit_descriptors_only,7,4
rdkit_qed,-4774.252,220837.5,75161.92,XGBoost,rdkit_descriptors_only,7,5
rdkit_HallKierAlpha,24067.934,428239.6,213946.97,XGBoost,rdkit_descriptors_only,7,5
rdkit_Kappa3,-77386.85,267472.88,154689.31,XGBoost,rdkit_descriptors_only,7,5
rdkit_PEOE_VSA1,2815.7358,217708.1,116600.8,XGBoost,rdkit_descriptors_only,7,5
rdkit_PEOE_VSA10,-62035.68,203230.8,147558.19,XGBoost,rdkit_descriptors_only,7,5
rdkit_SMR_VSA1,14708.163,54326.01,43748.4,XGBoost,rdkit_descriptors_only,7,5
rdkit_SMR_VSA5,87311.76,188723.2,214944.42,XGBoost,rdkit_descriptors_only,7,5
rdkit_SlogP_VSA3,15365.6875,122446.1,85716.46,XGBoost,rdkit_descriptors_only,7,5
rdkit_TPSA,-36882.66,107351.04,103889.41,XGBoost,rdkit_descriptors_only,7,5
rdkit_EState_VSA1,5522.2954,89051.68,73647.445,XGBoost,rdkit_descriptors_only,7,5
rdkit_EState_VSA10,87741.78,755173.56,318734.88,XGBoost,rdkit_descriptors_only,7,5
rdkit_VSA_EState3,-159891.98,948828.44,579691.8,XGBoost,rdkit_descriptors_only,7,5
rdkit_VSA_EState7,178754.25,573889.2,260874.64,XGBoost,rdkit_descriptors_only,7,5
rdkit_NHOHCount,-8632.024,87041.02,29200.432,XGBoost,rdkit_descriptors_only,7,5
rdkit_NOCount,0.0,0.0,0.0,XGBoost,rdkit_descriptors_only,7,5
rdkit_NumAtomStereoCenters,-42742.098,137159.27,289004.94,XGBoost,rdkit_descriptors_only,7,5
rdkit_NumHAcceptors,-1559.1774,2635.7654,3853.6626,XGBoost,rdkit_descriptors_only,7,5
rdkit_NumHDonors,8880.377,30116.725,24597.256,XGBoost,rdkit_descriptors_only,7,5
rdkit_NumHeteroatoms,11695.239,48826.285,54916.383,XGBoost,rdkit_descriptors_only,7,5
rdkit_MolLogP,102018.54,374968.1,457770.53,XGBoost,rdkit_descriptors_only,7,5
rdkit_qed,-5117.5845,221364.95,85572.805,XGBoost,rdkit_descriptors_only,8,1
rdkit_BCUT2D_LOGPLOW,20958.492,363832.22,329557.75,XGBoost,rdkit_descriptors_only,8,1
rdkit_HallKierAlpha,149259.7,545666.3,234365.4,XGBoost,rdkit_descriptors_only,8,1
rdkit_Kappa3,-32632.018,238058.73,118596.15,XGBoost,rdkit_descriptors_only,8,1
rdkit_PEOE_VSA1,-4213.929,424828.94,243618.28,XGBoost,rdkit_descriptors_only,8,1
rdkit_PEOE_VSA10,3503.737,199251.0,147317.3,XGBoost,rdkit_descriptors_only,8,1
rdkit_SMR_VSA1,3417.549,54904.52,49389.65,XGBoost,rdkit_descriptors_only,8,1
rdkit_SlogP_VSA2,54618.758,141836.03,94153.71,XGBoost,rdkit_descriptors_only,8,1
rdkit_SlogP_VSA3,20839.086,158543.92,77446.71,XGBoost,rdkit_descriptors_only,8,1
rdkit_TPSA,-9592.292,143151.22,131286.4,XGBoost,rdkit_descriptors_only,8,1
rdkit_EState_VSA10,70573.984,463368.7,178252.77,XGBoost,rdkit_descriptors_only,8,1
rdkit_VSA_EState3,9199.738,603493.9,447152.84,XGBoost,rdkit_descriptors_only,8,1
rdkit_VSA_EState7,-4158.577,491513.28,244266.47,XGBoost,rdkit_descriptors_only,8,1
rdkit_NHOHCount,2054.135,27787.188,8503.519,XGBoost,rdkit_descriptors_only,8,1
rdkit_NOCount,-12829.217,38225.355,39720.816,XGBoost,rdkit_descriptors_only,8,1
rdkit_NumAtomStereoCenters,43221.418,129576.72,226811.16,XGBoost,rdkit_descriptors_only,8,1
rdkit_NumHAcceptors,-9570.505,16974.79,17630.152,XGBoost,rdkit_descriptors_only,8,1
rdkit_NumHDonors,3752.5942,30747.982,10777.114,XGBoost,rdkit_descriptors_only,8,1
rdkit_NumHeteroatoms,0.0,0.0,0.0,XGBoost,rdkit_descriptors_only,8,1
rdkit_MolLogP,-39624.51,297255.47,400144.34,XGBoost,rdkit_descriptors_only,8,1
rdkit_qed,-32572.191,259854.27,161761.95,XGBoost,rdkit_descriptors_only,8,2
rdkit_HallKierAlpha,-105523.28,315747.0,175181.88,XGBoost,rdkit_descriptors_only,8,2
rdkit_PEOE_VSA1,-25076.557,201564.8,128061.74,XGBoost,rdkit_descriptors_only,8,2
rdkit_PEOE_VSA10,121568.5,235215.23,269162.47,XGBoost,rdkit_descriptors_only,8,2
rdkit_SMR_VSA1,103953.39,206205.7,128957.836,XGBoost,rdkit_descriptors_only,8,2
rdkit_SlogP_VSA2,-18441.918,135063.75,119723.92,XGBoost,rdkit_descriptors_only,8,2
rdkit_SlogP_VSA3,-1554.4146,140226.17,72370.93,XGBoost,rdkit_descriptors_only,8,2
rdkit_TPSA,9230.153,73106.68,56772.14,XGBoost,rdkit_descriptors_only,8,2
rdkit_EState_VSA1,27186.596,114176.1,86895.44,XGBoost,rdkit_descriptors_only,8,2
rdkit_EState_VSA10,-256796.31,711140.1,340515.97,XGBoost,rdkit_descriptors_only,8,2
rdkit_VSA_EState3,82888.62,605392.7,474323.62,XGBoost,rdkit_descriptors_only,8,2
rdkit_VSA_EState7,-14294.575,783383.75,327154.6,XGBoost,rdkit_descriptors_only,8,2
rdkit_NHOHCount,-22880.764,64831.363,28170.348,XGBoost,rdkit_descriptors_only,8,2
rdkit_NOCount,1079.5027,5376.0674,3640.7512,XGBoost,rdkit_descriptors_only,8,2
rdkit_NumHAcceptors,-7490.2295,12153.745,10245.724,XGBoost,rdkit_descriptors_only,8,2
rdkit_NumHDonors,-1726.1584,32262.463,14253.38,XGBoost,rdkit_descriptors_only,8,2
rdkit_NumHeteroatoms,-2959.0579,60640.426,49822.57,XGBoost,rdkit_descriptors_only,8,2
rdkit_MolLogP,-223846.75,316710.34,171569.8,XGBoost,rdkit_descriptors_only,8,2
rdkit_fr_Al_OH_noTert,37305.02,109310.625,47642.137,XGBoost,rdkit_descriptors_only,8,2
rdkit_fr_ether,-41278.223,81795.11,50823.36,XGBoost,rdkit_descriptors_only,8,2
rdkit_qed,-20671.787,206148.5,120616.92,XGBoost,rdkit_descriptors_only,8,3
rdkit_HallKierAlpha,30950.191,414015.53,257678.5,XGBoost,rdkit_descriptors_only,8,3
rdkit_Kappa3,-98381.64,218207.73,107134.88,XGBoost,rdkit_descriptors_only,8,3
rdkit_PEOE_VSA1,-102751.984,324202.97,160799.19,XGBoost,rdkit_descriptors_only,8,3
rdkit_PEOE_VSA10,-20729.842,247093.25,161531.84,XGBoost,rdkit_descriptors_only,8,3
rdkit_PEOE_VSA11,4588.777,161489.83,98532.086,XGBoost,rdkit_descriptors_only,8,3
rdkit_SMR_VSA1,7953.722,85164.76,64464.086,XGBoost,rdkit_descriptors_only,8,3
rdkit_SlogP_VSA3,22147.95,80065.945,46932.79,XGBoost,rdkit_descriptors_only,8,3
rdkit_TPSA,87303.914,113226.91,122241.016,XGBoost,rdkit_descriptors_only,8,3
rdkit_EState_VSA1,14371.767,50644.324,44493.027,XGBoost,rdkit_descriptors_only,8,3
rdkit_EState_VSA10,100676.984,693089.8,258706.88,XGBoost,rdkit_descriptors_only,8,3
rdkit_VSA_EState3,160764.94,678292.4,618466.44,XGBoost,rdkit_descriptors_only,8,3
rdkit_VSA_EState7,118055.67,758648.75,300805.5,XGBoost,rdkit_descriptors_only,8,3
rdkit_NHOHCount,-27216.51,103173.89,39019.61,XGBoost,rdkit_descriptors_only,8,3
rdkit_NOCount,-3133.1946,11549.6045,7890.4297,XGBoost,rdkit_descriptors_only,8,3
rdkit_NumAtomStereoCenters,10735.611,176806.58,258471.36,XGBoost,rdkit_descriptors_only,8,3
rdkit_NumHAcceptors,3786.0706,14138.509,17300.842,XGBoost,rdkit_descriptors_only,8,3
rdkit_NumHDonors,-3079.3633,42536.664,20716.367,XGBoost,rdkit_descriptors_only,8,3
rdkit_NumHeteroatoms,15514.152,75693.46,48092.01,XGBoost,rdkit_descriptors_only,8,3
rdkit_MolLogP,52281.934,231578.19,425226.7,XGBoost,rdkit_descriptors_only,8,3
rdkit_qed,52961.562,268234.12,165675.2,XGBoost,rdkit_descriptors_only,8,4
rdkit_HallKierAlpha,-765.9938,488603.1,253485.14,XGBoost,rdkit_descriptors_only,8,4
rdkit_Kappa3,-56952.113,317295.06,151314.77,XGBoost,rdkit_descriptors_only,8,4
rdkit_PEOE_VSA1,-36430.777,258097.94,144100.73,XGBoost,rdkit_descriptors_only,8,4
rdkit_PEOE_VSA10,-21556.652,146293.48,162073.53,XGBoost,rdkit_descriptors_only,8,4
rdkit_SMR_VSA1,-6074.8237,75357.34,48502.766,XGBoost,rdkit_descriptors_only,8,4
rdkit_SlogP_VSA2,-5745.122,196582.34,144120.84,XGBoost,rdkit_descriptors_only,8,4
rdkit_SlogP_VSA3,8145.8833,55593.176,25435.906,XGBoost,rdkit_descriptors_only,8,4
rdkit_TPSA,-37544.348,84330.64,31999.799,XGBoost,rdkit_descriptors_only,8,4
rdkit_EState_VSA10,44092.363,647269.0,282705.44,XGBoost,rdkit_descriptors_only,8,4
rdkit_VSA_EState3,-128205.43,632079.2,336554.94,XGBoost,rdkit_descriptors_only,8,4
rdkit_VSA_EState7,137665.7,678981.9,340003.9,XGBoost,rdkit_descriptors_only,8,4
rdkit_NHOHCount,46006.934,228377.75,68075.25,XGBoost,rdkit_descriptors_only,8,4
rdkit_NOCount,0.0,0.0,0.0,XGBoost,rdkit_descriptors_only,8,4
rdkit_NumHAcceptors,0.0,0.0,0.0,XGBoost,rdkit_descriptors_only,8,4
rdkit_NumHDonors,1749.0482,11014.462,8848.819,XGBoost,rdkit_descriptors_only,8,4
rdkit_NumHeteroatoms,-310.02597,17127.955,14754.82,XGBoost,rdkit_descriptors_only,8,4
rdkit_MolLogP,56728.625,290386.97,194303.45,XGBoost,rdkit_descriptors_only,8,4
rdkit_fr_Al_OH,-9441.793,79448.836,55090.9,XGBoost,rdkit_descriptors_only,8,4
rdkit_fr_Al_OH_noTert,-19612.902,87419.055,36778.484,XGBoost,rdkit_descriptors_only,8,4
rdkit_qed,-86903.336,230657.56,84051.23,XGBoost,rdkit_descriptors_only,8,5
rdkit_BCUT2D_LOGPLOW,101856.77,378791.38,311683.28,XGBoost,rdkit_descriptors_only,8,5
rdkit_HallKierAlpha,-136842.66,520783.2,240197.36,XGBoost,rdkit_descriptors_only,8,5
rdkit_Kappa3,-25102.193,157279.98,116284.39,XGBoost,rdkit_descriptors_only,8,5
rdkit_PEOE_VSA1,-31982.893,240303.97,129190.7,XGBoost,rdkit_descriptors_only,8,5
rdkit_PEOE_VSA10,79559.24,324195.66,278085.88,XGBoost,rdkit_descriptors_only,8,5
rdkit_PEOE_VSA11,-90152.25,342735.56,182304.02,XGBoost,rdkit_descriptors_only,8,5
rdkit_SMR_VSA1,56909.176,105888.414,56720.402,XGBoost,rdkit_descriptors_only,8,5
rdkit_SMR_VSA5,-36589.61,187814.61,198828.97,XGBoost,rdkit_descriptors_only,8,5
rdkit_SlogP_VSA3,-25603.94,142661.69,109982.64,XGBoost,rdkit_descriptors_only,8,5
rdkit_TPSA,28786.658,101405.49,90933.15,XGBoost,rdkit_descriptors_only,8,5
rdkit_EState_VSA10,-88085.984,556715.7,240801.81,XGBoost,rdkit_descriptors_only,8,5
rdkit_VSA_EState7,-21215.645,193090.56,125447.56,XGBoost,rdkit_descriptors_only,8,5
rdkit_NHOHCount,-16641.568,82292.92,19340.363,XGBoost,rdkit_descriptors_only,8,5
rdkit_NOCount,-4024.7263,20553.846,7016.9414,XGBoost,rdkit_descriptors_only,8,5
rdkit_NumAtomStereoCenters,4775.2583,123251.43,241874.92,XGBoost,rdkit_descriptors_only,8,5
rdkit_NumHAcceptors,6195.745,45319.324,37144.938,XGBoost,rdkit_descriptors_only,8,5
rdkit_NumHDonors,-26176.145,67402.85,34976.18,XGBoost,rdkit_descriptors_only,8,5
rdkit_NumHeteroatoms,9345.6455,42357.88,30478.186,XGBoost,rdkit_descriptors_only,8,5
rdkit_MolLogP,4689.8896,262870.28,417011.53,XGBoost,rdkit_descriptors_only,8,5
rdkit_qed,-66714.695,384822.2,143843.92,XGBoost,rdkit_descriptors_only,9,1
rdkit_HallKierAlpha,-30205.826,378953.56,183734.17,XGBoost,rdkit_descriptors_only,9,1
rdkit_Kappa3,37101.684,166688.42,148457.39,XGBoost,rdkit_descriptors_only,9,1
rdkit_PEOE_VSA1,-37994.15,256582.25,155325.47,XGBoost,rdkit_descriptors_only,9,1
rdkit_PEOE_VSA10,76279.305,327307.34,201598.27,XGBoost,rdkit_descriptors_only,9,1
rdkit_SMR_VSA1,15242.52,94893.36,79429.49,XGBoost,rdkit_descriptors_only,9,1
rdkit_SlogP_VSA2,-36008.465,135644.1,102638.43,XGBoost,rdkit_descriptors_only,9,1
rdkit_SlogP_VSA3,17603.588,75182.914,30850.025,XGBoost,rdkit_descriptors_only,9,1
rdkit_TPSA,5864.6016,108013.125,100606.48,XGBoost,rdkit_descriptors_only,9,1
rdkit_EState_VSA1,73113.22,121661.85,104007.39,XGBoost,rdkit_descriptors_only,9,1
rdkit_EState_VSA10,-87384.43,689186.2,285302.03,XGBoost,rdkit_descriptors_only,9,1
rdkit_VSA_EState3,-28817.363,673994.9,498518.97,XGBoost,rdkit_descriptors_only,9,1
rdkit_VSA_EState7,-104801.99,569441.8,282195.88,XGBoost,rdkit_descriptors_only,9,1
rdkit_NHOHCount,-28153.375,166327.55,29997.982,XGBoost,rdkit_descriptors_only,9,1
rdkit_NOCount,-3740.5347,14694.77,6818.2793,XGBoost,rdkit_descriptors_only,9,1
rdkit_NumHAcceptors,-22501.557,28127.262,25254.426,XGBoost,rdkit_descriptors_only,9,1
rdkit_NumHDonors,18.436068,41051.504,21849.184,XGBoost,rdkit_descriptors_only,9,1
rdkit_NumHeteroatoms,2200.212,51240.957,53593.81,XGBoost,rdkit_descriptors_only,9,1
rdkit_MolLogP,-169488.3,342474.78,217291.86,XGBoost,rdkit_descriptors_only,9,1
rdkit_fr_Al_OH_noTert,70162.3,251208.05,113207.58,XGBoost,rdkit_descriptors_only,9,1
rdkit_qed,13176.153,119487.34,68247.69,XGBoost,rdkit_descriptors_only,9,2
rdkit_BCUT2D_CHGLO,4993.5967,466946.0,388571.78,XGBoost,rdkit_descriptors_only,9,2
rdkit_BCUT2D_LOGPLOW,-3996.1792,133966.94,132992.39,XGBoost,rdkit_descriptors_only,9,2
rdkit_HallKierAlpha,-36780.492,389925.97,261025.98,XGBoost,rdkit_descriptors_only,9,2
rdkit_PEOE_VSA1,-33733.785,320320.03,205723.73,XGBoost,rdkit_descriptors_only,9,2
rdkit_PEOE_VSA10,109770.875,313527.03,231045.2,XGBoost,rdkit_descriptors_only,9,2
rdkit_PEOE_VSA11,-4804.316,309699.72,149263.55,XGBoost,rdkit_descriptors_only,9,2
rdkit_SMR_VSA1,100141.37,220079.53,146788.16,XGBoost,rdkit_descriptors_only,9,2
rdkit_SMR_VSA5,13752.054,67800.83,59230.89,XGBoost,rdkit_descriptors_only,9,2
rdkit_SlogP_VSA3,36430.348,95539.875,92432.27,XGBoost,rdkit_descriptors_only,9,2
rdkit_TPSA,24120.1,49806.336,46741.684,XGBoost,rdkit_descriptors_only,9,2
rdkit_EState_VSA10,-144543.98,763315.6,353640.16,XGBoost,rdkit_descriptors_only,9,2
rdkit_VSA_EState7,-5240.8496,325256.12,189186.73,XGBoost,rdkit_descriptors_only,9,2
rdkit_NHOHCount,-25194.646,128091.84,55321.35,XGBoost,rdkit_descriptors_only,9,2
rdkit_NOCount,0.0,0.0,0.0,XGBoost,rdkit_descriptors_only,9,2
rdkit_NumAtomStereoCenters,26966.756,146426.4,246693.12,XGBoost,rdkit_descriptors_only,9,2
rdkit_NumHAcceptors,552.60834,5448.25,5636.2256,XGBoost,rdkit_descriptors_only,9,2
rdkit_NumHDonors,-3682.2817,53229.75,60396.645,XGBoost,rdkit_descriptors_only,9,2
rdkit_NumHeteroatoms,26379.426,42027.312,49153.824,XGBoost,rdkit_descriptors_only,9,2
rdkit_MolLogP,63182.465,152629.17,371161.5,XGBoost,rdkit_descriptors_only,9,2
rdkit_qed,-20412.443,316745.1,122239.69,XGBoost,rdkit_descriptors_only,9,3
rdkit_BCUT2D_LOGPLOW,38000.543,386393.44,264511.88,XGBoost,rdkit_descriptors_only,9,3
rdkit_HallKierAlpha,47051.254,578911.0,235952.39,XGBoost,rdkit_descriptors_only,9,3
rdkit_PEOE_VSA1,-51212.773,267141.4,148262.03,XGBoost,rdkit_descriptors_only,9,3
rdkit_PEOE_VSA10,36666.773,181079.81,218303.81,XGBoost,rdkit_descriptors_only,9,3
rdkit_SMR_VSA1,7035.2666,104948.14,84751.52,XGBoost,rdkit_descriptors_only,9,3
rdkit_SlogP_VSA2,-11918.89,175572.73,134838.69,XGBoost,rdkit_descriptors_only,9,3
rdkit_SlogP_VSA3,-29123.58,87510.96,135874.98,XGBoost,rdkit_descriptors_only,9,3
rdkit_TPSA,-12686.981,43576.566,37399.766,XGBoost,rdkit_descriptors_only,9,3
rdkit_EState_VSA10,70954.76,400913.0,179611.8,XGBoost,rdkit_descriptors_only,9,3
rdkit_VSA_EState3,3174.9917,458011.56,367758.66,XGBoost,rdkit_descriptors_only,9,3
rdkit_VSA_EState7,223328.55,647566.3,333780.16,XGBoost,rdkit_descriptors_only,9,3
rdkit_NHOHCount,7362.052,126622.09,36065.46,XGBoost,rdkit_descriptors_only,9,3
rdkit_NOCount,-2775.3127,19316.23,19346.135,XGBoost,rdkit_descriptors_only,9,3
rdkit_NumHAcceptors,0.0,0.0,0.0,XGBoost,rdkit_descriptors_only,9,3
rdkit_NumHDonors,2317.1843,8531.443,4930.146,XGBoost,rdkit_descriptors_only,9,3
rdkit_NumHeteroatoms,14248.666,47983.176,35157.17,XGBoost,rdkit_descriptors_only,9,3
rdkit_MolLogP,15821.443,290559.1,318280.12,XGBoost,rdkit_descriptors_only,9,3
rdkit_fr_Al_OH,3025.9373,19579.45,7670.848,XGBoost,rdkit_descriptors_only,9,3
rdkit_fr_Al_OH_noTert,12492.563,167480.56,71116.26,XGBoost,rdkit_descriptors_only,9,3
rdkit_qed,-1588.1714,177520.84,96657.34,XGBoost,rdkit_descriptors_only,9,4
rdkit_BCUT2D_LOGPLOW,-72308.61,329540.53,305877.78,XGBoost,rdkit_descriptors_only,9,4
rdkit_HallKierAlpha,-154282.48,623306.44,328194.9,XGBoost,rdkit_descriptors_only,9,4
rdkit_Kappa3,-27673.127,163116.42,91278.12,XGBoost,rdkit_descriptors_only,9,4
rdkit_PEOE_VSA1,-101778.484,266398.97,163232.5,XGBoost,rdkit_descriptors_only,9,4
rdkit_PEOE_VSA10,-35333.285,167819.64,131081.19,XGBoost,rdkit_descriptors_only,9,4
rdkit_PEOE_VSA11,-47383.43,179479.22,123149.95,XGBoost,rdkit_descriptors_only,9,4
rdkit_SMR_VSA1,59111.508,92359.016,94951.7,XGBoost,rdkit_descriptors_only,9,4
rdkit_SlogP_VSA2,1479.3566,154047.4,74456.234,XGBoost,rdkit_descriptors_only,9,4
rdkit_SlogP_VSA3,11830.817,33553.242,36144.18,XGBoost,rdkit_descriptors_only,9,4
rdkit_TPSA,2345.501,32367.889,40021.332,XGBoost,rdkit_descriptors_only,9,4
rdkit_EState_VSA10,-114136.41,547679.8,301397.72,XGBoost,rdkit_descriptors_only,9,4
rdkit_VSA_EState3,88364.24,605556.8,431684.12,XGBoost,rdkit_descriptors_only,9,4
rdkit_VSA_EState7,33252.965,490628.2,226727.94,XGBoost,rdkit_descriptors_only,9,4
rdkit_NHOHCount,1320.3992,10281.309,11376.798,XGBoost,rdkit_descriptors_only,9,4
rdkit_NOCount,1644.9265,10651.0625,7284.2275,XGBoost,rdkit_descriptors_only,9,4
rdkit_NumHAcceptors,-3001.6294,6164.9106,4658.6045,XGBoost,rdkit_descriptors_only,9,4
rdkit_NumHDonors,8860.905,39746.066,15235.919,XGBoost,rdkit_descriptors_only,9,4
rdkit_NumHeteroatoms,7341.7188,31216.893,27055.893,XGBoost,rdkit_descriptors_only,9,4
rdkit_MolLogP,37670.363,302196.0,250385.11,XGBoost,rdkit_descriptors_only,9,4
rdkit_qed,-11952.861,163223.1,91532.984,XGBoost,rdkit_descriptors_only,9,5
rdkit_HallKierAlpha,-54605.2,302053.22,208410.39,XGBoost,rdkit_descriptors_only,9,5
rdkit_Kappa3,-8291.774,153832.83,106527.64,XGBoost,rdkit_descriptors_only,9,5
rdkit_PEOE_VSA1,19980.154,333651.34,162375.06,XGBoost,rdkit_descriptors_only,9,5
rdkit_PEOE_VSA10,-71513.016,283441.44,198019.47,XGBoost,rdkit_descriptors_only,9,5
rdkit_PEOE_VSA11,60454.742,177232.55,125666.95,XGBoost,rdkit_descriptors_only,9,5
rdkit_SMR_VSA1,24393.002,69712.87,57094.86,XGBoost,rdkit_descriptors_only,9,5
rdkit_SlogP_VSA3,21467.188,206712.16,97403.67,XGBoost,rdkit_descriptors_only,9,5
rdkit_TPSA,9356.762,29980.307,27281.188,XGBoost,rdkit_descriptors_only,9,5
rdkit_EState_VSA1,4893.7666,88766.18,57643.07,XGBoost,rdkit_descriptors_only,9,5
rdkit_EState_VSA10,18004.705,823170.2,350900.44,XGBoost,rdkit_descriptors_only,9,5
rdkit_VSA_EState3,-110194.8,760893.9,533940.75,XGBoost,rdkit_descriptors_only,9,5
rdkit_VSA_EState7,94108.97,383742.22,243595.84,XGBoost,rdkit_descriptors_only,9,5
rdkit_NHOHCount,3544.4463,85276.43,34267.402,XGBoost,rdkit_descriptors_only,9,5
rdkit_NOCount,-3956.8728,13609.476,13382.305,XGBoost,rdkit_descriptors_only,9,5
rdkit_NumAtomStereoCenters,-34884.08,134804.44,219018.06,XGBoost,rdkit_descriptors_only,9,5
rdkit_NumHAcceptors,-1772.2177,11475.433,7260.005,XGBoost,rdkit_descriptors_only,9,5
rdkit_NumHDonors,-8267.303,40069.758,37438.68,XGBoost,rdkit_descriptors_only,9,5
rdkit_NumHeteroatoms,4506.314,78971.414,44530.08,XGBoost,rdkit_descriptors_only,9,5
rdkit_MolLogP,201580.03,387210.53,602882.3,XGBoost,rdkit_descriptors_only,9,5
rdkit_qed,30326.37,210352.92,142311.3,XGBoost,rdkit_descriptors_only,10,1
rdkit_BCUT2D_LOGPLOW,-3446.617,320426.97,258556.67,XGBoost,rdkit_descriptors_only,10,1
rdkit_HallKierAlpha,-53496.56,546045.3,238616.52,XGBoost,rdkit_descriptors_only,10,1
rdkit_Kappa3,-21931.98,239884.6,87872.67,XGBoost,rdkit_descriptors_only,10,1
rdkit_PEOE_VSA1,-60841.547,141712.6,87279.85,XGBoost,rdkit_descriptors_only,10,1
rdkit_PEOE_VSA10,61644.016,264522.28,222653.83,XGBoost,rdkit_descriptors_only,10,1
rdkit_SMR_VSA1,31383.688,76359.23,55854.73,XGBoost,rdkit_descriptors_only,10,1
rdkit_SlogP_VSA2,-20058.506,119359.82,120719.99,XGBoost,rdkit_descriptors_only,10,1
rdkit_SlogP_VSA3,5164.49,45936.68,45438.227,XGBoost,rdkit_descriptors_only,10,1
rdkit_TPSA,-6929.588,24878.28,31223.71,XGBoost,rdkit_descriptors_only,10,1
rdkit_EState_VSA10,18977.76,405230.9,192122.92,XGBoost,rdkit_descriptors_only,10,1
rdkit_VSA_EState3,-122755.59,667460.6,488550.06,XGBoost,rdkit_descriptors_only,10,1
rdkit_VSA_EState7,-20994.346,635188.7,362119.12,XGBoost,rdkit_descriptors_only,10,1
rdkit_NHOHCount,-8035.7344,51355.418,16318.185,XGBoost,rdkit_descriptors_only,10,1
rdkit_NOCount,-3033.46,19372.947,20185.312,XGBoost,rdkit_descriptors_only,10,1
rdkit_NumHAcceptors,-618.5431,9274.185,7465.968,XGBoost,rdkit_descriptors_only,10,1
rdkit_NumHDonors,-1231.0586,46893.07,32797.51,XGBoost,rdkit_descriptors_only,10,1
rdkit_NumHeteroatoms,-11383.348,27378.045,15274.4375,XGBoost,rdkit_descriptors_only,10,1
rdkit_MolLogP,-85957.984,316469.22,217868.6,XGBoost,rdkit_descriptors_only,10,1
rdkit_fr_ether,1806.8293,2765.1172,3037.9285,XGBoost,rdkit_descriptors_only,10,1
rdkit_qed,-7834.1562,252702.3,92506.055,XGBoost,rdkit_descriptors_only,10,2
rdkit_BCUT2D_LOGPLOW,85938.66,354344.62,213777.0,XGBoost,rdkit_descriptors_only,10,2
rdkit_HallKierAlpha,12119.879,557792.94,259914.03,XGBoost,rdkit_descriptors_only,10,2
rdkit_Kappa3,-77874.17,244661.1,103589.49,XGBoost,rdkit_descriptors_only,10,2
rdkit_PEOE_VSA1,-44521.69,320896.38,159399.83,XGBoost,rdkit_descriptors_only,10,2
rdkit_PEOE_VSA10,19354.176,98312.01,90152.88,XGBoost,rdkit_descriptors_only,10,2
rdkit_PEOE_VSA11,64402.82,109596.71,58796.387,XGBoost,rdkit_descriptors_only,10,2
rdkit_SMR_VSA1,-2497.4675,64629.49,45334.99,XGBoost,rdkit_descriptors_only,10,2
rdkit_SlogP_VSA3,15980.577,79660.91,53242.215,XGBoost,rdkit_descriptors_only,10,2
rdkit_TPSA,971.38995,107871.8,70118.74,XGBoost,rdkit_descriptors_only,10,2
rdkit_EState_VSA10,123435.55,523477.12,184933.16,XGBoost,rdkit_descriptors_only,10,2
rdkit_VSA_EState3,95310.63,655991.1,354126.56,XGBoost,rdkit_descriptors_only,10,2
rdkit_VSA_EState7,140361.28,448478.3,250975.11,XGBoost,rdkit_descriptors_only,10,2
rdkit_NHOHCount,2671.0415,19210.293,14261.056,XGBoost,rdkit_descriptors_only,10,2
rdkit_NOCount,0.0,0.0,0.0,XGBoost,rdkit_descriptors_only,10,2
rdkit_NumAtomStereoCenters,-91640.84,160413.34,335007.5,XGBoost,rdkit_descriptors_only,10,2
rdkit_NumHAcceptors,4618.945,11908.462,9606.411,XGBoost,rdkit_descriptors_only,10,2
rdkit_NumHDonors,-669.63336,34506.047,18248.102,XGBoost,rdkit_descriptors_only,10,2
rdkit_NumHeteroatoms,38047.395,116129.87,61666.426,XGBoost,rdkit_descriptors_only,10,2
rdkit_MolLogP,-57972.86,413791.62,315955.38,XGBoost,rdkit_descriptors_only,10,2
rdkit_qed,30952.736,141681.22,86155.86,XGBoost,rdkit_descriptors_only,10,3
rdkit_BCUT2D_LOGPLOW,-58169.15,352482.22,306636.94,XGBoost,rdkit_descriptors_only,10,3
rdkit_HallKierAlpha,16101.059,588985.7,312632.62,XGBoost,rdkit_descriptors_only,10,3
rdkit_Kappa3,-42195.164,306485.38,121822.16,XGBoost,rdkit_descriptors_only,10,3
rdkit_PEOE_VSA1,-35131.766,274528.22,168726.97,XGBoost,rdkit_descriptors_only,10,3
rdkit_PEOE_VSA10,25457.188,270055.7,151999.34,XGBoost,rdkit_descriptors_only,10,3
rdkit_SMR_VSA1,34131.12,89230.52,64318.08,XGBoost,rdkit_descriptors_only,10,3
rdkit_SlogP_VSA3,-1261.5427,127609.9,93511.0,XGBoost,rdkit_descriptors_only,10,3
rdkit_TPSA,53969.76,78913.87,91193.77,XGBoost,rdkit_descriptors_only,10,3
rdkit_EState_VSA1,46117.207,90519.32,49937.434,XGBoost,rdkit_descriptors_only,10,3
rdkit_EState_VSA10,-104711.15,565238.44,285469.28,XGBoost,rdkit_descriptors_only,10,3
rdkit_VSA_EState3,136490.11,524654.06,444141.84,XGBoost,rdkit_descriptors_only,10,3
rdkit_VSA_EState7,13292.654,553419.75,273618.62,XGBoost,rdkit_descriptors_only,10,3
rdkit_NHOHCount,-916.36707,51226.305,21910.365,XGBoost,rdkit_descriptors_only,10,3
rdkit_NOCount,0.0,0.0,0.0,XGBoost,rdkit_descriptors_only,10,3
rdkit_NumAtomStereoCenters,-16731.426,137580.66,302269.97,XGBoost,rdkit_descriptors_only,10,3
rdkit_NumHAcceptors,0.0,0.0,0.0,XGBoost,rdkit_descriptors_only,10,3
rdkit_NumHDonors,2682.654,75477.26,14912.292,XGBoost,rdkit_descriptors_only,10,3
rdkit_NumHeteroatoms,15037.079,38633.285,24775.105,XGBoost,rdkit_descriptors_only,10,3
rdkit_MolLogP,29307.584,348249.34,444955.3,XGBoost,rdkit_descriptors_only,10,3
rdkit_qed,-60520.832,293412.47,121243.95,XGBoost,rdkit_descriptors_only,10,4
rdkit_HallKierAlpha,-78286.04,336969.53,176120.22,XGBoost,rdkit_descriptors_only,10,4
rdkit_Kappa3,16962.201,203248.23,167966.81,XGBoost,rdkit_descriptors_only,10,4
rdkit_PEOE_VSA1,-12134.746,242697.66,131735.86,XGBoost,rdkit_descriptors_only,10,4
rdkit_PEOE_VSA10,-9793.154,236205.5,164929.12,XGBoost,rdkit_descriptors_only,10,4
rdkit_PEOE_VSA11,-12972.113,160443.1,132813.83,XGBoost,rdkit_descriptors_only,10,4
rdkit_SMR_VSA1,66844.14,99867.59,79556.31,XGBoost,rdkit_descriptors_only,10,4
rdkit_SlogP_VSA3,-7154.464,68509.2,65704.95,XGBoost,rdkit_descriptors_only,10,4
rdkit_TPSA,33316.543,78344.84,88102.14,XGBoost,rdkit_descriptors_only,10,4
rdkit_EState_VSA1,21928.521,88857.83,87488.695,XGBoost,rdkit_descriptors_only,10,4
rdkit_EState_VSA10,-207573.05,957575.56,459162.88,XGBoost,rdkit_descriptors_only,10,4
rdkit_VSA_EState3,150893.97,882890.75,628983.7,XGBoost,rdkit_descriptors_only,10,4
rdkit_VSA_EState7,-31409.3,452431.4,203710.17,XGBoost,rdkit_descriptors_only,10,4
rdkit_NHOHCount,-30630.871,110581.195,54544.38,XGBoost,rdkit_descriptors_only,10,4
rdkit_NOCount,-364.36374,9023.8545,8844.179,XGBoost,rdkit_descriptors_only,10,4
rdkit_NumAtomStereoCenters,14224.34,115094.47,172883.1,XGBoost,rdkit_descriptors_only,10,4
rdkit_NumHAcceptors,-409.2295,5827.5156,4582.4526,XGBoost,rdkit_descriptors_only,10,4
rdkit_NumHDonors,-19957.27,70966.95,23497.71,XGBoost,rdkit_descriptors_only,10,4
rdkit_NumHeteroatoms,21599.242,71531.35,51114.71,XGBoost,rdkit_descriptors_only,10,4
rdkit_MolLogP,-53749.46,237659.44,398284.8,XGBoost,rdkit_descriptors_only,10,4
rdkit_qed,-52181.65,211351.92,128086.99,XGBoost,rdkit_descriptors_only,10,5
rdkit_HallKierAlpha,-70501.414,518702.6,251922.9,XGBoost,rdkit_descriptors_only,10,5
rdkit_Kappa3,-59731.254,359026.66,138851.05,XGBoost,rdkit_descriptors_only,10,5
rdkit_PEOE_VSA1,-86028.93,264005.44,185724.34,XGBoost,rdkit_descriptors_only,10,5
rdkit_PEOE_VSA10,53127.145,224409.78,230290.8,XGBoost,rdkit_descriptors_only,10,5
rdkit_SMR_VSA1,39165.0,160013.44,104301.484,XGBoost,rdkit_descriptors_only,10,5
rdkit_SlogP_VSA2,-11880.23,48432.176,37657.75,XGBoost,rdkit_descriptors_only,10,5
rdkit_SlogP_VSA3,-14644.205,50937.758,24349.121,XGBoost,rdkit_descriptors_only,10,5
rdkit_TPSA,-4797.045,26407.545,29301.08,XGBoost,rdkit_descriptors_only,10,5
rdkit_EState_VSA10,-146859.56,748733.3,384036.44,XGBoost,rdkit_descriptors_only,10,5
rdkit_VSA_EState3,-25938.262,847886.06,548910.6,XGBoost,rdkit_descriptors_only,10,5
rdkit_VSA_EState7,43648.633,663100.6,337320.88,XGBoost,rdkit_descriptors_only,10,5
rdkit_NHOHCount,-43057.164,275787.88,51424.02,XGBoost,rdkit_descriptors_only,10,5
rdkit_NOCount,435.46042,6922.0234,7087.0806,XGBoost,rdkit_descriptors_only,10,5
rdkit_NumHAcceptors,-5443.5576,8721.51,7352.144,XGBoost,rdkit_descriptors_only,10,5
rdkit_NumHDonors,-394.66858,31777.537,10268.36,XGBoost,rdkit_descriptors_only,10,5
rdkit_NumHeteroatoms,46609.613,94172.93,110812.88,XGBoost,rdkit_descriptors_only,10,5
rdkit_MolLogP,16515.533,289549.2,371282.72,XGBoost,rdkit_descriptors_only,10,5
rdkit_fr_Al_OH,41695.75,108812.8,64704.516,XGBoost,rdkit_descriptors_only,10,5
rdkit_fr_Al_OH_noTert,1567.7203,5216.0923,2556.0178,XGBoost,rdkit_descriptors_only,10,5
