,Luciferase expression (RLU),Molecular weight (Da),Solubility (mg/mL),"Glass transition temperature (Tg, degC)",Viscosity (mPa.s),Concentration (% w/v),rdkit_MaxAbsEStateIndex,rdkit_MaxEStateIndex,rdkit_MinAbsEStateIndex,rdkit_MinEStateIndex,rdkit_qed,rdkit_SPS,rdkit_MolWt,rdkit_HeavyAtomMolWt,rdkit_ExactMolWt,rdkit_NumValenceElectrons,rdkit_NumRadicalElectrons,rdkit_MaxPartialCharge,rdkit_MinPartialCharge,rdkit_MaxAbsPartialCharge,rdkit_MinAbsPartialCharge,rdkit_FpDensityMorgan1,rdkit_FpDensityMorgan2,rdkit_FpDensityMorgan3,rdkit_BCUT2D_MWHI,rdkit_BCUT2D_MWLOW,rdkit_BCUT2D_CHGHI,rdkit_BCUT2D_CHGLO,rdkit_BCUT2D_LOGPHI,rdkit_BCUT2D_LOGPLOW,rdkit_BCUT2D_MRHI,rdkit_BCUT2D_MRLOW,rdkit_AvgIpc,rdkit_BalabanJ,rdkit_BertzCT,rdkit_Chi0,rdkit_Chi0n,rdkit_Chi0v,rdkit_Chi1,rdkit_Chi1n,rdkit_Chi1v,rdkit_Chi2n,rdkit_Chi2v,rdkit_Chi3n,rdkit_Chi3v,rdkit_Chi4n,rdkit_Chi4v,rdkit_HallKierAlpha,rdkit_Ipc,rdkit_Kappa1,rdkit_Kappa2,rdkit_Kappa3,rdkit_LabuteASA,rdkit_PEOE_VSA1,rdkit_PEOE_VSA10,rdkit_PEOE_VSA11,rdkit_PEOE_VSA12,rdkit_PEOE_VSA13,rdkit_PEOE_VSA14,rdkit_PEOE_VSA2,rdkit_PEOE_VSA3,rdkit_PEOE_VSA4,rdkit_PEOE_VSA5,rdkit_PEOE_VSA6,rdkit_PEOE_VSA7,rdkit_PEOE_VSA8,rdkit_PEOE_VSA9,rdkit_SMR_VSA1,rdkit_SMR_VSA10,rdkit_SMR_VSA2,rdkit_SMR_VSA3,rdkit_SMR_VSA4,rdkit_SMR_VSA5,rdkit_SMR_VSA6,rdkit_SMR_VSA7,rdkit_SMR_VSA8,rdkit_SMR_VSA9,rdkit_SlogP_VSA1,rdkit_SlogP_VSA10,rdkit_SlogP_VSA11,rdkit_SlogP_VSA12,rdkit_SlogP_VSA2,rdkit_SlogP_VSA3,rdkit_SlogP_VSA4,rdkit_SlogP_VSA5,rdkit_SlogP_VSA6,rdkit_SlogP_VSA7,rdkit_SlogP_VSA8,rdkit_SlogP_VSA9,rdkit_TPSA,rdkit_EState_VSA1,rdkit_EState_VSA10,rdkit_EState_VSA11,rdkit_EState_VSA2,rdkit_EState_VSA3,rdkit_EState_VSA4,rdkit_EState_VSA5,rdkit_EState_VSA6,rdkit_EState_VSA7,rdkit_EState_VSA8,rdkit_EState_VSA9,rdkit_VSA_EState1,rdkit_VSA_EState10,rdkit_VSA_EState2,rdkit_VSA_EState3,rdkit_VSA_EState4,rdkit_VSA_EState5,rdkit_VSA_EState6,rdkit_VSA_EState7,rdkit_VSA_EState8,rdkit_VSA_EState9,rdkit_FractionCSP3,rdkit_HeavyAtomCount,rdkit_NHOHCount,rdkit_NOCount,rdkit_NumAliphaticCarbocycles,rdkit_NumAliphaticHeterocycles,rdkit_NumAliphaticRings,rdkit_NumAmideBonds,rdkit_NumAromaticCarbocycles,rdkit_NumAromaticHeterocycles,rdkit_NumAromaticRings,rdkit_NumAtomStereoCenters,rdkit_NumBridgeheadAtoms,rdkit_NumHAcceptors,rdkit_NumHDonors,rdkit_NumHeteroatoms,rdkit_NumHeterocycles,rdkit_NumRotatableBonds,rdkit_NumSaturatedCarbocycles,rdkit_NumSaturatedHeterocycles,rdkit_NumSaturatedRings,rdkit_NumSpiroAtoms,rdkit_NumUnspecifiedAtomStereoCenters,rdkit_Phi,rdkit_RingCount,rdkit_MolLogP,rdkit_MolMR,rdkit_fr_Al_COO,rdkit_fr_Al_OH,rdkit_fr_Al_OH_noTert,rdkit_fr_ArN,rdkit_fr_Ar_COO,rdkit_fr_Ar_N,rdkit_fr_Ar_NH,rdkit_fr_Ar_OH,rdkit_fr_COO,rdkit_fr_COO2,rdkit_fr_C_O,rdkit_fr_C_O_noCOO,rdkit_fr_C_S,rdkit_fr_HOCCN,rdkit_fr_Imine,rdkit_fr_NH0,rdkit_fr_NH1,rdkit_fr_NH2,rdkit_fr_N_O,rdkit_fr_Ndealkylation1,rdkit_fr_Ndealkylation2,rdkit_fr_Nhpyrrole,rdkit_fr_SH,rdkit_fr_aldehyde,rdkit_fr_alkyl_carbamate,rdkit_fr_alkyl_halide,rdkit_fr_allylic_oxid,rdkit_fr_amide,rdkit_fr_amidine,rdkit_fr_aniline,rdkit_fr_aryl_methyl,rdkit_fr_azide,rdkit_fr_azo,rdkit_fr_barbitur,rdkit_fr_benzene,rdkit_fr_benzodiazepine,rdkit_fr_bicyclic,rdkit_fr_diazo,rdkit_fr_dihydropyridine,rdkit_fr_epoxide,rdkit_fr_ester,rdkit_fr_ether,rdkit_fr_furan,rdkit_fr_guanido,rdkit_fr_halogen,rdkit_fr_hdrzine,rdkit_fr_hdrzone,rdkit_fr_imidazole,rdkit_fr_imide,rdkit_fr_isocyan,rdkit_fr_isothiocyan,rdkit_fr_ketone,rdkit_fr_ketone_Topliss,rdkit_fr_lactam,rdkit_fr_lactone,rdkit_fr_methoxy,rdkit_fr_morpholine,rdkit_fr_nitrile,rdkit_fr_nitro,rdkit_fr_nitro_arom,rdkit_fr_nitro_arom_nonortho,rdkit_fr_nitroso,rdkit_fr_oxazole,rdkit_fr_oxime,rdkit_fr_para_hydroxylation,rdkit_fr_phenol,rdkit_fr_phenol_noOrthoHbond,rdkit_fr_phos_acid,rdkit_fr_phos_ester,rdkit_fr_piperdine,rdkit_fr_piperzine,rdkit_fr_priamide,rdkit_fr_prisulfonamd,rdkit_fr_pyridine,rdkit_fr_quatN,rdkit_fr_sulfide,rdkit_fr_sulfonamd,rdkit_fr_sulfone,rdkit_fr_term_acetylene,rdkit_fr_tetrazole,rdkit_fr_thiazole,rdkit_fr_thiocyan,rdkit_fr_thiophene,rdkit_fr_unbrch_alkane,rdkit_fr_urea
Luciferase expression (RLU),1.0,-0.3144354946208563,0.3952763994669732,-0.15604841154451696,-0.1668259530747282,-0.015356288560392603,-0.24077348145281005,-0.24077348145281005,-0.07458194664938128,0.1849689395892853,0.3545882097777055,-0.2423391002470564,-0.3144345295189111,-0.3157447491921144,-0.3145261605415079,-0.31821444752711336,,-0.23108898817246615,0.14004119760333567,-0.1523782312777775,-0.2500883957999597,0.24694969576935344,0.21303144482732064,0.16444118725682755,0.07210501841855399,0.1112246790174586,-0.2993787709232699,0.28920209189196827,-0.2603646020048342,0.34376382867850946,-0.06074411052251238,0.2950768686889394,-0.1479156425557248,0.21559840036591135,-0.29772060051116184,-0.3200032069366269,-0.30640368852698185,-0.2961482592398626,-0.318997352831037,-0.305072379582226,-0.2961751666850899,-0.29018678746869025,-0.2772022664484563,-0.277290931789226,-0.2577643897511139,-0.26462145652167013,-0.24463127865876327,0.42157970837989545,-0.1268061805898799,-0.31438962132571063,-0.32301878217804997,-0.335949267602869,-0.30689396793842216,-0.3525912117068238,-0.34512007419999485,-0.3284964509429981,-0.22800806542152371,,0.13951926495030237,-0.024888713564744917,-0.1703593961343678,,0.1689711526205607,0.12228632384977374,0.1160977701148423,-0.05385737354662514,-0.2655001999642413,-0.3450682098090946,0.14298904340289564,,-0.1568127909312822,0.14022801566123688,-0.312127913791717,-0.25436657548237557,0.01710130730486754,,,-0.12283058153165956,,,0.17519310942922828,-0.3307551388257175,-0.35316619323310544,0.1356445183377879,0.10778780498317106,0.01710130730486754,,,,-0.34804354545673827,-0.32973885646039797,-0.38846856482216957,,0.17478702337929608,0.15828814790241322,0.06601424767171385,-0.09955478303615951,0.13564451833778793,-0.11474789709683053,0.1347199477581345,-0.1502382209242804,-0.3018865339453036,0.16463251100332565,-0.15537501289003167,-0.3316654870087057,-7.453093560902837e-05,0.22427165532917853,0.14837459893573574,0.378459564730032,0.2697553661741539,-0.04754138128827844,-0.037123008203773525,-0.3178679150682099,-0.33612000043271967,-0.34719316782103504,0.08925657688826912,-0.260322652494752,-0.24367966584234554,-0.11710427393932517,,,,-0.3307269373534671,-0.09421614689637886,-0.3397388876425062,-0.3442992345446618,-0.3373040552820255,-0.260322652494752,-0.29746596825679117,0.11179645366722363,-0.260322652494752,-0.24608986212243503,,0.007857486564280583,-0.3129605182777537,-0.24367966584234554,0.3692551921939382,-0.30173675605842254,-0.16132164250517728,-0.3266998095371046,-0.3285106355921532,,,,,,-0.16132164250517728,-0.16132164250517728,-0.12767449580900997,-0.08321291373992698,,,,,-0.15681279093128242,0.0431895500926061,,,,,,-0.0983069663206899,,0.16322200995657798,0.135644518337788,-0.11710427393932517,,,,,,,,,0.13564451833778798,,,,,-0.32440416564265906,,,0.16919103528622176,,,,,,,0.08108087663002167,0.08108087663002167,,,-0.10898856830431651,,,,,,,,,,,,0.04292458560175763,-0.06026499178901946,,,,,,,,,,,,,,,,
Molecular weight (Da),-0.3144354946208563,1.0,-0.018550383584023528,0.2825561397558835,0.22444516127505051,2.820647228092071e-16,0.6754144119201114,0.6754144119201114,0.31383887943368055,-0.42767176730957196,-0.819757126030465,0.547977059144443,0.9999999999532571,0.9999509987115432,0.9999998645964124,0.9994810737529081,,0.17186988478677653,0.06614882252343326,-0.08768425386397376,0.20674698518172854,-0.7166986988358681,-0.6800478549164013,-0.6011607785684789,-0.02800163296920937,-0.425469447954415,0.7616722325708658,-0.6038947453931846,0.7224085735137057,-0.5692189561124605,-0.1281781453361897,-0.6380523898786912,0.28284151998137713,-0.5694696198636086,0.9918287373456803,0.999323966630838,0.9977467257863519,0.997436383936432,0.9994350938175907,0.9968923481748535,0.9968216953071497,0.9908812291234232,0.989762884762453,0.9855623052621845,0.9826128144163873,0.9753092509842108,0.9716788522453607,-0.6700293668984441,0.5209009519441834,0.9983232399444777,0.990412706830586,0.9631054861585976,0.9993893661619419,0.9837837451023936,0.9779539565742327,0.42169664661139644,0.8237640224858817,,-0.031957487809148526,-0.08859525178488858,-0.0903925509608604,,-0.007229160092258561,0.22376176989960092,0.19902416287062488,0.033575872525846706,0.956673654845366,0.9891715068810139,-0.13549154953843645,,0.04550485825355068,0.20538607805131592,0.9794973143789132,0.9318685987787718,0.2231703779118387,,,0.01718910424008443,,,-0.02649544045378691,0.9901853694816545,0.9776697596482928,0.2134479353257729,0.1880560619817692,0.2231703779118387,,,,0.9868709223068285,0.9923764004937161,0.9785822631095357,,-0.017585896111881095,0.18826311367085702,0.19067596768241235,-0.037469239864909604,0.21344793532577291,-0.020110161266502374,0.1783156561265104,0.8511794433995512,0.9717398940707462,0.011257685294360598,-0.21649869990744083,0.9854026404162946,-0.11502416113252613,-0.8195930792688614,-0.049086742708912626,-0.9610322986434865,-0.7635735719681604,0.03625135636103248,0.346661715034476,0.9996030279377051,0.9789215757655871,0.990070462877111,0.2106345258149698,0.7596042649695625,0.7781570427354728,-0.0005406635388058596,,,,0.989071434330778,0.21690908715176418,0.9899591911144371,0.9818405637443056,0.9906518065177212,0.7596042649695625,0.9334614253529308,0.18229229510188757,0.7596042649695625,0.7725753782848689,,-0.0723735798910357,0.9772700039642805,0.7781570427354728,-0.9330329077813239,0.9972529106263105,-0.07082084598083689,0.9783075844866038,0.9758766118045664,,,,,,-0.07082084598083689,-0.07082084598083689,-0.22996253044355908,-0.2329778561397681,,,,,0.04550485825355069,-0.05355724661075612,,,,,,-0.2233205421596643,,0.011450971379997689,0.21344793532577297,-0.0005406635388058596,,,,,,,,,0.21344793532577294,,,,,0.9777497046387362,,,-0.006097713930177584,,,,,,,-0.09364867358712593,-0.09364867358712593,,,-0.08716761398411411,,,,,,,,,,,,-0.056936100912686714,-0.05362113466937532,,,,,,,,,,,,,,,,
Solubility (mg/mL),0.3952763994669732,-0.018550383584023528,1.0,0.019218000059308224,-0.09999581407378783,-2.2744040323588996e-16,0.08033198096435548,0.08033198096435548,0.14741061857318347,-0.018500219575991357,0.02158393982410962,-0.009001398199317678,-0.01855244264837779,-0.018232177549287416,-0.018544102802616504,-0.017451419446444797,,0.016875203060427633,0.05739646345846329,-0.06566145922165582,0.025353044513590495,0.02304237335197103,0.03630151540924114,0.03776877590274553,-0.04704459633450863,0.041724166272183734,0.03006966410415428,0.029613181419178885,-0.004087295331058991,0.011262355348891771,0.04975893244846357,-0.039239100224003516,0.011468334391174288,0.020542471653291254,-0.01673022685297358,-0.02017026160236241,-0.021985618326069538,-0.02445550216205955,-0.019310851213698084,-0.02253849684054402,-0.02526821033911377,-0.02442458577226257,-0.028104173717440686,-0.022919919224838416,-0.026862811952390105,-0.025706385166826398,-0.030009546273179658,0.007941433420705763,-0.02982236646808882,-0.01752036882241181,-0.022118018556082523,-0.03909655499667772,-0.02112554159158656,-0.010278662077090224,0.003162997934097161,-0.01841813125703376,0.018987429868505483,,-0.045536434439602355,0.2083541929671376,-0.08259606537515485,,-0.013985372722734096,-0.04838584068938371,-0.06116680085044184,-0.12026802537653683,-0.041198537286917,-0.003960947713134975,-0.05736737857073844,,-0.09722407251128952,-0.050554915334957304,-0.04355096057760146,0.03945081350701151,-0.062139183673519685,,,-0.11391759618248315,,,-0.02877947189662731,-0.007777992495537558,-0.0164804226721551,-0.04364114293407215,-0.07309966639555253,-0.062139183673519685,,,,-0.0033466146431395927,-0.0019282567952415418,-0.02757499244016512,,-0.1173449595773104,-0.052930559430622276,-0.07950160196064723,-0.12273284660340074,-0.04364114293407213,-0.03687777541479422,-0.07602786733009007,0.046545933003975824,-0.014853649208087481,0.005270440676046223,-0.028043218572938837,-0.005472580308396962,-0.04119502825578953,-0.04037910774665518,0.10983063580977481,0.02506196887712209,-0.05734192825207744,0.02781217100536852,-0.012029511619713674,-0.018497651852012898,0.002774755048576379,-0.008252971444200887,-0.06374420632063812,-0.02259180371594755,-0.03133286359151729,-0.08565481137490086,,,,-0.02619641198003362,-0.04093579592636096,-0.00706748409083344,-0.0076513572736581605,-0.010499095823664598,-0.02259180371594755,-0.009982267179170154,-0.057574815621025746,-0.02259180371594755,-0.02856732755195451,,-0.018377044743811112,-0.02162233142809152,-0.03133286359151729,-0.016368512327168093,-0.023747317570561175,-0.07875003411986205,0.001880309639124729,0.0034016846984264576,,,,,,-0.07875003411986205,-0.07875003411986205,-0.024119873004949062,0.0025345802135085306,,,,,-0.09722407251128949,-0.057167877972627956,,,,,,-0.1842339616040376,,0.005596172606271001,-0.043641142934072154,-0.08565481137490086,,,,,,,,,-0.043641142934072154,,,,,-0.006712838449775284,,,-0.012821158312918505,,,,,,,0.35961205435447874,0.35961205435447874,,,-0.06213918367351967,,,,,,,,,,,,-0.04496177371695555,-0.02843370808403122,,,,,,,,,,,,,,,,
"Glass transition temperature (Tg, degC)",-0.15604841154451696,0.2825561397558835,0.019218000059308224,1.0,0.257271256418626,6.667078972332554e-16,0.2084057235084639,0.2084057235084639,0.25087480022728387,-0.13733004710742694,-0.37955808014398834,0.1592369925229992,0.2825579498813108,0.2827511547725578,0.282472828736811,0.2786104145592636,,0.12644881885928094,-0.0962611620728333,0.0732655753717815,0.1470650179832283,-0.3366228582902267,-0.31981579855143843,-0.2869651674562246,0.16093909683449587,-0.20009592927319483,0.28076081444392265,-0.29706876323965514,0.2583029458168417,-0.3207532162587209,-0.04907934270488141,-0.2506129064159255,0.432244191552911,-0.21074667040046105,0.22752100547311727,0.2777041491376088,0.27586348469808525,0.2817267645579225,0.27853858807514126,0.2772425551886838,0.2821637818986617,0.26907726744126376,0.2743247810279409,0.26212375928584747,0.2689423179835096,0.2618560387293212,0.26889715538463416,-0.15454972670286998,-0.10883947331696942,0.28493012959806024,0.31110324053607913,0.3259197096225691,0.2824665055846799,0.26257164050076504,0.25170376940108785,0.21601046156208686,0.09849012646527995,,0.04185959503935094,0.06918590537363438,0.06808024942430192,,0.16714033890658977,0.06314675319528754,0.010644907152301302,0.12277593917239396,0.3507648007415411,0.26485365110402764,0.06741669369256362,,0.26560439429914245,0.06983139176572845,0.2937919947887596,0.19589848163709725,0.11547812221708546,,,0.3104590753213033,,,0.16178020607145288,0.27518042484685795,0.24352998594850592,0.05072656975926927,0.04314933704286152,0.11547812221708546,,,,0.2761795793655326,0.28356096082577575,0.3226012237201719,,-0.011088240808014441,0.01806005471981182,0.157786339696504,-0.23693530657724837,0.05072656975926927,0.2304464526389157,0.028933713578079938,0.14003978919186666,0.2396843344226462,0.12192613561999716,-0.06196826339092407,0.2679253310144795,0.13159214169949981,-0.061536847595986724,-0.30907688433937497,-0.29443349601871555,-0.12010058156061583,-0.04199841363835697,0.19598747574544628,0.2781669395427524,0.2887020211501143,0.2735716819774709,0.06321742396028958,0.35121686426492493,0.3549263209447474,0.23795222731903365,,,,0.2979280604591908,0.3190407611007134,0.26652657986984907,0.28920186409312226,0.28131096052774424,0.35121686426492493,0.19806601005208305,0.03308117861453027,0.35121686426492493,0.35172617690269364,,-0.020254987095982727,0.32058916998306347,0.3549263209447474,-0.25622059398068614,0.28340913295981307,0.09065338981702556,0.2704302474903765,0.26982136623112063,,,,,,0.09065338981702556,0.09065338981702556,-0.07879585101589405,-0.12328654781883423,,,,,0.2656043942991423,0.15450847395737496,,,,,,-0.21322980650286344,,0.12160201652870717,0.05072656975926927,0.23795222731903365,,,,,,,,,0.05072656975926928,,,,,0.24390952680338648,,,0.1648915112866138,,,,,,,-0.07211960632591098,-0.07211960632591098,,,-0.1584400203702581,,,,,,,,,,,,0.009067304167575908,-0.01427257690323526,,,,,,,,,,,,,,,,
Viscosity (mPa.s),-0.1668259530747282,0.22444516127505051,-0.09999581407378783,0.257271256418626,1.0,0.6763960793487617,0.16814542068233504,0.16814542068233504,0.2071661863108215,-0.11112234730780166,-0.26728185915238467,0.14805567612656237,0.22444497188887919,0.22477524443160185,0.22443011189601741,0.2234503275859129,,0.06374828878297846,-0.05321951592417792,0.020979117579310567,0.08171375554009225,-0.24732374964269746,-0.21716042881373251,-0.17760532677916413,-0.03751313363195367,-0.09090968720259669,0.2259108033619514,-0.20430868087767046,0.2124030059936568,-0.1949503335132983,-0.08550865255700964,-0.2037575377513227,0.17751993302343547,-0.08253051725629099,0.21457911703700544,0.22438656374718405,0.22163462867851216,0.22248040923663095,0.22499680799234337,0.2227159884937583,0.2237469538678186,0.21831656238517053,0.2193456844814041,0.2153683316125094,0.21733554772808866,0.21274744863434034,0.21441356435471798,-0.1433277450938534,0.20762827033352307,0.22060877719634323,0.22165570663017034,0.21825211040879874,0.22405240959689066,0.21737681184981877,0.2139787316511915,0.06814388020459526,0.19482446291987446,,0.010101545423395397,0.057860133999516755,0.02228781928075525,,0.026424425704732576,0.016279173742924966,-0.002601593193162669,0.04766508546864366,0.2534043221488538,0.2229293028221122,-0.02330454713466341,,0.09571332535505261,-0.000783914018956419,0.21450734438952934,0.22205295550253507,0.038105747577086534,,,0.0428846091299143,,,0.01452545627014934,0.22687300802280888,0.2146606554863553,0.011567347562669583,0.013291704421281553,0.038105747577086534,,,,0.22212517231599907,0.23399767299398316,0.24890768480406134,,-0.09069180905962759,0.004883958190719236,0.050425098426740214,-0.10024269230662655,0.01156734756266958,0.13638182553767994,-0.017746587088414294,0.1499354817568721,0.21323714282642095,0.0628427325165339,-0.07059888532053527,0.22547390337747358,-0.09616617723889825,-0.1792888610685406,-0.06620021692773771,-0.2137214679853474,-0.17701623269527691,0.013066421804786834,0.17967746676237475,0.2236786561410713,0.22239867211317504,0.2243405632123149,0.007369766970117803,0.15685799320322863,0.15554214227038002,0.08483738000167845,,,,0.221780018269133,0.02260167097785156,0.222996179280061,0.22870191413536628,0.22554850260917542,0.15685799320322863,0.21862735387571766,-0.007134309079088445,0.15685799320322863,0.1547372884030737,,0.09302325020591791,0.213732815351983,0.15554214227038002,-0.21584635082775122,0.22173307202902515,0.056213120688105196,0.22495807441906862,0.22400972012125636,,,,,,0.056213120688105196,0.056213120688105196,-0.07429577590389086,-0.10517964072563676,,,,,0.09571332535505253,-0.09769054330241211,,,,,,-0.19064777965192423,,0.06275937258720275,0.011567347562669613,0.08483738000167845,,,,,,,,,0.011567347562669614,,,,,0.21989767535136026,,,0.028763150998442028,,,,,,,0.03834959742451174,0.03834959742451174,,,-0.08822943528088645,,,,,,,,,,,,-0.030615621092584044,-0.043542066828576004,,,,,,,,,,,,,,,,
Concentration (% w/v),-0.015356288560392603,2.820647228092071e-16,-2.2744040323588996e-16,6.667078972332554e-16,0.6763960793487617,1.0,-6.350750207913698e-15,-6.350750207913698e-15,6.365310811954335e-17,-7.530668730420435e-16,-4.27259251959395e-16,6.614708009504319e-16,1.501443239134247e-16,-2.1747158105546364e-16,5.765933063343257e-17,-4.975858872836055e-16,,8.010588211727689e-16,-5.5257419307729056e-15,4.2008403036248235e-15,-2.0917793018985415e-16,2.4278500823678766e-16,1.516637977529303e-15,-2.1636901617660037e-16,5.018696874209465e-16,1.3207275304793694e-14,-7.228635644667026e-15,8.963222057060511e-15,-3.4927924655506155e-16,1.738804023969943e-15,-6.2266373366431336e-15,2.765884751004309e-16,3.8354588986287407e-16,2.532652619902335e-16,1.0286855633033902e-16,6.817287137018108e-16,1.7396242904098155e-16,2.278690445360215e-16,9.788064622496924e-17,-1.1322793342124382e-16,1.3780386933085353e-16,3.0326320055250796e-17,6.67991651377792e-17,2.0612844638862585e-16,1.3857777284791525e-16,-2.6144282938731214e-16,1.2494701489753447e-16,3.134516039832881e-16,4.097664266799523e-17,7.325904481717196e-17,2.679300353439301e-16,-4.911844183650557e-16,-2.458865466541326e-16,4.017539294224413e-16,3.2439482197164635e-17,-1.0483233772014695e-16,-1.816208266220527e-17,,-4.148911804570386e-18,-4.2552123788273475e-17,-4.9637572077720937e-17,,3.2318216307340797e-17,1.9219161627195254e-17,-1.4334193739461287e-17,-3.906526151623338e-17,1.4824423990418857e-16,-2.0018067169915633e-16,-7.606177649227267e-17,,6.82188532023857e-18,1.0712882957957581e-17,1.615973076828996e-16,3.315498531323679e-16,1.5990909355428766e-17,,,2.3849353721417216e-17,,,2.918802134394971e-17,1.1790824039590052e-16,-7.337441854879297e-17,7.29987873200055e-18,-8.527188396146878e-18,1.5990909355428766e-17,,,,3.123607537364724e-16,3.33211846038102e-16,6.996363980623225e-17,,-3.6377135225553984e-16,7.269803888895128e-17,2.0504269516991353e-17,4.15093216395197e-17,-2.639800720698821e-18,4.251836801236842e-18,-9.721614587400442e-17,6.910017300879838e-16,3.9902731088437657e-17,2.7999503882583824e-17,7.590336922733189e-17,-1.9880129833235866e-16,-4.340843664101329e-17,3.518602849613715e-17,-4.838592278427668e-18,-8.038191543175338e-17,3.767833125852222e-17,4.448899214474653e-17,2.673878415003418e-15,3.164142154542251e-16,2.0127353550959322e-16,-3.5361775068734533e-16,-8.195411092381476e-17,1.4595879060876786e-16,1.17087425332139e-17,-6.358937780988675e-17,,,,1.186075859428049e-16,-2.6453967229789204e-17,2.4167658511356435e-16,8.914536588057074e-17,-4.495747590301684e-16,1.4595879060876786e-16,-3.8345199259836616e-16,1.8784561567910796e-17,1.4595879060876786e-16,1.9642121445929768e-18,,7.031412489292657e-18,-1.8663086737567535e-16,1.17087425332139e-17,4.529206966799361e-16,-2.0133228132966563e-16,1.7186318326996422e-17,-2.0290229922189845e-16,-3.4631176341105726e-16,,,,,,1.7186318326996422e-17,1.7186318326996422e-17,3.179268021427828e-16,-4.315394253309151e-16,,,,,-5.882901759863625e-17,-4.364904592915219e-17,,,,,,-1.0540299370446072e-16,,-6.8619987723332e-17,4.076315859499337e-17,-6.358937780988675e-17,,,,,,,,,4.38654874792141e-17,,,,,1.1144026185597412e-16,,,1.588288132571319e-17,,,,,,,-1.6888590104539205e-16,-1.6888590104539205e-16,,,3.2016891523858e-17,,,,,,,,,,,,-5.123756638411284e-17,-4.1091197677678716e-18,,,,,,,,,,,,,,,,
rdkit_MaxAbsEStateIndex,-0.24077348145281005,0.6754144119201114,0.08033198096435548,0.2084057235084639,0.16814542068233504,-6.350750207913698e-15,1.0,1.0,0.06433842047293786,-0.4956251166619814,-0.6395052503246211,0.28455161108783256,0.6754136434944792,0.6758773170081225,0.6754182185331652,0.6690967332829962,,0.36646249647742646,-0.06646343628841861,0.07587997372050534,0.40876157481445086,-0.2198708377384144,-0.14193557861526887,-0.05033537665043142,0.027246473581904643,-0.5195908225312059,0.6193043846042259,-0.5475190637851086,0.6164663252652544,-0.5310719031503647,0.37753793855507284,-0.5226515805375118,0.4297600181936706,-0.2824820153792161,0.6706740775065557,0.6784593052729383,0.6814097884055278,0.6921706266669434,0.6747985020727895,0.6762070520892579,0.6888695223759861,0.6753918254455094,0.6932456343762012,0.670669365889949,0.6909176927692032,0.6726023143473671,0.6940155121885253,-0.5126785373872446,0.236983817115754,0.6783977912592764,0.6829123959344119,0.696426466946721,0.6839292472304387,0.5976249671829956,0.6007190599011989,0.4778037294042039,0.4620755388680648,,0.21166204728756677,0.3813733390174218,0.07388506169808612,,-0.016686954620853418,0.3199253757249544,0.29587604364085174,0.23132819151297546,0.5640315213425917,0.6354052444439408,0.28028991912853435,,0.2626158227925005,0.3062279176455947,0.6717328600849518,0.5245377098899042,0.28488282851198243,,,0.22677090329691357,,,0.03356175571279862,0.6355232368420263,0.6891962692678433,0.3113735429007918,0.32443603820842803,0.28488282851198243,,,,0.6396747469717845,0.6371711778666495,0.6994133840634168,,0.2848919760203029,0.2865983161170799,0.39484361168902227,-0.04625450641331337,0.3113735429007918,0.10705207559373654,0.314094000824651,0.3820184444329841,0.6247177120678773,-0.006742406991626873,0.28827160532734986,0.6027321511374014,-0.11792682096279744,-0.4563098390358823,-0.2433647515093071,-0.6097758481506854,-0.35793766155182344,-0.15842632758313627,-0.06297208717539078,0.6751894062395576,0.5983855559688774,0.6466672319114448,0.27758859222961446,0.4549882208430214,0.48767455145353783,0.24622018712339672,,,,0.65567367028202,0.13314180306940876,0.638602920449057,0.6076479826484553,0.6552864617394175,0.4549882208430214,0.6572247036599048,0.24435215975713168,0.4549882208430214,0.4772443094124095,,-0.21842047245257415,0.6781419854401819,0.48767455145353783,-0.5502425988598557,0.6845915963724797,0.06812549187939987,0.5883034393391028,0.5843855367410776,,,,,,0.06812549187939987,0.06812549187939987,0.2612318834532298,0.26931808354978487,,,,,0.2626158227925003,-0.025501919049570995,,,,,,0.00889881726891428,,-0.00854841888634448,0.3113735429007919,0.24622018712339672,,,,,,,,,0.31137354290079167,,,,,0.5970587776332306,,,-0.016240129475075946,,,,,,,0.3250608211041028,0.3250608211041028,,,-0.16174170794153384,,,,,,,,,,,,0.1432625032357336,0.028832095126954272,,,,,,,,,,,,,,,,
rdkit_MaxEStateIndex,-0.24077348145281005,0.6754144119201114,0.08033198096435548,0.2084057235084639,0.16814542068233504,-6.350750207913698e-15,1.0,1.0,0.06433842047293786,-0.4956251166619814,-0.6395052503246211,0.28455161108783256,0.6754136434944792,0.6758773170081225,0.6754182185331652,0.6690967332829962,,0.36646249647742646,-0.06646343628841861,0.07587997372050534,0.40876157481445086,-0.2198708377384144,-0.14193557861526887,-0.05033537665043142,0.027246473581904643,-0.5195908225312059,0.6193043846042259,-0.5475190637851086,0.6164663252652544,-0.5310719031503647,0.37753793855507284,-0.5226515805375118,0.4297600181936706,-0.2824820153792161,0.6706740775065557,0.6784593052729383,0.6814097884055278,0.6921706266669434,0.6747985020727895,0.6762070520892579,0.6888695223759861,0.6753918254455094,0.6932456343762012,0.670669365889949,0.6909176927692032,0.6726023143473671,0.6940155121885253,-0.5126785373872446,0.236983817115754,0.6783977912592764,0.6829123959344119,0.696426466946721,0.6839292472304387,0.5976249671829956,0.6007190599011989,0.4778037294042039,0.4620755388680648,,0.21166204728756677,0.3813733390174218,0.07388506169808612,,-0.016686954620853418,0.3199253757249544,0.29587604364085174,0.23132819151297546,0.5640315213425917,0.6354052444439408,0.28028991912853435,,0.2626158227925005,0.3062279176455947,0.6717328600849518,0.5245377098899042,0.28488282851198243,,,0.22677090329691357,,,0.03356175571279862,0.6355232368420263,0.6891962692678433,0.3113735429007918,0.32443603820842803,0.28488282851198243,,,,0.6396747469717845,0.6371711778666495,0.6994133840634168,,0.2848919760203029,0.2865983161170799,0.39484361168902227,-0.04625450641331337,0.3113735429007918,0.10705207559373654,0.314094000824651,0.3820184444329841,0.6247177120678773,-0.006742406991626873,0.28827160532734986,0.6027321511374014,-0.11792682096279744,-0.4563098390358823,-0.2433647515093071,-0.6097758481506854,-0.35793766155182344,-0.15842632758313627,-0.06297208717539078,0.6751894062395576,0.5983855559688774,0.6466672319114448,0.27758859222961446,0.4549882208430214,0.48767455145353783,0.24622018712339672,,,,0.65567367028202,0.13314180306940876,0.638602920449057,0.6076479826484553,0.6552864617394175,0.4549882208430214,0.6572247036599048,0.24435215975713168,0.4549882208430214,0.4772443094124095,,-0.21842047245257415,0.6781419854401819,0.48767455145353783,-0.5502425988598557,0.6845915963724797,0.06812549187939987,0.5883034393391028,0.5843855367410776,,,,,,0.06812549187939987,0.06812549187939987,0.2612318834532298,0.26931808354978487,,,,,0.2626158227925003,-0.025501919049570995,,,,,,0.00889881726891428,,-0.00854841888634448,0.3113735429007919,0.24622018712339672,,,,,,,,,0.31137354290079167,,,,,0.5970587776332306,,,-0.016240129475075946,,,,,,,0.3250608211041028,0.3250608211041028,,,-0.16174170794153384,,,,,,,,,,,,0.1432625032357336,0.028832095126954272,,,,,,,,,,,,,,,,
rdkit_MinAbsEStateIndex,-0.07458194664938128,0.31383887943368055,0.14741061857318347,0.25087480022728387,0.2071661863108215,6.365310811954335e-17,0.06433842047293786,0.06433842047293786,1.0,-0.1466965747689362,-0.31770398329140803,0.37828149598905575,0.31383676230484964,0.31447345679384714,0.3139093658569493,0.31787508933503533,,0.04633535450838879,0.04559285029209728,-0.04923003669508846,0.05640145101953147,-0.576044188648962,-0.5740296537153647,-0.5481801208149107,-0.12776853664691365,-0.1305264071279675,0.372194569541638,-0.2928963248408634,0.29954739478966097,-0.3355358125307558,-0.30641110273039546,-0.3094015164250996,0.07714148492157556,-0.11664310314275035,0.2964954730791181,0.315648468120643,0.3046357440126018,0.29667299427312266,0.3192534276286684,0.3119048083858363,0.3046647563712092,0.3034132908692545,0.2932930680032677,0.30310240485768447,0.2893229099619038,0.295431729342945,0.281324353950629,-0.15247887739462618,0.18125567039575993,0.29756800951183915,0.2821057084805473,0.23581440653210917,0.30656499167600126,0.3428037486918583,0.3767284184358462,-0.06366069606565407,0.3392186781204456,,-0.11026260132109814,0.19591181478188613,-0.016188909240100594,,-0.13292609668271604,-0.12849995030654374,-0.16648241566901872,-0.07642688910992344,0.31865516833812263,0.3502124156504975,-0.36855747424363205,,-0.11038161676203447,-0.13029316457973775,0.2826678355148981,0.41808512013360044,-0.1743396935166038,,,-0.16023651617330412,,,-0.15161204030811823,0.35250001255710184,0.29246632485012874,-0.11421205598754552,-0.1619567181502326,-0.1743396935166038,,,,0.34078213045540406,0.3766815411329405,0.3143789680440792,,-0.5380961124512762,-0.13249645652728068,-0.12854190167328555,-0.2711155003563958,-0.11421205598754564,0.10406663250911068,-0.16167540082652032,0.3701849493507253,0.34351856943074816,-0.09385680416911181,-0.39642155627648734,0.37799226982001805,-0.09263517021960863,-0.35424059029424715,0.1598376307938513,-0.34642036831783235,-0.4176457479331063,0.06374313509984034,0.5029942196378004,0.315078154176977,0.36080338179966287,0.34383572970903753,-0.04439799006477377,0.36029145366240584,0.3485317893349784,-0.05583722739198968,,,,0.28820744414098654,0.19158739652316453,0.35027901545577583,0.3827811481707782,0.33587945374177514,0.36029145366240584,0.23606306324960613,0.018350719605391943,0.36029145366240584,0.3591435142125938,,0.07427396976316954,0.2550436526663449,0.3485317893349784,-0.38663272813052163,0.2955513139372325,-0.010806188702231975,0.3877017202771886,0.3900655658255655,,,,,,-0.010806188702231975,-0.010806188702231975,-0.44326867621654303,-0.4966172023875879,,,,,-0.11038161676203444,-0.1335995978273438,,,,,,-0.7740038667087573,,-0.09288816025382231,-0.11421205598754562,-0.05583722739198968,,,,,,,,,-0.11421205598754569,,,,,0.3620239518556362,,,-0.13090110883832912,,,,,,,0.31307354535508464,0.31307354535508464,,,0.013582149539212449,,,,,,,,,,,,-0.07376209537408288,-0.012353528784968959,,,,,,,,,,,,,,,,
rdkit_MinEStateIndex,0.1849689395892853,-0.42767176730957196,-0.018500219575991357,-0.13733004710742694,-0.11112234730780166,-7.530668730420435e-16,-0.4956251166619814,-0.4956251166619814,-0.1466965747689362,1.0,0.40830548372466063,-0.2145482074163926,-0.42766877600940156,-0.4321410601340825,-0.42771147296038386,-0.41183862309672786,,-0.7850485947102701,0.0653695814307007,-0.5017250112569072,-0.7220995686571564,0.20247891349774363,0.17487420052306957,0.13257479232544178,-0.45366760326737127,0.13440943718271983,-0.42538321981105126,0.275426068282549,-0.5344626911840463,0.302693993878624,-0.5484926387698402,0.3183881502484947,-0.12129575398531203,0.16362198777552817,-0.4269717774845477,-0.4182615173262132,-0.40208266061828524,-0.4261972503680328,-0.4130453380053121,-0.3934311788095064,-0.43531144217855444,-0.3836455459556232,-0.43286361234905496,-0.37457455182993776,-0.4182012091116282,-0.3648787456006716,-0.41231746399707314,0.09780506543204447,-0.2117899909152139,-0.4221526762868239,-0.4058359536988938,-0.4419027563203995,-0.42165783576157395,-0.38603829913840715,-0.3818656041041371,-0.10844621212960229,-0.3964058637847842,,-0.38735753343202783,-0.22619339850767328,-0.4841854062848842,,0.04006906502584564,0.04201521175089266,0.06547103790948477,0.15390803998000788,-0.29642506983592803,-0.44455962276556354,-0.32122903285256543,,0.028176823509528857,0.052743310265837,-0.3479204440937064,-0.3914086680942615,0.018053977181610035,,,0.05641569237292769,,,-0.23501149524690326,-0.42319586745429044,-0.4863804019529689,0.044398844602294464,0.0791621126908471,0.018053977181610035,,,,-0.44336244775988065,-0.41530131960285416,-0.42966861801216594,,-0.16481327159347897,0.07746372557338757,0.05908351337112553,0.17854209835070392,0.04439884460229449,0.010794202002895346,-0.08989643036838374,-0.3448371738358946,-0.5078577045231005,0.015034128199646848,-0.20567518998232326,-0.38424093435105333,0.05170267809385141,0.4034439053509654,-0.03785798452149131,0.40036468807026304,0.39941803838866596,0.8115653599800906,-0.11329973129203783,-0.4150143286303821,-0.407560542037393,-0.45113546557765566,0.052846082223383745,-0.28248225642241487,-0.27069254241997887,0.04099893689042581,,,,-0.3807599196282599,-0.027038765527167004,-0.42619708606351536,-0.4138345152158798,-0.4741669492370738,-0.28248225642241487,-0.42712749587867194,0.06265505209763654,-0.28248225642241487,-0.27332483830616205,,0.09252447336977307,-0.4076285389395861,-0.27069254241997887,0.4059714533650566,-0.40004422220238434,-0.07579858703264557,-0.37133815337329734,-0.37154617851428623,,,,,,-0.07579858703264557,-0.07579858703264557,0.06893823101874128,0.10653424823793203,,,,,0.028176823509528885,0.06858772526917499,,,,,,0.0958941939355349,,0.017905696929909554,0.04439884460229445,0.04099893689042581,,,,,,,,,0.04439884460229452,,,,,-0.3954090158007916,,,0.03883393404824496,,,,,,,0.023037118631496212,0.023037118631496212,,,0.1522291459217775,,,,,,,,,,,,-0.7918247134792827,-0.7318683156444912,,,,,,,,,,,,,,,,
rdkit_qed,0.3545882097777055,-0.819757126030465,0.02158393982410962,-0.37955808014398834,-0.26728185915238467,-4.27259251959395e-16,-0.6395052503246211,-0.6395052503246211,-0.31770398329140803,0.40830548372466063,1.0,-0.5563041582302369,-0.8197561545117552,-0.8189544238266319,-0.8198373420690178,-0.8241602193532597,,-0.22620039904826514,-0.01964295371888239,0.02404154237596819,-0.25942396280553,0.7526579952126914,0.6675396440887059,0.5370930220750939,0.10947037415043846,0.5334596294858697,-0.7834715121944578,0.7239019333775059,-0.7514801404570894,0.7227943133079056,0.0948548346310671,0.7083448332105184,-0.6072506368963999,0.5466059313122934,-0.776106380349628,-0.8252541623113697,-0.8190833771649133,-0.8120286641140132,-0.8232032367580923,-0.8203315611295803,-0.8141199299991789,-0.8104986456924058,-0.8019131871218813,-0.7995683610510389,-0.785957357899394,-0.7892723603468365,-0.7747688892172151,0.6561066790660026,-0.29195233928336417,-0.825451628535876,-0.8416981457199224,-0.834794094475636,-0.8176665098665813,-0.8216036622059957,-0.8084525646276743,-0.5997034518993691,-0.4998470625345845,,0.09413475234267968,-0.011070985656857437,0.021780401211642028,,0.1628529772373474,-0.21096579962401785,-0.16692695520318931,0.042730741400102086,-0.7997983313920478,-0.8219975597399922,0.21684961490475857,,-0.14776381801140026,-0.1740039794724521,-0.8358307096421974,-0.6803623820162423,-0.2904400202063946,,,-0.09261677038148407,,,0.17664500778695022,-0.8194526638814036,-0.7632997307491834,-0.1867447647283666,-0.15296605270206476,-0.2904400202063946,,,,-0.8341891085270404,-0.8190115038958065,-0.8592724222080546,,0.0848003165660573,-0.13325418367511044,-0.19119350254441908,0.14794113549388,-0.18674476472836637,-0.03949466495426507,-0.16333145210592406,-0.5604216734428819,-0.7341628174243929,0.14014069118555586,0.09566772014618186,-0.8270482244479913,0.14336775147045144,0.48662012394162885,0.154891412344886,0.8324630263198624,0.5197968492585642,0.005212289296699869,-0.36383676262629505,-0.8230292354836697,-0.8453779529165715,-0.8226384476535431,-0.2334819430816612,-0.5785394019676272,-0.6030782573717973,-0.051117474788357646,,,,-0.8373554274935782,-0.15482381894444083,-0.8198578510579176,-0.8501602163318422,-0.8153122274177804,-0.5785394019676272,-0.7564469250621857,-0.18285987049775584,-0.5785394019676272,-0.5931366726807873,,0.04503237106620797,-0.8345561889873164,-0.6030782573717973,0.8035641688895954,-0.8196894079905054,0.01745051808593392,-0.8401027526639995,-0.8377820918839517,,,,,,0.01745051808593392,0.01745051808593392,0.13127584501298487,0.14168644234354047,,,,,-0.1477638180114001,0.09210552828386795,,,,,,0.18516800871147085,,0.13931620170425937,-0.18674476472836657,-0.051117474788357646,,,,,,,,,-0.18674476472836657,,,,,-0.7591327506287844,,,0.16195117425155695,,,,,,,0.016073735236362578,0.016073735236362578,,,0.2646500331267921,,,,,,,,,,,,0.06397665442411471,0.012354797761410841,,,,,,,,,,,,,,,,
rdkit_SPS,-0.2423391002470564,0.547977059144443,-0.009001398199317678,0.1592369925229992,0.14805567612656237,6.614708009504319e-16,0.28455161108783256,0.28455161108783256,0.37828149598905575,-0.2145482074163926,-0.5563041582302369,1.0,0.5479763955194733,0.5482178997538496,0.5479288324642575,0.5453598335188535,,0.13124002964251752,0.17712288514699148,-0.18542395217522642,0.16156021015159738,-0.6743223567843385,-0.5047873960776641,-0.31415257964976867,0.008266232768445226,-0.542776041019932,0.8856179120568803,-0.8880082345276901,0.8431207144681978,-0.8637411800439309,-0.3768176384221257,-0.9181479051196768,0.5484425068514232,-0.7084258105669335,0.503264863204005,0.5356786612176897,0.5431735173001198,0.5464200347657955,0.5470810149188057,0.5548509947408602,0.5588156150696754,0.558680528252262,0.5625703338207378,0.5678921221545828,0.5732081154050077,0.5774168709873825,0.5826009181702881,-0.13507355389562276,0.15662741220395607,0.5182276173447453,0.4862254960330198,0.3942448523062899,0.5479700902901153,0.5400622746263706,0.5398055221716108,0.4932380369643536,0.29534266323712866,,0.0022188839206779072,-0.2670153276950786,-0.20573025193229333,,0.0839765279895905,0.14289081175729867,0.11974167495763438,-0.06648892856802574,0.48960787443090803,0.53867127120518,-0.22705673674305502,,-0.1256462035828537,0.11713606331624613,0.6023340198261506,0.4317105435250726,0.15181817217085863,,,-0.17355260589639868,,,0.06860419039937693,0.5448024428686561,0.5310661350580714,0.13461904072495567,0.07611797747132869,0.15181817217085863,,,,0.5188438156850294,0.554325096690261,0.5826938475747426,,-0.09324198316557496,0.0941654797954617,0.03556380046200256,0.03688001353881763,0.13461904072495565,-0.14318967640071964,0.15940634911004747,0.3372408197224479,0.5802549460728721,0.1361985115912678,-0.5620145909235534,0.5290284540311335,-0.16616922162190131,-0.28059916799379075,0.1264245383978654,-0.5644538153176974,-0.29401848773053857,0.06619995303329265,0.7519226636534343,0.5456384935381718,0.5279741518242913,0.5347147695703992,0.18750298792764605,0.5301396844812671,0.548857795038095,-0.17962025888323443,,,,0.5986151739309492,0.17185397639242259,0.5406040643970995,0.5223107615469671,0.5391620409965088,0.5301396844812671,0.2999495952702841,0.18316536818076526,0.5301396844812671,0.5451881189557687,,0.057385383166023256,0.44002884601930936,0.548857795038095,-0.49542015500279507,0.5405195705042676,-0.20620525830835107,0.536202411447019,0.5318870070538374,,,,,,-0.20620525830835107,-0.20620525830835107,-0.6047972734402639,-0.6051841998827401,,,,,-0.12564620358285367,-0.1324173853461611,,,,,,-0.5226920068308489,,0.1359774654128803,0.1346190407249556,-0.17962025888323443,,,,,,,,,0.13461904072495573,,,,,0.6093773228599864,,,0.08748087039472865,,,,,,,-0.20464276252503968,-0.20464276252503968,,,0.1363445255300551,,,,,,,,,,,,-0.03221369559155684,-0.05609435218076742,,,,,,,,,,,,,,,,
rdkit_MolWt,-0.3144345295189111,0.9999999999532571,-0.01855244264837779,0.2825579498813108,0.22444497188887919,1.501443239134247e-16,0.6754136434944792,0.6754136434944792,0.31383676230484964,-0.42766877600940156,-0.8197561545117552,0.5479763955194733,1.0,0.9999509554293384,0.9999998632059774,0.9994810807400077,,0.17186838915225325,0.06614779923718712,-0.08768445083704278,0.2067456954295924,-0.7166975828363357,-0.6800469744628939,-0.601160038592152,-0.028000794366135322,-0.4254721221844565,0.7616716642829289,-0.6038950198800784,0.7224085328266079,-0.5692182718418881,-0.12817960594867692,-0.6380514435982096,0.28284243320444924,-0.5694714598768146,0.9918287227672881,0.9993239632934559,0.9977469995943951,0.9974366918475942,0.9994350791359058,0.9968926309938172,0.9968219617843902,0.9908817457480837,0.9897633823477563,0.9855629369450056,0.9826134739798145,0.9753100910549426,0.9716797120441572,-0.6700289136681601,0.5208990589275393,0.9983233199043275,0.9904128468512262,0.963105757704392,0.9993894971692513,0.9837830814886043,0.9779529534842176,0.42169650174572904,0.8237627498689081,,-0.03195754694376452,-0.08859688699979315,-0.09039286733010539,,-0.0072267604617721,0.22376635206473092,0.19902872119871196,0.03357983426070408,0.9566748921447527,0.9891706901390241,-0.13549073587870164,,0.04550661177887676,0.2053905756458905,0.9794979951344622,0.931867654726848,0.22317523129080247,,,0.017191428235324078,,,-0.026493694106711655,0.9901847320124079,0.9776688866265096,0.21345225496398756,0.18806065374524084,0.22317523129080247,,,,0.9868701666481398,0.992375784453372,0.9785816494233321,,-0.017582673866063117,0.18826758247064004,0.19068014899163663,-0.03746568139903078,0.21345225496398748,-0.02010944571159063,0.17831979604101686,0.8511789276885511,0.9717390983264858,0.011259641144003445,-0.21649959704942034,0.9854020031390108,-0.11502391158214484,-0.8195916501771129,-0.04908928118760709,-0.9610312222369193,-0.7635706996418978,0.036253494799892524,0.34666116371117844,0.999603041345534,0.9789209645207143,0.9900697009696813,0.21063903032883713,0.7596043456427302,0.7781577639618389,-0.0005399917737019134,,,,0.9890714725185769,0.21691017142176233,0.9899584395232585,0.9818398615700733,0.9906510996988437,0.7596043456427302,0.9334608994041451,0.1822961574769652,0.7596043456427302,0.772575872227531,,-0.0723744754635813,0.9772702852689793,0.7781577639618389,-0.9330311264312282,0.9972533151354558,-0.07081993631491834,0.9783068516833738,0.9758758112359719,,,,,,-0.07081993631491834,-0.07081993631491834,-0.22996270174292757,-0.23297839362911182,,,,,0.04550661177887672,-0.05355561669321728,,,,,,-0.22332037762354132,,0.011452926964250983,0.21345225496398754,-0.0005399917737019134,,,,,,,,,0.2134522549639875,,,,,0.977749038994626,,,-0.006095333605270158,,,,,,,-0.09365045830499778,-0.09365045830499778,,,-0.08716522796858424,,,,,,,,,,,,-0.056937642066787336,-0.05362301792050182,,,,,,,,,,,,,,,,
rdkit_HeavyAtomMolWt,-0.3157447491921144,0.9999509987115432,-0.018232177549287416,0.2827511547725578,0.22477524443160185,-2.1747158105546364e-16,0.6758773170081225,0.6758773170081225,0.31447345679384714,-0.4321410601340825,-0.8189544238266319,0.5482178997538496,0.9999509554293384,1.0,0.9999498919742552,0.9992201301403372,,0.17517261381836324,0.06476789567847714,-0.0851842801862874,0.2099972716754161,-0.7160665178247771,-0.6794862055390544,-0.6008424348947872,-0.02495810940388912,-0.41989137112738045,0.761617618131544,-0.6024416155629866,0.7213890485900364,-0.5695170955364047,-0.12520442237632146,-0.6387205131067466,0.28089746075872274,-0.5687533407408766,0.9915629858702231,0.9990918808796202,0.9970892212763567,0.9970257953280328,0.9992346970428179,0.9961513927302693,0.9963872867325407,0.9896788084236376,0.9889459964516072,0.9841529599073641,0.9816548813771462,0.9735749512430364,0.9704197106257109,-0.6683807382149196,0.5231513871591763,0.998164377807714,0.9903624512814382,0.9631113908758349,0.9991837720627214,0.9841312507416551,0.9786457491326165,0.42109809343378607,0.8256330353786255,,-0.028264411112905074,-0.08745812711205611,-0.08788496339021172,,-0.004728063564661224,0.21587185508495726,0.19103050237929273,0.02974800361783263,0.9554543514627456,0.9899469799926327,-0.13066244128732235,,0.04537554863659072,0.19758625019099096,0.9780200618780089,0.9329956409216482,0.2171533593045265,,,0.017118004292469048,,,-0.02280129022122766,0.9909529713515931,0.9792029494098704,0.2055862095610491,0.18015186240892045,0.2171533593045265,,,,0.987566349253905,0.9929362875285562,0.9792125732800635,,-0.018333377710238498,0.18052127880863628,0.1837180163152288,-0.04077601407651119,0.20558620956104912,-0.019653499590683708,0.17139265156986547,0.8526469662423938,0.973185141101174,0.013895308305803655,-0.2146463017862888,0.9856860048538384,-0.11255767938370706,-0.8216061423639294,-0.04893165506506744,-0.9623352237790056,-0.7677654967798166,0.0326012557655991,0.3460951434383804,0.9993680002230518,0.9792110457460472,0.9909178393535389,0.20303336296388477,0.7608227312161289,0.7782741735176645,-0.00038308095828127226,,,,0.9887952214491359,0.21773997472381743,0.9907053852568435,0.9821668244848056,0.9917492945852466,0.7608227312161289,0.9338402910625024,0.1748056408819694,0.7608227312161289,0.7729808958887682,,-0.07275632467361012,0.9772907803213915,0.7782741735176645,-0.9349625688017582,0.9965447932262471,-0.06936371011024775,0.9784627186002817,0.9761782718134412,,,,,,-0.06936371011024775,-0.06936371011024775,-0.22884236563315843,-0.2322635728557086,,,,,0.04537554863659074,-0.053454525609798645,,,,,,-0.22273608269487785,,0.014058253080404405,0.2055862095610491,-0.00038308095828127226,,,,,,,,,0.2055862095610493,,,,,0.9785923585042029,,,-0.0035815245658543113,,,,,,,-0.09331601170449987,-0.09331601170449987,,,-0.08776419489672223,,,,,,,,,,,,-0.05310799494272288,-0.05139021372336147,,,,,,,,,,,,,,,,
rdkit_ExactMolWt,-0.3145261605415079,0.9999998645964124,-0.018544102802616504,0.282472828736811,0.22443011189601741,5.765933063343257e-17,0.6754182185331652,0.6754182185331652,0.3139093658569493,-0.42771147296038386,-0.8198373420690178,0.5479288324642575,0.9999998632059774,0.9999498919742552,1.0,0.999490453275897,,0.171879965929829,0.06612588412992783,-0.08764917142780929,0.20675259762816123,-0.716737652424138,-0.6801021302118663,-0.601218417891853,-0.028354650582115067,-0.4254546988855542,0.7616150357963979,-0.6038587615597666,0.7223539993902716,-0.569189635298987,-0.12827719882182906,-0.6380180605444887,0.2827860754028213,-0.5694012046891858,0.991837544884014,0.9993350874886385,0.9977565099321436,0.9974357453316789,0.9994451210240285,0.9969010243552984,0.9968208290770671,0.9908868691579064,0.9897614288927743,0.9855653594151565,0.98260447686544,0.975309408122762,0.971668641775027,-0.6701534888934019,0.5209297567262409,0.998331347976237,0.9904243999995892,0.9631237891006901,0.9993912744215177,0.9838096638293502,0.9779764638750452,0.42173256099615447,0.8237580357177187,,-0.03192526786477714,-0.08855910232491142,-0.09035910656701554,,-0.007747818149949266,0.22374093336733333,0.19900605652956063,0.03358549445221547,0.9566356683012894,0.989204332852318,-0.13569079621126903,,0.04552287536252696,0.20534488519274557,0.9795038719749781,0.9318779397918356,0.22315987951209035,,,0.01713534071556531,,,-0.026974555605098535,0.9902088448474604,0.9776851835107103,0.21342619653050915,0.1880404511984322,0.22315987951209035,,,,0.9869078074800425,0.9923926553917171,0.978600919914359,,-0.017627353420655564,0.18824376230493473,0.1906642847590272,-0.0374533387732233,0.21342619653050907,-0.020101320698080145,0.17830907689008949,0.8510972080768241,0.9717498096673214,0.010765185091549941,-0.21645082017384845,0.985438425269418,-0.11516556456458832,-0.81959385237038,-0.04905138199662941,-0.9610669441393191,-0.7636091576939912,0.036218366470888864,0.3466309500654175,0.9996127261098267,0.9789601810113141,0.990101834042009,0.21061741325313307,0.7596077711262529,0.7781580579380746,-0.0005242314962399501,,,,0.9890784177407745,0.21691850374831062,0.9899881303800607,0.9818802023858656,0.9906656353713927,0.7596077711262529,0.9334850302189188,0.18227408105140078,0.7596077711262529,0.7725769019600301,,-0.07235769458516801,0.9772783238914575,0.7781580579380746,-0.933098224701522,0.9972513282780235,-0.07079908423244079,0.9783468954664112,0.9759162360816982,,,,,,-0.07079908423244079,-0.07079908423244079,-0.2299222956829801,-0.2329406374137109,,,,,0.045522875362526895,-0.05371309657673429,,,,,,-0.22329819258494735,,0.010958259329914469,0.21342619653050926,-0.0005242314962399501,,,,,,,,,0.21342619653050915,,,,,0.977753579445908,,,-0.006616533312096086,,,,,,,-0.09362446183302077,-0.09362446183302077,,,-0.08715476911780382,,,,,,,,,,,,-0.0568978004608802,-0.053594789653732613,,,,,,,,,,,,,,,,
rdkit_NumValenceElectrons,-0.31821444752711336,0.9994810737529081,-0.017451419446444797,0.2786104145592636,0.2234503275859129,-4.975858872836055e-16,0.6690967332829962,0.6690967332829962,0.31787508933503533,-0.41183862309672786,-0.8241602193532597,0.5453598335188535,0.9994810807400077,0.9992201301403372,0.999490453275897,1.0,,0.1629960990442787,0.06647780994600756,-0.0932311189404588,0.19867099894790707,-0.7208973144337156,-0.6847922100594833,-0.6059777354056805,-0.04771248315709146,-0.4296118906499052,0.7593396547177022,-0.6037588799168122,0.7192804027213474,-0.5677399324323702,-0.14028381109592886,-0.6363361802303092,0.2827243921307919,-0.5685081169972089,0.9917871480019886,0.9996408310075275,0.9983995667279045,0.9964824648102273,0.9997145987946311,0.9977620317384444,0.9958481564645348,0.9921203650813197,0.9886470214214393,0.9868656122330872,0.9810431269014485,0.9767484401436574,0.9701149870852742,-0.6861035028235788,0.519516327562293,0.9982971944378144,0.9905376430071355,0.9628435325348222,0.9987447202502645,0.9861948475464271,0.9797208537335109,0.4257578685537592,0.8216999944697699,,-0.05444790740228009,-0.09027671502146602,-0.0955770412100681,,-0.026927758140813465,0.23008633270584183,0.20572827645601746,0.037738956874399474,0.9586484694131716,0.9894768041562079,-0.1632592803235971,,0.046203201443916195,0.21104756324914306,0.9814765765050498,0.9317551371717357,0.22806111276955437,,,0.015714442936954422,,,-0.05208342554092237,0.9897475220797693,0.9749307376509306,0.21973767707057804,0.194786655203541,0.22806111276955437,,,,0.987556038441247,0.9925553514149977,0.9783782700316858,,-0.03328737295175093,0.19462023706985832,0.1965286024538534,-0.03287026345287283,0.21973767707057795,-0.020337167264472968,0.18125967057678177,0.8483594346332399,0.9676157532564661,-0.008089704818079805,-0.21783856726406173,0.9873075202857189,-0.12136872886386278,-0.8176820920701101,-0.0481771342115454,-0.9613816248917217,-0.7611147865453386,0.05443931367773569,0.3446088006341534,0.9998979117610365,0.981011868657782,0.9899291840917187,0.21692364294985408,0.7581514279508935,0.7776221455114571,-6.142716127018848e-05,,,,0.9899060989836835,0.21612752903546462,0.9900225758058697,0.9837725891709694,0.9888786910571632,0.7581514279508935,0.9338459253265092,0.1885257733488484,0.7581514279508935,0.7718032014596319,,-0.07036848509456264,0.9769693547960208,0.7776221455114571,-0.9344287957571614,0.9976010879838014,-0.07100979842834158,0.9807530992874391,0.9781955787063709,,,,,,-0.07100979842834158,-0.07100979842834158,-0.2280387721789153,-0.23073338058297507,,,,,0.046203201443916216,-0.05824372163316522,,,,,,-0.22187240655123824,,-0.007701649141575562,0.2197376770705779,-6.142716127018848e-05,,,,,,,,,0.21973767707057823,,,,,0.9772053655776965,,,-0.025829635748646423,,,,,,,-0.09197536344244489,-0.09197536344244489,,,-0.08550149907739112,,,,,,,,,,,,-0.07691576760442935,-0.06236983099032139,,,,,,,,,,,,,,,,
rdkit_NumRadicalElectrons,,,,,,,,,,,,,,,,,,,,,,,,,,,,,,,,,,,,,,,,,,,,,,,,,,,,,,,,,,,,,,,,,,,,,,,,,,,,,,,,,,,,,,,,,,,,,,,,,,,,,,,,,,,,,,,,,,,,,,,,,,,,,,,,,,,,,,,,,,,,,,,,,,,,,,,,,,,,,,,,,,,,,,,,,,,,,,,,,,,,,,,,,,,,,,,,,,,,,,,,,,,,,,,,,,,,,,,,,,,,,,,
rdkit_MaxPartialCharge,-0.23108898817246615,0.17186988478677653,0.016875203060427633,0.12644881885928094,0.06374828878297846,8.010588211727689e-16,0.36646249647742646,0.36646249647742646,0.04633535450838879,-0.7850485947102701,-0.22620039904826514,0.13124002964251752,0.17186838915225325,0.17517261381836324,0.171879965929829,0.1629960990442787,,1.0,-0.5161975296139428,0.8325762296354068,0.987378830821603,0.03402034471711071,0.09732646013957132,0.1549943152597877,0.40075549657073467,-0.16596505643517245,0.30409449798454946,-0.23528527349325493,0.4005924258968286,-0.2912015822223826,0.6229958270616568,-0.24422006794885706,0.16539197099363795,-0.10114350578812038,0.1707440628069826,0.16702920840269134,0.1544727611438318,0.16303166436299596,0.16018593186501842,0.1456358816207784,0.1702328233435256,0.14258578689635837,0.16578253481921845,0.13353319003309916,0.1460306358529019,0.13382423446785238,0.14800371597231105,-0.2668651549276858,0.0545592106711274,0.16892238160307024,0.1524423489460713,0.21291952616248092,0.16128670242510784,0.1479456006854855,0.11692179104759648,0.15697984128731476,0.16264980507446217,,0.8721305492633109,0.43473252456729344,0.83958959083084,,0.001555305106510524,-0.012886679961382937,-0.034294717549620456,0.16646851135196628,0.06289553100940379,0.1847606557757272,0.3252235378508164,,0.19293460774717625,-0.023392226725365072,0.12934922724200537,0.08707370846870287,-0.016427589782485243,,,0.13272664431858988,,,0.1979362557023936,0.1416414415944182,0.23570487770555543,-0.011645096431084663,0.006406875818693536,-0.016427589782485243,,,,0.1924296426634348,0.15263334987114668,0.21080800611576161,,-0.04386977774046348,-0.04068310791658721,0.09350242526271506,-0.11717718490385472,-0.011645096431084662,0.30834041945215335,0.12715038143078888,0.03541170408450774,0.1942964093868196,0.035165455342925374,0.49311490832515825,0.11783042262856226,-0.08577980245731213,-0.1634469220790296,-0.1396151652878261,-0.14704383177871505,-0.0943872905586602,-0.6595935680227084,-0.16795114962832255,0.16463363160674874,0.16106903172849232,0.19153341425621284,-0.04754798747553389,0.08934930386581709,0.08123155149473067,0.21999596615030914,,,,0.14389266629913042,-0.011427417898548113,0.14891527495586054,0.1543087097984722,0.20322344010741586,0.08934930386581709,0.16059526493947607,-0.05628953456815361,0.08934930386581709,0.08254632642642704,,-0.1049898192469311,0.15227031695878648,0.08123155149473067,-0.1389390992390814,0.1550349643726229,0.5321233454005582,0.09099045308591093,0.09051587945750794,,,,,,0.5321233454005582,0.5321233454005582,0.2535083963005191,0.08409343061314954,,,,,0.19293460774717627,-0.0940306007919622,,,,,,-0.05932165259460975,,0.03516545534292542,-0.011645096431084676,0.21999596615030914,,,,,,,,,-0.011645096431084665,,,,,0.1326355795129792,,,0.003640786333239989,,,,,,,0.09461716813895787,0.09461716813895787,,,-0.021296676587623856,,,,,,,,,,,,0.6817087788539653,0.6817087788539653,,,,,,,,,,,,,,,,
rdkit_MinPartialCharge,0.14004119760333567,0.06614882252343326,0.05739646345846329,-0.0962611620728333,-0.05321951592417792,-5.5257419307729056e-15,-0.06646343628841861,-0.06646343628841861,0.04559285029209728,0.0653695814307007,-0.01964295371888239,0.17712288514699148,0.06614779923718712,0.06476789567847714,0.06612588412992783,0.06647780994600756,,-0.5161975296139428,1.0,-0.8216561770512548,-0.599887458080081,-0.10509761039639136,-0.09019322018972503,-0.07200865845321561,0.0768013496890384,0.01823595011762507,0.03650174736126349,-0.06932526724826328,0.09217264903717094,-0.0043895343244905,-0.1784855516972908,-0.07349814494861746,0.03253232069537922,0.009655915596843813,0.05832397581400064,0.06428900816855018,0.06995342019232009,0.07166983971852721,0.07113753715985399,0.07984967343114674,0.08289885053976444,0.08081402336669452,0.08365409454794566,0.0857762280834511,0.08775286585929853,0.0872530691519037,0.0892918464461061,0.25907722314722287,0.029007983900501282,0.050319349562934566,0.051204381938913905,0.01571756480440811,0.06805486154081337,0.07235328755481618,0.11597321543018911,-0.03069250687218685,0.008348050141808585,,-0.6879328098408533,-0.15448426945878954,-0.7925240466309588,,0.03588152770512921,0.031253315943251515,0.038471607453192315,-0.20593457178713293,0.12369842097153161,0.049769554416744986,-0.27756293451353314,,-0.1624686341064767,0.03155524205381717,0.0848921024966064,0.12418370965189805,0.04009740482389001,,,-0.1347497915624498,,,0.05321561443517903,0.07427166836748901,0.03828726503014148,0.028195712647865266,-0.014086326535434535,0.04009740482389001,,,,0.030417594983890628,0.076607661208207,0.044953034181709345,,-0.04836658125931244,0.03417826818589627,-0.06674601501822591,0.0745420852529866,0.02819571264786525,-0.46567847731687473,0.05367839069331597,0.08596841248941461,0.10979867128610252,0.027903505281457523,-0.40260005280962397,0.06998165477939833,0.018244574057480763,0.02723672845190198,0.14072349740887152,-0.06186220784107237,-0.07459471187190013,-0.05137994016317722,0.41556409304481384,0.06509899728845875,0.037673392068142936,0.04683938391347257,0.04881460108980777,0.09032963016893852,0.09592781647573642,-0.19470187548678763,,,,0.0871562676807515,0.028196902142629435,0.07969834757903606,0.06478299532708702,0.04929632972422191,0.09032963016893852,0.023835349622241035,0.047427993263420225,0.09032963016893852,0.09463613590635145,,0.06733452832096275,0.031693050120336054,0.09592781647573642,-0.05192553041048707,0.07005837322942476,-0.9857446893095505,0.10340016664306417,0.10248250862821628,,,,,,-0.9857446893095505,-0.9857446893095505,-0.45777468120528153,-0.14239846981617232,,,,,-0.1624686341064766,0.028119615953941128,,,,,,-0.019578019811208543,,0.027903505281457512,0.028195712647865263,-0.19470187548678763,,,,,,,,,0.028195712647865245,,,,,0.10684004777488967,,,0.03551002546157703,,,,,,,-0.09993112198489229,-0.09993112198489229,,,0.04015071480323831,,,,,,,,,,,,0.06453614355830951,0.06453614355830951,,,,,,,,,,,,,,,,
rdkit_MaxAbsPartialCharge,-0.1523782312777775,-0.08768425386397376,-0.06566145922165582,0.0732655753717815,0.020979117579310567,4.2008403036248235e-15,0.07587997372050534,0.07587997372050534,-0.04923003669508846,-0.5017250112569072,0.02404154237596819,-0.18542395217522642,-0.08768445083704278,-0.0851842801862874,-0.08764917142780929,-0.0932311189404588,,0.8325762296354068,-0.8216561770512548,1.0,0.8333331753948352,0.1625785166046871,0.14401562970791168,0.12467852012907911,0.2752564691619006,-0.0009325687067125178,-0.04902707371975781,0.07917480840828382,0.03140969539138746,0.027172116398036156,0.5235787150523197,0.10097696577986881,-0.07008115678058423,0.04895124466344546,-0.07787373318810699,-0.09020868483773715,-0.100323015180805,-0.0951989135966212,-0.09923983925813151,-0.11161878130375054,-0.09493157347675114,-0.11150021899440354,-0.09562747324834854,-0.11858051554401444,-0.1111470271497028,-0.11808505338105081,-0.10926686935835987,-0.13851562119126884,-0.03638950450641029,-0.07776944603527212,-0.08708074073228017,-0.01831662256660741,-0.09615782365411597,-0.10284274053253295,-0.1475815738719592,-0.008323527354510165,-0.035415903089407036,,0.9729774461940844,0.3031715231019779,0.989640464111422,,-0.045110682999686784,-0.03919144098181073,-0.04924646372113797,0.14513771629476718,-0.16670334484047106,-0.06778000266856585,0.34373649666992356,,0.11390746055746737,-0.039570438528684096,-0.12582654089782083,-0.15068435591019091,-0.05029861421644478,,,0.08746425561569139,,,0.10505882137337562,-0.11066346947174435,-0.03967775704634108,-0.0353541943790866,-0.007329975699286299,-0.05029861421644478,,,,-0.05115255737296253,-0.10745075483312702,-0.07840088824060469,,0.030899871837179037,-0.04286378479581405,0.036607370866437894,-0.09808006556603695,-0.035354194379086594,0.388785816489931,0.04461231531681117,-0.1001137409221895,-0.08450446746540578,-0.035103246186039674,0.5356301600838003,-0.11858733761696565,-0.02290519913019664,0.004385092683771179,-0.09322443451585426,0.09530153891948737,0.08615295038972501,-0.5077491065386116,-0.3595679066344613,-0.09242075565849706,-0.06915975791654776,-0.06393578361180627,-0.05778495748787117,-0.11038064608895436,-0.11695570747092511,0.14445856749967348,,,,-0.12453707684992492,-0.03535521591925319,-0.10905834124939497,-0.09043691014613245,-0.057266434263987004,-0.11038064608895436,-0.050043649124994996,-0.05488019784852015,-0.11038064608895436,-0.11531339841846512,,-0.07925987335375788,-0.06871798491750773,-0.11695570747092511,0.09296739028705149,-0.09952630857865512,0.8238075079182837,-0.1514922556458897,-0.15037305648986854,,,,,,0.8238075079182837,0.8238075079182837,0.3773905223313043,0.11315052270181815,,,,,0.11390746055746714,-0.03528884240637007,,,,,,0.03717874212723908,,-0.03510324618603969,-0.03535419437908661,0.14445856749967348,,,,,,,,,-0.03535419437908661,,,,,-0.13851978523117148,,,-0.04464502643093456,,,,,,,0.05268451724803297,0.05268451724803297,,,-0.050344396919164765,,,,,,,,,,,,0.5156404108424666,0.5156404108424666,,,,,,,,,,,,,,,,
rdkit_MinAbsPartialCharge,-0.2500883957999597,0.20674698518172854,0.025353044513590495,0.1470650179832283,0.08171375554009225,-2.0917793018985415e-16,0.40876157481445086,0.40876157481445086,0.05640145101953147,-0.7220995686571564,-0.25942396280553,0.16156021015159738,0.2067456954295924,0.2099972716754161,0.20675259762816123,0.19867099894790707,,0.987378830821603,-0.599887458080081,0.8333331753948352,1.0,0.0112076528083938,0.08523492865678074,0.1520895745730816,0.32552377682685635,-0.19392802236531456,0.3518040914507246,-0.2744571772890242,0.4127258295283249,-0.3393407473722313,0.5667178555135587,-0.2914995688844245,0.20366420751663558,-0.13647259360339498,0.20429839126094956,0.20281508624167463,0.1905542476142298,0.19776752150977783,0.19624223163256807,0.18158526471207237,0.20218483708163307,0.1777651196625067,0.19715228605336516,0.1685596244366385,0.17928295558480373,0.168221660712662,0.18030902015746522,-0.3346740069126977,0.06635845420503629,0.20479608729178372,0.18933338859090745,0.24346018093786148,0.19732679153472515,0.1833206092744392,0.150870294358243,0.19129112898804415,0.19528739742189044,,0.844948948950637,0.42876297835539445,0.8357383095560009,,0.00718136301913286,-0.00994506103317066,-0.03277932283172244,0.20093683242439753,0.09428907033789559,0.21916446027273825,0.3291636490442987,,0.2286616904540159,-0.021822069840663233,0.16684445124300473,0.11550082247345639,-0.01263293895589908,,,0.16133343574673137,,,0.16751050082260904,0.1785051588938977,0.2700679597274356,-0.008994997672632033,0.014631559800740147,-0.01263293895589908,,,,0.22786470206216627,0.1890021493105909,0.25431590249346775,,-0.045755900083818545,-0.04105056475563003,0.11396069721006116,-0.12007424947167884,-0.00899499767263204,0.35414489298986707,0.10992958845125414,0.050145903375861334,0.21679036128772103,0.044128590143974335,0.48767769587377635,0.15588099409036235,-0.09460651759557626,-0.19601373791135293,-0.1689122914812153,-0.18285363111140363,-0.11548648749148989,-0.5394545362227279,-0.18958595386583418,0.20067098641974787,0.19673634546688198,0.2263475461718836,-0.04795034319663003,0.11382857800771973,0.10528564269708274,0.25828557794614776,,,,0.1821239971254849,-0.008747962245773013,0.1843860678276456,0.1883047914236517,0.2362877988859195,0.11382857800771973,0.1934586343298267,-0.05852018318998544,0.11382857800771973,0.10657578538437333,,-0.11102863243098038,0.18852952659544708,0.10528564269708274,-0.1760047276438057,0.19085626541706766,0.6125075559655143,0.12701449809292964,0.1263504697417118,,,,,,0.6125075559655143,0.6125075559655143,0.29366371974767946,0.09889811033118437,,,,,0.22866169045401583,-0.10249130160127837,,,,,,-0.07503791126266324,,0.044128590143974335,-0.008994997672632036,0.25828557794614776,,,,,,,,,-0.008994997672632036,,,,,0.16824174489516777,,,0.009492552072200296,,,,,,,0.11993233242650414,0.11993233242650414,,,-0.018158687973518522,,,,,,,,,,,,0.5572816221297145,0.5572816221297145,,,,,,,,,,,,,,,,
rdkit_FpDensityMorgan1,0.24694969576935344,-0.7166986988358681,0.02304237335197103,-0.3366228582902267,-0.24732374964269746,2.4278500823678766e-16,-0.2198708377384144,-0.2198708377384144,-0.576044188648962,0.20247891349774363,0.7526579952126914,-0.6743223567843385,-0.7166975828363357,-0.7160665178247771,-0.716737652424138,-0.7208973144337156,,0.03402034471711071,-0.10509761039639136,0.1625785166046871,0.0112076528083938,1.0,0.9652731648394224,0.8745753676011053,0.14753767025410341,0.391284304968435,-0.702633439498464,0.621926559662739,-0.638133854879575,0.6096046232558195,0.5093008365102607,0.6294859925614845,-0.4043798554148735,0.5873141883842066,-0.6700932221291261,-0.712797518655413,-0.7109551695857378,-0.7047375577088603,-0.717866730936114,-0.7182787514800641,-0.7108242037007996,-0.7124723895804859,-0.7027777773109365,-0.7106783475547338,-0.699144418669584,-0.7038732146314839,-0.6912885281780683,0.38169179324670993,-0.28891203224823053,-0.7090078335114897,-0.701066063706677,-0.6450946613803165,-0.7127948690758347,-0.7410787248230257,-0.7376324334061894,-0.40235013548895826,-0.4890520154517187,,0.1015034868849377,0.28494154643501884,0.17094858509446167,,0.08067850813885806,-0.08610340445265695,-0.06456831147571851,0.1778663575787788,-0.7099754318405699,-0.7333539685091738,0.38053009642340935,,0.13717306690758443,-0.0694621605766859,-0.7412258085307691,-0.6480994916440496,-0.06404273510812256,,,0.18202968762908678,,,0.12849850916898917,-0.7372357769887868,-0.6582828628017795,-0.08608950702213991,-0.033986170339401815,-0.06404273510812256,,,,-0.7299562698657672,-0.7424278270598276,-0.7098677134169346,,0.2435806419832505,-0.04398715523401598,-0.0041368979431834416,0.14488939423911804,-0.08608950702213988,0.039647960170059685,-0.0172024167389432,-0.6448347716661776,-0.7036380767170508,0.04037816319574452,0.549186685963546,-0.7520916249100532,0.14748761800219434,0.48094133093558233,-0.14306502640712576,0.7610794083417034,0.532716542118653,-0.10840691952035174,-0.6680141139636294,-0.7174656937244258,-0.76016479826944,-0.7257375157727655,-0.13381069877997903,-0.6552565958182918,-0.6644379243371031,0.15425399122881064,,,,-0.7433217980909915,-0.2736565551890164,-0.730356804931741,-0.7538452044835239,-0.7197412490487625,-0.6552565958182918,-0.5571427604405236,-0.1504734165763088,-0.6552565958182918,-0.665719478537333,,-0.08419997915806632,-0.68159865396626,-0.6644379243371031,0.7308930525007774,-0.7069177612830432,0.1180961702130664,-0.7665835321201826,-0.7658923628825481,,,,,,0.1180961702130664,0.1180961702130664,0.5570650159415338,0.584586076787605,,,,,0.13717306690758446,0.12801590039954272,,,,,,0.5036111045964364,,0.03964796017005972,-0.08608950702213998,0.15425399122881064,,,,,,,,,-0.08608950702213997,,,,,-0.7366030747456699,,,0.07841408174636635,,,,,,,0.21373976201347375,0.21373976201347375,,,0.16130691812000425,,,,,,,,,,,,0.150556448561675,0.12460819464376105,,,,,,,,,,,,,,,,
rdkit_FpDensityMorgan2,0.21303144482732064,-0.6800478549164013,0.03630151540924114,-0.31981579855143843,-0.21716042881373251,1.516637977529303e-15,-0.14193557861526887,-0.14193557861526887,-0.5740296537153647,0.17487420052306957,0.6675396440887059,-0.5047873960776641,-0.6800469744628939,-0.6794862055390544,-0.6801021302118663,-0.6847922100594833,,0.09732646013957132,-0.09019322018972503,0.14401562970791168,0.08523492865678074,0.9652731648394224,1.0,0.9697200584567873,0.1514101852695612,0.2714761764550994,-0.5398865839882648,0.43515727598080634,-0.47660616424950214,0.4297062899563202,0.4937930531977905,0.440337853002634,-0.241771119993848,0.496451884970902,-0.6418136594030259,-0.6769999068596341,-0.6735687571965969,-0.6667622339175411,-0.680552391179829,-0.6785057203717892,-0.6702574196287715,-0.6711771099844599,-0.6607968279267493,-0.6677554597488357,-0.6550748860366573,-0.6575976779843394,-0.6439336453911219,0.38062539159200676,-0.3106907448208674,-0.6780677062080551,-0.6733203048693887,-0.6285488069448419,-0.6753955741827641,-0.7107904002981271,-0.7106328041429502,-0.29523275973833013,-0.5081385969724219,,0.10067946945302844,0.28425326577956794,0.150547348955086,,0.10582140450270211,-0.04252211368802605,-0.027527179479150798,0.19019447902523628,-0.6744545588310291,-0.7028332904693894,0.36746439039044704,,0.14671487643220113,-0.035843079449918956,-0.6890125420841614,-0.642465710297366,-0.003718875928020034,,,0.17400912842997504,,,0.14986068204729414,-0.705542055942151,-0.6264479593008989,-0.047570628065986574,-0.001974255238520157,-0.003718875928020034,,,,-0.7023575030491725,-0.7080881872258682,-0.6476895352571674,,0.23777598069879274,-0.011228058115323914,0.024178624162428903,0.15794789662740538,-0.04757062806598656,0.04265714046659992,0.028704967968896735,-0.6886271083251513,-0.672868704969333,0.08018829994493429,0.5035483417378389,-0.7239221496593551,0.10075677789071491,0.5042770945908789,-0.15108664608213782,0.7287884201468746,0.557412028254089,-0.09736152771662361,-0.5690208952763487,-0.6808517962225361,-0.7328766024883057,-0.6952619449302931,-0.10027635653578938,-0.6431339540125298,-0.6477203984743114,0.141256766308981,,,,-0.689681808641513,-0.30718145150029735,-0.6984033950276888,-0.7239067687024514,-0.6883427975253344,-0.6431339540125298,-0.5515940463435437,-0.13250917509477353,-0.6431339540125298,-0.6517762422018231,,-0.07718255905267624,-0.6630984777054798,-0.6477203984743114,0.7111489708539358,-0.669028542202506,0.10056070218235258,-0.7354185776668372,-0.7363956603851913,,,,,,0.10056070218235258,0.10056070218235258,0.5046386514476496,0.5319978758233116,,,,,0.14671487643220107,0.0909436455225875,,,,,,0.4373668930852927,,0.07944251199318403,-0.04757062806598652,0.141256766308981,,,,,,,,,-0.047570628065986574,,,,,-0.6969221755157006,,,0.1045494017200718,,,,,,,0.2271051388324238,0.2271051388324238,,,0.1765728998004424,,,,,,,,,,,,0.1432947774829628,0.11477876805827258,,,,,,,,,,,,,,,,
rdkit_FpDensityMorgan3,0.16444118725682755,-0.6011607785684789,0.03776877590274553,-0.2869651674562246,-0.17760532677916413,-2.1636901617660037e-16,-0.05033537665043142,-0.05033537665043142,-0.5481801208149107,0.13257479232544178,0.5370930220750939,-0.31415257964976867,-0.601160038592152,-0.6008424348947872,-0.601218417891853,-0.6059777354056805,,0.1549943152597877,-0.07200865845321561,0.12467852012907911,0.1520895745730816,0.8745753676011053,0.9697200584567873,1.0,0.14715063781248452,0.1282688275472231,-0.35488231474512455,0.22751058706841942,-0.2909196285394787,0.2313888432350681,0.4547595529978035,0.23673754947012604,-0.07182558220259382,0.365814501125428,-0.5722573224352305,-0.5990113218521088,-0.5932583618251425,-0.5861383992948535,-0.6010738120341762,-0.5959087018884479,-0.5871254997134011,-0.5867918979631267,-0.5758336588730316,-0.5818075818652337,-0.5684190113619673,-0.5683661221294503,-0.5540179276632413,0.3535193112257968,-0.30812923492019295,-0.603850655071953,-0.602240673209371,-0.5696415354401405,-0.5955451907007504,-0.6384523354001834,-0.6422561013075482,-0.1663402587229371,-0.5012433356433283,,0.10260324930856549,0.2722947627425888,0.12650247967912215,,0.10825822605395571,0.018809403450985796,0.026760179763356456,0.20072655084972651,-0.6010988412086918,-0.6299763159293066,0.33668323956918783,,0.15375387251742062,0.016989707443956288,-0.5923135725921383,-0.6020723563336642,0.06584563573045467,,,0.16680934234632463,,,0.1512481475409395,-0.6319081188780362,-0.5561275629405369,0.009413248548797425,0.04639568304120137,0.06584563573045467,,,,-0.6315423408398505,-0.6322858974829532,-0.548297395915672,,0.23959933231269462,0.0366770563410929,0.06902146248945118,0.16592875553075725,0.009413248548797418,0.03734797388785485,0.09457016824561765,-0.6948548522062266,-0.6011343827478467,0.09357089152761398,0.439552105432687,-0.6533158923354402,0.05497467291665551,0.5017661182501313,-0.15908721514849075,0.6533666451107562,0.5565594639057921,-0.09315841098526746,-0.4415485450178915,-0.6016978017566762,-0.6605805117408394,-0.6224789208770621,-0.04437836818921836,-0.5993456033217941,-0.5966285602937695,0.1282811013682718,,,,-0.5948396452559763,-0.33006508833440124,-0.6248385145469987,-0.6509450440232046,-0.6152149702559301,-0.5993456033217941,-0.5102899631958437,-0.08874408996247972,-0.5993456033217941,-0.6036757322755227,,-0.06305355809083592,-0.6005446431929818,-0.5966285602937695,0.650905995737717,-0.588492720170554,0.07637253369282423,-0.6615479226319086,-0.6640448987870525,,,,,,0.07637253369282423,0.07637253369282423,0.43027866220908534,0.45714983012110516,,,,,0.15375387251742054,0.06074330635931546,,,,,,0.354834009306214,,0.09278473996153329,0.00941324854879741,0.1282811013682718,,,,,,,,,0.009413248548797421,,,,,-0.617353333173341,,,0.10766943931085358,,,,,,,0.22345751312321463,0.22345751312321463,,,0.1806604050696519,,,,,,,,,,,,0.14061050166557781,0.10835128632703457,,,,,,,,,,,,,,,,
rdkit_BCUT2D_MWHI,0.07210501841855399,-0.02800163296920937,-0.04704459633450863,0.16093909683449587,-0.03751313363195367,5.018696874209465e-16,0.027246473581904643,0.027246473581904643,-0.12776853664691365,-0.45366760326737127,0.10947037415043846,0.008266232768445226,-0.028000794366135322,-0.02495810940388912,-0.028354650582115067,-0.04771248315709146,,0.40075549657073467,0.0768013496890384,0.2752564691619006,0.32552377682685635,0.14753767025410341,0.1514101852695612,0.14715063781248452,1.0,0.01494000258852201,0.04212016386476135,-0.013266198633557965,0.17060168333628623,-0.02441415581566506,0.5526476171876623,0.010827529956890798,0.008969951958501659,-0.1513303339248148,-0.040416217363054494,-0.05090671631329187,-0.05538309285938335,-0.03161473322408732,-0.05306869408262037,-0.059261624535255034,-0.025523046710981014,-0.05694447614193254,-0.02622028295332493,-0.057946145248259,-0.031658587594574975,-0.05511734988168409,-0.0281766062689913,0.30772472767226783,-0.020152504498205537,-0.036511270030586164,-0.04512382832201407,-0.0028677523864214767,-0.03851350387246358,-0.07013723452975966,-0.0730312956808759,-0.11822440267296558,-0.01747653755000242,,0.37073562973942664,0.11891538004316038,0.29034915100845365,,0.7066220758831552,-0.02561039378209404,-0.03683433267072871,-0.08323511374205375,-0.011575037472285063,-0.06365238711811827,0.6115284454305241,,-0.06817974688225475,0.04611639389212846,-0.07228653415263606,-0.05225655049336074,-0.03281578671969636,,,0.18550642777823712,,,0.8539389605835688,-0.07350896350214793,-0.018566337472547195,-0.023112435392612745,-0.046747094290547964,-0.03281578671969636,,,,-0.06206709058344566,-0.0612116860623463,-0.06343731492923602,,0.19102130125397904,-0.030848388959210365,-0.050886943637450374,-0.08665688552964587,-0.02311243539261277,-0.03399671353661582,0.07199382670498787,0.08206018804583143,0.00708945452917351,0.5509886857579219,0.1532863109884891,-0.10581067623432786,0.5287215320711827,0.02375420261980582,-0.12203159925877792,0.08401088749347059,0.04183756551654387,-0.582476113704953,0.027599812855201647,-0.04908653582062487,-0.07255755425162692,-0.055958276503976175,-0.03516947738958327,-0.03617188940052265,-0.04063961840344404,-0.06394866805942356,,,,-0.0609702916750929,-0.0215053157296,-0.07104814966349353,-0.07893825260534307,-0.020622764199279848,-0.03617188940052265,-0.052784653893222774,-0.03241921070250135,-0.03617188940052265,-0.0393356966091559,,-0.05415362801768523,-0.023649238860556372,-0.04063961840344404,0.11768200725049306,-0.03769777140959094,-0.06298981646285921,-0.11520636448815152,-0.11448910413209525,,,,,,-0.06298981646285921,-0.06298981646285921,-0.06296780766001324,-0.0471974663960561,,,,,-0.0681797468822548,0.5496153666563223,,,,,,0.02684874340202557,,0.5509886857579215,-0.02311243539261276,-0.06394866805942356,,,,,,,,,-0.023112435392612776,,,,,-0.05225845567301925,,,0.699397570111184,,,,,,,-0.08625921792023807,-0.08625921792023807,,,-0.03577926567635457,,,,,,,,,,,,0.597504841020325,0.597504841020325,,,,,,,,,,,,,,,,
rdkit_BCUT2D_MWLOW,0.1112246790174586,-0.425469447954415,0.041724166272183734,-0.20009592927319483,-0.09090968720259669,1.3207275304793694e-14,-0.5195908225312059,-0.5195908225312059,-0.1305264071279675,0.13440943718271983,0.5334596294858697,-0.542776041019932,-0.4254721221844565,-0.41989137112738045,-0.4254546988855542,-0.4296118906499052,,-0.16596505643517245,0.01823595011762507,-0.0009325687067125178,-0.19392802236531456,0.391284304968435,0.2714761764550994,0.1282688275472231,0.01494000258852201,1.0,-0.667561785115192,0.7580550713597235,-0.7344994208111816,0.6571201990053196,0.035772123221839466,0.5364797672430518,-0.604545345012235,0.4139017943123204,-0.41509880803824734,-0.43028783424514067,-0.4649301285413042,-0.464792492765852,-0.4291594988663425,-0.4723324984830126,-0.47220826489751855,-0.5118427487033799,-0.5117734326865854,-0.5304914968202199,-0.5302897281623985,-0.5649041728804839,-0.564791618101847,0.30147904826224214,-0.026940062668072563,-0.4186337773886434,-0.392400731403689,-0.3693781572823528,-0.4420284988184224,-0.33031318915511987,-0.30380718511087823,-0.43373893455729556,-0.07101807045746282,,0.0062709647898180594,-0.02713629363823737,0.0017247322815417679,,0.017781850427970838,-0.7979736488308535,-0.7783036326634957,-0.3904989690134114,-0.4001508625838493,-0.33007219718008207,0.13048770439450505,,-0.14281726649394794,-0.7727230643445767,-0.5575822425971698,-0.16018577095716138,-0.6837337507224448,,,-0.11553238403209211,,,0.02431401319556199,-0.33287833130786215,-0.3101730725468434,-0.7814968268279525,-0.7696575360565918,-0.6837337507224448,,,,-0.333498295413732,-0.350248089079102,-0.3927361721210764,,-0.4337692351688418,-0.7177520569892505,-0.7309731827987369,-0.24105330232100447,-0.7814968268279533,-0.08555295773058576,-0.76749653187604,-0.11360342324659327,-0.31321798065705025,0.007672110863772592,0.12737066156026947,-0.3368484018535187,0.2648944769450487,0.05017354545604329,0.1537797943982015,0.3036597103569607,-0.17457210944477186,-0.029699096296340075,-0.2695445546309758,-0.43272944742244834,-0.3430538892308575,-0.3329012604671233,-0.8307599501866147,-0.2553100009551521,-0.3698481255912976,-0.0672327923286618,,,,-0.43983422994872556,-0.0769459861722353,-0.32987486260204485,-0.3416193908921657,-0.33255332012861905,-0.2553100009551521,-0.2557512399519252,-0.8065690375363705,-0.2553100009551521,-0.3395720020602969,,0.09614283401944841,-0.3689474490911272,-0.3698481255912976,0.17280014258376997,-0.47313881934564633,-0.014911574297788796,-0.3341712784971599,-0.3195282810250293,,,,,,-0.014911574297788796,-0.014911574297788796,0.15071015162318754,0.17597064269438284,,,,,-0.14281726649394788,0.031203565540565355,,,,,,0.24417283809266888,,0.007672110863772594,-0.781496826827953,-0.0672327923286618,,,,,,,,,-0.7814968268279526,,,,,-0.32314379428575285,,,0.017216736958333048,,,,,,,-0.00015282633061740282,-0.00015282633061740282,,,-0.024823722488420154,,,,,,,,,,,,0.024839800182261996,0.024839800182261996,,,,,,,,,,,,,,,,
rdkit_BCUT2D_CHGHI,-0.2993787709232699,0.7616722325708658,0.03006966410415428,0.28076081444392265,0.2259108033619514,-7.228635644667026e-15,0.6193043846042259,0.6193043846042259,0.372194569541638,-0.42538321981105126,-0.7834715121944578,0.8856179120568803,0.7616716642829289,0.761617618131544,0.7616150357963979,0.7593396547177022,,0.30409449798454946,0.03650174736126349,-0.04902707371975781,0.3518040914507246,-0.702633439498464,-0.5398865839882648,-0.35488231474512455,0.04212016386476135,-0.667561785115192,1.0,-0.9365684723659653,0.9523642300223277,-0.9211363913795171,-0.1674461061247785,-0.9414801942065215,0.640976994375282,-0.6856165584910212,0.7231536825596833,0.7547847512085014,0.759508600239685,0.7623486493741968,0.7598314405423995,0.7656028073132221,0.7694736641500939,0.7686155331737701,0.7719004025265971,0.7720996397421167,0.7764373239443374,0.7769112411753704,0.7811700019483883,-0.4757908518542152,0.2544009744301374,0.7437331394722114,0.7204688951425735,0.6591756437526095,0.7618785976638175,0.740527089789049,0.73299292055228,0.5524985911683855,0.49265155994056536,,-0.06099186609375829,-0.08634534640620715,-0.06272343154721512,,0.09650107976818915,0.25586308456863605,0.2222780076432586,0.025966969884791496,0.6960199049460404,0.7415073841952053,-0.212309433247427,,0.003122577470339903,0.2313190739798971,0.7954875891616505,0.6225448237090389,0.24202713135019635,,,-0.04587111190992319,,,0.0847079781035674,0.742171921469102,0.7312436978591288,0.24645140100097368,0.19679147275428097,0.24202713135019635,,,,0.7328911548539416,0.7526382160656709,0.7951670011636149,,-0.06428019297548646,0.18362522764130876,0.1995943706069406,-0.020583936879812716,0.24645140100097376,-0.033794247885133945,0.2375412686838297,0.5049511040294621,0.7429072393243973,0.14058302609189557,-0.33793664334582246,0.7296864962963174,-0.17686854097488383,-0.477002266377025,0.004476588143471016,-0.7374618307058012,-0.43203673139553106,0.03390157854730088,0.5744970256368899,0.7598352739733504,0.7351617444681906,0.7404878852994197,0.2681183225332706,0.6001356039194105,0.6293214146642342,-0.04426197960927845,,,,0.7890834621838969,0.14698915701346432,0.7392635720534873,0.7326928015422294,0.7452011141416177,0.6001356039194105,0.5852319942018255,0.2507849933737048,0.6001356039194105,0.621852712367242,,-0.0584570726099315,0.6875483878784467,0.6293214146642342,-0.6765471712342025,0.7602759839015703,-0.05462634240357284,0.731868966750275,0.7262596509367473,,,,,,-0.05462634240357284,-0.05462634240357284,-0.38182140416028126,-0.41067694629535784,,,,,0.003122577470339909,-0.10821486520281515,,,,,,-0.43223266366967333,,0.14058302609189557,0.24645140100097362,-0.04426197960927845,,,,,,,,,0.24645140100097354,,,,,0.7639643632426909,,,0.09955821128220373,,,,,,,-0.07073421554312836,-0.07073421554312836,,,0.026828284798907046,,,,,,,,,,,,-0.029146785837784767,-0.029146785837784767,,,,,,,,,,,,,,,,
rdkit_BCUT2D_CHGLO,0.28920209189196827,-0.6038947453931846,0.029613181419178885,-0.29706876323965514,-0.20430868087767046,8.963222057060511e-15,-0.5475190637851086,-0.5475190637851086,-0.2928963248408634,0.275426068282549,0.7239019333775059,-0.8880082345276901,-0.6038950198800784,-0.6024416155629866,-0.6038587615597666,-0.6037588799168122,,-0.23528527349325493,-0.06932526724826328,0.07917480840828382,-0.2744571772890242,0.621926559662739,0.43515727598080634,0.22751058706841942,-0.013266198633557965,0.7580550713597235,-0.9365684723659653,1.0,-0.9277040290043411,0.9631384004007468,0.18189689567607864,0.9396419598703162,-0.7398417649991514,0.6664204704747447,-0.5503787736852243,-0.5986815151966084,-0.6105667004284165,-0.6120921678687335,-0.604488243581049,-0.6191169008187551,-0.6213807627765295,-0.6267555678508436,-0.6286307289940719,-0.6323106156540618,-0.6349761639546964,-0.6457371021005147,-0.6484495577192648,0.3516536780830048,-0.11318135673916024,-0.5872705438973558,-0.5747877938676811,-0.5223026699644818,-0.6077176473753232,-0.5715277066414574,-0.5587491736440021,-0.6378365718089596,-0.23219294770852797,,0.09263928720457469,0.0624998544709964,0.09788639222766328,,-0.04974807590151993,-0.3424813428529188,-0.30947179799572044,-0.11223783112989205,-0.5662161779047624,-0.5700498622477312,0.2388747947673786,,-0.0540558871586383,-0.3130700915905844,-0.681525470033678,-0.40804051679811487,-0.33264034097182194,,,-0.001768884364027312,,,-0.038728287668198476,-0.5736214127625192,-0.552884381345669,-0.3283115369856489,-0.28709312352056154,-0.33264034097182194,,,,-0.5640189257269698,-0.5851932176181688,-0.653106588178934,,-0.01708807685829863,-0.2671468168596027,-0.2885906907611429,-0.05027528272716042,-0.32831153698564913,0.01802939590433934,-0.3369215171892003,-0.2740702380412008,-0.5630252166821378,-0.0900316742596745,0.3203542507929365,-0.5612256668577936,0.19845325782187473,0.21280632520723683,0.050436411641388186,0.5913951653687478,0.19076247015089434,-0.048028796949348605,-0.6191616343215471,-0.6043735786490634,-0.5730979471725943,-0.5700391057544962,-0.35688714763643425,-0.49702481626817985,-0.54040871608754,0.010909183109169477,,,,-0.6545856271687179,-0.16418061812780005,-0.5694235818343479,-0.5694544049072648,-0.572618738720991,-0.49702481626817985,-0.39746661588976867,-0.32914005892620796,-0.49702481626817985,-0.5280286502778365,,0.043570340463235914,-0.542154327277381,-0.54040871608754,0.4963595548327463,-0.6132211110392582,0.09434259871359148,-0.5695137784328881,-0.5630180056104225,,,,,,0.09434259871359148,0.09434259871359148,0.36970941682773123,0.38188652488653657,,,,,-0.05405588715863826,0.10504001579451151,,,,,,0.418800697265976,,-0.09003167425967447,-0.3283115369856487,0.010909183109169477,,,,,,,,,-0.328311536985649,,,,,-0.5916715060925777,,,-0.05241080741236476,,,,,,,0.06113070221190745,0.06113070221190745,,,-0.07149080128830089,,,,,,,,,,,,0.03217023165751948,0.03217023165751948,,,,,,,,,,,,,,,,
rdkit_BCUT2D_LOGPHI,-0.2603646020048342,0.7224085735137057,-0.004087295331058991,0.2583029458168417,0.2124030059936568,-3.4927924655506155e-16,0.6164663252652544,0.6164663252652544,0.29954739478966097,-0.5344626911840463,-0.7514801404570894,0.8431207144681978,0.7224085328266079,0.7213890485900364,0.7223539993902716,0.7192804027213474,,0.4005924258968286,0.09217264903717094,0.03140969539138746,0.4127258295283249,-0.638133854879575,-0.47660616424950214,-0.2909196285394787,0.17060168333628623,-0.7344994208111816,0.9523642300223277,-0.9277040290043411,1.0,-0.861886461574333,-0.033811794310802785,-0.8871924624799619,0.6478247811790352,-0.6480408438899619,0.6891821350106068,0.7154779540663062,0.7266767029428663,0.7320013901311978,0.7190172075955837,0.7331823633699985,0.7445337625570163,0.7454400400755906,0.7558776492768817,0.7521777980765771,0.7600412796122213,0.7650849848830017,0.7732970905074399,-0.39860746244019185,0.21222907714628264,0.7033695324658595,0.675628281129221,0.6348423290619827,0.724015399357435,0.6781235804524772,0.6610939973223036,0.5412250201357587,0.41380198512890165,,0.05766180658830975,-0.04533449280052121,0.023279284421296044,,0.08778941272920543,0.4020157425318485,0.3696405904809723,0.09263302342835264,0.6700977699356491,0.683532152673154,-0.18540541216742046,,-0.02536377616023699,0.37633602946872663,0.7729345895261216,0.5510239879323817,0.34530475206018363,,,-0.07594344767029232,,,0.14063020987206407,0.6775314724381115,0.6791601259082596,0.39356217724375164,0.3433778404650554,0.34530475206018363,,,,0.6737742070912248,0.6924186974595269,0.7367745436515774,,0.05157023660617517,0.34351761125032776,0.31677558477091566,0.02529619661404185,0.39356217724375137,-0.04597542209335056,0.4121581611780975,0.44356996316594066,0.7033162968393991,0.13472270132305111,-0.2820520635999481,0.6620502562233171,-0.23013353784682833,-0.39655782717261817,0.03165444188921804,-0.6645322255235051,-0.3140365526881948,-0.17987973694901807,0.5777695283463903,0.7199867927086684,0.6726010692049114,0.6824867393489822,0.3992000235578679,0.5518493569671772,0.6004385516079275,-0.07483156248874613,,,,0.7454885601083483,0.13611768534759586,0.6765907974684053,0.6720241419752164,0.690419574872925,0.5518493569671772,0.537701740541095,0.3801036727195313,0.5518493569671772,0.5878443007899798,,-0.05771736947594336,0.6424465287557684,0.6004385516079275,-0.5776679080412064,0.7297482173542482,-0.10486966789402978,0.6630850221487781,0.6550468116040327,,,,,,-0.10486966789402978,-0.10486966789402978,-0.4061338396012283,-0.419042025407175,,,,,-0.02536377616023704,-0.11760688052766337,,,,,,-0.4080380715239996,,0.13472270132305106,0.3935621772437513,-0.07483156248874613,,,,,,,,,0.39356217724375137,,,,,0.7014025090859322,,,0.09099333227166449,,,,,,,-0.10274577810424737,-0.10274577810424737,,,0.02579193660250822,,,,,,,,,,,,0.19409475893343586,0.19409475893343586,,,,,,,,,,,,,,,,
rdkit_BCUT2D_LOGPLOW,0.34376382867850946,-0.5692189561124605,0.011262355348891771,-0.3207532162587209,-0.1949503335132983,1.738804023969943e-15,-0.5310719031503647,-0.5310719031503647,-0.3355358125307558,0.302693993878624,0.7227943133079056,-0.8637411800439309,-0.5692182718418881,-0.5695170955364047,-0.569189635298987,-0.5677399324323702,,-0.2912015822223826,-0.0043895343244905,0.027172116398036156,-0.3393407473722313,0.6096046232558195,0.4297062899563202,0.2313888432350681,-0.02441415581566506,0.6571201990053196,-0.9211363913795171,0.9631384004007468,-0.861886461574333,1.0,0.14115674237433148,0.930244641403533,-0.7012741527492176,0.6364994886788345,-0.5084229391343376,-0.5629441762544333,-0.5642701439087291,-0.5656663526007353,-0.5683754226020482,-0.5700809561318703,-0.5716539380710058,-0.5658152856793344,-0.5670500504630702,-0.5646061306200301,-0.5666504446839962,-0.5692515977632157,-0.5713421171214361,0.38911164220530486,-0.11307157845517431,-0.5551373960533135,-0.5501291402091901,-0.503748754524894,-0.5684639461309848,-0.5598617794512062,-0.5558030081356949,-0.6193774043724953,-0.2470642329826665,,0.04699733774715177,-0.0172363260386618,0.04480464025239881,,-0.05000871698193371,-0.1408730732808721,-0.10608472913217122,-0.061166370579333544,-0.5062969701007206,-0.5597328694534598,0.17127183046072225,,-0.15193594088067705,-0.11462973344904771,-0.6196927330662209,-0.3971777701336472,-0.20272877741138817,,,-0.1102291923084762,,,-0.03707910356044614,-0.5617643385188853,-0.5459360823288771,-0.12310790104685675,-0.09293264311338942,-0.20272877741138817,,,,-0.5590130262332897,-0.5697476383689615,-0.6421200485756601,,0.10269708921043524,-0.045964480477969395,-0.15083038100601084,0.005292263965636529,-0.12310790104685677,-0.033397624795826884,-0.15595516493238615,-0.26428432363239984,-0.5389505569488965,-0.07473860475291197,0.22786107382123114,-0.5472548810103292,0.09509776175293558,0.22466087603260507,0.15108501063281007,0.5989434331917133,0.26036816814509134,-0.05362954839781619,-0.5531597216147315,-0.56807542704801,-0.5672051386582484,-0.5626700862091726,-0.17963292716232082,-0.4877972425709517,-0.5060629164345029,-0.08612661308301169,,,,-0.616334084813115,-0.17129912739431327,-0.5581681237836258,-0.5614100439048868,-0.5651007264602488,-0.4877972425709517,-0.3834363218598814,-0.14992391770395633,-0.4877972425709517,-0.49966956439804566,,0.06351343114147606,-0.5231954766947602,-0.5060629164345029,0.5322339705157968,-0.5654556992693832,0.026766911411560197,-0.5545459208114787,-0.5519745859831918,,,,,,0.026766911411560197,0.026766911411560197,0.27131128996054255,0.29639743938593227,,,,,-0.15193594088067697,0.061368790016274384,,,,,,0.3858488932239471,,-0.07473860475291204,-0.12310790104685683,-0.08612661308301169,,,,,,,,,-0.12310790104685689,,,,,-0.5693856912721467,,,-0.051709694732552096,,,,,,,0.020196261704791392,0.020196261704791392,,,-0.0686376070428641,,,,,,,,,,,,0.038766257627515927,0.038766257627515927,,,,,,,,,,,,,,,,
rdkit_BCUT2D_MRHI,-0.06074411052251238,-0.1281781453361897,0.04975893244846357,-0.04907934270488141,-0.08550865255700964,-6.2266373366431336e-15,0.37753793855507284,0.37753793855507284,-0.30641110273039546,-0.5484926387698402,0.0948548346310671,-0.3768176384221257,-0.12817960594867692,-0.12520442237632146,-0.12827719882182906,-0.14028381109592886,,0.6229958270616568,-0.1784855516972908,0.5235787150523197,0.5667178555135587,0.5093008365102607,0.4937930531977905,0.4547595529978035,0.5526476171876623,0.035772123221839466,-0.1674461061247785,0.18189689567607864,-0.033811794310802785,0.14115674237433148,1.0,0.21759441606605953,-0.05784664644557161,0.30540670578710327,-0.11198779589528653,-0.12927505717593343,-0.1418013365342971,-0.12925020620146677,-0.13998727783573156,-0.15295889882317054,-0.12657507922691155,-0.15591570879324482,-0.13134094413912917,-0.16734168650958248,-0.15131468646172538,-0.1681390206155155,-0.15075151486296226,-0.07372854051317858,-0.07221790623470785,-0.12145473976275391,-0.11166655366004061,-0.016141413508349786,-0.13534193378199505,-0.17416926401026625,-0.1768899995418618,0.014227268303070391,-0.09766325256523954,,0.6149534635010586,0.6032332259376638,0.5557276700011108,,0.20536226344673658,-0.012183953006501238,-0.009422820533521335,0.12131666652908431,-0.19941777605208977,-0.14339417932982418,0.7304062788798922,,0.2230959510886467,-0.003674295016068755,-0.17647278153293397,-0.19455328017556062,0.015162941654234291,,,0.2482161779392427,,,0.3849851483281264,-0.17310571302027866,-0.06727295606437673,-0.01656961066719955,0.030335590030475385,0.015162941654234291,,,,-0.13074077047626867,-0.16746272045554214,-0.11503732139220002,,0.24128899430178236,-0.010587279751043456,0.09302209417785089,-0.043618317290972125,-0.01656961066719956,0.20525329902130152,0.09514446012592986,-0.15402085183526196,-0.14178629979200483,0.1807938985422538,0.8133029060619146,-0.2016782419524784,0.10167880483468257,0.0905889645190968,-0.234640660374398,0.16310494984606844,0.14035117613206635,-0.6629387057015493,-0.5681668441665683,-0.13718161615523405,-0.17769121053783155,-0.13297104806892884,-0.02835770949701643,-0.20442343963454185,-0.20539223687344427,0.22830642908996648,,,,-0.18014538188490534,-0.08489777781404284,-0.1605863730871933,-0.16954720421828964,-0.11512502377711896,-0.20442343963454185,-0.017718973253087154,-0.04470293050908576,-0.20442343963454185,-0.20745578514269553,,-0.2358598900731239,-0.09118686599822629,-0.20539223687344427,0.18568367821965964,-0.13204456194524536,0.21756086164213534,-0.2216143843919214,-0.2198007029694674,,,,,,0.21756086164213534,0.21756086164213534,0.6139315844996641,0.6109932913421148,,,,,0.22309595108864647,0.10177162109454514,,,,,,0.4236060176627182,,0.1807938985422538,-0.016569610667199548,0.22830642908996648,,,,,,,,,-0.016569610667199565,,,,,-0.21366081486627583,,,0.2045414801011421,,,,,,,0.33392605835618866,0.33392605835618866,,,-0.15918394176235598,,,,,,,,,,,,0.6484304663480492,0.6484304663480492,,,,,,,,,,,,,,,,
rdkit_BCUT2D_MRLOW,0.2950768686889394,-0.6380523898786912,-0.039239100224003516,-0.2506129064159255,-0.2037575377513227,2.765884751004309e-16,-0.5226515805375118,-0.5226515805375118,-0.3094015164250996,0.3183881502484947,0.7083448332105184,-0.9181479051196768,-0.6380514435982096,-0.6387205131067466,-0.6380180605444887,-0.6363361802303092,,-0.24422006794885706,-0.07349814494861746,0.10097696577986881,-0.2914995688844245,0.6294859925614845,0.440337853002634,0.23673754947012604,0.010827529956890798,0.5364797672430518,-0.9414801942065215,0.9396419598703162,-0.8871924624799619,0.930244641403533,0.21759441606605953,1.0,-0.6734582431881087,0.7110751113199938,-0.5810823852712849,-0.6292123461544555,-0.6296287832067301,-0.6310120557949983,-0.637436853011052,-0.6372764275761436,-0.6390286898367578,-0.6312056796091426,-0.6325190156610908,-0.6318883290593558,-0.6347017488413672,-0.6333542138662549,-0.6360945531706952,0.36597654966034576,-0.17506850075211877,-0.6192335980406123,-0.6082747272340218,-0.5412310089253567,-0.63594196345827,-0.6395870023040326,-0.6338872685152858,-0.6432730511274968,-0.32932374954592664,,0.12432691828090119,0.13602016818970142,0.1268610593019936,,-0.059435953588192536,-0.10834832596934905,-0.07637792377023894,0.06867213029476193,-0.5821414329719437,-0.6381755590533232,0.26523558877681164,,0.05408192544305212,-0.07735379717328657,-0.6751389381795514,-0.5078044375160915,-0.1510125154993312,,,0.11218257508681811,,,-0.03889892999973229,-0.6397676351674041,-0.6272437855113587,-0.09557414094587777,-0.0414728371068938,-0.1510125154993312,,,,-0.6272319138805192,-0.6455489409308636,-0.7104542423255975,,0.1442955199192805,-0.05807161215352617,-0.029048593947533313,0.0275066819525192,-0.09557414094587785,0.10536771490062295,-0.09503993140042442,-0.35787381220500075,-0.6375378625897595,-0.11281839602943235,0.3735763979208783,-0.6226970200171196,0.16174700604333295,0.3236051833853973,-0.057803936437115934,0.6663485126066394,0.37233543902784716,-0.07626150841110947,-0.6228254343365046,-0.6361021928604257,-0.6322555072797879,-0.635096060880681,-0.11139279999902967,-0.553178686983622,-0.5607383594020531,0.11952833202644184,,,,-0.6942939090960462,-0.16176484132094426,-0.6368865433766429,-0.6256355745825306,-0.6376759137639154,-0.553178686983622,-0.4481440801259841,-0.08168767784362063,-0.553178686983622,-0.5571737139824615,,0.05421121109588282,-0.5745253648130064,-0.5607383594020531,0.6081683848234388,-0.6285286693428461,0.10702557858727905,-0.6324741984355781,-0.6303843832403067,,,,,,0.10702557858727905,0.10702557858727905,0.4083890258809793,0.4207704526307154,,,,,0.05408192544305216,0.1402334960405866,,,,,,0.41263260530078205,,-0.1128183960294324,-0.09557414094587789,0.11952833202644184,,,,,,,,,-0.09557414094587788,,,,,-0.6715012153293392,,,-0.06294240396985054,,,,,,,0.06624182805106459,0.06624182805106459,,,-0.06252337906922634,,,,,,,,,,,,0.06401617036714767,0.06401617036714767,,,,,,,,,,,,,,,,
rdkit_AvgIpc,-0.1479156425557248,0.28284151998137713,0.011468334391174288,0.432244191552911,0.17751993302343547,3.8354588986287407e-16,0.4297600181936706,0.4297600181936706,0.07714148492157556,-0.12129575398531203,-0.6072506368963999,0.5484425068514232,0.28284243320444924,0.28089746075872274,0.2827860754028213,0.2827243921307919,,0.16539197099363795,0.03253232069537922,-0.07008115678058423,0.20366420751663558,-0.4043798554148735,-0.241771119993848,-0.07182558220259382,0.008969951958501659,-0.604545345012235,0.640976994375282,-0.7398417649991514,0.6478247811790352,-0.7012741527492176,-0.05784664644557161,-0.6734582431881087,1.0,-0.45279323274012584,0.19731833257714393,0.2816687626327071,0.2925594128945777,0.2942100838471206,0.28583465787163903,0.3021408049117236,0.303272797236319,0.30691552349322243,0.30771044754297683,0.3079620267543597,0.3103195640483327,0.3245240825833768,0.32637532793289276,-0.14730935418719363,-0.0477659895172033,0.2753348923057091,0.2977889921388298,0.28551693312973997,0.28919797261852653,0.2405439039773654,0.22295504931782706,0.7173687417846677,-0.18804210506643249,,-0.006812953316659339,0.0029241642834502953,-0.07744481782544428,,0.08518451121998925,0.3356152668680902,0.2986907002502912,0.10400285449975089,0.30153391015705094,0.23968348597871197,-0.02791027892076248,,0.1297869065648784,0.30657273011864894,0.39137347863194016,0.03269283186587498,0.3499299452504532,,,0.08609809357565239,,,0.060368259773368384,0.24848976690913815,0.2183664603861128,0.31739213401099636,0.28918495278533946,0.3499299452504532,,,,0.2414503445315574,0.2568230131129944,0.37234409297061977,,0.08219098669907754,0.2759783492669197,0.3099857114823752,-0.026808277111279314,0.3173921340109965,0.008370004718773501,0.2799696739855295,-0.07658334485628365,0.19550763954453748,0.11515571008094577,-0.11450977754923009,0.23264644284881705,-0.16216981141841816,0.22415371900411912,-0.13278874920286737,-0.30218357771436033,0.17963656210206483,0.04036863375876287,0.3362150384813932,0.28403872632859967,0.24993647889144904,0.24175121654498588,0.3232349562222997,0.3128737494525759,0.3542069069234813,0.05519611395948128,,,,0.3618683191999007,0.25432278823258114,0.24371450125834676,0.254060111165618,0.2444281151271224,0.3128737494525759,0.09496221113600628,0.27641550372039,0.3128737494525759,0.33979496172436324,,-0.03982451039825403,0.282415653117214,0.3542069069234813,-0.17925927445052106,0.3005374558640373,-0.04152785616004812,0.25341267761141245,0.24580570739667604,,,,,,-0.04152785616004812,-0.04152785616004812,-0.12604728633384443,-0.12667545255033394,,,,,0.12978690656487832,-0.07034291808018667,,,,,,-0.1791067948577197,,0.1151251799567872,0.3173921340109963,0.05519611395948128,,,,,,,,,0.3173921340109962,,,,,0.234760911690234,,,0.08732770335529254,,,,,,,0.0002326662193504169,0.0002326662193504169,,,-0.09479018224711212,,,,,,,,,,,,-0.059422870241527814,-0.07398986670207093,,,,,,,,,,,,,,,,
rdkit_BalabanJ,0.21559840036591135,-0.5694696198636086,0.020542471653291254,-0.21074667040046105,-0.08253051725629099,2.532652619902335e-16,-0.2824820153792161,-0.2824820153792161,-0.11664310314275035,0.16362198777552817,0.5466059313122934,-0.7084258105669335,-0.5694714598768146,-0.5687533407408766,-0.5694012046891858,-0.5685081169972089,,-0.10114350578812038,0.009655915596843813,0.04895124466344546,-0.13647259360339498,0.5873141883842066,0.496451884970902,0.365814501125428,-0.1513303339248148,0.4139017943123204,-0.6856165584910212,0.6664204704747447,-0.6480408438899619,0.6364994886788345,0.30540670578710327,0.7110751113199938,-0.45279323274012584,1.0,-0.5185654531148464,-0.553614214246451,-0.5637456613547087,-0.5664938048513352,-0.5592138282710767,-0.5649248392923291,-0.564130293480797,-0.5657150316852079,-0.5644730720070666,-0.5684918925637233,-0.5679639513182806,-0.5678921983900062,-0.5670194688899536,0.23287094238444217,-0.163635015646466,-0.5727775073616796,-0.5664053020271015,-0.5200517749003281,-0.5682955017802783,-0.569194037049979,-0.5433558117674562,-0.4772922477008372,-0.28723426085412523,,0.016423580428249995,0.32481586591888856,0.10874792452321248,,-0.13782872944715724,-0.17307192775541205,-0.1584453581703828,0.13297321247528823,-0.5416070528660152,-0.5616761003792976,0.14760833139934296,,0.16346153697484486,-0.1941997896392247,-0.6015590495276426,-0.44543219890384994,-0.18533052126478483,,,0.03225298917721804,,,-0.10228988478397638,-0.5612016864078004,-0.5242509499712231,-0.16279115026746363,-0.10769529062852021,-0.18533052126478483,,,,-0.5670695824011767,-0.556511705610391,-0.5764031095046981,,-0.09858057833098484,-0.1432589245875142,-0.03637461907713515,-0.03715330363553884,-0.16279115026746355,0.21516654015013062,-0.1565802978468092,-0.39799879021740964,-0.5497668699882087,-0.05371260383519909,0.4239978269575418,-0.5479567489371502,-0.19599680118797147,0.2975798076142482,-0.025129169969081697,0.5629378107494825,0.30631522071476613,-0.08660626223885783,-0.5014523313619818,-0.5653174030022995,-0.596913189873017,-0.5591212939878069,-0.1774505616587618,-0.481596739971244,-0.49961481321757395,0.2312479735607403,,,,-0.606164574277748,-0.14631422722289167,-0.5543371869731372,-0.5514119692320056,-0.5636585539318081,-0.481596739971244,-0.38900424275733647,-0.1547691365765333,-0.481596739971244,-0.49402134319733204,,-0.007134435956297063,-0.5730486955299631,-0.49961481321757395,0.5322605165401293,-0.5676698676536953,0.06227518151983178,-0.556171713830642,-0.5525041312657534,,,,,,0.06227518151983178,0.06227518151983178,0.4289976106276724,0.4610337714475773,,,,,0.1634615369748448,-0.2579503041061641,,,,,,0.3113699268227145,,-0.053740305796687156,-0.16279115026746355,0.2312479735607403,,,,,,,,,-0.16279115026746357,,,,,-0.5792183224090511,,,-0.13309424841182863,,,,,,,0.22496193677862292,0.22496193677862292,,,-0.010400201275578978,,,,,,,,,,,,0.08276615671316853,0.09809314525517876,,,,,,,,,,,,,,,,
rdkit_BertzCT,-0.29772060051116184,0.9918287373456803,-0.01673022685297358,0.22752100547311727,0.21457911703700544,1.0286855633033902e-16,0.6706740775065557,0.6706740775065557,0.2964954730791181,-0.4269717774845477,-0.776106380349628,0.503264863204005,0.9918287227672881,0.9915629858702231,0.991837544884014,0.9917871480019886,,0.1707440628069826,0.05832397581400064,-0.07787373318810699,0.20429839126094956,-0.6700932221291261,-0.6418136594030259,-0.5722573224352305,-0.040416217363054494,-0.41509880803824734,0.7231536825596833,-0.5503787736852243,0.6891821350106068,-0.5084229391343376,-0.11198779589528653,-0.5810823852712849,0.19731833257714393,-0.5185654531148464,1.0,0.9924892262471879,0.9925274795657165,0.9916077343601228,0.991906193416892,0.9910901952817205,0.9905076665122589,0.9885113398629705,0.9868284478169422,0.9851364768376082,0.981266104290017,0.9761023600580158,0.9715716590910626,-0.678523255981356,0.5813394037915796,0.9896958543673607,0.9746158174398516,0.9457998548040029,0.9920667271808576,0.9720385783145975,0.9659462359209164,0.34774665033947855,0.8651794442615729,,-0.03496165797408208,-0.07851805050155364,-0.07758733303106422,,-0.02690910705672664,0.2534787843155634,0.2315859531679197,0.061014303177632095,0.9434295086915119,0.9775465248306807,-0.13654710989625526,,0.04974167937052859,0.23503754675837016,0.966022117016679,0.9404533449277469,0.2419799909803793,,,0.019356032231366605,,,-0.0444940393292691,0.9772088871383962,0.9717269714254007,0.24375675151572418,0.22271199475256867,0.2419799909803793,,,,0.974370902004782,0.9805284955058762,0.9586077166285668,,-0.00284187875397562,0.220908186510559,0.22094711392991032,-0.014631470182010591,0.2437567515157242,-0.011226485918031345,0.21126450085323012,0.8567493579775014,0.9662470708607539,-0.008257627608944135,-0.19451373525321,0.9748421246738258,-0.12770623755790303,-0.8622530204063741,-0.04972213263910781,-0.9330602242546637,-0.7706028687570858,0.035260672113726084,0.300933286774119,0.9923381381323844,0.9634282643245438,0.9786304927305262,0.23861883526010177,0.7133429254650905,0.7365804471889181,0.006147595277514748,,,,0.9702897659129527,0.15218043199453965,0.9784058798394119,0.9678416224881672,0.9783960135041583,0.7133429254650905,0.9469283358791154,0.21134578149376088,0.7133429254650905,0.7298279073145636,,-0.06953278850815252,0.9596191185863988,0.7365804471889181,-0.9137010037200796,0.9913739850020488,-0.05938116837232389,0.9636063020036386,0.9606104603318683,,,,,,-0.05938116837232389,-0.05938116837232389,-0.2058942796780817,-0.2101170170219381,,,,,0.049741679370528584,-0.057284477450376944,,,,,,-0.2025079155182841,,-0.00802389894861161,0.2437567515157244,0.006147595277514748,,,,,,,,,0.2437567515157241,,,,,0.9680394964716937,,,-0.02583201879405151,,,,,,,-0.08754259406730341,-0.08754259406730341,,,-0.07989773091603816,,,,,,,,,,,,-0.054958129242446876,-0.04808608932313184,,,,,,,,,,,,,,,,
rdkit_Chi0,-0.3200032069366269,0.999323966630838,-0.02017026160236241,0.2777041491376088,0.22438656374718405,6.817287137018108e-16,0.6784593052729383,0.6784593052729383,0.315648468120643,-0.4182615173262132,-0.8252541623113697,0.5356786612176897,0.9993239632934559,0.9990918808796202,0.9993350874886385,0.9996408310075275,,0.16702920840269134,0.06428900816855018,-0.09020868483773715,0.20281508624167463,-0.712797518655413,-0.6769999068596341,-0.5990113218521088,-0.05090671631329187,-0.43028783424514067,0.7547847512085014,-0.5986815151966084,0.7154779540663062,-0.5629441762544333,-0.12927505717593343,-0.6292123461544555,0.2816687626327071,-0.553614214246451,0.9924892262471879,1.0,0.9984670799789895,0.9969619704651008,0.9997544926296632,0.9976708414796063,0.9962697824920324,0.9919357456869268,0.9892476410128123,0.9864169365560194,0.9815546027169733,0.9761388187289843,0.9705294927240284,-0.6872049595417528,0.5196205248439901,0.998238495809694,0.9911058636061573,0.9653033968968835,0.9989210687536888,0.984041328048108,0.9780031476750982,0.4224945774614519,0.8227735788720762,,-0.04406395959913814,-0.08103724830565129,-0.09052472380917419,,-0.03032557807682798,0.23266315982142172,0.208187303281563,0.04424594024566856,0.95783112564542,0.9885401878886234,-0.1505789173840468,,0.05498859939394527,0.2125452354659798,0.9805510649408286,0.9309952390929938,0.23177358502314965,,,0.021038224206799554,,,-0.05282274208356382,0.9892948065580744,0.9750658411928866,0.22198878564174573,0.19849877326120552,0.23177358502314965,,,,0.9866731620842268,0.9917099519004943,0.9787338518546216,,-0.025767922500403252,0.19680905827351441,0.2024349975315514,-0.032468155179659515,0.2219887856417458,-0.013664790647072295,0.18445880542442722,0.8457579637862145,0.9664447338930483,-0.009497212131623854,-0.20497870213294392,0.9865950725397024,-0.12762741017216916,-0.8184104172462271,-0.05433706766404247,-0.9598280997199024,-0.7599539963832865,0.047638227765469415,0.33383956531059045,0.9997602339681322,0.978798332498178,0.9893396724637533,0.21963831628606584,0.7527975027350841,0.7727357385768833,0.008178786022701782,,,,0.9883567662429734,0.21149915910538264,0.9895977103124902,0.9833642388140273,0.9885406052085677,0.7527975027350841,0.9382444756274156,0.1905022142448724,0.7527975027350841,0.7667073951848457,,-0.07333589537393528,0.9776024933023049,0.7727357385768833,-0.9326125424266143,0.9976816927682656,-0.06619319177214923,0.9798293345184119,0.9772561903014221,,,,,,-0.06619319177214923,-0.06619319177214923,-0.2151784169891232,-0.2180281139563689,,,,,0.05498859939394519,-0.06412630523712,,,,,,-0.2138373387589833,,-0.009196361876465787,0.22198878564174582,0.008178786022701782,,,,,,,,,0.22198878564174565,,,,,0.9743013280481635,,,-0.02912125257932604,,,,,,,-0.08626904458749819,-0.08626904458749819,,,-0.08839443166371225,,,,,,,,,,,,-0.06970652311573047,-0.06062990650908187,,,,,,,,,,,,,,,,
rdkit_Chi0n,-0.30640368852698185,0.9977467257863519,-0.021985618326069538,0.27586348469808525,0.22163462867851216,1.7396242904098155e-16,0.6814097884055278,0.6814097884055278,0.3046357440126018,-0.40208266061828524,-0.8190833771649133,0.5431735173001198,0.9977469995943951,0.9970892212763567,0.9977565099321436,0.9983995667279045,,0.1544727611438318,0.06995342019232009,-0.100323015180805,0.1905542476142298,-0.7109551695857378,-0.6735687571965969,-0.5932583618251425,-0.05538309285938335,-0.4649301285413042,0.759508600239685,-0.6105667004284165,0.7266767029428663,-0.5642701439087291,-0.1418013365342971,-0.6296287832067301,0.2925594128945777,-0.5637456613547087,0.9925274795657165,0.9984670799789895,1.0,0.9985586507154124,0.9984057504338473,0.9996540818571622,0.9980908534501701,0.9970433298877321,0.9943236274491786,0.9933846978779323,0.9886961191074657,0.9858344577866679,0.9804027753315412,-0.6780916031660141,0.5053279292872419,0.9963599814725966,0.98695681427068,0.9591486084709424,0.9987223420975725,0.97641118556193,0.9686588420065552,0.4240986468952672,0.8116387903985306,,-0.04165793854216519,-0.08948679841290348,-0.10261666775758338,,-0.03064125421934268,0.2803200248813823,0.2566691748247406,0.06915749952331068,0.9580633444509867,0.980461230111736,-0.15427687461825026,,0.054064935398431574,0.26049435617594213,0.9870618017007993,0.9200142015686443,0.26636168478207184,,,0.021783232758277638,,,-0.05496917960379031,0.9817812932792819,0.967654450633678,0.2697934743249814,0.246532263060983,0.26636168478207184,,,,0.978215332879137,0.985197825190392,0.9718912470784657,,0.0005214186333707307,0.24400876353539053,0.24452461745609888,-0.011006373506769,0.2697934743249819,-0.016948891217819617,0.23040674297864608,0.8346611658914522,0.9615167540077335,-0.011051852714522721,-0.21957442596526308,0.979059986532253,-0.13869613036477269,-0.8060046698370976,-0.054597282949584984,-0.9485030693391542,-0.7311908953397244,0.05548221449253519,0.3402465871691166,0.9987083075098871,0.9710232262998438,0.9813019598859388,0.26500874198995766,0.7505970307971618,0.7770324998484774,0.0067559363293395085,,,,0.9876225180719055,0.21258070067868381,0.9817787670208629,0.9744413744692588,0.9804505039935585,0.7505970307971618,0.9282404801557147,0.2357808777515588,0.7505970307971618,0.7693788851267253,,-0.07156311417818464,0.9725404804589943,0.7770324998484774,-0.9147624975982608,0.9996116534111221,-0.07426790141024989,0.9717377175288998,0.968242428908261,,,,,,-0.07426790141024989,-0.07426790141024989,-0.22701156524028965,-0.22834100993094977,,,,,0.05406493539843159,-0.06060743772450175,,,,,,-0.22196909680308705,,-0.01078452100072522,0.26979347432498174,0.0067559363293395085,,,,,,,,,0.26979347432498146,,,,,0.96955983677549,,,-0.029516755656948133,,,,,,,-0.09217926574980982,-0.09217926574980982,,,-0.0803693539311679,,,,,,,,,,,,-0.07506215660988885,-0.06985231098771416,,,,,,,,,,,,,,,,
rdkit_Chi0v,-0.2961482592398626,0.997436383936432,-0.02445550216205955,0.2817267645579225,0.22248040923663095,2.278690445360215e-16,0.6921706266669434,0.6921706266669434,0.29667299427312266,-0.4261972503680328,-0.8120286641140132,0.5464200347657955,0.9974366918475942,0.9970257953280328,0.9974357453316789,0.9964824648102273,,0.16303166436299596,0.07166983971852721,-0.0951989135966212,0.19776752150977783,-0.7047375577088603,-0.6667622339175411,-0.5861383992948535,-0.03161473322408732,-0.464792492765852,0.7623486493741968,-0.6120921678687335,0.7320013901311978,-0.5656663526007353,-0.12925020620146677,-0.6310120557949983,0.2942100838471206,-0.5664938048513352,0.9916077343601228,0.9969619704651008,0.9985586507154124,1.0,0.9968968430151948,0.9978150996850682,0.9994474112396179,0.9950865925592415,0.9967494940514866,0.9916015260624451,0.9923546935735469,0.9841430733078851,0.9844430808807483,-0.6457900417812305,0.5036806457793155,0.9956316658057233,0.9860548266683237,0.9590046438459499,0.999165892869268,0.969660204611106,0.9626616962518671,0.41521755156726314,0.8110697116565379,,0.005780673563857142,-0.08995265677188695,-0.09881871775948797,,-0.008457663265421217,0.27933504560466815,0.2552025514018282,0.0656099653993879,0.9536448591451209,0.9779369130612893,-0.10683631372040826,,0.05119587742628275,0.26047695358738243,0.9840158222436132,0.9176329516000729,0.26494992393850936,,,0.022183223793323915,,,-0.02142312936131787,0.9810053616829866,0.9692571604055992,0.2689316746324251,0.24467855438657382,0.26494992393850936,,,,0.9752167604936274,0.9828845824256907,0.9701486973303525,,0.03791576440503372,0.24283305807546948,0.24251945687968673,-0.014949309435653485,0.2689316746324254,-0.01826025564285002,0.23476308061192444,0.8346339104313294,0.9666932946264539,0.010435692364047351,-0.2228732950735153,0.9743919428010601,-0.1321006826623023,-0.805196250386446,-0.05419052871170691,-0.9449206478989018,-0.7293762296923259,0.023719917651346296,0.3470275687171474,0.9972368534376564,0.9660996154383831,0.9795656797635862,0.26359485995525805,0.7498454136475349,0.7760907796090198,0.004143220495177833,,,,0.9850222480465699,0.21162920079400632,0.9798884352153007,0.969605027132918,0.9813402807752627,0.7498454136475349,0.9262224996347779,0.23451876770126853,0.7498454136475349,0.7684984936291203,,-0.07414665886064271,0.9726964308514217,0.7760907796090198,-0.9093280860823315,0.9985596222037173,-0.0770076492575166,0.9664721646070398,0.9630098802515196,,,,,,-0.0770076492575166,-0.0770076492575166,-0.23458268577069527,-0.23585708242374923,,,,,0.05119587742628275,-0.053932318567836195,,,,,,-0.22738945628041946,,0.010286035859363033,0.2689316746324252,0.004143220495177833,,,,,,,,,0.2689316746324252,,,,,0.9678161057836254,,,-0.007326468545274378,,,,,,,-0.0961428439200354,-0.0961428439200354,,,-0.0823247318519082,,,,,,,,,,,,-0.038844837055865125,-0.059227371926191826,,,,,,,,,,,,,,,,
rdkit_Chi1,-0.318997352831037,0.9994350938175907,-0.019310851213698084,0.27853858807514126,0.22499680799234337,9.788064622496924e-17,0.6747985020727895,0.6747985020727895,0.3192534276286684,-0.4130453380053121,-0.8232032367580923,0.5470810149188057,0.9994350791359058,0.9992346970428179,0.9994451210240285,0.9997145987946311,,0.16018593186501842,0.07113753715985399,-0.09923983925813151,0.19624223163256807,-0.717866730936114,-0.680552391179829,-0.6010738120341762,-0.05306869408262037,-0.4291594988663425,0.7598314405423995,-0.604488243581049,0.7190172075955837,-0.5683754226020482,-0.13998727783573156,-0.637436853011052,0.28583465787163903,-0.5592138282710767,0.991906193416892,0.9997544926296632,0.9984057504338473,0.9968968430151948,1.0,0.9980008070268341,0.9964887006990862,0.9922180292416564,0.98942739042591,0.9870627859195085,0.982215808542712,0.977188840520708,0.9715853848392837,-0.6821277999201188,0.5174258122668567,0.9974800633740516,0.9897469646084113,0.9612323026407696,0.9990364606617333,0.9847594600538634,0.9792598698340581,0.42887863220127365,0.8207631014289183,,-0.04479567309260469,-0.08915691972102964,-0.10013612221107931,,-0.028299111515894093,0.22951584533609412,0.20467388567575134,0.040421098902388514,0.9574189980752064,0.9888688858969481,-0.15519443117982698,,0.04971535140602514,0.20935432873977286,0.9817553784382472,0.9310747570943412,0.22914051548096934,,,0.015838171633547046,,,-0.052380185814833426,0.9899249620697899,0.9766736869647842,0.21889489623492453,0.19410732089954205,0.22914051548096934,,,,0.9861815135999698,0.9926659807172579,0.9793453510651686,,-0.02868296440671515,0.19428189840081025,0.1970477862791301,-0.033182117670856104,0.21889489623492475,-0.01996649467645874,0.1810454066086651,0.8457333146928409,0.9693335409447524,-0.007022059482336154,-0.2173806020212928,0.986668384032066,-0.12757419892585892,-0.8162242041188247,-0.049332855474579045,-0.9621999743219439,-0.7606050747969261,0.053190121839363176,0.3443834111066229,0.9998722261552233,0.9781575922941897,0.9895568639972089,0.21658156729403155,0.7619948493782107,0.7813588613701621,0.002633395682213743,,,,0.9902975070691958,0.22153715930738593,0.9902411138540941,0.9825771937907406,0.9887562266309187,0.7619948493782107,0.9327279351911402,0.1875866764826371,0.7619948493782107,0.7755127442901891,,-0.06983782455524741,0.9750701216356386,0.7813588613701621,-0.9331726443937037,0.9974686398285424,-0.07388765641803338,0.9798550073708507,0.977306299791367,,,,,,-0.07388765641803338,-0.07388765641803338,-0.2263409974653001,-0.22772734720458976,,,,,0.04971535140602515,-0.06505152585313051,,,,,,-0.22034030357294537,,-0.006724353908058724,0.21889489623492447,0.002633395682213743,,,,,,,,,0.2188948962349246,,,,,0.9780599769048574,,,-0.027060308170301806,,,,,,,-0.09058213653719627,-0.09058213653719627,,,-0.08359748623866262,,,,,,,,,,,,-0.07400141430440373,-0.06609101589175397,,,,,,,,,,,,,,,,
rdkit_Chi1n,-0.305072379582226,0.9968923481748535,-0.02253849684054402,0.2772425551886838,0.2227159884937583,-1.1322793342124382e-16,0.6762070520892579,0.6762070520892579,0.3119048083858363,-0.3934311788095064,-0.8203315611295803,0.5548509947408602,0.9968926309938172,0.9961513927302693,0.9969010243552984,0.9977620317384444,,0.1456358816207784,0.07984967343114674,-0.11161878130375054,0.18158526471207237,-0.7182787514800641,-0.6785057203717892,-0.5959087018884479,-0.059261624535255034,-0.4723324984830126,0.7656028073132221,-0.6191169008187551,0.7331823633699985,-0.5700809561318703,-0.15295889882317054,-0.6372764275761436,0.3021408049117236,-0.5649248392923291,0.9910901952817205,0.9976708414796063,0.9996540818571622,0.9978150996850682,0.9980008070268341,1.0,0.9979627065330611,0.9979682565385349,0.9945658699392155,0.9948792985529948,0.9894383873089898,0.9881258177001782,0.9818836009524436,-0.6749629478505329,0.497660757629963,0.9944047740230721,0.9842865559800082,0.9538552819560147,0.9979580745580784,0.9757506430361451,0.9683474762813713,0.4325798532317017,0.8051112510819612,,-0.050349252362263286,-0.098692062689627,-0.11278957545480245,,-0.029664294527222648,0.28755515197022785,0.26337585462612767,0.06640597996356452,0.9589815347605924,0.9787182508216696,-0.16672382687400142,,0.04663550748291691,0.26711853715895556,0.9894515677488258,0.9172394482732513,0.27180362557959387,,,0.01306131330610186,,,-0.05690139873978136,0.9803205021152991,0.9656477594848065,0.27701646822382997,0.25188651921328065,0.27180362557959387,,,,0.9755552420643953,0.9845764370117305,0.9709578073934925,,-0.006618974674503125,0.25142036841152565,0.24698789552050754,-0.01095755208845361,0.27701646822382986,-0.023311384248952526,0.2356914048475511,0.8328947599979283,0.9609126618461216,-0.008515485567347212,-0.23350184768182852,0.9781565478061843,-0.14505597590859345,-0.7993107780146433,-0.04684664489839265,-0.9487414625611666,-0.7250893535722316,0.06312878155955617,0.35208064895052943,0.9980772883438913,0.9685963485284917,0.9792258286898907,0.27295781653643,0.7572619309354733,0.7847294009472899,-0.001706561428190379,,,,0.9889682812088406,0.2215790462290756,0.9805100232120503,0.972930963454842,0.9780664332221697,0.7572619309354733,0.9213511173205287,0.24398951178246547,0.7572619309354733,0.7768659627059546,,-0.06665382323720322,0.9681102210711944,0.7847294009472899,-0.911569070376622,0.9992351355869514,-0.08316936403700542,0.9712025823865728,0.9675201205488642,,,,,,-0.08316936403700542,-0.08316936403700542,-0.24007417386097463,-0.23973002860054654,,,,,0.04663550748291692,-0.06501340195126595,,,,,,-0.22934633596417825,,-0.008181075534395517,0.27701646822383,-0.001706561428190379,,,,,,,,,0.27701646822382986,,,,,0.9707490025021961,,,-0.02843580750893577,,,,,,,-0.09623413381946946,-0.09623413381946946,,,-0.0799756316260678,,,,,,,,,,,,-0.08335482510277104,-0.07452289611742943,,,,,,,,,,,,,,,,
rdkit_Chi1v,-0.2961751666850899,0.9968216953071497,-0.02526821033911377,0.2821637818986617,0.2237469538678186,1.3780386933085353e-16,0.6888695223759861,0.6888695223759861,0.3046647563712092,-0.43531144217855444,-0.8141199299991789,0.5588156150696754,0.9968219617843902,0.9963872867325407,0.9968208290770671,0.9958481564645348,,0.1702328233435256,0.08289885053976444,-0.09493157347675114,0.20218483708163307,-0.7108242037007996,-0.6702574196287715,-0.5871254997134011,-0.025523046710981014,-0.47220826489751855,0.7694736641500939,-0.6213807627765295,0.7445337625570163,-0.5716539380710058,-0.12657507922691155,-0.6390286898367578,0.303272797236319,-0.564130293480797,0.9905076665122589,0.9962697824920324,0.9980908534501701,0.9994474112396179,0.9964887006990862,0.9979627065330611,1.0,0.9958423742101065,0.9976959151467611,0.9928271585754392,0.9933959745142196,0.9862527546346164,0.9863731701228106,-0.6399036300596779,0.4961485693713948,0.993610832982761,0.9828726086326096,0.9543962226026179,0.998405794516823,0.968620789127953,0.9617149929347147,0.42366601622954025,0.8045442784410722,,0.00025397903766426476,-0.09242877417579648,-0.09696853313962754,,-0.008750102209052625,0.28646332952023335,0.261647625334292,0.061860752391695244,0.9533472965186509,0.9766738891045493,-0.11633483624690376,,0.04294499388452939,0.26595586546905675,0.9858380305374878,0.9144387650206054,0.27014845327789755,,,0.008891624679378062,,,-0.017964050685409627,0.9792165043087317,0.9685070621282772,0.2760775392790159,0.24964949376780876,0.27014845327789755,,,,0.9728558225748518,0.9821041861876241,0.9692323169418449,,0.02998921167185112,0.250062118428823,0.2445467883171071,-0.01605159815878023,0.276077539279016,-0.025029749560167524,0.24410973495954755,0.8329082647118358,0.968155520391242,0.014674492548412982,-0.23054056912217394,0.9725982816950715,-0.14650950328441076,-0.7984876827530115,-0.0428582385392614,-0.9449574946009085,-0.7232697188461908,0.011627676411393145,0.3604220370996453,0.996624136111054,0.9633368178184927,0.9779555307589018,0.27130563968919486,0.7564816659732262,0.7837255144912079,-0.005096047613454658,,,,0.985911486654132,0.22049624137529558,0.9784185366597093,0.9679844572191902,0.9797994382312016,0.7564816659732262,0.9192604075614978,0.24251712791148985,0.7564816659732262,0.7759346340437868,,-0.07001577710715234,0.9674888482442681,0.7837255144912079,-0.9053943707554098,0.9980435862198448,-0.08677026941079799,0.9648792288373846,0.961236746603402,,,,,,-0.08677026941079799,-0.08677026941079799,-0.24948438107037507,-0.24899782998587572,,,,,0.04294499388452937,-0.06683999588290972,,,,,,-0.23577000339737667,,0.014578422729262606,0.27607753927901585,-0.005096047613454658,,,,,,,,,0.276077539279016,,,,,0.9687251126410803,,,-0.0073361581369199595,,,,,,,-0.10141191242190255,-0.10141191242190255,,,-0.08254377135237682,,,,,,,,,,,,-0.028008616650025832,-0.04170598288921033,,,,,,,,,,,,,,,,
rdkit_Chi2n,-0.29018678746869025,0.9908812291234232,-0.02442458577226257,0.26907726744126376,0.21831656238517053,3.0326320055250796e-17,0.6753918254455094,0.6753918254455094,0.3034132908692545,-0.3836455459556232,-0.8104986456924058,0.558680528252262,0.9908817457480837,0.9896788084236376,0.9908868691579064,0.9921203650813197,,0.14258578689635837,0.08081402336669452,-0.11150021899440354,0.1777651196625067,-0.7124723895804859,-0.6711771099844599,-0.5867918979631267,-0.05694447614193254,-0.5118427487033799,0.7686155331737701,-0.6267555678508436,0.7454400400755906,-0.5658152856793344,-0.15591570879324482,-0.6312056796091426,0.30691552349322243,-0.5657150316852079,0.9885113398629705,0.9919357456869268,0.9970433298877321,0.9950865925592415,0.9922180292416564,0.9979682565385349,0.9958423742101065,1.0,0.996399165032247,0.9991493677161384,0.993409810731897,0.9954705191610624,0.9889066292447749,-0.6648905250350812,0.48546676497248376,0.987634416390462,0.973725009158713,0.9414331321712079,0.9931993860229386,0.9631647705698837,0.9538078805550039,0.4254139625112697,0.7944549676882748,,-0.05422398705317926,-0.10674243643754759,-0.11255876804083272,,-0.02741665361557275,0.3434418314057672,0.31988563588015245,0.08856462348657529,0.9539504530833445,0.9654936792048653,-0.1735762175302054,,0.038094340466815535,0.3234544712292953,0.9916137058954767,0.9024412948531414,0.3094155107108087,,,0.005650409739816844,,,-0.055059199373084275,0.9668916687999414,0.9526270562570742,0.3336107180894255,0.3073125728006292,0.3094155107108087,,,,0.9617374648899332,0.9727130337848825,0.957645007358782,,0.01612893845760312,0.30640040522303275,0.2940403061598986,0.006821801615776177,0.3336107180894255,-0.025429676644748166,0.2897832132165146,0.8219408629724972,0.9507887323448734,-0.006441754867128736,-0.24386187353716512,0.9657683278332728,-0.16141050578824842,-0.7881719069265976,-0.038721739803673626,-0.9300113485248,-0.6913544812983017,0.0638858805566956,0.3523965212539235,0.992622913857038,0.955270404527008,0.9657427052886023,0.327681702527586,0.7459323801609654,0.7813673866287114,-0.009267226638464137,,,,0.9821613900509655,0.2135713544238447,0.9671328732980777,0.9593149288493314,0.9645236171726173,0.7459323801609654,0.9086622508714556,0.30043433076302184,0.7459323801609654,0.7716840771634376,,-0.06430434463935897,0.9559928241452691,0.7813673866287114,-0.8863598959256331,0.9970950764237485,-0.0841109800846877,0.9579754585146505,0.9531460816245454,,,,,,-0.0841109800846877,-0.0841109800846877,-0.2508447278709294,-0.25154006167209464,,,,,0.03809434046681555,-0.0642629885437162,,,,,,-0.2362216887707834,,-0.006072620105050447,0.33361071808942555,-0.009267226638464137,,,,,,,,,0.3336107180894257,,,,,0.9602630043160958,,,-0.02618912278389665,,,,,,,-0.10255236981519293,-0.10255236981519293,,,-0.0781354988335942,,,,,,,,,,,,-0.08419962620461498,-0.07274179508995991,,,,,,,,,,,,,,,,
rdkit_Chi2v,-0.2772022664484563,0.989762884762453,-0.028104173717440686,0.2743247810279409,0.2193456844814041,6.67991651377792e-17,0.6932456343762012,0.6932456343762012,0.2932930680032677,-0.43286361234905496,-0.8019131871218813,0.5625703338207378,0.9897633823477563,0.9889459964516072,0.9897614288927743,0.9886470214214393,,0.16578253481921845,0.08365409454794566,-0.09562747324834854,0.19715228605336516,-0.7027777773109365,-0.6607968279267493,-0.5758336588730316,-0.02622028295332493,-0.5117734326865854,0.7719004025265971,-0.6286307289940719,0.7558776492768817,-0.5670500504630702,-0.13134094413912917,-0.6325190156610908,0.30771044754297683,-0.5644730720070666,0.9868284478169422,0.9892476410128123,0.9943236274491786,0.9967494940514866,0.98942739042591,0.9945658699392155,0.9976959151467611,0.996399165032247,1.0,0.9957188262930644,0.9985405634326877,0.9922091270402154,0.9947310512899937,-0.6158020573821088,0.48278544004619106,0.9858886925942987,0.9714971670579596,0.9412660256117743,0.9932244371831794,0.9522408747475172,0.9437990019826235,0.41261528287627963,0.7925171871137611,,0.023447608237757187,-0.10221926013978046,-0.09849805824794444,,-0.010217220130306704,0.3420079938457336,0.3177299963680713,0.08322101309046931,0.944308004967098,0.9619848975654259,-0.10363610377416954,,0.033706779802623286,0.3219578213161075,0.9861389505356113,0.8978286021094081,0.3072978961447229,,,0.0007352680537144249,,,-0.01476956837597809,0.9653661905317522,0.9555358287255368,0.33236751649234064,0.304569145694704,0.3072978961447229,,,,0.9574469056503926,0.9686558953588832,0.9547107528900137,,0.0732387840701756,0.3046864894109758,0.2910447298364145,0.00089874757157911,0.3323675164923412,-0.027426206307319505,0.2996308216331846,0.8184544990647049,0.9596589372862832,0.013152656257522299,-0.24386826895816124,0.9581890434590571,-0.16301159461159592,-0.7860372128405425,-0.033985695039265046,-0.9244683816623928,-0.6884246002818606,0.001259071146385995,0.3629091107300304,0.9898815116114155,0.9475885609825291,0.9633916635552837,0.3256024135514528,0.7441897243375657,0.7793547729669872,-0.013254275053721634,,,,0.9772942097114332,0.21207628974132828,0.9640776389664873,0.9519966435654554,0.9659555618690571,0.7441897243375657,0.9053452574212951,0.29859672554675093,0.7441897243375657,0.7697595334184263,,-0.06817703568222308,0.9550467696913806,0.7793547729669872,-0.8783754307756646,0.9946058595839267,-0.08825506347657822,0.9494733170910039,0.9446916539559234,,,,,,-0.08825506347657822,-0.08825506347657822,-0.26255112223039645,-0.2631961650217226,,,,,0.03370677980262325,-0.0663409971266495,,,,,,-0.24475544083784845,,0.012849646424811127,0.33236751649234053,-0.013254275053721634,,,,,,,,,0.332367516492341,,,,,0.9566639325733072,,,-0.008824468050204787,,,,,,,-0.10854364762406453,-0.10854364762406453,,,-0.08106626160411427,,,,,,,,,,,,-0.01470615772427513,-0.042193718660501166,,,,,,,,,,,,,,,,
rdkit_Chi3n,-0.277290931789226,0.9855623052621845,-0.022919919224838416,0.26212375928584747,0.2153683316125094,2.0612844638862585e-16,0.670669365889949,0.670669365889949,0.30310240485768447,-0.37457455182993776,-0.7995683610510389,0.5678921221545828,0.9855629369450056,0.9841529599073641,0.9855653594151565,0.9868656122330872,,0.13353319003309916,0.0857762280834511,-0.11858051554401444,0.1685596244366385,-0.7106783475547338,-0.6677554597488357,-0.5818075818652337,-0.057946145248259,-0.5304914968202199,0.7720996397421167,-0.6323106156540618,0.7521777980765771,-0.5646061306200301,-0.16734168650958248,-0.6318883290593558,0.3079620267543597,-0.5684918925637233,0.9851364768376082,0.9864169365560194,0.9933846978779323,0.9916015260624451,0.9870627859195085,0.9948792985529948,0.9928271585754392,0.9991493677161384,0.9957188262930644,1.0,0.9946196161300136,0.9982970718254657,0.9921028522500258,-0.6501736830731086,0.47984460205098345,0.9811951055988222,0.9644259435654166,0.928309875406654,0.9886733663912392,0.9543161395112334,0.9446120948004555,0.4204767068291504,0.787817372376057,,-0.05162643309897721,-0.11924293824746787,-0.12033253991094936,,-0.024244350964612717,0.3708418612115113,0.3468471002145755,0.09572181336608904,0.947994956765505,0.9564748009722152,-0.17764960822589348,,0.02485111479570599,0.35117517789834557,0.9906123588173233,0.8945019933123424,0.3271488436149589,,,-0.006294300820721417,,,-0.05274671728529053,0.9582659035990145,0.9447693600387251,0.3614857136149685,0.3323563157587219,0.3271488436149589,,,,0.9516284320617743,0.9649586118913278,0.9480871728887739,,0.029020164890099117,0.33389869253190946,0.31274484143249814,0.015005324600505406,0.3614857136149685,-0.03354408165373604,0.3152902959623761,0.8160791791147897,0.9463598341460089,-0.003112320828378382,-0.2622332952671874,0.9571606428549742,-0.1696720498807679,-0.7818975070789805,-0.026577475233814984,-0.9186732451682698,-0.6744341330958832,0.06834032227789703,0.3610253113874966,0.9875388052782931,0.9452615563898075,0.956457450613067,0.3548151094953378,0.7433467902059111,0.7826865623605622,-0.022454801639231838,,,,0.9770516023221469,0.2130268322447537,0.9583989845257661,0.9490453515972834,0.9553732339782579,0.7433467902059111,0.8965252901868745,0.3288293403893751,0.7433467902059111,0.7721641991119687,,-0.0613931176423597,0.945020073985349,0.7826865623605622,-0.871111988406418,0.9935200387989932,-0.08997685076149986,0.9488081896067876,0.9434080177780763,,,,,,-0.08997685076149986,-0.08997685076149986,-0.2678329707535634,-0.2685112879670715,,,,,0.02485111479570599,-0.06410864431948199,,,,,,-0.24763049038987553,,-0.0027742119582650723,0.3614857136149686,-0.022454801639231838,,,,,,,,,0.36148571361496834,,,,,0.9556494183598009,,,-0.022998207664527554,,,,,,,-0.107514781154633,-0.107514781154633,,,-0.06962776922136642,,,,,,,,,,,,-0.0862259550414869,-0.0776824116501176,,,,,,,,,,,,,,,,
rdkit_Chi3v,-0.2577643897511139,0.9826128144163873,-0.026862811952390105,0.2689423179835096,0.21733554772808866,1.3857777284791525e-16,0.6909176927692032,0.6909176927692032,0.2893229099619038,-0.4182012091116282,-0.785957357899394,0.5732081154050077,0.9826134739798145,0.9816548813771462,0.98260447686544,0.9810431269014485,,0.1460306358529019,0.08775286585929853,-0.1111470271497028,0.17928295558480373,-0.699144418669584,-0.6550748860366573,-0.5684190113619673,-0.031658587594574975,-0.5302897281623985,0.7764373239443374,-0.6349761639546964,0.7600412796122213,-0.5666504446839962,-0.15131468646172538,-0.6347017488413672,0.3103195640483327,-0.5679639513182806,0.981266104290017,0.9815546027169733,0.9886961191074657,0.9923546935735469,0.982215808542712,0.9894383873089898,0.9933959745142196,0.993409810731897,0.9985405634326877,0.9946196161300136,1.0,0.9930789206706877,0.9982566232425121,-0.5871370475446889,0.47473460513067894,0.9775429497545614,0.960545246524536,0.9254105952291002,0.9874854541403782,0.939049562639572,0.9309076200733197,0.40408938795939714,0.7843263525314097,,0.04697773119588211,-0.12083877287834718,-0.11571751819053566,,0.0016059440982806074,0.368475691499322,0.3437750582224225,0.08984858725348581,0.9356177194600533,0.9500898005896231,-0.08857469920662087,,0.02011809963498535,0.3487915052090198,0.9829509668741472,0.8878563382379224,0.3241448760580667,,,-0.011506276083867898,,,-0.004399097165750599,0.9554682669751583,0.9460089664603882,0.35934527144136286,0.32869360666173514,0.3241448760580667,,,,0.9442007586406556,0.9586728122343008,0.9432154751284745,,0.10315118199174501,0.33132701395337283,0.3088493634064438,0.008719271354347548,0.3593452714413629,-0.0355924055292468,0.32304548634711916,0.8108309403363829,0.9546214391053952,0.025811456724510132,-0.2702997371919329,0.9469699822918636,-0.1709683002243514,-0.7781114330164594,-0.021473920299804,-0.9105272209261344,-0.6694961372798001,0.009097448840887456,0.3740441658135394,0.9826782537235446,0.9339631613608036,0.9515093676319839,0.3518046903508488,0.7404063897094745,0.7793616086718809,-0.026647838155957414,,,,0.9700831052496713,0.21092100968630803,0.953299187307187,0.9381237544681211,0.9550316758204921,0.7404063897094745,0.8907600486708964,0.3261412090946817,0.7404063897094745,0.7689611064761256,,-0.06533387722954663,0.9427630280955211,0.7793616086718809,-0.8600331411127224,0.9891470719947367,-0.0941541415893597,0.9376146310313013,0.9322771501155657,,,,,,-0.0941541415893597,-0.0941541415893597,-0.281879424010834,-0.28279809734465144,,,,,0.020118099634985346,-0.06614984074402949,,,,,,-0.2592003126691633,,0.025279729633890795,0.35934527144136313,-0.026647838155957414,,,,,,,,,0.3593452714413632,,,,,0.9503034288945755,,,0.0030765387615085257,,,,,,,-0.11360162615966585,-0.11360162615966585,,,-0.07253921113402591,,,,,,,,,,,,-0.017177953111731075,-0.06352932346911959,,,,,,,,,,,,,,,,
rdkit_Chi4n,-0.26462145652167013,0.9753092509842108,-0.025706385166826398,0.2618560387293212,0.21274744863434034,-2.6144282938731214e-16,0.6726023143473671,0.6726023143473671,0.295431729342945,-0.3648787456006716,-0.7892723603468365,0.5774168709873825,0.9753100910549426,0.9735749512430364,0.975309408122762,0.9767484401436574,,0.13382423446785238,0.0872530691519037,-0.11808505338105081,0.168221660712662,-0.7038732146314839,-0.6575976779843394,-0.5683661221294503,-0.05511734988168409,-0.5649041728804839,0.7769112411753704,-0.6457371021005147,0.7650849848830017,-0.5692515977632157,-0.1681390206155155,-0.6333542138662549,0.3245240825833768,-0.5678921983900062,0.9761023600580158,0.9761388187289843,0.9858344577866679,0.9841430733078851,0.977188840520708,0.9881258177001782,0.9862527546346164,0.9954705191610624,0.9922091270402154,0.9982970718254657,0.9930789206706877,1.0,0.9939810347560136,-0.6373484504360823,0.4544685389387503,0.9695266520681023,0.9500508873948709,0.9113859270523682,0.9795525946768595,0.9380106849289587,0.9269939869437418,0.4290889046714397,0.7664944598178226,,-0.051471905166114856,-0.12028420072533794,-0.12000527085013946,,-0.021577547605967168,0.41446935684311914,0.39014188706228164,0.1222983210004267,0.937668493066014,0.9398604626520956,-0.17905716335707653,,0.027609894100919824,0.39446737205181737,0.9893432530693346,0.8724529357152054,0.3585899261528801,,,-0.004643376968315123,,,-0.04930138411085914,0.9416059768160824,0.9314338670547917,0.4052888575647815,0.37603276141386244,0.3585899261528801,,,,0.9340010173477034,0.9501595026675588,0.934191397146332,,0.04837574895788944,0.3769459115555839,0.35328724812103046,0.029991966102789,0.4052888575647813,-0.03277878515509979,0.3600356337649023,0.7957406490609887,0.9348040772848673,0.0003825618607619819,-0.2675175253580747,0.9399604035409889,-0.1846739276070245,-0.7588410692281556,-0.0283144472539465,-0.9016386886734498,-0.6373005569165817,0.06747547117842287,0.3642829317690953,0.9777437600016887,0.9270301110885641,0.9399828736456792,0.3971107332468575,0.7422959176817016,0.7876775088494472,-0.019575854412723543,,,,0.9686578306778965,0.22298590923056683,0.9418292856253901,0.9307421653573682,0.9390120349513154,0.7422959176817016,0.8743364629615417,0.3713975288870117,0.7422959176817016,0.7756848430581217,,-0.05845725724371352,0.9283279764013278,0.7876775088494472,-0.8442216974675744,0.9863490269267526,-0.09176220043308618,0.9304765517008209,0.9242041865534333,,,,,,-0.09176220043308618,-0.09176220043308618,-0.2746891512242164,-0.2755806948177793,,,,,0.027609894100919824,-0.06600221937554432,,,,,,-0.25432469562798227,,0.0007199075846103487,0.40528885756478167,-0.019575854412723543,,,,,,,,,0.4052888575647815,,,,,0.9437949805918038,,,-0.020271117550177863,,,,,,,-0.11259437415310013,-0.11259437415310013,,,-0.061183489685701614,,,,,,,,,,,,-0.08357555478061637,-0.07449746698308644,,,,,,,,,,,,,,,,
rdkit_Chi4v,-0.24463127865876327,0.9716788522453607,-0.030009546273179658,0.26889715538463416,0.21441356435471798,1.2494701489753447e-16,0.6940155121885253,0.6940155121885253,0.281324353950629,-0.41231746399707314,-0.7747688892172151,0.5826009181702881,0.9716797120441572,0.9704197106257109,0.971668641775027,0.9701149870852742,,0.14800371597231105,0.0892918464461061,-0.10926686935835987,0.18030902015746522,-0.6912885281780683,-0.6439336453911219,-0.5540179276632413,-0.0281766062689913,-0.564791618101847,0.7811700019483883,-0.6484495577192648,0.7732970905074399,-0.5713421171214361,-0.15075151486296226,-0.6360945531706952,0.32637532793289276,-0.5670194688899536,0.9715716590910626,0.9705294927240284,0.9804027753315412,0.9844430808807483,0.9715853848392837,0.9818836009524436,0.9863731701228106,0.9889066292447749,0.9947310512899937,0.9921028522500258,0.9982566232425121,0.9939810347560136,1.0,-0.5706406198080334,0.44912766048630764,0.9651953162273857,0.9454733886016332,0.9079156053773809,0.9777927330767675,0.9214396482176295,0.9120416146048503,0.41154466977053294,0.7623147540269314,,0.05357922995504262,-0.12131815388896978,-0.11413661539357647,,0.0026229028306952945,0.4118020487305672,0.3867396668489495,0.11605004280594267,0.9237467918181387,0.9327864319735664,-0.08555070660608777,,0.022606801944383848,0.3917894611159856,0.9807287818459025,0.8649293049937596,0.3552746794669507,,,-0.01013879672217351,,,-0.0005525229739042599,0.938231996476771,0.9323993489831022,0.4028631384067729,0.37201298313392184,0.3552746794669507,,,,0.9258577050374454,0.9430635474686027,0.9286556379376516,,0.12694451118098554,0.37407659028230245,0.34903159107311016,0.023347026570883687,0.40286313840677274,-0.03492650132413933,0.3686342940377141,0.7889870561906535,0.9432706036005754,0.027648215058540825,-0.27539795501177067,0.9287907527504358,-0.1859655526755609,-0.7543948860169394,-0.022920542160553684,-0.8926693784719008,-0.6318611584399071,0.003098472895875621,0.3779915718498642,0.972131794831478,0.9147855179958756,0.9344408113344297,0.3937710407939612,0.7388151523670594,0.7837734280632388,-0.02399114684805016,,,,0.9607729276847606,0.22067588171373956,0.9360723079386266,0.9188934733923946,0.9382742652505838,0.7388151523670594,0.8678084419414025,0.3684076648859769,0.7388151523670594,0.7719137175945293,,-0.06259138718476853,0.9254775186366833,0.7837734280632388,-0.83233138220166,0.981186198709052,-0.09613168254598893,0.9182529784022454,0.9120492929022066,,,,,,-0.09613168254598893,-0.09613168254598893,-0.2894943914978917,-0.290651930253354,,,,,0.022606801944383838,-0.06812885155408467,,,,,,-0.26656275575910865,,0.027060261064060644,0.4028631384067727,-0.02399114684805016,,,,,,,,,0.4028631384067725,,,,,0.9376285271489605,,,0.004144218263587968,,,,,,,-0.11896886368609036,-0.11896886368609036,,,-0.06423234311882516,,,,,,,,,,,,-0.008822410130585108,-0.05788045106233538,,,,,,,,,,,,,,,,
rdkit_HallKierAlpha,0.42157970837989545,-0.6700293668984441,0.007941433420705763,-0.15454972670286998,-0.1433277450938534,3.134516039832881e-16,-0.5126785373872446,-0.5126785373872446,-0.15247887739462618,0.09780506543204447,0.6561066790660026,-0.13507355389562276,-0.6700289136681601,-0.6683807382149196,-0.6701534888934019,-0.6861035028235788,,-0.2668651549276858,0.25907722314722287,-0.13851562119126884,-0.3346740069126977,0.38169179324670993,0.38062539159200676,0.3535193112257968,0.30772472767226783,0.30147904826224214,-0.4757908518542152,0.3516536780830048,-0.39860746244019185,0.38911164220530486,-0.07372854051317858,0.36597654966034576,-0.14730935418719363,0.23287094238444217,-0.678523255981356,-0.6872049595417528,-0.6780916031660141,-0.6457900417812305,-0.6821277999201188,-0.6749629478505329,-0.6399036300596779,-0.6648905250350812,-0.6158020573821088,-0.6501736830731086,-0.5871370475446889,-0.6373484504360823,-0.5706406198080334,1.0,-0.26928470292598566,-0.6843313288823957,-0.6957366751727032,-0.7131857798093871,-0.6599849423785662,-0.7250811749220295,-0.7067793457159475,-0.4145554031693668,-0.5866468515636016,,0.5301136280590499,-0.1985431157076306,-0.1357473886820237,,0.26244830437544164,-0.10590861804641732,-0.09450230351546766,-0.22561900237696259,-0.6578582759257986,-0.6894837095913257,0.4346313674790215,,-0.349575214612662,-0.07863027639429987,-0.6660482480847417,-0.6126516190227136,-0.17138743407951393,,,-0.28159393145760064,,,0.3909207907439709,-0.6620674001293826,-0.664326223372709,-0.08911540714751798,-0.13554407374761798,-0.17138743407951393,,,,-0.7065434849449903,-0.6781644558532676,-0.6962121448011034,,0.36509547317304675,-0.07878576993389275,-0.2264828009863688,-0.004611769025051062,-0.08911540714751806,-0.21196879816836242,-0.039573366032608616,-0.5158587089961524,-0.5571470322387138,0.2540877412618084,-0.2976621221837331,-0.6958282519262007,0.10161190123301984,0.5775995125407714,0.3098515188282266,0.683807613988258,0.5307556453213482,-0.3292520495862354,0.18404176793815327,-0.6830400114644185,-0.7051744213256951,-0.6894621324285116,-0.10182586360436197,-0.45980971005431487,-0.46738194028916225,-0.3106799092225137,,,,-0.6692308896589628,-0.1279112148383111,-0.6776053935924929,-0.7057076024541311,-0.6606988165770681,-0.45980971005431487,-0.7152156145673793,-0.05980332023299939,-0.45980971005431487,-0.46224428824056646,,0.11215895091828411,-0.6887410984383625,-0.46738194028916225,0.692601049738922,-0.675582955699188,-0.23916734689852512,-0.6842444895802897,-0.6842464298267222,,,,,,-0.23916734689852512,-0.23916734689852512,-0.34251759775300933,-0.2964558125398971,,,,,-0.3495752146126617,0.07899975951258531,,,,,,-0.15410981571723012,,0.24927024882217716,-0.08911540714751813,-0.3106799092225137,,,,,,,,,-0.08911540714751812,,,,,-0.6298649734138353,,,0.2625269036349747,,,,,,,-0.09992347645994705,-0.09992347645994705,,,0.11248515131540704,,,,,,,,,,,,0.4112118167255104,0.11401959772294724,,,,,,,,,,,,,,,,
rdkit_Ipc,-0.1268061805898799,0.5209009519441834,-0.02982236646808882,-0.10883947331696942,0.20762827033352307,4.097664266799523e-17,0.236983817115754,0.236983817115754,0.18125567039575993,-0.2117899909152139,-0.29195233928336417,0.15662741220395607,0.5208990589275393,0.5231513871591763,0.5209297567262409,0.519516327562293,,0.0545592106711274,0.029007983900501282,-0.03638950450641029,0.06635845420503629,-0.28891203224823053,-0.3106907448208674,-0.30812923492019295,-0.020152504498205537,-0.026940062668072563,0.2544009744301374,-0.11318135673916024,0.21222907714628264,-0.11307157845517431,-0.07221790623470785,-0.17506850075211877,-0.0477659895172033,-0.163635015646466,0.5813394037915796,0.5196205248439901,0.5053279292872419,0.5036806457793155,0.5174258122668567,0.497660757629963,0.4961485693713948,0.48546676497248376,0.48278544004619106,0.47984460205098345,0.47473460513067894,0.4544685389387503,0.44912766048630764,-0.26928470292598566,1.0,0.5191283459669506,0.4805071968656239,0.44084543703745477,0.5130271353453679,0.5442417962330064,0.5574124418495408,-0.04141633371714336,0.8692636996882195,,-0.017750969708078053,-0.05284554641902763,-0.035257366618193973,,-0.01782482241298366,-0.015397315234906728,-0.020206713926540203,-0.03957293881616504,0.4472799069386524,0.5526463839691313,-0.07338271642957431,,-0.031957040101268104,-0.01554660218145956,0.40666357580482204,0.7377106730644225,-0.019778138328637868,,,-0.03525148972521016,,,-0.025338446343029074,0.5476996872484607,0.5493672775042088,-0.013886631770141884,-0.02422439013495613,-0.019778138328637868,,,,0.5440770938945216,0.5452958315960411,0.4599187456577147,,-0.06682969736832921,-0.016844553205262815,-0.025830410814915165,-0.04250279202844919,-0.013886631770141883,-0.013888960896513015,-0.02959580168209107,0.6030578176484368,0.5658793267703021,-0.014012971439444057,-0.11017177613077786,0.5524995998401263,-0.009022979559401286,-0.9205812218773709,0.03446474730126316,-0.4360373482372796,-0.6508043468649842,0.018929864631130614,0.10644415171694084,0.5183423049454745,0.5280392397896028,0.5506176246377731,-0.019777585512221193,0.26026572105863927,0.2515449177565975,-0.028375364693618784,,,,0.44651356051627783,-0.013886118039024934,0.5518016507719621,0.5316202927822185,0.5496325920797861,0.26026572105863927,0.6131775538310388,-0.017639743398062714,0.26026572105863927,0.25488070829565185,,-0.02672931770774535,0.46899706880045716,0.2515449177565975,-0.5397745766873925,0.49673938043111715,-0.02837536480466252,0.5317226823484258,0.5348592512269621,,,,,,-0.02837536480466252,-0.02837536480466252,-0.11042955070363895,-0.11397627001869018,,,,,-0.031957040101268104,-0.01388896089651331,,,,,,-0.0984379112840739,,-0.013888960896511425,-0.013886631770141884,-0.028375364693618784,,,,,,,,,-0.013886631770141888,,,,,0.5511886412162064,,,-0.017641962265973195,,,,,,,-0.04134512588445212,-0.04134512588445212,,,-0.019779796852024353,,,,,,,,,,,,-0.024397628313755873,-0.01977979685202434,,,,,,,,,,,,,,,,
rdkit_Kappa1,-0.31438962132571063,0.9983232399444777,-0.01752036882241181,0.28493012959806024,0.22060877719634323,7.325904481717196e-17,0.6783977912592764,0.6783977912592764,0.29756800951183915,-0.4221526762868239,-0.825451628535876,0.5182276173447453,0.9983233199043275,0.998164377807714,0.998331347976237,0.9982971944378144,,0.16892238160307024,0.050319349562934566,-0.07776944603527212,0.20479608729178372,-0.7090078335114897,-0.6780677062080551,-0.603850655071953,-0.036511270030586164,-0.4186337773886434,0.7437331394722114,-0.5872705438973558,0.7033695324658595,-0.5551373960533135,-0.12145473976275391,-0.6192335980406123,0.2753348923057091,-0.5727775073616796,0.9896958543673607,0.998238495809694,0.9963599814725966,0.9956316658057233,0.9974800633740516,0.9944047740230721,0.993610832982761,0.987634416390462,0.9858886925942987,0.9811951055988222,0.9775429497545614,0.9695266520681023,0.9651953162273857,-0.6843313288823957,0.5191283459669506,1.0,0.995341211493831,0.9737496114830727,0.9977255431336929,0.9834246556277813,0.9759821079522998,0.41616857386893435,0.8215979023336465,,-0.031129845653619852,-0.07933460422521091,-0.08288274508990898,,-0.022101262589646536,0.2217611592198707,0.19779638679153955,0.03648829131344692,0.9571911562530228,0.9889238404683575,-0.1314350734123426,,0.05624879072206054,0.20482511446317492,0.9756393272357442,0.9304628040909383,0.2236406918692396,,,0.033304113070620686,,,-0.042438716240111043,0.9895690924211377,0.9727864207209284,0.21109291175241632,0.18835318646961344,0.2236406918692396,,,,0.989387315043732,0.9900419111212756,0.9770736851541371,,-0.007381293817058148,0.18591118892217462,0.19347669149561197,-0.03735844300783972,0.2110929117524163,-0.012302614138061448,0.17374242755426622,0.8484985475799424,0.9632005420033432,-0.009509905032880803,-0.19477233058825857,0.9859574943967171,-0.10086860266133717,-0.8184161468736642,-0.063688162646533,-0.9586957997764337,-0.7639710430231395,0.039633568590621227,0.3228436354239507,0.9981519118772824,0.9833791211838964,0.9900448534475434,0.20715404739567736,0.7442327374513001,0.7625214863217894,0.009847180979304593,,,,0.9854815718672407,0.2036090416492334,0.9890044873406635,0.9840365054707988,0.9899647960978686,0.7442327374513001,0.9435285540195217,0.17742572734986356,0.7442327374513001,0.7568151436002811,,-0.08048094165982479,0.9866303661802511,0.7625214863217894,-0.9366156941812058,0.9960601367407254,-0.05738689535594241,0.9796325053946754,0.9773866296342131,,,,,,-0.05738689535594241,-0.05738689535594241,-0.20417959430373395,-0.20893430127672513,,,,,0.056248790722060474,-0.03940083781352956,,,,,,-0.2041407199155965,,-0.009316970888465148,0.21109291175241626,0.009847180979304593,,,,,,,,,0.2110929117524163,,,,,0.9693124879444702,,,-0.021385367481136244,,,,,,,-0.085367643564324,-0.085367643564324,,,-0.09686631944205877,,,,,,,,,,,,-0.06223239591225213,-0.060225915937959534,,,,,,,,,,,,,,,,
rdkit_Kappa2,-0.32301878217804997,0.990412706830586,-0.022118018556082523,0.31110324053607913,0.22165570663017034,2.679300353439301e-16,0.6829123959344119,0.6829123959344119,0.2821057084805473,-0.4058359536988938,-0.8416981457199224,0.4862254960330198,0.9904128468512262,0.9903624512814382,0.9904243999995892,0.9905376430071355,,0.1524423489460713,0.051204381938913905,-0.08708074073228017,0.18933338859090745,-0.701066063706677,-0.6733203048693887,-0.602240673209371,-0.04512382832201407,-0.392400731403689,0.7204688951425735,-0.5747877938676811,0.675628281129221,-0.5501291402091901,-0.11166655366004061,-0.6082747272340218,0.2977889921388298,-0.5664053020271015,0.9746158174398516,0.9911058636061573,0.98695681427068,0.9860548266683237,0.9897469646084113,0.9842865559800082,0.9828726086326096,0.973725009158713,0.9714971670579596,0.9644259435654166,0.960545246524536,0.9500508873948709,0.9454733886016332,-0.6957366751727032,0.4805071968656239,0.995341211493831,1.0,0.9866682324289161,0.9894108787546321,0.979198744431849,0.9722056419343373,0.4416076823095714,0.7941925195719148,,-0.02951871575708511,-0.06201686850695871,-0.09181352849099658,,-0.026748318082449044,0.19021758237878403,0.16426443767578267,0.03383581243357795,0.958498339914955,0.9845198617928472,-0.11691412343224458,,0.08239905216009141,0.173210626240548,0.965655715266028,0.9201028274661118,0.20917286973225846,,,0.06184635146498786,,,-0.05058736351393975,0.9866665985614557,0.9635911564947425,0.17792526020987634,0.15806826283041137,0.20917286973225846,,,,0.9877061950361823,0.9847613258901997,0.978164977773976,,-0.01081868155723737,0.15571573892669782,0.17442438043239875,-0.05400382842703287,0.17792526020987645,-0.0048558469512619065,0.1388171723714502,0.834048494141426,0.9471133346078683,-0.018216959300502877,-0.164781688807371,0.9829636844951457,-0.08067757634370433,-0.7904271504159085,-0.09267852639479389,-0.9627899953208192,-0.7623471114173132,0.04875822064175259,0.3046696764745249,0.9901168903024334,0.9829196042921986,0.986274414421942,0.17422866540973417,0.7395952993235737,0.7532630272762835,0.03232025810701517,,,,0.9806693399831491,0.21544852484955415,0.985559292883958,0.984415798160842,0.9858545254847559,0.7395952993235737,0.9464551539358825,0.139824774300166,0.7395952993235737,0.7481877502126,,-0.08770529335802639,0.9961627738011175,0.7532630272762835,-0.942669446046693,0.9871833099366129,-0.05762886231427393,0.9795485885131493,0.9781686963612698,,,,,,-0.05762886231427393,-0.05762886231427393,-0.1681904487735237,-0.16819049125422622,,,,,0.08239905216009127,-0.02868840953363606,,,,,,-0.17427206846792156,,-0.018048286277037598,0.1779252602098765,0.03232025810701517,,,,,,,,,0.17792526020987634,,,,,0.9555118254738185,,,-0.026301022186469025,,,,,,,-0.07070077291766974,-0.07070077291766974,,,-0.10805186146019907,,,,,,,,,,,,-0.07307118295393412,-0.07541873168164848,,,,,,,,,,,,,,,,
rdkit_Kappa3,-0.335949267602869,0.9631054861585976,-0.03909655499667772,0.3259197096225691,0.21825211040879874,-4.911844183650557e-16,0.696426466946721,0.696426466946721,0.23581440653210917,-0.4419027563203995,-0.834794094475636,0.3942448523062899,0.963105757704392,0.9631113908758349,0.9631237891006901,0.9628435325348222,,0.21291952616248092,0.01571756480440811,-0.01831662256660741,0.24346018093786148,-0.6450946613803165,-0.6285488069448419,-0.5696415354401405,-0.0028677523864214767,-0.3693781572823528,0.6591756437526095,-0.5223026699644818,0.6348423290619827,-0.503748754524894,-0.016141413508349786,-0.5412310089253567,0.28551693312973997,-0.5200517749003281,0.9457998548040029,0.9653033968968835,0.9591486084709424,0.9590046438459499,0.9612323026407696,0.9538552819560147,0.9543962226026179,0.9414331321712079,0.9412660256117743,0.928309875406654,0.9254105952291002,0.9113859270523682,0.9079156053773809,-0.7131857798093871,0.44084543703745477,0.9737496114830727,0.9866682324289161,1.0,0.9615664701730428,0.9487644953038977,0.9383083874641638,0.4175472161297632,0.7693276431866066,,-0.016499086105937547,0.01682231565476855,-0.018705604782530562,,-0.03605954100167546,0.18075588604254467,0.15749947621485125,0.08078307265161384,0.9386715798224009,0.9572098188713083,-0.06438294962838398,,0.14357335056176196,0.16695949025693413,0.9324826927775547,0.8857660166361034,0.2023519331471413,,,0.1287564515426955,,,-0.03983791052004365,0.9566158712984406,0.9356876249841881,0.16842586218255864,0.16459537725678158,0.2023519331471413,,,,0.9658570323522211,0.9530663700090504,0.9550082192496001,,0.012243233773147937,0.15182054311492896,0.19802879376330348,-0.05671080245343913,0.16842586218255878,0.05589592322554065,0.1395384986213183,0.7981166340997875,0.9073786399452008,-0.03706710755986145,-0.05086482281770419,0.9524483359692428,-0.05372556587829345,-0.7618859782091169,-0.15312641556385687,-0.931409629985938,-0.734338047547884,-0.015166054172610155,0.21991833641231803,0.962282100834733,0.9595620019973818,0.9609443710876014,0.1591621628635467,0.6927188446627756,0.7049470314826543,0.10027342396403409,,,,0.946223045127836,0.19618683105701298,0.9560237467155922,0.9616356239901083,0.9613312136646561,0.6927188446627756,0.9478379252005208,0.12270818624699177,0.6927188446627756,0.6998820023949441,,-0.10719903174614234,0.9918426088063226,0.7049470314826543,-0.9170871407615641,0.9606043669953177,-0.0157649650360435,0.948940131024148,0.9479134597181044,,,,,,-0.0157649650360435,-0.0157649650360435,-0.07200575897621762,-0.07537404886522425,,,,,0.1435733505617617,-0.003316848150826565,,,,,,-0.10877018375613494,,-0.03693598678355037,0.16842586218255867,0.10027342396403409,,,,,,,,,0.16842586218255884,,,,,0.9077069295658055,,,-0.036236637521130044,,,,,,,-0.04545577831156664,-0.04545577831156664,,,-0.13520537599180807,,,,,,,,,,,,-0.016266941867183447,-0.009471034861323923,,,,,,,,,,,,,,,,
rdkit_LabuteASA,-0.30689396793842216,0.9993893661619419,-0.02112554159158656,0.2824665055846799,0.22405240959689066,-2.458865466541326e-16,0.6839292472304387,0.6839292472304387,0.30656499167600126,-0.42165783576157395,-0.8176665098665813,0.5479700902901153,0.9993894971692513,0.9991837720627214,0.9993912744215177,0.9987447202502645,,0.16128670242510784,0.06805486154081337,-0.09615782365411597,0.19732679153472515,-0.7127948690758347,-0.6753955741827641,-0.5955451907007504,-0.03851350387246358,-0.4420284988184224,0.7618785976638175,-0.6077176473753232,0.724015399357435,-0.5684639461309848,-0.13534193378199505,-0.63594196345827,0.28919797261852653,-0.5682955017802783,0.9920667271808576,0.9989210687536888,0.9987223420975725,0.999165892869268,0.9990364606617333,0.9979580745580784,0.998405794516823,0.9931993860229386,0.9932244371831794,0.9886733663912392,0.9874854541403782,0.9795525946768595,0.9777927330767675,-0.6599849423785662,0.5130271353453679,0.9977255431336929,0.9894108787546321,0.9615664701730428,1.0,0.9782451896280359,0.9721773751788377,0.42108853676131724,0.817920768848067,,-0.011792243453170866,-0.09210144346845174,-0.099501668036263,,-0.01213797014776177,0.2465442346789086,0.22197188666036513,0.04693422722332694,0.9554618142451614,0.9850261442414507,-0.12225735888562754,,0.04904578356459267,0.22769703754504253,0.9822638104348169,0.9260631062001078,0.24126764581972115,,,0.019977188064812478,,,-0.030353741301212957,0.9874199104068176,0.9747566288174124,0.23601806183223667,0.21120993971336266,0.24126764581972115,,,,0.9825224250816791,0.9891345971062411,0.976084026003488,,0.009199508824801984,0.2106051712166661,0.21203497149096925,-0.028044348941499396,0.23601806183223667,-0.019283544156074684,0.20008525431827864,0.8430546948368247,0.9699942447074743,0.0065934924015568904,-0.22176037556390862,0.9818064190021364,-0.1227185345279798,-0.8130609321746012,-0.052254024000797115,-0.9555781266404889,-0.749605406098117,0.03699835117067048,0.3465355425839557,0.9992102577818964,0.9740146270168115,0.9862960395430141,0.23262756419588923,0.7569855870879576,0.7787112677311201,0.0019355620952741643,,,,0.9882983366508866,0.21641492266099902,0.9867082681314868,0.9773077787933355,0.9872320247018196,0.7569855870879576,0.9306752076614578,0.20364728127901885,0.7569855870879576,0.772268153087306,,-0.07274436129386373,0.9761031535093277,0.7787112677311201,-0.924351002514576,0.998313426893212,-0.07318495206673747,0.9744280256941018,0.9715749152185373,,,,,,-0.07318495206673747,-0.07318495206673747,-0.23087943764055507,-0.2331195703537703,,,,,0.04904578356459266,-0.05450026588948272,,,,,,-0.22433476391947726,,0.0065980655057199114,0.23601806183223664,0.0019355620952741643,,,,,,,,,0.23601806183223673,,,,,0.9743502754266727,,,-0.01101978852925544,,,,,,,-0.09411432634454277,-0.09411432634454277,,,-0.08565256400616635,,,,,,,,,,,,-0.05461248285035381,-0.06601585419100978,,,,,,,,,,,,,,,,
rdkit_PEOE_VSA1,-0.3525912117068238,0.9837837451023936,-0.010278662077090224,0.26257164050076504,0.21737681184981877,4.017539294224413e-16,0.5976249671829956,0.5976249671829956,0.3428037486918583,-0.38603829913840715,-0.8216036622059957,0.5400622746263706,0.9837830814886043,0.9841312507416551,0.9838096638293502,0.9861948475464271,,0.1479456006854855,0.07235328755481618,-0.10284274053253295,0.1833206092744392,-0.7410787248230257,-0.7107904002981271,-0.6384523354001834,-0.07013723452975966,-0.33031318915511987,0.740527089789049,-0.5715277066414574,0.6781235804524772,-0.5598617794512062,-0.17416926401026625,-0.6395870023040326,0.2405439039773654,-0.569194037049979,0.9720385783145975,0.984041328048108,0.97641118556193,0.969660204611106,0.9847594600538634,0.9757506430361451,0.968620789127953,0.9631647705698837,0.9522408747475172,0.9543161395112334,0.939049562639572,0.9380106849289587,0.9214396482176295,-0.7250811749220295,0.5442417962330064,0.9834246556277813,0.979198744431849,0.9487644953038977,0.9782451896280359,1.0,0.9960502232308481,0.42559621171739387,0.8341236063280132,,-0.14112711264893066,-0.12024423576563131,-0.10371029938612246,,-0.05406135607074064,0.10238242365425132,0.07929081159504471,-0.04318717328601181,0.9457118104119959,0.9948929364817432,-0.24930959659772559,,0.021799054473446655,0.0844133195083123,0.9526616748679994,0.9468526740497907,0.1323287515129666,,,-0.005999355740382449,,,-0.0968340657087383,0.9912779340395753,0.9711382711565331,0.09218980839451481,0.06450750510418926,0.1323287515129666,,,,0.993774877730952,0.9934663071231142,0.9753970560969124,,-0.15438194104153896,0.07011023925211066,0.07130604724041646,-0.06702300473837207,0.09218980839451478,-0.04558829348797255,0.049840711630390035,0.8659151493912389,0.9592758735861284,-0.03787237823493196,-0.22504892668903512,0.9945852775968163,-0.08203262380067003,-0.8334936854388397,-0.0258361531702679,-0.9782598883089781,-0.8242695261757581,0.10025370294614498,0.34806000740153265,0.9845377402989053,0.9918326007258291,0.9932757433544394,0.09597005260908566,0.7627163669332426,0.7648856560177018,-0.023620794478071694,,,,0.9799289755981566,0.21850491394368216,0.9936217532628572,0.9926353651910016,0.9881288996950283,0.7627163669332426,0.9300889323177247,0.06938827495444638,0.7627163669332426,0.7635595942042214,,-0.05943926305769642,0.9661238248467922,0.7648856560177018,-0.9717237723326104,0.9737649461075386,-0.07671638925115123,0.9910415993118727,0.9907756794380334,,,,,,-0.07671638925115123,-0.07671638925115123,-0.2318111534453646,-0.23283658015992004,,,,,0.021799054473446655,-0.057297984970524636,,,,,,-0.20055141396278478,,-0.03672164014634221,0.09218980839451481,-0.023620794478071694,,,,,,,,,0.09218980839451468,,,,,0.9814601531684103,,,-0.053172423079970575,,,,,,,-0.11271174484652689,-0.11271174484652689,,,-0.08509983243500299,,,,,,,,,,,,-0.13200007115054516,-0.06816957949119573,,,,,,,,,,,,,,,,
rdkit_PEOE_VSA10,-0.34512007419999485,0.9779539565742327,0.003162997934097161,0.25170376940108785,0.2139787316511915,3.2439482197164635e-17,0.6007190599011989,0.6007190599011989,0.3767284184358462,-0.3818656041041371,-0.8084525646276743,0.5398055221716108,0.9779529534842176,0.9786457491326165,0.9779764638750452,0.9797208537335109,,0.11692179104759648,0.11597321543018911,-0.1475815738719592,0.150870294358243,-0.7376324334061894,-0.7106328041429502,-0.6422561013075482,-0.0730312956808759,-0.30380718511087823,0.73299292055228,-0.5587491736440021,0.6610939973223036,-0.5558030081356949,-0.1768899995418618,-0.6338872685152858,0.22295504931782706,-0.5433558117674562,0.9659462359209164,0.9780031476750982,0.9686588420065552,0.9626616962518671,0.9792598698340581,0.9683474762813713,0.9617149929347147,0.9538078805550039,0.9437990019826235,0.9446120948004555,0.9309076200733197,0.9269939869437418,0.9120416146048503,-0.7067793457159475,0.5574124418495408,0.9759821079522998,0.9722056419343373,0.9383083874641638,0.9721773751788377,0.9960502232308481,1.0,0.40937198417452497,0.8412975413277344,,-0.1299787007020196,-0.10482960374884379,-0.14472835175830095,,-0.04604091077249447,0.06516032340907807,0.041001149148164745,-0.06452754355678926,0.9325830228722364,0.9920663837700096,-0.23817462582444415,,0.013609298503186701,0.04982815376001129,0.9409101191660068,0.9549625242425871,0.09177319791361005,,,-0.013134675836793598,,,-0.08980190699854525,0.9907320475653569,0.9716556421980929,0.057305027189461635,0.02628315931598888,0.09177319791361005,,,,0.9891710356863335,0.9927558154266947,0.9705146643113538,,-0.17060333025742067,0.0355087032631442,0.04113082452168696,-0.09210242274906462,0.057305027189461615,-0.07136730170720633,0.015199776856555986,0.875307183244762,0.9616446462926828,-0.029489421974834003,-0.2359155385174728,0.9927174573239564,-0.07093261485021754,-0.8408729245493591,-0.01254198252149738,-0.9795776870971167,-0.846072747590177,0.10490506678557873,0.35694528461329683,0.9782598257443087,0.9851224627111131,0.9905959615859911,0.06463063730170923,0.7698948265453756,0.7674908359998455,-0.02144138394011488,,,,0.9718120275955877,0.2288681323850187,0.9932527340026085,0.9892743258557516,0.986066413536238,0.7698948265453756,0.9263904083336582,0.045544268896270036,0.7698948265453756,0.7681204097543298,,-0.06577596436125692,0.9576200662147901,0.7674908359998455,-0.9760547861149945,0.9654163590545016,-0.11652722845881405,0.9901928525927132,0.9908349122365994,,,,,,-0.11652722845881405,-0.11652722845881405,-0.23925496241843502,-0.22619023626170795,,,,,0.01360929850318671,-0.056643634742196546,,,,,,-0.20975693180581373,,-0.02847652540831701,0.05730502718946159,-0.02144138394011488,,,,,,,,,0.05730502718946162,,,,,0.9829319230891446,,,-0.04511074774082015,,,,,,,-0.08689522550377331,-0.08689522550377331,,,-0.08126062598725736,,,,,,,,,,,,-0.13368505534886443,-0.08126062598725738,,,,,,,,,,,,,,,,
rdkit_PEOE_VSA11,-0.3284964509429981,0.42169664661139644,-0.01841813125703376,0.21601046156208686,0.06814388020459526,-1.0483233772014695e-16,0.4778037294042039,0.4778037294042039,-0.06366069606565407,-0.10844621212960229,-0.5997034518993691,0.4932380369643536,0.42169650174572904,0.42109809343378607,0.42173256099615447,0.4257578685537592,,0.15697984128731476,-0.03069250687218685,-0.008323527354510165,0.19129112898804415,-0.40235013548895826,-0.29523275973833013,-0.1663402587229371,-0.11822440267296558,-0.43373893455729556,0.5524985911683855,-0.6378365718089596,0.5412250201357587,-0.6193774043724953,0.014227268303070391,-0.6432730511274968,0.7173687417846677,-0.4772922477008372,0.34774665033947855,0.4224945774614519,0.4240986468952672,0.41521755156726314,0.42887863220127365,0.4325798532317017,0.42366601622954025,0.4254139625112697,0.41261528287627963,0.4204767068291504,0.40408938795939714,0.4290889046714397,0.41154466977053294,-0.4145554031693668,-0.04141633371714336,0.41616857386893435,0.4416076823095714,0.4175472161297632,0.42108853676131724,0.42559621171739387,0.40937198417452497,1.0,-0.08246655635442424,,-0.14574601426528178,-0.08425629545464243,-0.017660833699825775,,-0.08633658213251355,0.183537710454236,0.17022002325626662,-0.0751576136216847,0.36469914607587967,0.41658236714238983,-0.15578450669579658,,0.0020510119195411114,0.14652395779194413,0.5169518050630083,0.16736034051800994,0.23567125080216916,,,-0.062527201414506,,,-0.1270982923295691,0.407834998621865,0.4241872024846876,0.1655465536976127,0.13362277964296165,0.23567125080216916,,,,0.4131409670486775,0.41065090588887815,0.48955962386833424,,-0.007430178945934078,0.12716924467160132,0.1092535247051521,0.05016957674065374,0.16554655369761279,-0.14313310319580802,0.13490883073114118,0.15350880858238494,0.36882143292564173,-0.041509124816562507,0.022667115144860656,0.3928553237456348,-0.18551902574498214,0.06839988784161538,-0.00456165018872047,-0.5345456975824961,-0.04507893531382436,0.10369338839109171,0.1647818698672979,0.4266903404569278,0.402720996921553,0.41334602235270085,0.16244813782961057,0.5528996771246409,0.5677048751357934,-0.08219473746279138,,,,0.5203245308944997,0.47422621059103404,0.41300159727377006,0.39899179172973365,0.40535001628994904,0.5528996771246409,0.22920056807211875,0.11224456074063162,0.5528996771246409,0.5601501016768694,,-0.07740296277869109,0.4205992807932391,0.5677048751357934,-0.38226375373632926,0.4258788983450709,0.018156649141031846,0.4006643536479154,0.398889941476857,,,,,,0.018156649141031846,0.018156649141031846,0.022514120378747515,0.01856528327922879,,,,,0.002051011919541084,-0.14313310319580824,,,,,,0.07690329701978516,,-0.040239884231334476,0.1655465536976128,-0.08219473746279138,,,,,,,,,0.16554655369761295,,,,,0.41722795630046305,,,-0.083777898948295,,,,,,,-0.026481175740687708,-0.026481175740687708,,,-0.05729624361647633,,,,,,,,,,,,-0.13092078373772417,-0.05734126913352326,,,,,,,,,,,,,,,,
rdkit_PEOE_VSA12,-0.22800806542152371,0.8237640224858817,0.018987429868505483,0.09849012646527995,0.19482446291987446,-1.816208266220527e-17,0.4620755388680648,0.4620755388680648,0.3392186781204456,-0.3964058637847842,-0.4998470625345845,0.29534266323712866,0.8237627498689081,0.8256330353786255,0.8237580357177187,0.8216999944697699,,0.16264980507446217,0.008348050141808585,-0.035415903089407036,0.19528739742189044,-0.4890520154517187,-0.5081385969724219,-0.5012433356433283,-0.01747653755000242,-0.07101807045746282,0.49265155994056536,-0.23219294770852797,0.41380198512890165,-0.2470642329826665,-0.09766325256523954,-0.32932374954592664,-0.18804210506643249,-0.28723426085412523,0.8651794442615729,0.8227735788720762,0.8116387903985306,0.8110697116565379,0.8207631014289183,0.8051112510819612,0.8045442784410722,0.7944549676882748,0.7925171871137611,0.787817372376057,0.7843263525314097,0.7664944598178226,0.7623147540269314,-0.5866468515636016,0.8692636996882195,0.8215979023336465,0.7941925195719148,0.7693276431866066,0.817920768848067,0.8341236063280132,0.8412975413277344,-0.08246655635442424,1.0,,-0.03828538239021907,-0.005591813298837719,-0.031250706840723,,0.016674290440006786,-0.03797247871291157,-0.049823287258156185,0.03644574816675045,0.7712999864621368,0.8402910664287987,-0.09142960298267498,,0.07102057991434478,-0.03834041373322685,0.7254012483567034,0.9272056510604803,-0.04876589505652925,,,0.04902252837471233,,,-0.004910225300144874,0.8370423823384411,0.8481831167043693,-0.03424891140591014,-0.031220431191842205,-0.04876589505652925,,,,0.8363464225849966,0.839741359283747,0.7835393418678314,,-0.1413625851594587,-0.04153910550287901,0.014868728128165608,-0.10464754220392383,-0.034248911405910146,0.0952075179096596,-0.051983430765800705,0.8441770220153479,0.8467387483973625,0.029535376791079676,-0.13874220101829898,0.8388535771524853,-0.02225049478450994,-0.9896857681940795,-0.044441001712141465,-0.7556116825446941,-0.8879798994656607,0.04667191148879512,0.16895736414570947,0.821367359678584,0.8218833925527135,0.8422841117608802,-0.0487658950565292,0.5220986948548527,0.5072762345334184,0.09632475726759045,,,,0.7605422377093902,-0.03424891140591013,0.8393099369976089,0.8257879988065859,0.8430172169671556,0.5220986948548527,0.8787665502666814,-0.04349853128010084,0.5220986948548527,0.5129229509132947,,-0.04122517445451316,0.7844163927899924,0.5072762345334184,-0.8287124213972572,0.8063072603604702,-0.0038484238167161198,0.8194103887657742,0.8206980159638264,,,,,,-0.0038484238167161198,-0.0038484238167161198,-0.1357869042170294,-0.1519257021659199,,,,,0.07102057991434473,-0.03424891140591015,,,,,,-0.19461086662630514,,0.02983590729364555,-0.03424891140591012,0.09632475726759045,,,,,,,,,-0.03424891140591014,,,,,0.8391273181001251,,,0.01754564595835823,,,,,,,-0.053703931093914574,-0.053703931093914574,,,-0.04876589505652916,,,,,,,,,,,,-0.06013911199746637,-0.04876589505652918,,,,,,,,,,,,,,,,
rdkit_PEOE_VSA13,,,,,,,,,,,,,,,,,,,,,,,,,,,,,,,,,,,,,,,,,,,,,,,,,,,,,,,,,,,,,,,,,,,,,,,,,,,,,,,,,,,,,,,,,,,,,,,,,,,,,,,,,,,,,,,,,,,,,,,,,,,,,,,,,,,,,,,,,,,,,,,,,,,,,,,,,,,,,,,,,,,,,,,,,,,,,,,,,,,,,,,,,,,,,,,,,,,,,,,,,,,,,,,,,,,,,,,,,,,,,,,
rdkit_PEOE_VSA14,0.13951926495030237,-0.031957487809148526,-0.045536434439602355,0.04185959503935094,0.010101545423395397,-4.148911804570386e-18,0.21166204728756677,0.21166204728756677,-0.11026260132109814,-0.38735753343202783,0.09413475234267968,0.0022188839206779072,-0.03195754694376452,-0.028264411112905074,-0.03192526786477714,-0.05444790740228009,,0.8721305492633109,-0.6879328098408533,0.9729774461940844,0.844948948950637,0.1015034868849377,0.10067946945302844,0.10260324930856549,0.37073562973942664,0.0062709647898180594,-0.06099186609375829,0.09263928720457469,0.05766180658830975,0.04699733774715177,0.6149534635010586,0.12432691828090119,-0.006812953316659339,0.016423580428249995,-0.03496165797408208,-0.04406395959913814,-0.04165793854216519,0.005780673563857142,-0.04479567309260469,-0.050349252362263286,0.00025397903766426476,-0.05422398705317926,0.023447608237757187,-0.05162643309897721,0.04697773119588211,-0.051471905166114856,0.05357922995504262,0.5301136280590499,-0.017750969708078053,-0.031129845653619852,-0.02951871575708511,-0.016499086105937547,-0.011792243453170866,-0.14112711264893066,-0.1299787007020196,-0.14574601426528178,-0.03828538239021907,,1.0,-0.013078455513304759,0.07593993860347333,,-0.022160172148351306,-0.01914660876780199,-0.02512206263567844,-0.02429266680781844,-0.14495291114030073,-0.05086686532404393,0.7898353081970434,,-0.019969174342797887,-0.019332130180275794,-0.0718885181526005,-0.06951922241178016,-0.024588900843641077,,,-0.02588430137112079,,,0.19527296831235583,-0.01820901590424314,0.014298048274129223,-0.017269099348763414,-0.02482313666293456,-0.024588900843641077,,,,-0.055880985029807276,-0.05774506992426968,-0.040727256886465044,,0.7451717785771914,-0.020944985120437853,-0.02175563688447759,-0.052765729733868845,-0.017269099348763414,0.0256475532348784,0.06858969297999055,-0.10537685056534686,0.0718585151042473,-0.008480704702100423,-0.04332694752215697,-0.08239182490775693,-0.011219218048680419,0.03478798450570184,0.02452804050224194,0.06681469686853028,0.040917704193212626,-0.5243101362494939,0.06477142626370794,-0.044513458624400516,-0.09143276962861342,-0.036245291012757634,-0.024588900843641077,-0.03480555865612128,-0.037783842606277936,-0.013353348790865652,,,,-0.06806163202384023,-0.017269099348763403,-0.0384566073233534,-0.08989449289679177,-0.0014822676248829718,-0.03480555865612128,-0.041822175020814804,-0.021932973264421115,-0.03480555865612128,-0.03685542312043107,,-0.033217775837262244,-0.010871693862699951,-0.037783842606277936,0.07764163682527661,-0.044258738021882786,0.05236759401845912,-0.09287512406390526,-0.09236023406085511,,,,,,0.05236759401845912,0.05236759401845912,-0.06746735666318629,-0.09601224958967844,,,,,-0.019969174342797883,-0.017269099348763403,,,,,,-0.08803076238725184,,-0.017269099348763417,-0.017269099348763407,-0.013353348790865652,,,,,,,,,-0.017269099348763396,,,,,-0.05824287112213639,,,-0.021932973264421105,,,,,,,-0.03538630853726313,-0.03538630853726313,,,-0.02458890084364107,,,,,,,,,,,,0.627286118370361,0.055491823589044934,,,,,,,,,,,,,,,,
rdkit_PEOE_VSA2,-0.024888713564744917,-0.08859525178488858,0.2083541929671376,0.06918590537363438,0.057860133999516755,-4.2552123788273475e-17,0.3813733390174218,0.3813733390174218,0.19591181478188613,-0.22619339850767328,-0.011070985656857437,-0.2670153276950786,-0.08859688699979315,-0.08745812711205611,-0.08855910232491142,-0.09027671502146602,,0.43473252456729344,-0.15448426945878954,0.3031715231019779,0.42876297835539445,0.28494154643501884,0.28425326577956794,0.2722947627425888,0.11891538004316038,-0.02713629363823737,-0.08634534640620715,0.0624998544709964,-0.04533449280052121,-0.0172363260386618,0.6032332259376638,0.13602016818970142,0.0029241642834502953,0.32481586591888856,-0.07851805050155364,-0.08103724830565129,-0.08948679841290348,-0.08995265677188695,-0.08915691972102964,-0.098692062689627,-0.09242877417579648,-0.10674243643754759,-0.10221926013978046,-0.11924293824746787,-0.12083877287834718,-0.12028420072533794,-0.12131815388896978,-0.1985431157076306,-0.05284554641902763,-0.07933460422521091,-0.06201686850695871,0.01682231565476855,-0.09210144346845174,-0.12024423576563131,-0.10482960374884379,-0.08425629545464243,-0.005591813298837719,,-0.013078455513304759,1.0,0.32164563856250844,,-0.06581571030333253,-0.05686542719600017,-0.07461252492007378,0.42443414019134484,-0.11296739637498046,-0.09045008647731241,0.20319853990222453,,0.5189213253598821,-0.05741642578286583,-0.1314251352059967,-0.08090898557888042,-0.07302903442123543,,,0.44768875789319157,,,0.011970977846020796,-0.10902831640069746,-0.04774502948617767,-0.05128922430425436,0.03195993198430078,-0.07302903442123543,,,,-0.07311834115537871,-0.08480063437941966,-0.0523315621460576,,-0.14872263347469306,-0.062206604884019696,0.23863096897829483,-0.1567142149826044,-0.05128922430425436,0.5027080558209184,0.05185820919030908,-0.18661785621462387,-0.1261897697634222,-0.051746999234019264,0.6527437435089073,-0.11997050834176441,-0.03332107710980961,0.029337692137836196,-0.4230475446778707,0.12152113618341581,0.05812625179479744,-0.24675527849699513,-0.33831318285283707,-0.08828044487570869,-0.09840072099645399,-0.07692379168525708,-0.07302903442123541,-0.14102776495344244,-0.14930532544304767,0.6022522690853028,,,,-0.1418882099060746,-0.05128922430425434,-0.1015914910492307,-0.08940163892788024,-0.07640198082813243,-0.14102776495344244,0.004834655763082948,-0.06514092962807931,-0.14102776495344244,-0.14679032861231814,,-0.09865679277175408,-0.051333673927419915,-0.14930532544304767,0.0883145504724158,-0.08786719502588831,0.17806700099305484,-0.13134304228684573,-0.12960143387595563,,,,,,0.17806700099305484,0.17806700099305484,0.5408658365756912,0.5436096933718485,,,,,0.5189213253598827,-0.05128922430425434,,,,,,-0.10449653269369549,,-0.05128922430425433,-0.05128922430425435,0.6022522690853028,,,,,,,,,-0.05128922430425428,,,,,-0.1531002455230395,,,-0.06514092962807937,,,,,,,0.7738463763914568,0.7738463763914568,,,-0.07302903442123539,,,,,,,,,,,,0.2158875262810979,0.2991044050796283,,,,,,,,,,,,,,,,
rdkit_PEOE_VSA3,-0.1703593961343678,-0.0903925509608604,-0.08259606537515485,0.06808024942430192,0.02228781928075525,-4.9637572077720937e-17,0.07388506169808612,0.07388506169808612,-0.016188909240100594,-0.4841854062848842,0.021780401211642028,-0.20573025193229333,-0.09039286733010539,-0.08788496339021172,-0.09035910656701554,-0.0955770412100681,,0.83958959083084,-0.7925240466309588,0.989640464111422,0.8357383095560009,0.17094858509446167,0.150547348955086,0.12650247967912215,0.29034915100845365,0.0017247322815417679,-0.06272343154721512,0.09788639222766328,0.023279284421296044,0.04480464025239881,0.5557276700011108,0.1268610593019936,-0.07744481782544428,0.10874792452321248,-0.07758733303106422,-0.09052472380917419,-0.10261666775758338,-0.09881871775948797,-0.10013612221107931,-0.11278957545480245,-0.09696853313962754,-0.11255876804083272,-0.09849805824794444,-0.12033253991094936,-0.11571751819053566,-0.12000527085013946,-0.11413661539357647,-0.1357473886820237,-0.035257366618193973,-0.08288274508990898,-0.09181352849099658,-0.018705604782530562,-0.099501668036263,-0.10371029938612246,-0.14472835175830095,-0.017660833699825775,-0.031250706840723,,0.07593993860347333,0.32164563856250844,1.0,,-0.04397588642597341,-0.03799560251512085,-0.049853627754195044,0.15452168832137803,-0.16288346269956708,-0.07173954103806984,0.20525352790651608,,0.1213764052847455,-0.03836376159393649,-0.12846454540160926,-0.14893442179634914,-0.0487955916407415,,,0.09469552277682193,,,0.10481992390465725,-0.11469230986879225,-0.04214764621384459,-0.034269767696573215,-0.00611482275344931,-0.0487955916407415,,,,-0.0568595414113324,-0.1090994153972081,-0.07996852863468845,,-0.016335736220938857,-0.04156440124580011,0.04126356997341054,-0.10471126859602757,-0.0342697676965732,0.40104777071076464,0.041761611506125645,-0.09517268992132746,-0.09007431616387727,-0.034575637803075474,0.5615078202142557,-0.11875662576279214,-0.022264044493612304,0.0017171885316733934,-0.10049779926889171,0.09660288882559075,0.08393998472296302,-0.4554722410406884,-0.37915925365376757,-0.09460529171940583,-0.0784023141566958,-0.06785596285051748,-0.048795591640741424,-0.11552722040645462,-0.12073679531579275,0.15223704625971002,,,,-0.12990066184063798,-0.03426976769657321,-0.11059203034044073,-0.08889262201602584,-0.061956679917463925,-0.11552722040645462,-0.04331641877887914,-0.043525020239152515,-0.11552722040645462,-0.11919345946898,,-0.06591921433478438,-0.07691672341979765,-0.12073679531579275,0.09861778618818155,-0.10175043674435232,0.8188659029676433,-0.15133525540580947,-0.1502650164815344,,,,,,0.8188659029676433,0.8188659029676433,0.39656568027669115,0.1382912236444297,,,,,0.12137640528474536,-0.034269767696573215,,,,,,0.060175734440298875,,-0.03426976769657321,-0.03426976769657322,0.15223704625971002,,,,,,,,,-0.03426976769657321,,,,,-0.14348977219295794,,,-0.04352502023915253,,,,,,,0.05988100744054091,0.05988100744054091,,,-0.04879559164074146,,,,,,,,,,,,0.42502765829964245,0.5413705318403818,,,,,,,,,,,,,,,,
rdkit_PEOE_VSA4,,,,,,,,,,,,,,,,,,,,,,,,,,,,,,,,,,,,,,,,,,,,,,,,,,,,,,,,,,,,,,,,,,,,,,,,,,,,,,,,,,,,,,,,,,,,,,,,,,,,,,,,,,,,,,,,,,,,,,,,,,,,,,,,,,,,,,,,,,,,,,,,,,,,,,,,,,,,,,,,,,,,,,,,,,,,,,,,,,,,,,,,,,,,,,,,,,,,,,,,,,,,,,,,,,,,,,,,,,,,,,,
rdkit_PEOE_VSA5,0.1689711526205607,-0.007229160092258561,-0.013985372722734096,0.16714033890658977,0.026424425704732576,3.2318216307340797e-17,-0.016686954620853418,-0.016686954620853418,-0.13292609668271604,0.04006906502584564,0.1628529772373474,0.0839765279895905,-0.0072267604617721,-0.004728063564661224,-0.007747818149949266,-0.026927758140813465,,0.001555305106510524,0.03588152770512921,-0.045110682999686784,0.00718136301913286,0.08067850813885806,0.10582140450270211,0.10825822605395571,0.7066220758831552,0.017781850427970838,0.09650107976818915,-0.04974807590151993,0.08778941272920543,-0.05000871698193371,0.20536226344673658,-0.059435953588192536,0.08518451121998925,-0.13782872944715724,-0.02690910705672664,-0.03032557807682798,-0.03064125421934268,-0.008457663265421217,-0.028299111515894093,-0.029664294527222648,-0.008750102209052625,-0.02741665361557275,-0.010217220130306704,-0.024244350964612717,0.0016059440982806074,-0.021577547605967168,0.0026229028306952945,0.26244830437544164,-0.01782482241298366,-0.022101262589646536,-0.026748318082449044,-0.03605954100167546,-0.01213797014776177,-0.05406135607074064,-0.04604091077249447,-0.08633658213251355,0.016674290440006786,,-0.022160172148351306,-0.06581571030333253,-0.04397588642597341,,1.0,-0.019226219549028683,-0.025226519098789334,-0.049344726879347885,0.059430347181286126,-0.06352867654257352,0.4188218284919532,,-0.03986791871503527,0.0235495691699363,-0.03159217367788346,-0.014959368835726846,-0.024691140442799745,,,0.10978747112734473,,,0.9387233815159304,-0.045478672385683164,-0.027989722345045792,-0.017340903526041423,-0.030236522380033107,-0.024691140442799745,,,,-0.07052768892609457,-0.03441656115307373,-0.0395651377080391,,0.08690595382556743,-0.021032073473704015,-0.032238193378119256,-0.05298512738371125,-0.017340903526041434,-0.017340903526041434,-0.03693008100470634,0.16120748918783404,-0.015416875637113435,0.9413521598948895,-0.08354398335013404,-0.0724835521516877,0.3132463114439458,-0.005205163911264191,-0.07127264244830635,0.06485781370105227,0.04167086365079653,0.023630915006643948,0.06071781963001254,-0.02756300488738089,-0.07469440246480703,-0.05996698654865789,-0.024691140442799728,-0.0073939195531745674,-0.010800211204444144,-0.035406940671832414,,,,-0.02333516920617899,-0.017340903526041437,-0.056468298339909274,-0.07804424803805773,-0.024424837018470067,-0.0073939195531745674,-0.0468794461655612,-0.022024169630178624,-0.0073939195531745674,-0.009690534925955839,,-0.03335589392997973,-0.016814274593766523,-0.010800211204444144,0.11511709396442157,-0.00922785748299026,-0.03540694067183243,-0.07926309521642437,-0.07872548930411112,,,,,,-0.03540694067183243,-0.03540694067183243,-0.07790537346584114,-0.07461037841214546,,,,,-0.039867918715035255,0.324456124297688,,,,,,-0.04177505601010852,,0.9414298331033356,-0.017340903526041427,-0.035406940671832414,,,,,,,,,-0.017340903526041423,,,,,-0.010677091591732192,,,0.9997822148147503,,,,,,,-0.05154602429460921,-0.05154602429460921,,,-0.02469114044279973,,,,,,,,,,,,-0.030449625885332628,-0.024691140442799728,,,,,,,,,,,,,,,,
rdkit_PEOE_VSA6,0.12228632384977374,0.22376176989960092,-0.04838584068938371,0.06314675319528754,0.016279173742924966,1.9219161627195254e-17,0.3199253757249544,0.3199253757249544,-0.12849995030654374,0.04201521175089266,-0.21096579962401785,0.14289081175729867,0.22376635206473092,0.21587185508495726,0.22374093336733333,0.23008633270584183,,-0.012886679961382937,0.031253315943251515,-0.03919144098181073,-0.00994506103317066,-0.08610340445265695,-0.04252211368802605,0.018809403450985796,-0.02561039378209404,-0.7979736488308535,0.25586308456863605,-0.3424813428529188,0.4020157425318485,-0.1408730732808721,-0.012183953006501238,-0.10834832596934905,0.3356152668680902,-0.17307192775541205,0.2534787843155634,0.23266315982142172,0.2803200248813823,0.27933504560466815,0.22951584533609412,0.28755515197022785,0.28646332952023335,0.3434418314057672,0.3420079938457336,0.3708418612115113,0.368475691499322,0.41446935684311914,0.4118020487305672,-0.10590861804641732,-0.015397315234906728,0.2217611592198707,0.19021758237878403,0.18075588604254467,0.2465442346789086,0.10238242365425132,0.06516032340907807,0.183537710454236,-0.03797247871291157,,-0.01914660876780199,-0.05686542719600017,-0.03799560251512085,,-0.019226219549028683,1.0,0.9888081313597826,0.4312383806038443,0.2572784899601948,0.09884005636787065,-0.06948074166224819,,0.018524415130285424,0.9854465208830308,0.35992483832805183,0.01130415822604972,0.7786687534165845,,,0.010065277587887191,,,-0.027322068779805232,0.1026408940030584,0.0877599791675713,0.9935203948239317,0.97538124612317,0.7786687534165845,,,,0.09789231463182729,0.12137453766145385,0.13020341468591642,,0.4393597488563059,0.9644876337987407,0.874262324783703,0.27685631879897926,0.9935203948239323,-0.014982712826895398,0.9448705761961358,0.006258573104978629,0.10571219104598738,-0.015116438973177802,-0.09830800535680106,0.11376856578286561,-0.31355668550004095,0.04879802454857996,-0.030194060579920686,-0.02548532075587949,0.36932128103318346,0.020417345200590187,0.04422800585828538,0.2336580072267857,0.10315195332256685,0.0987739749585586,0.9633211427006475,0.04850686474672706,0.18502215347963943,-0.030591948301213392,,,,0.2221894558745944,-0.014982712826895412,0.10107311214440298,0.10546803431070054,0.09744676090366873,0.04850686474672706,0.12134583821343287,0.9416234167531742,0.04850686474672706,0.14901012099781585,,-0.02881982355110629,0.17446904808287497,0.18502215347963943,0.10431406178114248,0.29075949783170946,-0.0305919483012134,0.10637574972835302,0.08807658569392582,,,,,,-0.0305919483012134,-0.0305919483012134,-0.09809069305975747,-0.0992319500694518,,,,,0.018524415130285403,-0.014982712826895417,,,,,,-0.07826375984151773,,-0.014982712826895417,0.9935203948239315,-0.030591948301213392,,,,,,,,,0.9935203948239331,,,,,0.10280067396567484,,,-0.019029101241711695,,,,,,,-0.04453627679864065,-0.04453627679864065,,,-0.021333390504563933,,,,,,,,,,,,-0.02630877910376592,-0.021333390504563933,,,,,,,,,,,,,,,,
rdkit_PEOE_VSA7,0.1160977701148423,0.19902416287062488,-0.06116680085044184,0.010644907152301302,-0.002601593193162669,-1.4334193739461287e-17,0.29587604364085174,0.29587604364085174,-0.16648241566901872,0.06547103790948477,-0.16692695520318931,0.11974167495763438,0.19902872119871196,0.19103050237929273,0.19900605652956063,0.20572827645601746,,-0.034294717549620456,0.038471607453192315,-0.04924646372113797,-0.03277932283172244,-0.06456831147571851,-0.027527179479150798,0.026760179763356456,-0.03683433267072871,-0.7783036326634957,0.2222780076432586,-0.30947179799572044,0.3696405904809723,-0.10608472913217122,-0.009422820533521335,-0.07637792377023894,0.2986907002502912,-0.1584453581703828,0.2315859531679197,0.208187303281563,0.2566691748247406,0.2552025514018282,0.20467388567575134,0.26337585462612767,0.261647625334292,0.31988563588015245,0.3177299963680713,0.3468471002145755,0.3437750582224225,0.39014188706228164,0.3867396668489495,-0.09450230351546766,-0.020206713926540203,0.19779638679153955,0.16426443767578267,0.15749947621485125,0.22197188666036513,0.07929081159504471,0.041001149148164745,0.17022002325626662,-0.049823287258156185,,-0.02512206263567844,-0.07461252492007378,-0.049853627754195044,,-0.025226519098789334,0.9888081313597826,1.0,0.4145437239605845,0.23137038798008208,0.0741851528593593,-0.07080980865359117,,0.012503822919461656,0.973044531807772,0.3403896969457041,-0.017859831236500364,0.7741991720288605,,,0.0024999916547166867,,,-0.03584899715383796,0.07733221830911254,0.06537387591040408,0.9816320713240423,0.9830000840388,0.7741991720288605,,,,0.0730246384875393,0.09545408004358318,0.10247722743616858,,0.44525184400924545,0.9517888143135182,0.8591178029925711,0.3759014267557691,0.9816320713240423,-0.019658658859871773,0.9357273284315816,-0.011086361629394076,0.08295264968465528,-0.019834119520486693,-0.09122624175447319,0.0891112586871645,-0.3144028610583476,0.06036970603900216,-0.024614528445009727,-0.003245926784599807,0.3920472547741022,0.026789382454299668,0.02093468845436051,0.20924099371087487,0.07795006593029788,0.07382323644379195,0.9522579322085412,0.03111344048750967,0.16631486414455238,-0.040139371451665504,,,,0.199905606029295,-0.019658658859871777,0.07630351434655533,0.07848455031735861,0.07194374084523582,0.03111344048750967,0.09885701101782095,0.9288144649673347,0.03111344048750967,0.1303942093790502,,-0.03781418533070119,0.14890197184551554,0.16631486414455238,0.12901847448547504,0.266725531889995,-0.04013937145166549,0.08065476090611723,0.06263019847543695,,,,,,-0.04013937145166549,-0.04013937145166549,-0.08556621766267733,-0.08147425769598957,,,,,0.012503822919461652,-0.019658658859871787,,,,,,-0.043588460523054186,,-0.01965865885987178,0.9816320713240432,-0.040139371451665504,,,,,,,,,0.9816320713240428,,,,,0.08021881364989504,,,-0.024967882254891202,,,,,,,-0.0584355772274865,-0.0584355772274865,,,-0.027991315798352113,,,,,,,,,,,,-0.03451947049884331,-0.027991315798352127,,,,,,,,,,,,,,,,
rdkit_PEOE_VSA8,-0.05385737354662514,0.033575872525846706,-0.12026802537653683,0.12277593917239396,0.04766508546864366,-3.906526151623338e-17,0.23132819151297546,0.23132819151297546,-0.07642688910992344,0.15390803998000788,0.042730741400102086,-0.06648892856802574,0.03357983426070408,0.02974800361783263,0.03358549445221547,0.037738956874399474,,0.16646851135196628,-0.20593457178713293,0.14513771629476718,0.20093683242439753,0.1778663575787788,0.19019447902523628,0.20072655084972651,-0.08323511374205375,-0.3904989690134114,0.025966969884791496,-0.11223783112989205,0.09263302342835264,-0.061166370579333544,0.12131666652908431,0.06867213029476193,0.10400285449975089,0.13297321247528823,0.061014303177632095,0.04424594024566856,0.06915749952331068,0.0656099653993879,0.040421098902388514,0.06640597996356452,0.061860752391695244,0.08856462348657529,0.08322101309046931,0.09572181336608904,0.08984858725348581,0.1222983210004267,0.11605004280594267,-0.22561900237696259,-0.03957293881616504,0.03648829131344692,0.03383581243357795,0.08078307265161384,0.04693422722332694,-0.04318717328601181,-0.06452754355678926,-0.0751576136216847,0.03644574816675045,,-0.02429266680781844,0.42443414019134484,0.15452168832137803,,-0.049344726879347885,0.4312383806038443,0.4145437239605845,1.0,0.062416906386056716,-0.041571450345294546,0.0963922171830382,,0.6013927211645916,0.4302121798119084,0.0951706599207295,-0.07222130128536076,0.2842890997284076,,,0.5282801496767653,,,-0.07012299106853587,-0.04314500569891337,0.01672403517330298,0.43777336368983194,0.549833857385417,0.2842890997284076,,,,-0.035223897549452925,-0.01940342350113836,0.03308584992551734,,0.15476655298785386,0.48471902690362867,0.7162583537389866,0.2043068021999906,0.43777336368983244,0.5483469524033676,0.4710745086082741,-0.21014687988414396,-0.04087982312185183,-0.03879683942116812,0.33691875852424585,-0.051215888993201085,-0.1685431261236328,0.04168764622450754,-0.4999880459630734,0.09128657144742044,0.2595678600032688,0.1534812181694804,-0.22032422907045746,0.041845592717194256,-0.055696670584741995,-0.025990782695985544,0.3973030831935303,-0.06050204164614707,-0.0029846901663775297,0.687254470022259,,,,0.007831453817764436,-0.03845362685417829,-0.04289531432676153,-0.04899255786768955,-0.03008899726247384,-0.06050204164614707,0.027629790938949843,0.40479256489632626,-0.06050204164614707,-0.016593583534154206,,-0.07396702811043186,0.027294830157305175,-0.0029846901663775297,0.14767572088338116,0.07360562029554808,0.2210195122528576,-0.07775164323817205,-0.08539721701308241,,,,,,0.2210195122528576,0.2210195122528576,0.35897220328535295,0.32190515383442286,,,,,0.6013927211645912,-0.03845362685417828,,,,,,0.009858344816231535,,-0.03845362685417831,0.4377733636898322,0.687254470022259,,,,,,,,,0.43777336368983183,,,,,-0.03601758173676418,,,-0.0488388162393143,,,,,,,0.10373006386719925,0.10373006386719925,,,0.39040391164576344,,,,,,,,,,,,-0.06752234967950371,-0.05475285066696146,,,,,,,,,,,,,,,,
rdkit_PEOE_VSA9,-0.2655001999642413,0.956673654845366,-0.041198537286917,0.3507648007415411,0.2534043221488538,1.4824423990418857e-16,0.5640315213425917,0.5640315213425917,0.31865516833812263,-0.29642506983592803,-0.7997983313920478,0.48960787443090803,0.9566748921447527,0.9554543514627456,0.9566356683012894,0.9586484694131716,,0.06289553100940379,0.12369842097153161,-0.16670334484047106,0.09428907033789559,-0.7099754318405699,-0.6744545588310291,-0.6010988412086918,-0.011575037472285063,-0.4001508625838493,0.6960199049460404,-0.5662161779047624,0.6700977699356491,-0.5062969701007206,-0.19941777605208977,-0.5821414329719437,0.30153391015705094,-0.5416070528660152,0.9434295086915119,0.95783112564542,0.9580633444509867,0.9536448591451209,0.9574189980752064,0.9589815347605924,0.9533472965186509,0.9539504530833445,0.944308004967098,0.947994956765505,0.9356177194600533,0.937668493066014,0.9237467918181387,-0.6578582759257986,0.4472799069386524,0.9571911562530228,0.958498339914955,0.9386715798224009,0.9554618142451614,0.9457118104119959,0.9325830228722364,0.36469914607587967,0.7712999864621368,,-0.14495291114030073,-0.11296739637498046,-0.16288346269956708,,0.059430347181286126,0.2572784899601948,0.23137038798008208,0.062416906386056716,1.0,0.936869625425152,-0.2196307104935031,,0.07686655162648193,0.23272354095092163,0.9453357944314206,0.9044654529400382,0.303442164661531,,,0.05994585799200135,,,0.001696799145892812,0.9429954100779764,0.899276307785112,0.2369344866588292,0.22034529962626706,0.303442164661531,,,,0.9374232806562499,0.9501489384325621,0.9335183080108574,,-0.09403273787226078,0.2257977236788595,0.2066064450637899,0.00535438478484088,0.23693448665882944,0.02904168297050726,0.18230613380886937,0.8210456396122585,0.8984313465754235,0.06946171250224009,-0.27721010175611166,0.9501363187499163,-0.0917598471112247,-0.7602214629237788,-0.10578921399934481,-0.9051042407274552,-0.7114105948475389,0.1242537763449589,0.3915512350580043,0.9569341743746189,0.9434055719426842,0.9367432951174534,0.2396858485779566,0.7121865331911955,0.7355935166259504,-0.011290839018415114,,,,0.9521320562598639,0.20287805389754912,0.9413783434950206,0.9505961581524063,0.9351557014200902,0.7121865331911955,0.9042309564376703,0.18536170240605104,0.7121865331911955,0.7258965549848628,,-0.011650959366745555,0.9489878317604385,0.7355935166259504,-0.8822084584496058,0.9610257220877161,-0.12355586683425755,0.949973722197781,0.9461860105693372,,,,,,-0.12355586683425755,-0.12355586683425755,-0.276857883549714,-0.2660075071634524,,,,,0.07686655162648198,-0.021755940266332582,,,,,,-0.2576919794362951,,0.0705795172049923,0.23693448665882946,-0.011290839018415114,,,,,,,,,0.2369344866588292,,,,,0.9225856158621686,,,0.06032282650156127,,,,,,,-0.09485374579618021,-0.09485374579618021,,,-0.10257046755398086,,,,,,,,,,,,-0.1586743040862255,-0.10257046755398078,,,,,,,,,,,,,,,,
rdkit_SMR_VSA1,-0.3450682098090946,0.9891715068810139,-0.003960947713134975,0.26485365110402764,0.2229293028221122,-2.0018067169915633e-16,0.6354052444439408,0.6354052444439408,0.3502124156504975,-0.44455962276556354,-0.8219975597399922,0.53867127120518,0.9891706901390241,0.9899469799926327,0.989204332852318,0.9894768041562079,,0.1847606557757272,0.049769554416744986,-0.06778000266856585,0.21916446027273825,-0.7333539685091738,-0.7028332904693894,-0.6299763159293066,-0.06365238711811827,-0.33007219718008207,0.7415073841952053,-0.5700498622477312,0.683532152673154,-0.5597328694534598,-0.14339417932982418,-0.6381755590533232,0.23968348597871197,-0.5616761003792976,0.9775465248306807,0.9885401878886234,0.980461230111736,0.9779369130612893,0.9888688858969481,0.9787182508216696,0.9766738891045493,0.9654936792048653,0.9619848975654259,0.9564748009722152,0.9500898005896231,0.9398604626520956,0.9327864319735664,-0.6894837095913257,0.5526463839691313,0.9889238404683575,0.9845198617928472,0.9572098188713083,0.9850261442414507,0.9948929364817432,0.9920663837700096,0.41658236714238983,0.8402910664287987,,-0.05086686532404393,-0.09045008647731241,-0.07173954103806984,,-0.06352867654257352,0.09884005636787065,0.0741851528593593,-0.041571450345294546,0.936869625425152,1.0,-0.17710169869813278,,0.01712166007960276,0.08030645490775534,0.9516073064808904,0.9502333434281792,0.12064711916775954,,,-0.018172297042195393,,,-0.0811607148422637,0.9976872601380781,0.9828793136202227,0.09028676611973944,0.06143766644100752,0.12064711916775954,,,,0.9984348800235252,0.997141578083026,0.980285118119187,,-0.09940012659939691,0.06721311005741318,0.07064860810455699,-0.08520091588354353,0.09028676611973949,-0.027910503073497375,0.05610296780594516,0.864754533167219,0.9745312231182348,-0.0408288483058396,-0.2114121830859461,0.9950379235570798,-0.09821957853742358,-0.8419916500849615,-0.014090351451258946,-0.9800534722534432,-0.8308324575285578,0.03632655316844652,0.3487123239806957,0.9887258327492037,0.9919921968139829,0.9994802450779516,0.0897662042391351,0.7648080175436163,0.7660618802694433,-0.021409044354369525,,,,0.9798198529764753,0.21838592684839506,0.9984813536660643,0.9932130925451498,0.9974602529086148,0.7648080175436163,0.9368430240914889,0.06629757984045503,0.7648080175436163,0.7653019035214531,,-0.06644393972138207,0.9729134335652171,0.7660618802694433,-0.9734114044385441,0.9773222856449351,-0.05592368023826929,0.9900377927787025,0.9898669669048916,,,,,,-0.05592368023826929,-0.05592368023826929,-0.22796801189218366,-0.23635833888276597,,,,,0.01712166007960277,-0.07492545725242217,,,,,,-0.2225270355207217,,-0.040445407950853454,0.09028676611973942,-0.021409044354369525,,,,,,,,,0.09028676611973943,,,,,0.9832683852368339,,,-0.062316541783259904,,,,,,,-0.08622479639039864,-0.08622479639039864,,,-0.09086542976164746,,,,,,,,,,,,-0.060486989761502255,-0.04297049098826363,,,,,,,,,,,,,,,,
rdkit_SMR_VSA10,0.14298904340289564,-0.13549154953843645,-0.05736737857073844,0.06741669369256362,-0.02330454713466341,-7.606177649227267e-17,0.28028991912853435,0.28028991912853435,-0.36855747424363205,-0.32122903285256543,0.21684961490475857,-0.22705673674305502,-0.13549073587870164,-0.13066244128732235,-0.13569079621126903,-0.1632592803235971,,0.3252235378508164,-0.27756293451353314,0.34373649666992356,0.3291636490442987,0.38053009642340935,0.36746439039044704,0.33668323956918783,0.6115284454305241,0.13048770439450505,-0.212309433247427,0.2388747947673786,-0.18540541216742046,0.17127183046072225,0.7304062788798922,0.26523558877681164,-0.02791027892076248,0.14760833139934296,-0.13654710989625526,-0.1505789173840468,-0.15427687461825026,-0.10683631372040826,-0.15519443117982698,-0.16672382687400142,-0.11633483624690376,-0.1735762175302054,-0.10363610377416954,-0.17764960822589348,-0.08857469920662087,-0.17905716335707653,-0.08555070660608777,0.4346313674790215,-0.07338271642957431,-0.1314350734123426,-0.11691412343224458,-0.06438294962838398,-0.12225735888562754,-0.24930959659772559,-0.23817462582444415,-0.15578450669579658,-0.09142960298267498,,0.7898353081970434,0.20319853990222453,0.20525352790651608,,0.4188218284919532,-0.06948074166224819,-0.07080980865359117,0.0963922171830382,-0.2196307104935031,-0.17710169869813278,1.0,,0.19848547827835517,-0.048985819956795996,-0.1916086411861185,-0.19632532360811325,-0.04297639786999649,,,0.25743041636362174,,,0.5816997332901511,-0.1510980324155419,-0.0771525826434695,-0.07104591910948804,-0.0342147241792918,-0.04297639786999649,,,,-0.17332704456541057,-0.18025806964243876,-0.13732235393684178,,0.7167332160510445,-0.06667826210489929,0.037966409778817455,-0.06633360600020848,-0.07104591910948814,0.1585474384657564,0.01842390595455243,-0.1489920764793527,-0.08445845007319802,0.38825918218002486,0.34455994940686485,-0.22072509471551272,0.18472141132539452,0.1031457331454237,-0.2305035844933658,0.18608611067980937,0.142725033332955,-0.47407875134412375,-0.2934808026120213,-0.1538881294713718,-0.22223834870061557,-0.15697448452926255,-0.08176542620194385,-0.16798628069959456,-0.17710193092387128,0.21489346044697222,,,,-0.18746958857584753,-0.07104591910948815,-0.1669105398745345,-0.22023552743708058,-0.11345288165452412,-0.16798628069959456,-0.0817254597769176,-0.09023332444295709,-0.16798628069959456,-0.17620517215140824,,-0.13665955400854385,-0.08419622632067408,-0.17710193092387128,0.21482189612182945,-0.14430074180035032,0.17441291122592215,-0.2416031050107553,-0.23927832594135454,,,,,,0.17441291122592215,0.17441291122592215,0.32797377751956425,0.30451472608854624,,,,,0.1984854782783552,0.17198345396782688,,,,,,0.22687272055145696,,0.38142397922532273,-0.07104591910948813,0.21489346044697222,,,,,,,,,-0.07104591910948813,,,,,-0.19644338076050533,,,0.41793427860701926,,,,,,,0.06968307230256701,0.06968307230256701,,,-0.10115994036791746,,,,,,,,,,,,0.5340125393025633,0.10183448592382942,,,,,,,,,,,,,,,,
rdkit_SMR_VSA2,,,,,,,,,,,,,,,,,,,,,,,,,,,,,,,,,,,,,,,,,,,,,,,,,,,,,,,,,,,,,,,,,,,,,,,,,,,,,,,,,,,,,,,,,,,,,,,,,,,,,,,,,,,,,,,,,,,,,,,,,,,,,,,,,,,,,,,,,,,,,,,,,,,,,,,,,,,,,,,,,,,,,,,,,,,,,,,,,,,,,,,,,,,,,,,,,,,,,,,,,,,,,,,,,,,,,,,,,,,,,,,
rdkit_SMR_VSA3,-0.1568127909312822,0.04550485825355068,-0.09722407251128952,0.26560439429914245,0.09571332535505261,6.82188532023857e-18,0.2626158227925005,0.2626158227925005,-0.11038161676203447,0.028176823509528857,-0.14776381801140026,-0.1256462035828537,0.04550661177887676,0.04537554863659072,0.04552287536252696,0.046203201443916195,,0.19293460774717625,-0.1624686341064767,0.11390746055746737,0.2286616904540159,0.13717306690758443,0.14671487643220113,0.15375387251742062,-0.06817974688225475,-0.14281726649394794,0.003122577470339903,-0.0540558871586383,-0.02536377616023699,-0.15193594088067705,0.2230959510886467,0.05408192544305212,0.1297869065648784,0.16346153697484486,0.04974167937052859,0.05498859939394527,0.054064935398431574,0.05119587742628275,0.04971535140602514,0.04663550748291691,0.04294499388452939,0.038094340466815535,0.033706779802623286,0.02485111479570599,0.02011809963498535,0.027609894100919824,0.022606801944383848,-0.349575214612662,-0.031957040101268104,0.05624879072206054,0.08239905216009141,0.14357335056176196,0.04904578356459267,0.021799054473446655,0.013609298503186701,0.0020510119195411114,0.07102057991434478,,-0.019969174342797887,0.5189213253598821,0.1213764052847455,,-0.03986791871503527,0.018524415130285424,0.012503822919461656,0.6013927211645916,0.07686655162648193,0.01712166007960276,0.19848547827835517,,1.0,-0.03478004545524515,0.05531500415992549,-0.04960483618460525,0.28754307088247577,,,0.8932154585123737,,,-0.05665565268627701,0.020828488712782974,0.054802385726907044,-0.031068488300060003,0.12242705830331246,0.28754307088247577,,,,0.04338665812800026,0.029451297776110316,0.10562872898598644,,0.05346954389295086,-0.037681700244885756,0.3917586858490138,0.17966813017733688,-0.03106848830006003,0.4349588362008395,0.13288413801641638,-0.19710446991579827,-0.03718700835489522,-0.031345785826828905,0.5325356848995157,0.01154362523359129,-0.019394107455511553,0.021236838965846504,-0.9225069576478336,-0.018288535763355096,0.07376498064236095,0.042337863497198466,-0.32589017837942796,0.04984831274052189,0.031934911750462376,0.042264428525456726,0.0663560932805713,-0.051193076433954786,-0.04096701939161843,0.8881060715737713,,,,0.028261670947211066,-0.031068488300060003,0.020850897045186424,0.03716905368050606,0.03910989331280875,-0.051193076433954786,0.09706702302567108,-0.039459169785828536,-0.051193076433954786,-0.05497971573875281,,-0.0597614304667197,0.08938546432140701,-0.04096701939161843,-0.024951334318778325,0.059722897621277395,0.17444940691627664,-0.007606314930228003,-0.006445572645320073,,,,,,0.17444940691627664,0.17444940691627664,0.5521613657836093,0.5577368103236394,,,,,1.0,-0.03106848830006002,,,,,,0.21821789023599245,,-0.03106848830006001,-0.031068488300059996,0.8881060715737713,,,,,,,,,-0.031068488300060006,,,,,-0.03284558524623577,,,-0.039459169785828516,,,,,,,0.08080749189443184,0.08080749189443184,,,-0.044237395520380876,,,,,,,,,,,,-0.054554472558998125,-0.04423739552038089,,,,,,,,,,,,,,,,
rdkit_SMR_VSA4,0.14022801566123688,0.20538607805131592,-0.050554915334957304,0.06983139176572845,-0.000783914018956419,1.0712882957957581e-17,0.3062279176455947,0.3062279176455947,-0.13029316457973775,0.052743310265837,-0.1740039794724521,0.11713606331624613,0.2053905756458905,0.19758625019099096,0.20534488519274557,0.21104756324914306,,-0.023392226725365072,0.03155524205381717,-0.039570438528684096,-0.021822069840663233,-0.0694621605766859,-0.035843079449918956,0.016989707443956288,0.04611639389212846,-0.7727230643445767,0.2313190739798971,-0.3130700915905844,0.37633602946872663,-0.11462973344904771,-0.003674295016068755,-0.07735379717328657,0.30657273011864894,-0.1941997896392247,0.23503754675837016,0.2125452354659798,0.26049435617594213,0.26047695358738243,0.20935432873977286,0.26711853715895556,0.26595586546905675,0.3234544712292953,0.3219578213161075,0.35117517789834557,0.3487915052090198,0.39446737205181737,0.3917894611159856,-0.07863027639429987,-0.01554660218145956,0.20482511446317492,0.173210626240548,0.16695949025693413,0.22769703754504253,0.0844133195083123,0.04982815376001129,0.14652395779194413,-0.03834041373322685,,-0.019332130180275794,-0.05741642578286583,-0.03836376159393649,,0.0235495691699363,0.9854465208830308,0.973044531807772,0.4302121798119084,0.23272354095092163,0.08030645490775534,-0.048985819956795996,,-0.03478004545524515,1.0,0.33641707697615997,0.003426610572137173,0.6955181221874482,,,0.018949989879741853,,,0.013193805225302106,0.08334042792168826,0.07345348420518652,0.9920704222316591,0.9664769266258354,0.6955181221874482,,,,0.07969117267218913,0.1029444176395886,0.10519202534830273,,0.4523780926568795,0.9630401956099494,0.8728252771104297,0.20820347751666754,0.9920704222316595,-0.01512788809422575,0.9310124972603264,0.01251221413664634,0.09257102688189882,-0.015262909982424825,-0.09909449804815701,0.0934204514248019,-0.19250203617872305,0.049145013884634325,-0.005084077001896298,-0.005051600505028832,0.3701336577653068,0.020615179436747354,0.036191366955647127,0.214163645804543,0.08496288600167547,0.08047536336706171,0.9345375298426922,0.039850288784110954,0.17239526479115683,-0.030888369538414933,,,,0.2001579208084742,-0.015127888094225737,0.08288932699056994,0.08492773221584478,0.08057249624985835,0.039850288784110954,0.10584432808548444,0.9401961455103713,0.039850288784110954,0.14027540802576147,,-0.029099073753441732,0.16272211159755864,0.17239526479115683,0.12221689248263269,0.2714332940066574,-0.030888369538414943,0.08581412932966076,0.06751482811720093,,,,,,-0.030888369538414943,-0.030888369538414943,-0.09714826408999991,-0.09805531617421451,,,,,-0.03478004545524514,0.11226540864681937,,,,,,-0.07642875698404214,,-0.01512788809422575,0.9920704222316589,-0.030888369538414933,,,,,,,,,0.9920704222316588,,,,,0.08900357850850843,,,0.02123613225842058,,,,,,,-0.04496781185940305,-0.04496781185940305,,,-0.021540100778287045,,,,,,,,,,,,-0.026563698495444276,-0.02154010077828705,,,,,,,,,,,,,,,,
rdkit_SMR_VSA5,-0.312127913791717,0.9794973143789132,-0.04355096057760146,0.2937919947887596,0.21450734438952934,1.615973076828996e-16,0.6717328600849518,0.6717328600849518,0.2826678355148981,-0.3479204440937064,-0.8358307096421974,0.6023340198261506,0.9794979951344622,0.9780200618780089,0.9795038719749781,0.9814765765050498,,0.12934922724200537,0.0848921024966064,-0.12582654089782083,0.16684445124300473,-0.7412258085307691,-0.6890125420841614,-0.5923135725921383,-0.07228653415263606,-0.5575822425971698,0.7954875891616505,-0.681525470033678,0.7729345895261216,-0.6196927330662209,-0.17647278153293397,-0.6751389381795514,0.39137347863194016,-0.6015590495276426,0.966022117016679,0.9805510649408286,0.9870618017007993,0.9840158222436132,0.9817553784382472,0.9894515677488258,0.9858380305374878,0.9916137058954767,0.9861389505356113,0.9906123588173233,0.9829509668741472,0.9893432530693346,0.9807287818459025,-0.6660482480847417,0.40666357580482204,0.9756393272357442,0.965655715266028,0.9324826927775547,0.9822638104348169,0.9526616748679994,0.9409101191660068,0.5169518050630083,0.7254012483567034,,-0.0718885181526005,-0.1314251352059967,-0.12846454540160926,,-0.03159217367788346,0.35992483832805183,0.3403896969457041,0.0951706599207295,0.9453357944314206,0.9516073064808904,-0.1916086411861185,,0.05531500415992549,0.33641707697615997,1.0,0.8554571919704611,0.3360747638428911,,,0.01832746013167041,,,-0.06743244488933148,0.9533839318299481,0.9371861832423752,0.34748275287129354,0.32646361420353465,0.3360747638428911,,,,0.9481502438286661,0.9596528129744577,0.9560803315881602,,0.019030274422678014,0.3188129723760114,0.3097953710704096,0.040329540395299686,0.34748275287129315,-0.029813461012158617,0.30445599589650185,0.7795025751428815,0.9315694416715687,-0.00866091556796573,-0.25057317742154195,0.9515920915951559,-0.17176876419245748,-0.7153829025305729,-0.05715247852599012,-0.9353355570787697,-0.6341401685580834,0.08619021222484113,0.37358418108075364,0.9819718427770976,0.9435793840322076,0.9518710251883599,0.34874346236805487,0.7707038986053436,0.8087660083004096,-0.0021835707061245717,,,,0.9857215335838585,0.26621649827465854,0.9535038759102746,0.9464425182528124,0.949615938749661,0.7707038986053436,0.8690081826770348,0.316724696187383,0.7707038986053436,0.7979874342729162,,-0.06615676606712656,0.9461453801615668,0.8087660083004096,-0.8710919412232695,0.987704620206755,-0.09041409418960654,0.9458366188659978,0.9407980681831594,,,,,,-0.09041409418960654,-0.09041409418960654,-0.2527632565641614,-0.2513236243183314,,,,,0.0553150041599255,-0.0708105379016638,,,,,,-0.22054174438921043,,-0.008152380179949143,0.34748275287129354,-0.0021835707061245717,,,,,,,,,0.3474827528712934,,,,,0.9484595976579391,,,-0.03024916647391281,,,,,,,-0.13217650869806938,-0.13217650869806938,,,-0.08175892235116494,,,,,,,,,,,,-0.10858761820531036,-0.09119862123927891,,,,,,,,,,,,,,,,
rdkit_SMR_VSA6,-0.25436657548237557,0.9318685987787718,0.03945081350701151,0.19589848163709725,0.22205295550253507,3.315498531323679e-16,0.5245377098899042,0.5245377098899042,0.41808512013360044,-0.3914086680942615,-0.6803623820162423,0.4317105435250726,0.931867654726848,0.9329956409216482,0.9318779397918356,0.9317551371717357,,0.08707370846870287,0.12418370965189805,-0.15068435591019091,0.11550082247345639,-0.6480994916440496,-0.642465710297366,-0.6020723563336642,-0.05225655049336074,-0.16018577095716138,0.6225448237090389,-0.40804051679811487,0.5510239879323817,-0.3971777701336472,-0.19455328017556062,-0.5078044375160915,0.03269283186587498,-0.44543219890384994,0.9404533449277469,0.9309952390929938,0.9200142015686443,0.9176329516000729,0.9310747570943412,0.9172394482732513,0.9144387650206054,0.9024412948531414,0.8978286021094081,0.8945019933123424,0.8878563382379224,0.8724529357152054,0.8649293049937596,-0.6126516190227136,0.7377106730644225,0.9304628040909383,0.9201028274661118,0.8857660166361034,0.9260631062001078,0.9468526740497907,0.9549625242425871,0.16736034051800994,0.9272056510604803,,-0.06951922241178016,-0.08090898557888042,-0.14893442179634914,,-0.014959368835726846,0.01130415822604972,-0.017859831236500364,-0.07222130128536076,0.9044654529400382,0.9502333434281792,-0.19632532360811325,,-0.04960483618460525,0.003426610572137173,0.8554571919704611,1.0,0.01451728758403389,,,-0.06899938307315308,,,-0.04650208667204024,0.9523657349135549,0.9296508978289663,0.010195676624890048,-0.030381514960446897,0.01451728758403389,,,,0.9447506508558238,0.9531421301338915,0.9046707668678153,,-0.18093346981193342,-0.0027882339471533004,-0.019353103842555515,-0.13732867569433221,0.010195676624890052,-0.053347800258468504,-0.038902339322031215,0.9083105384792625,0.9387499524842388,0.0027331248446375114,-0.2846726664918525,0.955258398207116,-0.05370622440659687,-0.9335956320269425,0.05364880360146833,-0.8976378173492913,-0.9154517254925484,0.08375251678008558,0.35866279213187097,0.9300405957030721,0.9402960092648809,0.9480895485705451,-0.008102077514137634,0.6720487990157651,0.6607581684978678,-0.060272370100014946,,,,0.8992441929506423,0.10551089194992783,0.9526741878354956,0.9471839999371383,0.9468176639164326,0.6720487990157651,0.9376783862055971,-0.017315032387555506,0.6720487990157651,0.6643830513319734,,-0.02927955173377695,0.9099500660993414,0.6607581684978678,-0.9401781177387505,0.9155530184084796,-0.12514442572019385,0.9510154411429578,0.95202868808407,,,,,,-0.12514442572019385,-0.12514442572019385,-0.28905379413866134,-0.27918293774385555,,,,,-0.04960483618460525,-0.05334780025846853,,,,,,-0.29287827047026854,,0.0032047255754158207,0.010195676624890035,-0.060272370100014946,,,,,,,,,0.01019567662489005,,,,,0.9457745343972891,,,-0.013886196036001565,,,,,,,-0.028719389116231803,-0.028719389116231803,,,-0.027277872375850446,,,,,,,,,,,,-0.09367565866659533,-0.07596017280865223,,,,,,,,,,,,,,,,
rdkit_SMR_VSA7,0.01710130730486754,0.2231703779118387,-0.062139183673519685,0.11547812221708546,0.038105747577086534,1.5990909355428766e-17,0.28488282851198243,0.28488282851198243,-0.1743396935166038,0.018053977181610035,-0.2904400202063946,0.15181817217085863,0.22317523129080247,0.2171533593045265,0.22315987951209035,0.22806111276955437,,-0.016427589782485243,0.04009740482389001,-0.05029861421644478,-0.01263293895589908,-0.06404273510812256,-0.003718875928020034,0.06584563573045467,-0.03281578671969636,-0.6837337507224448,0.24202713135019635,-0.33264034097182194,0.34530475206018363,-0.20272877741138817,0.015162941654234291,-0.1510125154993312,0.3499299452504532,-0.18533052126478483,0.2419799909803793,0.23177358502314965,0.26636168478207184,0.26494992393850936,0.22914051548096934,0.27180362557959387,0.27014845327789755,0.3094155107108087,0.3072978961447229,0.3271488436149589,0.3241448760580667,0.3585899261528801,0.3552746794669507,-0.17138743407951393,-0.019778138328637868,0.2236406918692396,0.20917286973225846,0.2023519331471413,0.24126764581972115,0.1323287515129666,0.09177319791361005,0.23567125080216916,-0.04876589505652925,,-0.024588900843641077,-0.07302903442123543,-0.0487955916407415,,-0.024691140442799745,0.7786687534165845,0.7741991720288605,0.2842890997284076,0.303442164661531,0.12064711916775954,-0.04297639786999649,,0.28754307088247577,0.6955181221874482,0.3360747638428911,0.01451728758403389,1.0,,,0.25220093984791275,,,-0.03508817922887431,0.13205222195721042,0.09620563249963135,0.7023127816316912,0.7238583825084385,1.0,,,,0.13021308246526814,0.14115915878162166,0.17581074365971125,,0.3806537524827497,0.679726763515318,0.6096662464124315,0.5486407537573544,0.7023127816316913,-0.019241446072101126,0.7261250092035352,-0.033313446785723566,0.09907335959800903,-0.019413182957260102,-0.03064802527466631,0.14277731858847467,-0.22879322656397952,0.056151883677062364,-0.3740651176514842,-0.0767251252736974,0.27773424202851815,0.02622083538218851,0.0009679106694201801,0.23179071993022674,0.14339080818438663,0.1268497991285326,0.8287671232876712,0.042603697462768625,0.16003775597350953,-0.0392874995522606,,,,0.23316653648898525,-0.019241446072101126,0.12980245027288168,0.14633932946167075,0.12514533359159355,0.042603697462768625,0.14655195446328642,0.6628805495490128,0.042603697462768625,0.11328250271607856,,-0.037011660509880265,0.1969726894220536,0.16003775597350953,0.01884301297254027,0.2784809761864533,-0.03928749955226065,0.13661232618055574,0.12393019013233848,,,,,,-0.03928749955226065,-0.03928749955226065,-0.027949187565191762,-0.016713848431155254,,,,,0.28754307088247566,-0.019241446072101133,,,,,,0.03378686891997429,,-0.01924144607210113,0.7023127816316913,-0.0392874995522606,,,,,,,,,0.7023127816316909,,,,,0.10010426934935157,,,-0.02443799261010184,,,,,,,-0.05719540767910325,-0.05719540767910325,,,-0.027397260273972598,,,,,,,,,,,,-0.0337868689199743,-0.027397260273972598,,,,,,,,,,,,,,,,
rdkit_SMR_VSA8,,,,,,,,,,,,,,,,,,,,,,,,,,,,,,,,,,,,,,,,,,,,,,,,,,,,,,,,,,,,,,,,,,,,,,,,,,,,,,,,,,,,,,,,,,,,,,,,,,,,,,,,,,,,,,,,,,,,,,,,,,,,,,,,,,,,,,,,,,,,,,,,,,,,,,,,,,,,,,,,,,,,,,,,,,,,,,,,,,,,,,,,,,,,,,,,,,,,,,,,,,,,,,,,,,,,,,,,,,,,,,,
rdkit_SMR_VSA9,,,,,,,,,,,,,,,,,,,,,,,,,,,,,,,,,,,,,,,,,,,,,,,,,,,,,,,,,,,,,,,,,,,,,,,,,,,,,,,,,,,,,,,,,,,,,,,,,,,,,,,,,,,,,,,,,,,,,,,,,,,,,,,,,,,,,,,,,,,,,,,,,,,,,,,,,,,,,,,,,,,,,,,,,,,,,,,,,,,,,,,,,,,,,,,,,,,,,,,,,,,,,,,,,,,,,,,,,,,,,,,
rdkit_SlogP_VSA1,-0.12283058153165956,0.01718910424008443,-0.11391759618248315,0.3104590753213033,0.0428846091299143,2.3849353721417216e-17,0.22677090329691357,0.22677090329691357,-0.16023651617330412,0.05641569237292769,-0.09261677038148407,-0.17355260589639868,0.017191428235324078,0.017118004292469048,0.01713534071556531,0.015714442936954422,,0.13272664431858988,-0.1347497915624498,0.08746425561569139,0.16133343574673137,0.18202968762908678,0.17400912842997504,0.16680934234632463,0.18550642777823712,-0.11553238403209211,-0.04587111190992319,-0.001768884364027312,-0.07594344767029232,-0.1102291923084762,0.2482161779392427,0.11218257508681811,0.08609809357565239,0.03225298917721804,0.019356032231366605,0.021038224206799554,0.021783232758277638,0.022183223793323915,0.015838171633547046,0.01306131330610186,0.008891624679378062,0.005650409739816844,0.0007352680537144249,-0.006294300820721417,-0.011506276083867898,-0.004643376968315123,-0.01013879672217351,-0.28159393145760064,-0.03525148972521016,0.033304113070620686,0.06184635146498786,0.1287564515426955,0.019977188064812478,-0.005999355740382449,-0.013134675836793598,-0.062527201414506,0.04902252837471233,,-0.02588430137112079,0.44768875789319157,0.09469552277682193,,0.10978747112734473,0.010065277587887191,0.0024999916547166867,0.5282801496767653,0.05994585799200135,-0.018172297042195393,0.25743041636362174,,0.8932154585123737,0.018949989879741853,0.01832746013167041,-0.06899938307315308,0.25220093984791275,,,1.0,,,0.08346580354926154,-0.011940719374922333,0.020449330643176104,-0.03426406912171312,0.10046511681830024,0.25220093984791275,,,,0.013440158055916846,-0.0036845109601451615,0.06016474398457938,,0.13984880914382675,-0.04155748967715132,0.3440987760425329,0.14441901404981755,-0.034264069121713106,0.38851195631114166,0.10760520687262061,-0.1807481701152155,-0.06517626231498547,-0.034569888366367874,0.5054107934937145,-0.022281341515071083,0.41132518069153484,0.03441626051735186,-0.9742351148780696,0.018738224229804538,0.08023095723341915,0.04669256731525175,-0.34396482992071814,0.018163740884031616,0.00918407157700758,0.009504179769891105,0.05154199486397223,-0.07210963679800574,-0.06367870534037606,0.7932700719283893,,,,-0.004380200399719056,-0.03426406912171313,-0.008657933782906477,0.006360376528562443,0.011247504372664054,-0.07210963679800574,0.07162439044668448,-0.043517782647456024,-0.07210963679800574,-0.07615044977458654,,-0.06590825290718061,0.08633561388651984,-0.06367870534037606,0.005976837337035903,0.0317477693025201,0.14584681508246827,-0.0410164772464629,-0.039784303072786936,,,,,,0.14584681508246827,0.14584681508246827,0.5310421838312598,0.5446973923173392,,,,,0.8932154585123734,0.4216609878424973,,,,,,0.26201166134200893,,-0.03426406912171312,-0.034264069121713106,0.7932700719283893,,,,,,,,,-0.034264069121713155,,,,,-0.06159256528664196,,,0.10124645610961261,,,,,,,0.055237973554784055,0.055237973554784055,,,-0.04878747762799788,,,,,,,,,,,,-0.0601657280716971,-0.04878747762799789,,,,,,,,,,,,,,,,
rdkit_SlogP_VSA10,,,,,,,,,,,,,,,,,,,,,,,,,,,,,,,,,,,,,,,,,,,,,,,,,,,,,,,,,,,,,,,,,,,,,,,,,,,,,,,,,,,,,,,,,,,,,,,,,,,,,,,,,,,,,,,,,,,,,,,,,,,,,,,,,,,,,,,,,,,,,,,,,,,,,,,,,,,,,,,,,,,,,,,,,,,,,,,,,,,,,,,,,,,,,,,,,,,,,,,,,,,,,,,,,,,,,,,,,,,,,,,
rdkit_SlogP_VSA11,,,,,,,,,,,,,,,,,,,,,,,,,,,,,,,,,,,,,,,,,,,,,,,,,,,,,,,,,,,,,,,,,,,,,,,,,,,,,,,,,,,,,,,,,,,,,,,,,,,,,,,,,,,,,,,,,,,,,,,,,,,,,,,,,,,,,,,,,,,,,,,,,,,,,,,,,,,,,,,,,,,,,,,,,,,,,,,,,,,,,,,,,,,,,,,,,,,,,,,,,,,,,,,,,,,,,,,,,,,,,,,
rdkit_SlogP_VSA12,0.17519310942922828,-0.02649544045378691,-0.02877947189662731,0.16178020607145288,0.01452545627014934,2.918802134394971e-17,0.03356175571279862,0.03356175571279862,-0.15161204030811823,-0.23501149524690326,0.17664500778695022,0.06860419039937693,-0.026493694106711655,-0.02280129022122766,-0.026974555605098535,-0.05208342554092237,,0.1979362557023936,0.05321561443517903,0.10505882137337562,0.16751050082260904,0.12849850916898917,0.14986068204729414,0.1512481475409395,0.8539389605835688,0.02431401319556199,0.0847079781035674,-0.038728287668198476,0.14063020987206407,-0.03707910356044614,0.3849851483281264,-0.03889892999973229,0.060368259773368384,-0.10228988478397638,-0.0444940393292691,-0.05282274208356382,-0.05496917960379031,-0.02142312936131787,-0.052380185814833426,-0.05690139873978136,-0.017964050685409627,-0.055059199373084275,-0.01476956837597809,-0.05274671728529053,-0.004399097165750599,-0.04930138411085914,-0.0005525229739042599,0.3909207907439709,-0.025338446343029074,-0.042438716240111043,-0.05058736351393975,-0.03983791052004365,-0.030353741301212957,-0.0968340657087383,-0.08980190699854525,-0.1270982923295691,-0.004910225300144874,,0.19527296831235583,0.011970977846020796,0.10481992390465725,,0.9387233815159304,-0.027322068779805232,-0.03584899715383796,-0.07012299106853587,0.001696799145892812,-0.0811607148422637,0.5816997332901511,,-0.05665565268627701,0.013193805225302106,-0.06743244488933148,-0.04650208667204024,-0.03508817922887431,,,0.08346580354926154,,,1.0,-0.0674523057463458,-0.02625873589938812,-0.024642876756622033,-0.0429686315618466,-0.035088179228874306,,,,-0.0890969533155418,-0.06223329545760526,-0.06333606987190958,,0.22574653444443563,-0.02988833850383703,-0.045813173753034384,-0.07529630518328491,-0.02464287675662203,-0.024642876756622033,0.022318520296892203,0.12083069395663767,0.00614338157738959,0.8871072906649923,-0.007028905904057155,-0.11125254361496273,0.29202480181793977,0.015451925441515326,-0.04736859460814153,0.09342438797391295,0.056804452810322724,-0.31131782540195163,0.07732176147646237,-0.05093822676835175,-0.10532313947153847,-0.07433232957213998,-0.03508817922887431,-0.027523397299943537,-0.032107375731172415,-0.05031622913965741,,,,-0.05723992524006066,-0.024642876756622047,-0.07888080049034582,-0.1070228168941609,-0.02957465494685257,-0.027523397299943537,-0.06661962062944138,-0.0312981902614463,-0.027523397299943537,-0.030639974869286147,,-0.0474015198798059,-0.03705507269678412,-0.032107375731172415,0.14626824990158505,-0.03474563497802562,-0.05031622913965748,-0.12115949021752781,-0.12040803014059376,,,,,,-0.05031622913965748,-0.05031622913965748,-0.10331372943508599,-0.09767291223422725,,,,,-0.056655652686277,0.29979884890632863,,,,,,-0.049232508054472573,,0.8854447102764498,-0.024642876756622033,-0.05031622913965741,,,,,,,,,-0.02464287675662203,,,,,-0.041549986405926435,,,0.9386243066471629,,,,,,,-0.07325121912352113,-0.07325121912352113,,,-0.0350881792288743,,,,,,,,,,,,0.31592785757727243,0.2561811146911586,,,,,,,,,,,,,,,,
rdkit_SlogP_VSA2,-0.3307551388257175,0.9901853694816545,-0.007777992495537558,0.27518042484685795,0.22687300802280888,1.1790824039590052e-16,0.6355232368420263,0.6355232368420263,0.35250001255710184,-0.42319586745429044,-0.8194526638814036,0.5448024428686561,0.9901847320124079,0.9909529713515931,0.9902088448474604,0.9897475220797693,,0.1416414415944182,0.07427166836748901,-0.11066346947174435,0.1785051588938977,-0.7372357769887868,-0.705542055942151,-0.6319081188780362,-0.07350896350214793,-0.33287833130786215,0.742171921469102,-0.5736214127625192,0.6775314724381115,-0.5617643385188853,-0.17310571302027866,-0.6397676351674041,0.24848976690913815,-0.5612016864078004,0.9772088871383962,0.9892948065580744,0.9817812932792819,0.9810053616829866,0.9899249620697899,0.9803205021152991,0.9792165043087317,0.9668916687999414,0.9653661905317522,0.9582659035990145,0.9554682669751583,0.9416059768160824,0.938231996476771,-0.6620674001293826,0.5476996872484607,0.9895690924211377,0.9866665985614557,0.9566158712984406,0.9874199104068176,0.9912779340395753,0.9907320475653569,0.407834998621865,0.8370423823384411,,-0.01820901590424314,-0.10902831640069746,-0.11469230986879225,,-0.045478672385683164,0.1026408940030584,0.07733221830911254,-0.04314500569891337,0.9429954100779764,0.9976872601380781,-0.1510980324155419,,0.020828488712782974,0.08334042792168826,0.9533839318299481,0.9523657349135549,0.13205222195721042,,,-0.011940719374922333,,,-0.0674523057463458,1.0,0.9801676609067036,0.09253315153044148,0.06281991924154537,0.13205222195721042,,,,0.9954960544478922,0.9978535640278966,0.980729182194807,,-0.07250053547802184,0.06922967671123946,0.07128063036938652,-0.0779716516665778,0.09253315153044157,-0.037693638889884966,0.05521760965198108,0.8650281108448945,0.9756458878606601,-0.023685863829665758,-0.2421122554018122,0.9958661836457423,-0.09281867354864046,-0.837310352979582,-0.021607217989182692,-0.9790047559786292,-0.8288447073339388,0.0526265968038764,0.3683721602341039,0.9893478657195026,0.9893052911558972,0.99778251652139,0.09616347228089991,0.7654215973715908,0.76757764130459,-0.024324719425367413,,,,0.9810947949656518,0.21906656734317706,0.9993086153958131,0.9924769933648517,0.9971041217871254,0.7654215973715908,0.936721206169622,0.06977039697252414,0.7654215973715908,0.7662823932339285,,-0.06285076420074645,0.9753288256446537,0.76757764130459,-0.9710860443021573,0.9790167800928733,-0.08034360261448419,0.9920003417636974,0.9917912653396688,,,,,,-0.08034360261448419,-0.08034360261448419,-0.2463270744568103,-0.2478617012805502,,,,,0.020828488712782953,-0.06854822171460657,,,,,,-0.2326668204158378,,-0.0236382585836577,0.0925331515304416,-0.024324719425367413,,,,,,,,,0.09253315153044152,,,,,0.9836265099781285,,,-0.044281958963419,,,,,,,-0.09015310703499123,-0.09015310703499123,,,-0.08621872102893312,,,,,,,,,,,,-0.070419603454864,-0.08197452239589856,,,,,,,,,,,,,,,,
rdkit_SlogP_VSA3,-0.35316619323310544,0.9776697596482928,-0.0164804226721551,0.24352998594850592,0.2146606554863553,-7.337441854879297e-17,0.6891962692678433,0.6891962692678433,0.29246632485012874,-0.4863804019529689,-0.7632997307491834,0.5310661350580714,0.9776688866265096,0.9792029494098704,0.9776851835107103,0.9749307376509306,,0.23570487770555543,0.03828726503014148,-0.03967775704634108,0.2700679597274356,-0.6582828628017795,-0.6264479593008989,-0.5561275629405369,-0.018566337472547195,-0.3101730725468434,0.7312436978591288,-0.552884381345669,0.6791601259082596,-0.5459360823288771,-0.06727295606437673,-0.6272437855113587,0.2183664603861128,-0.5242509499712231,0.9717269714254007,0.9750658411928866,0.967654450633678,0.9692571604055992,0.9766736869647842,0.9656477594848065,0.9685070621282772,0.9526270562570742,0.9555358287255368,0.9447693600387251,0.9460089664603882,0.9314338670547917,0.9323993489831022,-0.664326223372709,0.5493672775042088,0.9727864207209284,0.9635911564947425,0.9356876249841881,0.9747566288174124,0.9711382711565331,0.9716556421980929,0.4241872024846876,0.8481831167043693,,0.014298048274129223,-0.04774502948617767,-0.04214764621384459,,-0.027989722345045792,0.0877599791675713,0.06537387591040408,0.01672403517330298,0.899276307785112,0.9828793136202227,-0.0771525826434695,,0.054802385726907044,0.07345348420518652,0.9371861832423752,0.9296508978289663,0.09620563249963135,,,0.020449330643176104,,,-0.02625873589938812,0.9801676609067036,1.0,0.08214299985366796,0.06360041788932722,0.09620563249963136,,,,0.9766491357747159,0.9809171937418633,0.9700698499409252,,-0.03418156866410331,0.06452224039398297,0.08944001077504789,-0.0733700804471447,0.08214299985366805,-0.005316327051626455,0.06622192357798364,0.8414361496040373,0.9856163085458237,-0.006228901554229206,-0.1443472020869423,0.9652230860746193,-0.08644232582581217,-0.8441413216698009,-0.04407540578325348,-0.9668061365563091,-0.818849919436542,-0.010072717350947138,0.2918027360335019,0.9760274651008841,0.9553691906891799,0.9853065510209791,0.06802055786597305,0.7906541075915657,0.7884199820890149,0.03378900772642147,,,,0.9667941558253804,0.25921764678929876,0.9824613641554317,0.9586460671871461,0.9872189157419092,0.7906541075915657,0.9138680716576177,0.04810307871949514,0.7906541075915657,0.7889744762260819,,-0.08042170388110817,0.9473088413514051,0.7884199820890149,-0.9439716068144774,0.9642825610891468,-0.04171814665895375,0.9518791622799136,0.9518496227793541,,,,,,-0.04171814665895375,-0.04171814665895375,-0.16790760639226507,-0.1738877131278371,,,,,0.05480238572690704,-0.06505987373851736,,,,,,-0.17381200061731994,,-0.006394323614147399,0.08214299985366795,0.03378900772642147,,,,,,,,,0.08214299985366798,,,,,0.9825267796243574,,,-0.026748587471142136,,,,,,,-0.08346658711975022,-0.08346658711975022,,,-0.051126457768094796,,,,,,,,,,,,0.0008983017044750786,-0.012263651705694793,,,,,,,,,,,,,,,,
rdkit_SlogP_VSA4,0.1356445183377879,0.2134479353257729,-0.04364114293407215,0.05072656975926927,0.011567347562669583,7.29987873200055e-18,0.3113735429007918,0.3113735429007918,-0.11421205598754552,0.044398844602294464,-0.1867447647283666,0.13461904072495567,0.21345225496398756,0.2055862095610491,0.21342619653050915,0.21973767707057804,,-0.011645096431084663,0.028195712647865266,-0.0353541943790866,-0.008994997672632033,-0.08608950702213991,-0.047570628065986574,0.009413248548797425,-0.023112435392612745,-0.7814968268279525,0.24645140100097368,-0.3283115369856489,0.39356217724375164,-0.12310790104685675,-0.01656961066719955,-0.09557414094587777,0.31739213401099636,-0.16279115026746363,0.24375675151572418,0.22198878564174573,0.2697934743249814,0.2689316746324251,0.21889489623492453,0.27701646822382997,0.2760775392790159,0.3336107180894255,0.33236751649234064,0.3614857136149685,0.35934527144136286,0.4052888575647815,0.4028631384067729,-0.08911540714751798,-0.013886631770141884,0.21109291175241632,0.17792526020987634,0.16842586218255864,0.23601806183223667,0.09218980839451481,0.057305027189461635,0.1655465536976127,-0.03424891140591014,,-0.017269099348763414,-0.05128922430425436,-0.034269767696573215,,-0.017340903526041423,0.9935203948239317,0.9816320713240423,0.43777336368983194,0.2369344866588292,0.09028676611973944,-0.07104591910948804,,-0.031068488300060003,0.9920704222316591,0.34748275287129354,0.010195676624890048,0.7023127816316912,,,-0.03426406912171312,,,-0.024642876756622033,0.09253315153044148,0.08214299985366796,1.0,0.9755171039388326,0.7023127816316912,,,,0.08747870386353604,0.11213812517440537,0.1158782868287047,,0.4295320681126579,0.9711515765524824,0.8814755492566737,0.21473147200352177,1.0,-0.013513513513513502,0.9404900689837337,0.013135198810918564,0.10199155926548854,-0.013634126523038272,-0.10598560402909249,0.10321551172372215,-0.31430792711081834,0.04519333680318339,0.033501123776752476,-0.015016819788676975,0.3687114993447963,0.018415227833971464,0.05000439164519944,0.22311440473179156,0.09105910565558892,0.08908823527538091,0.9428308575329543,0.047317122012913916,0.18093105032229373,-0.027592113093901978,,,,0.20985332696609385,-0.01351351351351351,0.09116191991375679,0.09315276229136642,0.08789116734293789,0.047317122012913916,0.1111287096337452,0.9482620798541165,0.047317122012913916,0.1485421914361351,,-0.02599376224550178,0.16226741064577427,0.18093105032229373,0.1149382553628117,0.27944248031143676,-0.027592113093901964,0.09594458280504194,0.07748016982206742,,,,,,-0.027592113093901964,-0.027592113093901964,-0.10622791723644254,-0.10955792757891428,,,,,-0.031068488300059986,-0.013513513513513513,,,,,,-0.09491579957524993,,-0.01351351351351351,0.9999999999999992,-0.027592113093901978,,,,,,,,,0.9999999999999991,,,,,0.09850150299094748,,,-0.017163114567495315,,,,,,,-0.040169065863669515,-0.040169065863669515,,,-0.019241446072101116,,,,,,,,,,,,-0.02372894989381247,-0.01924144607210112,,,,,,,,,,,,,,,,
rdkit_SlogP_VSA5,0.10778780498317106,0.1880560619817692,-0.07309966639555253,0.04314933704286152,0.013291704421281553,-8.527188396146878e-18,0.32443603820842803,0.32443603820842803,-0.1619567181502326,0.0791621126908471,-0.15296605270206476,0.07611797747132869,0.18806065374524084,0.18015186240892045,0.1880404511984322,0.194786655203541,,0.006406875818693536,-0.014086326535434535,-0.007329975699286299,0.014631559800740147,-0.033986170339401815,-0.001974255238520157,0.04639568304120137,-0.046747094290547964,-0.7696575360565918,0.19679147275428097,-0.28709312352056154,0.3433778404650554,-0.09293264311338942,0.030335590030475385,-0.0414728371068938,0.28918495278533946,-0.10769529062852021,0.22271199475256867,0.19849877326120552,0.246532263060983,0.24467855438657382,0.19410732089954205,0.25188651921328065,0.24964949376780876,0.3073125728006292,0.304569145694704,0.3323563157587219,0.32869360666173514,0.37603276141386244,0.37201298313392184,-0.13554407374761798,-0.02422439013495613,0.18835318646961344,0.15806826283041137,0.16459537725678158,0.21120993971336266,0.06450750510418926,0.02628315931598888,0.13362277964296165,-0.031220431191842205,,-0.02482313666293456,0.03195993198430078,-0.00611482275344931,,-0.030236522380033107,0.97538124612317,0.9830000840388,0.549833857385417,0.22034529962626706,0.06143766644100752,-0.0342147241792918,,0.12242705830331246,0.9664769266258354,0.32646361420353465,-0.030381514960446897,0.7238583825084385,,,0.10046511681830024,,,-0.0429686315618466,0.06281991924154537,0.06360041788932722,0.9755171039388326,1.0,0.7238583825084386,,,,0.06256992881027441,0.08405460898528687,0.09884152912095291,,0.4359698896737383,0.9592298180208573,0.9268723911794542,0.3202327944914573,0.9755171039388333,0.10132211673550079,0.9391246942692002,-0.042726833203565684,0.06619446073687224,-0.023773188699594713,0.0010680749986835567,0.07277401591635044,-0.31637578080531925,0.057399396517592266,-0.1061580427513924,0.012804088374703149,0.4019770064668821,0.032109771425641295,-0.04008088339256961,0.19873376627512884,0.06277155100915975,0.0639862694367714,0.9301977032529478,0.016744569180668106,0.14901973514293737,0.1148627727217748,,,,0.18161127583165393,-0.023562881436403834,0.062151952797741404,0.06418888341011733,0.061672860965241015,0.016744569180668106,0.10051029384322474,0.92174997584645,0.016744569180668106,0.11539239101160702,,-0.04532410740288537,0.1443336496482889,0.14901973514293737,0.14237744351610407,0.2565585571018983,0.01563698135943446,0.060285125780895614,0.042419588357647135,,,,,,0.01563698135943446,0.01563698135943446,0.01086937375087133,0.006364534981300215,,,,,0.12242705830331234,-0.023562881436403827,,,,,,-0.03006900975744508,,-0.023562881436403827,0.9755171039388336,0.1148627727217748,,,,,,,,,0.975517103938833,,,,,0.06335994898787266,,,-0.029926520088864757,,,,,,,-0.02363816940859759,-0.02363816940859759,,,-0.03355040952217889,,,,,,,,,,,,-0.041375060038912025,-0.03355040952217889,,,,,,,,,,,,,,,,
rdkit_SlogP_VSA6,0.01710130730486754,0.2231703779118387,-0.062139183673519685,0.11547812221708546,0.038105747577086534,1.5990909355428766e-17,0.28488282851198243,0.28488282851198243,-0.1743396935166038,0.018053977181610035,-0.2904400202063946,0.15181817217085863,0.22317523129080247,0.2171533593045265,0.22315987951209035,0.22806111276955437,,-0.016427589782485243,0.04009740482389001,-0.05029861421644478,-0.01263293895589908,-0.06404273510812256,-0.003718875928020034,0.06584563573045467,-0.03281578671969636,-0.6837337507224448,0.24202713135019635,-0.33264034097182194,0.34530475206018363,-0.20272877741138817,0.015162941654234291,-0.1510125154993312,0.3499299452504532,-0.18533052126478483,0.2419799909803793,0.23177358502314965,0.26636168478207184,0.26494992393850936,0.22914051548096934,0.27180362557959387,0.27014845327789755,0.3094155107108087,0.3072978961447229,0.3271488436149589,0.3241448760580667,0.3585899261528801,0.3552746794669507,-0.17138743407951393,-0.019778138328637868,0.2236406918692396,0.20917286973225846,0.2023519331471413,0.24126764581972115,0.1323287515129666,0.09177319791361005,0.23567125080216916,-0.04876589505652925,,-0.024588900843641077,-0.07302903442123543,-0.0487955916407415,,-0.024691140442799745,0.7786687534165845,0.7741991720288605,0.2842890997284076,0.303442164661531,0.12064711916775954,-0.04297639786999649,,0.28754307088247577,0.6955181221874482,0.3360747638428911,0.01451728758403389,1.0,,,0.25220093984791275,,,-0.035088179228874306,0.13205222195721042,0.09620563249963136,0.7023127816316912,0.7238583825084386,1.0,,,,0.13021308246526814,0.14115915878162166,0.17581074365971125,,0.3806537524827497,0.679726763515318,0.6096662464124315,0.5486407537573544,0.7023127816316913,-0.019241446072101126,0.7261250092035352,-0.033313446785723566,0.09907335959800903,-0.019413182957260102,-0.03064802527466631,0.14277731858847467,-0.22879322656397952,0.056151883677062364,-0.3740651176514842,-0.0767251252736974,0.27773424202851815,0.02622083538218851,0.0009679106694201801,0.23179071993022674,0.14339080818438663,0.1268497991285326,0.8287671232876712,0.042603697462768625,0.16003775597350953,-0.0392874995522606,,,,0.23316653648898525,-0.019241446072101126,0.12980245027288168,0.14633932946167075,0.12514533359159355,0.042603697462768625,0.14655195446328642,0.6628805495490128,0.042603697462768625,0.11328250271607856,,-0.037011660509880265,0.1969726894220536,0.16003775597350953,0.01884301297254027,0.2784809761864533,-0.03928749955226065,0.13661232618055574,0.12393019013233848,,,,,,-0.03928749955226065,-0.03928749955226065,-0.027949187565191762,-0.016713848431155254,,,,,0.28754307088247566,-0.019241446072101133,,,,,,0.03378686891997429,,-0.01924144607210113,0.7023127816316913,-0.0392874995522606,,,,,,,,,0.7023127816316909,,,,,0.10010426934935157,,,-0.02443799261010184,,,,,,,-0.05719540767910325,-0.05719540767910325,,,-0.027397260273972598,,,,,,,,,,,,-0.0337868689199743,-0.027397260273972598,,,,,,,,,,,,,,,,
rdkit_SlogP_VSA7,,,,,,,,,,,,,,,,,,,,,,,,,,,,,,,,,,,,,,,,,,,,,,,,,,,,,,,,,,,,,,,,,,,,,,,,,,,,,,,,,,,,,,,,,,,,,,,,,,,,,,,,,,,,,,,,,,,,,,,,,,,,,,,,,,,,,,,,,,,,,,,,,,,,,,,,,,,,,,,,,,,,,,,,,,,,,,,,,,,,,,,,,,,,,,,,,,,,,,,,,,,,,,,,,,,,,,,,,,,,,,,
rdkit_SlogP_VSA8,,,,,,,,,,,,,,,,,,,,,,,,,,,,,,,,,,,,,,,,,,,,,,,,,,,,,,,,,,,,,,,,,,,,,,,,,,,,,,,,,,,,,,,,,,,,,,,,,,,,,,,,,,,,,,,,,,,,,,,,,,,,,,,,,,,,,,,,,,,,,,,,,,,,,,,,,,,,,,,,,,,,,,,,,,,,,,,,,,,,,,,,,,,,,,,,,,,,,,,,,,,,,,,,,,,,,,,,,,,,,,,
rdkit_SlogP_VSA9,,,,,,,,,,,,,,,,,,,,,,,,,,,,,,,,,,,,,,,,,,,,,,,,,,,,,,,,,,,,,,,,,,,,,,,,,,,,,,,,,,,,,,,,,,,,,,,,,,,,,,,,,,,,,,,,,,,,,,,,,,,,,,,,,,,,,,,,,,,,,,,,,,,,,,,,,,,,,,,,,,,,,,,,,,,,,,,,,,,,,,,,,,,,,,,,,,,,,,,,,,,,,,,,,,,,,,,,,,,,,,,
rdkit_TPSA,-0.34804354545673827,0.9868709223068285,-0.0033466146431395927,0.2761795793655326,0.22212517231599907,3.123607537364724e-16,0.6396747469717845,0.6396747469717845,0.34078213045540406,-0.44336244775988065,-0.8341891085270404,0.5188438156850294,0.9868701666481398,0.987566349253905,0.9869078074800425,0.987556038441247,,0.1924296426634348,0.030417594983890628,-0.05115255737296253,0.22786470206216627,-0.7299562698657672,-0.7023575030491725,-0.6315423408398505,-0.06206709058344566,-0.333498295413732,0.7328911548539416,-0.5640189257269698,0.6737742070912248,-0.5590130262332897,-0.13074077047626867,-0.6272319138805192,0.2414503445315574,-0.5670695824011767,0.974370902004782,0.9866731620842268,0.978215332879137,0.9752167604936274,0.9861815135999698,0.9755552420643953,0.9728558225748518,0.9617374648899332,0.9574469056503926,0.9516284320617743,0.9442007586406556,0.9340010173477034,0.9258577050374454,-0.7065434849449903,0.5440770938945216,0.989387315043732,0.9877061950361823,0.9658570323522211,0.9825224250816791,0.993774877730952,0.9891710356863335,0.4131409670486775,0.8363464225849966,,-0.055880985029807276,-0.07311834115537871,-0.0568595414113324,,-0.07052768892609457,0.09789231463182729,0.0730246384875393,-0.035223897549452925,0.9374232806562499,0.9984348800235252,-0.17332704456541057,,0.04338665812800026,0.07969117267218913,0.9481502438286661,0.9447506508558238,0.13021308246526814,,,0.013440158055916846,,,-0.0890969533155418,0.9954960544478922,0.9766491357747159,0.08747870386353604,0.06256992881027441,0.13021308246526814,,,,1.0,0.9940670795179359,0.9794320687475829,,-0.09470422005550988,0.06326134884010957,0.07799381788262728,-0.08601471058505668,0.08747870386353607,-0.01237141050692774,0.05560707974361815,0.8577526878631947,0.964030183607861,-0.05445558382018516,-0.18503270475531955,0.9941927579953862,-0.08091462761056757,-0.8374887818499778,-0.04560882723744867,-0.9770289398794284,-0.826940642226386,0.0354503478523115,0.32749458437014917,0.9865603541620374,0.9958770053581469,0.9984944660633416,0.09154372092028186,0.7486160709435732,0.7503673993278983,-0.0005435666409990174,,,,0.9755610525965159,0.2043350657507041,0.9960675284762054,0.9949292412701972,0.9959731694128057,0.7486160709435732,0.9432597998185008,0.06440950561726853,0.7486160709435732,0.7490475754212153,,-0.07332178787304175,0.9798255705958513,0.7503673993278983,-0.9755145258605297,0.9755532533523454,-0.038285322196619995,0.9896837867372756,0.9896527774747367,,,,,,-0.038285322196619995,-0.038285322196619995,-0.2005440660054351,-0.212051062953803,,,,,0.04338665812800027,-0.05761937635361036,,,,,,-0.2078712559868819,,-0.05401357409260596,0.08747870386353605,-0.0005435666409990174,,,,,,,,,0.08747870386353607,,,,,0.9733075196398755,,,-0.06974595161629273,,,,,,,-0.07788310797505285,-0.07788310797505285,,,-0.1082234728512444,,,,,,,,,,,,-0.06423552467947559,-0.04290348567189585,,,,,,,,,,,,,,,,
rdkit_EState_VSA1,-0.32973885646039797,0.9923764004937161,-0.0019282567952415418,0.28356096082577575,0.23399767299398316,3.33211846038102e-16,0.6371711778666495,0.6371711778666495,0.3766815411329405,-0.41530131960285416,-0.8190115038958065,0.554325096690261,0.992375784453372,0.9929362875285562,0.9923926553917171,0.9925553514149977,,0.15263334987114668,0.076607661208207,-0.10745075483312702,0.1890021493105909,-0.7424278270598276,-0.7080881872258682,-0.6322858974829532,-0.0612116860623463,-0.350248089079102,0.7526382160656709,-0.5851932176181688,0.6924186974595269,-0.5697476383689615,-0.16746272045554214,-0.6455489409308636,0.2568230131129944,-0.556511705610391,0.9805284955058762,0.9917099519004943,0.985197825190392,0.9828845824256907,0.9926659807172579,0.9845764370117305,0.9821041861876241,0.9727130337848825,0.9686558953588832,0.9649586118913278,0.9586728122343008,0.9501595026675588,0.9430635474686027,-0.6781644558532676,0.5452958315960411,0.9900419111212756,0.9847613258901997,0.9530663700090504,0.9891345971062411,0.9934663071231142,0.9927558154266947,0.41065090588887815,0.839741359283747,,-0.05774506992426968,-0.08480063437941966,-0.1090994153972081,,-0.03441656115307373,0.12137453766145385,0.09545408004358318,-0.01940342350113836,0.9501489384325621,0.997141578083026,-0.18025806964243876,,0.029451297776110316,0.1029444176395886,0.9596528129744577,0.9531421301338915,0.14115915878162166,,,-0.0036845109601451615,,,-0.06223329545760526,0.9978535640278966,0.9809171937418633,0.11213812517440537,0.08405460898528687,0.14115915878162166,,,,0.9940670795179359,1.0,0.9813808784400058,,-0.10654082413827926,0.08864810236436847,0.09498254663636352,-0.07705167291800136,0.11213812517440541,-0.020705495689596624,0.07392472614398245,0.8658461033251624,0.9754975307528225,-0.012692260307073882,-0.2410825632751052,0.9954654823969392,-0.09782495297145533,-0.8380345557135824,-0.028308487439160226,-0.9776425067085839,-0.8208849041403422,0.0640223317657146,0.3743119187584425,0.9919909809637458,0.987957424415443,0.9970155100759782,0.11293668605036464,0.7762141449037134,0.7805971321351476,-0.011274464216161134,,,,0.9841914271569857,0.23202801633308837,0.9982154155290041,0.9920633307208416,0.9954964929650263,0.7762141449037134,0.931322354261157,0.08815098973162348,0.7762141449037134,0.7789516583695029,,-0.058653502959565736,0.9705006016999546,0.7805971321351476,-0.9651930810139647,0.9826992064747769,-0.08061543564488248,0.9906926330306759,0.9900294789027262,,,,,,-0.08061543564488248,-0.08061543564488248,-0.25028333176518835,-0.2522277813909453,,,,,0.02945129777611031,-0.06758418221779,,,,,,-0.2555723047498988,,-0.01228821109912619,0.11213812517440544,-0.011274464216161134,,,,,,,,,0.11213812517440536,,,,,0.9874408034780916,,,-0.0331643392618314,,,,,,,-0.0717051110525722,-0.0717051110525722,,,-0.08218395415030937,,,,,,,,,,,,-0.08573550823879215,-0.07183988357392868,,,,,,,,,,,,,,,,
rdkit_EState_VSA10,-0.38846856482216957,0.9785822631095357,-0.02757499244016512,0.3226012237201719,0.24890768480406134,6.996363980623225e-17,0.6994133840634168,0.6994133840634168,0.3143789680440792,-0.42966861801216594,-0.8592724222080546,0.5826938475747426,0.9785816494233321,0.9792125732800635,0.978600919914359,0.9783782700316858,,0.21080800611576161,0.044953034181709345,-0.07840088824060469,0.25431590249346775,-0.7098677134169346,-0.6476895352571674,-0.548297395915672,-0.06343731492923602,-0.3927361721210764,0.7951670011636149,-0.653106588178934,0.7367745436515774,-0.6421200485756601,-0.11503732139220002,-0.7104542423255975,0.37234409297061977,-0.5764031095046981,0.9586077166285668,0.9787338518546216,0.9718912470784657,0.9701486973303525,0.9793453510651686,0.9709578073934925,0.9692323169418449,0.957645007358782,0.9547107528900137,0.9480871728887739,0.9432154751284745,0.934191397146332,0.9286556379376516,-0.6962121448011034,0.4599187456577147,0.9770736851541371,0.978164977773976,0.9550082192496001,0.976084026003488,0.9753970560969124,0.9705146643113538,0.48955962386833424,0.7835393418678314,,-0.040727256886465044,-0.0523315621460576,-0.07996852863468845,,-0.0395651377080391,0.13020341468591642,0.10247722743616858,0.03308584992551734,0.9335183080108574,0.980285118119187,-0.13732235393684178,,0.10562872898598644,0.10519202534830273,0.9560803315881602,0.9046707668678153,0.17581074365971125,,,0.06016474398457938,,,-0.06333606987190958,0.980729182194807,0.9700698499409252,0.1158782868287047,0.09884152912095291,0.17581074365971125,,,,0.9794320687475829,0.9813808784400058,1.0,,-0.07098512334115084,0.09400337394269437,0.12744330324206044,-0.05746921994131298,0.11587828682870482,0.01583115368576031,0.08317867928817198,0.7687199612987093,0.9488672131319422,-0.013843024063743714,-0.168618149922531,0.9733694130619407,-0.10997416620030885,-0.7730562389590586,-0.09830045187873991,-0.9674830634744389,-0.7628672317035461,0.055557180938680395,0.34416957675339444,0.9784636440091237,0.970122701042257,0.9822605364030031,0.11868364015535367,0.7393709743926625,0.7451284395818357,0.05035668778564393,,,,0.9796387570090949,0.19677951276928493,0.9814936071458846,0.9751505487902103,0.9810716223569262,0.7393709743926625,0.9172014965728175,0.08038592298627575,0.7393709743926625,0.7415947460406941,,-0.07588756603333968,0.9641700971286157,0.7451284395818357,-0.946736748274371,0.9703198053680322,-0.04824996921333272,0.9696511347466834,0.9688415110897329,,,,,,-0.04824996921333272,-0.04824996921333272,-0.1782195819309979,-0.18306578599351947,,,,,0.10562872898598641,-0.07927320943343698,,,,,,-0.19847566957230423,,-0.013563674676223363,0.11587828682870487,0.05035668778564393,,,,,,,,,0.11587828682870477,,,,,0.9638345720077275,,,-0.038090757833870136,,,,,,,-0.07405125160362454,-0.07405125160362454,,,-0.07690916221262759,,,,,,,,,,,,-0.07476094135013124,-0.06853661569869592,,,,,,,,,,,,,,,,
rdkit_EState_VSA11,,,,,,,,,,,,,,,,,,,,,,,,,,,,,,,,,,,,,,,,,,,,,,,,,,,,,,,,,,,,,,,,,,,,,,,,,,,,,,,,,,,,,,,,,,,,,,,,,,,,,,,,,,,,,,,,,,,,,,,,,,,,,,,,,,,,,,,,,,,,,,,,,,,,,,,,,,,,,,,,,,,,,,,,,,,,,,,,,,,,,,,,,,,,,,,,,,,,,,,,,,,,,,,,,,,,,,,,,,,,,,,
rdkit_EState_VSA2,0.17478702337929608,-0.017585896111881095,-0.1173449595773104,-0.011088240808014441,-0.09069180905962759,-3.6377135225553984e-16,0.2848919760203029,0.2848919760203029,-0.5380961124512762,-0.16481327159347897,0.0848003165660573,-0.09324198316557496,-0.017582673866063117,-0.018333377710238498,-0.017627353420655564,-0.03328737295175093,,-0.04386977774046348,-0.04836658125931244,0.030899871837179037,-0.045755900083818545,0.2435806419832505,0.23777598069879274,0.23959933231269462,0.19102130125397904,-0.4337692351688418,-0.06428019297548646,-0.01708807685829863,0.05157023660617517,0.10269708921043524,0.24128899430178236,0.1442955199192805,0.08219098669907754,-0.09858057833098484,-0.00284187875397562,-0.025767922500403252,0.0005214186333707307,0.03791576440503372,-0.02868296440671515,-0.006618974674503125,0.02998921167185112,0.01612893845760312,0.0732387840701756,0.029020164890099117,0.10315118199174501,0.04837574895788944,0.12694451118098554,0.36509547317304675,-0.06682969736832921,-0.007381293817058148,-0.01081868155723737,0.012243233773147937,0.009199508824801984,-0.15438194104153896,-0.17060333025742067,-0.007430178945934078,-0.1413625851594587,,0.7451717785771914,-0.14872263347469306,-0.016335736220938857,,0.08690595382556743,0.4393597488563059,0.44525184400924545,0.15476655298785386,-0.09403273787226078,-0.09940012659939691,0.7167332160510445,,0.05346954389295086,0.4523780926568795,0.019030274422678014,-0.18093346981193342,0.3806537524827497,,,0.13984880914382675,,,0.22574653444443563,-0.07250053547802184,-0.03418156866410331,0.4295320681126579,0.4359698896737383,0.3806537524827497,,,,-0.09470422005550988,-0.10654082413827926,-0.07098512334115084,,1.0,0.42501883118025424,0.3869075282533879,0.1647765335346353,0.4295320681126577,-0.06475923047593077,0.47873590687572576,-0.16708152467169524,-0.011147603815344425,0.026109663946820776,0.08870984568266142,-0.12515222961129385,0.06347634571581684,0.14972955670212754,-0.13044630065362456,0.13470112616815946,0.30789186200918484,-0.35189910547106024,-0.17314201803767118,-0.023781270633501977,-0.12223210826610834,-0.08431718351030447,0.4173147661421055,-0.11080335230373313,-0.04967620433478573,0.005687137257980253,,,,-0.04263127154098605,-0.06475923047593078,-0.08661396375894798,-0.13725869826491324,-0.05573974885668753,-0.11080335230373313,-0.039245649911582775,0.388589802595124,-0.11080335230373313,-0.06819663583663257,,-0.08815264203106468,0.014943403694932408,-0.04967620433478573,0.20820039200801196,0.008614737299556266,-0.00023622896549292113,-0.14064147542340474,-0.14772792172353755,,,,,,-0.00023622896549292113,-0.00023622896549292113,0.11692929866064604,0.1321693212918063,,,,,0.053469543892950853,0.20305100466898798,,,,,,0.2789932350431202,,0.01948132958268625,0.42953206811265787,0.005687137257980253,,,,,,,,,0.42953206811265776,,,,,-0.10927397141096092,,,0.08302926782059926,,,,,,,-0.1924975167758484,-0.1924975167758484,,,-0.09220853182463086,,,,,,,,,,,,0.4154302405014804,-0.02809221534557115,,,,,,,,,,,,,,,,
rdkit_EState_VSA3,0.15828814790241322,0.18826311367085702,-0.052930559430622276,0.01806005471981182,0.004883958190719236,7.269803888895128e-17,0.2865983161170799,0.2865983161170799,-0.13249645652728068,0.07746372557338757,-0.13325418367511044,0.0941654797954617,0.18826758247064004,0.18052127880863628,0.18824376230493473,0.19462023706985832,,-0.04068310791658721,0.03417826818589627,-0.04286378479581405,-0.04105056475563003,-0.04398715523401598,-0.011228058115323914,0.0366770563410929,-0.030848388959210365,-0.7177520569892505,0.18362522764130876,-0.2671468168596027,0.34351761125032776,-0.045964480477969395,-0.010587279751043456,-0.05807161215352617,0.2759783492669197,-0.1432589245875142,0.220908186510559,0.19680905827351441,0.24400876353539053,0.24283305807546948,0.19428189840081025,0.25142036841152565,0.250062118428823,0.30640040522303275,0.3046864894109758,0.33389869253190946,0.33132701395337283,0.3769459115555839,0.37407659028230245,-0.07878576993389275,-0.016844553205262815,0.18591118892217462,0.15571573892669782,0.15182054311492896,0.2106051712166661,0.07011023925211066,0.0355087032631442,0.12716924467160132,-0.04153910550287901,,-0.020944985120437853,-0.062206604884019696,-0.04156440124580011,,-0.021032073473704015,0.9644876337987407,0.9517888143135182,0.48471902690362867,0.2257977236788595,0.06721311005741318,-0.06667826210489929,,-0.037681700244885756,0.9630401956099494,0.3188129723760114,-0.0027882339471533004,0.679726763515318,,,-0.04155748967715132,,,-0.02988833850383703,0.06922967671123946,0.06452224039398297,0.9711515765524824,0.9592298180208573,0.679726763515318,,,,0.06326134884010957,0.08864810236436847,0.09400337394269437,,0.42501883118025424,1.0,0.8528957650368266,0.19938167137178422,0.9711515765524827,-0.01638998848458442,0.909526022311071,-0.008165881044324745,0.08270984024977862,-0.016536275076537363,-0.09270105797802598,0.0792646137769954,-0.3083473162085362,0.052067165824131484,0.040632144436199134,0.008564756899337077,0.36728853544445983,0.022335077538344506,0.013095038276629074,0.19804808087168027,0.06443294357755083,0.06589634163490851,0.9140814059826193,0.03249691335492375,0.1622383601739015,-0.0334653467747059,,,,0.18227919605447418,-0.016389988484584405,0.06861403995081432,0.06708134884349067,0.06434011481620144,0.03249691335492375,0.09565575282510537,0.9198691001507205,0.03249691335492375,0.1308069634232677,,-0.031526772326735154,0.140505330653783,0.1622383601739015,0.13526222377450675,0.2534704640835296,-0.03346534677470592,0.07084738763099742,0.05294442720152409,,,,,,-0.03346534677470592,-0.03346534677470592,-0.08753448380576452,-0.08622136887875079,,,,,-0.03768170024488577,-0.01638998848458441,,,,,,-0.058529556219416135,,-0.016389988484584415,0.9711515765524832,-0.0334653467747059,,,,,,,,,0.9711515765524835,,,,,0.07912111988978592,,,-0.020816440508942987,,,,,,,-0.04871941899371224,-0.04871941899371224,,,-0.02333716388658819,,,,,,,,,,,,-0.028779873947804152,-0.023337163886588196,,,,,,,,,,,,,,,,
rdkit_EState_VSA4,0.06601424767171385,0.19067596768241235,-0.07950160196064723,0.157786339696504,0.050425098426740214,2.0504269516991353e-17,0.39484361168902227,0.39484361168902227,-0.12854190167328555,0.05908351337112553,-0.19119350254441908,0.03556380046200256,0.19068014899163663,0.1837180163152288,0.1906642847590272,0.1965286024538534,,0.09350242526271506,-0.06674601501822591,0.036607370866437894,0.11396069721006116,-0.0041368979431834416,0.024178624162428903,0.06902146248945118,-0.050886943637450374,-0.7309731827987369,0.1995943706069406,-0.2885906907611429,0.31677558477091566,-0.15083038100601084,0.09302209417785089,-0.029048593947533313,0.3099857114823752,-0.03637461907713515,0.22094711392991032,0.2024349975315514,0.24452461745609888,0.24251945687968673,0.1970477862791301,0.24698789552050754,0.2445467883171071,0.2940403061598986,0.2910447298364145,0.31274484143249814,0.3088493634064438,0.35328724812103046,0.34903159107311016,-0.2264828009863688,-0.025830410814915165,0.19347669149561197,0.17442438043239875,0.19802879376330348,0.21203497149096925,0.07130604724041646,0.04113082452168696,0.1092535247051521,0.014868728128165608,,-0.02175563688447759,0.23863096897829483,0.04126356997341054,,-0.032238193378119256,0.874262324783703,0.8591178029925711,0.7162583537389866,0.2066064450637899,0.07064860810455699,0.037966409778817455,,0.3917586858490138,0.8728252771104297,0.3097953710704096,-0.019353103842555515,0.6096662464124315,,,0.3440987760425329,,,-0.045813173753034384,0.07128063036938652,0.08944001077504789,0.8814755492566737,0.9268723911794542,0.6096662464124315,,,,0.07799381788262728,0.09498254663636352,0.12744330324206044,,0.3869075282533879,0.8528957650368266,1.0,0.1522517601720638,0.8814755492566749,0.21927931620730712,0.8918101478941235,-0.07716807900456316,0.06276709393174665,-0.02534698418288189,0.16929956728229895,0.07491000091284221,-0.28961999181550874,0.043441818990129444,-0.3190494046435192,-0.000657056588778754,0.3633406068251717,0.03423545232935277,-0.11444911095889476,0.20101174954882003,0.07159068396090006,0.08037234761274732,0.8248121489824384,0.012457750129243746,0.12978301511310794,0.44772809720396767,,,,0.17416490795751216,-0.025122754486941453,0.07049717187528297,0.0757146198937689,0.07793586733733723,0.012457750129243746,0.12746977556915232,0.831675136938826,0.012457750129243746,0.10148846760692125,,-0.04832458312433965,0.16443881822720627,0.12978301511310794,0.11106221426635379,0.25434479302901863,0.07345998579260384,0.05869798483654111,0.04263318661814027,,,,,,0.07345998579260384,0.07345998579260384,0.17840268083317284,0.1737393220208357,,,,,0.391758685849014,-0.025122754486941463,,,,,,-0.004794055507239193,,-0.025122754486941463,0.8814755492566753,0.44772809720396767,,,,,,,,,0.8814755492566747,,,,,0.060731216648174643,,,-0.031907668799772096,,,,,,,0.016133315698100472,0.016133315698100472,,,-0.03577146129759095,,,,,,,,,,,,-0.044114107098723834,-0.03577146129759094,,,,,,,,,,,,,,,,
rdkit_EState_VSA5,-0.09955478303615951,-0.037469239864909604,-0.12273284660340074,-0.23693530657724837,-0.10024269230662655,4.15093216395197e-17,-0.04625450641331337,-0.04625450641331337,-0.2711155003563958,0.17854209835070392,0.14794113549388,0.03688001353881763,-0.03746568139903078,-0.04077601407651119,-0.0374533387732233,-0.03287026345287283,,-0.11717718490385472,0.0745420852529866,-0.09808006556603695,-0.12007424947167884,0.14488939423911804,0.15794789662740538,0.16592875553075725,-0.08665688552964587,-0.24105330232100447,-0.020583936879812716,-0.05027528272716042,0.02529619661404185,0.005292263965636529,-0.043618317290972125,0.0275066819525192,-0.026808277111279314,-0.03715330363553884,-0.014631470182010591,-0.032468155179659515,-0.011006373506769,-0.014949309435653485,-0.033182117670856104,-0.01095755208845361,-0.01605159815878023,0.006821801615776177,0.00089874757157911,0.015005324600505406,0.008719271354347548,0.029991966102789,0.023347026570883687,-0.004611769025051062,-0.04250279202844919,-0.03735844300783972,-0.05400382842703287,-0.05671080245343913,-0.028044348941499396,-0.06702300473837207,-0.09210242274906462,0.05016957674065374,-0.10464754220392383,,-0.052765729733868845,-0.1567142149826044,-0.10471126859602757,,-0.05298512738371125,0.27685631879897926,0.3759014267557691,0.2043068021999906,0.00535438478484088,-0.08520091588354353,-0.06633360600020848,,0.17966813017733688,0.20820347751666754,0.040329540395299686,-0.13732867569433221,0.5486407537573544,,,0.14441901404981755,,,-0.07529630518328491,-0.0779716516665778,-0.0733700804471447,0.21473147200352177,0.3202327944914573,0.5486407537573544,,,,-0.08601471058505668,-0.07705167291800136,-0.05746921994131298,,0.1647765335346353,0.19938167137178422,0.1522517601720638,1.0,0.2147314720035218,-0.04129053793764282,0.25093805341410175,-0.15577644918208108,-0.06990958633170441,-0.04165907096501388,-0.03197289770306229,-0.07591449948067806,-0.10299175736957604,0.10581489253333755,-0.24671189942454919,0.09078919564290316,0.24353430453274633,0.16186593984883146,-0.052661022701617884,-0.031231591115659565,-0.08264955471355259,-0.08170326118218278,0.32595607488386086,-0.07363317370497242,-0.026082765756912155,-0.08430769624377826,,,,-0.012760245332168489,-0.04129053793764279,-0.0773465229507568,-0.08747680793140392,-0.08623698666651562,-0.07363317370497242,-0.07504909551550115,0.19143260415222677,-0.07363317370497242,-0.05247898143406891,,-0.07942393553435702,-0.06413772728684489,-0.026082765756912155,0.1460090299398064,-0.008087805849313989,-0.08430769624377824,-0.08711288415363662,-0.09051207439180488,,,,,,-0.08430769624377824,-0.08430769624377824,-0.0051090105424752424,0.026110362785810352,,,,,0.17966813017733677,-0.04129053793764281,,,,,,0.14767517727923202,,-0.04129053793764281,0.21473147200352166,-0.08430769624377826,,,,,,,,,0.21473147200352186,,,,,-0.061572994889224034,,,-0.052441893255118395,,,,,,,-0.12273657300930044,-0.12273657300930044,,,0.40626539677063844,,,,,,,,,,,,-0.07250380183000577,-0.05879223476712474,,,,,,,,,,,,,,,,
rdkit_EState_VSA6,0.13564451833778793,0.21344793532577291,-0.04364114293407213,0.05072656975926927,0.01156734756266958,-2.639800720698821e-18,0.3113735429007918,0.3113735429007918,-0.11421205598754564,0.04439884460229449,-0.18674476472836637,0.13461904072495565,0.21345225496398748,0.20558620956104912,0.21342619653050907,0.21973767707057795,,-0.011645096431084662,0.02819571264786525,-0.035354194379086594,-0.00899499767263204,-0.08608950702213988,-0.04757062806598656,0.009413248548797418,-0.02311243539261277,-0.7814968268279533,0.24645140100097376,-0.32831153698564913,0.39356217724375137,-0.12310790104685677,-0.01656961066719956,-0.09557414094587785,0.3173921340109965,-0.16279115026746355,0.2437567515157242,0.2219887856417458,0.2697934743249819,0.2689316746324254,0.21889489623492475,0.27701646822382986,0.276077539279016,0.3336107180894255,0.3323675164923412,0.3614857136149685,0.3593452714413629,0.4052888575647813,0.40286313840677274,-0.08911540714751806,-0.013886631770141883,0.2110929117524163,0.17792526020987645,0.16842586218255878,0.23601806183223667,0.09218980839451478,0.057305027189461615,0.16554655369761279,-0.034248911405910146,,-0.017269099348763414,-0.05128922430425436,-0.0342697676965732,,-0.017340903526041434,0.9935203948239323,0.9816320713240423,0.43777336368983244,0.23693448665882944,0.09028676611973949,-0.07104591910948814,,-0.03106848830006003,0.9920704222316595,0.34748275287129315,0.010195676624890052,0.7023127816316913,,,-0.034264069121713106,,,-0.02464287675662203,0.09253315153044157,0.08214299985366805,1.0,0.9755171039388333,0.7023127816316913,,,,0.08747870386353607,0.11213812517440541,0.11587828682870482,,0.4295320681126577,0.9711515765524827,0.8814755492566749,0.2147314720035218,1.0,-0.013513513513513513,0.9404900689837346,0.013135198810918566,0.10199155926548849,-0.013634126523038269,-0.10598560402909248,0.10321551172372231,-0.31430792711081856,0.04519333680318341,0.0335011237767525,-0.015016819788676994,0.3687114993447964,0.018415227833971468,0.050004391645199424,0.22311440473179153,0.09105910565558889,0.08908823527538098,0.942830857532955,0.04731712201291391,0.18093105032229398,-0.027592113093902,,,,0.20985332696609404,-0.013513513513513507,0.09116191991375677,0.09315276229136644,0.08789116734293795,0.04731712201291391,0.11112870963374533,0.9482620798541173,0.04731712201291391,0.14854219143613517,,-0.025993762245501813,0.16226741064577438,0.18093105032229398,0.11493825536281167,0.27944248031143665,-0.02759211309390202,0.09594458280504196,0.07748016982206746,,,,,,-0.02759211309390202,-0.02759211309390202,-0.10622791723644265,-0.10955792757891432,,,,,-0.031068488300060017,-0.013513513513513516,,,,,,-0.09491579957524994,,-0.013513513513513514,1.0,-0.027592113093902,,,,,,,,,1.0,,,,,0.09850150299094755,,,-0.017163114567495343,,,,,,,-0.040169065863669584,-0.040169065863669584,,,-0.019241446072101123,,,,,,,,,,,,-0.023728949893812468,-0.019241446072101126,,,,,,,,,,,,,,,,
rdkit_EState_VSA7,-0.11474789709683053,-0.020110161266502374,-0.03687777541479422,0.2304464526389157,0.13638182553767994,4.251836801236842e-18,0.10705207559373654,0.10705207559373654,0.10406663250911068,0.010794202002895346,-0.03949466495426507,-0.14318967640071964,-0.02010944571159063,-0.019653499590683708,-0.020101320698080145,-0.020337167264472968,,0.30834041945215335,-0.46567847731687473,0.388785816489931,0.35414489298986707,0.039647960170059685,0.04265714046659992,0.03734797388785485,-0.03399671353661582,-0.08555295773058576,-0.033794247885133945,0.01802939590433934,-0.04597542209335056,-0.033397624795826884,0.20525329902130152,0.10536771490062295,0.008370004718773501,0.21516654015013062,-0.011226485918031345,-0.013664790647072295,-0.016948891217819617,-0.01826025564285002,-0.01996649467645874,-0.023311384248952526,-0.025029749560167524,-0.025429676644748166,-0.027426206307319505,-0.03354408165373604,-0.0355924055292468,-0.03277878515509979,-0.03492650132413933,-0.21196879816836242,-0.013888960896513015,-0.012302614138061448,-0.0048558469512619065,0.05589592322554065,-0.019283544156074684,-0.04558829348797255,-0.07136730170720633,-0.14313310319580802,0.0952075179096596,,0.0256475532348784,0.5027080558209184,0.40104777071076464,,-0.017340903526041434,-0.014982712826895398,-0.019658658859871773,0.5483469524033676,0.02904168297050726,-0.027910503073497375,0.1585474384657564,,0.4349588362008395,-0.01512788809422575,-0.029813461012158617,-0.053347800258468504,-0.019241446072101126,,,0.38851195631114166,,,-0.024642876756622033,-0.037693638889884966,-0.005316327051626455,-0.013513513513513502,0.10132211673550079,-0.019241446072101126,,,,-0.01237141050692774,-0.020705495689596624,0.01583115368576031,,-0.06475923047593077,-0.01638998848458442,0.21927931620730712,-0.04129053793764282,-0.013513513513513513,1.0,-0.028779074167779046,-0.1272895784223846,-0.06989174220974902,-0.013634126523038264,0.39758558788688203,-0.034805112120261016,-0.008779326104389685,-0.04833439968743373,-0.39827922219857703,0.048551939279218415,0.0479319603181375,0.01841522783397146,-0.24098221882345292,-0.018184873112936,-0.024693994754057997,-0.016969187671501122,-0.019241446072101105,-0.057058882427337324,-0.058939660332262334,0.48976000741675996,,,,-0.053560890982977935,-0.013513513513513504,-0.03784079694533302,-0.02232586864834401,-0.018428793152551505,-0.057058882427337324,0.029094721223008095,-0.017163114567495315,-0.057058882427337324,-0.05840513409408408,,-0.025993762245501813,0.002690933346697831,-0.058939660332262334,0.03604653563236201,-0.015668131973525894,0.48976000741676,-0.05675236595629801,-0.05632604450880557,,,,,,0.48976000741676,0.48976000741676,0.4133651562026788,0.2817203852029224,,,,,0.43495883620084036,-0.013513513513513514,,,,,,-0.09491579957524997,,-0.013513513513513507,-0.013513513513513506,0.48976000741675996,,,,,,,,,-0.013513513513513509,,,,,-0.07068046779503108,,,-0.017163114567495318,,,,,,,0.33641592660823244,0.33641592660823244,,,-0.019241446072101105,,,,,,,,,,,,-0.023728949893812457,-0.019241446072101116,,,,,,,,,,,,,,,,
rdkit_EState_VSA8,0.1347199477581345,0.1783156561265104,-0.07602786733009007,0.028933713578079938,-0.017746587088414294,-9.721614587400442e-17,0.314094000824651,0.314094000824651,-0.16167540082652032,-0.08989643036838374,-0.16333145210592406,0.15940634911004747,0.17831979604101686,0.17139265156986547,0.17830907689008949,0.18125967057678177,,0.12715038143078888,0.05367839069331597,0.04461231531681117,0.10992958845125414,-0.0172024167389432,0.028704967968896735,0.09457016824561765,0.07199382670498787,-0.76749653187604,0.2375412686838297,-0.3369215171892003,0.4121581611780975,-0.15595516493238615,0.09514446012592986,-0.09503993140042442,0.2799696739855295,-0.1565802978468092,0.21126450085323012,0.18445880542442722,0.23040674297864608,0.23476308061192444,0.1810454066086651,0.2356914048475511,0.24410973495954755,0.2897832132165146,0.2996308216331846,0.3152902959623761,0.32304548634711916,0.3600356337649023,0.3686342940377141,-0.039573366032608616,-0.02959580168209107,0.17374242755426622,0.1388171723714502,0.1395384986213183,0.20008525431827864,0.049840711630390035,0.015199776856555986,0.13490883073114118,-0.051983430765800705,,0.06858969297999055,0.05185820919030908,0.041761611506125645,,-0.03693008100470634,0.9448705761961358,0.9357273284315816,0.4710745086082741,0.18230613380886937,0.05610296780594516,0.01842390595455243,,0.13288413801641638,0.9310124972603264,0.30445599589650185,-0.038902339322031215,0.7261250092035352,,,0.10760520687262061,,,0.022318520296892203,0.05521760965198108,0.06622192357798364,0.9404900689837337,0.9391246942692002,0.7261250092035352,,,,0.05560707974361815,0.07392472614398245,0.08317867928817198,,0.47873590687572576,0.909526022311071,0.8918101478941235,0.25093805341410175,0.9404900689837346,-0.028779074167779046,1.0,-0.05356260328383003,0.08968538575253002,-0.02823973910663016,-0.012736713340166083,0.05496780511002235,-0.3107043297819484,0.07844413913434968,-0.1146633901676812,0.019480248507081167,0.3928880736115132,-0.17411934766286274,0.05527198199076276,0.18570101112040036,0.053546706273489994,0.06079676828177224,0.9047784649401871,0.01967978993752257,0.1482891389661395,0.10696666013152724,,,,0.17055856497547148,-0.028779074167779084,0.05446696123117859,0.05467638629754877,0.06434633323215361,0.01967978993752257,0.06723546509963273,0.886728640476418,0.01967978993752257,0.11454867186003675,,-0.018264747425842453,0.12260056582262438,0.1482891389661395,0.146558140781754,0.23997095278562494,-0.05876158471896132,0.04309101328567229,0.025959202913047843,,,,,,-0.05876158471896132,-0.05876158471896132,-0.08103487352735061,-0.06931370280336266,,,,,0.13288413801641635,-0.028779074167779094,,,,,,-0.07922828860629967,,-0.028779074167779084,0.9404900689837331,0.10696666013152724,,,,,,,,,0.9404900689837333,,,,,0.05985880449676905,,,-0.03655145248451476,,,,,,,-0.08554611090483018,-0.08554611090483018,,,-0.04097757426671965,,,,,,,,,,,,0.16638108883224542,0.15877627014858578,,,,,,,,,,,,,,,,
rdkit_EState_VSA9,-0.1502382209242804,0.8511794433995512,0.046545933003975824,0.14003978919186666,0.1499354817568721,6.910017300879838e-16,0.3820184444329841,0.3820184444329841,0.3701849493507253,-0.3448371738358946,-0.5604216734428819,0.3372408197224479,0.8511789276885511,0.8526469662423938,0.8510972080768241,0.8483594346332399,,0.03541170408450774,0.08596841248941461,-0.1001137409221895,0.050145903375861334,-0.6448347716661776,-0.6886271083251513,-0.6948548522062266,0.08206018804583143,-0.11360342324659327,0.5049511040294621,-0.2740702380412008,0.44356996316594066,-0.26428432363239984,-0.15402085183526196,-0.35787381220500075,-0.07658334485628365,-0.39799879021740964,0.8567493579775014,0.8457579637862145,0.8346611658914522,0.8346339104313294,0.8457333146928409,0.8328947599979283,0.8329082647118358,0.8219408629724972,0.8184544990647049,0.8160791791147897,0.8108309403363829,0.7957406490609887,0.7889870561906535,-0.5158587089961524,0.6030578176484368,0.8484985475799424,0.834048494141426,0.7981166340997875,0.8430546948368247,0.8659151493912389,0.875307183244762,0.15350880858238494,0.8441770220153479,,-0.10537685056534686,-0.18661785621462387,-0.09517268992132746,,0.16120748918783404,0.006258573104978629,-0.011086361629394076,-0.21014687988414396,0.8210456396122585,0.864754533167219,-0.1489920764793527,,-0.19710446991579827,0.01251221413664634,0.7795025751428815,0.9083105384792625,-0.033313446785723566,,,-0.1807481701152155,,,0.12083069395663767,0.8650281108448945,0.8414361496040373,0.013135198810918564,-0.042726833203565684,-0.033313446785723566,,,,0.8577526878631947,0.8658461033251624,0.7687199612987093,,-0.16708152467169524,-0.008165881044324745,-0.07716807900456316,-0.15577644918208108,0.013135198810918566,-0.1272895784223846,-0.05356260328383003,1.0,0.8622777527336077,0.17111802933630132,-0.300267990500503,0.8710366373883343,-0.008148750839943557,-0.8701765619085906,0.1739887851247639,-0.8350882783108211,-0.8489522197501028,0.061008519698427785,0.29612837199967007,0.8458177709760143,0.855724434782424,0.8587318476252463,0.005423377506125828,0.6952753715968197,0.6855614290348859,-0.18822154262917518,,,,0.8152185897402942,0.23232514854335504,0.8632908253897644,0.8573113390812118,0.8627404227214904,0.6952753715968197,0.832436598802151,0.022113947389242362,0.6952753715968197,0.6916348008761518,,-0.04150961576302022,0.8289818903924369,0.6855614290348859,-0.8464710225964727,0.8340340244901059,-0.0818854596821884,0.8638092209034411,0.8651648681396845,,,,,,-0.0818854596821884,-0.0818854596821884,-0.30458818777599356,-0.3130887273625048,,,,,-0.19710446991579839,-0.004305186777611529,,,,,,-0.23406899771894474,,0.17194670479392646,0.013135198810918569,-0.18822154262917518,,,,,,,,,0.013135198810918574,,,,,0.8651106287568333,,,0.1624213525032964,,,,,,,-0.09418115568646203,-0.09418115568646203,,,-0.10524876793208236,,,,,,,,,,,,-0.09335352305322492,-0.04573503288716377,,,,,,,,,,,,,,,,
rdkit_VSA_EState1,-0.3018865339453036,0.9717398940707462,-0.014853649208087481,0.2396843344226462,0.21323714282642095,3.9902731088437657e-17,0.6247177120678773,0.6247177120678773,0.34351856943074816,-0.5078577045231005,-0.7341628174243929,0.5802549460728721,0.9717390983264858,0.973185141101174,0.9717498096673214,0.9676157532564661,,0.1942964093868196,0.10979867128610252,-0.08450446746540578,0.21679036128772103,-0.7036380767170508,-0.672868704969333,-0.6011343827478467,0.00708945452917351,-0.31321798065705025,0.7429072393243973,-0.5630252166821378,0.7033162968393991,-0.5389505569488965,-0.14178629979200483,-0.6375378625897595,0.19550763954453748,-0.5497668699882087,0.9662470708607539,0.9664447338930483,0.9615167540077335,0.9666932946264539,0.9693335409447524,0.9609126618461216,0.968155520391242,0.9507887323448734,0.9596589372862832,0.9463598341460089,0.9546214391053952,0.9348040772848673,0.9432706036005754,-0.5571470322387138,0.5658793267703021,0.9632005420033432,0.9471133346078683,0.9073786399452008,0.9699942447074743,0.9592758735861284,0.9616446462926828,0.36882143292564173,0.8467387483973625,,0.0718585151042473,-0.1261897697634222,-0.09007431616387727,,-0.015416875637113435,0.10571219104598738,0.08295264968465528,-0.04087982312185183,0.8984313465754235,0.9745312231182348,-0.08445845007319802,,-0.03718700835489522,0.09257102688189882,0.9315694416715687,0.9387499524842388,0.09907335959800903,,,-0.06517626231498547,,,0.00614338157738959,0.9756458878606601,0.9856163085458237,0.10199155926548854,0.06619446073687224,0.09907335959800903,,,,0.964030183607861,0.9754975307528225,0.9488672131319422,,-0.011147603815344425,0.08270984024977862,0.06276709393174665,-0.06990958633170441,0.10199155926548849,-0.06989174220974902,0.08968538575253002,0.8622777527336077,1.0,0.00933249841349956,-0.27776095187964706,0.9594150515442124,-0.09704011350444475,-0.8459140064384539,0.04042487863602558,-0.9519735589457672,-0.8203251239793335,-0.059495934861806696,0.40735038589236533,0.9686047212610259,0.9469775416985922,0.9754151515702685,0.08904957044083622,0.7990172072012703,0.7996530024918393,-0.06025578949680981,,,,0.9598891101885162,0.26030314099200086,0.9754956157469663,0.9501524824592539,0.9803951873436868,0.7990172072012703,0.8871939485225193,0.07496049171175054,0.7990172072012703,0.8001438365155744,,-0.04826868905859322,0.9282497608783488,0.7996530024918393,-0.9293816500034343,0.9575847290263111,-0.11790923933997845,0.9486350015049935,0.9480324521789973,,,,,,-0.11790923933997845,-0.11790923933997845,-0.31813742847953985,-0.31477099897634614,,,,,-0.037187008354895267,-0.06989174220974904,,,,,,-0.2687476407712331,,0.008618930101469252,0.10199155926548858,-0.06025578949680981,,,,,,,,,0.10199155926548849,,,,,0.9865203332195561,,,-0.013981873103722117,,,,,,,-0.13553074444050114,-0.13553074444050114,,,-0.03324047619611587,,,,,,,,,,,,0.06025391815870596,0.01590885600690808,,,,,,,,,,,,,,,,
rdkit_VSA_EState10,0.16463251100332565,0.011257685294360598,0.005270440676046223,0.12192613561999716,0.0628427325165339,2.7999503882583824e-17,-0.006742406991626873,-0.006742406991626873,-0.09385680416911181,0.015034128199646848,0.14014069118555586,0.1361985115912678,0.011259641144003445,0.013895308305803655,0.010765185091549941,-0.008089704818079805,,0.035165455342925374,0.027903505281457523,-0.035103246186039674,0.044128590143974335,0.04037816319574452,0.08018829994493429,0.09357089152761398,0.5509886857579219,0.007672110863772592,0.14058302609189557,-0.0900316742596745,0.13472270132305111,-0.07473860475291197,0.1807938985422538,-0.11281839602943235,0.11515571008094577,-0.05371260383519909,-0.008257627608944135,-0.009497212131623854,-0.011051852714522721,0.010435692364047351,-0.007022059482336154,-0.008515485567347212,0.014674492548412982,-0.006441754867128736,0.013152656257522299,-0.003112320828378382,0.025811456724510132,0.0003825618607619819,0.027648215058540825,0.2540877412618084,-0.014012971439444057,-0.009509905032880803,-0.018216959300502877,-0.03706710755986145,0.0065934924015568904,-0.03787237823493196,-0.029489421974834003,-0.041509124816562507,0.029535376791079676,,-0.008480704702100423,-0.051746999234019264,-0.034575637803075474,,0.9413521598948895,-0.015116438973177802,-0.019834119520486693,-0.03879683942116812,0.06946171250224009,-0.0408288483058396,0.38825918218002486,,-0.031345785826828905,-0.015262909982424825,-0.00866091556796573,0.0027331248446375114,-0.019413182957260102,,,-0.034569888366367874,,,0.8871072906649923,-0.023685863829665758,-0.006228901554229206,-0.013634126523038272,-0.023773188699594713,-0.019413182957260102,,,,-0.05445558382018516,-0.012692260307073882,-0.013843024063743714,,0.026109663946820776,-0.016536275076537363,-0.02534698418288189,-0.04165907096501388,-0.013634126523038269,-0.013634126523038264,-0.02823973910663016,0.17111802933630132,0.00933249841349956,1.0,-0.10693156398654283,-0.05127721912085317,-0.008857684774175378,-0.017212290317197003,0.0338001334574795,0.041060562505050135,0.03378553428928663,0.014326235273883277,0.10339203482341293,-0.00799425520662978,-0.06401378221677821,-0.04079508555850334,-0.019413182957260095,0.01232917838265471,0.009377373804638668,-0.0278383827110578,,,,-0.0013518612208698478,-0.013634126523038276,-0.03807481049793875,-0.06153180871217185,-0.006570021362910414,0.01232917838265471,-0.03685853504642213,-0.01731630159015481,0.01232917838265471,0.010366641051538523,,-0.026225766001606105,-0.021948679311064263,0.009377373804638668,0.09960947170084701,0.007732555432229641,-0.027838382711057777,-0.05742772595079918,-0.056997847573679365,,,,,,-0.027838382711057777,-0.027838382711057777,-0.10717603992715675,-0.11053577181974579,,,,,-0.031345785826828884,-0.013634126523038269,,,,,,-0.0957629575128782,,0.99996088983863,-0.013634126523038265,-0.0278383827110578,,,,,,,,,-0.013634126523038278,,,,,0.01353587218268508,,,0.9481865286024429,,,,,,,-0.04052758934601714,-0.04052758934601714,,,-0.019413182957260088,,,,,,,,,,,,-0.018693707034044497,-0.01941318295726009,,,,,,,,,,,,,,,,
rdkit_VSA_EState2,-0.15537501289003167,-0.21649869990744083,-0.028043218572938837,-0.06196826339092407,-0.07059888532053527,7.590336922733189e-17,0.28827160532734986,0.28827160532734986,-0.39642155627648734,-0.20567518998232326,0.09566772014618186,-0.5620145909235534,-0.21649959704942034,-0.2146463017862888,-0.21645082017384845,-0.21783856726406173,,0.49311490832515825,-0.40260005280962397,0.5356301600838003,0.48767769587377635,0.549186685963546,0.5035483417378389,0.439552105432687,0.1532863109884891,0.12737066156026947,-0.33793664334582246,0.3203542507929365,-0.2820520635999481,0.22786107382123114,0.8133029060619146,0.3735763979208783,-0.11450977754923009,0.4239978269575418,-0.19451373525321,-0.20497870213294392,-0.21957442596526308,-0.2228732950735153,-0.2173806020212928,-0.23350184768182852,-0.23054056912217394,-0.24386187353716512,-0.24386826895816124,-0.2622332952671874,-0.2702997371919329,-0.2675175253580747,-0.27539795501177067,-0.2976621221837331,-0.11017177613077786,-0.19477233058825857,-0.164781688807371,-0.05086482281770419,-0.22176037556390862,-0.22504892668903512,-0.2359155385174728,0.022667115144860656,-0.13874220101829898,,-0.04332694752215697,0.6527437435089073,0.5615078202142557,,-0.08354398335013404,-0.09830800535680106,-0.09122624175447319,0.33691875852424585,-0.27721010175611166,-0.2114121830859461,0.34455994940686485,,0.5325356848995157,-0.09909449804815701,-0.25057317742154195,-0.2846726664918525,-0.03064802527466631,,,0.5054107934937145,,,-0.007028905904057155,-0.2421122554018122,-0.1443472020869423,-0.10598560402909249,0.0010680749986835567,-0.03064802527466631,,,,-0.18503270475531955,-0.2410825632751052,-0.168618149922531,,0.08870984568266142,-0.09270105797802598,0.16929956728229895,-0.03197289770306229,-0.10598560402909248,0.39758558788688203,-0.012736713340166083,-0.300267990500503,-0.27776095187964706,-0.10693156398654283,1.0,-0.2528167395967035,0.0791199778934898,0.15440632930401435,-0.48845385833643845,0.20850595207040692,0.18959013728058516,-0.26408962137679154,-0.8054602474146274,-0.21480368029402613,-0.22622139995478335,-0.1968156728601346,-0.11082227845256781,-0.2908893976001026,-0.3022911441058495,0.559058971662739,,,,-0.25683624236957886,-0.10598560402909238,-0.22797575204273962,-0.22229106182042915,-0.19872812173586293,-0.2908893976001026,-0.04576632253667841,-0.13460918676978148,-0.2908893976001026,-0.30280195542139887,,-0.2038673798507814,-0.13714621086187545,-0.3022911441058495,0.20170280666597468,-0.2150645317926072,0.441776760311888,-0.27697360962308437,-0.27338287310262216,,,,,,0.441776760311888,0.441776760311888,0.9317413777350917,0.8854084255904333,,,,,0.5325356848995152,0.04957017811667886,,,,,,0.6172499273270948,,-0.10598560402909239,-0.10598560402909234,0.559058971662739,,,,,,,,,-0.1059856040290924,,,,,-0.3078117934496352,,,-0.08521748512360353,,,,,,,0.31778251321040707,0.31778251321040707,,,-0.15090940504151837,,,,,,,,,,,,0.20958939622960532,0.33038400298810344,,,,,,,,,,,,,,,,
rdkit_VSA_EState3,-0.3316654870087057,0.9854026404162946,-0.005472580308396962,0.2679253310144795,0.22547390337747358,-1.9880129833235866e-16,0.6027321511374014,0.6027321511374014,0.37799226982001805,-0.38424093435105333,-0.8270482244479913,0.5290284540311335,0.9854020031390108,0.9856860048538384,0.985438425269418,0.9873075202857189,,0.11783042262856226,0.06998165477939833,-0.11858733761696565,0.15588099409036235,-0.7520916249100532,-0.7239221496593551,-0.6533158923354402,-0.10581067623432786,-0.3368484018535187,0.7296864962963174,-0.5612256668577936,0.6620502562233171,-0.5472548810103292,-0.2016782419524784,-0.6226970200171196,0.23264644284881705,-0.5479567489371502,0.9748421246738258,0.9865950725397024,0.979059986532253,0.9743919428010601,0.986668384032066,0.9781565478061843,0.9725982816950715,0.9657683278332728,0.9581890434590571,0.9571606428549742,0.9469699822918636,0.9399604035409889,0.9287907527504358,-0.6958282519262007,0.5524995998401263,0.9859574943967171,0.9829636844951457,0.9524483359692428,0.9818064190021364,0.9945852775968163,0.9927174573239564,0.3928553237456348,0.8388535771524853,,-0.08239182490775693,-0.11997050834176441,-0.11875662576279214,,-0.0724835521516877,0.11376856578286561,0.0891112586871645,-0.051215888993201085,0.9501363187499163,0.9950379235570798,-0.22072509471551272,,0.01154362523359129,0.0934204514248019,0.9515920915951559,0.955258398207116,0.14277731858847467,,,-0.022281341515071083,,,-0.11125254361496273,0.9958661836457423,0.9652230860746193,0.10321551172372215,0.07277401591635044,0.14277731858847467,,,,0.9941927579953862,0.9954654823969392,0.9733694130619407,,-0.12515222961129385,0.0792646137769954,0.07491000091284221,-0.07591449948067806,0.10321551172372231,-0.034805112120261016,0.05496780511002235,0.8710366373883343,0.9594150515442124,-0.05127721912085317,-0.2528167395967035,1.0,-0.1000784447289163,-0.8414215786032825,-0.0130102614798674,-0.973996957526622,-0.8292428964032368,0.09561747652244167,0.36475168745724074,0.9861120856806975,0.9931338182176503,0.9936157947105279,0.11135826405515471,0.7481800811763085,0.7527610156605344,-0.03686915516801227,,,,0.9764530058467665,0.2009620785884154,0.9961579432250627,0.9973003748533591,0.9894020945405954,0.7481800811763085,0.940792876941164,0.08531740398230273,0.7481800811763085,0.7508562501773653,,-0.05487829968327627,0.9712806800899543,0.7527610156605344,-0.972335570190718,0.9760269990771204,-0.07230824236652056,0.9979449411624748,0.9975200395215698,,,,,,-0.07230824236652056,-0.07230824236652056,-0.24958951373818097,-0.25458546890976935,,,,,0.01154362523359128,-0.07281073091969506,,,,,,-0.23729602388608348,,-0.05066546812009099,0.10321551172372216,-0.03686915516801227,,,,,,,,,0.10321551172372218,,,,,0.9763406377620292,,,-0.07138022644040948,,,,,,,-0.08661778425913744,-0.08661778425913744,,,-0.10024215910988897,,,,,,,,,,,,-0.12310209521493093,-0.10082028281767057,,,,,,,,,,,,,,,,
rdkit_VSA_EState4,-7.453093560902837e-05,-0.11502416113252613,-0.04119502825578953,0.13159214169949981,-0.09616617723889825,-4.340843664101329e-17,-0.11792682096279744,-0.11792682096279744,-0.09263517021960863,0.05170267809385141,0.14336775147045144,-0.16616922162190131,-0.11502391158214484,-0.11255767938370706,-0.11516556456458832,-0.12136872886386278,,-0.08577980245731213,0.018244574057480763,-0.02290519913019664,-0.09460651759557626,0.14748761800219434,0.10075677789071491,0.05497467291665551,0.5287215320711827,0.2648944769450487,-0.17686854097488383,0.19845325782187473,-0.23013353784682833,0.09509776175293558,0.10167880483468257,0.16174700604333295,-0.16216981141841816,-0.19599680118797147,-0.12770623755790303,-0.12762741017216916,-0.13869613036477269,-0.1321006826623023,-0.12757419892585892,-0.14505597590859345,-0.14650950328441076,-0.16141050578824842,-0.16301159461159592,-0.1696720498807679,-0.1709683002243514,-0.1846739276070245,-0.1859655526755609,0.10161190123301984,-0.009022979559401286,-0.10086860266133717,-0.08067757634370433,-0.05372556587829345,-0.1227185345279798,-0.08203262380067003,-0.07093261485021754,-0.18551902574498214,-0.02225049478450994,,-0.011219218048680419,-0.03332107710980961,-0.022264044493612304,,0.3132463114439458,-0.31355668550004095,-0.3144028610583476,-0.1685431261236328,-0.0917598471112247,-0.09821957853742358,0.18472141132539452,,-0.019394107455511553,-0.19250203617872305,-0.17176876419245748,-0.05370622440659687,-0.22879322656397952,,,0.41132518069153484,,,0.29202480181793977,-0.09281867354864046,-0.08644232582581217,-0.31430792711081834,-0.31637578080531925,-0.22879322656397952,,,,-0.08091462761056757,-0.09782495297145533,-0.10997416620030885,,0.06347634571581684,-0.3083473162085362,-0.28961999181550874,-0.10299175736957604,-0.31430792711081856,-0.008779326104389685,-0.3107043297819484,-0.008148750839943557,-0.09704011350444475,-0.008857684774175378,0.0791199778934898,-0.1000784447289163,1.0,0.018409220026233714,-0.30092159897001924,0.07893469489258058,-0.0830177636230747,0.01196382349263913,-0.11713913054016296,-0.12419334648005985,-0.06902488365306969,-0.08756898863131703,-0.30211418508155713,-0.06841612673233932,-0.11042723169708973,-0.017925771748281916,,,,-0.12641876891591228,-0.008779326104389685,-0.08552271359788408,-0.08563389037463931,-0.07749080852345987,-0.06841612673233932,-0.06802469303589971,-0.30218250514282763,-0.06841612673233932,-0.10021239213202379,,-0.016887370942059277,-0.03765055215046953,-0.11042723169708973,0.02558979582536861,-0.1313947883253673,-0.017925771748281905,-0.10076453006889136,-0.09481911314646081,,,,,,-0.017925771748281905,-0.017925771748281905,0.09571955213416272,0.11490078291213641,,,,,-0.019394107455511518,0.9534802942493347,,,,,,0.16402801894805863,,-0.008779326104389688,-0.3143079271108182,-0.017925771748281916,,,,,,,,,-0.3143079271108182,,,,,-0.09672848564457344,,,0.294384021092529,,,,,,,-0.026096642310913874,-0.026096642310913874,,,-0.012500592804238295,,,,,,,,,,,,-0.01541599000320522,-0.012500592804238281,,,,,,,,,,,,,,,,
rdkit_VSA_EState5,0.22427165532917853,-0.8195930792688614,-0.04037910774665518,-0.061536847595986724,-0.1792888610685406,3.518602849613715e-17,-0.4563098390358823,-0.4563098390358823,-0.35424059029424715,0.4034439053509654,0.48662012394162885,-0.28059916799379075,-0.8195916501771129,-0.8216061423639294,-0.81959385237038,-0.8176820920701101,,-0.1634469220790296,0.02723672845190198,0.004385092683771179,-0.19601373791135293,0.48094133093558233,0.5042770945908789,0.5017661182501313,0.02375420261980582,0.05017354545604329,-0.477002266377025,0.21280632520723683,-0.39655782717261817,0.22466087603260507,0.0905889645190968,0.3236051833853973,0.22415371900411912,0.2975798076142482,-0.8622530204063741,-0.8184104172462271,-0.8060046698370976,-0.805196250386446,-0.8162242041188247,-0.7993107780146433,-0.7984876827530115,-0.7881719069265976,-0.7860372128405425,-0.7818975070789805,-0.7781114330164594,-0.7588410692281556,-0.7543948860169394,0.5775995125407714,-0.9205812218773709,-0.8184161468736642,-0.7904271504159085,-0.7618859782091169,-0.8130609321746012,-0.8334936854388397,-0.8408729245493591,0.06839988784161538,-0.9896857681940795,,0.03478798450570184,0.029337692137836196,0.0017171885316733934,,-0.005205163911264191,0.04879802454857996,0.06036970603900216,0.04168764622450754,-0.7602214629237788,-0.8419916500849615,0.1031457331454237,,0.021236838965846504,0.049145013884634325,-0.7153829025305729,-0.9335956320269425,0.056151883677062364,,,0.03441626051735186,,,0.015451925441515326,-0.837310352979582,-0.8441413216698009,0.04519333680318339,0.057399396517592266,0.056151883677062364,,,,-0.8374887818499778,-0.8380345557135824,-0.7730562389590586,,0.14972955670212754,0.052067165824131484,0.043441818990129444,0.10581489253333755,0.04519333680318341,-0.04833439968743373,0.07844413913434968,-0.8701765619085906,-0.8459140064384539,-0.017212290317197003,0.15440632930401435,-0.8414215786032825,0.018409220026233714,1.0,-0.03307702714284582,0.7580915518566204,0.9065913773528638,-0.0458953248338175,-0.1618495774297148,-0.8170527120773151,-0.8239392320893214,-0.8414826727167812,0.05888435622332153,-0.5200368293884339,-0.5038038637133402,0.006384106083305277,,,,-0.7554842615576752,0.03367903443501027,-0.8395758969114049,-0.8263339323434526,-0.8418225997646259,-0.5200368293884339,-0.8804664012091523,0.053742728997662345,-0.5200368293884339,-0.509780943850292,,0.04578545611893671,-0.782166076396068,-0.5038038637133402,0.8338911972916055,-0.8001244693440374,-0.030696672847088005,-0.8224022341681094,-0.8241672342203469,,,,,,-0.030696672847088005,-0.030696672847088005,0.15033112209390873,0.18141782657271172,,,,,0.021236838965846494,0.03367903443501028,,,,,,0.20978811555216537,,-0.017508771589122667,0.045193336803183354,0.006384106083305277,,,,,,,,,0.04519333680318336,,,,,-0.837556275110331,,,-0.0059843435851541955,,,,,,,0.011623832352873299,0.011623832352873299,,,0.047954466038284835,,,,,,,,,,,,0.059138440922945436,0.047954466038284835,,,,,,,,,,,,,,,,
rdkit_VSA_EState6,0.14837459893573574,-0.049086742708912626,0.10983063580977481,-0.30907688433937497,-0.06620021692773771,-4.838592278427668e-18,-0.2433647515093071,-0.2433647515093071,0.1598376307938513,-0.03785798452149131,0.154891412344886,0.1264245383978654,-0.04908928118760709,-0.04893165506506744,-0.04905138199662941,-0.0481771342115454,,-0.1396151652878261,0.14072349740887152,-0.09322443451585426,-0.1689122914812153,-0.14306502640712576,-0.15108664608213782,-0.15908721514849075,-0.12203159925877792,0.1537797943982015,0.004476588143471016,0.050436411641388186,0.03165444188921804,0.15108501063281007,-0.234640660374398,-0.057803936437115934,-0.13278874920286737,-0.025129169969081697,-0.04972213263910781,-0.05433706766404247,-0.054597282949584984,-0.05419052871170691,-0.049332855474579045,-0.04684664489839265,-0.0428582385392614,-0.038721739803673626,-0.033985695039265046,-0.026577475233814984,-0.021473920299804,-0.0283144472539465,-0.022920542160553684,0.3098515188282266,0.03446474730126316,-0.063688162646533,-0.09267852639479389,-0.15312641556385687,-0.052254024000797115,-0.0258361531702679,-0.01254198252149738,-0.00456165018872047,-0.044441001712141465,,0.02452804050224194,-0.4230475446778707,-0.10049779926889171,,-0.07127264244830635,-0.030194060579920686,-0.024614528445009727,-0.4999880459630734,-0.10578921399934481,-0.014090351451258946,-0.2305035844933658,,-0.9225069576478336,-0.005084077001896298,-0.05715247852599012,0.05364880360146833,-0.3740651176514842,,,-0.9742351148780696,,,-0.04736859460814153,-0.021607217989182692,-0.04407540578325348,0.033501123776752476,-0.1061580427513924,-0.3740651176514842,,,,-0.04560882723744867,-0.028308487439160226,-0.09830045187873991,,-0.13044630065362456,0.040632144436199134,-0.3190494046435192,-0.24671189942454919,0.0335011237767525,-0.39827922219857703,-0.1146633901676812,0.1739887851247639,0.04042487863602558,0.0338001334574795,-0.48845385833643845,-0.0130102614798674,-0.30092159897001924,-0.03307702714284582,1.0,0.018378740162640572,-0.07335635828990923,-0.04565288120118019,0.31305924467559154,-0.05101432912472546,-0.04303454205279321,-0.04096097170980232,-0.09288760926957308,0.05537660693035644,0.0413074359479877,-0.7388007346226794,,,,-0.03389716569846321,0.03350112377675247,-0.02367226869551465,-0.04222406998507546,-0.04149719711832648,0.05537660693035644,-0.0969548834492413,0.042548788288498084,0.05537660693035644,0.0594582225287582,,0.06444069823434238,-0.11188129578061776,0.0413074359479877,0.02564791339781437,-0.06448028805133257,-0.152000901645144,0.004742770451807808,0.003486058742508505,,,,,,-0.152000901645144,-0.152000901645144,-0.5100433352446893,-0.5186504967711629,,,,,-0.9225069576478339,-0.30531477716752536,,,,,,-0.2518653910548147,,0.03350112377675248,0.03350112377675247,-0.7388007346226794,,,,,,,,,0.033501123776752496,,,,,0.03570127658782647,,,-0.06503123002762394,,,,,,,-0.06085151697946629,-0.06085151697946629,,,0.04770114492138238,,,,,,,,,,,,0.0588260400738877,0.04770114492138238,,,,,,,,,,,,,,,,
rdkit_VSA_EState7,0.378459564730032,-0.9610322986434865,0.02506196887712209,-0.29443349601871555,-0.2137214679853474,-8.038191543175338e-17,-0.6097758481506854,-0.6097758481506854,-0.34642036831783235,0.40036468807026304,0.8324630263198624,-0.5644538153176974,-0.9610312222369193,-0.9623352237790056,-0.9610669441393191,-0.9613816248917217,,-0.14704383177871505,-0.06186220784107237,0.09530153891948737,-0.18285363111140363,0.7610794083417034,0.7287884201468746,0.6533666451107562,0.08401088749347059,0.3036597103569607,-0.7374618307058012,0.5913951653687478,-0.6645322255235051,0.5989434331917133,0.16310494984606844,0.6663485126066394,-0.30218357771436033,0.5629378107494825,-0.9330602242546637,-0.9598280997199024,-0.9485030693391542,-0.9449206478989018,-0.9621999743219439,-0.9487414625611666,-0.9449574946009085,-0.9300113485248,-0.9244683816623928,-0.9186732451682698,-0.9105272209261344,-0.9016386886734498,-0.8926693784719008,0.683807613988258,-0.4360373482372796,-0.9586957997764337,-0.9627899953208192,-0.931409629985938,-0.9555781266404889,-0.9782598883089781,-0.9795776870971167,-0.5345456975824961,-0.7556116825446941,,0.06681469686853028,0.12152113618341581,0.09660288882559075,,0.06485781370105227,-0.02548532075587949,-0.003245926784599807,0.09128657144742044,-0.9051042407274552,-0.9800534722534432,0.18608611067980937,,-0.018288535763355096,-0.005051600505028832,-0.9353355570787697,-0.8976378173492913,-0.0767251252736974,,,0.018738224229804538,,,0.09342438797391295,-0.9790047559786292,-0.9668061365563091,-0.015016819788676975,0.012804088374703149,-0.0767251252736974,,,,-0.9770289398794284,-0.9776425067085839,-0.9674830634744389,,0.13470112616815946,0.008564756899337077,-0.000657056588778754,0.09078919564290316,-0.015016819788676994,0.048551939279218415,0.019480248507081167,-0.8350882783108211,-0.9519735589457672,0.041060562505050135,0.20850595207040692,-0.973996957526622,0.07893469489258058,0.7580915518566204,0.018378740162640572,1.0,0.8053180491311939,-0.0663542271242782,-0.36303886657743306,-0.9606928635547194,-0.9690587066932689,-0.9793910643254549,-0.027457775792316168,-0.8255729516988503,-0.8170330694645666,0.027043577750229156,,,,-0.9711885325664518,-0.3349068292103181,-0.9803053772313759,-0.972091416092574,-0.9763391333535165,-0.8255729516988503,-0.8789144803997962,-0.0025190606629879628,-0.8255729516988503,-0.8187057769335827,,0.06631246049907442,-0.9484483191338001,-0.8170330694645666,0.9697251718461338,-0.9450042197286305,0.06524749592596744,-0.971022545027735,-0.9725585604595091,,,,,,0.06524749592596744,0.06524749592596744,0.21530514233048703,0.218528878642524,,,,,-0.018288535763355093,0.07853670794973482,,,,,,0.18347742651056495,,0.04056304161660319,-0.015016819788676977,0.027043577750229156,,,,,,,,,-0.015016819788676989,,,,,-0.9690697834222332,,,0.06357522979264878,,,,,,,0.10977632713042952,0.10977632713042952,,,0.09648509217323757,,,,,,,,,,,,0.09239251388282055,0.0725964212245313,,,,,,,,,,,,,,,,
rdkit_VSA_EState8,0.2697553661741539,-0.7635735719681604,-0.05734192825207744,-0.12010058156061583,-0.17701623269527691,3.767833125852222e-17,-0.35793766155182344,-0.35793766155182344,-0.4176457479331063,0.39941803838866596,0.5197968492585642,-0.29401848773053857,-0.7635706996418978,-0.7677654967798166,-0.7636091576939912,-0.7611147865453386,,-0.0943872905586602,-0.07459471187190013,0.08615295038972501,-0.11548648749148989,0.532716542118653,0.557412028254089,0.5565594639057921,0.04183756551654387,-0.17457210944477186,-0.43203673139553106,0.19076247015089434,-0.3140365526881948,0.26036816814509134,0.14035117613206635,0.37233543902784716,0.17963656210206483,0.30631522071476613,-0.7706028687570858,-0.7599539963832865,-0.7311908953397244,-0.7293762296923259,-0.7606050747969261,-0.7250893535722316,-0.7232697188461908,-0.6913544812983017,-0.6884246002818606,-0.6744341330958832,-0.6694961372798001,-0.6373005569165817,-0.6318611584399071,0.5307556453213482,-0.6508043468649842,-0.7639710430231395,-0.7623471114173132,-0.734338047547884,-0.749605406098117,-0.8242695261757581,-0.846072747590177,-0.04507893531382436,-0.8879798994656607,,0.040917704193212626,0.05812625179479744,0.08393998472296302,,0.04167086365079653,0.36932128103318346,0.3920472547741022,0.2595678600032688,-0.7114105948475389,-0.8308324575285578,0.142725033332955,,0.07376498064236095,0.3701336577653068,-0.6341401685580834,-0.9154517254925484,0.27773424202851815,,,0.08023095723341915,,,0.056804452810322724,-0.8288447073339388,-0.818849919436542,0.3687114993447963,0.4019770064668821,0.27773424202851815,,,,-0.826940642226386,-0.8208849041403422,-0.7628672317035461,,0.30789186200918484,0.36728853544445983,0.3633406068251717,0.24353430453274633,0.3687114993447964,0.0479319603181375,0.3928880736115132,-0.8489522197501028,-0.8203251239793335,0.03378553428928663,0.18959013728058516,-0.8292428964032368,-0.0830177636230747,0.9065913773528638,-0.07335635828990923,0.8053180491311939,1.0,-0.036181835201471384,-0.25566636549312904,-0.7585645746042867,-0.8185179044489168,-0.8287606085053417,0.36575370667207824,-0.5814088613181783,-0.5205297546913994,0.07096462132245618,,,,-0.7254376414322856,-0.08601711902964246,-0.8310843531708471,-0.8230065997069238,-0.8275558228498106,-0.5814088613181783,-0.8233035628358794,0.36550355013179653,-0.5814088613181783,-0.5372080800652295,,0.026911184884763996,-0.7598665674583782,-0.5205297546913994,0.8998147106809399,-0.7223260109949534,0.07372904615580927,-0.8245096809102777,-0.8326772582056745,,,,,,0.07372904615580927,0.07372904615580927,0.196328964046294,0.19388659218043547,,,,,0.07376498064236088,0.029592332642000577,,,,,,0.19720085819799282,,0.033500617884284135,0.36871149934479625,0.07096462132245618,,,,,,,,,0.368711499344796,,,,,-0.8200945660227071,,,0.04130719634295735,,,,,,,0.008592528022914747,0.008592528022914747,,,0.050380192808688024,,,,,,,,,,,,0.050022989789996294,0.03812812517719549,,,,,,,,,,,,,,,,
rdkit_VSA_EState9,-0.04754138128827844,0.03625135636103248,0.02781217100536852,-0.04199841363835697,0.013066421804786834,4.448899214474653e-17,-0.15842632758313627,-0.15842632758313627,0.06374313509984034,0.8115653599800906,0.005212289296699869,0.06619995303329265,0.036253494799892524,0.0326012557655991,0.036218366470888864,0.05443931367773569,,-0.6595935680227084,-0.05137994016317722,-0.5077491065386116,-0.5394545362227279,-0.10840691952035174,-0.09736152771662361,-0.09315841098526746,-0.582476113704953,-0.029699096296340075,0.03390157854730088,-0.048028796949348605,-0.17987973694901807,-0.05362954839781619,-0.6629387057015493,-0.07626150841110947,0.04036863375876287,-0.08660626223885783,0.035260672113726084,0.047638227765469415,0.05548221449253519,0.023719917651346296,0.053190121839363176,0.06312878155955617,0.011627676411393145,0.0638858805566956,0.001259071146385995,0.06834032227789703,0.009097448840887456,0.06747547117842287,0.003098472895875621,-0.3292520495862354,0.018929864631130614,0.039633568590621227,0.04875822064175259,-0.015166054172610155,0.03699835117067048,0.10025370294614498,0.10490506678557873,0.10369338839109171,0.04667191148879512,,-0.5243101362494939,-0.24675527849699513,-0.4554722410406884,,0.023630915006643948,0.020417345200590187,0.026789382454299668,0.1534812181694804,0.1242537763449589,0.03632655316844652,-0.47407875134412375,,0.042337863497198466,0.020615179436747354,0.08619021222484113,0.08375251678008558,0.02622083538218851,,,0.04669256731525175,,,-0.31131782540195163,0.0526265968038764,-0.010072717350947138,0.018415227833971464,0.032109771425641295,0.02622083538218851,,,,0.0354503478523115,0.0640223317657146,0.055557180938680395,,-0.35189910547106024,0.022335077538344506,0.03423545232935277,0.16186593984883146,0.018415227833971468,0.01841522783397146,-0.17411934766286274,0.061008519698427785,-0.059495934861806696,0.014326235273883277,-0.26408962137679154,0.09561747652244167,0.01196382349263913,-0.0458953248338175,-0.04565288120118019,-0.0663542271242782,-0.036181835201471384,1.0,-0.013928272217955399,0.050457189519028334,0.06577347797609435,0.027753145740639373,0.026220835382188497,0.05118327650656658,0.05414704637136083,0.03760051362932348,,,,0.08087781429992774,0.018415227833971464,0.05262778661790398,0.062470201696014874,-0.001374153445339924,0.05118327650656658,0.03431710170659187,0.0233886372174726,0.05118327650656658,0.053247570999097264,,0.03542239799696214,0.03547454246955778,0.05414704637136083,-0.0781664375294389,0.05440128963887277,0.037600513629323505,0.10334850262513852,0.10280577407720565,,,,,,0.037600513629323505,0.037600513629323505,0.04101824698871336,0.03211422574668696,,,,,0.04233786349719842,0.01841522783397146,,,,,,-0.012786581925393975,,0.018415227833971468,0.018415227833971464,0.03760051362932348,,,,,,,,,0.018415227833971457,,,,,0.08389908602043293,,,0.0233886372174726,,,,,,,0.054739464982038744,0.054739464982038744,,,0.25950658141839866,,,,,,,,,,,,-0.9678610667285926,-0.8479918754811034,,,,,,,,,,,,,,,,
rdkit_FractionCSP3,-0.037123008203773525,0.346661715034476,-0.012029511619713674,0.19598747574544628,0.17967746676237475,2.673878415003418e-15,-0.06297208717539078,-0.06297208717539078,0.5029942196378004,-0.11329973129203783,-0.36383676262629505,0.7519226636534343,0.34666116371117844,0.3460951434383804,0.3466309500654175,0.3446088006341534,,-0.16795114962832255,0.41556409304481384,-0.3595679066344613,-0.18958595386583418,-0.6680141139636294,-0.5690208952763487,-0.4415485450178915,0.027599812855201647,-0.2695445546309758,0.5744970256368899,-0.6191616343215471,0.5777695283463903,-0.5531597216147315,-0.5681668441665683,-0.6228254343365046,0.3362150384813932,-0.5014523313619818,0.300933286774119,0.33383956531059045,0.3402465871691166,0.3470275687171474,0.3443834111066229,0.35208064895052943,0.3604220370996453,0.3523965212539235,0.3629091107300304,0.3610253113874966,0.3740441658135394,0.3642829317690953,0.3779915718498642,0.18404176793815327,0.10644415171694084,0.3228436354239507,0.3046696764745249,0.21991833641231803,0.3465355425839557,0.34806000740153265,0.35694528461329683,0.1647818698672979,0.16895736414570947,,0.06477142626370794,-0.33831318285283707,-0.37915925365376757,,0.06071781963001254,0.04422800585828538,0.02093468845436051,-0.22032422907045746,0.3915512350580043,0.3487123239806957,-0.2934808026120213,,-0.32589017837942796,0.036191366955647127,0.37358418108075364,0.35866279213187097,0.0009679106694201801,,,-0.34396482992071814,,,0.07732176147646237,0.3683721602341039,0.2918027360335019,0.05000439164519944,-0.04008088339256961,0.0009679106694201801,,,,0.32749458437014917,0.3743119187584425,0.34416957675339444,,-0.17314201803767118,0.013095038276629074,-0.11444911095889476,-0.052661022701617884,0.050004391645199424,-0.24098221882345292,0.05527198199076276,0.29612837199967007,0.40735038589236533,0.10339203482341293,-0.8054602474146274,0.36475168745724074,-0.11713913054016296,-0.1618495774297148,0.31305924467559154,-0.36303886657743306,-0.25566636549312904,-0.013928272217955399,1.0,0.3414579520553183,0.36017545809153995,0.33997835142070204,0.060241467102131886,0.3590257990817287,0.3621934835702967,-0.3369503501785076,,,,0.3867452537917299,0.10247738697561207,0.3563711460350051,0.36173623380969255,0.34667713788379845,0.3590257990817287,0.16518120134948647,0.0801702021639275,0.3590257990817287,0.364514574458144,,0.19711918961124167,0.27432983886023166,0.3621934835702967,-0.33723028013601863,0.3367210785258925,-0.4482113486947391,0.3908344395608221,0.3885330482222794,,,,,,-0.4482113486947391,-0.4482113486947391,-0.8839043879658438,-0.8289398605637766,,,,,-0.3258901783794277,-0.10741459434603892,,,,,,-0.716692275142265,,0.10247738697561205,0.050004391645199465,-0.3369503501785076,,,,,,,,,0.05000439164519943,,,,,0.41658158646067495,,,0.06350910159865025,,,,,,,-0.2129434025242428,-0.2129434025242428,,,0.14591417051747985,,,,,,,,,,,,0.057091642183961316,-0.0035149633464992775,,,,,,,,,,,,,,,,
rdkit_HeavyAtomCount,-0.3178679150682099,0.9996030279377051,-0.018497651852012898,0.2781669395427524,0.2236786561410713,3.164142154542251e-16,0.6751894062395576,0.6751894062395576,0.315078154176977,-0.4150143286303821,-0.8230292354836697,0.5456384935381718,0.999603041345534,0.9993680002230518,0.9996127261098267,0.9998979117610365,,0.16463363160674874,0.06509899728845875,-0.09242075565849706,0.20067098641974787,-0.7174656937244258,-0.6808517962225361,-0.6016978017566762,-0.04908653582062487,-0.43272944742244834,0.7598352739733504,-0.6043735786490634,0.7199867927086684,-0.56807542704801,-0.13718161615523405,-0.6361021928604257,0.28403872632859967,-0.5653174030022995,0.9923381381323844,0.9997602339681322,0.9987083075098871,0.9972368534376564,0.9998722261552233,0.9980772883438913,0.996624136111054,0.992622913857038,0.9898815116114155,0.9875388052782931,0.9826782537235446,0.9777437600016887,0.972131794831478,-0.6830400114644185,0.5183423049454745,0.9981519118772824,0.9901168903024334,0.962282100834733,0.9992102577818964,0.9845377402989053,0.9782598257443087,0.4266903404569278,0.821367359678584,,-0.044513458624400516,-0.08828044487570869,-0.09460529171940583,,-0.02756300488738089,0.2336580072267857,0.20924099371087487,0.041845592717194256,0.9569341743746189,0.9887258327492037,-0.1538881294713718,,0.04984831274052189,0.214163645804543,0.9819718427770976,0.9300405957030721,0.23179071993022674,,,0.018163740884031616,,,-0.05093822676835175,0.9893478657195026,0.9760274651008841,0.22311440473179156,0.19873376627512884,0.23179071993022674,,,,0.9865603541620374,0.9919909809637458,0.9784636440091237,,-0.023781270633501977,0.19804808087168027,0.20101174954882003,-0.031231591115659565,0.22311440473179153,-0.018184873112936,0.18570101112040036,0.8458177709760143,0.9686047212610259,-0.00799425520662978,-0.21480368029402613,0.9861120856806975,-0.12419334648005985,-0.8170527120773151,-0.05101432912472546,-0.9606928635547194,-0.7585645746042867,0.050457189519028334,0.3414579520553183,1.0,0.9790536374311566,0.9894359079798425,0.22058708685089234,0.7591147949477501,0.7790929228499383,0.003034677485659738,,,,0.9897705099962715,0.21786876825690618,0.9895645367344178,0.982230817284789,0.9886935636726419,0.7591147949477501,0.9331539045796776,0.19176400832084609,0.7591147949477501,0.7731053120258607,,-0.071303961451248,0.9762012404948025,0.7790929228499383,-0.9323492613240646,0.9978874202543996,-0.06926205084917533,0.9790921613307929,0.9764683615298912,,,,,,-0.06926205084917533,-0.06926205084917533,-0.22452291966072924,-0.22742289320452774,,,,,0.049848312740521886,-0.060149964912019106,,,,,,-0.2198367004595157,,-0.007693600163165241,0.22311440473179156,0.003034677485659738,,,,,,,,,0.2231144047317915,,,,,0.9769548307061303,,,-0.02642723449934068,,,,,,,-0.09108742279159064,-0.09108742279159064,,,-0.08564555065091083,,,,,,,,,,,,-0.07184607249654563,-0.06323828449224231,,,,,,,,,,,,,,,,
rdkit_NHOHCount,-0.33612000043271967,0.9789215757655871,0.002774755048576379,0.2887020211501143,0.22239867211317504,2.0127353550959322e-16,0.5983855559688774,0.5983855559688774,0.36080338179966287,-0.407560542037393,-0.8453779529165715,0.5279741518242913,0.9789209645207143,0.9792110457460472,0.9789601810113141,0.981011868657782,,0.16106903172849232,0.037673392068142936,-0.06915975791654776,0.19673634546688198,-0.76016479826944,-0.7328766024883057,-0.6605805117408394,-0.07255755425162692,-0.3430538892308575,0.7351617444681906,-0.5730979471725943,0.6726010692049114,-0.5672051386582484,-0.17769121053783155,-0.6322555072797879,0.24993647889144904,-0.596913189873017,0.9634282643245438,0.978798332498178,0.9710232262998438,0.9660996154383831,0.9781575922941897,0.9685963485284917,0.9633368178184927,0.955270404527008,0.9475885609825291,0.9452615563898075,0.9339631613608036,0.9270301110885641,0.9147855179958756,-0.7051744213256951,0.5280392397896028,0.9833791211838964,0.9829196042921986,0.9595620019973818,0.9740146270168115,0.9918326007258291,0.9851224627111131,0.402720996921553,0.8218833925527135,,-0.09143276962861342,-0.09840072099645399,-0.0784023141566958,,-0.07469440246480703,0.10315195332256685,0.07795006593029788,-0.055696670584741995,0.9434055719426842,0.9919921968139829,-0.22223834870061557,,0.031934911750462376,0.08496288600167547,0.9435793840322076,0.9402960092648809,0.14339080818438663,,,0.00918407157700758,,,-0.10532313947153847,0.9893052911558972,0.9553691906891799,0.09105910565558892,0.06277155100915975,0.14339080818438663,,,,0.9958770053581469,0.987957424415443,0.970122701042257,,-0.12223210826610834,0.06443294357755083,0.07159068396090006,-0.08264955471355259,0.09105910565558889,-0.024693994754057997,0.053546706273489994,0.855724434782424,0.9469775416985922,-0.06401378221677821,-0.22622139995478335,0.9931338182176503,-0.06902488365306969,-0.8239392320893214,-0.04303454205279321,-0.9690587066932689,-0.8185179044489168,0.06577347797609435,0.36017545809153995,0.9790536374311566,1.0,0.9909517696223448,0.1021865529589883,0.7321727623157381,0.7356884124266747,-0.02087728080694697,,,,0.9696223258795289,0.18752002266362808,0.9889748873813484,0.9956212111690348,0.9867667501704349,0.7321727623157381,0.9344844632376988,0.07277222480548849,0.7321727623157381,0.733642731910134,,-0.06234354959584544,0.977400952360007,0.7356884124266747,-0.9747875943468384,0.9687297360371826,-0.05042060270357009,0.9920736944032602,0.9919163546068003,,,,,,-0.05042060270357009,-0.05042060270357009,-0.2369747124343013,-0.24861306496754612,,,,,0.03193491175046237,-0.04398617815566577,,,,,,-0.2366800457219497,,-0.06327836155727365,0.09105910565558889,-0.02087728080694697,,,,,,,,,0.09105910565558888,,,,,0.9630841753442717,,,-0.07424237076115493,,,,,,,-0.08773972416244591,-0.08773972416244591,,,-0.11756947490980357,,,,,,,,,,,,-0.09982116432166195,-0.0626304679426056,,,,,,,,,,,,,,,,
rdkit_NOCount,-0.34719316782103504,0.990070462877111,-0.008252971444200887,0.2735716819774709,0.2243405632123149,-3.5361775068734533e-16,0.6466672319114448,0.6466672319114448,0.34383572970903753,-0.45113546557765566,-0.8226384476535431,0.5347147695703992,0.9900697009696813,0.9909178393535389,0.990101834042009,0.9899291840917187,,0.19153341425621284,0.04683938391347257,-0.06393578361180627,0.2263475461718836,-0.7257375157727655,-0.6952619449302931,-0.6224789208770621,-0.055958276503976175,-0.3329012604671233,0.7404878852994197,-0.5700391057544962,0.6824867393489822,-0.5626700862091726,-0.13297104806892884,-0.635096060880681,0.24175121654498588,-0.5591212939878069,0.9786304927305262,0.9893396724637533,0.9813019598859388,0.9795656797635862,0.9895568639972089,0.9792258286898907,0.9779555307589018,0.9657427052886023,0.9633916635552837,0.956457450613067,0.9515093676319839,0.9399828736456792,0.9344408113344297,-0.6894621324285116,0.5506176246377731,0.9900448534475434,0.986274414421942,0.9609443710876014,0.9862960395430141,0.9932757433544394,0.9905959615859911,0.41334602235270085,0.8422841117608802,,-0.036245291012757634,-0.07692379168525708,-0.06785596285051748,,-0.05996698654865789,0.0987739749585586,0.07382323644379195,-0.025990782695985544,0.9367432951174534,0.9994802450779516,-0.15697448452926255,,0.042264428525456726,0.08047536336706171,0.9518710251883599,0.9480895485705451,0.1268497991285326,,,0.009504179769891105,,,-0.07433232957213998,0.99778251652139,0.9853065510209791,0.08908823527538091,0.0639862694367714,0.1268497991285326,,,,0.9984944660633416,0.9970155100759782,0.9822605364030031,,-0.08431718351030447,0.06589634163490851,0.08037234761274732,-0.08170326118218278,0.08908823527538098,-0.016969187671501122,0.06079676828177224,0.8587318476252463,0.9754151515702685,-0.04079508555850334,-0.1968156728601346,0.9936157947105279,-0.08756898863131703,-0.8414826727167812,-0.04096097170980232,-0.9793910643254549,-0.8287606085053417,0.027753145740639373,0.33997835142070204,0.9894359079798425,0.9909517696223448,1.0,0.0904951388844646,0.7641045721485237,0.7654728979664611,0.0014436652148097661,,,,0.9795824739056408,0.21871397443268123,0.9984716890418436,0.9923973538439752,0.9986350104582846,0.7641045721485237,0.9386503385228993,0.06450652577819886,0.7641045721485237,0.7644125754432067,,-0.06890853332713505,0.9753201256112379,0.7654728979664611,-0.9723610661523879,0.9783855265608604,-0.052693780340556336,0.9877687321163944,0.9876381473884223,,,,,,-0.052693780340556336,-0.052693780340556336,-0.2139435398850185,-0.22173809852593046,,,,,0.042264428525456706,-0.06410582009233767,,,,,,-0.21575173128913078,,-0.04053750388191941,0.08908823527538101,0.0014436652148097661,,,,,,,,,0.08908823527538104,,,,,0.981994992104478,,,-0.05896884259074329,,,,,,,-0.0854696329826099,-0.0854696329826099,,,-0.0912781623358752,,,,,,,,,,,,-0.0504892158899117,-0.040940940459473496,,,,,,,,,,,,,,,,
rdkit_NumAliphaticCarbocycles,0.08925657688826912,0.2106345258149698,-0.06374420632063812,0.06321742396028958,0.007369766970117803,-8.195411092381476e-17,0.27758859222961446,0.27758859222961446,-0.04439799006477377,0.052846082223383745,-0.2334819430816612,0.18750298792764605,0.21063903032883713,0.20303336296388477,0.21061741325313307,0.21692364294985408,,-0.04754798747553389,0.04881460108980777,-0.05778495748787117,-0.04795034319663003,-0.13381069877997903,-0.10027635653578938,-0.04437836818921836,-0.03516947738958327,-0.8307599501866147,0.2681183225332706,-0.35688714763643425,0.3992000235578679,-0.17963292716232082,-0.02835770949701643,-0.11139279999902967,0.3232349562222997,-0.1774505616587618,0.23861883526010177,0.21963831628606584,0.26500874198995766,0.26359485995525805,0.21658156729403155,0.27295781653643,0.27130563968919486,0.327681702527586,0.3256024135514528,0.3548151094953378,0.3518046903508488,0.3971107332468575,0.3937710407939612,-0.10182586360436197,-0.019777585512221193,0.20715404739567736,0.17422866540973417,0.1591621628635467,0.23262756419588923,0.09597005260908566,0.06463063730170923,0.16244813782961057,-0.0487658950565292,,-0.024588900843641077,-0.07302903442123541,-0.048795591640741424,,-0.024691140442799728,0.9633211427006475,0.9522579322085412,0.3973030831935303,0.2396858485779566,0.0897662042391351,-0.08176542620194385,,0.0663560932805713,0.9345375298426922,0.34874346236805487,-0.008102077514137634,0.8287671232876712,,,0.05154199486397223,,,-0.03508817922887431,0.09616347228089991,0.06802055786597305,0.9428308575329543,0.9301977032529478,0.8287671232876712,,,,0.09154372092028186,0.11293668605036464,0.11868364015535367,,0.4173147661421055,0.9140814059826193,0.8248121489824384,0.32595607488386086,0.942830857532955,-0.019241446072101105,0.9047784649401871,0.005423377506125828,0.08904957044083622,-0.019413182957260095,-0.11082227845256781,0.11135826405515471,-0.30211418508155713,0.05888435622332153,-0.09288760926957308,-0.027457775792316168,0.36575370667207824,0.026220835382188497,0.060241467102131886,0.22058708685089234,0.1021865529589883,0.0904951388844646,1.0,0.03434716694672818,0.17630175556431327,-0.0392874995522606,,,,0.19878541180562256,-0.019241446072101112,0.09362252202357928,0.10523277624210016,0.08870067999189099,0.03434716694672818,0.09982975856638304,0.9683554571752844,0.03434716694672818,0.13783795850713607,,-0.037011660509880265,0.15624840823160696,0.17630175556431327,0.09788901778162991,0.2756472627298525,-0.03928749955226062,0.10490522129780068,0.08764023694570935,,,,,,-0.03928749955226062,-0.03928749955226062,-0.11015268040399102,-0.10956856193757313,,,,,0.06635609328057131,-0.01924144607210113,,,,,,-0.07883602747994008,,-0.01924144607210111,0.9428308575329544,-0.0392874995522606,,,,,,,,,0.9428308575329544,,,,,0.08672134563954521,,,-0.024437992610101843,,,,,,,-0.05719540767910321,-0.05719540767910321,,,-0.02739726027397259,,,,,,,,,,,,-0.033786868919974275,-0.027397260273972615,,,,,,,,,,,,,,,,
rdkit_NumAliphaticHeterocycles,-0.260322652494752,0.7596042649695625,-0.02259180371594755,0.35121686426492493,0.15685799320322863,1.4595879060876786e-16,0.4549882208430214,0.4549882208430214,0.36029145366240584,-0.28248225642241487,-0.5785394019676272,0.5301396844812671,0.7596043456427302,0.7608227312161289,0.7596077711262529,0.7581514279508935,,0.08934930386581709,0.09032963016893852,-0.11038064608895436,0.11382857800771973,-0.6552565958182918,-0.6431339540125298,-0.5993456033217941,-0.03617188940052265,-0.2553100009551521,0.6001356039194105,-0.49702481626817985,0.5518493569671772,-0.4877972425709517,-0.20442343963454185,-0.553178686983622,0.3128737494525759,-0.481596739971244,0.7133429254650905,0.7527975027350841,0.7505970307971618,0.7498454136475349,0.7619948493782107,0.7572619309354733,0.7564816659732262,0.7459323801609654,0.7441897243375657,0.7433467902059111,0.7404063897094745,0.7422959176817016,0.7388151523670594,-0.45980971005431487,0.26026572105863927,0.7442327374513001,0.7395952993235737,0.6927188446627756,0.7569855870879576,0.7627163669332426,0.7698948265453756,0.5528996771246409,0.5220986948548527,,-0.03480555865612128,-0.14102776495344244,-0.11552722040645462,,-0.0073939195531745674,0.04850686474672706,0.03111344048750967,-0.06050204164614707,0.7121865331911955,0.7648080175436163,-0.16798628069959456,,-0.051193076433954786,0.039850288784110954,0.7707038986053436,0.6720487990157651,0.042603697462768625,,,-0.07210963679800574,,,-0.027523397299943537,0.7654215973715908,0.7906541075915657,0.047317122012913916,0.016744569180668106,0.042603697462768625,,,,0.7486160709435732,0.7762141449037134,0.7393709743926625,,-0.11080335230373313,0.03249691335492375,0.012457750129243746,-0.07363317370497242,0.04731712201291391,-0.057058882427337324,0.01967978993752257,0.6952753715968197,0.7990172072012703,0.01232917838265471,-0.2908893976001026,0.7481800811763085,-0.06841612673233932,-0.5200368293884339,0.05537660693035644,-0.8255729516988503,-0.5814088613181783,0.05118327650656658,0.3590257990817287,0.7591147949477501,0.7321727623157381,0.7641045721485237,0.03434716694672818,1.0,0.9898108377476341,-0.06322460153616642,,,,0.7970069861693524,0.7779491530946728,0.7665674174446536,0.7335815639356528,0.7640657390973714,1.0,0.5463854808242893,0.026954859309622416,1.0,0.9942438982945938,,-0.029446450472720553,0.7124621640514913,0.9898108377476341,-0.7321311977007645,0.7469078534985888,-0.0987440406014284,0.7373112177469688,0.7372662993400267,,,,,,-0.0987440406014284,-0.0987440406014284,-0.29989349504148155,-0.3014105844972179,,,,,-0.05119307643395475,-0.05705888242733737,,,,,,-0.26229152637789943,,0.012525120532830154,0.04731712201291391,-0.06322460153616642,,,,,,,,,0.04731712201291392,,,,,0.8108319352448861,,,-0.006186361153028105,,,,,,,-0.11789834710615298,-0.11789834710615298,,,-0.031705077181595216,,,,,,,,,,,,-0.05946360691175974,-0.05647466872971649,,,,,,,,,,,,,,,,
rdkit_NumAliphaticRings,-0.24367966584234554,0.7781570427354728,-0.03133286359151729,0.3549263209447474,0.15554214227038002,1.17087425332139e-17,0.48767455145353783,0.48767455145353783,0.3485317893349784,-0.27069254241997887,-0.6030782573717973,0.548857795038095,0.7781577639618389,0.7782741735176645,0.7781580579380746,0.7776221455114571,,0.08123155149473067,0.09592781647573642,-0.11695570747092511,0.10528564269708274,-0.6644379243371031,-0.6477203984743114,-0.5966285602937695,-0.04063961840344404,-0.3698481255912976,0.6293214146642342,-0.54040871608754,0.6004385516079275,-0.5060629164345029,-0.20539223687344427,-0.5607383594020531,0.3542069069234813,-0.49961481321757395,0.7365804471889181,0.7727357385768833,0.7770324998484774,0.7760907796090198,0.7813588613701621,0.7847294009472899,0.7837255144912079,0.7813673866287114,0.7793547729669872,0.7826865623605622,0.7793616086718809,0.7876775088494472,0.7837734280632388,-0.46738194028916225,0.2515449177565975,0.7625214863217894,0.7532630272762835,0.7049470314826543,0.7787112677311201,0.7648856560177018,0.7674908359998455,0.5677048751357934,0.5072762345334184,,-0.037783842606277936,-0.14930532544304767,-0.12073679531579275,,-0.010800211204444144,0.18502215347963943,0.16631486414455238,-0.0029846901663775297,0.7355935166259504,0.7660618802694433,-0.17710193092387128,,-0.04096701939161843,0.17239526479115683,0.8087660083004096,0.6607581684978678,0.16003775597350953,,,-0.06367870534037606,,,-0.032107375731172415,0.76757764130459,0.7884199820890149,0.18093105032229373,0.14901973514293737,0.16003775597350953,,,,0.7503673993278983,0.7805971321351476,0.7451284395818357,,-0.04967620433478573,0.1622383601739015,0.12978301511310794,-0.026082765756912155,0.18093105032229398,-0.058939660332262334,0.1482891389661395,0.6855614290348859,0.7996530024918393,0.009377373804638668,-0.3022911441058495,0.7527610156605344,-0.11042723169708973,-0.5038038637133402,0.0413074359479877,-0.8170330694645666,-0.5205297546913994,0.05414704637136083,0.3621934835702967,0.7790929228499383,0.7356884124266747,0.7654728979664611,0.17630175556431327,0.9898108377476341,1.0,-0.06786839787749514,,,,0.8133074556364848,0.7634742047690734,0.7683441634423174,0.7375099689855544,0.7651789893329592,0.9898108377476342,0.5523675248811215,0.16451246239449283,0.9898108377476342,0.9988861594793783,,-0.0342754675312135,0.7239774381285106,1.0,-0.7071421806723167,0.7749146633784065,-0.10285210812362666,0.7411367019544143,0.7386326731997309,,,,,,-0.10285210812362666,-0.10285210812362666,-0.31106403610433037,-0.3124750228666299,,,,,-0.04096701939161844,-0.05893966033226237,,,,,,-0.2695674403100938,,0.009594828426182249,0.18093105032229387,-0.06786839787749514,,,,,,,,,0.18093105032229395,,,,,0.8109578242858457,,,-0.009574799398621275,,,,,,,-0.12426890297419163,-0.12426890297419163,,,-0.03513023911613623,,,,,,,,,,,,-0.06338043983481371,-0.05952623850234193,,,,,,,,,,,,,,,,
rdkit_NumAmideBonds,-0.11710427393932517,-0.0005406635388058596,-0.08565481137490086,0.23795222731903365,0.08483738000167845,-6.358937780988675e-17,0.24622018712339672,0.24622018712339672,-0.05583722739198968,0.04099893689042581,-0.051117474788357646,-0.17962025888323443,-0.0005399917737019134,-0.00038308095828127226,-0.0005242314962399501,-6.142716127018848e-05,,0.21999596615030914,-0.19470187548678763,0.14445856749967348,0.25828557794614776,0.15425399122881064,0.141256766308981,0.1282811013682718,-0.06394866805942356,-0.0672327923286618,-0.04426197960927845,0.010909183109169477,-0.07483156248874613,-0.08612661308301169,0.22830642908996648,0.11952833202644184,0.05519611395948128,0.2312479735607403,0.006147595277514748,0.008178786022701782,0.0067559363293395085,0.004143220495177833,0.002633395682213743,-0.001706561428190379,-0.005096047613454658,-0.009267226638464137,-0.013254275053721634,-0.022454801639231838,-0.026647838155957414,-0.019575854412723543,-0.02399114684805016,-0.3106799092225137,-0.028375364693618784,0.009847180979304593,0.03232025810701517,0.10027342396403409,0.0019355620952741643,-0.023620794478071694,-0.02144138394011488,-0.08219473746279138,0.09632475726759045,,-0.013353348790865652,0.6022522690853028,0.15223704625971002,,-0.035406940671832414,-0.030591948301213392,-0.040139371451665504,0.687254470022259,-0.011290839018415114,-0.021409044354369525,0.21489346044697222,,0.8881060715737713,-0.030888369538414933,-0.0021835707061245717,-0.060272370100014946,-0.0392874995522606,,,0.7932700719283893,,,-0.05031622913965741,-0.024324719425367413,0.03378900772642147,-0.027592113093901978,0.1148627727217748,-0.0392874995522606,,,,-0.0005435666409990174,-0.011274464216161134,0.05035668778564393,,0.005687137257980253,-0.0334653467747059,0.44772809720396767,-0.08430769624377826,-0.027592113093902,0.48976000741675996,0.10696666013152724,-0.18822154262917518,-0.06025578949680981,-0.0278383827110578,0.559058971662739,-0.03686915516801227,-0.017925771748281916,0.006384106083305277,-0.7388007346226794,0.027043577750229156,0.07096462132245618,0.03760051362932348,-0.3369503501785076,0.003034677485659738,-0.02087728080694697,0.0014436652148097661,-0.0392874995522606,-0.06322460153616642,-0.06786839787749514,1.0,,,,-0.02868498464118655,-0.027592113093901964,-0.02338671474668868,-0.016112054192626943,-0.0014472389045711628,-0.06322460153616642,0.0594060780431384,-0.035043928266054625,-0.06322460153616642,-0.06643400422672661,,-0.05307448924342748,0.04083097960227419,-0.06786839787749512,0.01746103216365745,0.009272905209575891,0.2077464788732394,-0.05741932301062038,-0.05646292852882042,,,,,,0.2077464788732394,0.2077464788732394,0.5787873316525884,0.5752212939738728,,,,,0.8881060715737705,-0.027592113093901978,,,,,,0.16957555408902822,,-0.02759211309390197,-0.027592113093901995,1.0,,,,,,,,,-0.027592113093901964,,,,,-0.057956906788394165,,,-0.035043928266054646,,,,,,,0.11021149427657166,0.11021149427657166,,,-0.03928749955226063,,,,,,,,,,,,-0.048450158311150925,-0.03928749955226064,,,,,,,,,,,,,,,,
rdkit_NumAromaticCarbocycles,,,,,,,,,,,,,,,,,,,,,,,,,,,,,,,,,,,,,,,,,,,,,,,,,,,,,,,,,,,,,,,,,,,,,,,,,,,,,,,,,,,,,,,,,,,,,,,,,,,,,,,,,,,,,,,,,,,,,,,,,,,,,,,,,,,,,,,,,,,,,,,,,,,,,,,,,,,,,,,,,,,,,,,,,,,,,,,,,,,,,,,,,,,,,,,,,,,,,,,,,,,,,,,,,,,,,,,,,,,,,,,
rdkit_NumAromaticHeterocycles,,,,,,,,,,,,,,,,,,,,,,,,,,,,,,,,,,,,,,,,,,,,,,,,,,,,,,,,,,,,,,,,,,,,,,,,,,,,,,,,,,,,,,,,,,,,,,,,,,,,,,,,,,,,,,,,,,,,,,,,,,,,,,,,,,,,,,,,,,,,,,,,,,,,,,,,,,,,,,,,,,,,,,,,,,,,,,,,,,,,,,,,,,,,,,,,,,,,,,,,,,,,,,,,,,,,,,,,,,,,,,,
rdkit_NumAromaticRings,,,,,,,,,,,,,,,,,,,,,,,,,,,,,,,,,,,,,,,,,,,,,,,,,,,,,,,,,,,,,,,,,,,,,,,,,,,,,,,,,,,,,,,,,,,,,,,,,,,,,,,,,,,,,,,,,,,,,,,,,,,,,,,,,,,,,,,,,,,,,,,,,,,,,,,,,,,,,,,,,,,,,,,,,,,,,,,,,,,,,,,,,,,,,,,,,,,,,,,,,,,,,,,,,,,,,,,,,,,,,,,
rdkit_NumAtomStereoCenters,-0.3307269373534671,0.989071434330778,-0.02619641198003362,0.2979280604591908,0.221780018269133,1.186075859428049e-16,0.65567367028202,0.65567367028202,0.28820744414098654,-0.3807599196282599,-0.8373554274935782,0.5986151739309492,0.9890714725185769,0.9887952214491359,0.9890784177407745,0.9899060989836835,,0.14389266629913042,0.0871562676807515,-0.12453707684992492,0.1821239971254849,-0.7433217980909915,-0.689681808641513,-0.5948396452559763,-0.0609702916750929,-0.43983422994872556,0.7890834621838969,-0.6545856271687179,0.7454885601083483,-0.616334084813115,-0.18014538188490534,-0.6942939090960462,0.3618683191999007,-0.606164574277748,0.9702897659129527,0.9883567662429734,0.9876225180719055,0.9850222480465699,0.9902975070691958,0.9889682812088406,0.985911486654132,0.9821613900509655,0.9772942097114332,0.9770516023221469,0.9700831052496713,0.9686578306778965,0.9607729276847606,-0.6692308896589628,0.44651356051627783,0.9854815718672407,0.9806693399831491,0.946223045127836,0.9882983366508866,0.9799289755981566,0.9718120275955877,0.5203245308944997,0.7605422377093902,,-0.06806163202384023,-0.1418882099060746,-0.12990066184063798,,-0.02333516920617899,0.2221894558745944,0.199905606029295,0.007831453817764436,0.9521320562598639,0.9798198529764753,-0.18746958857584753,,0.028261670947211066,0.2001579208084742,0.9857215335838585,0.8992441929506423,0.23316653648898525,,,-0.004380200399719056,,,-0.05723992524006066,0.9810947949656518,0.9667941558253804,0.20985332696609385,0.18161127583165393,0.23316653648898525,,,,0.9755610525965159,0.9841914271569857,0.9796387570090949,,-0.04263127154098605,0.18227919605447418,0.17416490795751216,-0.012760245332168489,0.20985332696609404,-0.053560890982977935,0.17055856497547148,0.8152185897402942,0.9598891101885162,-0.0013518612208698478,-0.25683624236957886,0.9764530058467665,-0.12641876891591228,-0.7554842615576752,-0.03389716569846321,-0.9711885325664518,-0.7254376414322856,0.08087781429992774,0.3867452537917299,0.9897705099962715,0.9696223258795289,0.9795824739056408,0.19878541180562256,0.7970069861693524,0.8133074556364848,-0.02868498464118655,,,,1.0,0.2757068814533617,0.9815900643064808,0.9722253379216423,0.9779238502607143,0.7970069861693523,0.8933130915861521,0.16198019600698102,0.7970069861693523,0.8074777110203837,,-0.06755831532740265,0.9634830555417296,0.8133074556364849,-0.9264164397453554,0.9867923003846908,-0.09591541739396743,0.9723461162663313,0.9698339654684588,,,,,,-0.09591541739396743,-0.09591541739396743,-0.26123374929064813,-0.2588112991010808,,,,,0.028261670947211062,-0.06673160188043151,,,,,,-0.21893567840687053,,-0.0008780473931635724,0.20985332696609382,-0.02868498464118653,,,,,,,,,0.20985332696609385,,,,,0.977420635404606,,,-0.022024845928660063,,,,,,,-0.12984776984342333,-0.12984776984342333,,,-0.07626358566127664,,,,,,,,,,,,-0.10175883644262994,-0.08564025602946641,,,,,,,,,,,,,,,,
rdkit_NumBridgeheadAtoms,-0.09421614689637886,0.21690908715176418,-0.04093579592636096,0.3190407611007134,0.02260167097785156,-2.6453967229789204e-17,0.13314180306940876,0.13314180306940876,0.19158739652316453,-0.027038765527167004,-0.15482381894444083,0.17185397639242259,0.21691017142176233,0.21773997472381743,0.21691850374831062,0.21612752903546462,,-0.011427417898548113,0.028196902142629435,-0.03535521591925319,-0.008747962245773013,-0.2736565551890164,-0.30718145150029735,-0.33006508833440124,-0.0215053157296,-0.0769459861722353,0.14698915701346432,-0.16418061812780005,0.13611768534759586,-0.17129912739431327,-0.08489777781404284,-0.16176484132094426,0.25432278823258114,-0.14631422722289167,0.15218043199453965,0.21149915910538264,0.21258070067868381,0.21162920079400632,0.22153715930738593,0.2215790462290756,0.22049624137529558,0.2135713544238447,0.21207628974132828,0.2130268322447537,0.21092100968630803,0.22298590923056683,0.22067588171373956,-0.1279112148383111,-0.013886118039024934,0.2036090416492334,0.21544852484955415,0.19618683105701298,0.21641492266099902,0.21850491394368216,0.2288681323850187,0.47422621059103404,-0.03424891140591013,,-0.017269099348763403,-0.05128922430425434,-0.03426976769657321,,-0.017340903526041437,-0.014982712826895412,-0.019658658859871777,-0.03845362685417829,0.20287805389754912,0.21838592684839506,-0.07104591910948815,,-0.031068488300060003,-0.015127888094225737,0.26621649827465854,0.10551089194992783,-0.019241446072101126,,,-0.03426406912171313,,,-0.024642876756622047,0.21906656734317706,0.25921764678929876,-0.01351351351351351,-0.023562881436403834,-0.019241446072101126,,,,0.2043350657507041,0.23202801633308837,0.19677951276928493,,-0.06475923047593078,-0.016389988484584405,-0.025122754486941453,-0.04129053793764279,-0.013513513513513507,-0.013513513513513504,-0.028779074167779084,0.23232514854335504,0.26030314099200086,-0.013634126523038276,-0.10598560402909238,0.2009620785884154,-0.008779326104389685,0.03367903443501027,0.03350112377675247,-0.3349068292103181,-0.08601711902964246,0.018415227833971464,0.10247738697561207,0.21786876825690618,0.18752002266362808,0.21871397443268123,-0.019241446072101112,0.7779491530946728,0.7634742047690734,-0.027592113093901964,,,,0.2757068814533617,1.0,0.22016463677284642,0.18938495474112527,0.2178377857263139,0.7779491530946728,-0.02012567182343416,-0.017163114567495336,0.7779491530946728,0.7693841680267935,,-0.025993762245501817,0.19704114312550788,0.7634742047690734,-0.20344125718317269,0.21103627628495564,-0.02759211309390197,0.19138017578087924,0.19217121067710144,,,,,,-0.02759211309390197,-0.02759211309390197,-0.10622791723644251,-0.1095579275789143,,,,,-0.03106848830005999,-0.01351351351351352,,,,,,-0.0949157995752499,,-0.013513513513513518,-0.013513513513513516,-0.027592113093901957,,,,,,,,,-0.01351351351351352,,,,,0.2676834737769261,,,-0.017163114567495325,,,,,,,-0.04016906586366959,-0.04016906586366959,,,-0.019241446072101123,,,,,,,,,,,,-0.023728949893812475,-0.019241446072101123,,,,,,,,,,,,,,,,
rdkit_NumHAcceptors,-0.3397388876425062,0.9899591911144371,-0.00706748409083344,0.26652657986984907,0.222996179280061,2.4167658511356435e-16,0.638602920449057,0.638602920449057,0.35027901545577583,-0.42619708606351536,-0.8198578510579176,0.5406040643970995,0.9899584395232585,0.9907053852568435,0.9899881303800607,0.9900225758058697,,0.14891527495586054,0.07969834757903606,-0.10905834124939497,0.1843860678276456,-0.730356804931741,-0.6984033950276888,-0.6248385145469987,-0.07104814966349353,-0.32987486260204485,0.7392635720534873,-0.5694235818343479,0.6765907974684053,-0.5581681237836258,-0.1605863730871933,-0.6368865433766429,0.24371450125834676,-0.5543371869731372,0.9784058798394119,0.9895977103124902,0.9817787670208629,0.9798884352153007,0.9902411138540941,0.9805100232120503,0.9784185366597093,0.9671328732980777,0.9640776389664873,0.9583989845257661,0.953299187307187,0.9418292856253901,0.9360723079386266,-0.6776053935924929,0.5518016507719621,0.9890044873406635,0.985559292883958,0.9560237467155922,0.9867082681314868,0.9936217532628572,0.9932527340026085,0.41300159727377006,0.8393099369976089,,-0.0384566073233534,-0.1015914910492307,-0.11059203034044073,,-0.056468298339909274,0.10107311214440298,0.07630351434655533,-0.04289531432676153,0.9413783434950206,0.9984813536660643,-0.1669105398745345,,0.020850897045186424,0.08288932699056994,0.9535038759102746,0.9526741878354956,0.12980245027288168,,,-0.008657933782906477,,,-0.07888080049034582,0.9993086153958131,0.9824613641554317,0.09116191991375679,0.062151952797741404,0.12980245027288168,,,,0.9960675284762054,0.9982154155290041,0.9814936071458846,,-0.08661396375894798,0.06861403995081432,0.07049717187528297,-0.0773465229507568,0.09116191991375677,-0.03784079694533302,0.05446696123117859,0.8632908253897644,0.9754956157469663,-0.03807481049793875,-0.22797575204273962,0.9961579432250627,-0.08552271359788408,-0.8395758969114049,-0.02367226869551465,-0.9803053772313759,-0.8310843531708471,0.05262778661790398,0.3563711460350051,0.9895645367344178,0.9889748873813484,0.9984716890418436,0.09362252202357928,0.7665674174446536,0.7683441634423174,-0.02338671474668868,,,,0.9815900643064808,0.22016463677284642,1.0,0.9930971757798531,0.9968370513637878,0.7665674174446536,0.937864923712714,0.06737403934909744,0.7665674174446536,0.7671614674734123,,-0.06376489241237945,0.9732084583625906,0.7683441634423174,-0.9722594019477849,0.9787625075887293,-0.08325031904708641,0.9919822281949429,0.9917710702176278,,,,,,-0.08325031904708641,-0.08325031904708641,-0.23533442407532879,-0.2343455293355312,,,,,0.020850897045186414,-0.06129583637425839,,,,,,-0.2191079011086315,,-0.03784079694533301,0.09116191991375673,-0.023386714746688683,,,,,,,,,0.09116191991375674,,,,,0.9848142659135225,,,-0.055507867348777364,,,,,,,-0.0863370454910419,-0.0863370454910419,,,-0.08727711922293238,,,,,,,,,,,,-0.07331053834085786,-0.07057869080017744,,,,,,,,,,,,,,,,
rdkit_NumHDonors,-0.3442992345446618,0.9818405637443056,-0.0076513572736581605,0.28920186409312226,0.22870191413536628,8.914536588057074e-17,0.6076479826484553,0.6076479826484553,0.3827811481707782,-0.4138345152158798,-0.8501602163318422,0.5223107615469671,0.9818398615700733,0.9821668244848056,0.9818802023858656,0.9837725891709694,,0.1543087097984722,0.06478299532708702,-0.09043691014613245,0.1883047914236517,-0.7538452044835239,-0.7239067687024514,-0.6509450440232046,-0.07893825260534307,-0.3416193908921657,0.7326928015422294,-0.5694544049072648,0.6720241419752164,-0.5614100439048868,-0.16954720421828964,-0.6256355745825306,0.254060111165618,-0.5514119692320056,0.9678416224881672,0.9833642388140273,0.9744413744692588,0.969605027132918,0.9825771937907406,0.972930963454842,0.9679844572191902,0.9593149288493314,0.9519966435654554,0.9490453515972834,0.9381237544681211,0.9307421653573682,0.9188934733923946,-0.7057076024541311,0.5316202927822185,0.9840365054707988,0.984415798160842,0.9616356239901083,0.9773077787933355,0.9926353651910016,0.9892743258557516,0.39899179172973365,0.8257879988065859,,-0.08989449289679177,-0.08940163892788024,-0.08889262201602584,,-0.07804424803805773,0.10546803431070054,0.07848455031735861,-0.04899255786768955,0.9505961581524063,0.9932130925451498,-0.22023552743708058,,0.03716905368050606,0.08492773221584478,0.9464425182528124,0.9471839999371383,0.14633932946167075,,,0.006360376528562443,,,-0.1070228168941609,0.9924769933648517,0.9586460671871461,0.09315276229136642,0.06418888341011733,0.14633932946167075,,,,0.9949292412701972,0.9920633307208416,0.9751505487902103,,-0.13725869826491324,0.06708134884349067,0.0757146198937689,-0.08747680793140392,0.09315276229136644,-0.02232586864834401,0.05467638629754877,0.8573113390812118,0.9501524824592539,-0.06153180871217185,-0.22229106182042915,0.9973003748533591,-0.08563389037463931,-0.8263339323434526,-0.04222406998507546,-0.972091416092574,-0.8230065997069238,0.062470201696014874,0.36173623380969255,0.982230817284789,0.9956212111690348,0.9923973538439752,0.10523277624210016,0.7335815639356528,0.7375099689855544,-0.016112054192626943,,,,0.9722253379216423,0.18938495474112527,0.9930971757798531,1.0,0.988249599368257,0.7335815639356528,0.942874222927371,0.07553298999781972,0.7335815639356528,0.7353352513601542,,-0.05775317124307468,0.9754633536243372,0.7375099689855544,-0.9740144645205356,0.9719278492108009,-0.06523417063356278,0.9968835539977705,0.9966499960745085,,,,,,-0.06523417063356278,-0.06523417063356278,-0.23470253047487658,-0.24044465231531872,,,,,0.03716905368050605,-0.060818745628247496,,,,,,-0.23341518792701682,,-0.06081874562824749,0.09315276229136651,-0.016112054192626957,,,,,,,,,0.09315276229136642,,,,,0.9653840477854464,,,-0.07724409333110357,,,,,,,-0.08066644925058637,-0.08066644925058637,,,-0.11400217426227521,,,,,,,,,,,,-0.09552899583113422,-0.059193436636181276,,,,,,,,,,,,,,,,
rdkit_NumHeteroatoms,-0.3373040552820255,0.9906518065177212,-0.010499095823664598,0.28131096052774424,0.22554850260917542,-4.495747590301684e-16,0.6552864617394175,0.6552864617394175,0.33587945374177514,-0.4741669492370738,-0.8153122274177804,0.5391620409965088,0.9906510996988437,0.9917492945852466,0.9906656353713927,0.9888786910571632,,0.20322344010741586,0.04929632972422191,-0.057266434263987004,0.2362877988859195,-0.7197412490487625,-0.6883427975253344,-0.6152149702559301,-0.020622764199279848,-0.33255332012861905,0.7452011141416177,-0.572618738720991,0.690419574872925,-0.5651007264602488,-0.11512502377711896,-0.6376759137639154,0.2444281151271224,-0.5636585539318081,0.9783960135041583,0.9885406052085677,0.9804505039935585,0.9813402807752627,0.9887562266309187,0.9780664332221697,0.9797994382312016,0.9645236171726173,0.9659555618690571,0.9553732339782579,0.9550316758204921,0.9390120349513154,0.9382742652505838,-0.6606988165770681,0.5496325920797861,0.9899647960978686,0.9858545254847559,0.9613312136646561,0.9872320247018196,0.9881288996950283,0.986066413536238,0.40535001628994904,0.8430172169671556,,-0.0014822676248829718,-0.07640198082813243,-0.061956679917463925,,-0.024424837018470067,0.09744676090366873,0.07194374084523582,-0.03008899726247384,0.9351557014200902,0.9974602529086148,-0.11345288165452412,,0.03910989331280875,0.08057249624985835,0.949615938749661,0.9468176639164326,0.12514533359159355,,,0.011247504372664054,,,-0.02957465494685257,0.9971041217871254,0.9872189157419092,0.08789116734293789,0.061672860965241015,0.12514533359159355,,,,0.9959731694128057,0.9954964929650263,0.9810716223569262,,-0.05573974885668753,0.06434011481620144,0.07793586733733723,-0.08623698666651562,0.08789116734293795,-0.018428793152551505,0.06434633323215361,0.8627404227214904,0.9803951873436868,-0.006570021362910414,-0.19872812173586293,0.9894020945405954,-0.07749080852345987,-0.8418225997646259,-0.04149719711832648,-0.9763391333535165,-0.8275558228498106,-0.001374153445339924,0.34667713788379845,0.9886935636726419,0.9867667501704349,0.9986350104582846,0.08870067999189099,0.7640657390973714,0.7651789893329592,-0.0014472389045711628,,,,0.9779238502607143,0.2178377857263139,0.9968370513637878,0.988249599368257,1.0,0.7640657390973714,0.9371415578509888,0.06286575581849144,0.7640657390973714,0.7641982214196238,,-0.07180591849361989,0.9758448890565722,0.7651789893329592,-0.9668821787792732,0.9782401943919827,-0.05571869782598972,0.9829255697593565,0.9828374218891651,,,,,,-0.05571869782598972,-0.05571869782598972,-0.22157917961329648,-0.2292192118083746,,,,,0.03910989331280874,-0.05386877998438135,,,,,,-0.2207110943349065,,-0.006615464208608226,0.0878911673429379,-0.0014472389045711547,,,,,,,,,0.0878911673429379,,,,,0.9812838698952356,,,-0.02340586612812568,,,,,,,-0.08989503678199154,-0.08989503678199154,,,-0.09352258800662096,,,,,,,,,,,,-0.018530881353933246,-0.026240150591785697,,,,,,,,,,,,,,,,
rdkit_NumHeterocycles,-0.260322652494752,0.7596042649695625,-0.02259180371594755,0.35121686426492493,0.15685799320322863,1.4595879060876786e-16,0.4549882208430214,0.4549882208430214,0.36029145366240584,-0.28248225642241487,-0.5785394019676272,0.5301396844812671,0.7596043456427302,0.7608227312161289,0.7596077711262529,0.7581514279508935,,0.08934930386581709,0.09032963016893852,-0.11038064608895436,0.11382857800771973,-0.6552565958182918,-0.6431339540125298,-0.5993456033217941,-0.03617188940052265,-0.2553100009551521,0.6001356039194105,-0.49702481626817985,0.5518493569671772,-0.4877972425709517,-0.20442343963454185,-0.553178686983622,0.3128737494525759,-0.481596739971244,0.7133429254650905,0.7527975027350841,0.7505970307971618,0.7498454136475349,0.7619948493782107,0.7572619309354733,0.7564816659732262,0.7459323801609654,0.7441897243375657,0.7433467902059111,0.7404063897094745,0.7422959176817016,0.7388151523670594,-0.45980971005431487,0.26026572105863927,0.7442327374513001,0.7395952993235737,0.6927188446627756,0.7569855870879576,0.7627163669332426,0.7698948265453756,0.5528996771246409,0.5220986948548527,,-0.03480555865612128,-0.14102776495344244,-0.11552722040645462,,-0.0073939195531745674,0.04850686474672706,0.03111344048750967,-0.06050204164614707,0.7121865331911955,0.7648080175436163,-0.16798628069959456,,-0.051193076433954786,0.039850288784110954,0.7707038986053436,0.6720487990157651,0.042603697462768625,,,-0.07210963679800574,,,-0.027523397299943537,0.7654215973715908,0.7906541075915657,0.047317122012913916,0.016744569180668106,0.042603697462768625,,,,0.7486160709435732,0.7762141449037134,0.7393709743926625,,-0.11080335230373313,0.03249691335492375,0.012457750129243746,-0.07363317370497242,0.04731712201291391,-0.057058882427337324,0.01967978993752257,0.6952753715968197,0.7990172072012703,0.01232917838265471,-0.2908893976001026,0.7481800811763085,-0.06841612673233932,-0.5200368293884339,0.05537660693035644,-0.8255729516988503,-0.5814088613181783,0.05118327650656658,0.3590257990817287,0.7591147949477501,0.7321727623157381,0.7641045721485237,0.03434716694672818,1.0,0.9898108377476342,-0.06322460153616642,,,,0.7970069861693523,0.7779491530946728,0.7665674174446536,0.7335815639356528,0.7640657390973714,1.0,0.5463854808242893,0.026954859309622416,1.0,0.9942438982945938,,-0.029446450472720553,0.7124621640514913,0.9898108377476341,-0.7321311977007645,0.7469078534985888,-0.0987440406014284,0.7373112177469688,0.7372662993400267,,,,,,-0.0987440406014284,-0.0987440406014284,-0.29989349504148155,-0.3014105844972179,,,,,-0.05119307643395475,-0.05705888242733737,,,,,,-0.26229152637789943,,0.012525120532830154,0.04731712201291391,-0.06322460153616642,,,,,,,,,0.04731712201291392,,,,,0.8108319352448861,,,-0.006186361153028105,,,,,,,-0.11789834710615298,-0.11789834710615298,,,-0.031705077181595216,,,,,,,,,,,,-0.05946360691175974,-0.05647466872971649,,,,,,,,,,,,,,,,
rdkit_NumRotatableBonds,-0.29746596825679117,0.9334614253529308,-0.009982267179170154,0.19806601005208305,0.21862735387571766,-3.8345199259836616e-16,0.6572247036599048,0.6572247036599048,0.23606306324960613,-0.42712749587867194,-0.7564469250621857,0.2999495952702841,0.9334608994041451,0.9338402910625024,0.9334850302189188,0.9338459253265092,,0.16059526493947607,0.023835349622241035,-0.050043649124994996,0.1934586343298267,-0.5571427604405236,-0.5515940463435437,-0.5102899631958437,-0.052784653893222774,-0.2557512399519252,0.5852319942018255,-0.39746661588976867,0.537701740541095,-0.3834363218598814,-0.017718973253087154,-0.4481440801259841,0.09496221113600628,-0.38900424275733647,0.9469283358791154,0.9382444756274156,0.9282404801557147,0.9262224996347779,0.9327279351911402,0.9213511173205287,0.9192604075614978,0.9086622508714556,0.9053452574212951,0.8965252901868745,0.8907600486708964,0.8743364629615417,0.8678084419414025,-0.7152156145673793,0.6131775538310388,0.9435285540195217,0.9464551539358825,0.9478379252005208,0.9306752076614578,0.9300889323177247,0.9263904083336582,0.22920056807211875,0.8787665502666814,,-0.041822175020814804,0.004834655763082948,-0.04331641877887914,,-0.0468794461655612,0.12134583821343287,0.09885701101782095,0.027629790938949843,0.9042309564376703,0.9368430240914889,-0.0817254597769176,,0.09706702302567108,0.10584432808548444,0.8690081826770348,0.9376783862055971,0.14655195446328642,,,0.07162439044668448,,,-0.06661962062944138,0.936721206169622,0.9138680716576177,0.1111287096337452,0.10051029384322474,0.14655195446328642,,,,0.9432597998185008,0.931322354261157,0.9172014965728175,,-0.039245649911582775,0.09565575282510537,0.12746977556915232,-0.07504909551550115,0.11112870963374533,0.029094721223008095,0.06723546509963273,0.832436598802151,0.8871939485225193,-0.03685853504642213,-0.04576632253667841,0.940792876941164,-0.06802469303589971,-0.8804664012091523,-0.0969548834492413,-0.8789144803997962,-0.8233035628358794,0.03431710170659187,0.16518120134948647,0.9331539045796776,0.9344844632376988,0.9386503385228993,0.09982975856638304,0.5463854808242893,0.5523675248811215,0.0594060780431384,,,,0.8933130915861521,-0.02012567182343416,0.937864923712714,0.942874222927371,0.9371415578509888,0.5463854808242893,1.0,0.06820903055261691,0.5463854808242892,0.5489725209759841,,-0.10183071362994033,0.9493168259519358,0.5523675248811215,-0.9107275235279796,0.9274788061062721,-0.015968175113099246,0.9351227711779234,0.9350903378733217,,,,,,-0.015968175113099246,-0.015968175113099246,-0.04605595814021769,-0.0459850514621696,,,,,0.09706702302567105,-0.0365324695055816,,,,,,-0.07605678941177335,,-0.03653246950558155,0.11112870963374519,0.05940607804313839,,,,,,,,,0.11112870963374528,,,,,0.8875232577553365,,,-0.04639881100727911,,,,,,,-0.011054393823683313,-0.011054393823683313,,,-0.12210067194390695,,,,,,,,,,,,-0.06414890824124314,-0.052017378098552176,,,,,,,,,,,,,,,,
rdkit_NumSaturatedCarbocycles,0.11179645366722363,0.18229229510188757,-0.057574815621025746,0.03308117861453027,-0.007134309079088445,1.8784561567910796e-17,0.24435215975713168,0.24435215975713168,0.018350719605391943,0.06265505209763654,-0.18285987049775584,0.18316536818076526,0.1822961574769652,0.1748056408819694,0.18227408105140078,0.1885257733488484,,-0.05628953456815361,0.047427993263420225,-0.05488019784852015,-0.05852018318998544,-0.1504734165763088,-0.13250917509477353,-0.08874408996247972,-0.03241921070250135,-0.8065690375363705,0.2507849933737048,-0.32914005892620796,0.3801036727195313,-0.14992391770395633,-0.04470293050908576,-0.08168767784362063,0.27641550372039,-0.1547691365765333,0.21134578149376088,0.1905022142448724,0.2357808777515588,0.23451876770126853,0.1875866764826371,0.24398951178246547,0.24251712791148985,0.30043433076302184,0.29859672554675093,0.3288293403893751,0.3261412090946817,0.3713975288870117,0.3684076648859769,-0.05980332023299939,-0.017639743398062714,0.17742572734986356,0.139824774300166,0.12270818624699177,0.20364728127901885,0.06938827495444638,0.045544268896270036,0.11224456074063162,-0.04349853128010084,,-0.021932973264421115,-0.06514092962807931,-0.043525020239152515,,-0.022024169630178624,0.9416234167531742,0.9288144649673347,0.40479256489632626,0.18536170240605104,0.06629757984045503,-0.09023332444295709,,-0.039459169785828536,0.9401961455103713,0.316724696187383,-0.017315032387555506,0.6628805495490128,,,-0.043517782647456024,,,-0.0312981902614463,0.06977039697252414,0.04810307871949514,0.9482620798541165,0.92174997584645,0.6628805495490128,,,,0.06440950561726853,0.08815098973162348,0.08038592298627575,,0.388589802595124,0.9198691001507205,0.831675136938826,0.19143260415222677,0.9482620798541173,-0.017163114567495315,0.886728640476418,0.022113947389242362,0.07496049171175054,-0.01731630159015481,-0.13460918676978148,0.08531740398230273,-0.30218250514282763,0.053742728997662345,0.042548788288498084,-0.0025190606629879628,0.36550355013179653,0.0233886372174726,0.0801702021639275,0.19176400832084609,0.07277222480548849,0.06450652577819886,0.9683554571752844,0.026954859309622416,0.16451246239449283,-0.035043928266054625,,,,0.16198019600698102,-0.017163114567495336,0.06737403934909744,0.07553298999781972,0.06286575581849144,0.026954859309622416,0.06820903055261691,1.0,0.026954859309622416,0.133901200276357,,-0.033013910040023874,0.12120874755739777,0.16451246239449283,0.12256969858548489,0.2446098831895872,-0.03504392826605461,0.07943290692821348,0.0619888500509058,,,,,,-0.03504392826605461,-0.03504392826605461,-0.1349169416208652,-0.1391462894482555,,,,,-0.039459169785828495,-0.017163114567495332,,,,,,-0.12054975493578249,,-0.017163114567495346,0.9482620798541166,-0.03504392826605463,,,,,,,,,0.9482620798541168,,,,,0.07138559436084825,,,-0.021798365122615803,,,,,,,-0.05101754468206955,-0.05101754468206955,,,-0.02443799261010182,,,,,,,,,,,,-0.030137438733945598,-0.024437992610101825,,,,,,,,,,,,,,,,
rdkit_NumSaturatedHeterocycles,-0.260322652494752,0.7596042649695625,-0.02259180371594755,0.35121686426492493,0.15685799320322863,1.4595879060876786e-16,0.4549882208430214,0.4549882208430214,0.36029145366240584,-0.28248225642241487,-0.5785394019676272,0.5301396844812671,0.7596043456427302,0.7608227312161289,0.7596077711262529,0.7581514279508935,,0.08934930386581709,0.09032963016893852,-0.11038064608895436,0.11382857800771973,-0.6552565958182918,-0.6431339540125298,-0.5993456033217941,-0.03617188940052265,-0.2553100009551521,0.6001356039194105,-0.49702481626817985,0.5518493569671772,-0.4877972425709517,-0.20442343963454185,-0.553178686983622,0.3128737494525759,-0.481596739971244,0.7133429254650905,0.7527975027350841,0.7505970307971618,0.7498454136475349,0.7619948493782107,0.7572619309354733,0.7564816659732262,0.7459323801609654,0.7441897243375657,0.7433467902059111,0.7404063897094745,0.7422959176817016,0.7388151523670594,-0.45980971005431487,0.26026572105863927,0.7442327374513001,0.7395952993235737,0.6927188446627756,0.7569855870879576,0.7627163669332426,0.7698948265453756,0.5528996771246409,0.5220986948548527,,-0.03480555865612128,-0.14102776495344244,-0.11552722040645462,,-0.0073939195531745674,0.04850686474672706,0.03111344048750967,-0.06050204164614707,0.7121865331911955,0.7648080175436163,-0.16798628069959456,,-0.051193076433954786,0.039850288784110954,0.7707038986053436,0.6720487990157651,0.042603697462768625,,,-0.07210963679800574,,,-0.027523397299943537,0.7654215973715908,0.7906541075915657,0.047317122012913916,0.016744569180668106,0.042603697462768625,,,,0.7486160709435732,0.7762141449037134,0.7393709743926625,,-0.11080335230373313,0.03249691335492375,0.012457750129243746,-0.07363317370497242,0.04731712201291391,-0.057058882427337324,0.01967978993752257,0.6952753715968197,0.7990172072012703,0.01232917838265471,-0.2908893976001026,0.7481800811763085,-0.06841612673233932,-0.5200368293884339,0.05537660693035644,-0.8255729516988503,-0.5814088613181783,0.05118327650656658,0.3590257990817287,0.7591147949477501,0.7321727623157381,0.7641045721485237,0.03434716694672818,1.0,0.9898108377476342,-0.06322460153616642,,,,0.7970069861693523,0.7779491530946728,0.7665674174446536,0.7335815639356528,0.7640657390973714,1.0,0.5463854808242892,0.026954859309622416,1.0,0.9942438982945938,,-0.029446450472720553,0.7124621640514913,0.9898108377476341,-0.7321311977007645,0.7469078534985888,-0.0987440406014284,0.7373112177469688,0.7372662993400267,,,,,,-0.0987440406014284,-0.0987440406014284,-0.29989349504148155,-0.3014105844972179,,,,,-0.05119307643395475,-0.05705888242733737,,,,,,-0.26229152637789943,,0.012525120532830154,0.04731712201291391,-0.06322460153616642,,,,,,,,,0.04731712201291392,,,,,0.8108319352448861,,,-0.006186361153028105,,,,,,,-0.11789834710615298,-0.11789834710615298,,,-0.031705077181595216,,,,,,,,,,,,-0.05946360691175974,-0.05647466872971649,,,,,,,,,,,,,,,,
rdkit_NumSaturatedRings,-0.24608986212243503,0.7725753782848689,-0.02856732755195451,0.35172617690269364,0.1547372884030737,1.9642121445929768e-18,0.4772443094124095,0.4772443094124095,0.3591435142125938,-0.27332483830616205,-0.5931366726807873,0.5451881189557687,0.772575872227531,0.7729808958887682,0.7725769019600301,0.7718032014596319,,0.08254632642642704,0.09463613590635145,-0.11531339841846512,0.10657578538437333,-0.665719478537333,-0.6517762422018231,-0.6036757322755227,-0.0393356966091559,-0.3395720020602969,0.621852712367242,-0.5280286502778365,0.5878443007899798,-0.49966956439804566,-0.20745578514269553,-0.5571737139824615,0.33979496172436324,-0.49402134319733204,0.7298279073145636,0.7667073951848457,0.7693788851267253,0.7684984936291203,0.7755127442901891,0.7768659627059546,0.7759346340437868,0.7716840771634376,0.7697595334184263,0.7721641991119687,0.7689611064761256,0.7756848430581217,0.7719137175945293,-0.46224428824056646,0.25488070829565185,0.7568151436002811,0.7481877502126,0.6998820023949441,0.772268153087306,0.7635595942042214,0.7681204097543298,0.5601501016768694,0.5129229509132947,,-0.03685542312043107,-0.14679032861231814,-0.11919345946898,,-0.009690534925955839,0.14901012099781585,0.1303942093790502,-0.016593583534154206,0.7258965549848628,0.7653019035214531,-0.17620517215140824,,-0.05497971573875281,0.14027540802576147,0.7979874342729162,0.6643830513319734,0.11328250271607856,,,-0.07615044977458654,,,-0.030639974869286147,0.7662823932339285,0.7889744762260819,0.1485421914361351,0.11539239101160702,0.11328250271607856,,,,0.7490475754212153,0.7789516583695029,0.7415947460406941,,-0.06819663583663257,0.1308069634232677,0.10148846760692125,-0.05247898143406891,0.14854219143613517,-0.05840513409408408,0.11454867186003675,0.6916348008761518,0.8001438365155744,0.010366641051538523,-0.30280195542139887,0.7508562501773653,-0.10021239213202379,-0.509780943850292,0.0594582225287582,-0.8187057769335827,-0.5372080800652295,0.053247570999097264,0.364514574458144,0.7731053120258607,0.733642731910134,0.7644125754432067,0.13783795850713607,0.9942438982945938,0.9988861594793783,-0.06643400422672661,,,,0.8074777110203837,0.7693841680267935,0.7671614674734123,0.7353352513601542,0.7641982214196238,0.9942438982945938,0.5489725209759841,0.133901200276357,0.9942438982945938,1.0,,-0.032730292805122456,0.7192939297927462,0.9988861594793783,-0.7126649026162439,0.7666678883870022,-0.10164637395820711,0.7394506525512162,0.737536479466816,,,,,,-0.10164637395820711,-0.10164637395820711,-0.3117611964520213,-0.3137184693375462,,,,,-0.054979715738752696,-0.05840513409408408,,,,,,-0.27294443481498853,,0.010577307749322319,0.14854219143613523,-0.0664340042267266,,,,,,,,,0.14854219143613523,,,,,0.8114732697360381,,,-0.008469214412245038,,,,,,,-0.1223471315648028,-0.1223471315648028,,,-0.034050232030266386,,,,,,,,,,,,-0.062179649351343486,-0.0586056878213239,,,,,,,,,,,,,,,,
rdkit_NumSpiroAtoms,,,,,,,,,,,,,,,,,,,,,,,,,,,,,,,,,,,,,,,,,,,,,,,,,,,,,,,,,,,,,,,,,,,,,,,,,,,,,,,,,,,,,,,,,,,,,,,,,,,,,,,,,,,,,,,,,,,,,,,,,,,,,,,,,,,,,,,,,,,,,,,,,,,,,,,,,,,,,,,,,,,,,,,,,,,,,,,,,,,,,,,,,,,,,,,,,,,,,,,,,,,,,,,,,,,,,,,,,,,,,,,
rdkit_NumUnspecifiedAtomStereoCenters,0.007857486564280583,-0.0723735798910357,-0.018377044743811112,-0.020254987095982727,0.09302325020591791,7.031412489292657e-18,-0.21842047245257415,-0.21842047245257415,0.07427396976316954,0.09252447336977307,0.04503237106620797,0.057385383166023256,-0.0723744754635813,-0.07275632467361012,-0.07235769458516801,-0.07036848509456264,,-0.1049898192469311,0.06733452832096275,-0.07925987335375788,-0.11102863243098038,-0.08419997915806632,-0.07718255905267624,-0.06305355809083592,-0.05415362801768523,0.09614283401944841,-0.0584570726099315,0.043570340463235914,-0.05771736947594336,0.06351343114147606,-0.2358598900731239,0.05421121109588282,-0.03982451039825403,-0.007134435956297063,-0.06953278850815252,-0.07333589537393528,-0.07156311417818464,-0.07414665886064271,-0.06983782455524741,-0.06665382323720322,-0.07001577710715234,-0.06430434463935897,-0.06817703568222308,-0.0613931176423597,-0.06533387722954663,-0.05845725724371352,-0.06259138718476853,0.11215895091828411,-0.02672931770774535,-0.08048094165982479,-0.08770529335802639,-0.10719903174614234,-0.07274436129386373,-0.05943926305769642,-0.06577596436125692,-0.07740296277869109,-0.04122517445451316,,-0.033217775837262244,-0.09865679277175408,-0.06591921433478438,,-0.03335589392997973,-0.02881982355110629,-0.03781418533070119,-0.07396702811043186,-0.011650959366745555,-0.06644393972138207,-0.13665955400854385,,-0.0597614304667197,-0.029099073753441732,-0.06615676606712656,-0.02927955173377695,-0.037011660509880265,,,-0.06590825290718061,,,-0.0474015198798059,-0.06285076420074645,-0.08042170388110817,-0.02599376224550178,-0.04532410740288537,-0.037011660509880265,,,,-0.07332178787304175,-0.058653502959565736,-0.07588756603333968,,-0.08815264203106468,-0.031526772326735154,-0.04832458312433965,-0.07942393553435702,-0.025993762245501813,-0.025993762245501813,-0.018264747425842453,-0.04150961576302022,-0.04826868905859322,-0.026225766001606105,-0.2038673798507814,-0.05487829968327627,-0.016887370942059277,0.04578545611893671,0.06444069823434238,0.06631246049907442,0.026911184884763996,0.03542239799696214,0.19711918961124167,-0.071303961451248,-0.06234354959584544,-0.06890853332713505,-0.037011660509880265,-0.029446450472720553,-0.0342754675312135,-0.05307448924342748,,,,-0.06755831532740265,-0.025993762245501817,-0.06376489241237945,-0.05775317124307468,-0.07180591849361989,-0.029446450472720553,-0.10183071362994033,-0.033013910040023874,-0.029446450472720553,-0.032730292805122456,,1.0,-0.09813369273005774,-0.034275467531213494,0.056092092082686125,-0.07422850575031205,-0.05307448924342754,-0.050421666468396915,-0.05686903143031389,,,,,,-0.05307448924342754,-0.05307448924342754,-0.20433347861144124,-0.21073888139811905,,,,,-0.05976143046671966,-0.025993762245501827,,,,,,-0.18257418583505536,,-0.025993762245501813,-0.025993762245501807,-0.05307448924342748,,,,,,,,,-0.025993762245501813,,,,,-0.038328188838238735,,,-0.03301391004002388,,,,,,,-0.07726674092862562,-0.07726674092862562,,,-0.03701166050988026,,,,,,,,,,,,-0.04564354645876384,-0.03701166050988026,,,,,,,,,,,,,,,,
rdkit_Phi,-0.3129605182777537,0.9772700039642805,-0.02162233142809152,0.32058916998306347,0.213732815351983,-1.8663086737567535e-16,0.6781419854401819,0.6781419854401819,0.2550436526663449,-0.4076285389395861,-0.8345561889873164,0.44002884601930936,0.9772702852689793,0.9772907803213915,0.9772783238914575,0.9769693547960208,,0.15227031695878648,0.031693050120336054,-0.06871798491750773,0.18852952659544708,-0.68159865396626,-0.6630984777054798,-0.6005446431929818,-0.023649238860556372,-0.3689474490911272,0.6875483878784467,-0.542154327277381,0.6424465287557684,-0.5231954766947602,-0.09118686599822629,-0.5745253648130064,0.282415653117214,-0.5730486955299631,0.9596191185863988,0.9776024933023049,0.9725404804589943,0.9726964308514217,0.9750701216356386,0.9681102210711944,0.9674888482442681,0.9559928241452691,0.9550467696913806,0.945020073985349,0.9427630280955211,0.9283279764013278,0.9254775186366833,-0.6887410984383625,0.46899706880045716,0.9866303661802511,0.9961627738011175,0.9918426088063226,0.9761031535093277,0.9661238248467922,0.9576200662147901,0.4205992807932391,0.7844163927899924,,-0.010871693862699951,-0.051333673927419915,-0.07691672341979765,,-0.016814274593766523,0.17446904808287497,0.14890197184551554,0.027294830157305175,0.9489878317604385,0.9729134335652171,-0.08419622632067408,,0.08938546432140701,0.16272211159755864,0.9461453801615668,0.9099500660993414,0.1969726894220536,,,0.08633561388651984,,,-0.03705507269678412,0.9753288256446537,0.9473088413514051,0.16226741064577427,0.1443336496482889,0.1969726894220536,,,,0.9798255705958513,0.9705006016999546,0.9641700971286157,,0.014943403694932408,0.140505330653783,0.16443881822720627,-0.06413772728684489,0.16226741064577438,0.002690933346697831,0.12260056582262438,0.8289818903924369,0.9282497608783488,-0.021948679311064263,-0.13714621086187545,0.9712806800899543,-0.03765055215046953,-0.782166076396068,-0.11188129578061776,-0.9484483191338001,-0.7598665674583782,0.03547454246955778,0.27432983886023166,0.9762012404948025,0.977400952360007,0.9753201256112379,0.15624840823160696,0.7124621640514913,0.7239774381285106,0.04083097960227419,,,,0.9634830555417296,0.19704114312550788,0.9732084583625906,0.9754633536243372,0.9758448890565722,0.7124621640514913,0.9493168259519358,0.12120874755739777,0.7124621640514913,0.7192939297927462,,-0.09813369273005774,1.0,0.7239774381285107,-0.9368918765391977,0.9736003084449762,-0.041457843112462034,0.968908794935712,0.9680114644045156,,,,,,-0.041457843112462034,-0.041457843112462034,-0.13892417693705333,-0.1412472955082209,,,,,0.08938546432140701,0.011661502341203684,,,,,,-0.15004775007161955,,-0.021931584431555854,0.1622674106457744,0.040830979602274185,,,,,,,,,0.16226741064577432,,,,,0.933601510413721,,,-0.0171882609784676,,,,,,,-0.06347761735475108,-0.06347761735475108,,,-0.12270394614109059,,,,,,,,,,,,-0.06117358559497045,-0.07317308414657596,,,,,,,,,,,,,,,,
rdkit_RingCount,-0.24367966584234554,0.7781570427354728,-0.03133286359151729,0.3549263209447474,0.15554214227038002,1.17087425332139e-17,0.48767455145353783,0.48767455145353783,0.3485317893349784,-0.27069254241997887,-0.6030782573717973,0.548857795038095,0.7781577639618389,0.7782741735176645,0.7781580579380746,0.7776221455114571,,0.08123155149473067,0.09592781647573642,-0.11695570747092511,0.10528564269708274,-0.6644379243371031,-0.6477203984743114,-0.5966285602937695,-0.04063961840344404,-0.3698481255912976,0.6293214146642342,-0.54040871608754,0.6004385516079275,-0.5060629164345029,-0.20539223687344427,-0.5607383594020531,0.3542069069234813,-0.49961481321757395,0.7365804471889181,0.7727357385768833,0.7770324998484774,0.7760907796090198,0.7813588613701621,0.7847294009472899,0.7837255144912079,0.7813673866287114,0.7793547729669872,0.7826865623605622,0.7793616086718809,0.7876775088494472,0.7837734280632388,-0.46738194028916225,0.2515449177565975,0.7625214863217894,0.7532630272762835,0.7049470314826543,0.7787112677311201,0.7648856560177018,0.7674908359998455,0.5677048751357934,0.5072762345334184,,-0.037783842606277936,-0.14930532544304767,-0.12073679531579275,,-0.010800211204444144,0.18502215347963943,0.16631486414455238,-0.0029846901663775297,0.7355935166259504,0.7660618802694433,-0.17710193092387128,,-0.04096701939161843,0.17239526479115683,0.8087660083004096,0.6607581684978678,0.16003775597350953,,,-0.06367870534037606,,,-0.032107375731172415,0.76757764130459,0.7884199820890149,0.18093105032229373,0.14901973514293737,0.16003775597350953,,,,0.7503673993278983,0.7805971321351476,0.7451284395818357,,-0.04967620433478573,0.1622383601739015,0.12978301511310794,-0.026082765756912155,0.18093105032229398,-0.058939660332262334,0.1482891389661395,0.6855614290348859,0.7996530024918393,0.009377373804638668,-0.3022911441058495,0.7527610156605344,-0.11042723169708973,-0.5038038637133402,0.0413074359479877,-0.8170330694645666,-0.5205297546913994,0.05414704637136083,0.3621934835702967,0.7790929228499383,0.7356884124266747,0.7654728979664611,0.17630175556431327,0.9898108377476341,1.0,-0.06786839787749512,,,,0.8133074556364849,0.7634742047690734,0.7683441634423174,0.7375099689855544,0.7651789893329592,0.9898108377476341,0.5523675248811215,0.16451246239449283,0.9898108377476341,0.9988861594793783,,-0.034275467531213494,0.7239774381285107,1.0,-0.7071421806723167,0.7749146633784065,-0.10285210812362666,0.7411367019544143,0.7386326731997309,,,,,,-0.10285210812362666,-0.10285210812362666,-0.31106403610433037,-0.3124750228666299,,,,,-0.04096701939161844,-0.05893966033226237,,,,,,-0.2695674403100938,,0.009594828426182249,0.18093105032229387,-0.06786839787749514,,,,,,,,,0.18093105032229395,,,,,0.8109578242858457,,,-0.009574799398621275,,,,,,,-0.12426890297419163,-0.12426890297419163,,,-0.03513023911613623,,,,,,,,,,,,-0.06338043983481371,-0.05952623850234193,,,,,,,,,,,,,,,,
rdkit_MolLogP,0.3692551921939382,-0.9330329077813239,-0.016368512327168093,-0.25622059398068614,-0.21584635082775122,4.529206966799361e-16,-0.5502425988598557,-0.5502425988598557,-0.38663272813052163,0.4059714533650566,0.8035641688895954,-0.49542015500279507,-0.9330311264312282,-0.9349625688017582,-0.933098224701522,-0.9344287957571614,,-0.1389390992390814,-0.05192553041048707,0.09296739028705149,-0.1760047276438057,0.7308930525007774,0.7111489708539358,0.650905995737717,0.11768200725049306,0.17280014258376997,-0.6765471712342025,0.4963595548327463,-0.5776679080412064,0.5322339705157968,0.18568367821965964,0.6081683848234388,-0.17925927445052106,0.5322605165401293,-0.9137010037200796,-0.9326125424266143,-0.9147624975982608,-0.9093280860823315,-0.9331726443937037,-0.911569070376622,-0.9053943707554098,-0.8863598959256331,-0.8783754307756646,-0.871111988406418,-0.8600331411127224,-0.8442216974675744,-0.83233138220166,0.692601049738922,-0.5397745766873925,-0.9366156941812058,-0.942669446046693,-0.9170871407615641,-0.924351002514576,-0.9717237723326104,-0.9760547861149945,-0.38226375373632926,-0.8287124213972572,,0.07764163682527661,0.0883145504724158,0.09861778618818155,,0.11511709396442157,0.10431406178114248,0.12901847448547504,0.14767572088338116,-0.8822084584496058,-0.9734114044385441,0.21482189612182945,,-0.024951334318778325,0.12221689248263269,-0.8710919412232695,-0.9401781177387505,0.01884301297254027,,,0.005976837337035903,,,0.14626824990158505,-0.9710860443021573,-0.9439716068144774,0.1149382553628117,0.14237744351610407,0.01884301297254027,,,,-0.9755145258605297,-0.9651930810139647,-0.946736748274371,,0.20820039200801196,0.13526222377450675,0.11106221426635379,0.1460090299398064,0.11493825536281167,0.03604653563236201,0.146558140781754,-0.8464710225964727,-0.9293816500034343,0.09960947170084701,0.20170280666597468,-0.972335570190718,0.02558979582536861,0.8338911972916055,0.02564791339781437,0.9697251718461338,0.8998147106809399,-0.0781664375294389,-0.33723028013601863,-0.9323492613240646,-0.9747875943468384,-0.9723610661523879,0.09788901778162991,-0.7321311977007645,-0.7071421806723167,0.01746103216365745,,,,-0.9264164397453554,-0.20344125718317269,-0.9722594019477849,-0.9740144645205356,-0.9668821787792732,-0.7321311977007645,-0.9107275235279796,0.12256969858548489,-0.7321311977007645,-0.7126649026162439,,0.056092092082686125,-0.9368918765391977,-0.7071421806723167,1.0,-0.9089921690671606,0.06034031011864276,-0.9727604055684003,-0.9763540127556751,,,,,,0.06034031011864276,0.06034031011864276,0.2025480744963446,0.20597453539291,,,,,-0.02495133431877832,0.06360503829348295,,,,,,0.20001534664906706,,0.09901503425079655,0.11493825536281183,0.017461032163657447,,,,,,,,,0.1149382553628118,,,,,-0.9467802041382749,,,0.11451277425674278,,,,,,,0.06633960424469085,0.06633960424469085,,,0.10655793366129969,,,,,,,,,,,,0.10728842929665776,0.08329221826055537,,,,,,,,,,,,,,,,
rdkit_MolMR,-0.30173675605842254,0.9972529106263105,-0.023747317570561175,0.28340913295981307,0.22173307202902515,-2.0133228132966563e-16,0.6845915963724797,0.6845915963724797,0.2955513139372325,-0.40004422220238434,-0.8196894079905054,0.5405195705042676,0.9972533151354558,0.9965447932262471,0.9972513282780235,0.9976010879838014,,0.1550349643726229,0.07005837322942476,-0.09952630857865512,0.19085626541706766,-0.7069177612830432,-0.669028542202506,-0.588492720170554,-0.03769777140959094,-0.47313881934564633,0.7602759839015703,-0.6132211110392582,0.7297482173542482,-0.5654556992693832,-0.13204456194524536,-0.6285286693428461,0.3005374558640373,-0.5676698676536953,0.9913739850020488,0.9976816927682656,0.9996116534111221,0.9985596222037173,0.9974686398285424,0.9992351355869514,0.9980435862198448,0.9970950764237485,0.9946058595839267,0.9935200387989932,0.9891470719947367,0.9863490269267526,0.981186198709052,-0.675582955699188,0.49673938043111715,0.9960601367407254,0.9871833099366129,0.9606043669953177,0.998313426893212,0.9737649461075386,0.9654163590545016,0.4258788983450709,0.8063072603604702,,-0.044258738021882786,-0.08786719502588831,-0.10175043674435232,,-0.00922785748299026,0.29075949783170946,0.266725531889995,0.07360562029554808,0.9610257220877161,0.9773222856449351,-0.14430074180035032,,0.059722897621277395,0.2714332940066574,0.987704620206755,0.9155530184084796,0.2784809761864533,,,0.0317477693025201,,,-0.03474563497802562,0.9790167800928733,0.9642825610891468,0.27944248031143676,0.2565585571018983,0.2784809761864533,,,,0.9755532533523454,0.9826992064747769,0.9703198053680322,,0.008614737299556266,0.2534704640835296,0.25434479302901863,-0.008087805849313989,0.27944248031143665,-0.015668131973525894,0.23997095278562494,0.8340340244901059,0.9575847290263111,0.007732555432229641,-0.2150645317926072,0.9760269990771204,-0.1313947883253673,-0.8001244693440374,-0.06448028805133257,-0.9450042197286305,-0.7223260109949534,0.05440128963887277,0.3367210785258925,0.9978874202543996,0.9687297360371826,0.9783855265608604,0.2756472627298525,0.7469078534985888,0.7749146633784065,0.009272905209575891,,,,0.9867923003846908,0.21103627628495564,0.9787625075887293,0.9719278492108009,0.9782401943919827,0.7469078534985888,0.9274788061062721,0.2446098831895872,0.7469078534985888,0.7666678883870022,,-0.07422850575031205,0.9736003084449762,0.7749146633784065,-0.9089921690671606,1.0,-0.0743166392329344,0.9687292290802879,0.9650904994544248,,,,,,-0.0743166392329344,-0.0743166392329344,-0.2229316445833688,-0.22371401785283695,,,,,0.05972289762127736,-0.049866693713352214,,,,,,-0.21725441406158283,,0.008022490825985568,0.2794424803114369,0.00927290520957589,,,,,,,,,0.2794424803114366,,,,,0.9657638751438524,,,-0.008191707311582147,,,,,,,-0.0925872428647761,-0.0925872428647761,,,-0.08497087140117206,,,,,,,,,,,,-0.07535955395251054,-0.06827293098952117,,,,,,,,,,,,,,,,
rdkit_fr_Al_COO,-0.16132164250517728,-0.07082084598083689,-0.07875003411986205,0.09065338981702556,0.056213120688105196,1.7186318326996422e-17,0.06812549187939987,0.06812549187939987,-0.010806188702231975,-0.07579858703264557,0.01745051808593392,-0.20620525830835107,-0.07081993631491834,-0.06936371011024775,-0.07079908423244079,-0.07100979842834158,,0.5321233454005582,-0.9857446893095505,0.8238075079182837,0.6125075559655143,0.1180961702130664,0.10056070218235258,0.07637253369282423,-0.06298981646285921,-0.014911574297788796,-0.05462634240357284,0.09434259871359148,-0.10486966789402978,0.026766911411560197,0.21756086164213534,0.10702557858727905,-0.04152785616004812,0.06227518151983178,-0.05938116837232389,-0.06619319177214923,-0.07426790141024989,-0.0770076492575166,-0.07388765641803338,-0.08316936403700542,-0.08677026941079799,-0.0841109800846877,-0.08825506347657822,-0.08997685076149986,-0.0941541415893597,-0.09176220043308618,-0.09613168254598893,-0.23916734689852512,-0.02837536480466252,-0.05738689535594241,-0.05762886231427393,-0.0157649650360435,-0.07318495206673747,-0.07671638925115123,-0.11652722845881405,0.018156649141031846,-0.0038484238167161198,,0.05236759401845912,0.17806700099305484,0.8188659029676433,,-0.03540694067183243,-0.0305919483012134,-0.04013937145166549,0.2210195122528576,-0.12355586683425755,-0.05592368023826929,0.17441291122592215,,0.17444940691627664,-0.030888369538414943,-0.09041409418960654,-0.12514442572019385,-0.03928749955226065,,,0.14584681508246827,,,-0.05031622913965748,-0.08034360261448419,-0.04171814665895375,-0.027592113093901964,0.01563698135943446,-0.03928749955226065,,,,-0.038285322196619995,-0.08061543564488248,-0.04824996921333272,,-0.00023622896549292113,-0.03346534677470592,0.07345998579260384,-0.08430769624377824,-0.02759211309390202,0.48976000741676,-0.05876158471896132,-0.0818854596821884,-0.11790923933997845,-0.027838382711057777,0.441776760311888,-0.07230824236652056,-0.017925771748281905,-0.030696672847088005,-0.152000901645144,0.06524749592596744,0.07372904615580927,0.037600513629323505,-0.4482113486947391,-0.06926205084917533,-0.05042060270357009,-0.052693780340556336,-0.03928749955226062,-0.0987440406014284,-0.10285210812362666,0.2077464788732394,,,,-0.09591541739396743,-0.02759211309390197,-0.08325031904708641,-0.06523417063356278,-0.05571869782598972,-0.0987440406014284,-0.015968175113099246,-0.03504392826605461,-0.0987440406014284,-0.10164637395820711,,-0.05307448924342754,-0.041457843112462034,-0.10285210812362666,0.06034031011864276,-0.0743166392329344,1.0,-0.10613481199021915,-0.10525002115164911,,,,,,1.0,1.0,0.4903778614408893,0.17576206204757233,,,,,0.17444940691627672,-0.027592113093901985,,,,,,0.048450158311150945,,-0.02759211309390197,-0.027592113093901964,0.20774647887323944,,,,,,,,,-0.027592113093901968,,,,,-0.11552999300203082,,,-0.035043928266054646,,,,,,,0.1102114942765717,0.1102114942765717,,,-0.03928749955226061,,,,,,,,,,,,-0.04845015831115091,-0.03928749955226063,,,,,,,,,,,,,,,,
rdkit_fr_Al_OH,-0.3266998095371046,0.9783075844866038,0.001880309639124729,0.2704302474903765,0.22495807441906862,-2.0290229922189845e-16,0.5883034393391028,0.5883034393391028,0.3877017202771886,-0.37133815337329734,-0.8401027526639995,0.536202411447019,0.9783068516833738,0.9784627186002817,0.9783468954664112,0.9807530992874391,,0.09099045308591093,0.10340016664306417,-0.1514922556458897,0.12701449809292964,-0.7665835321201826,-0.7354185776668372,-0.6615479226319086,-0.11520636448815152,-0.3341712784971599,0.731868966750275,-0.5695137784328881,0.6630850221487781,-0.5545459208114787,-0.2216143843919214,-0.6324741984355781,0.25341267761141245,-0.556171713830642,0.9636063020036386,0.9798293345184119,0.9717377175288998,0.9664721646070398,0.9798550073708507,0.9712025823865728,0.9648792288373846,0.9579754585146505,0.9494733170910039,0.9488081896067876,0.9376146310313013,0.9304765517008209,0.9182529784022454,-0.6842444895802897,0.5317226823484258,0.9796325053946754,0.9795485885131493,0.948940131024148,0.9744280256941018,0.9910415993118727,0.9901928525927132,0.4006643536479154,0.8194103887657742,,-0.09287512406390526,-0.13134304228684573,-0.15133525540580947,,-0.07926309521642437,0.10637574972835302,0.08065476090611723,-0.07775164323817205,0.949973722197781,0.9900377927787025,-0.2416031050107553,,-0.007606314930228003,0.08581412932966076,0.9458366188659978,0.9510154411429578,0.13661232618055574,,,-0.0410164772464629,,,-0.12115949021752781,0.9920003417636974,0.9518791622799136,0.09594458280504194,0.060285125780895614,0.13661232618055574,,,,0.9896837867372756,0.9906926330306759,0.9696511347466834,,-0.14064147542340474,0.07084738763099742,0.05869798483654111,-0.08711288415363662,0.09594458280504196,-0.05675236595629801,0.04309101328567229,0.8638092209034411,0.9486350015049935,-0.05742772595079918,-0.27697360962308437,0.9979449411624748,-0.10076453006889136,-0.8224022341681094,0.004742770451807808,-0.971022545027735,-0.8245096809102777,0.10334850262513852,0.3908344395608221,0.9790921613307929,0.9920736944032602,0.9877687321163944,0.10490522129780068,0.7373112177469688,0.7411367019544143,-0.05741932301062038,,,,0.9723461162663313,0.19138017578087924,0.9919822281949429,0.9968835539977705,0.9829255697593565,0.7373112177469688,0.9351227711779234,0.07943290692821348,0.7373112177469688,0.7394506525512162,,-0.050421666468396915,0.968908794935712,0.7411367019544143,-0.9727604055684003,0.9687292290802879,-0.10613481199021915,1.0,0.9996506894539373,,,,,,-0.10613481199021918,-0.10613481199021918,-0.27324908909533807,-0.2685189706598804,,,,,-0.007606314930227993,-0.0758394845514655,,,,,,-0.24667686779420805,,-0.056752365956298026,0.09594458280504202,-0.05741932301062039,,,,,,,,,0.09594458280504194,,,,,0.968593758673988,,,-0.07814000101686927,,,,,,,-0.08359202356164136,-0.08359202356164136,,,-0.10798534005783979,,,,,,,,,,,,-0.13316975833817749,-0.10798534005783969,,,,,,,,,,,,,,,,
rdkit_fr_Al_OH_noTert,-0.3285106355921532,0.9758766118045664,0.0034016846984264576,0.26982136623112063,0.22400972012125636,-3.4631176341105726e-16,0.5843855367410776,0.5843855367410776,0.3900655658255655,-0.37154617851428623,-0.8377820918839517,0.5318870070538374,0.9758758112359719,0.9761782718134412,0.9759162360816982,0.9781955787063709,,0.09051587945750794,0.10248250862821628,-0.15037305648986854,0.1263504697417118,-0.7658923628825481,-0.7363956603851913,-0.6640448987870525,-0.11448910413209525,-0.3195282810250293,0.7262596509367473,-0.5630180056104225,0.6550468116040327,-0.5519745859831918,-0.2198007029694674,-0.6303843832403067,0.24580570739667604,-0.5525041312657534,0.9606104603318683,0.9772561903014221,0.968242428908261,0.9630098802515196,0.977306299791367,0.9675201205488642,0.961236746603402,0.9531460816245454,0.9446916539559234,0.9434080177780763,0.9322771501155657,0.9242041865534333,0.9120492929022066,-0.6842464298267222,0.5348592512269621,0.9773866296342131,0.9781686963612698,0.9479134597181044,0.9715749152185373,0.9907756794380334,0.9908349122365994,0.398889941476857,0.8206980159638264,,-0.09236023406085511,-0.12960143387595563,-0.1502650164815344,,-0.07872548930411112,0.08807658569392582,0.06263019847543695,-0.08539721701308241,0.9461860105693372,0.9898669669048916,-0.23927832594135454,,-0.006445572645320073,0.06751482811720093,0.9407980681831594,0.95202868808407,0.12393019013233848,,,-0.039784303072786936,,,-0.12040803014059376,0.9917912653396688,0.9518496227793541,0.07748016982206742,0.042419588357647135,0.12393019013233848,,,,0.9896527774747367,0.9900294789027262,0.9688415110897329,,-0.14772792172353755,0.05294442720152409,0.04263318661814027,-0.09051207439180488,0.07748016982206746,-0.05632604450880557,0.025959202913047843,0.8651648681396845,0.9480324521789973,-0.056997847573679365,-0.27338287310262216,0.9975200395215698,-0.09481911314646081,-0.8241672342203469,0.003486058742508505,-0.9725585604595091,-0.8326772582056745,0.10280577407720565,0.3885330482222794,0.9764683615298912,0.9919163546068003,0.9876381473884223,0.08764023694570935,0.7372662993400267,0.7386326731997309,-0.05646292852882042,,,,0.9698339654684588,0.19217121067710144,0.9917710702176278,0.9966499960745085,0.9828374218891651,0.7372662993400267,0.9350903378733217,0.0619888500509058,0.7372662993400267,0.737536479466816,,-0.05686903143031389,0.9680114644045156,0.7386326731997309,-0.9763540127556751,0.9650904994544248,-0.10525002115164911,0.9996506894539373,1.0,,,,,,-0.10525002115164911,-0.10525002115164911,-0.26964373794918917,-0.26478105701052923,,,,,-0.006445572645320104,-0.07544121798464454,,,,,,-0.2434591598820712,,-0.056326044508805594,0.0774801698220674,-0.056462928528820414,,,,,,,,,0.07748016982206737,,,,,0.9678973050039149,,,-0.07760745065119928,,,,,,,-0.08219968826639486,-0.08219968826639486,,,-0.10741826143242213,,,,,,,,,,,,-0.13247042522995037,-0.10741826143242202,,,,,,,,,,,,,,,,
rdkit_fr_ArN,,,,,,,,,,,,,,,,,,,,,,,,,,,,,,,,,,,,,,,,,,,,,,,,,,,,,,,,,,,,,,,,,,,,,,,,,,,,,,,,,,,,,,,,,,,,,,,,,,,,,,,,,,,,,,,,,,,,,,,,,,,,,,,,,,,,,,,,,,,,,,,,,,,,,,,,,,,,,,,,,,,,,,,,,,,,,,,,,,,,,,,,,,,,,,,,,,,,,,,,,,,,,,,,,,,,,,,,,,,,,,,
rdkit_fr_Ar_COO,,,,,,,,,,,,,,,,,,,,,,,,,,,,,,,,,,,,,,,,,,,,,,,,,,,,,,,,,,,,,,,,,,,,,,,,,,,,,,,,,,,,,,,,,,,,,,,,,,,,,,,,,,,,,,,,,,,,,,,,,,,,,,,,,,,,,,,,,,,,,,,,,,,,,,,,,,,,,,,,,,,,,,,,,,,,,,,,,,,,,,,,,,,,,,,,,,,,,,,,,,,,,,,,,,,,,,,,,,,,,,,
rdkit_fr_Ar_N,,,,,,,,,,,,,,,,,,,,,,,,,,,,,,,,,,,,,,,,,,,,,,,,,,,,,,,,,,,,,,,,,,,,,,,,,,,,,,,,,,,,,,,,,,,,,,,,,,,,,,,,,,,,,,,,,,,,,,,,,,,,,,,,,,,,,,,,,,,,,,,,,,,,,,,,,,,,,,,,,,,,,,,,,,,,,,,,,,,,,,,,,,,,,,,,,,,,,,,,,,,,,,,,,,,,,,,,,,,,,,,
rdkit_fr_Ar_NH,,,,,,,,,,,,,,,,,,,,,,,,,,,,,,,,,,,,,,,,,,,,,,,,,,,,,,,,,,,,,,,,,,,,,,,,,,,,,,,,,,,,,,,,,,,,,,,,,,,,,,,,,,,,,,,,,,,,,,,,,,,,,,,,,,,,,,,,,,,,,,,,,,,,,,,,,,,,,,,,,,,,,,,,,,,,,,,,,,,,,,,,,,,,,,,,,,,,,,,,,,,,,,,,,,,,,,,,,,,,,,,
rdkit_fr_Ar_OH,,,,,,,,,,,,,,,,,,,,,,,,,,,,,,,,,,,,,,,,,,,,,,,,,,,,,,,,,,,,,,,,,,,,,,,,,,,,,,,,,,,,,,,,,,,,,,,,,,,,,,,,,,,,,,,,,,,,,,,,,,,,,,,,,,,,,,,,,,,,,,,,,,,,,,,,,,,,,,,,,,,,,,,,,,,,,,,,,,,,,,,,,,,,,,,,,,,,,,,,,,,,,,,,,,,,,,,,,,,,,,,
rdkit_fr_COO,-0.16132164250517728,-0.07082084598083689,-0.07875003411986205,0.09065338981702556,0.056213120688105196,1.7186318326996422e-17,0.06812549187939987,0.06812549187939987,-0.010806188702231975,-0.07579858703264557,0.01745051808593392,-0.20620525830835107,-0.07081993631491834,-0.06936371011024775,-0.07079908423244079,-0.07100979842834158,,0.5321233454005582,-0.9857446893095505,0.8238075079182837,0.6125075559655143,0.1180961702130664,0.10056070218235258,0.07637253369282423,-0.06298981646285921,-0.014911574297788796,-0.05462634240357284,0.09434259871359148,-0.10486966789402978,0.026766911411560197,0.21756086164213534,0.10702557858727905,-0.04152785616004812,0.06227518151983178,-0.05938116837232389,-0.06619319177214923,-0.07426790141024989,-0.0770076492575166,-0.07388765641803338,-0.08316936403700542,-0.08677026941079799,-0.0841109800846877,-0.08825506347657822,-0.08997685076149986,-0.0941541415893597,-0.09176220043308618,-0.09613168254598893,-0.23916734689852512,-0.02837536480466252,-0.05738689535594241,-0.05762886231427393,-0.0157649650360435,-0.07318495206673747,-0.07671638925115123,-0.11652722845881405,0.018156649141031846,-0.0038484238167161198,,0.05236759401845912,0.17806700099305484,0.8188659029676433,,-0.03540694067183243,-0.0305919483012134,-0.04013937145166549,0.2210195122528576,-0.12355586683425755,-0.05592368023826929,0.17441291122592215,,0.17444940691627664,-0.030888369538414943,-0.09041409418960654,-0.12514442572019385,-0.03928749955226065,,,0.14584681508246827,,,-0.05031622913965748,-0.08034360261448419,-0.04171814665895375,-0.027592113093901964,0.01563698135943446,-0.03928749955226065,,,,-0.038285322196619995,-0.08061543564488248,-0.04824996921333272,,-0.00023622896549292113,-0.03346534677470592,0.07345998579260384,-0.08430769624377824,-0.02759211309390202,0.48976000741676,-0.05876158471896132,-0.0818854596821884,-0.11790923933997845,-0.027838382711057777,0.441776760311888,-0.07230824236652056,-0.017925771748281905,-0.030696672847088005,-0.152000901645144,0.06524749592596744,0.07372904615580927,0.037600513629323505,-0.4482113486947391,-0.06926205084917533,-0.05042060270357009,-0.052693780340556336,-0.03928749955226062,-0.0987440406014284,-0.10285210812362666,0.2077464788732394,,,,-0.09591541739396743,-0.02759211309390197,-0.08325031904708641,-0.06523417063356278,-0.05571869782598972,-0.0987440406014284,-0.015968175113099246,-0.03504392826605461,-0.0987440406014284,-0.10164637395820711,,-0.05307448924342754,-0.041457843112462034,-0.10285210812362666,0.06034031011864276,-0.0743166392329344,1.0,-0.10613481199021918,-0.10525002115164911,,,,,,1.0,1.0,0.4903778614408893,0.17576206204757233,,,,,0.17444940691627672,-0.027592113093901985,,,,,,0.048450158311150945,,-0.02759211309390197,-0.027592113093901964,0.20774647887323944,,,,,,,,,-0.027592113093901968,,,,,-0.11552999300203082,,,-0.035043928266054646,,,,,,,0.1102114942765717,0.1102114942765717,,,-0.03928749955226061,,,,,,,,,,,,-0.04845015831115091,-0.03928749955226063,,,,,,,,,,,,,,,,
rdkit_fr_COO2,-0.16132164250517728,-0.07082084598083689,-0.07875003411986205,0.09065338981702556,0.056213120688105196,1.7186318326996422e-17,0.06812549187939987,0.06812549187939987,-0.010806188702231975,-0.07579858703264557,0.01745051808593392,-0.20620525830835107,-0.07081993631491834,-0.06936371011024775,-0.07079908423244079,-0.07100979842834158,,0.5321233454005582,-0.9857446893095505,0.8238075079182837,0.6125075559655143,0.1180961702130664,0.10056070218235258,0.07637253369282423,-0.06298981646285921,-0.014911574297788796,-0.05462634240357284,0.09434259871359148,-0.10486966789402978,0.026766911411560197,0.21756086164213534,0.10702557858727905,-0.04152785616004812,0.06227518151983178,-0.05938116837232389,-0.06619319177214923,-0.07426790141024989,-0.0770076492575166,-0.07388765641803338,-0.08316936403700542,-0.08677026941079799,-0.0841109800846877,-0.08825506347657822,-0.08997685076149986,-0.0941541415893597,-0.09176220043308618,-0.09613168254598893,-0.23916734689852512,-0.02837536480466252,-0.05738689535594241,-0.05762886231427393,-0.0157649650360435,-0.07318495206673747,-0.07671638925115123,-0.11652722845881405,0.018156649141031846,-0.0038484238167161198,,0.05236759401845912,0.17806700099305484,0.8188659029676433,,-0.03540694067183243,-0.0305919483012134,-0.04013937145166549,0.2210195122528576,-0.12355586683425755,-0.05592368023826929,0.17441291122592215,,0.17444940691627664,-0.030888369538414943,-0.09041409418960654,-0.12514442572019385,-0.03928749955226065,,,0.14584681508246827,,,-0.05031622913965748,-0.08034360261448419,-0.04171814665895375,-0.027592113093901964,0.01563698135943446,-0.03928749955226065,,,,-0.038285322196619995,-0.08061543564488248,-0.04824996921333272,,-0.00023622896549292113,-0.03346534677470592,0.07345998579260384,-0.08430769624377824,-0.02759211309390202,0.48976000741676,-0.05876158471896132,-0.0818854596821884,-0.11790923933997845,-0.027838382711057777,0.441776760311888,-0.07230824236652056,-0.017925771748281905,-0.030696672847088005,-0.152000901645144,0.06524749592596744,0.07372904615580927,0.037600513629323505,-0.4482113486947391,-0.06926205084917533,-0.05042060270357009,-0.052693780340556336,-0.03928749955226062,-0.0987440406014284,-0.10285210812362666,0.2077464788732394,,,,-0.09591541739396743,-0.02759211309390197,-0.08325031904708641,-0.06523417063356278,-0.05571869782598972,-0.0987440406014284,-0.015968175113099246,-0.03504392826605461,-0.0987440406014284,-0.10164637395820711,,-0.05307448924342754,-0.041457843112462034,-0.10285210812362666,0.06034031011864276,-0.0743166392329344,1.0,-0.10613481199021918,-0.10525002115164911,,,,,,1.0,1.0,0.4903778614408893,0.17576206204757233,,,,,0.17444940691627672,-0.027592113093901985,,,,,,0.048450158311150945,,-0.02759211309390197,-0.027592113093901964,0.20774647887323944,,,,,,,,,-0.027592113093901968,,,,,-0.11552999300203082,,,-0.035043928266054646,,,,,,,0.1102114942765717,0.1102114942765717,,,-0.03928749955226061,,,,,,,,,,,,-0.04845015831115091,-0.03928749955226063,,,,,,,,,,,,,,,,
rdkit_fr_C_O,-0.12767449580900997,-0.22996253044355908,-0.024119873004949062,-0.07879585101589405,-0.07429577590389086,3.179268021427828e-16,0.2612318834532298,0.2612318834532298,-0.44326867621654303,0.06893823101874128,0.13127584501298487,-0.6047972734402639,-0.22996270174292757,-0.22884236563315843,-0.2299222956829801,-0.2280387721789153,,0.2535083963005191,-0.45777468120528153,0.3773905223313043,0.29366371974767946,0.5570650159415338,0.5046386514476496,0.43027866220908534,-0.06296780766001324,0.15071015162318754,-0.38182140416028126,0.36970941682773123,-0.4061338396012283,0.27131128996054255,0.6139315844996641,0.4083890258809793,-0.12604728633384443,0.4289976106276724,-0.2058942796780817,-0.2151784169891232,-0.22701156524028965,-0.23458268577069527,-0.2263409974653001,-0.24007417386097463,-0.24948438107037507,-0.2508447278709294,-0.26255112223039645,-0.2678329707535634,-0.281879424010834,-0.2746891512242164,-0.2894943914978917,-0.34251759775300933,-0.11042955070363895,-0.20417959430373395,-0.1681904487735237,-0.07200575897621762,-0.23087943764055507,-0.2318111534453646,-0.23925496241843502,0.022514120378747515,-0.1357869042170294,,-0.06746735666318629,0.5408658365756912,0.39656568027669115,,-0.07790537346584114,-0.09809069305975747,-0.08556621766267733,0.35897220328535295,-0.276857883549714,-0.22796801189218366,0.32797377751956425,,0.5521613657836093,-0.09714826408999991,-0.2527632565641614,-0.28905379413866134,-0.027949187565191762,,,0.5310421838312598,,,-0.10331372943508599,-0.2463270744568103,-0.16790760639226507,-0.10622791723644254,0.01086937375087133,-0.027949187565191762,,,,-0.2005440660054351,-0.25028333176518835,-0.1782195819309979,,0.11692929866064604,-0.08753448380576452,0.17840268083317284,-0.0051090105424752424,-0.10622791723644265,0.4133651562026788,-0.08103487352735061,-0.30458818777599356,-0.31813742847953985,-0.10717603992715675,0.9317413777350917,-0.24958951373818097,0.09571955213416272,0.15033112209390873,-0.5100433352446893,0.21530514233048703,0.196328964046294,0.04101824698871336,-0.8839043879658438,-0.22452291966072924,-0.2369747124343013,-0.2139435398850185,-0.11015268040399102,-0.29989349504148155,-0.31106403610433037,0.5787873316525884,,,,-0.26123374929064813,-0.10622791723644251,-0.23533442407532879,-0.23470253047487658,-0.22157917961329648,-0.29989349504148155,-0.04605595814021769,-0.1349169416208652,-0.29989349504148155,-0.3117611964520213,,-0.20433347861144124,-0.13892417693705333,-0.31106403610433037,0.2025480744963446,-0.2229316445833688,0.4903778614408893,-0.27324908909533807,-0.26964373794918917,,,,,,0.4903778614408893,0.4903778614408893,1.0,0.9441326755472582,,,,,0.55216136578361,0.06696977390993124,,,,,,0.6731303337381023,,-0.10622791723644259,-0.10622791723644259,0.5787873316525884,,,,,,,,,-0.10622791723644262,,,,,-0.31468272429237,,,-0.07992362302540389,,,,,,,0.32777638623791083,0.32777638623791083,,,-0.15125442682339074,,,,,,,,,,,,-0.0851550422198804,-0.027949187565191786,,,,,,,,,,,,,,,,
rdkit_fr_C_O_noCOO,-0.08321291373992698,-0.2329778561397681,0.0025345802135085306,-0.12328654781883423,-0.10517964072563676,-4.315394253309151e-16,0.26931808354978487,0.26931808354978487,-0.4966172023875879,0.10653424823793203,0.14168644234354047,-0.6051841998827401,-0.23297839362911182,-0.2322635728557086,-0.2329406374137109,-0.23073338058297507,,0.08409343061314954,-0.14239846981617232,0.11315052270181815,0.09889811033118437,0.584586076787605,0.5319978758233116,0.45714983012110516,-0.0471974663960561,0.17597064269438284,-0.41067694629535784,0.38188652488653657,-0.419042025407175,0.29639743938593227,0.6109932913421148,0.4207704526307154,-0.12667545255033394,0.4610337714475773,-0.2101170170219381,-0.2180281139563689,-0.22834100993094977,-0.23585708242374923,-0.22772734720458976,-0.23973002860054654,-0.24899782998587572,-0.25154006167209464,-0.2631961650217226,-0.2685112879670715,-0.28279809734465144,-0.2755806948177793,-0.290651930253354,-0.2964558125398971,-0.11397627001869018,-0.20893430127672513,-0.16819049125422622,-0.07537404886522425,-0.2331195703537703,-0.23283658015992004,-0.22619023626170795,0.01856528327922879,-0.1519257021659199,,-0.09601224958967844,0.5436096933718485,0.1382912236444297,,-0.07461037841214546,-0.0992319500694518,-0.08147425769598957,0.32190515383442286,-0.2660075071634524,-0.23635833888276597,0.30451472608854624,,0.5577368103236394,-0.09805531617421451,-0.2513236243183314,-0.27918293774385555,-0.016713848431155254,,,0.5446973923173392,,,-0.09767291223422725,-0.2478617012805502,-0.1738877131278371,-0.10955792757891428,0.006364534981300215,-0.016713848431155254,,,,-0.212051062953803,-0.2522277813909453,-0.18306578599351947,,0.1321693212918063,-0.08622136887875079,0.1737393220208357,0.026110362785810352,-0.10955792757891432,0.2817203852029224,-0.06931370280336266,-0.3130887273625048,-0.31477099897634614,-0.11053577181974579,0.8854084255904333,-0.25458546890976935,0.11490078291213641,0.18141782657271172,-0.5186504967711629,0.218528878642524,0.19388659218043547,0.03211422574668696,-0.8289398605637766,-0.22742289320452774,-0.24861306496754612,-0.22173809852593046,-0.10956856193757313,-0.3014105844972179,-0.3124750228666299,0.5752212939738728,,,,-0.2588112991010808,-0.1095579275789143,-0.2343455293355312,-0.24044465231531872,-0.2292192118083746,-0.3014105844972179,-0.0459850514621696,-0.1391462894482555,-0.3014105844972179,-0.3137184693375462,,-0.21073888139811905,-0.1412472955082209,-0.3124750228666299,0.20597453539291,-0.22371401785283695,0.17576206204757233,-0.2685189706598804,-0.26478105701052923,,,,,,0.17576206204757233,0.17576206204757233,0.9441326755472582,1.0,,,,,0.5577368103236393,0.08608122881200408,,,,,,0.7420271084045728,,-0.10955792757891432,-0.1095579275789144,0.5752212939738728,,,,,,,,,-0.10955792757891426,,,,,-0.3117683872516979,,,-0.07702741023028416,,,,,,,0.32856982865021106,0.32856982865021106,,,-0.1559959186907822,,,,,,,,,,,,-0.07786704223998597,-0.016713848431155216,,,,,,,,,,,,,,,,
rdkit_fr_C_S,,,,,,,,,,,,,,,,,,,,,,,,,,,,,,,,,,,,,,,,,,,,,,,,,,,,,,,,,,,,,,,,,,,,,,,,,,,,,,,,,,,,,,,,,,,,,,,,,,,,,,,,,,,,,,,,,,,,,,,,,,,,,,,,,,,,,,,,,,,,,,,,,,,,,,,,,,,,,,,,,,,,,,,,,,,,,,,,,,,,,,,,,,,,,,,,,,,,,,,,,,,,,,,,,,,,,,,,,,,,,,,
rdkit_fr_HOCCN,,,,,,,,,,,,,,,,,,,,,,,,,,,,,,,,,,,,,,,,,,,,,,,,,,,,,,,,,,,,,,,,,,,,,,,,,,,,,,,,,,,,,,,,,,,,,,,,,,,,,,,,,,,,,,,,,,,,,,,,,,,,,,,,,,,,,,,,,,,,,,,,,,,,,,,,,,,,,,,,,,,,,,,,,,,,,,,,,,,,,,,,,,,,,,,,,,,,,,,,,,,,,,,,,,,,,,,,,,,,,,,
rdkit_fr_Imine,,,,,,,,,,,,,,,,,,,,,,,,,,,,,,,,,,,,,,,,,,,,,,,,,,,,,,,,,,,,,,,,,,,,,,,,,,,,,,,,,,,,,,,,,,,,,,,,,,,,,,,,,,,,,,,,,,,,,,,,,,,,,,,,,,,,,,,,,,,,,,,,,,,,,,,,,,,,,,,,,,,,,,,,,,,,,,,,,,,,,,,,,,,,,,,,,,,,,,,,,,,,,,,,,,,,,,,,,,,,,,,
rdkit_fr_NH0,,,,,,,,,,,,,,,,,,,,,,,,,,,,,,,,,,,,,,,,,,,,,,,,,,,,,,,,,,,,,,,,,,,,,,,,,,,,,,,,,,,,,,,,,,,,,,,,,,,,,,,,,,,,,,,,,,,,,,,,,,,,,,,,,,,,,,,,,,,,,,,,,,,,,,,,,,,,,,,,,,,,,,,,,,,,,,,,,,,,,,,,,,,,,,,,,,,,,,,,,,,,,,,,,,,,,,,,,,,,,,,
rdkit_fr_NH1,-0.15681279093128242,0.04550485825355069,-0.09722407251128949,0.2656043942991423,0.09571332535505253,-5.882901759863625e-17,0.2626158227925003,0.2626158227925003,-0.11038161676203444,0.028176823509528885,-0.1477638180114001,-0.12564620358285367,0.04550661177887672,0.04537554863659074,0.045522875362526895,0.046203201443916216,,0.19293460774717627,-0.1624686341064766,0.11390746055746714,0.22866169045401583,0.13717306690758446,0.14671487643220107,0.15375387251742054,-0.0681797468822548,-0.14281726649394788,0.003122577470339909,-0.05405588715863826,-0.02536377616023704,-0.15193594088067697,0.22309595108864647,0.05408192544305216,0.12978690656487832,0.1634615369748448,0.049741679370528584,0.05498859939394519,0.05406493539843159,0.05119587742628275,0.04971535140602515,0.04663550748291692,0.04294499388452937,0.03809434046681555,0.03370677980262325,0.02485111479570599,0.020118099634985346,0.027609894100919824,0.022606801944383838,-0.3495752146126617,-0.031957040101268104,0.056248790722060474,0.08239905216009127,0.1435733505617617,0.04904578356459266,0.021799054473446655,0.01360929850318671,0.002051011919541084,0.07102057991434473,,-0.019969174342797883,0.5189213253598827,0.12137640528474536,,-0.039867918715035255,0.018524415130285403,0.012503822919461652,0.6013927211645912,0.07686655162648198,0.01712166007960277,0.1984854782783552,,1.0,-0.03478004545524514,0.0553150041599255,-0.04960483618460525,0.28754307088247566,,,0.8932154585123734,,,-0.056655652686277,0.020828488712782953,0.05480238572690704,-0.031068488300059986,0.12242705830331234,0.28754307088247566,,,,0.04338665812800027,0.02945129777611031,0.10562872898598641,,0.053469543892950853,-0.03768170024488577,0.391758685849014,0.17966813017733677,-0.031068488300060017,0.43495883620084036,0.13288413801641635,-0.19710446991579839,-0.037187008354895267,-0.031345785826828884,0.5325356848995152,0.01154362523359128,-0.019394107455511518,0.021236838965846494,-0.9225069576478339,-0.018288535763355093,0.07376498064236088,0.04233786349719842,-0.3258901783794277,0.049848312740521886,0.03193491175046237,0.042264428525456706,0.06635609328057131,-0.05119307643395475,-0.04096701939161844,0.8881060715737705,,,,0.028261670947211062,-0.03106848830005999,0.020850897045186414,0.03716905368050605,0.03910989331280874,-0.05119307643395475,0.09706702302567105,-0.039459169785828495,-0.05119307643395475,-0.054979715738752696,,-0.05976143046671966,0.08938546432140701,-0.04096701939161844,-0.02495133431877832,0.05972289762127736,0.17444940691627672,-0.007606314930227993,-0.006445572645320104,,,,,,0.17444940691627672,0.17444940691627672,0.55216136578361,0.5577368103236393,,,,,1.0,-0.03106848830006,,,,,,0.21821789023599253,,-0.03106848830005999,-0.03106848830005999,0.8881060715737704,,,,,,,,,-0.031068488300059996,,,,,-0.032845585246235806,,,-0.039459169785828536,,,,,,,0.08080749189443175,0.08080749189443175,,,-0.04423739552038086,,,,,,,,,,,,-0.0545544725589981,-0.04423739552038089,,,,,,,,,,,,,,,,
rdkit_fr_NH2,0.0431895500926061,-0.05355724661075612,-0.057167877972627956,0.15450847395737496,-0.09769054330241211,-4.364904592915219e-17,-0.025501919049570995,-0.025501919049570995,-0.1335995978273438,0.06858772526917499,0.09210552828386795,-0.1324173853461611,-0.05355561669321728,-0.053454525609798645,-0.05371309657673429,-0.05824372163316522,,-0.0940306007919622,0.028119615953941128,-0.03528884240637007,-0.10249130160127837,0.12801590039954272,0.0909436455225875,0.06074330635931546,0.5496153666563223,0.031203565540565355,-0.10821486520281515,0.10504001579451151,-0.11760688052766337,0.061368790016274384,0.10177162109454514,0.1402334960405866,-0.07034291808018667,-0.2579503041061641,-0.057284477450376944,-0.06412630523712,-0.06060743772450175,-0.053932318567836195,-0.06505152585313051,-0.06501340195126595,-0.06683999588290972,-0.0642629885437162,-0.0663409971266495,-0.06410864431948199,-0.06614984074402949,-0.06600221937554432,-0.06812885155408467,0.07899975951258531,-0.01388896089651331,-0.03940083781352956,-0.02868840953363606,-0.003316848150826565,-0.05450026588948272,-0.057297984970524636,-0.056643634742196546,-0.14313310319580824,-0.03424891140591015,,-0.017269099348763403,-0.05128922430425434,-0.034269767696573215,,0.324456124297688,-0.014982712826895417,-0.019658658859871787,-0.03845362685417828,-0.021755940266332582,-0.07492545725242217,0.17198345396782688,,-0.03106848830006002,0.11226540864681937,-0.0708105379016638,-0.05334780025846853,-0.019241446072101133,,,0.4216609878424973,,,0.29979884890632863,-0.06854822171460657,-0.06505987373851736,-0.013513513513513513,-0.023562881436403827,-0.019241446072101133,,,,-0.05761937635361036,-0.06758418221779,-0.07927320943343698,,0.20305100466898798,-0.01638998848458441,-0.025122754486941463,-0.04129053793764281,-0.013513513513513516,-0.013513513513513514,-0.028779074167779094,-0.004305186777611529,-0.06989174220974904,-0.013634126523038269,0.04957017811667886,-0.07281073091969506,0.9534802942493347,0.03367903443501028,-0.30531477716752536,0.07853670794973482,0.029592332642000577,0.01841522783397146,-0.10741459434603892,-0.060149964912019106,-0.04398617815566577,-0.06410582009233767,-0.01924144607210113,-0.05705888242733737,-0.05893966033226237,-0.027592113093901978,,,,-0.06673160188043151,-0.01351351351351352,-0.06129583637425839,-0.060818745628247496,-0.05386877998438135,-0.05705888242733737,-0.0365324695055816,-0.017163114567495332,-0.05705888242733737,-0.05840513409408408,,-0.025993762245501827,0.011661502341203684,-0.05893966033226237,0.06360503829348295,-0.049866693713352214,-0.027592113093901985,-0.0758394845514655,-0.07544121798464454,,,,,,-0.027592113093901985,-0.027592113093901985,0.06696977390993124,0.08608122881200408,,,,,-0.03106848830006,1.0,,,,,,0.14237369936287483,,-0.0135135135135135,-0.01351351351351351,-0.027592113093901978,,,,,,,,,-0.013513513513513516,,,,,-0.07068046779503112,,,0.3046452835730418,,,,,,,-0.04016906586366957,-0.04016906586366957,,,-0.019241446072101116,,,,,,,,,,,,-0.023728949893812468,-0.01924144607210113,,,,,,,,,,,,,,,,
rdkit_fr_N_O,,,,,,,,,,,,,,,,,,,,,,,,,,,,,,,,,,,,,,,,,,,,,,,,,,,,,,,,,,,,,,,,,,,,,,,,,,,,,,,,,,,,,,,,,,,,,,,,,,,,,,,,,,,,,,,,,,,,,,,,,,,,,,,,,,,,,,,,,,,,,,,,,,,,,,,,,,,,,,,,,,,,,,,,,,,,,,,,,,,,,,,,,,,,,,,,,,,,,,,,,,,,,,,,,,,,,,,,,,,,,,,
rdkit_fr_Ndealkylation1,,,,,,,,,,,,,,,,,,,,,,,,,,,,,,,,,,,,,,,,,,,,,,,,,,,,,,,,,,,,,,,,,,,,,,,,,,,,,,,,,,,,,,,,,,,,,,,,,,,,,,,,,,,,,,,,,,,,,,,,,,,,,,,,,,,,,,,,,,,,,,,,,,,,,,,,,,,,,,,,,,,,,,,,,,,,,,,,,,,,,,,,,,,,,,,,,,,,,,,,,,,,,,,,,,,,,,,,,,,,,,,
rdkit_fr_Ndealkylation2,,,,,,,,,,,,,,,,,,,,,,,,,,,,,,,,,,,,,,,,,,,,,,,,,,,,,,,,,,,,,,,,,,,,,,,,,,,,,,,,,,,,,,,,,,,,,,,,,,,,,,,,,,,,,,,,,,,,,,,,,,,,,,,,,,,,,,,,,,,,,,,,,,,,,,,,,,,,,,,,,,,,,,,,,,,,,,,,,,,,,,,,,,,,,,,,,,,,,,,,,,,,,,,,,,,,,,,,,,,,,,,
rdkit_fr_Nhpyrrole,,,,,,,,,,,,,,,,,,,,,,,,,,,,,,,,,,,,,,,,,,,,,,,,,,,,,,,,,,,,,,,,,,,,,,,,,,,,,,,,,,,,,,,,,,,,,,,,,,,,,,,,,,,,,,,,,,,,,,,,,,,,,,,,,,,,,,,,,,,,,,,,,,,,,,,,,,,,,,,,,,,,,,,,,,,,,,,,,,,,,,,,,,,,,,,,,,,,,,,,,,,,,,,,,,,,,,,,,,,,,,,
rdkit_fr_SH,,,,,,,,,,,,,,,,,,,,,,,,,,,,,,,,,,,,,,,,,,,,,,,,,,,,,,,,,,,,,,,,,,,,,,,,,,,,,,,,,,,,,,,,,,,,,,,,,,,,,,,,,,,,,,,,,,,,,,,,,,,,,,,,,,,,,,,,,,,,,,,,,,,,,,,,,,,,,,,,,,,,,,,,,,,,,,,,,,,,,,,,,,,,,,,,,,,,,,,,,,,,,,,,,,,,,,,,,,,,,,,
rdkit_fr_aldehyde,-0.0983069663206899,-0.2233205421596643,-0.1842339616040376,-0.21322980650286344,-0.19064777965192423,-1.0540299370446072e-16,0.00889881726891428,0.00889881726891428,-0.7740038667087573,0.0958941939355349,0.18516800871147085,-0.5226920068308489,-0.22332037762354132,-0.22273608269487785,-0.22329819258494735,-0.22187240655123824,,-0.05932165259460975,-0.019578019811208543,0.03717874212723908,-0.07503791126266324,0.5036111045964364,0.4373668930852927,0.354834009306214,0.02684874340202557,0.24417283809266888,-0.43223266366967333,0.418800697265976,-0.4080380715239996,0.3858488932239471,0.4236060176627182,0.41263260530078205,-0.1791067948577197,0.3113699268227145,-0.2025079155182841,-0.2138373387589833,-0.22196909680308705,-0.22738945628041946,-0.22034030357294537,-0.22934633596417825,-0.23577000339737667,-0.2362216887707834,-0.24475544083784845,-0.24763049038987553,-0.2592003126691633,-0.25432469562798227,-0.26656275575910865,-0.15410981571723012,-0.0984379112840739,-0.2041407199155965,-0.17427206846792156,-0.10877018375613494,-0.22433476391947726,-0.20055141396278478,-0.20975693180581373,0.07690329701978516,-0.19461086662630514,,-0.08803076238725184,-0.10449653269369549,0.060175734440298875,,-0.04177505601010852,-0.07826375984151773,-0.043588460523054186,0.009858344816231535,-0.2576919794362951,-0.2225270355207217,0.22687272055145696,,0.21821789023599245,-0.07642875698404214,-0.22054174438921043,-0.29287827047026854,0.03378686891997429,,,0.26201166134200893,,,-0.049232508054472573,-0.2326668204158378,-0.17381200061731994,-0.09491579957524993,-0.03006900975744508,0.03378686891997429,,,,-0.2078712559868819,-0.2555723047498988,-0.19847566957230423,,0.2789932350431202,-0.058529556219416135,-0.004794055507239193,0.14767517727923202,-0.09491579957524994,-0.09491579957524997,-0.07922828860629967,-0.23406899771894474,-0.2687476407712331,-0.0957629575128782,0.6172499273270948,-0.23729602388608348,0.16402801894805863,0.20978811555216537,-0.2518653910548147,0.18347742651056495,0.19720085819799282,-0.012786581925393975,-0.716692275142265,-0.2198367004595157,-0.2366800457219497,-0.21575173128913078,-0.07883602747994008,-0.26229152637789943,-0.2695674403100938,0.16957555408902822,,,,-0.21893567840687053,-0.0949157995752499,-0.2191079011086315,-0.23341518792701682,-0.2207110943349065,-0.26229152637789943,-0.07605678941177335,-0.12054975493578249,-0.26229152637789943,-0.27294443481498853,,-0.18257418583505536,-0.15004775007161955,-0.2695674403100938,0.20001534664906706,-0.21725441406158283,0.048450158311150945,-0.24667686779420805,-0.2434591598820712,,,,,,0.048450158311150945,0.048450158311150945,0.6731303337381023,0.7420271084045728,,,,,0.21821789023599253,0.14237369936287483,,,,,,1.0,,-0.09491579957524986,-0.09491579957524997,0.16957555408902825,,,,,,,,,-0.09491579957524988,,,,,-0.2719875474650529,,,-0.04520615810091841,,,,,,,-0.2821382463434395,-0.2821382463434395,,,-0.13514747567989724,,,,,,,,,,,,-0.027777777777777762,0.033786868919974275,,,,,,,,,,,,,,,,
rdkit_fr_alkyl_carbamate,,,,,,,,,,,,,,,,,,,,,,,,,,,,,,,,,,,,,,,,,,,,,,,,,,,,,,,,,,,,,,,,,,,,,,,,,,,,,,,,,,,,,,,,,,,,,,,,,,,,,,,,,,,,,,,,,,,,,,,,,,,,,,,,,,,,,,,,,,,,,,,,,,,,,,,,,,,,,,,,,,,,,,,,,,,,,,,,,,,,,,,,,,,,,,,,,,,,,,,,,,,,,,,,,,,,,,,,,,,,,,,
rdkit_fr_alkyl_halide,0.16322200995657798,0.011450971379997689,0.005596172606271001,0.12160201652870717,0.06275937258720275,-6.8619987723332e-17,-0.00854841888634448,-0.00854841888634448,-0.09288816025382231,0.017905696929909554,0.13931620170425937,0.1359774654128803,0.011452926964250983,0.014058253080404405,0.010958259329914469,-0.007701649141575562,,0.03516545534292542,0.027903505281457512,-0.03510324618603969,0.044128590143974335,0.03964796017005972,0.07944251199318403,0.09278473996153329,0.5509886857579215,0.007672110863772594,0.14058302609189557,-0.09003167425967447,0.13472270132305106,-0.07473860475291204,0.1807938985422538,-0.1128183960294324,0.1151251799567872,-0.053740305796687156,-0.00802389894861161,-0.009196361876465787,-0.01078452100072522,0.010286035859363033,-0.006724353908058724,-0.008181075534395517,0.014578422729262606,-0.006072620105050447,0.012849646424811127,-0.0027742119582650723,0.025279729633890795,0.0007199075846103487,0.027060261064060644,0.24927024882217716,-0.013888960896511425,-0.009316970888465148,-0.018048286277037598,-0.03693598678355037,0.0065980655057199114,-0.03672164014634221,-0.02847652540831701,-0.040239884231334476,0.02983590729364555,,-0.017269099348763417,-0.05128922430425433,-0.03426976769657321,,0.9414298331033356,-0.014982712826895417,-0.01965865885987178,-0.03845362685417831,0.0705795172049923,-0.040445407950853454,0.38142397922532273,,-0.03106848830006001,-0.01512788809422575,-0.008152380179949143,0.0032047255754158207,-0.01924144607210113,,,-0.03426406912171312,,,0.8854447102764498,-0.0236382585836577,-0.006394323614147399,-0.01351351351351351,-0.023562881436403827,-0.01924144607210113,,,,-0.05401357409260596,-0.01228821109912619,-0.013563674676223363,,0.01948132958268625,-0.016389988484584415,-0.025122754486941463,-0.04129053793764281,-0.013513513513513514,-0.013513513513513507,-0.028779074167779084,0.17194670479392646,0.008618930101469252,0.99996088983863,-0.10598560402909239,-0.05066546812009099,-0.008779326104389688,-0.017508771589122667,0.03350112377675248,0.04056304161660319,0.033500617884284135,0.018415227833971468,0.10247738697561205,-0.007693600163165241,-0.06327836155727365,-0.04053750388191941,-0.01924144607210111,0.012525120532830154,0.009594828426182249,-0.02759211309390197,,,,-0.0008780473931635724,-0.013513513513513518,-0.03784079694533301,-0.06081874562824749,-0.006615464208608226,0.012525120532830154,-0.03653246950558155,-0.017163114567495346,0.012525120532830154,0.010577307749322319,,-0.025993762245501813,-0.021931584431555854,0.009594828426182249,0.09901503425079655,0.008022490825985568,-0.02759211309390197,-0.056752365956298026,-0.056326044508805594,,,,,,-0.02759211309390197,-0.02759211309390197,-0.10622791723644259,-0.10955792757891432,,,,,-0.03106848830005999,-0.0135135135135135,,,,,,-0.09491579957524986,,1.0,-0.01351351351351352,-0.02759211309390197,,,,,,,,,-0.013513513513513518,,,,,0.01391051759795825,,,0.9482620798541168,,,,,,,-0.04016906586366957,-0.04016906586366957,,,-0.019241446072101126,,,,,,,,,,,,-0.023728949893812478,-0.019241446072101123,,,,,,,,,,,,,,,,
rdkit_fr_allylic_oxid,0.135644518337788,0.21344793532577297,-0.043641142934072154,0.05072656975926927,0.011567347562669613,4.076315859499337e-17,0.3113735429007919,0.3113735429007919,-0.11421205598754562,0.04439884460229445,-0.18674476472836657,0.1346190407249556,0.21345225496398754,0.2055862095610491,0.21342619653050926,0.2197376770705779,,-0.011645096431084676,0.028195712647865263,-0.03535419437908661,-0.008994997672632036,-0.08608950702213998,-0.04757062806598652,0.00941324854879741,-0.02311243539261276,-0.781496826827953,0.24645140100097362,-0.3283115369856487,0.3935621772437513,-0.12310790104685683,-0.016569610667199548,-0.09557414094587789,0.3173921340109963,-0.16279115026746355,0.2437567515157244,0.22198878564174582,0.26979347432498174,0.2689316746324252,0.21889489623492447,0.27701646822383,0.27607753927901585,0.33361071808942555,0.33236751649234053,0.3614857136149686,0.35934527144136313,0.40528885756478167,0.4028631384067727,-0.08911540714751813,-0.013886631770141884,0.21109291175241626,0.1779252602098765,0.16842586218255867,0.23601806183223664,0.09218980839451481,0.05730502718946159,0.1655465536976128,-0.03424891140591012,,-0.017269099348763407,-0.05128922430425435,-0.03426976769657322,,-0.017340903526041427,0.9935203948239315,0.9816320713240432,0.4377733636898322,0.23693448665882946,0.09028676611973942,-0.07104591910948813,,-0.031068488300059996,0.9920704222316589,0.34748275287129354,0.010195676624890035,0.7023127816316913,,,-0.034264069121713106,,,-0.024642876756622033,0.0925331515304416,0.08214299985366795,0.9999999999999992,0.9755171039388336,0.7023127816316913,,,,0.08747870386353605,0.11213812517440544,0.11587828682870487,,0.42953206811265787,0.9711515765524832,0.8814755492566753,0.21473147200352166,1.0,-0.013513513513513506,0.9404900689837331,0.013135198810918569,0.10199155926548858,-0.013634126523038265,-0.10598560402909234,0.10321551172372216,-0.3143079271108182,0.045193336803183354,0.03350112377675247,-0.015016819788676977,0.36871149934479625,0.018415227833971464,0.050004391645199465,0.22311440473179156,0.09105910565558889,0.08908823527538101,0.9428308575329544,0.04731712201291391,0.18093105032229387,-0.027592113093901995,,,,0.20985332696609382,-0.013513513513513516,0.09116191991375673,0.09315276229136651,0.0878911673429379,0.04731712201291391,0.11112870963374519,0.9482620798541166,0.04731712201291391,0.14854219143613523,,-0.025993762245501807,0.1622674106457744,0.18093105032229387,0.11493825536281183,0.2794424803114369,-0.027592113093901964,0.09594458280504202,0.0774801698220674,,,,,,-0.027592113093901964,-0.027592113093901964,-0.10622791723644259,-0.1095579275789144,,,,,-0.03106848830005999,-0.01351351351351351,,,,,,-0.09491579957524997,,-0.01351351351351352,1.0,-0.027592113093901995,,,,,,,,,1.0,,,,,0.09850150299094756,,,-0.017163114567495325,,,,,,,-0.04016906586366959,-0.04016906586366959,,,-0.019241446072101112,,,,,,,,,,,,-0.023728949893812457,-0.019241446072101116,,,,,,,,,,,,,,,,
rdkit_fr_amide,-0.11710427393932517,-0.0005406635388058596,-0.08565481137490086,0.23795222731903365,0.08483738000167845,-6.358937780988675e-17,0.24622018712339672,0.24622018712339672,-0.05583722739198968,0.04099893689042581,-0.051117474788357646,-0.17962025888323443,-0.0005399917737019134,-0.00038308095828127226,-0.0005242314962399501,-6.142716127018848e-05,,0.21999596615030914,-0.19470187548678763,0.14445856749967348,0.25828557794614776,0.15425399122881064,0.141256766308981,0.1282811013682718,-0.06394866805942356,-0.0672327923286618,-0.04426197960927845,0.010909183109169477,-0.07483156248874613,-0.08612661308301169,0.22830642908996648,0.11952833202644184,0.05519611395948128,0.2312479735607403,0.006147595277514748,0.008178786022701782,0.0067559363293395085,0.004143220495177833,0.002633395682213743,-0.001706561428190379,-0.005096047613454658,-0.009267226638464137,-0.013254275053721634,-0.022454801639231838,-0.026647838155957414,-0.019575854412723543,-0.02399114684805016,-0.3106799092225137,-0.028375364693618784,0.009847180979304593,0.03232025810701517,0.10027342396403409,0.0019355620952741643,-0.023620794478071694,-0.02144138394011488,-0.08219473746279138,0.09632475726759045,,-0.013353348790865652,0.6022522690853028,0.15223704625971002,,-0.035406940671832414,-0.030591948301213392,-0.040139371451665504,0.687254470022259,-0.011290839018415114,-0.021409044354369525,0.21489346044697222,,0.8881060715737713,-0.030888369538414933,-0.0021835707061245717,-0.060272370100014946,-0.0392874995522606,,,0.7932700719283893,,,-0.05031622913965741,-0.024324719425367413,0.03378900772642147,-0.027592113093901978,0.1148627727217748,-0.0392874995522606,,,,-0.0005435666409990174,-0.011274464216161134,0.05035668778564393,,0.005687137257980253,-0.0334653467747059,0.44772809720396767,-0.08430769624377826,-0.027592113093902,0.48976000741675996,0.10696666013152724,-0.18822154262917518,-0.06025578949680981,-0.0278383827110578,0.559058971662739,-0.03686915516801227,-0.017925771748281916,0.006384106083305277,-0.7388007346226794,0.027043577750229156,0.07096462132245618,0.03760051362932348,-0.3369503501785076,0.003034677485659738,-0.02087728080694697,0.0014436652148097661,-0.0392874995522606,-0.06322460153616642,-0.06786839787749514,1.0,,,,-0.02868498464118653,-0.027592113093901957,-0.023386714746688683,-0.016112054192626957,-0.0014472389045711547,-0.06322460153616642,0.05940607804313839,-0.03504392826605463,-0.06322460153616642,-0.0664340042267266,,-0.05307448924342748,0.040830979602274185,-0.06786839787749514,0.017461032163657447,0.00927290520957589,0.20774647887323944,-0.05741932301062039,-0.056462928528820414,,,,,,0.20774647887323944,0.20774647887323944,0.5787873316525884,0.5752212939738728,,,,,0.8881060715737704,-0.027592113093901978,,,,,,0.16957555408902825,,-0.02759211309390197,-0.027592113093901995,1.0,,,,,,,,,-0.027592113093901964,,,,,-0.057956906788394165,,,-0.035043928266054646,,,,,,,0.11021149427657166,0.11021149427657166,,,-0.03928749955226063,,,,,,,,,,,,-0.048450158311150925,-0.03928749955226064,,,,,,,,,,,,,,,,
rdkit_fr_amidine,,,,,,,,,,,,,,,,,,,,,,,,,,,,,,,,,,,,,,,,,,,,,,,,,,,,,,,,,,,,,,,,,,,,,,,,,,,,,,,,,,,,,,,,,,,,,,,,,,,,,,,,,,,,,,,,,,,,,,,,,,,,,,,,,,,,,,,,,,,,,,,,,,,,,,,,,,,,,,,,,,,,,,,,,,,,,,,,,,,,,,,,,,,,,,,,,,,,,,,,,,,,,,,,,,,,,,,,,,,,,,,
rdkit_fr_aniline,,,,,,,,,,,,,,,,,,,,,,,,,,,,,,,,,,,,,,,,,,,,,,,,,,,,,,,,,,,,,,,,,,,,,,,,,,,,,,,,,,,,,,,,,,,,,,,,,,,,,,,,,,,,,,,,,,,,,,,,,,,,,,,,,,,,,,,,,,,,,,,,,,,,,,,,,,,,,,,,,,,,,,,,,,,,,,,,,,,,,,,,,,,,,,,,,,,,,,,,,,,,,,,,,,,,,,,,,,,,,,,
rdkit_fr_aryl_methyl,,,,,,,,,,,,,,,,,,,,,,,,,,,,,,,,,,,,,,,,,,,,,,,,,,,,,,,,,,,,,,,,,,,,,,,,,,,,,,,,,,,,,,,,,,,,,,,,,,,,,,,,,,,,,,,,,,,,,,,,,,,,,,,,,,,,,,,,,,,,,,,,,,,,,,,,,,,,,,,,,,,,,,,,,,,,,,,,,,,,,,,,,,,,,,,,,,,,,,,,,,,,,,,,,,,,,,,,,,,,,,,
rdkit_fr_azide,,,,,,,,,,,,,,,,,,,,,,,,,,,,,,,,,,,,,,,,,,,,,,,,,,,,,,,,,,,,,,,,,,,,,,,,,,,,,,,,,,,,,,,,,,,,,,,,,,,,,,,,,,,,,,,,,,,,,,,,,,,,,,,,,,,,,,,,,,,,,,,,,,,,,,,,,,,,,,,,,,,,,,,,,,,,,,,,,,,,,,,,,,,,,,,,,,,,,,,,,,,,,,,,,,,,,,,,,,,,,,,
rdkit_fr_azo,,,,,,,,,,,,,,,,,,,,,,,,,,,,,,,,,,,,,,,,,,,,,,,,,,,,,,,,,,,,,,,,,,,,,,,,,,,,,,,,,,,,,,,,,,,,,,,,,,,,,,,,,,,,,,,,,,,,,,,,,,,,,,,,,,,,,,,,,,,,,,,,,,,,,,,,,,,,,,,,,,,,,,,,,,,,,,,,,,,,,,,,,,,,,,,,,,,,,,,,,,,,,,,,,,,,,,,,,,,,,,,
rdkit_fr_barbitur,,,,,,,,,,,,,,,,,,,,,,,,,,,,,,,,,,,,,,,,,,,,,,,,,,,,,,,,,,,,,,,,,,,,,,,,,,,,,,,,,,,,,,,,,,,,,,,,,,,,,,,,,,,,,,,,,,,,,,,,,,,,,,,,,,,,,,,,,,,,,,,,,,,,,,,,,,,,,,,,,,,,,,,,,,,,,,,,,,,,,,,,,,,,,,,,,,,,,,,,,,,,,,,,,,,,,,,,,,,,,,,
rdkit_fr_benzene,,,,,,,,,,,,,,,,,,,,,,,,,,,,,,,,,,,,,,,,,,,,,,,,,,,,,,,,,,,,,,,,,,,,,,,,,,,,,,,,,,,,,,,,,,,,,,,,,,,,,,,,,,,,,,,,,,,,,,,,,,,,,,,,,,,,,,,,,,,,,,,,,,,,,,,,,,,,,,,,,,,,,,,,,,,,,,,,,,,,,,,,,,,,,,,,,,,,,,,,,,,,,,,,,,,,,,,,,,,,,,,
rdkit_fr_benzodiazepine,,,,,,,,,,,,,,,,,,,,,,,,,,,,,,,,,,,,,,,,,,,,,,,,,,,,,,,,,,,,,,,,,,,,,,,,,,,,,,,,,,,,,,,,,,,,,,,,,,,,,,,,,,,,,,,,,,,,,,,,,,,,,,,,,,,,,,,,,,,,,,,,,,,,,,,,,,,,,,,,,,,,,,,,,,,,,,,,,,,,,,,,,,,,,,,,,,,,,,,,,,,,,,,,,,,,,,,,,,,,,,,
rdkit_fr_bicyclic,0.13564451833778798,0.21344793532577294,-0.043641142934072154,0.05072656975926928,0.011567347562669614,4.38654874792141e-17,0.31137354290079167,0.31137354290079167,-0.11421205598754569,0.04439884460229452,-0.18674476472836657,0.13461904072495573,0.2134522549639875,0.2055862095610493,0.21342619653050915,0.21973767707057823,,-0.011645096431084665,0.028195712647865245,-0.03535419437908661,-0.008994997672632036,-0.08608950702213997,-0.047570628065986574,0.009413248548797421,-0.023112435392612776,-0.7814968268279526,0.24645140100097354,-0.328311536985649,0.39356217724375137,-0.12310790104685689,-0.016569610667199565,-0.09557414094587788,0.3173921340109962,-0.16279115026746357,0.2437567515157241,0.22198878564174565,0.26979347432498146,0.2689316746324252,0.2188948962349246,0.27701646822382986,0.276077539279016,0.3336107180894257,0.332367516492341,0.36148571361496834,0.3593452714413632,0.4052888575647815,0.4028631384067725,-0.08911540714751812,-0.013886631770141888,0.2110929117524163,0.17792526020987634,0.16842586218255884,0.23601806183223673,0.09218980839451468,0.05730502718946162,0.16554655369761295,-0.03424891140591014,,-0.017269099348763396,-0.05128922430425428,-0.03426976769657321,,-0.017340903526041423,0.9935203948239331,0.9816320713240428,0.43777336368983183,0.2369344866588292,0.09028676611973943,-0.07104591910948813,,-0.031068488300060006,0.9920704222316588,0.3474827528712934,0.01019567662489005,0.7023127816316909,,,-0.034264069121713155,,,-0.02464287675662203,0.09253315153044152,0.08214299985366798,0.9999999999999991,0.975517103938833,0.7023127816316909,,,,0.08747870386353607,0.11213812517440536,0.11587828682870477,,0.42953206811265776,0.9711515765524835,0.8814755492566747,0.21473147200352186,1.0,-0.013513513513513509,0.9404900689837333,0.013135198810918574,0.10199155926548849,-0.013634126523038278,-0.1059856040290924,0.10321551172372218,-0.3143079271108182,0.04519333680318336,0.033501123776752496,-0.015016819788676989,0.368711499344796,0.018415227833971457,0.05000439164519943,0.2231144047317915,0.09105910565558888,0.08908823527538104,0.9428308575329544,0.04731712201291392,0.18093105032229395,-0.027592113093901964,,,,0.20985332696609385,-0.01351351351351352,0.09116191991375674,0.09315276229136642,0.0878911673429379,0.04731712201291392,0.11112870963374528,0.9482620798541168,0.04731712201291392,0.14854219143613523,,-0.025993762245501813,0.16226741064577432,0.18093105032229395,0.1149382553628118,0.2794424803114366,-0.027592113093901968,0.09594458280504194,0.07748016982206737,,,,,,-0.027592113093901968,-0.027592113093901968,-0.10622791723644262,-0.10955792757891426,,,,,-0.031068488300059996,-0.013513513513513516,,,,,,-0.09491579957524988,,-0.013513513513513518,1.0,-0.027592113093901964,,,,,,,,,1.0,,,,,0.09850150299094756,,,-0.01716311456749532,,,,,,,-0.04016906586366957,-0.04016906586366957,,,-0.01924144607210111,,,,,,,,,,,,-0.023728949893812468,-0.019241446072101123,,,,,,,,,,,,,,,,
rdkit_fr_diazo,,,,,,,,,,,,,,,,,,,,,,,,,,,,,,,,,,,,,,,,,,,,,,,,,,,,,,,,,,,,,,,,,,,,,,,,,,,,,,,,,,,,,,,,,,,,,,,,,,,,,,,,,,,,,,,,,,,,,,,,,,,,,,,,,,,,,,,,,,,,,,,,,,,,,,,,,,,,,,,,,,,,,,,,,,,,,,,,,,,,,,,,,,,,,,,,,,,,,,,,,,,,,,,,,,,,,,,,,,,,,,,
rdkit_fr_dihydropyridine,,,,,,,,,,,,,,,,,,,,,,,,,,,,,,,,,,,,,,,,,,,,,,,,,,,,,,,,,,,,,,,,,,,,,,,,,,,,,,,,,,,,,,,,,,,,,,,,,,,,,,,,,,,,,,,,,,,,,,,,,,,,,,,,,,,,,,,,,,,,,,,,,,,,,,,,,,,,,,,,,,,,,,,,,,,,,,,,,,,,,,,,,,,,,,,,,,,,,,,,,,,,,,,,,,,,,,,,,,,,,,,
rdkit_fr_epoxide,,,,,,,,,,,,,,,,,,,,,,,,,,,,,,,,,,,,,,,,,,,,,,,,,,,,,,,,,,,,,,,,,,,,,,,,,,,,,,,,,,,,,,,,,,,,,,,,,,,,,,,,,,,,,,,,,,,,,,,,,,,,,,,,,,,,,,,,,,,,,,,,,,,,,,,,,,,,,,,,,,,,,,,,,,,,,,,,,,,,,,,,,,,,,,,,,,,,,,,,,,,,,,,,,,,,,,,,,,,,,,,
rdkit_fr_ester,,,,,,,,,,,,,,,,,,,,,,,,,,,,,,,,,,,,,,,,,,,,,,,,,,,,,,,,,,,,,,,,,,,,,,,,,,,,,,,,,,,,,,,,,,,,,,,,,,,,,,,,,,,,,,,,,,,,,,,,,,,,,,,,,,,,,,,,,,,,,,,,,,,,,,,,,,,,,,,,,,,,,,,,,,,,,,,,,,,,,,,,,,,,,,,,,,,,,,,,,,,,,,,,,,,,,,,,,,,,,,,
rdkit_fr_ether,-0.32440416564265906,0.9777497046387362,-0.006712838449775284,0.24390952680338648,0.21989767535136026,1.1144026185597412e-16,0.5970587776332306,0.5970587776332306,0.3620239518556362,-0.3954090158007916,-0.7591327506287844,0.6093773228599864,0.977749038994626,0.9785923585042029,0.977753579445908,0.9772053655776965,,0.1326355795129792,0.10684004777488967,-0.13851978523117148,0.16824174489516777,-0.7366030747456699,-0.6969221755157006,-0.617353333173341,-0.05225845567301925,-0.32314379428575285,0.7639643632426909,-0.5916715060925777,0.7014025090859322,-0.5693856912721467,-0.21366081486627583,-0.6715012153293392,0.234760911690234,-0.5792183224090511,0.9680394964716937,0.9743013280481635,0.96955983677549,0.9678161057836254,0.9780599769048574,0.9707490025021961,0.9687251126410803,0.9602630043160958,0.9566639325733072,0.9556494183598009,0.9503034288945755,0.9437949805918038,0.9376285271489605,-0.6298649734138353,0.5511886412162064,0.9693124879444702,0.9555118254738185,0.9077069295658055,0.9743502754266727,0.9814601531684103,0.9829319230891446,0.41722795630046305,0.8391273181001251,,-0.05824287112213639,-0.1531002455230395,-0.14348977219295794,,-0.010677091591732192,0.10280067396567484,0.08021881364989504,-0.03601758173676418,0.9225856158621686,0.9832683852368339,-0.19644338076050533,,-0.03284558524623577,0.08900357850850843,0.9484595976579391,0.9457745343972891,0.10010426934935157,,,-0.06159256528664196,,,-0.041549986405926435,0.9836265099781285,0.9825267796243574,0.09850150299094748,0.06335994898787266,0.10010426934935157,,,,0.9733075196398755,0.9874408034780916,0.9638345720077275,,-0.10927397141096092,0.07912111988978592,0.060731216648174643,-0.061572994889224034,0.09850150299094755,-0.07068046779503108,0.05985880449676905,0.8651106287568333,0.9865203332195561,0.01353587218268508,-0.3078117934496352,0.9763406377620292,-0.09672848564457344,-0.837556275110331,0.03570127658782647,-0.9690697834222332,-0.8200945660227071,0.08389908602043293,0.41658158646067495,0.9769548307061303,0.9630841753442717,0.981994992104478,0.08672134563954521,0.8108319352448861,0.8109578242858457,-0.057956906788394165,,,,0.977420635404606,0.2676834737769261,0.9848142659135225,0.9653840477854464,0.9812838698952356,0.8108319352448861,0.8875232577553365,0.07138559436084825,0.8108319352448861,0.8114732697360381,,-0.038328188838238735,0.933601510413721,0.8109578242858457,-0.9467802041382749,0.9657638751438524,-0.11552999300203082,0.968593758673988,0.9678973050039149,,,,,,-0.11552999300203082,-0.11552999300203082,-0.31468272429237,-0.3117683872516979,,,,,-0.032845585246235806,-0.07068046779503112,,,,,,-0.2719875474650529,,0.01391051759795825,0.09850150299094756,-0.057956906788394165,,,,,,,,,0.09850150299094756,,,,,1.0,,,-0.009191790578236308,,,,,,,-0.126282584455367,-0.126282584455367,,,-0.020342044038905664,,,,,,,,,,,,-0.09110262512178961,-0.08056520073303426,,,,,,,,,,,,,,,,
rdkit_fr_furan,,,,,,,,,,,,,,,,,,,,,,,,,,,,,,,,,,,,,,,,,,,,,,,,,,,,,,,,,,,,,,,,,,,,,,,,,,,,,,,,,,,,,,,,,,,,,,,,,,,,,,,,,,,,,,,,,,,,,,,,,,,,,,,,,,,,,,,,,,,,,,,,,,,,,,,,,,,,,,,,,,,,,,,,,,,,,,,,,,,,,,,,,,,,,,,,,,,,,,,,,,,,,,,,,,,,,,,,,,,,,,,
rdkit_fr_guanido,,,,,,,,,,,,,,,,,,,,,,,,,,,,,,,,,,,,,,,,,,,,,,,,,,,,,,,,,,,,,,,,,,,,,,,,,,,,,,,,,,,,,,,,,,,,,,,,,,,,,,,,,,,,,,,,,,,,,,,,,,,,,,,,,,,,,,,,,,,,,,,,,,,,,,,,,,,,,,,,,,,,,,,,,,,,,,,,,,,,,,,,,,,,,,,,,,,,,,,,,,,,,,,,,,,,,,,,,,,,,,,
rdkit_fr_halogen,0.16919103528622176,-0.006097713930177584,-0.012821158312918505,0.1648915112866138,0.028763150998442028,1.588288132571319e-17,-0.016240129475075946,-0.016240129475075946,-0.13090110883832912,0.03883393404824496,0.16195117425155695,0.08748087039472865,-0.006095333605270158,-0.0035815245658543113,-0.006616533312096086,-0.025829635748646423,,0.003640786333239989,0.03551002546157703,-0.04464502643093456,0.009492552072200296,0.07841408174636635,0.1045494017200718,0.10766943931085358,0.699397570111184,0.017216736958333048,0.09955821128220373,-0.05241080741236476,0.09099333227166449,-0.051709694732552096,0.2045414801011421,-0.06294240396985054,0.08732770335529254,-0.13309424841182863,-0.02583201879405151,-0.02912125257932604,-0.029516755656948133,-0.007326468545274378,-0.027060308170301806,-0.02843580750893577,-0.0073361581369199595,-0.02618912278389665,-0.008824468050204787,-0.022998207664527554,0.0030765387615085257,-0.020271117550177863,0.004144218263587968,0.2625269036349747,-0.017641962265973195,-0.021385367481136244,-0.026301022186469025,-0.036236637521130044,-0.01101978852925544,-0.053172423079970575,-0.04511074774082015,-0.083777898948295,0.01754564595835823,,-0.021932973264421105,-0.06514092962807937,-0.04352502023915253,,0.9997822148147503,-0.019029101241711695,-0.024967882254891202,-0.0488388162393143,0.06032282650156127,-0.062316541783259904,0.41793427860701926,,-0.039459169785828516,0.02123613225842058,-0.03024916647391281,-0.013886196036001565,-0.02443799261010184,,,0.10124645610961261,,,0.9386243066471629,-0.044281958963419,-0.026748587471142136,-0.017163114567495315,-0.029926520088864757,-0.02443799261010184,,,,-0.06974595161629273,-0.0331643392618314,-0.038090757833870136,,0.08302926782059926,-0.020816440508942987,-0.031907668799772096,-0.052441893255118395,-0.017163114567495343,-0.017163114567495318,-0.03655145248451476,0.1624213525032964,-0.013981873103722117,0.9481865286024429,-0.08521748512360353,-0.07138022644040948,0.294384021092529,-0.0059843435851541955,-0.06503123002762394,0.06357522979264878,0.04130719634295735,0.0233886372174726,0.06350910159865025,-0.02642723449934068,-0.07424237076115493,-0.05896884259074329,-0.024437992610101843,-0.006186361153028105,-0.009574799398621275,-0.035043928266054646,,,,-0.022024845928660063,-0.017163114567495325,-0.055507867348777364,-0.07724409333110357,-0.02340586612812568,-0.006186361153028105,-0.04639881100727911,-0.021798365122615803,-0.006186361153028105,-0.008469214412245038,,-0.03301391004002388,-0.0171882609784676,-0.009574799398621275,0.11451277425674278,-0.008191707311582147,-0.035043928266054646,-0.07814000101686927,-0.07760745065119928,,,,,,-0.035043928266054646,-0.035043928266054646,-0.07992362302540389,-0.07702741023028416,,,,,-0.039459169785828536,0.3046452835730418,,,,,,-0.04520615810091841,,0.9482620798541168,-0.017163114567495325,-0.035043928266054646,,,,,,,,,-0.01716311456749532,,,,,-0.009191790578236308,,,1.0,,,,,,,-0.05101754468206956,-0.05101754468206956,,,-0.024437992610101822,,,,,,,,,,,,-0.030137438733945608,-0.02443799261010183,,,,,,,,,,,,,,,,
rdkit_fr_hdrzine,,,,,,,,,,,,,,,,,,,,,,,,,,,,,,,,,,,,,,,,,,,,,,,,,,,,,,,,,,,,,,,,,,,,,,,,,,,,,,,,,,,,,,,,,,,,,,,,,,,,,,,,,,,,,,,,,,,,,,,,,,,,,,,,,,,,,,,,,,,,,,,,,,,,,,,,,,,,,,,,,,,,,,,,,,,,,,,,,,,,,,,,,,,,,,,,,,,,,,,,,,,,,,,,,,,,,,,,,,,,,,,
rdkit_fr_hdrzone,,,,,,,,,,,,,,,,,,,,,,,,,,,,,,,,,,,,,,,,,,,,,,,,,,,,,,,,,,,,,,,,,,,,,,,,,,,,,,,,,,,,,,,,,,,,,,,,,,,,,,,,,,,,,,,,,,,,,,,,,,,,,,,,,,,,,,,,,,,,,,,,,,,,,,,,,,,,,,,,,,,,,,,,,,,,,,,,,,,,,,,,,,,,,,,,,,,,,,,,,,,,,,,,,,,,,,,,,,,,,,,
rdkit_fr_imidazole,,,,,,,,,,,,,,,,,,,,,,,,,,,,,,,,,,,,,,,,,,,,,,,,,,,,,,,,,,,,,,,,,,,,,,,,,,,,,,,,,,,,,,,,,,,,,,,,,,,,,,,,,,,,,,,,,,,,,,,,,,,,,,,,,,,,,,,,,,,,,,,,,,,,,,,,,,,,,,,,,,,,,,,,,,,,,,,,,,,,,,,,,,,,,,,,,,,,,,,,,,,,,,,,,,,,,,,,,,,,,,,
rdkit_fr_imide,,,,,,,,,,,,,,,,,,,,,,,,,,,,,,,,,,,,,,,,,,,,,,,,,,,,,,,,,,,,,,,,,,,,,,,,,,,,,,,,,,,,,,,,,,,,,,,,,,,,,,,,,,,,,,,,,,,,,,,,,,,,,,,,,,,,,,,,,,,,,,,,,,,,,,,,,,,,,,,,,,,,,,,,,,,,,,,,,,,,,,,,,,,,,,,,,,,,,,,,,,,,,,,,,,,,,,,,,,,,,,,
rdkit_fr_isocyan,,,,,,,,,,,,,,,,,,,,,,,,,,,,,,,,,,,,,,,,,,,,,,,,,,,,,,,,,,,,,,,,,,,,,,,,,,,,,,,,,,,,,,,,,,,,,,,,,,,,,,,,,,,,,,,,,,,,,,,,,,,,,,,,,,,,,,,,,,,,,,,,,,,,,,,,,,,,,,,,,,,,,,,,,,,,,,,,,,,,,,,,,,,,,,,,,,,,,,,,,,,,,,,,,,,,,,,,,,,,,,,
rdkit_fr_isothiocyan,,,,,,,,,,,,,,,,,,,,,,,,,,,,,,,,,,,,,,,,,,,,,,,,,,,,,,,,,,,,,,,,,,,,,,,,,,,,,,,,,,,,,,,,,,,,,,,,,,,,,,,,,,,,,,,,,,,,,,,,,,,,,,,,,,,,,,,,,,,,,,,,,,,,,,,,,,,,,,,,,,,,,,,,,,,,,,,,,,,,,,,,,,,,,,,,,,,,,,,,,,,,,,,,,,,,,,,,,,,,,,,
rdkit_fr_ketone,0.08108087663002167,-0.09364867358712593,0.35961205435447874,-0.07211960632591098,0.03834959742451174,-1.6888590104539205e-16,0.3250608211041028,0.3250608211041028,0.31307354535508464,0.023037118631496212,0.016073735236362578,-0.20464276252503968,-0.09365045830499778,-0.09331601170449987,-0.09362446183302077,-0.09197536344244489,,0.09461716813895787,-0.09993112198489229,0.05268451724803297,0.11993233242650414,0.21373976201347375,0.2271051388324238,0.22345751312321463,-0.08625921792023807,-0.00015282633061740282,-0.07073421554312836,0.06113070221190745,-0.10274577810424737,0.020196261704791392,0.33392605835618866,0.06624182805106459,0.0002326662193504169,0.22496193677862292,-0.08754259406730341,-0.08626904458749819,-0.09217926574980982,-0.0961428439200354,-0.09058213653719627,-0.09623413381946946,-0.10141191242190255,-0.10255236981519293,-0.10854364762406453,-0.107514781154633,-0.11360162615966585,-0.11259437415310013,-0.11896886368609036,-0.09992347645994705,-0.04134512588445212,-0.085367643564324,-0.07070077291766974,-0.04545577831156664,-0.09411432634454277,-0.11271174484652689,-0.08689522550377331,-0.026481175740687708,-0.053703931093914574,,-0.03538630853726313,0.7738463763914568,0.05988100744054091,,-0.05154602429460921,-0.04453627679864065,-0.0584355772274865,0.10373006386719925,-0.09485374579618021,-0.08622479639039864,0.06968307230256701,,0.08080749189443184,-0.04496781185940305,-0.13217650869806938,-0.028719389116231803,-0.05719540767910325,,,0.055237973554784055,,,-0.07325121912352113,-0.09015310703499123,-0.08346658711975022,-0.040169065863669515,-0.02363816940859759,-0.05719540767910325,,,,-0.07788310797505285,-0.0717051110525722,-0.07405125160362454,,-0.1924975167758484,-0.04871941899371224,0.016133315698100472,-0.12273657300930044,-0.040169065863669584,0.33641592660823244,-0.08554611090483018,-0.09418115568646203,-0.13553074444050114,-0.04052758934601714,0.31778251321040707,-0.08661778425913744,-0.026096642310913874,0.011623832352873299,-0.06085151697946629,0.10977632713042952,0.008592528022914747,0.054739464982038744,-0.2129434025242428,-0.09108742279159064,-0.08773972416244591,-0.0854696329826099,-0.05719540767910321,-0.11789834710615298,-0.12426890297419163,0.11021149427657166,,,,-0.12984776984342333,-0.04016906586366959,-0.0863370454910419,-0.08066644925058637,-0.08989503678199154,-0.11789834710615298,-0.011054393823683313,-0.05101754468206955,-0.11789834710615298,-0.1223471315648028,,-0.07726674092862562,-0.06347761735475108,-0.12426890297419163,0.06633960424469085,-0.0925872428647761,0.1102114942765717,-0.08359202356164136,-0.08219968826639486,,,,,,0.1102114942765717,0.1102114942765717,0.32777638623791083,0.32856982865021106,,,,,0.08080749189443175,-0.04016906586366957,,,,,,-0.2821382463434395,,-0.04016906586366957,-0.04016906586366959,0.11021149427657166,,,,,,,,,-0.04016906586366957,,,,,-0.126282584455367,,,-0.05101754468206956,,,,,,,1.0,1.0,,,-0.05719540767910322,,,,,,,,,,,,-0.0705345615858599,-0.057195407679103236,,,,,,,,,,,,,,,,
rdkit_fr_ketone_Topliss,0.08108087663002167,-0.09364867358712593,0.35961205435447874,-0.07211960632591098,0.03834959742451174,-1.6888590104539205e-16,0.3250608211041028,0.3250608211041028,0.31307354535508464,0.023037118631496212,0.016073735236362578,-0.20464276252503968,-0.09365045830499778,-0.09331601170449987,-0.09362446183302077,-0.09197536344244489,,0.09461716813895787,-0.09993112198489229,0.05268451724803297,0.11993233242650414,0.21373976201347375,0.2271051388324238,0.22345751312321463,-0.08625921792023807,-0.00015282633061740282,-0.07073421554312836,0.06113070221190745,-0.10274577810424737,0.020196261704791392,0.33392605835618866,0.06624182805106459,0.0002326662193504169,0.22496193677862292,-0.08754259406730341,-0.08626904458749819,-0.09217926574980982,-0.0961428439200354,-0.09058213653719627,-0.09623413381946946,-0.10141191242190255,-0.10255236981519293,-0.10854364762406453,-0.107514781154633,-0.11360162615966585,-0.11259437415310013,-0.11896886368609036,-0.09992347645994705,-0.04134512588445212,-0.085367643564324,-0.07070077291766974,-0.04545577831156664,-0.09411432634454277,-0.11271174484652689,-0.08689522550377331,-0.026481175740687708,-0.053703931093914574,,-0.03538630853726313,0.7738463763914568,0.05988100744054091,,-0.05154602429460921,-0.04453627679864065,-0.0584355772274865,0.10373006386719925,-0.09485374579618021,-0.08622479639039864,0.06968307230256701,,0.08080749189443184,-0.04496781185940305,-0.13217650869806938,-0.028719389116231803,-0.05719540767910325,,,0.055237973554784055,,,-0.07325121912352113,-0.09015310703499123,-0.08346658711975022,-0.040169065863669515,-0.02363816940859759,-0.05719540767910325,,,,-0.07788310797505285,-0.0717051110525722,-0.07405125160362454,,-0.1924975167758484,-0.04871941899371224,0.016133315698100472,-0.12273657300930044,-0.040169065863669584,0.33641592660823244,-0.08554611090483018,-0.09418115568646203,-0.13553074444050114,-0.04052758934601714,0.31778251321040707,-0.08661778425913744,-0.026096642310913874,0.011623832352873299,-0.06085151697946629,0.10977632713042952,0.008592528022914747,0.054739464982038744,-0.2129434025242428,-0.09108742279159064,-0.08773972416244591,-0.0854696329826099,-0.05719540767910321,-0.11789834710615298,-0.12426890297419163,0.11021149427657166,,,,-0.12984776984342333,-0.04016906586366959,-0.0863370454910419,-0.08066644925058637,-0.08989503678199154,-0.11789834710615298,-0.011054393823683313,-0.05101754468206955,-0.11789834710615298,-0.1223471315648028,,-0.07726674092862562,-0.06347761735475108,-0.12426890297419163,0.06633960424469085,-0.0925872428647761,0.1102114942765717,-0.08359202356164136,-0.08219968826639486,,,,,,0.1102114942765717,0.1102114942765717,0.32777638623791083,0.32856982865021106,,,,,0.08080749189443175,-0.04016906586366957,,,,,,-0.2821382463434395,,-0.04016906586366957,-0.04016906586366959,0.11021149427657166,,,,,,,,,-0.04016906586366957,,,,,-0.126282584455367,,,-0.05101754468206956,,,,,,,1.0,1.0,,,-0.05719540767910322,,,,,,,,,,,,-0.0705345615858599,-0.057195407679103236,,,,,,,,,,,,,,,,
rdkit_fr_lactam,,,,,,,,,,,,,,,,,,,,,,,,,,,,,,,,,,,,,,,,,,,,,,,,,,,,,,,,,,,,,,,,,,,,,,,,,,,,,,,,,,,,,,,,,,,,,,,,,,,,,,,,,,,,,,,,,,,,,,,,,,,,,,,,,,,,,,,,,,,,,,,,,,,,,,,,,,,,,,,,,,,,,,,,,,,,,,,,,,,,,,,,,,,,,,,,,,,,,,,,,,,,,,,,,,,,,,,,,,,,,,,
rdkit_fr_lactone,,,,,,,,,,,,,,,,,,,,,,,,,,,,,,,,,,,,,,,,,,,,,,,,,,,,,,,,,,,,,,,,,,,,,,,,,,,,,,,,,,,,,,,,,,,,,,,,,,,,,,,,,,,,,,,,,,,,,,,,,,,,,,,,,,,,,,,,,,,,,,,,,,,,,,,,,,,,,,,,,,,,,,,,,,,,,,,,,,,,,,,,,,,,,,,,,,,,,,,,,,,,,,,,,,,,,,,,,,,,,,,
rdkit_fr_methoxy,-0.10898856830431651,-0.08716761398411411,-0.06213918367351967,-0.1584400203702581,-0.08822943528088645,3.2016891523858e-17,-0.16174170794153384,-0.16174170794153384,0.013582149539212449,0.1522291459217775,0.2646500331267921,0.1363445255300551,-0.08716522796858424,-0.08776419489672223,-0.08715476911780382,-0.08550149907739112,,-0.021296676587623856,0.04015071480323831,-0.050344396919164765,-0.018158687973518522,0.16130691812000425,0.1765728998004424,0.1806604050696519,-0.03577926567635457,-0.024823722488420154,0.026828284798907046,-0.07149080128830089,0.02579193660250822,-0.0686376070428641,-0.15918394176235598,-0.06252337906922634,-0.09479018224711212,-0.010400201275578978,-0.07989773091603816,-0.08839443166371225,-0.0803693539311679,-0.0823247318519082,-0.08359748623866262,-0.0799756316260678,-0.08254377135237682,-0.0781354988335942,-0.08106626160411427,-0.06962776922136642,-0.07253921113402591,-0.061183489685701614,-0.06423234311882516,0.11248515131540704,-0.019779796852024353,-0.09686631944205877,-0.10805186146019907,-0.13520537599180807,-0.08565256400616635,-0.08509983243500299,-0.08126062598725736,-0.05729624361647633,-0.04876589505652916,,-0.02458890084364107,-0.07302903442123539,-0.04879559164074146,,-0.02469114044279973,-0.021333390504563933,-0.027991315798352113,0.39040391164576344,-0.10257046755398086,-0.09086542976164746,-0.10115994036791746,,-0.044237395520380876,-0.021540100778287045,-0.08175892235116494,-0.027277872375850446,-0.027397260273972598,,,-0.04878747762799788,,,-0.0350881792288743,-0.08621872102893312,-0.051126457768094796,-0.019241446072101116,-0.03355040952217889,-0.027397260273972598,,,,-0.1082234728512444,-0.08218395415030937,-0.07690916221262759,,-0.09220853182463086,-0.02333716388658819,-0.03577146129759095,0.40626539677063844,-0.019241446072101123,-0.019241446072101105,-0.04097757426671965,-0.10524876793208236,-0.03324047619611587,-0.019413182957260088,-0.15090940504151837,-0.10024215910988897,-0.012500592804238295,0.047954466038284835,0.04770114492138238,0.09648509217323757,0.050380192808688024,0.25950658141839866,0.14591417051747985,-0.08564555065091083,-0.11756947490980357,-0.0912781623358752,-0.02739726027397259,-0.031705077181595216,-0.03513023911613623,-0.03928749955226063,,,,-0.07626358566127664,-0.019241446072101123,-0.08727711922293238,-0.11400217426227521,-0.09352258800662096,-0.031705077181595216,-0.12210067194390695,-0.02443799261010182,-0.031705077181595216,-0.034050232030266386,,-0.03701166050988026,-0.12270394614109059,-0.03513023911613623,0.10655793366129969,-0.08497087140117206,-0.03928749955226061,-0.10798534005783979,-0.10741826143242213,,,,,,-0.03928749955226061,-0.03928749955226061,-0.15125442682339074,-0.1559959186907822,,,,,-0.04423739552038086,-0.019241446072101116,,,,,,-0.13514747567989724,,-0.019241446072101126,-0.019241446072101112,-0.03928749955226063,,,,,,,,,-0.01924144607210111,,,,,-0.020342044038905664,,,-0.024437992610101822,,,,,,,-0.05719540767910322,-0.05719540767910322,,,1.0,,,,,,,,,,,,-0.03378686891997426,-0.027397260273972587,,,,,,,,,,,,,,,,
rdkit_fr_morpholine,,,,,,,,,,,,,,,,,,,,,,,,,,,,,,,,,,,,,,,,,,,,,,,,,,,,,,,,,,,,,,,,,,,,,,,,,,,,,,,,,,,,,,,,,,,,,,,,,,,,,,,,,,,,,,,,,,,,,,,,,,,,,,,,,,,,,,,,,,,,,,,,,,,,,,,,,,,,,,,,,,,,,,,,,,,,,,,,,,,,,,,,,,,,,,,,,,,,,,,,,,,,,,,,,,,,,,,,,,,,,,,
rdkit_fr_nitrile,,,,,,,,,,,,,,,,,,,,,,,,,,,,,,,,,,,,,,,,,,,,,,,,,,,,,,,,,,,,,,,,,,,,,,,,,,,,,,,,,,,,,,,,,,,,,,,,,,,,,,,,,,,,,,,,,,,,,,,,,,,,,,,,,,,,,,,,,,,,,,,,,,,,,,,,,,,,,,,,,,,,,,,,,,,,,,,,,,,,,,,,,,,,,,,,,,,,,,,,,,,,,,,,,,,,,,,,,,,,,,,
rdkit_fr_nitro,,,,,,,,,,,,,,,,,,,,,,,,,,,,,,,,,,,,,,,,,,,,,,,,,,,,,,,,,,,,,,,,,,,,,,,,,,,,,,,,,,,,,,,,,,,,,,,,,,,,,,,,,,,,,,,,,,,,,,,,,,,,,,,,,,,,,,,,,,,,,,,,,,,,,,,,,,,,,,,,,,,,,,,,,,,,,,,,,,,,,,,,,,,,,,,,,,,,,,,,,,,,,,,,,,,,,,,,,,,,,,,
rdkit_fr_nitro_arom,,,,,,,,,,,,,,,,,,,,,,,,,,,,,,,,,,,,,,,,,,,,,,,,,,,,,,,,,,,,,,,,,,,,,,,,,,,,,,,,,,,,,,,,,,,,,,,,,,,,,,,,,,,,,,,,,,,,,,,,,,,,,,,,,,,,,,,,,,,,,,,,,,,,,,,,,,,,,,,,,,,,,,,,,,,,,,,,,,,,,,,,,,,,,,,,,,,,,,,,,,,,,,,,,,,,,,,,,,,,,,,
rdkit_fr_nitro_arom_nonortho,,,,,,,,,,,,,,,,,,,,,,,,,,,,,,,,,,,,,,,,,,,,,,,,,,,,,,,,,,,,,,,,,,,,,,,,,,,,,,,,,,,,,,,,,,,,,,,,,,,,,,,,,,,,,,,,,,,,,,,,,,,,,,,,,,,,,,,,,,,,,,,,,,,,,,,,,,,,,,,,,,,,,,,,,,,,,,,,,,,,,,,,,,,,,,,,,,,,,,,,,,,,,,,,,,,,,,,,,,,,,,,
rdkit_fr_nitroso,,,,,,,,,,,,,,,,,,,,,,,,,,,,,,,,,,,,,,,,,,,,,,,,,,,,,,,,,,,,,,,,,,,,,,,,,,,,,,,,,,,,,,,,,,,,,,,,,,,,,,,,,,,,,,,,,,,,,,,,,,,,,,,,,,,,,,,,,,,,,,,,,,,,,,,,,,,,,,,,,,,,,,,,,,,,,,,,,,,,,,,,,,,,,,,,,,,,,,,,,,,,,,,,,,,,,,,,,,,,,,,
rdkit_fr_oxazole,,,,,,,,,,,,,,,,,,,,,,,,,,,,,,,,,,,,,,,,,,,,,,,,,,,,,,,,,,,,,,,,,,,,,,,,,,,,,,,,,,,,,,,,,,,,,,,,,,,,,,,,,,,,,,,,,,,,,,,,,,,,,,,,,,,,,,,,,,,,,,,,,,,,,,,,,,,,,,,,,,,,,,,,,,,,,,,,,,,,,,,,,,,,,,,,,,,,,,,,,,,,,,,,,,,,,,,,,,,,,,,
rdkit_fr_oxime,,,,,,,,,,,,,,,,,,,,,,,,,,,,,,,,,,,,,,,,,,,,,,,,,,,,,,,,,,,,,,,,,,,,,,,,,,,,,,,,,,,,,,,,,,,,,,,,,,,,,,,,,,,,,,,,,,,,,,,,,,,,,,,,,,,,,,,,,,,,,,,,,,,,,,,,,,,,,,,,,,,,,,,,,,,,,,,,,,,,,,,,,,,,,,,,,,,,,,,,,,,,,,,,,,,,,,,,,,,,,,,
rdkit_fr_para_hydroxylation,,,,,,,,,,,,,,,,,,,,,,,,,,,,,,,,,,,,,,,,,,,,,,,,,,,,,,,,,,,,,,,,,,,,,,,,,,,,,,,,,,,,,,,,,,,,,,,,,,,,,,,,,,,,,,,,,,,,,,,,,,,,,,,,,,,,,,,,,,,,,,,,,,,,,,,,,,,,,,,,,,,,,,,,,,,,,,,,,,,,,,,,,,,,,,,,,,,,,,,,,,,,,,,,,,,,,,,,,,,,,,,
rdkit_fr_phenol,,,,,,,,,,,,,,,,,,,,,,,,,,,,,,,,,,,,,,,,,,,,,,,,,,,,,,,,,,,,,,,,,,,,,,,,,,,,,,,,,,,,,,,,,,,,,,,,,,,,,,,,,,,,,,,,,,,,,,,,,,,,,,,,,,,,,,,,,,,,,,,,,,,,,,,,,,,,,,,,,,,,,,,,,,,,,,,,,,,,,,,,,,,,,,,,,,,,,,,,,,,,,,,,,,,,,,,,,,,,,,,
rdkit_fr_phenol_noOrthoHbond,,,,,,,,,,,,,,,,,,,,,,,,,,,,,,,,,,,,,,,,,,,,,,,,,,,,,,,,,,,,,,,,,,,,,,,,,,,,,,,,,,,,,,,,,,,,,,,,,,,,,,,,,,,,,,,,,,,,,,,,,,,,,,,,,,,,,,,,,,,,,,,,,,,,,,,,,,,,,,,,,,,,,,,,,,,,,,,,,,,,,,,,,,,,,,,,,,,,,,,,,,,,,,,,,,,,,,,,,,,,,,,
rdkit_fr_phos_acid,0.04292458560175763,-0.056936100912686714,-0.04496177371695555,0.009067304167575908,-0.030615621092584044,-5.123756638411284e-17,0.1432625032357336,0.1432625032357336,-0.07376209537408288,-0.7918247134792827,0.06397665442411471,-0.03221369559155684,-0.056937642066787336,-0.05310799494272288,-0.0568978004608802,-0.07691576760442935,,0.6817087788539653,0.06453614355830951,0.5156404108424666,0.5572816221297145,0.150556448561675,0.1432947774829628,0.14061050166557781,0.597504841020325,0.024839800182261996,-0.029146785837784767,0.03217023165751948,0.19409475893343586,0.038766257627515927,0.6484304663480492,0.06401617036714767,-0.059422870241527814,0.08276615671316853,-0.054958129242446876,-0.06970652311573047,-0.07506215660988885,-0.038844837055865125,-0.07400141430440373,-0.08335482510277104,-0.028008616650025832,-0.08419962620461498,-0.01470615772427513,-0.0862259550414869,-0.017177953111731075,-0.08357555478061637,-0.008822410130585108,0.4112118167255104,-0.024397628313755873,-0.06223239591225213,-0.07307118295393412,-0.016266941867183447,-0.05461248285035381,-0.13200007115054516,-0.13368505534886443,-0.13092078373772417,-0.06013911199746637,,0.627286118370361,0.2158875262810979,0.42502765829964245,,-0.030449625885332628,-0.02630877910376592,-0.03451947049884331,-0.06752234967950371,-0.1586743040862255,-0.060486989761502255,0.5340125393025633,,-0.054554472558998125,-0.026563698495444276,-0.10858761820531036,-0.09367565866659533,-0.0337868689199743,,,-0.0601657280716971,,,0.31592785757727243,-0.070419603454864,0.0008983017044750786,-0.02372894989381247,-0.041375060038912025,-0.0337868689199743,,,,-0.06423552467947559,-0.08573550823879215,-0.07476094135013124,,0.4154302405014804,-0.028779873947804152,-0.044114107098723834,-0.07250380183000577,-0.023728949893812468,-0.023728949893812457,0.16638108883224542,-0.09335352305322492,0.06025391815870596,-0.018693707034044497,0.20958939622960532,-0.12310209521493093,-0.01541599000320522,0.059138440922945436,0.0588260400738877,0.09239251388282055,0.050022989789996294,-0.9678610667285926,0.057091642183961316,-0.07184607249654563,-0.09982116432166195,-0.0504892158899117,-0.033786868919974275,-0.05946360691175974,-0.06338043983481371,-0.048450158311150925,,,,-0.10175883644262994,-0.023728949893812475,-0.07331053834085786,-0.09552899583113422,-0.018530881353933246,-0.05946360691175974,-0.06414890824124314,-0.030137438733945598,-0.05946360691175974,-0.062179649351343486,,-0.04564354645876384,-0.06117358559497045,-0.06338043983481371,0.10728842929665776,-0.07535955395251054,-0.04845015831115091,-0.13316975833817749,-0.13247042522995037,,,,,,-0.04845015831115091,-0.04845015831115091,-0.0851550422198804,-0.07786704223998597,,,,,-0.0545544725589981,-0.023728949893812468,,,,,,-0.027777777777777762,,-0.023728949893812478,-0.023728949893812457,-0.048450158311150925,,,,,,,,,-0.023728949893812468,,,,,-0.09110262512178961,,,-0.030137438733945608,,,,,,,-0.0705345615858599,-0.0705345615858599,,,-0.03378686891997426,,,,,,,,,,,,1.0,0.8108848540793832,,,,,,,,,,,,,,,,
rdkit_fr_phos_ester,-0.06026499178901946,-0.05362113466937532,-0.02843370808403122,-0.01427257690323526,-0.043542066828576004,-4.1091197677678716e-18,0.028832095126954272,0.028832095126954272,-0.012353528784968959,-0.7318683156444912,0.012354797761410841,-0.05609435218076742,-0.05362301792050182,-0.05139021372336147,-0.053594789653732613,-0.06236983099032139,,0.6817087788539653,0.06453614355830951,0.5156404108424666,0.5572816221297145,0.12460819464376105,0.11477876805827258,0.10835128632703457,0.597504841020325,0.024839800182261996,-0.029146785837784767,0.03217023165751948,0.19409475893343586,0.038766257627515927,0.6484304663480492,0.06401617036714767,-0.07398986670207093,0.09809314525517876,-0.04808608932313184,-0.06062990650908187,-0.06985231098771416,-0.059227371926191826,-0.06609101589175397,-0.07452289611742943,-0.04170598288921033,-0.07274179508995991,-0.042193718660501166,-0.0776824116501176,-0.06352932346911959,-0.07449746698308644,-0.05788045106233538,0.11401959772294724,-0.01977979685202434,-0.060225915937959534,-0.07541873168164848,-0.009471034861323923,-0.06601585419100978,-0.06816957949119573,-0.08126062598725738,-0.05734126913352326,-0.04876589505652918,,0.055491823589044934,0.2991044050796283,0.5413705318403818,,-0.024691140442799728,-0.021333390504563933,-0.027991315798352127,-0.05475285066696146,-0.10257046755398078,-0.04297049098826363,0.10183448592382942,,-0.04423739552038089,-0.02154010077828705,-0.09119862123927891,-0.07596017280865223,-0.027397260273972598,,,-0.04878747762799789,,,0.2561811146911586,-0.08197452239589856,-0.012263651705694793,-0.01924144607210112,-0.03355040952217889,-0.027397260273972598,,,,-0.04290348567189585,-0.07183988357392868,-0.06853661569869592,,-0.02809221534557115,-0.023337163886588196,-0.03577146129759094,-0.05879223476712474,-0.019241446072101126,-0.019241446072101116,0.15877627014858578,-0.04573503288716377,0.01590885600690808,-0.01941318295726009,0.33038400298810344,-0.10082028281767057,-0.012500592804238281,0.047954466038284835,0.04770114492138238,0.0725964212245313,0.03812812517719549,-0.8479918754811034,-0.0035149633464992775,-0.06323828449224231,-0.0626304679426056,-0.040940940459473496,-0.027397260273972615,-0.05647466872971649,-0.05952623850234193,-0.03928749955226064,,,,-0.08564025602946641,-0.019241446072101123,-0.07057869080017744,-0.059193436636181276,-0.026240150591785697,-0.05647466872971649,-0.052017378098552176,-0.024437992610101825,-0.05647466872971649,-0.0586056878213239,,-0.03701166050988026,-0.07317308414657596,-0.05952623850234193,0.08329221826055537,-0.06827293098952117,-0.03928749955226063,-0.10798534005783969,-0.10741826143242202,,,,,,-0.03928749955226063,-0.03928749955226063,-0.027949187565191786,-0.016713848431155216,,,,,-0.04423739552038089,-0.01924144607210113,,,,,,0.033786868919974275,,-0.019241446072101123,-0.019241446072101116,-0.03928749955226064,,,,,,,,,-0.019241446072101123,,,,,-0.08056520073303426,,,-0.02443799261010183,,,,,,,-0.057195407679103236,-0.057195407679103236,,,-0.027397260273972587,,,,,,,,,,,,0.8108848540793832,1.0,,,,,,,,,,,,,,,,
rdkit_fr_piperdine,,,,,,,,,,,,,,,,,,,,,,,,,,,,,,,,,,,,,,,,,,,,,,,,,,,,,,,,,,,,,,,,,,,,,,,,,,,,,,,,,,,,,,,,,,,,,,,,,,,,,,,,,,,,,,,,,,,,,,,,,,,,,,,,,,,,,,,,,,,,,,,,,,,,,,,,,,,,,,,,,,,,,,,,,,,,,,,,,,,,,,,,,,,,,,,,,,,,,,,,,,,,,,,,,,,,,,,,,,,,,,,
rdkit_fr_piperzine,,,,,,,,,,,,,,,,,,,,,,,,,,,,,,,,,,,,,,,,,,,,,,,,,,,,,,,,,,,,,,,,,,,,,,,,,,,,,,,,,,,,,,,,,,,,,,,,,,,,,,,,,,,,,,,,,,,,,,,,,,,,,,,,,,,,,,,,,,,,,,,,,,,,,,,,,,,,,,,,,,,,,,,,,,,,,,,,,,,,,,,,,,,,,,,,,,,,,,,,,,,,,,,,,,,,,,,,,,,,,,,
rdkit_fr_priamide,,,,,,,,,,,,,,,,,,,,,,,,,,,,,,,,,,,,,,,,,,,,,,,,,,,,,,,,,,,,,,,,,,,,,,,,,,,,,,,,,,,,,,,,,,,,,,,,,,,,,,,,,,,,,,,,,,,,,,,,,,,,,,,,,,,,,,,,,,,,,,,,,,,,,,,,,,,,,,,,,,,,,,,,,,,,,,,,,,,,,,,,,,,,,,,,,,,,,,,,,,,,,,,,,,,,,,,,,,,,,,,
rdkit_fr_prisulfonamd,,,,,,,,,,,,,,,,,,,,,,,,,,,,,,,,,,,,,,,,,,,,,,,,,,,,,,,,,,,,,,,,,,,,,,,,,,,,,,,,,,,,,,,,,,,,,,,,,,,,,,,,,,,,,,,,,,,,,,,,,,,,,,,,,,,,,,,,,,,,,,,,,,,,,,,,,,,,,,,,,,,,,,,,,,,,,,,,,,,,,,,,,,,,,,,,,,,,,,,,,,,,,,,,,,,,,,,,,,,,,,,
rdkit_fr_pyridine,,,,,,,,,,,,,,,,,,,,,,,,,,,,,,,,,,,,,,,,,,,,,,,,,,,,,,,,,,,,,,,,,,,,,,,,,,,,,,,,,,,,,,,,,,,,,,,,,,,,,,,,,,,,,,,,,,,,,,,,,,,,,,,,,,,,,,,,,,,,,,,,,,,,,,,,,,,,,,,,,,,,,,,,,,,,,,,,,,,,,,,,,,,,,,,,,,,,,,,,,,,,,,,,,,,,,,,,,,,,,,,
rdkit_fr_quatN,,,,,,,,,,,,,,,,,,,,,,,,,,,,,,,,,,,,,,,,,,,,,,,,,,,,,,,,,,,,,,,,,,,,,,,,,,,,,,,,,,,,,,,,,,,,,,,,,,,,,,,,,,,,,,,,,,,,,,,,,,,,,,,,,,,,,,,,,,,,,,,,,,,,,,,,,,,,,,,,,,,,,,,,,,,,,,,,,,,,,,,,,,,,,,,,,,,,,,,,,,,,,,,,,,,,,,,,,,,,,,,
rdkit_fr_sulfide,,,,,,,,,,,,,,,,,,,,,,,,,,,,,,,,,,,,,,,,,,,,,,,,,,,,,,,,,,,,,,,,,,,,,,,,,,,,,,,,,,,,,,,,,,,,,,,,,,,,,,,,,,,,,,,,,,,,,,,,,,,,,,,,,,,,,,,,,,,,,,,,,,,,,,,,,,,,,,,,,,,,,,,,,,,,,,,,,,,,,,,,,,,,,,,,,,,,,,,,,,,,,,,,,,,,,,,,,,,,,,,
rdkit_fr_sulfonamd,,,,,,,,,,,,,,,,,,,,,,,,,,,,,,,,,,,,,,,,,,,,,,,,,,,,,,,,,,,,,,,,,,,,,,,,,,,,,,,,,,,,,,,,,,,,,,,,,,,,,,,,,,,,,,,,,,,,,,,,,,,,,,,,,,,,,,,,,,,,,,,,,,,,,,,,,,,,,,,,,,,,,,,,,,,,,,,,,,,,,,,,,,,,,,,,,,,,,,,,,,,,,,,,,,,,,,,,,,,,,,,
rdkit_fr_sulfone,,,,,,,,,,,,,,,,,,,,,,,,,,,,,,,,,,,,,,,,,,,,,,,,,,,,,,,,,,,,,,,,,,,,,,,,,,,,,,,,,,,,,,,,,,,,,,,,,,,,,,,,,,,,,,,,,,,,,,,,,,,,,,,,,,,,,,,,,,,,,,,,,,,,,,,,,,,,,,,,,,,,,,,,,,,,,,,,,,,,,,,,,,,,,,,,,,,,,,,,,,,,,,,,,,,,,,,,,,,,,,,
rdkit_fr_term_acetylene,,,,,,,,,,,,,,,,,,,,,,,,,,,,,,,,,,,,,,,,,,,,,,,,,,,,,,,,,,,,,,,,,,,,,,,,,,,,,,,,,,,,,,,,,,,,,,,,,,,,,,,,,,,,,,,,,,,,,,,,,,,,,,,,,,,,,,,,,,,,,,,,,,,,,,,,,,,,,,,,,,,,,,,,,,,,,,,,,,,,,,,,,,,,,,,,,,,,,,,,,,,,,,,,,,,,,,,,,,,,,,,
rdkit_fr_tetrazole,,,,,,,,,,,,,,,,,,,,,,,,,,,,,,,,,,,,,,,,,,,,,,,,,,,,,,,,,,,,,,,,,,,,,,,,,,,,,,,,,,,,,,,,,,,,,,,,,,,,,,,,,,,,,,,,,,,,,,,,,,,,,,,,,,,,,,,,,,,,,,,,,,,,,,,,,,,,,,,,,,,,,,,,,,,,,,,,,,,,,,,,,,,,,,,,,,,,,,,,,,,,,,,,,,,,,,,,,,,,,,,
rdkit_fr_thiazole,,,,,,,,,,,,,,,,,,,,,,,,,,,,,,,,,,,,,,,,,,,,,,,,,,,,,,,,,,,,,,,,,,,,,,,,,,,,,,,,,,,,,,,,,,,,,,,,,,,,,,,,,,,,,,,,,,,,,,,,,,,,,,,,,,,,,,,,,,,,,,,,,,,,,,,,,,,,,,,,,,,,,,,,,,,,,,,,,,,,,,,,,,,,,,,,,,,,,,,,,,,,,,,,,,,,,,,,,,,,,,,
rdkit_fr_thiocyan,,,,,,,,,,,,,,,,,,,,,,,,,,,,,,,,,,,,,,,,,,,,,,,,,,,,,,,,,,,,,,,,,,,,,,,,,,,,,,,,,,,,,,,,,,,,,,,,,,,,,,,,,,,,,,,,,,,,,,,,,,,,,,,,,,,,,,,,,,,,,,,,,,,,,,,,,,,,,,,,,,,,,,,,,,,,,,,,,,,,,,,,,,,,,,,,,,,,,,,,,,,,,,,,,,,,,,,,,,,,,,,
rdkit_fr_thiophene,,,,,,,,,,,,,,,,,,,,,,,,,,,,,,,,,,,,,,,,,,,,,,,,,,,,,,,,,,,,,,,,,,,,,,,,,,,,,,,,,,,,,,,,,,,,,,,,,,,,,,,,,,,,,,,,,,,,,,,,,,,,,,,,,,,,,,,,,,,,,,,,,,,,,,,,,,,,,,,,,,,,,,,,,,,,,,,,,,,,,,,,,,,,,,,,,,,,,,,,,,,,,,,,,,,,,,,,,,,,,,,
rdkit_fr_unbrch_alkane,,,,,,,,,,,,,,,,,,,,,,,,,,,,,,,,,,,,,,,,,,,,,,,,,,,,,,,,,,,,,,,,,,,,,,,,,,,,,,,,,,,,,,,,,,,,,,,,,,,,,,,,,,,,,,,,,,,,,,,,,,,,,,,,,,,,,,,,,,,,,,,,,,,,,,,,,,,,,,,,,,,,,,,,,,,,,,,,,,,,,,,,,,,,,,,,,,,,,,,,,,,,,,,,,,,,,,,,,,,,,,,
rdkit_fr_urea,,,,,,,,,,,,,,,,,,,,,,,,,,,,,,,,,,,,,,,,,,,,,,,,,,,,,,,,,,,,,,,,,,,,,,,,,,,,,,,,,,,,,,,,,,,,,,,,,,,,,,,,,,,,,,,,,,,,,,,,,,,,,,,,,,,,,,,,,,,,,,,,,,,,,,,,,,,,,,,,,,,,,,,,,,,,,,,,,,,,,,,,,,,,,,,,,,,,,,,,,,,,,,,,,,,,,,,,,,,,,,,
