,Luciferase expression (RLU),Molecular weight (Da),Solubility (mg/mL),"Glass transition temperature (Tg, degC)",Viscosity (mPa.s),Concentration (% w/v),rdkit_MaxAbsEStateIndex,rdkit_MaxEStateIndex,rdkit_MinAbsEStateIndex,rdkit_MinEStateIndex,rdkit_qed,rdkit_SPS,rdkit_MolWt,rdkit_HeavyAtomMolWt,rdkit_ExactMolWt,rdkit_NumValenceElectrons,rdkit_NumRadicalElectrons,rdkit_MaxPartialCharge,rdkit_MinPartialCharge,rdkit_MaxAbsPartialCharge,rdkit_MinAbsPartialCharge,rdkit_FpDensityMorgan1,rdkit_FpDensityMorgan2,rdkit_FpDensityMorgan3,rdkit_BCUT2D_MWHI,rdkit_BCUT2D_MWLOW,rdkit_BCUT2D_CHGHI,rdkit_BCUT2D_CHGLO,rdkit_BCUT2D_LOGPHI,rdkit_BCUT2D_LOGPLOW,rdkit_BCUT2D_MRHI,rdkit_BCUT2D_MRLOW,rdkit_AvgIpc,rdkit_BalabanJ,rdkit_BertzCT,rdkit_Chi0,rdkit_Chi0n,rdkit_Chi0v,rdkit_Chi1,rdkit_Chi1n,rdkit_Chi1v,rdkit_Chi2n,rdkit_Chi2v,rdkit_Chi3n,rdkit_Chi3v,rdkit_Chi4n,rdkit_Chi4v,rdkit_HallKierAlpha,rdkit_Ipc,rdkit_Kappa1,rdkit_Kappa2,rdkit_Kappa3,rdkit_LabuteASA,rdkit_PEOE_VSA1,rdkit_PEOE_VSA10,rdkit_PEOE_VSA11,rdkit_PEOE_VSA12,rdkit_PEOE_VSA13,rdkit_PEOE_VSA14,rdkit_PEOE_VSA2,rdkit_PEOE_VSA3,rdkit_PEOE_VSA4,rdkit_PEOE_VSA5,rdkit_PEOE_VSA6,rdkit_PEOE_VSA7,rdkit_PEOE_VSA8,rdkit_PEOE_VSA9,rdkit_SMR_VSA1,rdkit_SMR_VSA10,rdkit_SMR_VSA2,rdkit_SMR_VSA3,rdkit_SMR_VSA4,rdkit_SMR_VSA5,rdkit_SMR_VSA6,rdkit_SMR_VSA7,rdkit_SMR_VSA8,rdkit_SMR_VSA9,rdkit_SlogP_VSA1,rdkit_SlogP_VSA10,rdkit_SlogP_VSA11,rdkit_SlogP_VSA12,rdkit_SlogP_VSA2,rdkit_SlogP_VSA3,rdkit_SlogP_VSA4,rdkit_SlogP_VSA5,rdkit_SlogP_VSA6,rdkit_SlogP_VSA7,rdkit_SlogP_VSA8,rdkit_SlogP_VSA9,rdkit_TPSA,rdkit_EState_VSA1,rdkit_EState_VSA10,rdkit_EState_VSA11,rdkit_EState_VSA2,rdkit_EState_VSA3,rdkit_EState_VSA4,rdkit_EState_VSA5,rdkit_EState_VSA6,rdkit_EState_VSA7,rdkit_EState_VSA8,rdkit_EState_VSA9,rdkit_VSA_EState1,rdkit_VSA_EState10,rdkit_VSA_EState2,rdkit_VSA_EState3,rdkit_VSA_EState4,rdkit_VSA_EState5,rdkit_VSA_EState6,rdkit_VSA_EState7,rdkit_VSA_EState8,rdkit_VSA_EState9,rdkit_FractionCSP3,rdkit_HeavyAtomCount,rdkit_NHOHCount,rdkit_NOCount,rdkit_NumAliphaticCarbocycles,rdkit_NumAliphaticHeterocycles,rdkit_NumAliphaticRings,rdkit_NumAmideBonds,rdkit_NumAromaticCarbocycles,rdkit_NumAromaticHeterocycles,rdkit_NumAromaticRings,rdkit_NumAtomStereoCenters,rdkit_NumBridgeheadAtoms,rdkit_NumHAcceptors,rdkit_NumHDonors,rdkit_NumHeteroatoms,rdkit_NumHeterocycles,rdkit_NumRotatableBonds,rdkit_NumSaturatedCarbocycles,rdkit_NumSaturatedHeterocycles,rdkit_NumSaturatedRings,rdkit_NumSpiroAtoms,rdkit_NumUnspecifiedAtomStereoCenters,rdkit_Phi,rdkit_RingCount,rdkit_MolLogP,rdkit_MolMR,rdkit_fr_Al_COO,rdkit_fr_Al_OH,rdkit_fr_Al_OH_noTert,rdkit_fr_ArN,rdkit_fr_Ar_COO,rdkit_fr_Ar_N,rdkit_fr_Ar_NH,rdkit_fr_Ar_OH,rdkit_fr_COO,rdkit_fr_COO2,rdkit_fr_C_O,rdkit_fr_C_O_noCOO,rdkit_fr_C_S,rdkit_fr_HOCCN,rdkit_fr_Imine,rdkit_fr_NH0,rdkit_fr_NH1,rdkit_fr_NH2,rdkit_fr_N_O,rdkit_fr_Ndealkylation1,rdkit_fr_Ndealkylation2,rdkit_fr_Nhpyrrole,rdkit_fr_SH,rdkit_fr_aldehyde,rdkit_fr_alkyl_carbamate,rdkit_fr_alkyl_halide,rdkit_fr_allylic_oxid,rdkit_fr_amide,rdkit_fr_amidine,rdkit_fr_aniline,rdkit_fr_aryl_methyl,rdkit_fr_azide,rdkit_fr_azo,rdkit_fr_barbitur,rdkit_fr_benzene,rdkit_fr_benzodiazepine,rdkit_fr_bicyclic,rdkit_fr_diazo,rdkit_fr_dihydropyridine,rdkit_fr_epoxide,rdkit_fr_ester,rdkit_fr_ether,rdkit_fr_furan,rdkit_fr_guanido,rdkit_fr_halogen,rdkit_fr_hdrzine,rdkit_fr_hdrzone,rdkit_fr_imidazole,rdkit_fr_imide,rdkit_fr_isocyan,rdkit_fr_isothiocyan,rdkit_fr_ketone,rdkit_fr_ketone_Topliss,rdkit_fr_lactam,rdkit_fr_lactone,rdkit_fr_methoxy,rdkit_fr_morpholine,rdkit_fr_nitrile,rdkit_fr_nitro,rdkit_fr_nitro_arom,rdkit_fr_nitro_arom_nonortho,rdkit_fr_nitroso,rdkit_fr_oxazole,rdkit_fr_oxime,rdkit_fr_para_hydroxylation,rdkit_fr_phenol,rdkit_fr_phenol_noOrthoHbond,rdkit_fr_phos_acid,rdkit_fr_phos_ester,rdkit_fr_piperdine,rdkit_fr_piperzine,rdkit_fr_priamide,rdkit_fr_prisulfonamd,rdkit_fr_pyridine,rdkit_fr_quatN,rdkit_fr_sulfide,rdkit_fr_sulfonamd,rdkit_fr_sulfone,rdkit_fr_term_acetylene,rdkit_fr_tetrazole,rdkit_fr_thiazole,rdkit_fr_thiocyan,rdkit_fr_thiophene,rdkit_fr_unbrch_alkane,rdkit_fr_urea
Luciferase expression (RLU),1.0,-0.4156887941422724,0.1450405218717228,-0.18888425385479785,-0.14777764136299879,0.0013598565517422795,-0.33460500081743294,-0.33460500081743294,-0.10768455448370533,0.3441447944683231,0.43548489945060165,-0.3450122621921517,-0.41448216528579523,-0.4276008098100929,-0.41698518828014114,-0.42685787154594673,,-0.33617091542327937,-0.24654670245167204,0.2229013418888882,-0.33617091542327937,0.30151887830362417,0.19659705514708495,0.09615960958367203,-0.33696348986839314,0.4473458580800086,-0.4196470317386625,0.4292268560463325,-0.4078819299528876,0.44359520399334706,-0.11092101723018372,0.39680596837101767,-0.21716645675461127,0.31545108729680627,-0.432754904193944,-0.4389246488850791,-0.40736669954429167,-0.3692722304271319,-0.42740082902933485,-0.4121497987906154,-0.38623131920350534,-0.43651386978086626,-0.4102138625513238,-0.43119892885482625,-0.401409611129455,-0.4238299016762348,-0.3963979686410448,0.40906157594563186,-0.3822820677009157,-0.4118523855180129,-0.3664990437745731,-0.40307321259630935,-0.3897781926172107,-0.4561389298449294,-0.38117033539574696,-0.4448936100227714,-0.22049437915775208,,-0.08151444637621932,0.008218868650694924,-0.15696591877391042,,0.15706156681172245,0.00415985411186594,0.03227612452429924,-0.03572655238405347,-0.3041420183090503,-0.42081006661972864,0.020122015884573664,,-0.15044676919484418,0.14628926466292413,-0.4890673588687811,-0.2615665295536521,0.0016723758381956568,,,-0.10374713101440249,,,0.13709614080694169,-0.4128123950701122,-0.48624818854877716,0.1322186243375966,-0.0036081359028816793,0.0016723758381956568,,,,-0.4285897106086208,-0.37467569120710303,-0.5150275312356628,,0.11504066948601885,0.17881639344575337,-0.02547315157794197,-0.03238301035759551,0.1322186243375966,-0.14027255069318623,0.0864236199143104,0.12606828360318284,-0.3581372259247274,0.20443803699540852,-0.136384000139611,-0.3872494876841825,-0.10686006789474414,0.19618788550749802,0.1164444086398865,0.48365638418725865,0.2685189823411728,-0.08736746408096169,-0.11052891370230176,-0.44004565090130826,-0.4222936305408036,-0.4494049161854359,-0.01376255538933389,-0.3876363242253684,-0.39332719400911276,-0.10072341183629771,,,,-0.4545759933513413,-0.09664711626707569,-0.43665283166646607,-0.42140121267473635,-0.4142175177489829,-0.3876363242253684,-0.3082262291507931,0.07322107681743817,-0.3876363242253684,-0.38896843257241426,,0.04394962227142399,-0.34805444928817897,-0.39332719400911276,0.4626481863015216,-0.39856142652003423,-0.15219855683086822,-0.35940413207977195,-0.36119148106416743,,,,,,-0.15219855683086822,-0.15219855683086822,-0.03909924850752494,-0.009727674419486776,,,,,-0.15044676919484418,0.07248533720030675,,,,,,-0.02404179083948248,,0.14715194612191904,0.1322186243375966,-0.10072341183629771,,,,,,,,,0.1322186243375966,,,,,-0.4117090233067837,,,0.15706156681172245,,,,,,,0.06034971716730069,0.06034971716730069,,,-0.09496705652611051,,,,,,,,,,,,0.041444590417735315,-0.049215631809757895,,,,,,,,,,,,,,,,
Molecular weight (Da),-0.4156887941422724,1.0,0.14463693052631585,0.45735171240371575,0.24467807610575784,0.0,0.6766545648909084,0.6766545648909084,0.29086993641535686,-0.7150086552778406,-0.844491395245183,0.6755560572114889,0.9957255903211397,0.9952334600720076,0.9999496462649798,0.9980132320424501,,0.683172537024917,0.13698043724787232,-0.1404847266832359,0.683172537024917,-0.6529414353392418,-0.4700870878272458,-0.26842940480239336,0.8393084737528582,-0.8531482023889939,0.91547242308175,-0.9235334676925447,0.9067773838713241,-0.9146976091820064,0.1076395309951589,-0.8858357914165548,0.7846896728391642,-0.6731355891634857,0.9587279719045212,0.9779311679056486,0.9898775266214059,0.9891900619425689,0.9807393338501913,0.9720881757548736,0.9691259538574467,0.9755931263394453,0.9715861135574374,0.9608837589113391,0.9573056614572295,0.9585619893517344,0.9529090782470175,-0.5542835887304307,0.9776686582171749,0.9813993722269175,0.9345148267430025,0.8853401753671933,0.9906560112479443,0.9517889170548701,0.8979516937590045,0.7297793996625616,0.4537827655324489,,0.022797562868545052,0.024943685598116685,0.021262981856673024,,0.070531795364474,0.23097112638976733,-0.10489800640601359,0.03495328925854874,0.7978671191174733,0.9520168204752172,-0.21513971121836417,,0.13905860201019754,0.11338396173416897,0.9062977830605806,0.7932160630092735,0.23068463916136278,,,0.11635648708891011,,,0.049732809906047594,0.964746794077185,0.8926280553503664,0.17821404767003157,-0.08789491885339423,0.23068463916136278,,,,0.9698353281845631,0.9449403498316968,0.9151975734154295,,-0.21838397746144242,-0.00799633726515839,0.15730806913502499,-0.12913900783886872,0.17821404767003157,0.01620127706091196,0.030551340605818576,0.2342007072350774,0.8918075257356456,0.09329060142684788,-0.0734939812138028,0.904389940279158,-0.03109602453549918,-0.38497325600753146,-0.12653337732840905,-0.9205036811483145,-0.6575554773878463,-0.03321632967255996,0.4338334864531427,0.9936349243171898,0.922992258787584,0.9804533295789551,0.13357788641793833,0.8676312439513246,0.8617171229017677,0.0799434123603727,,,,0.9415408992471417,0.1836144733570022,0.9698585852176936,0.9139973913818622,0.9837297442934051,0.8676312439513246,0.7651255031509575,0.05838351375009876,0.8676312439513246,0.8602026407766425,,-0.07911250726336147,0.9090771752306525,0.8617171229017677,-0.7997055968730147,0.99394708371777,0.027566693917369895,0.8524425600962188,0.8518418148965105,,,,,,0.027566693917369895,0.027566693917369895,-0.2503607448057113,-0.27595460105718006,,,,,0.13905860201019754,-0.021601702747882614,,,,,,-0.31103701618577634,,0.11880936511335437,0.17821404767003157,0.0799434123603727,,,,,,,,,0.17821404767003157,,,,,0.8942575525952733,,,0.070531795364474,,,,,,,-0.021069331602731348,-0.021069331602731348,,,-0.04998167181829527,,,,,,,,,,,,0.0031609452864408165,-0.003844743986022713,,,,,,,,,,,,,,,,
Solubility (mg/mL),0.1450405218717228,0.14463693052631585,1.0,0.10122005367306534,0.004116306963756048,0.0,0.1460116080149016,0.1460116080149016,0.1331235671968775,-0.2929926873455553,-0.12833550640579336,0.10120825884017753,0.167654685014135,0.16174312052224016,0.14350905153568191,0.13846453198542177,,0.2932554763262964,0.10229673575318582,-0.04828333547784507,0.2932554763262964,-0.10233728265098709,-0.08441922893939924,-0.06774057114308184,0.159007293016239,0.013599322466077443,0.15103546845115956,-0.05904908228851699,0.1639343644477097,-0.039461481631443224,0.09314657481694617,-0.20957225964556847,0.10323041963391624,-0.057780836157769265,0.18987373850698328,0.15597795082014557,0.1590580640433866,0.17497980667784163,0.16632892804392196,0.14112081239705587,0.15390260307780265,0.12533983328366485,0.13363454073547984,0.11952688336888564,0.13500341417331138,0.12224546457662125,0.13245128523225722,-0.11188091974118469,0.14550453376425254,0.15510079727671144,0.16505686434747568,0.13794541334784427,0.14817117249583986,0.11495896668954325,0.162183801816229,0.10671338135784886,0.13419642408663948,,0.07554955295788024,0.12279220356157368,0.05998656412062363,,-0.03385816687587057,-0.1438842466777042,-0.1487989095751092,-0.24555219304943193,0.1109021498372261,0.19469261757209347,-0.05906991680124097,,-0.1708057551102281,-0.20527485859352462,0.08149717763023524,0.17589704726062086,-0.14389738619160558,,,-0.23983105409558567,,,0.06026440841489747,0.16150213333053937,0.16990873999287567,-0.1010609735657562,-0.22730624080022044,-0.14389738619160558,,,,0.1421757748746332,0.17988145412383097,0.09804646575741238,,-0.14132844502147138,-0.1438842466777042,-0.17156094845358286,-0.20422319306484701,-0.1010609735657562,0.03277653196727228,-0.09869985255709149,0.2610092476914488,0.18440847192573728,0.12153681953604994,-0.0125634839523295,0.15997349397907032,-0.11028402852288888,-0.27311854815044406,0.23325566236293774,-0.1734946969751447,-0.2397809983883914,-0.17221519440929522,0.06703091550850307,0.15706382261196633,0.13700887941628348,0.17379980002281006,-0.21369781391095038,0.16463805113044613,0.13294178159454823,-0.13803004769430607,,,,0.14646060743348543,-0.03550790963121164,0.1851466428825634,0.14834186621721118,0.1756643162021304,0.16463805113044613,0.14757183159325143,-0.18800874899220013,0.16463805113044613,0.13871793274234845,,0.06463748584897268,0.14544313367277564,0.13294178159454823,-0.1710293872349314,0.15156482369508398,-0.0013942429060030917,0.16284085993831754,0.16188841865215858,,,,,,-0.0013942429060030917,-0.0013942429060030917,-0.07363100529203871,-0.07528504715128488,,,,,-0.1708057551102281,-0.18846505881181563,,,,,,-0.18289286466588173,,0.13656888319696786,-0.1010609735657562,-0.13803004769430607,,,,,,,,,-0.1010609735657562,,,,,0.15173691002355483,,,-0.03385816687587057,,,,,,,0.21211017620314265,0.21211017620314265,,,-0.14389738619160558,,,,,,,,,,,,0.10871254193426537,0.10889531928013396,,,,,,,,,,,,,,,,
"Glass transition temperature (Tg, degC)",-0.18888425385479785,0.45735171240371575,0.10122005367306534,1.0,0.26042943391328843,0.0,0.21984710572906718,0.21984710572906718,0.21768717663886938,-0.2826877504754007,-0.3924984888011515,0.14737420719488675,0.4560522662927568,0.4381905491672916,0.45755048233235773,0.44901432341161457,,0.21355676840167442,-0.21592691479280993,0.20403477184102903,0.21355676840167442,-0.32909146033612546,-0.245736502583383,-0.22389681966273683,0.3293229538124828,-0.3866818798551389,0.30579920798003707,-0.35897588114445167,0.30969826021139246,-0.361168733646077,-0.006430391795306753,-0.2533485467925119,0.45526361373844176,-0.24070779118409047,0.3920082230409494,0.41537656021091385,0.42634629936335705,0.44107564912000885,0.4116033727269152,0.42299508245625184,0.4278628208794841,0.4098795834045231,0.41303945587221197,0.39285816364341064,0.3971145126217377,0.37923107642531384,0.3815369949532636,-0.16924107013894438,0.4108454204334081,0.46138616477135985,0.507309190856983,0.46449889861430343,0.4512999107411576,0.4557739224945621,0.3644514017627972,0.181991379668453,0.26687537820892987,,0.06408998193044602,0.00687825400754007,0.05762114100009334,,0.22146760313220662,0.1274050506969117,-0.22955486272226594,0.05945103053517785,0.5287339912881134,0.4087053938632563,-0.05752931818651339,,0.2617999632346139,0.15947298862742687,0.31143648059129203,0.39606959671078773,0.1281050107610764,,,0.3148668539928794,,,0.15709950905995476,0.46183575093002655,0.35124452300550413,0.053713305342429414,-0.0772114199519534,0.1281050107610764,,,,0.4504817307326966,0.4560528276969117,0.4088070136094804,,-0.16538452805065793,-0.0536844811459976,0.2269715066623714,-0.29014179167314263,0.053713305342429414,0.1933678992327459,-0.04373460804778206,0.07560311341328166,0.32127313751857833,0.12526378934066107,-0.1085656650466946,0.41680425887988637,0.1418813168199635,-0.12111952708243139,-0.31426622942890275,-0.33336655750088273,-0.34967369124913583,-0.10727274982592429,0.21985797263563098,0.42753385414303063,0.44649232220457685,0.4240718835174791,0.07259004687279298,0.28950678931218543,0.2867410056675054,0.2261999562869362,,,,0.348409934220072,0.19873922976698885,0.4265850446617993,0.4638963603433053,0.4454706812862288,0.28950678931218543,0.39028573976652936,-0.0008667010251490592,0.28950678931218543,0.28414721171136514,,-0.027191172700700757,0.5200093816089588,0.2867410056675054,-0.3815586284892751,0.45555342059409887,0.07539998542897873,0.40435530599851144,0.4050320045022779,,,,,,0.07539998542897873,0.07539998542897873,-0.1692265419974547,-0.1877537061697427,,,,,0.2617999632346139,0.17188257709577412,,,,,,-0.20624085570998005,,0.13965459389031648,0.053713305342429414,0.2261999562869362,,,,,,,,,0.053713305342429414,,,,,0.3068411367547024,,,0.22146760313220662,,,,,,,-0.08981065361480772,-0.08981065361480772,,,-0.15869725213685584,,,,,,,,,,,,0.011003704191843447,-0.011472090515917289,,,,,,,,,,,,,,,,
Viscosity (mPa.s),-0.14777764136299879,0.24467807610575784,0.004116306963756048,0.26042943391328843,1.0,0.6985777340051798,0.12838965246367087,0.12838965246367087,0.2477540706596816,-0.16805911824070496,-0.24240110413088445,0.1299215401662693,0.2416581054030245,0.22856306649428243,0.2449826859949897,0.24190271336424693,,0.15802768641045328,-0.02327227557460077,0.012644532037646827,0.15802768641045328,-0.2552580472032919,-0.1936557978799392,-0.12315844605805519,0.1714883772835433,-0.19792178374472136,0.2006818672909554,-0.20298775209518882,0.22411866699634764,-0.19305143435587074,-0.06325168837048024,-0.17485336556164172,0.16655790202427975,-0.11352105963428945,0.21751902280807248,0.23955107656903746,0.23744681691446184,0.23655327306991175,0.2282016531250054,0.2355803646713042,0.23373251861146793,0.23893064018006063,0.23551315937958583,0.21759416371673845,0.2170623171712227,0.2197050060927801,0.217090465474483,-0.09338177964962434,0.20508605644672234,0.24436831635478046,0.2733100629985958,0.2669760058931904,0.23734039612700003,0.2394729508393164,0.18754172373565284,0.08274708755511072,0.22279993385422242,,0.033357262418825376,0.029417698170941038,0.043470154178037755,,-0.013448001111726483,0.01806020045085011,-0.10455505627577974,0.010191338320237726,0.3424489440311831,0.24607178894850898,-0.13326553112331588,,0.0695920093722746,-0.07009396316074205,0.21058365308736318,0.276031616382922,0.01803795837332566,,,0.011673802593050061,,,-0.0248394473545098,0.2656560617151319,0.21434379288870967,0.013926727996960802,-0.037103474274183715,0.01803795837332566,,,,0.2465217907425462,0.27851535751257095,0.22784668883711495,,-0.2169230726235422,0.006039178140178449,0.07020615354769655,-0.1430962667020764,0.013926727996960802,0.1285285981406262,-0.09145042134244646,0.04245283928427328,0.21586188350825466,0.0620958743896513,-0.104614889963516,0.24501416507104376,-0.06820049984259255,-0.1985177039407841,-0.020493207764342058,-0.20505097238070846,-0.23644635692007113,-0.04117451711786772,0.1820137600261509,0.2268840742770506,0.24944572197943035,0.23095255259973654,-0.019147592962848705,0.19907977374258123,0.19125884457884393,0.07143215323053066,,,,0.20938520395955199,0.010403098021826141,0.22961252779909852,0.26834066344932234,0.22661002829284843,0.19907977374258123,0.22545924931563863,-0.031438126710739075,0.19907977374258123,0.19166598186627012,,0.04995760265575904,0.25796879304445103,0.19125884457884393,-0.2100455652652733,0.2443451840595506,0.06466579818831014,0.2536102051580106,0.252520918499975,,,,,,0.06466579818831014,0.06466579818831014,-0.1360621417053585,-0.15105816660188912,,,,,0.0695920093722746,-0.11409849443293187,,,,,,-0.2054573421072313,,0.09245333887139037,0.013926727996960802,0.07143215323053066,,,,,,,,,0.013926727996960802,,,,,0.21338111516147046,,,-0.013448001111726483,,,,,,,0.033541829096428014,0.033541829096428014,,,-0.09269838210397821,,,,,,,,,,,,-0.020624302983995493,-0.02042709193270654,,,,,,,,,,,,,,,,
Concentration (% w/v),0.0013598565517422795,0.0,0.0,0.0,0.6985777340051798,1.0,0.0,0.0,0.0,0.0,0.0,0.0,0.0,0.0,0.0,0.0,,0.0,0.0,0.0,0.0,0.0,0.0,0.0,0.0,0.0,0.0,0.0,0.0,0.0,0.0,0.0,0.0,0.0,0.0,0.0,0.0,0.0,0.0,0.0,0.0,0.0,0.0,0.0,0.0,0.0,0.0,0.0,0.0,0.0,0.0,0.0,0.0,0.0,0.0,0.0,0.0,,0.0,0.0,0.0,,0.0,0.0,0.0,0.0,0.0,0.0,0.0,,0.0,0.0,0.0,0.0,0.0,,,0.0,,,0.0,0.0,0.0,0.0,0.0,0.0,,,,0.0,0.0,0.0,,0.0,0.0,0.0,0.0,0.0,0.0,0.0,0.0,0.0,0.0,0.0,0.0,0.0,0.0,0.0,0.0,0.0,0.0,0.0,0.0,0.0,0.0,0.0,0.0,0.0,0.0,,,,0.0,0.0,0.0,0.0,0.0,0.0,0.0,0.0,0.0,0.0,,0.0,0.0,0.0,0.0,0.0,0.0,0.0,0.0,,,,,,0.0,0.0,0.0,0.0,,,,,0.0,0.0,,,,,,0.0,,0.0,0.0,0.0,,,,,,,,,0.0,,,,,0.0,,,0.0,,,,,,,0.0,0.0,,,0.0,,,,,,,,,,,,0.0,0.0,,,,,,,,,,,,,,,,
rdkit_MaxAbsEStateIndex,-0.33460500081743294,0.6766545648909084,0.1460116080149016,0.21984710572906718,0.12838965246367087,0.0,1.0,1.0,0.1803295029160281,-0.7706122513808505,-0.5815352481461487,0.21444951418549169,0.6737693922846678,0.7105124249512003,0.6764057994285182,0.6759704605964911,,0.724113391773091,0.1755558343694086,-0.14292601680402198,0.724113391773091,-0.12506500884954053,0.012962686771906535,0.07715555992943046,0.45911822096525023,-0.530869068643852,0.585753386123539,-0.5591363159515453,0.5561467561878041,-0.564101081267591,0.6703322388359931,-0.5971352958630107,0.5508895992621999,-0.2238683777796843,0.7718051554666554,0.752595236418499,0.6939830833418325,0.7086160507402713,0.6901328573135551,0.6258960203999325,0.6421824571235965,0.6022352055844027,0.6186076432672486,0.5735562157848088,0.5999259618657745,0.581636729352028,0.6047581169727094,-0.7434110682335233,0.6487082266297142,0.7295197341985027,0.7321524390838191,0.7421034993700208,0.7169660068312258,0.5746899026445117,0.6268707309141295,0.4330052841550611,0.40286600033337594,,0.21190478413913746,0.4473830731348325,0.15321727340195104,,0.019275742410989727,0.23018704032594609,-0.018650731940772044,0.12121369286279522,0.41300220195564885,0.6562988131104746,0.2919325025004193,,0.29397446093369684,0.1471687634870803,0.56003205218762,0.4565018573928106,0.2294940794332007,,,0.268987337125283,,,0.12828244597233282,0.5884178402350186,0.8227924922402285,0.19878450453017368,0.11512843079511996,0.2294940794332007,,,,0.6898151445942259,0.5766848070333054,0.7327341011633345,,0.06175281034555836,0.0528298125338237,0.33014673777049436,-0.1303519938852594,0.19878450453017368,0.13431385441227953,0.12340385926195421,0.046985168381539995,0.5569491212285552,0.1362560415930279,0.46547326040039577,0.5310364570175226,-0.03969641587126724,-0.5033191571218044,-0.2775054948987173,-0.6021957056608437,-0.42883278719730217,-0.23483602259746056,-0.15260991120771653,0.7096741132094373,0.5670543422308255,0.7052018766845035,0.09771705911110895,0.48220375044138664,0.4688298320477829,0.2632744574549674,,,,0.5741590932038289,0.15043151694175305,0.6928393316382309,0.5863179511747447,0.7199476196216671,0.48220375044138664,0.7589714412790125,0.03018846430504211,0.48220375044138664,0.4644592354811164,,-0.1986065800498184,0.7206184380280233,0.4688298320477829,-0.5174640186863256,0.7102181923529582,0.13986455552295146,0.49878822426045094,0.5042701123872323,,,,,,0.13986455552295146,0.13986455552295146,0.31189726212597535,0.29321538318995216,,,,,0.29397446093369684,0.005372554176491181,,,,,,0.0276727589462886,,0.021490216705964724,0.19878450453017368,0.2632744574549674,,,,,,,,,0.19878450453017368,,,,,0.5095558376357462,,,0.019275742410989727,,,,,,,0.36730944133687543,0.36730944133687543,,,-0.1950699675182206,,,,,,,,,,,,0.15094232152521056,0.06119842118218685,,,,,,,,,,,,,,,,
rdkit_MaxEStateIndex,-0.33460500081743294,0.6766545648909084,0.1460116080149016,0.21984710572906718,0.12838965246367087,0.0,1.0,1.0,0.1803295029160281,-0.7706122513808505,-0.5815352481461487,0.21444951418549169,0.6737693922846678,0.7105124249512003,0.6764057994285182,0.6759704605964911,,0.724113391773091,0.1755558343694086,-0.14292601680402198,0.724113391773091,-0.12506500884954053,0.012962686771906535,0.07715555992943046,0.45911822096525023,-0.530869068643852,0.585753386123539,-0.5591363159515453,0.5561467561878041,-0.564101081267591,0.6703322388359931,-0.5971352958630107,0.5508895992621999,-0.2238683777796843,0.7718051554666554,0.752595236418499,0.6939830833418325,0.7086160507402713,0.6901328573135551,0.6258960203999325,0.6421824571235965,0.6022352055844027,0.6186076432672486,0.5735562157848088,0.5999259618657745,0.581636729352028,0.6047581169727094,-0.7434110682335233,0.6487082266297142,0.7295197341985027,0.7321524390838191,0.7421034993700208,0.7169660068312258,0.5746899026445117,0.6268707309141295,0.4330052841550611,0.40286600033337594,,0.21190478413913746,0.4473830731348325,0.15321727340195104,,0.019275742410989727,0.23018704032594609,-0.018650731940772044,0.12121369286279522,0.41300220195564885,0.6562988131104746,0.2919325025004193,,0.29397446093369684,0.1471687634870803,0.56003205218762,0.4565018573928106,0.2294940794332007,,,0.268987337125283,,,0.12828244597233282,0.5884178402350186,0.8227924922402285,0.19878450453017368,0.11512843079511996,0.2294940794332007,,,,0.6898151445942259,0.5766848070333054,0.7327341011633345,,0.06175281034555836,0.0528298125338237,0.33014673777049436,-0.1303519938852594,0.19878450453017368,0.13431385441227953,0.12340385926195421,0.046985168381539995,0.5569491212285552,0.1362560415930279,0.46547326040039577,0.5310364570175226,-0.03969641587126724,-0.5033191571218044,-0.2775054948987173,-0.6021957056608437,-0.42883278719730217,-0.23483602259746056,-0.15260991120771653,0.7096741132094373,0.5670543422308255,0.7052018766845035,0.09771705911110895,0.48220375044138664,0.4688298320477829,0.2632744574549674,,,,0.5741590932038289,0.15043151694175305,0.6928393316382309,0.5863179511747447,0.7199476196216671,0.48220375044138664,0.7589714412790125,0.03018846430504211,0.48220375044138664,0.4644592354811164,,-0.1986065800498184,0.7206184380280233,0.4688298320477829,-0.5174640186863256,0.7102181923529582,0.13986455552295146,0.49878822426045094,0.5042701123872323,,,,,,0.13986455552295146,0.13986455552295146,0.31189726212597535,0.29321538318995216,,,,,0.29397446093369684,0.005372554176491181,,,,,,0.0276727589462886,,0.021490216705964724,0.19878450453017368,0.2632744574549674,,,,,,,,,0.19878450453017368,,,,,0.5095558376357462,,,0.019275742410989727,,,,,,,0.36730944133687543,0.36730944133687543,,,-0.1950699675182206,,,,,,,,,,,,0.15094232152521056,0.06119842118218685,,,,,,,,,,,,,,,,
rdkit_MinAbsEStateIndex,-0.10768455448370533,0.29086993641535686,0.1331235671968775,0.21768717663886938,0.2477540706596816,0.0,0.1803295029160281,0.1803295029160281,1.0,-0.2325164311880302,-0.29346147269675255,0.31747163056191596,0.29982410784977725,0.27436077634669287,0.2908982280917766,0.29321622232454175,,0.2913460545679849,0.28409026120924413,-0.2945909740932215,0.2913460545679849,-0.4353422617488233,-0.35715254661958074,-0.3250949478705399,0.21211987716360386,-0.2984074869661681,0.3275955531270181,-0.2921313523293273,0.32643460311214423,-0.3169103509644042,-0.18191519631911998,-0.3236386197325411,0.15096601467836887,-0.07456714899894362,0.28358219790643907,0.30459408198420473,0.3195412724813503,0.29910955246805127,0.31133622015933465,0.37308079235820996,0.35693694947441357,0.29184522360288334,0.27641264122840953,0.319785571695857,0.2950820846684382,0.32879170095250554,0.30680961096070386,-0.0531545430605534,0.26529346787056773,0.25265822148665784,0.2563391668601728,0.19861062893650996,0.2543161003850895,0.2631632770314704,0.3873010860867256,-0.008033713009525356,0.32544757070426444,,-0.055260324951129695,0.29777517942376713,-0.0120895574015233,,-0.15721234826584624,-0.20978644202584865,-0.29170627309102437,-0.03041588911705939,0.3914688932836203,0.318169396472495,-0.5535959182406868,,-0.05434744578041239,-0.21922020278782775,0.2511563406237076,0.5053873659340175,-0.2103665772696738,,,-0.13524851550945796,,,-0.16085277039321055,0.37583385077474063,0.17919842509795428,-0.11819450883568215,-0.21521469881089567,-0.2103665772696738,,,,0.2808429948684695,0.4436318894603837,0.22510939286523746,,-0.8463859333296343,-0.10412832149168277,-0.03042298213627321,-0.25839196552490595,-0.11819450883568215,0.12893946418438051,-0.20449905470723037,0.224057331223983,0.2747208454550112,-0.0949495272367842,-0.2817661736058847,0.3823835147564498,-0.14526501616909898,-0.47577624686573816,0.12978105538941628,-0.2541542667816638,-0.5291961274278859,0.05055402865162082,0.4591896930937939,0.2778282371980805,0.33322888015619856,0.2938142811901794,-0.058604248567161135,0.29818570537955363,0.31563057466932465,0.030166435357569125,,,,0.20902577159936395,0.19340919627657077,0.3262839009873539,0.4074704204227714,0.26711418840427315,0.29818570537955363,0.18705411604282265,0.054358859309566035,0.29818570537955363,0.3246155736012845,,0.08075017268122156,0.20779440250205886,0.31563057466932465,-0.34558086643722613,0.2976360874528493,-0.004113604821486699,0.41129796060029505,0.41125017844539263,,,,,,-0.004113604821486699,-0.004113604821486699,-0.4154073991663937,-0.4330296640388914,,,,,-0.05434744578041239,-0.19072295743939618,,,,,,-0.7295441655930501,,-0.03223486604609513,-0.11819450883568215,0.030166435357569125,,,,,,,,,-0.11819450883568215,,,,,0.29580881328407366,,,-0.15721234826584624,,,,,,,0.387266396441112,0.387266396441112,,,-0.003824846859448615,,,,,,,,,,,,-0.07232549917517307,-0.01529938743779446,,,,,,,,,,,,,,,,
rdkit_MinEStateIndex,0.3441447944683231,-0.7150086552778406,-0.2929926873455553,-0.2826877504754007,-0.16805911824070496,0.0,-0.7706122513808505,-0.7706122513808505,-0.2325164311880302,1.0,0.6980670174429943,-0.332327117658015,-0.7104349096375833,-0.7353936655985956,-0.7160315420805291,-0.71518531462614,,-0.8211753052685533,-0.16800739286775526,0.02711279448026923,-0.8211753052685533,0.327631711727537,0.21730589626048585,0.12265148364102368,-0.6322480304906798,0.515839853237418,-0.6660098120066076,0.5585319989146645,-0.6962625509194148,0.5680737292194911,-0.4703450753520447,0.6626613165890753,-0.5968922454268915,0.2745040862834426,-0.7636540150024869,-0.7783361190553191,-0.7200204861044295,-0.7410029512806894,-0.7113259844026653,-0.639802163457915,-0.6637702818776497,-0.6544212369789985,-0.6773938733808451,-0.6186307458744845,-0.6557270958117558,-0.6145355186754157,-0.6487534803633496,0.5712147426142237,-0.705676771384942,-0.7554013260141822,-0.7313856623417677,-0.7251068796731686,-0.7469408623868861,-0.6583379304043026,-0.6112687010960901,-0.4563662014638378,-0.4371376057470486,,-0.4151588478325554,-0.2297677119039482,-0.3571557087983288,,0.07473862217207451,-0.04078505984833534,0.2044581411887891,0.20866507686414545,-0.4472942053370836,-0.767282337231139,-0.15275794871323461,,-0.05433468139940603,0.1289827517703605,-0.5423282985079949,-0.5072856354159692,-0.04206343385193962,,,0.016100114392332374,,,-0.20924213977130215,-0.6886496122522462,-0.7666151092367427,0.037598511024500805,0.2114779217282288,-0.04206343385193962,,,,-0.7597395593080268,-0.6540326698968264,-0.7080013925543613,,0.12700494948534358,0.1667089321300707,0.008459816080883758,0.31370509498798144,0.037598511024500805,-0.04834094274578675,0.01460762707729436,-0.22681165863136007,-0.6416986551936935,-0.15916369605812866,-0.2828113869432293,-0.6306088325798105,0.008381526378237495,0.5966203056508556,-0.0006351426709046527,0.7159604704122736,0.6109569163153599,0.41838769764001926,-0.08124487412383374,-0.733891542039244,-0.6632602083207526,-0.7627830424039274,0.03499503181666892,-0.5209976247027726,-0.5046689507668034,-0.010967036465417947,,,,-0.5999725049073602,-0.10742431721285944,-0.7524267979886522,-0.6880318459328033,-0.7720234401517556,-0.5209976247027726,-0.7403206268519239,0.11011966159050542,-0.5209976247027726,-0.5029091832121002,,0.08694411132030824,-0.6996714972024657,-0.5046689507668034,0.6747530671600821,-0.7247011102356573,-0.23579128400648586,-0.5765924745082932,-0.572774080011311,,,,,,-0.23579128400648586,-0.23579128400648586,-0.07332544006618805,-0.012688825268534112,,,,,-0.05433468139940603,0.14502282823736026,,,,,,0.09180037220862812,,-0.037598511024500805,0.037598511024500805,-0.010967036465417947,,,,,,,,,0.037598511024500805,,,,,-0.5349085370144446,,,0.07473862217207451,,,,,,,-0.16365147490684587,-0.16365147490684587,,,0.2562045516436322,,,,,,,,,,,,-0.33953562323739167,-0.2791482428355993,,,,,,,,,,,,,,,,
rdkit_qed,0.43548489945060165,-0.844491395245183,-0.12833550640579336,-0.3924984888011515,-0.24240110413088445,0.0,-0.5815352481461487,-0.5815352481461487,-0.29346147269675255,0.6980670174429943,1.0,-0.5457381068045015,-0.8415942080437115,-0.8426903379867268,-0.8445061149584556,-0.8615046992309333,,-0.5192007041566616,-0.14117614466979336,0.1333165483804036,-0.5192007041566616,0.7266545409145145,0.5920569869090301,0.4071973255267946,-0.6827985407528445,0.7816126090173472,-0.7825623260587421,0.7933201130904517,-0.7718695281541629,0.7972468535359104,-0.05412974659343681,0.7477254702577101,-0.6850937294950197,0.510040362318946,-0.7986586999999645,-0.8718136063196228,-0.8505369608523552,-0.8108472304713917,-0.8372661926130003,-0.835523041209273,-0.8063712611077944,-0.8402929526944783,-0.8147842374223585,-0.8347937519355104,-0.8108054257304671,-0.8247293538396931,-0.8002448452680923,0.6312647759437007,-0.8202155830162187,-0.8778708923129241,-0.8671445447683195,-0.8227041800412738,-0.8277388493799115,-0.9192295777851831,-0.8536240936749807,-0.6343541632965941,-0.3392710170673522,,0.014892039527128123,-0.013541270810691708,-0.03869950604670232,,0.2185277308182312,-0.2368828365332483,0.1691010228335714,0.12183302544818776,-0.7766141906841064,-0.9298310316316747,0.26588974648649505,,-0.11362019966684599,-0.02559517519149605,-0.7891274922912747,-0.7145292858257111,-0.2371084329246566,,,-0.047336631557493784,,,0.18754018770846698,-0.89196011109525,-0.7540346010211233,-0.1557807809417341,0.16600861253411078,-0.2371084329246566,,,,-0.921685725289575,-0.8712737016217765,-0.7818448617827461,,0.22679585648290948,0.02722674014394201,-0.10709153259244737,0.3013765841168954,-0.1557807809417341,-0.07520451493738887,0.02689855519577056,-0.342023810766994,-0.7248142263436397,0.2147547368656999,-0.010213797069702043,-0.9229542861683622,0.060059620449745235,0.2814271090698305,0.06597067599558687,0.8971433111672076,0.7448683280813378,0.12817793654933546,-0.3324698806078532,-0.8584019320975571,-0.9421626131688503,-0.8993717322717227,-0.22386477740280683,-0.694552751221659,-0.7111123395344595,-0.03564642008989543,,,,-0.7911523498673915,-0.14503727880782138,-0.9048992757131601,-0.9619522164297053,-0.8619422792952476,-0.694552751221659,-0.8126004878902009,-0.14633098167249733,-0.694552751221659,-0.7067133145514995,,0.018348168522015755,-0.8450493294276068,-0.7111123395344595,0.9035513545164446,-0.8422843183324187,-0.03290438777528809,-0.9182129425456603,-0.9185961931514436,,,,,,-0.03290438777528809,-0.03290438777528809,0.1485222190335882,0.1640727517192134,,,,,-0.11362019966684599,0.12355027453999601,,,,,,0.19368035622993957,,0.18263953627651583,-0.1557807809417341,-0.03564642008989543,,,,,,,,,-0.1557807809417341,,,,,-0.7295759552812798,,,0.2185277308182312,,,,,,,-0.005987845671927636,-0.005987845671927636,,,0.27152739899436484,,,,,,,,,,,,0.05345074766085994,-0.019121647816504564,,,,,,,,,,,,,,,,
rdkit_SPS,-0.3450122621921517,0.6755560572114889,0.10120825884017753,0.14737420719488675,0.1299215401662693,0.0,0.21444951418549169,0.21444951418549169,0.31747163056191596,-0.332327117658015,-0.5457381068045015,1.0,0.6776793249154741,0.6773409361431331,0.6757510989040457,0.6705365991576062,,0.3304662536201206,0.5282982563279127,-0.5630424229146408,0.3304662536201206,-0.7399668152156865,-0.585270466139631,-0.35030876398350164,0.7610253491015634,-0.7144520628578015,0.8545721564684915,-0.8287640743784007,0.8238338808741943,-0.8174535823423644,-0.3780787672072174,-0.8280377125045268,0.4459745437252016,-0.7400413348143883,0.6248922804965469,0.6051931659074682,0.6458500044331664,0.6530612693222432,0.6913896090480552,0.7531701802606282,0.757926220156777,0.7766149034033876,0.7783806816460855,0.8139811838525788,0.8035419672071014,0.8170517011908623,0.811469404600591,-0.0696747806529532,0.7058405600830835,0.57470787580952,0.473258508784779,0.38370482789618315,0.63371707967016,0.6500764605166955,0.6559219521289453,0.6525387054291844,0.311150746109864,,-0.1998487309246605,-0.36131619892332145,-0.24200104460173258,,-0.020402259912685544,0.11527276850667333,0.03093171110118371,-0.14510165324593552,0.5137427881641076,0.6422005751290408,-0.5662805322834616,,-0.18532024900326705,-0.02815511867950605,0.8036191782230013,0.5547487047816555,0.11477319214330194,,,-0.23586416039162497,,,-0.03299161064169165,0.709027802085157,0.5356319648993755,0.10747557310788122,-0.1761294256116404,0.11477319214330194,,,,0.6028914496391528,0.7032478658165238,0.5829117042048347,,-0.3353777020666191,-0.06212488143412748,-0.15511574137234815,0.0720669911881626,0.10747557310788122,-0.18808225293879216,0.06988231671551594,0.15733589169319162,0.8086285460268768,0.11170237302195335,-0.5652164841066788,0.6973328843209599,-0.11865518578698242,-0.12630817427101573,0.2246754508812285,-0.7502207846377097,-0.3945972850262143,0.07841722439779616,0.7664856851359604,0.6736734438917666,0.6206071274081623,0.6566381791914849,0.21040581673079345,0.8708440926257939,0.902334259702388,-0.23316072096093327,,,,0.7880067180470335,0.1934560315941862,0.6773369424967812,0.6149090080690336,0.6602113437348684,0.8708440926257939,0.18712110847515365,0.21718205677053762,0.8708440926257939,0.9051386300331343,,0.13093544224644063,0.41598891010819866,0.902334259702388,-0.5149192188853449,0.6244082318746239,-0.246876057488047,0.6607758637407728,0.6568937990560729,,,,,,-0.246876057488047,-0.246876057488047,-0.6781037101312822,-0.6648842857320735,,,,,-0.18532024900326705,-0.1504658023510337,,,,,,-0.4856417934549582,,0.11822313041866934,0.10747557310788122,-0.23316072096093327,,,,,,,,,0.10747557310788122,,,,,0.8413183495041905,,,-0.020402259912685544,,,,,,,-0.30349869425589976,-0.30349869425589976,,,0.09564432678608495,,,,,,,,,,,,-0.0251627872256455,-0.05738659607165097,,,,,,,,,,,,,,,,
rdkit_MolWt,-0.41448216528579523,0.9957255903211397,0.167654685014135,0.4560522662927568,0.2416581054030245,0.0,0.6737693922846678,0.6737693922846678,0.29982410784977725,-0.7104349096375833,-0.8415942080437115,0.6776793249154741,1.0,0.9910082103222633,0.9957184287599734,0.9937473146237771,,0.6801169074317952,0.14000046372716576,-0.14344461913617934,0.6801169074317952,-0.6570160237903674,-0.47617594921059336,-0.27892345453725514,0.8398300998663693,-0.8581183657577782,0.9167378912790052,-0.9247778902607725,0.9074882308473904,-0.9166488876002402,0.10492050331741753,-0.8849635779599173,0.7836505714330806,-0.6673367916670473,0.9523849782279941,0.973736795442679,0.9863879545616525,0.9857034283884925,0.9792620067877614,0.9690658747333467,0.9660735673373549,0.972263767440803,0.9682168839134739,0.9587432154382342,0.9549666440465311,0.9570439519032862,0.9513724536698247,-0.5473814546528013,0.9764524542702455,0.9760768158323538,0.9299352651319368,0.8785676646508509,0.9854088617014323,0.9484267707999311,0.8974219483604406,0.7254124085189075,0.4521366869136349,,0.02270011674516531,0.02648276530070085,0.02117209516122343,,0.0702303135757007,0.22998386117158964,-0.10754202746328072,0.034803884580634,0.7931987074647622,0.9490612478665671,-0.21915585401373275,,0.13846420857583636,0.1128993122307049,0.9040179173074042,0.7903139476906792,0.22969859850696706,,,0.11585913179429909,,,0.049520231502028264,0.9617000347199298,0.8871352528793813,0.1774522878197619,-0.09000187608616794,0.22969859850696706,,,,0.9662821492057874,0.9431178562296723,0.9092992373952253,,-0.2242674408680821,-0.007962157643756764,0.1566356700017514,-0.13135191969791177,0.1774522878197619,0.0161320261654329,0.02665862567474356,0.23894897989525282,0.8891924440778245,0.09289183917716226,-0.07593892972184002,0.9039156095575855,-0.030963107387250565,-0.3855607655676371,-0.12599252183565762,-0.9191771917810644,-0.6550298097169287,-0.033107292050666245,0.4362636068607493,0.9893877215794348,0.9199848884330111,0.9762624703773319,0.14076915329768616,0.8633296245276171,0.8593889160266734,0.07960170146481839,,,,0.9364492383965255,0.1828296298749062,0.9664557676307001,0.9123128145782722,0.9795248803530145,0.8633296245276171,0.7583958487025365,0.06757626102778178,0.8633296245276171,0.8579036279576207,,-0.08960444878943973,0.9044065671617515,0.8593889160266734,-0.7955321476358084,0.9886868618013497,0.027448862574075306,0.8507471250282527,0.8509606291237547,,,,,,0.027448862574075306,0.027448862574075306,-0.25422319442024904,-0.2799061624577201,,,,,0.13846420857583636,-0.0215093682205772,,,,,,-0.316631871598199,,0.11830152521317461,0.1774522878197619,0.07960170146481839,,,,,,,,,0.1774522878197619,,,,,0.8899881313498772,,,0.0702303135757007,,,,,,,-0.018981246681344228,-0.018981246681344228,,,-0.04976802967650953,,,,,,,,,,,,0.0031474341113141057,-0.0038283099751161174,,,,,,,,,,,,,,,,
rdkit_HeavyAtomMolWt,-0.4276008098100929,0.9952334600720076,0.16174312052224016,0.4381905491672916,0.22856306649428243,0.0,0.7105124249512003,0.7105124249512003,0.27436077634669287,-0.7353936655985956,-0.8426903379867268,0.6773409361431331,0.9910082103222633,1.0,0.9951978002997993,0.9929697604865921,,0.7078220042246108,0.16609029255535873,-0.1694467114765911,0.7078220042246108,-0.6321495825685252,-0.4432767538121517,-0.24236999590214328,0.8375746746724709,-0.8522595931960523,0.9248722681592092,-0.9217580184704002,0.9049657404507156,-0.9163380262235304,0.1531522118597512,-0.9002128006713795,0.7888668103999473,-0.6699488596187169,0.973922847338789,0.9820827525550689,0.984761616021146,0.984761616021146,0.9874269430875624,0.971110124327571,0.968982372769031,0.9743723647628619,0.9708355707811045,0.9600541632271523,0.9569770895931691,0.9581821484496666,0.9532074917159234,-0.5822240786165458,0.9867479321940806,0.9758174941187775,0.9300428628664739,0.8802264214642217,0.98640571165242,0.9435127979209934,0.9071792380626937,0.7484772982533084,0.4576988463711889,,0.027261909414849694,0.039763129102730124,0.023714865914643574,,0.07085930659432894,0.2320436304607894,-0.11786547193016993,0.028784592513724245,0.77801673490992,0.9480096271649392,-0.18537304111627248,,0.13720959449477008,0.11391045507751135,0.906171663385041,0.7813433618368535,0.2317558129417829,,,0.11463465927740565,,,0.052390457324975395,0.9587634422116307,0.9146844232367408,0.17904157661110312,-0.10021821290988484,0.2317558129417829,,,,0.9659939260585603,0.938124462349543,0.9302524894220978,,-0.19730609066744734,-0.008033467898775664,0.15557800229647717,-0.14497355703965922,0.17904157661110312,0.010851004643097158,0.030738258631284668,0.22432303947824342,0.8951584435691698,0.09753453974539172,-0.042492814354965124,0.9014870920371739,-0.031240417531403983,-0.4016754889679564,-0.12479908593433536,-0.9290775193654964,-0.6518961547080044,-0.04054989364201749,0.40058642550418255,0.9981906742560973,0.9132004499854697,0.9855749835277001,0.14046355190144458,0.8732732402201201,0.8688986734372477,0.07754515614935119,,,,0.9416570798341563,0.1844670789326517,0.9774184873947662,0.9089516502062549,0.9895082085040615,0.8732732402201201,0.7627859196103215,0.06627611016489923,0.8732732402201201,0.8674608678113802,,-0.08121490841493068,0.9032345000840323,0.8688986734372477,-0.79766847776604,0.9882255853440701,0.030464168487245112,0.8480099296962521,0.8473847193597963,,,,,,0.030464168487245112,0.030464168487245112,-0.21783190614199352,-0.2433379928028987,,,,,0.13720959449477008,-0.021702009286194316,,,,,,-0.28580606947567266,,0.11936105107406875,0.17904157661110312,0.07754515614935119,,,,,,,,,0.17904157661110312,,,,,0.8989662326199581,,,0.07085930659432894,,,,,,,-0.0030238808713566553,-0.0030238808713566553,,,-0.05793895323544573,,,,,,,,,,,,0.006351245988348283,-0.0038625968823630483,,,,,,,,,,,,,,,,
rdkit_ExactMolWt,-0.41698518828014114,0.9999496462649798,0.14350905153568191,0.45755048233235773,0.2449826859949897,0.0,0.6764057994285182,0.6764057994285182,0.2908982280917766,-0.7160315420805291,-0.8445061149584556,0.6757510989040457,0.9957184287599734,0.9951978002997993,1.0,0.9979629783486171,,0.6844260371660564,0.13732366351460212,-0.14082776915833212,0.6844260371660564,-0.6527224088411031,-0.46979137731736526,-0.26834425350113533,0.8397561406968334,-0.8525968367513418,0.9159458907375084,-0.9230231465016453,0.9072215122316759,-0.9141728519250194,0.10746999121414637,-0.886072421669941,0.7850232775267321,-0.6731303180181926,0.9587798973150452,0.9779536986763462,0.9899422542677986,0.9892548242053757,0.9805895083933228,0.9719962988940424,0.9690342261555519,0.9756584818963583,0.9716516708824102,0.9609641798473652,0.9573862625638265,0.9585995848557199,0.9529469583961909,-0.5541409791843633,0.9777242408205783,0.9813212858083519,0.9343531276338314,0.8850950590070067,0.9906777460375842,0.9517266639523181,0.8980364895305077,0.7290763664040937,0.4567186474302757,,0.02279641492610526,0.024942429590381652,0.021261911186118875,,0.07052824382513972,0.2309594961308718,-0.10489272439959488,0.03495152922988333,0.797826943527976,0.9519545436162589,-0.21567624116750722,,0.13905159989019966,0.11337825242820426,0.9061516499064467,0.7936080430478161,0.23067302332816922,,,0.11635062810519137,,,0.04973030567331578,0.9647984899962206,0.8925686493089587,0.1782050739270983,-0.08789049301594067,0.23067302332816922,,,,0.9697721606507799,0.9449643432077249,0.9151153515137037,,-0.21890929142528134,-0.007995934619710607,0.15730014808619522,-0.12913250520748723,0.1782050739270983,0.016200461266099846,0.030549802231709198,0.23428970269782137,0.8918961694965156,0.09328590389662376,-0.07412446826785642,0.9043873309857567,-0.031094458734519537,-0.3878699945839073,-0.12652700590025587,-0.9203428304759304,-0.6580089118137523,-0.033214657106297285,0.43410759272245275,0.9935848910875038,0.9229457826799592,0.9804039600917976,0.13357116027244106,0.8676553999484623,0.8617413999857082,0.07993938691097009,,,,0.9414065980963092,0.18360522768246493,0.9698097492154867,0.9139513681994075,0.9836802098265296,0.8676553999484623,0.765486689201482,0.05838057392211784,0.8676553999484623,0.8602194868284564,,-0.08318704020004425,0.9089167570022452,0.8617413999857082,-0.7995508557267479,0.9939685824203803,0.027565305831368996,0.8523996364294278,0.8517989214794841,,,,,,0.027565305831368996,0.027565305831368996,-0.250898529207149,-0.2765132469936433,,,,,0.13905159989019966,-0.02160061502146646,,,,,,-0.3116535115344897,,0.11880338261806553,0.1782050739270983,0.07993938691097009,,,,,,,,,0.1782050739270983,,,,,0.8942424496779334,,,0.07052824382513972,,,,,,,-0.02106827068319077,-0.02106827068319077,,,-0.04997915505443667,,,,,,,,,,,,0.0031607861210394494,-0.00384455038880282,,,,,,,,,,,,,,,,
rdkit_NumValenceElectrons,-0.42685787154594673,0.9980132320424501,0.13846453198542177,0.44901432341161457,0.24190271336424693,0.0,0.6759704605964911,0.6759704605964911,0.29321622232454175,-0.71518531462614,-0.8615046992309333,0.6705365991576062,0.9937473146237771,0.9929697604865921,0.9979629783486171,1.0,,0.6823456714474269,0.1452366319416521,-0.14865414002988042,0.6823456714474269,-0.655491490325856,-0.4766002070744724,-0.2751623760878501,0.8301126941207336,-0.8604863920143871,0.9122716889809546,-0.9234407802251597,0.9024662750910356,-0.9167900262933634,0.0962569879590706,-0.8847888649982176,0.7821977384445477,-0.6717684567845732,0.9563935704540009,0.9800854075996517,0.994030168195351,0.9860608415307518,0.9812149898345205,0.9729517263838872,0.9651895373602318,0.9757647953800112,0.9682314804078269,0.9607073165868472,0.9534882611306245,0.9574170647415455,0.9490241973417947,-0.5696092990274866,0.9757818524835804,0.9833965559345337,0.9359301670192538,0.8899425328144892,0.9874126636406028,0.9583508373219151,0.9027199898295742,0.7377910011461534,0.4400148015210862,,0.02451793001637076,0.029664070667450804,0.028129152618966136,,0.023905074797202445,0.23504946935790044,-0.10268046731179034,0.037118322050247565,0.7942608769936476,0.9586700148738995,-0.23123938461415158,,0.13916676895502728,0.11357475450859703,0.9092298969472056,0.7922944465628806,0.2347118121843608,,,0.1140108655533194,,,0.016027547178661783,0.9692821381139245,0.8934526251825687,0.1837572981540478,-0.08603002897154106,0.2347118121843608,,,,0.9764207852655384,0.9487054885054631,0.9190560961214488,,-0.2218375230327306,-0.004103875501665656,0.16004709547514684,-0.12753910658050593,0.1837572981540478,0.01621387924888657,0.03131563966603632,0.22183154405937028,0.8880087513121298,0.0428854989924061,-0.06390955568289625,0.9112017081279072,-0.037361122474425995,-0.3745372645612865,-0.1245014900192293,-0.92588226852138,-0.6671757457888675,-0.030990705532045727,0.4275786730775285,0.995045005743575,0.9349203202781707,0.986418668116189,0.13692895038292438,0.8644735170395565,0.8587152756582526,0.08000559646512624,,,,0.9424182166278802,0.17835267173775227,0.9741699586750445,0.925024632529107,0.9837830223168638,0.8644735170395565,0.7694737976191794,0.062327609181547144,0.8644735170395565,0.857093554672756,,-0.07781341352537646,0.9104870710097505,0.8587152756582526,-0.8162525725146302,0.9920564499218135,0.033105764054535,0.8608797379339218,0.8602568505786771,,,,,,0.033105764054535,0.033105764054535,-0.24278774924066143,-0.2698660824069615,,,,,0.13916676895502728,-0.027023132081477618,,,,,,-0.3068501911557925,,0.05945089057925076,0.1837572981540478,0.08000559646512624,,,,,,,,,0.1837572981540478,,,,,0.8925420905036701,,,0.023905074797202445,,,,,,,-0.01706939271635979,-0.01706939271635979,,,-0.05002055013765066,,,,,,,,,,,,0.0,0.0,,,,,,,,,,,,,,,,
rdkit_NumRadicalElectrons,,,,,,,,,,,,,,,,,,,,,,,,,,,,,,,,,,,,,,,,,,,,,,,,,,,,,,,,,,,,,,,,,,,,,,,,,,,,,,,,,,,,,,,,,,,,,,,,,,,,,,,,,,,,,,,,,,,,,,,,,,,,,,,,,,,,,,,,,,,,,,,,,,,,,,,,,,,,,,,,,,,,,,,,,,,,,,,,,,,,,,,,,,,,,,,,,,,,,,,,,,,,,,,,,,,,,,,,,,,,,,,
rdkit_MaxPartialCharge,-0.33617091542327937,0.683172537024917,0.2932554763262964,0.21355676840167442,0.15802768641045328,0.0,0.724113391773091,0.724113391773091,0.2913460545679849,-0.8211753052685533,-0.5192007041566616,0.3304662536201206,0.6801169074317952,0.7078220042246108,0.6844260371660564,0.6823456714474269,,1.0,0.13498221040728545,0.007824088345678049,1.0,-0.22862760087967166,-0.09052820819345443,0.024369622400729696,0.5816783723969474,-0.5335902768285099,0.6718737821374864,-0.5504761656221852,0.6822386128411416,-0.5749009332961219,0.4472637371747968,-0.6704954426995761,0.5204624714487,-0.28261901077899726,0.7620643398908742,0.7015006652707821,0.6973861061059047,0.7011988237128911,0.7073344447702019,0.6403664416789268,0.6456136459832261,0.6400344100518741,0.6435919684939615,0.6032555573012744,0.6176653774550354,0.6085384081653139,0.6191224582342517,-0.5450712246236411,0.708486798374866,0.6729290782449598,0.5977959576976832,0.6251717495265953,0.683933088004908,0.6083797572781435,0.5641560473915707,0.48093643920341805,0.572971381964234,,0.4734793209408289,0.41846351350298994,0.4719762119854612,,-0.036554049448073445,0.007331908908055135,-0.20694276597286804,0.09732719931093757,0.3623288391157563,0.6460594509861368,0.09250743598655309,,0.25598379479104894,-0.12358750051491499,0.5382060971605276,0.4219065301979955,0.007807369393400141,,,0.16156967653329285,,,0.16906797584457162,0.6176306870700982,0.7317407257339922,-0.019189452878137718,-0.04021444215716233,0.007807369393400141,,,,0.6670954218830674,0.5930410186460129,0.6773124673436283,,-0.20351099031191758,-0.12743807138029645,0.2294469378949796,-0.22034079996943154,-0.019189452878137718,0.18915317837021464,0.16331552049722503,0.02760653472183825,0.6046604851646119,0.10142996521301366,0.3009119947120412,0.5211823117658042,-0.06335406525655073,-0.7229580022414925,-0.17470996592126756,-0.6046404760867823,-0.39704128726987836,-0.24502519763958158,0.06147237247209494,0.7078157959237013,0.5825655087189704,0.713819139620434,-0.09067881696771396,0.5357307168631327,0.5099725019280645,0.2687498283638465,,,,0.5803783987014425,0.02467215370046278,0.657966667847945,0.57448689813817,0.7102175412325562,0.5357307168631327,0.5464756999448291,-0.13128864224567793,0.5357307168631327,0.5119275120008052,,-0.06741383857480052,0.572010078273787,0.5099725019280645,-0.5260314645352152,0.6819290430045069,0.36953101400028887,0.41352172354263794,0.41071478269967604,,,,,,0.36953101400028887,0.36953101400028887,0.080925655945261,-0.0010350491995767322,,,,,0.25598379479104894,-0.15625697343626427,,,,,,-0.22563530858111588,,0.10142996521301366,-0.019189452878137718,0.2687498283638465,,,,,,,,,-0.019189452878137718,,,,,0.5357265802935864,,,-0.036554049448073445,,,,,,,0.24871320706255398,0.24871320706255398,,,-0.07026632454060126,,,,,,,,,,,,0.28106529816240505,0.28106529816240505,,,,,,,,,,,,,,,,
rdkit_MinPartialCharge,-0.24654670245167204,0.13698043724787232,0.10229673575318582,-0.21592691479280993,-0.02327227557460077,0.0,0.1755558343694086,0.1755558343694086,0.28409026120924413,-0.16800739286775526,-0.14117614466979336,0.5282982563279127,0.14000046372716576,0.16609029255535873,0.13732366351460212,0.1452366319416521,,0.13498221040728545,1.0,-0.8763112990577936,0.13498221040728545,-0.14138813675937512,-0.10148142150851748,-0.06097634529373634,0.30134781444139874,-0.16912188648015733,0.31904824521254266,-0.27594804311984034,0.3659911832465401,-0.2561845173580336,-0.07826830644904563,-0.3493236537688888,0.04173959267425699,-0.19967226689816722,0.20789730326093858,0.17567265917360064,0.1488698626692792,0.13592852877957615,0.19188120062788513,0.24768130897141194,0.24508638999814303,0.2379406425552129,0.23466350918834877,0.2656646587858656,0.26521974630290157,0.271046240312843,0.2743086417171994,0.013246078672738635,0.1935727750526934,0.08059693669429438,0.030792660196103015,0.0829393623470975,0.11367735887984805,0.10556167885036898,0.27387896677206147,0.26050317509966675,0.09059639257663778,,-0.16183209913581897,-0.024362273298955246,-0.19516337158655675,,-0.22663473332011283,0.01860040593605117,0.2128617493465018,-0.1402278994600581,0.013181311887395913,0.12965509298183223,-0.2634390815817343,,-0.2434640177624338,-0.058439573260075664,0.3342941808001431,0.15750226351845847,0.017573096204593297,,,-0.288821251744063,,,0.004728547292072413,0.17263673818952144,0.2504269715133496,0.06581681086635416,-0.028007780074402525,0.017573096204593297,,,,0.08366014553130159,0.2081646047533831,0.23890431887738792,,-0.17334402670395266,-0.06614357117968835,-0.18952155098060813,0.25534843916778427,0.06581681086635416,-0.18373859700190537,0.040364773370395825,-0.09227479594925371,0.3662157673491702,-0.16728439428531683,-0.19975119307849704,0.14873885174810314,-0.14918236513377908,-0.003132220230659501,0.2829716449477878,-0.2565146712940321,-0.11582750408236195,-0.07939793760001135,0.25291546389276287,0.17670081242261035,0.09885313484693047,0.16350888094044935,0.13140507144622443,0.35381033929293854,0.382582257674557,-0.24924589241467796,,,,0.2618885953528643,0.15631492580759113,0.22368135381663495,0.15871532198377722,0.14532633217007493,0.35381033929293854,-0.05517282968093316,0.1880883601675302,0.35381033929293854,0.38569010339467996,,0.09963544885270288,-0.015808433459730726,0.382582257674557,-0.08115924617673546,0.11336088886080428,-0.3920721903152238,0.17946204311678401,0.17676234777364994,,,,,,-0.3920721903152238,-0.3920721903152238,-0.2732935222524254,-0.19092049900884642,,,,,-0.2434640177624338,-0.1508301915687283,,,,,,-0.13930086356882493,,-0.16728439428531683,0.06581681086635416,-0.24924589241467796,,,,,,,,,0.06581681086635416,,,,,0.33459699650121133,,,-0.22663473332011283,,,,,,,-0.014275722510838,-0.014275722510838,,,0.13277450465692714,,,,,,,,,,,,0.24602334686430616,0.24602334686430616,,,,,,,,,,,,,,,,
rdkit_MaxAbsPartialCharge,0.2229013418888882,-0.1404847266832359,-0.04828333547784507,0.20403477184102903,0.012644532037646827,0.0,-0.14292601680402198,-0.14292601680402198,-0.2945909740932215,0.02711279448026923,0.1333165483804036,-0.5630424229146408,-0.14344461913617934,-0.1694467114765911,-0.14082776915833212,-0.14865414002988042,,0.007824088345678049,-0.8763112990577936,1.0,0.007824088345678049,0.22848981727336284,0.17814143684982006,0.11867151885386769,-0.17378094627639037,0.19673059703828927,-0.32877433140890067,0.3008859653489168,-0.2574021848224907,0.2890990163761964,0.22214321567078057,0.3941881916197719,-0.04670699832300163,0.26703301531065105,-0.21059697927631374,-0.1788265401699002,-0.16054971332432086,-0.13995043415126138,-0.1956880427529472,-0.2607597005966872,-0.24864513601862612,-0.24562188727935602,-0.23466350918834877,-0.29013484534888667,-0.26975785362913457,-0.29569220001302604,-0.28127831744468795,0.08981034496620155,-0.19215152402398064,-0.0908470309379702,-0.07270097322885088,-0.04271284387539563,-0.11747724186910719,-0.11271789955443055,-0.33045476295910553,-0.289844019536933,-0.13205281562919602,,0.4721512578736089,0.17006525279896265,0.473654924299958,,0.2110156690447337,-0.034219470211430306,-0.23471169973914394,0.1121190609294747,-0.09333587897144505,-0.12822851545446767,0.3966435872124121,,0.22328047224844963,0.042820508984696526,-0.39280942460658586,-0.24362209955858594,-0.033193626164231785,,,0.2655701539037576,,,0.3296743172032886,-0.1924989812522137,-0.24368176667819022,-0.07678627934407986,-0.002499867973583035,-0.033193626164231785,,,,-0.08322940532350616,-0.21531456124815476,-0.2540695169770534,,0.17859787104428843,0.05052450690430921,0.16927774567895712,-0.2826204361489778,-0.07678627934407986,0.18373859700190537,0.14992116627597596,0.08182802946623939,-0.30529145962052506,0.15631492580759113,0.3392133902305753,-0.23762182641318766,0.14276218774506164,0.05233271329203009,-0.25986041498193263,0.2686763336027891,0.1611442180083251,-0.2771173372356756,-0.2635215962495561,-0.17989596273001016,-0.11182535667374514,-0.1606784707736242,-0.1443330051837533,-0.3965690012153541,-0.4259193400775913,0.23244279854402553,,,,-0.300286613689644,-0.161799660046454,-0.22823219347246151,-0.1643646263114234,-0.14276750498530924,-0.3965690012153541,0.021080220425084405,-0.19600342652329666,-0.3965690012153541,-0.429035705538767,,-0.11927121796398171,-0.023100064111424276,-0.4259193400775913,0.14132992690847795,-0.12504543829472367,0.3920721903152238,-0.2881778977187632,-0.2853451486063227,,,,,,0.3920721903152238,0.3920721903152238,0.2740203227951336,0.191788926751014,,,,,0.22328047224844963,0.1398607230910026,,,,,,0.16251767416362908,,0.15631492580759113,-0.07678627934407986,0.23244279854402553,,,,,,,,,-0.07678627934407986,,,,,-0.3906414691632373,,,0.2110156690447337,,,,,,,-0.014275722510838,-0.014275722510838,,,-0.1483950346165656,,,,,,,,,,,,0.24992847935421578,0.24992847935421578,,,,,,,,,,,,,,,,
rdkit_MinAbsPartialCharge,-0.33617091542327937,0.683172537024917,0.2932554763262964,0.21355676840167442,0.15802768641045328,0.0,0.724113391773091,0.724113391773091,0.2913460545679849,-0.8211753052685533,-0.5192007041566616,0.3304662536201206,0.6801169074317952,0.7078220042246108,0.6844260371660564,0.6823456714474269,,1.0,0.13498221040728545,0.007824088345678049,1.0,-0.22862760087967166,-0.09052820819345443,0.024369622400729696,0.5816783723969474,-0.5335902768285099,0.6718737821374864,-0.5504761656221852,0.6822386128411416,-0.5749009332961219,0.4472637371747968,-0.6704954426995761,0.5204624714487,-0.28261901077899726,0.7620643398908742,0.7015006652707821,0.6973861061059047,0.7011988237128911,0.7073344447702019,0.6403664416789268,0.6456136459832261,0.6400344100518741,0.6435919684939615,0.6032555573012744,0.6176653774550354,0.6085384081653139,0.6191224582342517,-0.5450712246236411,0.708486798374866,0.6729290782449598,0.5977959576976832,0.6251717495265953,0.683933088004908,0.6083797572781435,0.5641560473915707,0.48093643920341805,0.572971381964234,,0.4734793209408289,0.41846351350298994,0.4719762119854612,,-0.036554049448073445,0.007331908908055135,-0.20694276597286804,0.09732719931093757,0.3623288391157563,0.6460594509861368,0.09250743598655309,,0.25598379479104894,-0.12358750051491499,0.5382060971605276,0.4219065301979955,0.007807369393400141,,,0.16156967653329285,,,0.16906797584457162,0.6176306870700982,0.7317407257339922,-0.019189452878137718,-0.04021444215716233,0.007807369393400141,,,,0.6670954218830674,0.5930410186460129,0.6773124673436283,,-0.20351099031191758,-0.12743807138029645,0.2294469378949796,-0.22034079996943154,-0.019189452878137718,0.18915317837021464,0.16331552049722503,0.02760653472183825,0.6046604851646119,0.10142996521301366,0.3009119947120412,0.5211823117658042,-0.06335406525655073,-0.7229580022414925,-0.17470996592126756,-0.6046404760867823,-0.39704128726987836,-0.24502519763958158,0.06147237247209494,0.7078157959237013,0.5825655087189704,0.713819139620434,-0.09067881696771396,0.5357307168631327,0.5099725019280645,0.2687498283638465,,,,0.5803783987014425,0.02467215370046278,0.657966667847945,0.57448689813817,0.7102175412325562,0.5357307168631327,0.5464756999448291,-0.13128864224567793,0.5357307168631327,0.5119275120008052,,-0.06741383857480052,0.572010078273787,0.5099725019280645,-0.5260314645352152,0.6819290430045069,0.36953101400028887,0.41352172354263794,0.41071478269967604,,,,,,0.36953101400028887,0.36953101400028887,0.080925655945261,-0.0010350491995767322,,,,,0.25598379479104894,-0.15625697343626427,,,,,,-0.22563530858111588,,0.10142996521301366,-0.019189452878137718,0.2687498283638465,,,,,,,,,-0.019189452878137718,,,,,0.5357265802935864,,,-0.036554049448073445,,,,,,,0.24871320706255398,0.24871320706255398,,,-0.07026632454060126,,,,,,,,,,,,0.28106529816240505,0.28106529816240505,,,,,,,,,,,,,,,,
rdkit_FpDensityMorgan1,0.30151887830362417,-0.6529414353392418,-0.10233728265098709,-0.32909146033612546,-0.2552580472032919,0.0,-0.12506500884954053,-0.12506500884954053,-0.4353422617488233,0.327631711727537,0.7266545409145145,-0.7399668152156865,-0.6570160237903674,-0.6321495825685252,-0.6527224088411031,-0.655491490325856,,-0.22862760087967166,-0.14138813675937512,0.22848981727336284,-0.22862760087967166,1.0,0.9353009112014915,0.76547393766745,-0.6302517459261867,0.6840897491044067,-0.7039812556492122,0.7196088092181733,-0.6772385429911428,0.7258954152079641,0.4721181790729195,0.6676701752978028,-0.41882091295940926,0.6446749779083021,-0.5527512122159858,-0.5853085855600999,-0.6287783302710673,-0.6108177150925054,-0.6486946214268724,-0.6964694205564912,-0.6791077121146887,-0.7104880396472459,-0.6915589735387282,-0.7284175824131702,-0.6993868597724074,-0.7224015851970945,-0.6954386489460967,0.18594245674221052,-0.6301404785850693,-0.6219096523797135,-0.591092750703023,-0.4950243371576884,-0.6034387192153293,-0.7267653124104029,-0.6440877351784305,-0.5087514719163978,-0.28991961482722267,,0.19074639127785162,0.3229401878079331,0.1468503589337521,,0.10565452804672423,-0.08846207225157886,0.08999148838397876,0.24645270621688348,-0.7084503716433019,-0.7136584446331513,0.6542014985568125,,0.12233663807645849,0.04555745704767008,-0.7052224259374605,-0.6302854016528202,-0.08801096297785244,,,0.1799782224704244,,,0.22963875983006582,-0.734417945757816,-0.4244264131659425,-0.08599822500599556,0.21667501618275586,-0.08801096297785244,,,,-0.67550691252447,-0.7345463407558981,-0.50836006935731,,0.4628057073688052,0.0738714421108917,0.09608622377643065,0.19141071374298232,-0.08599822500599556,-0.0026874445314373613,0.1381978501015177,-0.4547504010979582,-0.6470630941527437,0.07734054298350262,0.5332612543630506,-0.8084377669822921,0.11719096569229473,0.16126587883502264,-0.1659461345667075,0.7403683260814027,0.5939125779959087,-0.03442575527768977,-0.7385771391556245,-0.6350432537517141,-0.7707848724521846,-0.6595487808491781,-0.17580777992143753,-0.7044873039413236,-0.7317031660634165,0.1550153276367894,,,,-0.686413292008324,-0.1881211172006153,-0.6696596944405393,-0.7615200853861384,-0.64056709804133,-0.7044873039413236,-0.3603371781850299,-0.1866172204707471,-0.7044873039413236,-0.7350222846115376,,-0.14526194976347065,-0.570810331111558,-0.7317031660634165,0.6817587896506251,-0.6146742674955628,0.05898813352550393,-0.8060419535342424,-0.8046332277215381,,,,,,0.05898813352550393,0.05898813352550393,0.6218108435223259,0.6305409709039249,,,,,0.12233663807645849,0.1531843382919296,,,,,,0.5304153201843514,,-0.0026874445314373613,-0.08599822500599556,0.1550153276367894,,,,,,,,,-0.08599822500599556,,,,,-0.6958521790036806,,,0.10565452804672423,,,,,,,0.20270712410306635,0.20270712410306635,,,0.20089458940596752,,,,,,,,,,,,0.20763589046362513,0.17219536234797217,,,,,,,,,,,,,,,,
rdkit_FpDensityMorgan2,0.19659705514708495,-0.4700870878272458,-0.08441922893939924,-0.245736502583383,-0.1936557978799392,0.0,0.012962686771906535,0.012962686771906535,-0.35715254661958074,0.21730589626048585,0.5920569869090301,-0.585270466139631,-0.47617594921059336,-0.4432767538121517,-0.46979137731736526,-0.4766002070744724,,-0.09052820819345443,-0.10148142150851748,0.17814143684982006,-0.09052820819345443,0.9353009112014915,1.0,0.9251917878556253,-0.453972098802081,0.5128616642338172,-0.49792462729905795,0.5130756967336498,-0.4887516214913137,0.5244760611125159,0.5277227188484999,0.4675928385875364,-0.21970435986702735,0.5022327435883028,-0.36700431312516646,-0.3993227173172983,-0.4494901044195624,-0.42919349392065775,-0.46668488815823916,-0.5078399566888318,-0.4893119407701517,-0.5315208979528239,-0.5133055439033166,-0.5305131718783932,-0.5037496469372049,-0.5199713008614955,-0.496457301088225,0.14312635022190187,-0.42712515624340863,-0.4578004416535985,-0.4364839919837161,-0.37585359902972937,-0.4215028347574781,-0.5655153884989359,-0.45414319922483365,-0.3363780835582977,-0.23562337937123445,,0.15403168416783447,0.3771804143302526,0.0998696860117826,,0.17364426022957766,-0.06947810882276285,-0.045104800106162905,0.25502824092858317,-0.5420581452658968,-0.5481757139315475,0.6028931395196188,,0.11861932419825832,0.04376814784870083,-0.5471107648975299,-0.4439765736200902,-0.06887225573705716,,,0.17296781219999996,,,0.27043554662807767,-0.552817545573487,-0.2446229456232059,-0.08061644250656966,0.09831358268795472,-0.06887225573705716,,,,-0.5099461392237521,-0.5459279373945561,-0.3306582746720336,,0.3883543214916689,0.07774202485013994,0.08527458461523905,0.08782335579036925,-0.08061644250656966,-0.010748859000875955,0.1471678472110812,-0.5393000133269523,-0.45834455096962573,0.16043219695124022,0.5281062146820318,-0.6529470970349969,0.12164677880036734,0.07378628172454091,-0.1600004008525398,0.5822359698885597,0.4498896906085946,-0.009548173530777119,-0.6192926097833492,-0.4492084251547675,-0.6245255039061092,-0.47978848012795405,-0.16325409545590402,-0.504038897123477,-0.5316396829934308,0.13991337612888,,,,-0.5100061062483601,-0.19347946201576718,-0.4807973155195494,-0.6071773610947307,-0.45791437514885996,-0.504038897123477,-0.2491657953667628,-0.18649924071660867,-0.504038897123477,-0.5348160053932609,,-0.11785982727590515,-0.4358564602270371,-0.5316396829934308,0.5461977668913697,-0.4283802604411183,0.01508869742566353,-0.6509455255125922,-0.6487561104078232,,,,,,0.01508869742566353,0.01508869742566353,0.5544058883201887,0.5638830348838233,,,,,0.11861932419825832,0.1451095965118254,,,,,,0.40894481575806335,,0.09942694575810258,-0.08061644250656966,0.13991337612888,,,,,,,,,-0.08061644250656966,,,,,-0.48936162782973347,,,0.17364426022957766,,,,,,,0.2845644867106265,0.2845644867106265,,,0.23340042222002702,,,,,,,,,,,,0.20132667852704658,0.1549625754083786,,,,,,,,,,,,,,,,
rdkit_FpDensityMorgan3,0.09615960958367203,-0.26842940480239336,-0.06774057114308184,-0.22389681966273683,-0.12315844605805519,0.0,0.07715555992943046,0.07715555992943046,-0.3250949478705399,0.12265148364102368,0.4071973255267946,-0.35030876398350164,-0.27892345453725514,-0.24236999590214328,-0.26834425350113533,-0.2751623760878501,,0.024369622400729696,-0.06097634529373634,0.11867151885386769,0.024369622400729696,0.76547393766745,0.9251917878556253,1.0,-0.27002072995669313,0.29027568919751373,-0.25740865780373107,0.26800111827701006,-0.26192055312265355,0.28488377936747433,0.4565291122467993,0.24281064505064065,-0.029011436857560115,0.31643927409026473,-0.17532562208591582,-0.20510952666547272,-0.248648667084441,-0.23435785806650994,-0.2646559654632606,-0.28981047112307295,-0.27518955636808096,-0.30276061138768,-0.289165241970695,-0.28845704378191184,-0.26930163754430675,-0.2761192678956609,-0.26027180333308153,0.10397364151322142,-0.19904988000026547,-0.28178246876701807,-0.2935002186362604,-0.2554402536722032,-0.2285445362819079,-0.3686936422782787,-0.26537812712865966,-0.12051780474972931,-0.17515459518017706,,0.10249883754275607,0.35000338940903264,0.04783095636771197,,0.13873814996421488,0.006125304634181673,-0.08704707604150903,0.2665177121506014,-0.36397628347929123,-0.35071698484652536,0.4745561717105295,,0.15578668038144725,-0.020315593703369213,-0.3262401168582603,-0.2670347350878028,0.00765732999649027,,,0.16307836646583082,,,0.2230099851183761,-0.3398242495134277,-0.08328463629617777,-0.07528977021589614,0.0527445588244059,0.00765732999649027,,,,-0.3209677675689444,-0.3306771238231402,-0.1667584680763692,,0.2993442130958514,0.07411618607359824,0.0781767861255091,0.07217197232560572,-0.07528977021589614,-0.010755681459413734,0.23744900755813483,-0.595864914054544,-0.24196730149213885,0.18784267544823796,0.45803669092950033,-0.44378762999405713,0.12021345424520488,0.03196179927666094,-0.15913292527238532,0.37105736014537916,0.33925960985598425,0.038447555025396284,-0.4252252934285606,-0.24721136265285587,-0.4392555994590473,-0.276805433032669,-0.10423338418215544,-0.2627644580243676,-0.2874778972149124,0.12902161797029835,,,,-0.2776740496969899,-0.19898010699915408,-0.27634517395487923,-0.4221456020072727,-0.262928101120491,-0.2627644580243676,-0.15133570439231694,-0.18651552611083194,-0.2627644580243676,-0.29389777228771263,,-0.03443266869194444,-0.3151638057163851,-0.2874778972149124,0.37652771323141165,-0.23516017084491075,-0.024706267270908192,-0.45807109601405255,-0.4580464446949818,,,,,,-0.024706267270908192,-0.024706267270908192,0.4265937652118024,0.4403522251125996,,,,,0.15578668038144725,0.04840056656736181,,,,,,0.28203624893387613,,0.14520169970208543,-0.07528977021589614,0.12902161797029835,,,,,,,,,-0.07528977021589614,,,,,-0.2496119890518711,,,0.13873814996421488,,,,,,,0.27375494205860945,0.27375494205860945,,,0.2718352148754046,,,,,,,,,,,,0.16997720359854143,0.12251727994384431,,,,,,,,,,,,,,,,
rdkit_BCUT2D_MWHI,-0.33696348986839314,0.8393084737528582,0.159007293016239,0.3293229538124828,0.1714883772835433,0.0,0.45911822096525023,0.45911822096525023,0.21211987716360386,-0.6322480304906798,-0.6827985407528445,0.7610253491015634,0.8398300998663693,0.8375746746724709,0.8397561406968334,0.8301126941207336,,0.5816783723969474,0.30134781444139874,-0.17378094627639037,0.5816783723969474,-0.6302517459261867,-0.453972098802081,-0.27002072995669313,1.0,-0.7232293017726368,0.8548359617713174,-0.8401395566123575,0.9118209158654202,-0.8250579634149571,0.013585285817304692,-0.8141245490930695,0.6244447835601266,-0.7428423530972772,0.7868974808090248,0.7761338449184136,0.8021595644378612,0.8275773987469364,0.8215401737880282,0.8240741477579766,0.8392464288055542,0.8444339170177149,0.8548948811414998,0.849216846796792,0.8660512155882127,0.8518233275858549,0.8664335490446134,-0.17389988521350627,0.8295197985326601,0.780514612232775,0.7033300821330317,0.668254174016907,0.8192374289706867,0.8262032015833304,0.754206510188583,0.6724297738444658,0.3312873467139726,,0.10292176940657344,-0.14030544047388643,0.08238749911134467,,0.2809792123408254,0.13260700300941564,-0.13493913451273096,-0.1841881126991943,0.6567000009607837,0.7749700752423448,-0.25499611581122944,,-0.13487343636328528,0.2018895485181123,0.7536449656287136,0.6446434769410875,0.1326721781668089,,,-0.034474029330412534,,,0.3919401620446223,0.8013904851315667,0.6960179993089434,0.09042836996656597,-0.2874251621287177,0.1326721781668089,,,,0.7890718889151953,0.7973913411631994,0.7078276677325782,,-0.2163079725518416,-0.07524063351667439,-0.13267522243335558,-0.13312259872187565,0.09042836996656597,-0.1178309063200708,0.060219155665833295,0.2890927662795987,0.8857531993967891,0.20003851538058534,-0.21930901740574285,0.7363422268151489,0.1169912459821937,-0.26376530467589854,0.039177452746780826,-0.798924120296802,-0.5565392689804117,-0.1959417331984491,0.5866973351281959,0.8277005837720813,0.7888953801268942,0.8052027653630094,0.08600420597319008,0.8263323908531418,0.8240472881437194,-0.19868337165079897,,,,0.8271335639230044,0.13427242813217372,0.814851654182708,0.7658767813465227,0.8337453437721942,0.8263323908531418,0.4668516699261989,0.03638124535844802,0.8263323908531418,0.8250194457736485,,0.012154209155170079,0.6954653450498723,0.8240472881437194,-0.6217339468145506,0.8063089475860572,-0.07835400572144186,0.6832293995141293,0.6821906592930885,,,,,,-0.07835400572144186,-0.07835400572144186,-0.4524642827441387,-0.4690568247690668,,,,,-0.13487343636328528,0.19455800810988436,,,,,,-0.35442791224025694,,0.20003851538058534,0.09042836996656597,-0.19868337165079897,,,,,,,,,0.09042836996656597,,,,,0.8197016679651064,,,0.2809792123408254,,,,,,,-0.17932791504279735,-0.17932791504279735,,,-0.015608491549036343,,,,,,,,,,,,0.2653443563336178,0.2653443563336178,,,,,,,,,,,,,,,,
rdkit_BCUT2D_MWLOW,0.4473458580800086,-0.8531482023889939,0.013599322466077443,-0.3866818798551389,-0.19792178374472136,0.0,-0.530869068643852,-0.530869068643852,-0.2984074869661681,0.515839853237418,0.7816126090173472,-0.7144520628578015,-0.8581183657577782,-0.8522595931960523,-0.8525968367513418,-0.8604863920143871,,-0.5335902768285099,-0.16912188648015733,0.19673059703828927,-0.5335902768285099,0.6840897491044067,0.5128616642338172,0.29027568919751373,-0.7232293017726368,1.0,-0.8761241597489775,0.9240980838749827,-0.8248079491474308,0.9493740303107346,-0.010371138631316742,0.8188458426794482,-0.7273017405770434,0.5961274970730189,-0.8106370066531403,-0.8176180354754362,-0.8411431900609133,-0.8302872418421325,-0.8600377885791257,-0.8833553137478581,-0.876954080911507,-0.8905748757062818,-0.8848846801610037,-0.8908879565940382,-0.8810771333704088,-0.8895787851776973,-0.8849257269486857,0.4228633950917858,-0.8798730652307168,-0.8110132350779536,-0.7350606237654558,-0.6917946495819002,-0.8269606306019311,-0.8568214324991369,-0.7871338509700397,-0.7132679110802255,-0.28821209644860535,,-0.04470258089724681,-0.01285565721788554,-0.05259127164381977,,0.04666601287272838,-0.27714865950176315,0.036926105631052406,-0.1368173019890514,-0.6367344803214849,-0.8296687161042593,0.2804607555764676,,-0.22312327033272766,-0.11547860812573464,-0.8668520826004262,-0.5867631601208226,-0.27706919716462736,,,-0.1837484940052205,,,0.072465945254512,-0.8597129465186846,-0.733915810045205,-0.20005185281296037,-0.015960133977990894,-0.27706919716462736,,,,-0.8374373358970343,-0.8319091226106089,-0.7735095112078934,,0.26941448949663177,-0.007698573875048976,-0.23120948172512198,0.034509766548220376,-0.20005185281296037,-0.18360923477353897,-0.09367516657015769,-0.07907108445293817,-0.7662039786814756,0.024663927059132097,0.09588293655607891,-0.8411561201242445,0.030300975679748276,0.19548526096852442,0.19899842855596464,0.8578458178788737,0.451988621311109,-0.04838390061250617,-0.4512742249479887,-0.859714757868281,-0.837079447266263,-0.8539112489021089,-0.3417854681925421,-0.7633648166435324,-0.8021529654395951,-0.15112137199174328,,,,-0.8323938459733867,-0.1726474894139247,-0.8449658552508689,-0.8252715220560833,-0.8487520124354924,-0.7633648166435324,-0.5245362041834359,-0.2809979464392876,-0.7633648166435324,-0.7986179737648093,,0.0831947759663381,-0.7121178044902116,-0.8021529654395951,0.7156573664641945,-0.824840340435935,-0.09794903740205582,-0.7699174867600451,-0.7721625381165955,,,,,,-0.09794903740205582,-0.09794903740205582,0.2620086970664148,0.28818177352832425,,,,,-0.22312327033272766,0.0411065450985535,,,,,,0.34800696996314634,,0.024663927059132097,-0.20005185281296037,-0.15112137199174328,,,,,,,,,-0.20005185281296037,,,,,-0.7769453927385305,,,0.04666601287272838,,,,,,,0.0122277185188594,0.0122277185188594,,,-0.015609532234626893,,,,,,,,,,,,0.054633362821194124,0.054633362821194124,,,,,,,,,,,,,,,,
rdkit_BCUT2D_CHGHI,-0.4196470317386625,0.91547242308175,0.15103546845115956,0.30579920798003707,0.2006818672909554,0.0,0.585753386123539,0.585753386123539,0.3275955531270181,-0.6660098120066076,-0.7825623260587421,0.8545721564684915,0.9167378912790052,0.9248722681592092,0.9159458907375084,0.9122716889809546,,0.6718737821374864,0.31904824521254266,-0.32877433140890067,0.6718737821374864,-0.7039812556492122,-0.49792462729905795,-0.25740865780373107,0.8548359617713174,-0.8761241597489775,1.0,-0.9527703703703704,0.9567922725616019,-0.9532444444444444,-0.01368888888888889,-0.9552296296296297,0.7111089269546143,-0.7071821043482474,0.8985149525498788,0.8844509670640559,0.8976699924273113,0.9043135778535653,0.9264528279481924,0.9374296278738778,0.9416671671675593,0.9520740378525269,0.954237337354923,0.9645903313661607,0.964234678321965,0.9684756602500987,0.9693943489119026,-0.4253708447372359,0.9485867848177278,0.8531388125209928,0.7712727295114049,0.692173536975597,0.8930786121575188,0.8925260602148618,0.8724717426298858,0.7640379657635599,0.48190836768178247,,-0.023100882962579453,-0.07529184305429328,-0.02322609100031701,,0.01049248434417676,0.2192876501880962,-0.10685886049927248,0.004342212210886991,0.7073846678793883,0.8789046758128132,-0.34916876934529256,,0.04411715238689972,0.04608256943120849,0.9074029870081246,0.723707312470999,0.2185172630221309,,,-0.020602854922630812,,,-0.0004913862825782937,0.9133231067794518,0.8180659673905977,0.19455656693411622,-0.1436074364029826,0.2185172630221309,,,,0.868735504168337,0.8897141183023128,0.8358027563044309,,-0.27966436813812134,0.0037435496906359296,0.08683760552059548,-0.10639288099197854,0.19455656693411622,-0.03014256670810251,0.08722733958630008,0.19056479391718373,0.9198783299559353,0.1452323668663121,-0.22099161378246004,0.8835596755300603,-0.12539946926199685,-0.3897283295530633,0.005663791070419943,-0.913919505440199,-0.567173917355995,0.007521627328856612,0.5551815414784764,0.9233694560957713,0.8518248704793567,0.9125483510413563,0.2245456083244283,0.9226497684110101,0.9406019980320851,-0.00839500985563391,,,,0.9170780801062631,0.16167376688891347,0.910338891684722,0.8489190051676212,0.9159339319438855,0.9226497684110101,0.5620828405163778,0.1923446376259137,0.9226497684110101,0.941145248899534,,0.004517627481421757,0.7230162473586597,0.9406019980320851,-0.7230716833027566,0.8878681980229537,-0.019588356329812456,0.8168116387266139,0.8133374149575737,,,,,,-0.019588356329812456,-0.019588356329812456,-0.3968709404066756,-0.41892398267244785,,,,,0.04411715238689972,-0.13427143351791118,,,,,,-0.4034004173835596,,0.1452323668663121,0.19455656693411622,-0.00839500985563391,,,,,,,,,0.19455656693411622,,,,,0.9233934294350951,,,0.01049248434417676,,,,,,,-0.08966329334147562,-0.08966329334147562,,,0.0,,,,,,,,,,,,-0.011706281947614154,-0.011706281947614154,,,,,,,,,,,,,,,,
rdkit_BCUT2D_CHGLO,0.4292268560463325,-0.9235334676925447,-0.05904908228851699,-0.35897588114445167,-0.20298775209518882,0.0,-0.5591363159515453,-0.5591363159515453,-0.2921313523293273,0.5585319989146645,0.7933201130904517,-0.8287640743784007,-0.9247778902607725,-0.9217580184704002,-0.9230231465016453,-0.9234407802251597,,-0.5504761656221852,-0.27594804311984034,0.3008859653489168,-0.5504761656221852,0.7196088092181733,0.5130756967336498,0.26800111827701006,-0.8401395566123575,0.9240980838749827,-0.9527703703703704,1.0,-0.9277253905839009,0.9884148148148149,0.053096296296296294,0.9176296296296297,-0.7542352588185731,0.7097902653332496,-0.8787870793402008,-0.880734661612343,-0.9061820862546992,-0.9071608287505313,-0.9321437891848268,-0.9554021284446315,-0.9551946964512344,-0.9576749091669499,-0.9569044189332198,-0.9716885733732337,-0.968695160251253,-0.9772032025372361,-0.9753658252136282,0.39437107775488456,-0.938645151167127,-0.8686207399931005,-0.8050611704283179,-0.7297434593867053,-0.8999308777239448,-0.9079251834239145,-0.8831855465937838,-0.8042283902796614,-0.34765936696395017,,0.10104288645420932,0.07341066672575056,0.10279579898253513,,-0.01328696509915851,-0.26558112382722787,0.054261300646858114,-0.03773327446549265,-0.750917671850096,-0.874598575966794,0.35021059297896295,,-0.11218361606954501,-0.09237604307034013,-0.9346531741927158,-0.7316762891370322,-0.2653423908125875,,,-0.06832132133918,,,0.017463112503936284,-0.9236914963599309,-0.7997782186917215,-0.20003703360831668,0.07579345612700499,-0.2653423908125875,,,,-0.8764679536450805,-0.9098873946873098,-0.8390819996243397,,0.24088179253663614,-0.007698003589195011,-0.12926884335536487,0.0585735095549558,-0.20003703360831668,0.03014256670810251,-0.12326279006046467,-0.12812682599080075,-0.9141230311720633,-0.09042770012430754,0.20622349168437315,-0.8940205621649352,0.05890697501799299,0.21090869898438955,0.08289161627371507,0.9093846602397789,0.568077768365941,-0.02660917406791485,-0.5728028684663568,-0.9228448399088428,-0.8714630950951033,-0.9096900558435678,-0.2246756540435351,-0.9183694183289842,-0.9292153943960587,-0.036378376041080275,,,,-0.9438517832864219,-0.19455656693411622,-0.9127489600149673,-0.8682772787848845,-0.9127604469993025,-0.9183694183289842,-0.5585935110986372,-0.1501110699893027,-0.9183694183289842,-0.9272636369148716,,0.008676113029174003,-0.7633338556025123,-0.9292153943960587,0.7379767119567856,-0.8965507086037134,0.09514344503051765,-0.8416770346456818,-0.8430993674597789,,,,,,0.09514344503051765,0.09514344503051765,0.38406279527232,0.38775165955134633,,,,,-0.11218361606954501,0.07398630010170616,,,,,,0.3686022983121343,,-0.09042770012430754,-0.20003703360831668,-0.036378376041080275,,,,,,,,,-0.20003703360831668,,,,,-0.9248679533340451,,,-0.01328696509915851,,,,,,,0.10800351243405018,0.10800351243405018,,,0.0,,,,,,,,,,,,0.03902093982538052,0.03902093982538052,,,,,,,,,,,,,,,,
rdkit_BCUT2D_LOGPHI,-0.4078819299528876,0.9067773838713241,0.1639343644477097,0.30969826021139246,0.22411866699634764,0.0,0.5561467561878041,0.5561467561878041,0.32643460311214423,-0.6962625509194148,-0.7718695281541629,0.8238338808741943,0.9074882308473904,0.9049657404507156,0.9072215122316759,0.9024662750910356,,0.6822386128411416,0.3659911832465401,-0.2574021848224907,0.6822386128411416,-0.6772385429911428,-0.4887516214913137,-0.26192055312265355,0.9118209158654202,-0.8248079491474308,0.9567922725616019,-0.9277253905839009,1.0,-0.9075474633394418,-0.0036444714406291758,-0.8953399655057896,0.6920772405434468,-0.6669531977476422,0.8708638441313665,0.8693543413939336,0.8847749407131574,0.8972614147436366,0.9079750738752962,0.918241562013718,0.9282280048126118,0.9368489782642404,0.9437538072751239,0.9381974519095435,0.9498155374134818,0.9425741402878496,0.9528872377881497,-0.33231461886228214,0.921367675365404,0.84536700165967,0.7578490331585557,0.724305413054726,0.8864183094725918,0.8783054379224275,0.8208390834455273,0.723627955068512,0.4460396446821316,,0.09878987355448472,-0.04010966382900728,0.08188666325048544,,0.01455249814337921,0.21939472744420613,-0.07527753145324101,-0.013548901754804952,0.7044663685877078,0.8648345901082541,-0.31450678540441596,,0.01638649226843653,0.04618836367246445,0.8723766797959468,0.70335072660376,0.2185188816865088,,,-0.04821980487632634,,,0.16850894419856555,0.8959600951924869,0.7930141810073449,0.20003851538058534,-0.13535141617262864,0.2185188816865088,,,,0.8534847090989961,0.8849626855678426,0.8042590988467455,,-0.2853099697117237,0.0076980606120774075,0.06463490045649613,-0.0786206406569195,0.20003851538058534,-0.04110380453025726,0.16906857183159002,0.20000578671938396,0.9425987373417106,0.15619445721497757,-0.2012814824472675,0.830164924877198,-0.13484985781793427,-0.3265372623915813,0.033325868350895835,-0.885057177618678,-0.5520866584817798,-0.15814433096109395,0.5873871430737279,0.9025863519090845,0.8351183123148403,0.8900947615692619,0.1772102792431457,0.8921003008178221,0.8983489320219384,-0.03637864551352658,,,,0.9018754973710967,0.16167496448567856,0.888457808293933,0.8381472013167388,0.8948692222058307,0.8921003008178221,0.5511376479631325,0.13856509101739334,0.8921003008178221,0.8987592394973838,,0.002362793381642706,0.7118774190385031,0.8983489320219384,-0.6704719736011594,0.877740165291498,-0.05316878959669268,0.7631890079698811,0.7602031704739468,,,,,,-0.05316878959669268,-0.05316878959669268,-0.4375433433503948,-0.4533036711266163,,,,,0.01638649226843653,-0.13975293540287467,,,,,,-0.405981063111567,,0.15619445721497757,0.20003851538058534,-0.03637864551352658,,,,,,,,,0.20003851538058534,,,,,0.8883529049689439,,,0.01455249814337921,,,,,,,-0.13449593628209802,-0.13449593628209802,,,0.0,,,,,,,,,,,,0.22632312746102698,0.22632312746102698,,,,,,,,,,,,,,,,
rdkit_BCUT2D_LOGPLOW,0.44359520399334706,-0.9146976091820064,-0.039461481631443224,-0.361168733646077,-0.19305143435587074,0.0,-0.564101081267591,-0.564101081267591,-0.3169103509644042,0.5680737292194911,0.7972468535359104,-0.8174535823423644,-0.9166488876002402,-0.9163380262235304,-0.9141728519250194,-0.9167900262933634,,-0.5749009332961219,-0.2561845173580336,0.2890990163761964,-0.5749009332961219,0.7258954152079641,0.5244760611125159,0.28488377936747433,-0.8250579634149571,0.9493740303107346,-0.9532444444444444,0.9884148148148149,-0.9075474633394418,1.0,0.03543703703703704,0.9179555555555555,-0.7398350466972168,0.7157475421285387,-0.8717763475384144,-0.8730493419382007,-0.8997461128730156,-0.8968098853855194,-0.9244320166474553,-0.9448823630652126,-0.942333912860621,-0.947421462210387,-0.9449914545501611,-0.9600409361758238,-0.9537280946413497,-0.9645490070988398,-0.9611706036328511,0.4177842159403099,-0.9345942582348203,-0.8581411227396891,-0.7866014337130611,-0.7135615464966465,-0.8880358193164261,-0.9051509675856747,-0.8807465102165277,-0.7993395550586729,-0.342497612170599,,0.05916079783099616,0.05141881964683443,0.056656637076245,,-0.0010017949876349672,-0.25340140581966586,0.08666046348602569,-0.037211109705955606,-0.71175471759593,-0.875073731811872,0.34544346059459236,,-0.13487243729709344,-0.08404532685737566,-0.917348636340635,-0.7064815967499345,-0.25363610886497334,,,-0.09878724510775108,,,0.040104680447351514,-0.9195530404329585,-0.7906118778205403,-0.16715423356311393,0.09364897890089814,-0.25363610886497334,,,,-0.8812469339358894,-0.8977626775066136,-0.829738402219668,,0.25732009234741793,0.019877721596756978,-0.12824722446688727,0.08297913853618738,-0.16715423356311393,0.0191816333597016,-0.11557682354737042,-0.13871458744953777,-0.8876240351671765,-0.05206443340490434,0.17715508662541432,-0.8918276284227801,0.017988517021682922,0.2466726250981243,0.112962904774674,0.9089104280619572,0.5622990487941547,-0.04286193663780602,-0.5508702737545733,-0.9190975814307827,-0.8775841001701413,-0.9112395527139479,-0.26503317553968236,-0.8964677730187638,-0.9196980006592432,-0.053168395752348094,,,,-0.9139432319467935,-0.19455656693411622,-0.9071860978942125,-0.8682020133353616,-0.9127153263602801,-0.8964677730187638,-0.54472643470572,-0.1879683753115083,-0.8964677730187638,-0.9169186421249548,,0.016955279710608017,-0.7508097255481098,-0.9196980006592432,0.7592674934437036,-0.8860161266533376,0.027983366185446366,-0.8320692631970018,-0.834164744801916,,,,,,0.027983366185446366,0.027983366185446366,0.35521145803668397,0.373433750965744,,,,,-0.13487243729709344,0.05206443340490434,,,,,,0.3737575752116047,,-0.05206443340490434,-0.16715423356311393,-0.053168395752348094,,,,,,,,,-0.16715423356311393,,,,,-0.9031691700631808,,,-0.0010017949876349672,,,,,,,0.08151208485588693,0.08151208485588693,,,-0.0039020939825380515,,,,,,,,,,,,0.05853140973807077,0.05853140973807077,,,,,,,,,,,,,,,,
rdkit_BCUT2D_MRHI,-0.11092101723018372,0.1076395309951589,0.09314657481694617,-0.006430391795306753,-0.06325168837048024,0.0,0.6703322388359931,0.6703322388359931,-0.18191519631911998,-0.4703450753520447,-0.05412974659343681,-0.3780787672072174,0.10492050331741753,0.1531522118597512,0.10746999121414637,0.0962569879590706,,0.4472637371747968,-0.07826830644904563,0.22214321567078057,0.4472637371747968,0.4721181790729195,0.5277227188484999,0.4565291122467993,0.013585285817304692,-0.010371138631316742,-0.01368888888888889,0.053096296296296294,-0.0036444714406291758,0.03543703703703704,1.0,0.0032,0.20096395099804076,0.2762724161556626,0.23677894404553396,0.20683469622053302,0.10794343374487302,0.13030621683146026,0.09994100594674486,0.005126533551097089,0.022076690725822724,-0.002178116622275643,0.010327532555960021,-0.05288857144727198,-0.02731119001886306,-0.045593629231786316,-0.02831635536624753,-0.4800955291706397,0.12866023289381595,0.1868370288508349,0.19406465977663062,0.28494108939589424,0.15438361965568825,0.047769919781454326,0.09229433358843939,0.015866219827625153,0.08191574728776294,,0.3921515741940317,0.6215272219767404,0.3861415883826289,,0.25756676392614813,0.04571348706734297,-0.0013134795745608472,0.08953751508272036,-0.13760327278184195,0.08442925422229149,0.811170195258404,,0.3062990865719038,0.10729751578090306,-0.04219096084553726,-0.12933679429263575,0.04682512779045662,,,0.3581076774318064,,,0.38558703604470573,-0.030200345044142138,0.31480090266419347,-0.024662100033902054,0.1763811096809704,0.04682512779045662,,,,0.13790771696334075,-0.05905241228348879,0.1997792893800157,,0.34869866514787173,-0.03126654882460713,0.2490706850108374,-0.10503556258874427,-0.024662100033902054,0.18907610025991575,0.08576676651060304,-0.0680450077974888,-0.06281585464108483,0.1835956335857153,0.8856038921100927,-0.08216092973141796,0.1697855931901976,-0.33230208437732206,-0.35428421270328503,-0.03273684002525417,0.03058276204145393,-0.33752830174215853,-0.6772609660822347,0.1405521709950822,0.012767096369748192,0.1284578036521949,-0.008496320314978368,-0.17116713813415457,-0.1792883828326455,0.2938253449471868,,,,-0.04527530703042541,-0.057544900079104795,0.11074188189164773,0.02607195171469669,0.14912371196938579,-0.17116713813415457,0.3867590774879229,-0.07360556856517969,-0.17116713813415457,-0.18515047904122073,,-0.274365535116472,0.21777740838674348,-0.1792883828326455,-0.03339556121886797,0.15558881161870097,0.2686403153802851,-0.10970383059797799,-0.1038197115936455,,,,,,0.2686403153802851,0.2686403153802851,0.7763287453536281,0.752274264614163,,,,,0.3062990865719038,0.17811516691151483,,,,,,0.45495318637826365,,0.1835956335857153,-0.024662100033902054,0.2938253449471868,,,,,,,,,-0.024662100033902054,,,,,-0.13790678781232468,,,0.25756676392614813,,,,,,,0.4768456964069385,0.4768456964069385,,,-0.20290888709197868,,,,,,,,,,,,0.2809507667427397,0.2809507667427397,,,,,,,,,,,,,,,,
rdkit_BCUT2D_MRLOW,0.39680596837101767,-0.8858357914165548,-0.20957225964556847,-0.2533485467925119,-0.17485336556164172,0.0,-0.5971352958630107,-0.5971352958630107,-0.3236386197325411,0.6626613165890753,0.7477254702577101,-0.8280377125045268,-0.8849635779599173,-0.9002128006713795,-0.886072421669941,-0.8847888649982176,,-0.6704954426995761,-0.3493236537688888,0.3941881916197719,-0.6704954426995761,0.6676701752978028,0.4675928385875364,0.24281064505064065,-0.8141245490930695,0.8188458426794482,-0.9552296296296297,0.9176296296296297,-0.8953399655057896,0.9179555555555555,0.0032,1.0,-0.6784149469061274,0.7033143201602611,-0.8911633183560393,-0.8657802484746503,-0.8778282127390793,-0.8802602395469045,-0.9112818842860415,-0.9048479883395931,-0.9069815745573908,-0.9040073009636684,-0.9045110830395688,-0.9221046114616136,-0.9195557646448775,-0.9296388379502898,-0.9279792713354181,0.46743135233350097,-0.9165024216726066,-0.8367811096693506,-0.7680823409311958,-0.6757988056917978,-0.8686210668782192,-0.8588645856856321,-0.8676684869421606,-0.8268280058564393,-0.40296388260699906,,0.0715563935670144,0.08295091810621721,0.06742452832167499,,0.044026253403957764,-0.1480020279100712,0.09640940077276619,0.09036198575567359,-0.683219967878859,-0.873277048772671,0.3529572189222759,,0.03151225170492837,0.05984406899819408,-0.8989885811453431,-0.7398270675521006,-0.14827957133644595,,,0.10896342725038789,,,0.08962129815331803,-0.8821734385119182,-0.8355898543502088,-0.09042770012430754,0.18718231322424514,-0.14827957133644595,,,,-0.8439797925997993,-0.8714232857827784,-0.8575296150130506,,0.27910658151779544,0.06369307079279159,0.04069448572435749,0.08587649128155285,-0.09042770012430754,0.046583966730703884,0.02396776473397924,-0.15019708931323847,-0.9201245459466892,-0.11234956682110936,0.20327610511991862,-0.8692463377265347,0.0886422103839556,0.39387792963312296,-0.09090228209707145,0.9173576887294063,0.6266058255673669,-0.06202507762137538,-0.5121629282625122,-0.9009758394308834,-0.8280159610330696,-0.8964666796390615,-0.10499024389223269,-0.9368967730635929,-0.9366610804945821,0.09514344503051765,,,,-0.9211578824956207,-0.1835956335857153,-0.8984704419829481,-0.8205740368773361,-0.8951784379935322,-0.9368967730635929,-0.5486068096616556,-0.044078979455938555,-0.9368967730635929,-0.937001019058995,,0.02323081244630686,-0.7162348167486337,-0.9366610804945821,0.75732658016967,-0.8631393410958408,0.025185029566901728,-0.822068721217401,-0.822936097407575,,,,,,0.025185029566901728,0.025185029566901728,0.35138221876971165,0.3708304948592709,,,,,0.03151225170492837,0.17811516691151483,,,,,,0.3789128521110751,,-0.11234956682110936,-0.09042770012430754,0.09514344503051765,,,,,,,,,-0.09042770012430754,,,,,-0.9397528840613405,,,0.044026253403957764,,,,,,,0.010189010606985866,0.010189010606985866,,,-0.007804187965076103,,,,,,,,,,,,0.08194397363329908,0.08194397363329908,,,,,,,,,,,,,,,,
rdkit_AvgIpc,-0.21716645675461127,0.7846896728391642,0.10323041963391624,0.45526361373844176,0.16655790202427975,0.0,0.5508895992621999,0.5508895992621999,0.15096601467836887,-0.5968922454268915,-0.6850937294950197,0.4459745437252016,0.7836505714330806,0.7888668103999473,0.7850232775267321,0.7821977384445477,,0.5204624714487,0.04173959267425699,-0.04670699832300163,0.5204624714487,-0.41882091295940926,-0.21970435986702735,-0.029011436857560115,0.6244447835601266,-0.7273017405770434,0.7111089269546143,-0.7542352588185731,0.6920772405434468,-0.7398350466972168,0.20096395099804076,-0.6784149469061274,1.0,-0.4139194121159713,0.7695215483780314,0.7992840834217154,0.782235779684673,0.7802929046383381,0.779055627223597,0.7693585577242079,0.7658186190918347,0.7605857340768799,0.7557895175228226,0.7532916254433777,0.7500081270949719,0.7502152890734217,0.7443197717223168,-0.4008711472964967,0.9353846631770243,0.7776797573055231,0.7658821780972808,0.6872359577447082,0.7833173427945437,0.7421139839512083,0.7473829525572819,0.6704303190721774,0.22955597662901522,,-0.019515436694692783,0.13416329621066359,-0.03252659394556131,,0.06114972304924707,0.24592823400240668,-0.16464987523276714,0.05044582035990535,0.6460335180072567,0.7550011318743564,-0.08199128369292079,,0.1609978211204059,0.10972182747799683,0.6680439415299011,0.6642132688882563,0.24543936017605159,,,0.12413459603872555,,,0.04823692854061886,0.773137384362613,0.7161705589434758,0.19930882473076172,-0.11726933159522221,0.24543936017605159,,,,0.7657219925607508,0.7693775981664185,0.732482249246677,,-0.14180030791140003,0.015134045169378873,0.189327377043495,-0.19805462095466744,0.19930882473076172,0.02693362496361645,0.01270395382770292,0.051080337430051484,0.6742285591413086,0.1103353698497284,0.07169587846147021,0.7293104052972984,-0.059050236669179954,-0.21317267122308342,-0.1355546901936259,-0.7103896347727106,-0.5584491650740002,-0.05388909919416035,0.2689185682480039,0.7869028592565349,0.7135891783943787,0.7802377440238377,0.1446294676553654,0.6462884644407055,0.638125156656418,0.10448768101909342,,,,0.712128814922811,0.19392209973803845,0.7933192446773316,0.7402689072618126,0.779885655822329,0.6462884644407055,0.6439819250468687,0.07188671455454965,0.6462884644407055,0.6370753363101962,,-0.02664601938184477,0.7289303428219537,0.638125156656418,-0.6270651501418923,0.7913475716886073,-0.03574578561179512,0.7002720928733344,0.6975757656583242,,,,,,-0.03574578561179512,-0.03574578561179512,-0.09532300610827892,-0.09670387106561734,,,,,0.1609978211204059,-0.04848052493450961,,,,,,-0.19358966112497142,,0.1319747623217206,0.19930882473076172,0.10448768101909342,,,,,,,,,0.19930882473076172,,,,,0.6764583383590368,,,0.06114972304924707,,,,,,,0.09707334785732402,0.09707334785732402,,,-0.07669980005501612,,,,,,,,,,,,0.009458778230861794,-0.003834990002750806,,,,,,,,,,,,,,,,
rdkit_BalabanJ,0.31545108729680627,-0.6731355891634857,-0.057780836157769265,-0.24070779118409047,-0.11352105963428945,0.0,-0.2238683777796843,-0.2238683777796843,-0.07456714899894362,0.2745040862834426,0.510040362318946,-0.7400413348143883,-0.6673367916670473,-0.6699488596187169,-0.6731303180181926,-0.6717684567845732,,-0.28261901077899726,-0.19967226689816722,0.26703301531065105,-0.28261901077899726,0.6446749779083021,0.5022327435883028,0.31643927409026473,-0.7428423530972772,0.5961274970730189,-0.7071821043482474,0.7097902653332496,-0.6669531977476422,0.7157475421285387,0.2762724161556626,0.7033143201602611,-0.4139194121159713,1.0,-0.6172720056210106,-0.583156238010531,-0.654575650037165,-0.6574251000199143,-0.644048643746445,-0.6701946778300163,-0.6689134934290625,-0.7033454396115918,-0.6991885600842708,-0.7244828225174398,-0.7094480118036133,-0.7229973129304509,-0.710554791905725,0.17055125450524822,-0.6423316934764163,-0.6129534518571574,-0.5459656267861172,-0.4953226862834713,-0.6459102889783574,-0.6788008678417686,-0.6068506738062108,-0.6850601760865156,-0.21586331810498519,,0.15908651477677266,0.3591746391418994,0.1656280945362226,,-0.18422830516117317,-0.20681705113028462,-0.0149533800492896,0.12003630990092072,-0.5827199797808271,-0.6199263843309823,0.4140142821093807,,0.16056285392420797,-0.2539831685601449,-0.6949895970402697,-0.5725348387054234,-0.2065299673478578,,,0.05720795347786121,,,-0.044420024746943496,-0.6658926556798664,-0.5650092593528758,-0.16116515095375147,0.1583797017432488,-0.2065299673478578,,,,-0.6365321700327835,-0.6378505151150035,-0.5951692574745261,,0.08817391074986602,-0.07852521172106468,0.1388051815744455,-0.019323111846616933,-0.16116515095375147,0.19877035284296016,-0.04920635091404783,-0.1815532354579941,-0.7525348839920012,-0.038956663477203515,0.4162523325535614,-0.6081785230357669,-0.0963837485075686,0.10840627143961458,-0.06165005298556913,0.6559665690206795,0.400600761711152,-0.09563908878473805,-0.5920441397360792,-0.6671312463413835,-0.6757391005401545,-0.6486340874402938,-0.17437753175014414,-0.8199939850103495,-0.828374616292258,0.24405998546342017,,,,-0.7380820189223566,-0.1504208075568347,-0.6353181914066759,-0.584526175488782,-0.6666065458123488,-0.8199939850103495,-0.26576930517966657,-0.12003139505934171,-0.8199939850103495,-0.8276780566555281,,-0.10786789867058703,-0.5610913423779408,-0.828374616292258,0.5058114386026877,-0.642129621758013,0.11654549867635233,-0.5899275640316225,-0.5867930235523432,,,,,,0.11654549867635233,0.11654549867635233,0.5046722794530895,0.5121999289153366,,,,,0.16056285392420797,-0.19608426699373097,,,,,,0.33582275610060514,,-0.06446606038150059,-0.16116515095375147,0.24405998546342017,,,,,,,,,-0.16116515095375147,,,,,-0.8061748934455378,,,-0.18422830516117317,,,,,,,0.2694741545844125,0.2694741545844125,,,-0.02677240317472231,,,,,,,,,,,,0.1037654583456926,0.11856349977377022,,,,,,,,,,,,,,,,
rdkit_BertzCT,-0.432754904193944,0.9587279719045212,0.18987373850698328,0.3920082230409494,0.21751902280807248,0.0,0.7718051554666554,0.7718051554666554,0.28358219790643907,-0.7636540150024869,-0.7986586999999645,0.6248922804965469,0.9523849782279941,0.973922847338789,0.9587798973150452,0.9563935704540009,,0.7620643398908742,0.20789730326093858,-0.21059697927631374,0.7620643398908742,-0.5527512122159858,-0.36700431312516646,-0.17532562208591582,0.7868974808090248,-0.8106370066531403,0.8985149525498788,-0.8787870793402008,0.8708638441313665,-0.8717763475384144,0.23677894404553396,-0.8911633183560393,0.7695215483780314,-0.6172720056210106,1.0,0.9621044968643168,0.9567021454934376,0.9557901591770209,0.9721627552785351,0.9442443777588491,0.9413967944787669,0.9405759882575677,0.9355640633439803,0.9267421085598737,0.923296017744393,0.9271470729943951,0.9201558082457966,-0.6284094057582181,0.9688765929995148,0.9427211588860798,0.8998907651538053,0.8618239206226453,0.9496980546733015,0.8917244462120806,0.8737787746948457,0.7384848821903618,0.5043434610757515,,0.06533864508816117,0.11307479455547857,0.0700946294071739,,0.05497743348696584,0.24500147539089417,-0.08200426066237775,0.06091884423870599,0.7498166789846009,0.9059858525091297,-0.12415907380739065,,0.1828271746044359,0.10536491427093825,0.8792393161671477,0.7545271449320998,0.24481983240627528,,,0.14882770599352058,,,0.039275674914034504,0.9142171378094976,0.9390371707953761,0.1826863535893466,-0.03879741930409415,0.24481983240627528,,,,0.9224211217085578,0.9054815305882227,0.9439040409556156,,-0.20252690755912137,0.003467964264483931,0.19566584806504136,-0.12065218062106167,0.1826863535893466,0.09671630484141878,0.044931655802621394,0.16388544068439054,0.8717599660046219,0.08894308348911728,0.029267024852210204,0.8631047284427139,-0.03425072438564043,-0.4750872502461067,-0.16129290458013898,-0.894382702697175,-0.6226506714157458,-0.04753180630642713,0.3069437410116188,0.9727037060659341,0.863669803036013,0.9603559495917168,0.10355509096255376,0.8564126113175446,0.8409106385863703,0.12068034878132794,,,,0.9235754900139473,0.1773132255426011,0.9538818321727717,0.8679260003153977,0.961308603918357,0.8564126113175446,0.7630007120521589,0.01101588648718425,0.8564126113175446,0.8388694560104056,,-0.07553193869105604,0.870746121916792,0.8409106385863703,-0.7497900480971368,0.9527728896826952,0.08502479118684468,0.8040853736548029,0.801684400245508,,,,,,0.08502479118684468,0.08502479118684468,-0.13489318851211127,-0.16230147502122036,,,,,0.1828271746044359,-0.03761189632721841,,,,,,-0.2604033166831611,,0.11283568898165525,0.1826863535893466,0.12068034878132794,,,,,,,,,0.1826863535893466,,,,,0.8786009121823921,,,0.05497743348696584,,,,,,,0.08185486792258412,0.08185486792258412,,,-0.07268088774561297,,,,,,,,,,,,0.0031449675927918003,-0.0038253098813480512,,,,,,,,,,,,,,,,
rdkit_Chi0,-0.4389246488850791,0.9779311679056486,0.15597795082014557,0.41537656021091385,0.23955107656903746,0.0,0.752595236418499,0.752595236418499,0.30459408198420473,-0.7783361190553191,-0.8718136063196228,0.6051931659074682,0.973736795442679,0.9820827525550689,0.9779536986763462,0.9800854075996517,,0.7015006652707821,0.17567265917360064,-0.1788265401699002,0.7015006652707821,-0.5853085855600999,-0.3993227173172983,-0.20510952666547272,0.7761338449184136,-0.8176180354754362,0.8844509670640559,-0.880734661612343,0.8693543413939336,-0.8730493419382007,0.20683469622053302,-0.8657802484746503,0.7992840834217154,-0.583156238010531,0.9621044968643168,1.0,0.979696823433842,0.9709943136908292,0.9698267721230566,0.9441568239530053,0.9378459779114907,0.9429910323444474,0.936908416779153,0.9263907536566036,0.9216069313811583,0.9240555701423443,0.9174730217712461,-0.6486228253330836,0.9632777801253781,0.9768229707034992,0.9448155806024461,0.8989479912681819,0.9776639872062698,0.9299118141614859,0.9111230634621267,0.7244458678254772,0.4362739535952679,,0.032676266613644325,0.09991827181196246,0.035236866901636514,,-0.014115415300589169,0.23433635111340423,-0.13025687648697637,0.03700570851092996,0.7789598641893024,0.9532004400565753,-0.1580054919609656,,0.13874454991219973,0.07916906842504359,0.8776134468792954,0.8062163386560526,0.23399971836034725,,,0.09180631964814602,,,-0.009508118334619566,0.9506330894955046,0.9245371200063752,0.1831997955898814,-0.10815816553250986,0.23399971836034725,,,,0.9648491811035335,0.9312439339334393,0.933590262036182,,-0.21468001882853233,-0.004091424724808454,0.15956152746227814,-0.1520866903831472,0.1831997955898814,0.016164687846166006,-0.012908852772604366,0.22028935205847638,0.855954163037506,0.04265310275612814,0.038389099493561465,0.9001557114620928,-0.06562502546518448,-0.42311231083007017,-0.10500912917263021,-0.9182320095174114,-0.6984348777881917,-0.03076464550656429,0.3325357154370096,0.984785750009775,0.9052713392748027,0.9788548227043571,0.1287355713898217,0.8226706206802528,0.8150813702367268,0.07976286692118412,,,,0.9108399041650954,0.17781156630782607,0.9783797360931438,0.9201655480186227,0.9729113140058967,0.8226706206802528,0.8368475779518196,0.052677093331908856,0.8226706206802528,0.812879062886284,,-0.09550517831389702,0.9109705440649823,0.8150813702367268,-0.819087377670191,0.9824074043720489,0.04400709899099813,0.8613710298231773,0.8610965373341297,,,,,,0.04400709899099813,0.04400709899099813,-0.1402865196772331,-0.1662174717842992,,,,,0.13874454991219973,-0.07543520994877469,,,,,,-0.24725843420259097,,0.05388229282055335,0.1831997955898814,0.07976286692118412,,,,,,,,,0.1831997955898814,,,,,0.8613923525588443,,,-0.014115415300589169,,,,,,,0.07007249432766666,0.07007249432766666,,,-0.04986879243745105,,,,,,,,,,,,0.0,-0.003836060956727004,,,,,,,,,,,,,,,,
rdkit_Chi0n,-0.40736669954429167,0.9898775266214059,0.1590580640433866,0.42634629936335705,0.23744681691446184,0.0,0.6939830833418325,0.6939830833418325,0.3195412724813503,-0.7200204861044295,-0.8505369608523552,0.6458500044331664,0.9863879545616525,0.984761616021146,0.9899422542677986,0.994030168195351,,0.6973861061059047,0.1488698626692792,-0.16054971332432086,0.6973861061059047,-0.6287783302710673,-0.4494901044195624,-0.248648667084441,0.8021595644378612,-0.8411431900609133,0.8976699924273113,-0.9061820862546992,0.8847749407131574,-0.8997461128730156,0.10794343374487302,-0.8778282127390793,0.782235779684673,-0.654575650037165,0.9567021454934376,0.979696823433842,1.0,0.9881383479227852,0.9734121414138458,0.966952138080136,0.9570804100921345,0.9633325951991362,0.9546998678731768,0.9495015754920366,0.9409818413442811,0.9470200534218721,0.937874230441039,-0.586464167943377,0.9662549620786084,0.9798441594652211,0.9332298493673661,0.8847632021565178,0.9831673466672257,0.9420381501430775,0.9063415358299101,0.722763541064744,0.44866084581140664,,0.009568520118278814,0.0826289185481584,0.010234730138124244,,-0.010919254316562776,0.23757031821456207,-0.09474935592105482,0.05276204481028179,0.7891647036809246,0.9530519090091724,-0.24845539107535386,,0.150782996531164,0.1054167262524238,0.893977948868278,0.8137677852999288,0.23728583786877355,,,0.11976283975845257,,,-0.01696305026087964,0.9619608125807102,0.8944037888245311,0.1827761874969175,-0.07316104826005897,0.23728583786877355,,,,0.970451309695872,0.9483285393329043,0.9133360659059967,,-0.24499214345538706,-0.004081964230490757,0.16894444071042025,-0.11207844084719272,0.1827761874969175,0.01612731066149272,0.033815755658234206,0.20872899200220327,0.8779718200897139,0.019287280989068827,-0.04595138114333504,0.9010159851539064,-0.0403912690493801,-0.41067492196524885,-0.13085951990262715,-0.9044896770674264,-0.6872469116153682,-0.011526532433108295,0.4131712158547355,0.9890697085016635,0.9277360783211377,0.9821927801362726,0.122229927868926,0.8579593778423549,0.8482100621708851,0.09055476896333305,,,,0.9303584696850333,0.17740041727641995,0.9688231081488692,0.9170537237350737,0.9766662164302491,0.8579593778423549,0.7802616832500026,0.04122783872795665,0.8579593778423549,0.8462140916111179,,-0.07063112039534457,0.9057970174199901,0.8482100621708851,-0.8137747404221137,0.9900217823464684,0.024696755171818102,0.8575624345684211,0.8561284920440274,,,,,,0.024696755171818102,0.024696755171818102,-0.2271903298558794,-0.25173594587572307,,,,,0.150782996531164,-0.03763039154348302,,,,,,-0.3303839799053457,,0.021503080881990298,0.1827761874969175,0.09055476896333305,,,,,,,,,0.1827761874969175,,,,,0.8875532266955798,,,-0.010919254316562776,,,,,,,0.047938606308236736,0.047938606308236736,,,-0.03444471840030584,,,,,,,,,,,,-0.012586056377346501,-0.01913595466683658,,,,,,,,,,,,,,,,
rdkit_Chi0v,-0.3692722304271319,0.9891900619425689,0.17497980667784163,0.44107564912000885,0.23655327306991175,0.0,0.7086160507402713,0.7086160507402713,0.29910955246805127,-0.7410029512806894,-0.8108472304713917,0.6530612693222432,0.9857034283884925,0.984761616021146,0.9892548242053757,0.9860608415307518,,0.7011988237128911,0.13592852877957615,-0.13995043415126138,0.7011988237128911,-0.6108177150925054,-0.42919349392065775,-0.23435785806650994,0.8275773987469364,-0.8302872418421325,0.9043135778535653,-0.9071608287505313,0.8972614147436366,-0.8968098853855194,0.13030621683146026,-0.8802602395469045,0.7802929046383381,-0.6574251000199143,0.9557901591770209,0.9709943136908292,0.9881383479227852,1.0,0.9671985989025831,0.9594165766001176,0.9685475688660756,0.957449234826824,0.9661674347005651,0.9438170037111764,0.9554141000260141,0.9428460251767256,0.9527326313273458,-0.535995993257376,0.963248298256659,0.9735653940073503,0.9300914078549258,0.8787457628948163,0.9942607926753635,0.9091207976347093,0.8718572435867069,0.6890805726768529,0.4588281437377001,,0.05825789240155597,0.06654474603537829,0.00950800373778406,,0.06633191874547481,0.23757031821456207,-0.09474935592105482,0.03883392819537616,0.771543218126667,0.9385204582202777,-0.1964031163322444,,0.13842373452041287,0.11674417699203565,0.8758128360321669,0.7979681671729564,0.23728583786877355,,,0.11582526536072905,,,0.09499308146092598,0.9509804201011913,0.8990529209925788,0.1827761874969175,-0.08165774701886777,0.23728583786877355,,,,0.9553129769567029,0.9368000518002915,0.8998957652039926,,-0.20947283641166922,-0.004081964230490757,0.1567546117200038,-0.1161173035804249,0.1827761874969175,0.010751540440995149,0.06345755335733323,0.22392231262176276,0.8988887484784215,0.16450315848877753,-0.07034755111246581,0.8728812715090718,-0.030954056654665118,-0.41213488820430516,-0.12607677547870508,-0.8901990749944358,-0.6571888517204938,-0.0751200585140572,0.43204168971302215,0.9820261194261777,0.8908666614390426,0.9684026477961006,0.122229927868926,0.8600905810550482,0.8503357143394654,0.0768343494234341,,,,0.9220113444427578,0.17740041727641995,0.9588061219085033,0.8810020094205723,0.9830826199650882,0.8600905810550482,0.7697569084323947,0.04122783872795665,0.8600905810550482,0.8483850614315962,,-0.07604458793470811,0.9046557659609209,0.8503357143394654,-0.7678504329229295,0.9882554125477496,0.013720419539898946,0.8237831956203362,0.8223799954701946,,,,,,0.013720419539898946,0.013720419539898946,-0.25282279236242505,-0.27530483318370874,,,,,0.13842373452041287,-0.021503080881990298,,,,,,-0.34171143064495757,,0.11289117463044905,0.1827761874969175,0.0768343494234341,,,,,,,,,0.1827761874969175,,,,,0.8825483112945608,,,0.06633191874547481,,,,,,,0.02996162894264796,0.02996162894264796,,,-0.042099100267040473,,,,,,,,,,,,0.06607679598106914,-0.0038271909333673156,,,,,,,,,,,,,,,,
rdkit_Chi1,-0.42740082902933485,0.9807393338501913,0.16632892804392196,0.4116033727269152,0.2282016531250054,0.0,0.6901328573135551,0.6901328573135551,0.31133622015933465,-0.7113259844026653,-0.8372661926130003,0.6913896090480552,0.9792620067877614,0.9874269430875624,0.9805895083933228,0.9812149898345205,,0.7073344447702019,0.19188120062788513,-0.1956880427529472,0.7073344447702019,-0.6486946214268724,-0.46668488815823916,-0.2646559654632606,0.8215401737880282,-0.8600377885791257,0.9264528279481924,-0.9321437891848268,0.9079750738752962,-0.9244320166474553,0.09994100594674486,-0.9112818842860415,0.779055627223597,-0.644048643746445,0.9721627552785351,0.9698267721230566,0.9734121414138458,0.9671985989025831,1.0,0.9783458313697002,0.9720518319731468,0.9725146004402667,0.9654924736922958,0.9613487117542793,0.9544828018920878,0.9607884539465003,0.9524244632458742,-0.5701019234200867,0.9910312257080056,0.9524981759362285,0.909777069441226,0.8511927684678723,0.9642576102869742,0.9296610581002253,0.9031800220557772,0.7664644215709845,0.44231301403368717,,0.024518411838706844,0.03476735028633246,0.025878368270431485,,-0.0022493655855223994,0.23035548473554393,-0.13249496133170777,0.043062504961821915,0.7754993261534409,0.938853064029392,-0.2345230988152139,,0.13868794846092625,0.06768545534617403,0.9064166027649828,0.785340858002189,0.23006976112410724,,,0.08691337125420526,,,-0.0015510390778555032,0.9634611833409503,0.9037829768694211,0.17773902729485147,-0.11004064939255338,0.23006976112410724,,,,0.9467223469692213,0.9514164809241017,0.9304844903177787,,-0.24808710947472834,-0.007975023439579417,0.15688877257004416,-0.14562600421921384,0.17773902729485147,0.016158093390441042,0.036384983215748845,0.2042232277437995,0.8996794846849715,0.062062041382368024,-0.07006766977222023,0.9145249643081417,-0.06883404173310947,-0.38183804398767324,-0.10072032645788047,-0.9347733515351542,-0.6557314335086499,-0.021315293269493978,0.4237839595823656,0.9889732387662263,0.9026763929929057,0.980924787443767,0.11922724421089857,0.8844683904608884,0.8750106334489565,0.07973032730771225,,,,0.9499292445419392,0.1831250584249985,0.9764197538836727,0.910074886083173,0.9769449671309167,0.8844683904608884,0.7258795371643096,0.04120428777116032,0.8844683904608884,0.8739156509956681,,-0.08974923775174193,0.8742306954307735,0.8750106334489565,-0.7956402072329013,0.9675489820647283,0.03299185957560507,0.8557333696590373,0.8563003933264699,,,,,,0.03299185957560507,0.03299185957560507,-0.24530180829788345,-0.27293488244081393,,,,,0.13868794846092625,-0.08617649808235223,,,,,,-0.3152519949406393,,0.08079046695220522,0.17773902729485147,0.07973032730771225,,,,,,,,,0.17773902729485147,,,,,0.9073053847850011,,,-0.0022493655855223994,,,,,,,-0.009005645307143307,-0.009005645307143307,,,-0.034510464168616084,,,,,,,,,,,,0.0,-0.003834496018735121,,,,,,,,,,,,,,,,
rdkit_Chi1n,-0.4121497987906154,0.9720881757548736,0.14112081239705587,0.42299508245625184,0.2355803646713042,0.0,0.6258960203999325,0.6258960203999325,0.37308079235820996,-0.639802163457915,-0.835523041209273,0.7531701802606282,0.9690658747333467,0.971110124327571,0.9719962988940424,0.9729517263838872,,0.6403664416789268,0.24768130897141194,-0.2607597005966872,0.6403664416789268,-0.6964694205564912,-0.5078399566888318,-0.28981047112307295,0.8240741477579766,-0.8833553137478581,0.9374296278738778,-0.9554021284446315,0.918241562013718,-0.9448823630652126,0.005126533551097089,-0.9048479883395931,0.7693585577242079,-0.6701946778300163,0.9442443777588491,0.9441568239530053,0.966952138080136,0.9594165766001176,0.9783458313697002,1.0,0.9918302281558234,0.9856312233578494,0.9772618909776103,0.9859997120753902,0.9761204974622332,0.9836238268261643,0.973574648461102,-0.4868774599332317,0.97841203488076,0.9331384829971092,0.8839113066447344,0.8197203145371766,0.9494234534803732,0.9271811765705885,0.9194090297205486,0.7201949283520666,0.4601006859116321,,-0.07166181964183244,0.03324465778078011,-0.0829593301272235,,-0.0025491025212551035,0.23737242677927523,-0.10290754896416539,0.05271809505740589,0.7975372260987402,0.9247953620585475,-0.33254552446875957,,0.15065739723986932,0.08269288578951554,0.9245352180079152,0.8039005833748835,0.23708818340005883,,,0.10513645389751482,,,-0.011354131122523625,0.9701431162189263,0.8544688848897889,0.18262393850238043,-0.07971307460861737,0.23708818340005883,,,,0.9313439282762859,0.9702488854978328,0.8916839580481282,,-0.30762464326798633,-0.004078564034008165,0.16880371329082008,-0.11934986634688209,0.18262393850238043,0.016113876926680624,0.07515786855871094,0.20223223469194798,0.9083093129932109,0.050268301719150636,-0.165486929138724,0.9200999201629162,-0.059216326673310685,-0.3402619455906125,-0.11804748226107581,-0.9143207136264677,-0.6591963681710102,-0.011549836574011393,0.517230163930119,0.9729254749472546,0.9080394972314938,0.9637252567217398,0.17175051679886402,0.9030424115921161,0.9056111239099944,0.09047933860933555,,,,0.947012874763587,0.17725264619348688,0.9671432507100209,0.9138025899529093,0.9591535971014011,0.9030424115921161,0.6841499635465571,0.10155624444680332,0.9030424115921161,0.904435604433451,,-0.051787120318469416,0.8472363815571003,0.9056111239099944,-0.7884317049635351,0.9575926215858467,-0.08499574232998187,0.8758149428420139,0.8741617982563006,,,,,,-0.08499574232998187,-0.08499574232998187,-0.343195236862289,-0.34321274405180224,,,,,0.15065739723986932,-0.06982680001561604,,,,,,-0.3936154173154047,,0.0644555077067225,0.18262393850238043,0.09047933860933555,,,,,,,,,0.18262393850238043,,,,,0.9200629225104424,,,-0.0025491025212551035,,,,,,,-0.011974668596357634,-0.011974668596357634,,,-0.034416026622589184,,,,,,,,,,,,-0.012575572438191844,-0.019120014790327326,,,,,,,,,,,,,,,,
rdkit_Chi1v,-0.38623131920350534,0.9691259538574467,0.15390260307780265,0.4278628208794841,0.23373251861146793,0.0,0.6421824571235965,0.6421824571235965,0.35693694947441357,-0.6637702818776497,-0.8063712611077944,0.757926220156777,0.9660735673373549,0.968982372769031,0.9690342261555519,0.9651895373602318,,0.6456136459832261,0.24508638999814303,-0.24864513601862612,0.6456136459832261,-0.6791077121146887,-0.4893119407701517,-0.27518955636808096,0.8392464288055542,-0.876954080911507,0.9416671671675593,-0.9551946964512344,0.9282280048126118,-0.942333912860621,0.022076690725822724,-0.9069815745573908,0.7658186190918347,-0.6689134934290625,0.9413967944787669,0.9378459779114907,0.9570804100921345,0.9685475688660756,0.9720518319731468,0.9918302281558234,1.0,0.9787706481754085,0.9858304931764265,0.9792807073240787,0.987366289312945,0.9779587092775881,0.9854742421058501,-0.44905785817162747,0.9738286922524758,0.9269219797679565,0.8796636860943593,0.8147337045885716,0.9581711425625603,0.8963148009767165,0.8874823112102176,0.693325746304484,0.4604358225307064,,-0.021067052055273053,0.025133566910388087,-0.07920770469477428,,0.03619725580182247,0.23737242677927523,-0.10290754896416539,0.04289154837164258,0.7749333001735483,0.9150682557449946,-0.290714567140978,,0.1383084302529948,0.08269288578951554,0.9081416861933084,0.78913354669906,0.23708818340005883,,,0.09393884654516003,,,0.07470689173370618,0.9616795835695015,0.8614295833831853,0.18262393850238043,-0.08820269578330196,0.23708818340005883,,,,0.9193260354172114,0.9608515260562385,0.8815042937254736,,-0.2792579703945983,-0.004078564034008165,0.15662403818988338,-0.11934986634688209,0.18262393850238043,0.010742584617787083,0.10522101598219533,0.20539726010565243,0.9272015208990829,0.16446809467137927,-0.1806260882413091,0.8949065216713802,-0.059216326673310685,-0.3373274831485798,-0.10691720466126134,-0.9040708006035322,-0.6361378393410607,-0.07048361806704388,0.5326581541100969,0.9662043785692102,0.8762884534335639,0.9534851523094311,0.17175051679886402,0.9035822665684079,0.9061495727515873,0.07677034791095137,,,,0.9389463869225112,0.17725264619348688,0.9597531485566457,0.8830879947342111,0.964784932530327,0.9035822665684079,0.6759960271229009,0.10155624444680332,0.9035822665684079,0.9049143159247651,,-0.05719607854509854,0.8437014490185333,0.9061495727515873,-0.7533624631224247,0.9541766891074454,-0.09322113674901238,0.8465368788886841,0.845026457228554,,,,,,-0.09322113674901238,-0.09322113674901238,-0.36272886625832546,-0.36106718593680603,,,,,0.1383084302529948,-0.06982680001561604,,,,,,-0.40367587526595816,,0.11816843079565792,0.18262393850238043,0.07677034791095137,,,,,,,,,0.18262393850238043,,,,,0.9144966155009647,,,0.03619725580182247,,,,,,,-0.02195355909332233,-0.02195355909332233,,,-0.034416026622589184,,,,,,,,,,,,0.06602175530050718,0.0,,,,,,,,,,,,,,,,
rdkit_Chi2n,-0.43651386978086626,0.9755931263394453,0.12533983328366485,0.4098795834045231,0.23893064018006063,0.0,0.6022352055844027,0.6022352055844027,0.29184522360288334,-0.6544212369789985,-0.8402929526944783,0.7766149034033876,0.972263767440803,0.9743723647628619,0.9756584818963583,0.9757647953800112,,0.6400344100518741,0.2379406425552129,-0.24562188727935602,0.6400344100518741,-0.7104880396472459,-0.5315208979528239,-0.30276061138768,0.8444339170177149,-0.8905748757062818,0.9520740378525269,-0.9576749091669499,0.9368489782642404,-0.947421462210387,-0.002178116622275643,-0.9040073009636684,0.7605857340768799,-0.7033454396115918,0.9405759882575677,0.9429910323444474,0.9633325951991362,0.957449234826824,0.9725146004402667,0.9856312233578494,0.9787706481754085,1.0,0.9923990093090785,0.9894086560190923,0.9801554600475748,0.985267323749495,0.9760433870606805,-0.4908166406598189,0.9810125392118079,0.9354744428713769,0.8752405299345842,0.8272795328648186,0.9519790559617308,0.9399473591573175,0.8918676902060867,0.7404343919990269,0.4784454944191495,,-0.02868266980667021,-0.04946859977576357,-0.034401208919321205,,0.009075127898331547,0.24502845325495176,-0.0675072718305607,0.046930069908114616,0.7803819197224249,0.9257625052687501,-0.2914206071325055,,0.1481928770286225,0.08657060208633127,0.9453892146487911,0.7599177767523783,0.24474489813828468,,,0.10290059396594875,,,0.00125064445173777,0.9642501048551805,0.8630278880534207,0.18800192053306952,-0.05464829559962193,0.24474489813828468,,,,0.937885211245234,0.9466325485114889,0.8952815732121872,,-0.24137634088493867,-0.00020393545838947298,0.16653829445064175,-0.0919874157667419,0.18800192053306952,0.016114450331405957,0.08064703962794208,0.19417620607010305,0.910002141799292,0.06189441162120505,-0.1670923990819391,0.9154496541122213,-0.05921843385842112,-0.329587480680661,-0.11605542080037351,-0.9329176412440775,-0.6064039514199144,-0.021159000533317342,0.5085832254002847,0.9754068348916985,0.9079348844464863,0.9643011831253768,0.1904914290755048,0.9052790321939265,0.9113271785659872,0.0849987668634636,,,,0.9599101987187105,0.17725895364546554,0.9590017109268824,0.9053463553218808,0.9612093050907355,0.9052790321939265,0.6767718902475022,0.12052585590817852,0.9052790321939265,0.9099582061316895,,-0.0436752370859765,0.8398471838574602,0.9113271785659872,-0.7789662476747632,0.9542604604904226,-0.03290274846327623,0.8566462184895729,0.8536175145968334,,,,,,-0.03290274846327623,-0.03290274846327623,-0.332464364266334,-0.3444441717332139,,,,,0.1481928770286225,-0.06982928476942582,,,,,,-0.33074932426466025,,0.08057225165702979,0.18800192053306952,0.0849987668634636,,,,,,,,,0.18800192053306952,,,,,0.9210928706464513,,,0.009075127898331547,,,,,,,-0.11176755062016074,-0.11176755062016074,,,-0.04206552936751768,,,,,,,,,,,,-0.00628800996700875,-0.011472417100232094,,,,,,,,,,,,,,,,
rdkit_Chi2v,-0.4102138625513238,0.9715861135574374,0.13363454073547984,0.41303945587221197,0.23551315937958583,0.0,0.6186076432672486,0.6186076432672486,0.27641264122840953,-0.6773938733808451,-0.8147842374223585,0.7783806816460855,0.9682168839134739,0.9708355707811045,0.9716516708824102,0.9682314804078269,,0.6435919684939615,0.23466350918834877,-0.23466350918834877,0.6435919684939615,-0.6915589735387282,-0.5133055439033166,-0.289165241970695,0.8548948811414998,-0.8848846801610037,0.954237337354923,-0.9569044189332198,0.9437538072751239,-0.9449914545501611,0.010327532555960021,-0.9045110830395688,0.7557895175228226,-0.6991885600842708,0.9355640633439803,0.936908416779153,0.9546998678731768,0.9661674347005651,0.9654924736922958,0.9772618909776103,0.9858304931764265,0.9923990093090785,1.0,0.9816929141474576,0.9902627971856939,0.9782354954712938,0.9868046465309641,-0.4572740808378787,0.9747256847468261,0.9295714063613667,0.8720190654909958,0.823632054084642,0.9601571540224345,0.9088803724392596,0.8605289634287989,0.7121090881643817,0.47463317972258257,,0.021998507816325237,-0.05755834893017354,-0.032797634536978176,,0.032323770154731465,0.24502845325495176,-0.0675072718305607,0.038749842668895994,0.7541388068753923,0.9164914728769114,-0.254095055292606,,0.13831335189338098,0.08657060208633127,0.928880854773049,0.7441744486573721,0.24474489813828468,,,0.09394218931479556,,,0.07691463378187285,0.9568121902858696,0.8692841103492067,0.18800192053306952,-0.06170833705893531,0.24474489813828468,,,,0.9274778874345597,0.9374341996901776,0.8853172251798086,,-0.21178483159548248,-0.00020393545838947298,0.15679420764348817,-0.0919874157667419,0.18800192053306952,0.005371483443801986,0.11378904761663729,0.19268672934556472,0.9268581333314929,0.1643719794619152,-0.18100049450215264,0.8911378711532439,-0.05921843385842112,-0.3224122102571963,-0.10704199484298199,-0.9221548495947486,-0.5863622453122378,-0.07996325240429415,0.5216567233728172,0.9684120402987301,0.877869049575343,0.9552161974043487,0.1904914290755048,0.9032395074883244,0.9092929661138309,0.07403118404237152,,,,0.9506334076029747,0.17725895364546554,0.9519604969085478,0.8762358655325198,0.9670718782749474,0.9032395074883244,0.6711044136190676,0.12052585590817852,0.9032395074883244,0.907803927764522,,-0.049084387787838024,0.8371958901118519,0.9092929661138309,-0.7487919626509093,0.9499619258325447,-0.04112843557909529,0.8286306455296789,0.825758029852474,,,,,,-0.04112843557909529,-0.04112843557909529,-0.3493010160006942,-0.36055063852191244,,,,,0.13831335189338098,-0.06982928476942582,,,,,,-0.33829493622507073,,0.11280115231984171,0.18800192053306952,0.07403118404237152,,,,,,,,,0.18800192053306952,,,,,0.9133533448613601,,,0.032323770154731465,,,,,,,-0.12374264532946368,-0.12374264532946368,,,-0.04206552936751768,,,,,,,,,,,,0.07231211462060062,0.003824139033410698,,,,,,,,,,,,,,,,
rdkit_Chi3n,-0.43119892885482625,0.9608837589113391,0.11952688336888564,0.39285816364341064,0.21759416371673845,0.0,0.5735562157848088,0.5735562157848088,0.319785571695857,-0.6186307458744845,-0.8347937519355104,0.8139811838525788,0.9587432154382342,0.9600541632271523,0.9609641798473652,0.9607073165868472,,0.6032555573012744,0.2656646587858656,-0.29013484534888667,0.6032555573012744,-0.7284175824131702,-0.5305131718783932,-0.28845704378191184,0.849216846796792,-0.8908879565940382,0.9645903313661607,-0.9716885733732337,0.9381974519095435,-0.9600409361758238,-0.05288857144727198,-0.9221046114616136,0.7532916254433777,-0.7244828225174398,0.9267421085598737,0.9263907536566036,0.9495015754920366,0.9438170037111764,0.9613487117542793,0.9859997120753902,0.9792807073240787,0.9894086560190923,0.9816929141474576,1.0,0.9887810017369515,0.9979072982135611,0.9867746747460374,-0.4493389273402216,0.9717951895661648,0.9129857525135044,0.8509412555373359,0.780599484975659,0.936028652560463,0.9264076099264973,0.8989246410405649,0.7445965312741233,0.45748796829407556,,-0.08081141412561818,-0.0657204733026188,-0.0912023329814375,,0.009076161482560671,0.2450563600291381,-0.09428959362578594,0.036257408767768916,0.7915040989617491,0.9156900421977747,-0.35449699799506146,,0.1136274788393863,0.08658046178307875,0.9391270191932978,0.7857121317643442,0.24477277261781907,,,0.07155432622230953,,,-0.01797183268411068,0.9629562508230513,0.8390333849707319,0.18802333244288333,-0.09952217101665918,0.24477277261781907,,,,0.9176883069407499,0.9524793047217441,0.8763010049797864,,-0.2722069857463995,-0.0002039586850013634,0.13244907379419907,-0.09979261374142617,0.18802333244288333,0.010744190425307618,0.08317673169967121,0.196518731863841,0.9199444859090127,0.06190146089791379,-0.22039181074866493,0.9224012814991955,-0.05922517836274053,-0.30991198300186246,-0.08491130270987021,-0.9262607868768072,-0.6252856090475946,0.017014695432625647,0.5632964061292745,0.9610517341315562,0.8989065192945265,0.9506808623639434,0.19981871608109086,0.9296942397580615,0.9380133774736262,0.04661753574817791,,,,0.9603076567010932,0.1772791420175757,0.9553862308701839,0.8986808327019843,0.9473827509056723,0.9296942397580615,0.6474094369579576,0.13185928985338144,0.9296942397580615,0.9366343023081469,,-0.005811844019953804,0.8125786531357649,0.9380133774736262,-0.7759802544175661,0.939415086972283,-0.07952403157042115,0.8710509283840397,0.8681975120724663,,,,,,-0.07952403157042115,-0.07952403157042115,-0.3889058817587309,-0.3917493924884274,,,,,0.1136274788393863,-0.06983723776449952,,,,,,-0.3861277838217477,,0.08058142818980714,0.18802333244288333,0.04661753574817791,,,,,,,,,0.18802333244288333,,,,,0.9414716885801389,,,0.009076161482560671,,,,,,,-0.09181951575298428,-0.09181951575298428,,,-0.011473723716460268,,,,,,,,,,,,-0.031443630604376854,-0.04207032029368765,,,,,,,,,,,,,,,,
rdkit_Chi3v,-0.401409611129455,0.9573056614572295,0.13500341417331138,0.3971145126217377,0.2170623171712227,0.0,0.5999259618657745,0.5999259618657745,0.2950820846684382,-0.6557270958117558,-0.8108054257304671,0.8035419672071014,0.9549666440465311,0.9569770895931691,0.9573862625638265,0.9534882611306245,,0.6176653774550354,0.26521974630290157,-0.26975785362913457,0.6176653774550354,-0.6993868597724074,-0.5037496469372049,-0.26930163754430675,0.8660512155882127,-0.8810771333704088,0.964234678321965,-0.968695160251253,0.9498155374134818,-0.9537280946413497,-0.02731119001886306,-0.9195557646448775,0.7500081270949719,-0.7094480118036133,0.923296017744393,0.9216069313811583,0.9409818413442811,0.9554141000260141,0.9544828018920878,0.9761204974622332,0.987366289312945,0.9801554600475748,0.9902627971856939,0.9887810017369515,1.0,0.9872302296705396,0.9980211869446867,-0.41405247145399426,0.9648880875016786,0.9098770362757488,0.853065383280864,0.7879095229598416,0.9472427574404308,0.8915601633112112,0.8599802934118352,0.7090201629003292,0.45090992900273297,,-0.005754111162871242,-0.06362209084364777,-0.0743780140903694,,0.0323274515727161,0.2450563600291381,-0.0963491807995389,0.02411848143672833,0.761721495777154,0.9074022217434085,-0.2975947619385089,,0.10621699108899155,0.08658046178307875,0.9167039423149848,0.7637767456150578,0.24477277261781907,,,0.06483475751615356,,,0.08172904863488428,0.9547907135677425,0.8511732769153814,0.18802333244288333,-0.10635957207887241,0.24477277261781907,,,,0.908876719766806,0.942824210625888,0.867716021882656,,-0.22830111463794123,-0.0002039586850013634,0.12514017635887414,-0.10768823762946116,0.18802333244288333,0.005372095212653809,0.12611457254758407,0.1948285561816301,0.9404042626637987,0.17948364280119977,-0.2214132558911751,0.8918230277348577,-0.05922517836274053,-0.2998518885240814,-0.07819583808514945,-0.9140444813639289,-0.6041027573562945,-0.07263333234004798,0.5665274075206723,0.9543440273009555,0.8659975458572364,0.9428226825343355,0.1936149883739372,0.9209352832668826,0.9277813202183522,0.038390911792617104,,,,0.9477883249878839,0.1772791420175757,0.9493626882961669,0.8676000739032563,0.9565386492322988,0.9209352832668826,0.6499976865942526,0.12431281850833098,0.9209352832668826,0.9262207709842628,,-0.01392649416102138,0.8163564642232478,0.9277813202183522,-0.7422865435191313,0.9357139402872386,-0.08500844754079502,0.8358277547221261,0.8331370011130821,,,,,,-0.08500844754079502,-0.08500844754079502,-0.396285650582147,-0.39813495411395033,,,,,0.10621699108899155,-0.06983723776449952,,,,,,-0.3848700385975727,,0.11281399946573,0.18802333244288333,0.038390911792617104,,,,,,,,,0.18802333244288333,,,,,0.9268542271871194,,,0.0323274515727161,,,,,,,-0.10179989790004779,-0.10179989790004779,,,-0.022947447432920536,,,,,,,,,,,,0.07860907651094214,-0.003824574572153423,,,,,,,,,,,,,,,,
rdkit_Chi4n,-0.4238299016762348,0.9585619893517344,0.12224546457662125,0.37923107642531384,0.2197050060927801,0.0,0.581636729352028,0.581636729352028,0.32879170095250554,-0.6145355186754157,-0.8247293538396931,0.8170517011908623,0.9570439519032862,0.9581821484496666,0.9585995848557199,0.9574170647415455,,0.6085384081653139,0.271046240312843,-0.29569220001302604,0.6085384081653139,-0.7224015851970945,-0.5199713008614955,-0.2761192678956609,0.8518233275858549,-0.8895787851776973,0.9684756602500987,-0.9772032025372361,0.9425741402878496,-0.9645490070988398,-0.045593629231786316,-0.9296388379502898,0.7502152890734217,-0.7229973129304509,0.9271470729943951,0.9240555701423443,0.9470200534218721,0.9428460251767256,0.9607884539465003,0.9836238268261643,0.9779587092775881,0.985267323749495,0.9782354954712938,0.9979072982135611,0.9872302296705396,1.0,0.9888967971530249,-0.4443517386367121,0.9697075592114519,0.9092360925841878,0.8470982130996212,0.7743561434814128,0.9339112448985933,0.918896420922654,0.8966493460562733,0.7493452021071604,0.4579097352883707,,-0.08080451178835625,-0.052563235556651516,-0.0911945431256588,,0.016927124936777633,0.24503542905467862,-0.09428154007812146,0.04021174230244165,0.7893323095371728,0.9109833140558253,-0.35304504119330915,,0.11608772518657341,0.08280015330520143,0.9380114335159974,0.7877568141926272,0.24475186586538286,,,0.07136662010657684,,,-0.012704276366106252,0.9581076163914202,0.8402561483661077,0.18800727282472574,-0.0978603226229231,0.24475186586538286,,,,0.9120924601662547,0.949144262554456,0.8747163648859092,,-0.27257599916944364,-0.00020394126429852568,0.13487385198838975,-0.09776621169842517,0.18800727282472574,0.010743272732841471,0.09325079428332353,0.1910308282898925,0.9249730378473641,0.0735208257796185,-0.21831525067997226,0.9166998808019342,-0.06236343822753176,-0.3179091520772638,-0.08514602824463537,-0.9234054763286115,-0.6212749907112165,0.019349683537691325,0.5650297213860089,0.958350123514538,0.8909094886324941,0.9467359054080161,0.19359845115622878,0.9354486384747621,0.9421663363338235,0.049355527774492,,,,0.9609026862055756,0.17726400009188428,0.9513474700121416,0.891170781300287,0.9443849023997798,0.9354486384747621,0.6412816705783194,0.12430220058995141,0.9354486384747621,0.9408031382825539,,-0.00040204291665721007,0.8078836069636359,0.9421663363338235,-0.766405958600926,0.9376338901441295,-0.07951723919223712,0.8645279713253446,0.8625803223505484,,,,,,-0.07951723919223712,-0.07951723919223712,-0.38936460674580353,-0.39224534292890095,,,,,0.11608772518657341,-0.07520290912989029,,,,,,-0.39615590589988614,,0.09668945459557324,0.18800727282472574,0.049355527774492,,,,,,,,,0.18800727282472574,,,,,0.9457672081382956,,,0.016927124936777633,,,,,,,-0.0778403316106862,-0.0778403316106862,,,-0.007648495808293214,,,,,,,,,,,,-0.031440944912689374,-0.04206672694561268,,,,,,,,,,,,,,,,
rdkit_Chi4v,-0.3963979686410448,0.9529090782470175,0.13245128523225722,0.3815369949532636,0.217090465474483,0.0,0.6047581169727094,0.6047581169727094,0.30680961096070386,-0.6487534803633496,-0.8002448452680923,0.811469404600591,0.9513724536698247,0.9532074917159234,0.9529469583961909,0.9490241973417947,,0.6191224582342517,0.2743086417171994,-0.28127831744468795,0.6191224582342517,-0.6954386489460967,-0.496457301088225,-0.26027180333308153,0.8664335490446134,-0.8849257269486857,0.9693943489119026,-0.9753658252136282,0.9528872377881497,-0.9611706036328511,-0.02831635536624753,-0.9279792713354181,0.7443197717223168,-0.710554791905725,0.9201558082457966,0.9174730217712461,0.937874230441039,0.9527326313273458,0.9524244632458742,0.973574648461102,0.9854742421058501,0.9760433870606805,0.9868046465309641,0.9867746747460374,0.9980211869446867,0.9888967971530249,1.0,-0.4064441441540475,0.9615467843323469,0.9032758522256865,0.8452308509026695,0.7762369282706292,0.9430441893198483,0.8824273005848478,0.8576508472550438,0.7129794329110891,0.4468076236825685,,-0.007699696934806721,-0.05373130745791044,-0.07884969455390406,,0.028551777001793597,0.24503542905467862,-0.09634095133656037,0.029986167146272537,0.753517331369236,0.9018974436504023,-0.3041332619353234,,0.1062079187877161,0.08280015330520143,0.9158187677727041,0.7641338677040539,0.24475186586538286,,,0.062407960415505274,,,0.07918779517319077,0.950512747943992,0.8497773830074818,0.18800727282472574,-0.10657391299345735,0.24475186586538286,,,,0.902397690757688,0.939376078444694,0.8647229752191871,,-0.23265927444649495,-0.00020394126429852568,0.12512948777346092,-0.10162540426546827,0.18800727282472574,0.0,0.13495827701707502,0.18408451312115673,0.9445749590681523,0.18324122597222534,-0.22399279899486937,0.8861527077553355,-0.06236343822753176,-0.3033546431139058,-0.07613234568090488,-0.9110763190282634,-0.5997238494495336,-0.06555198912768898,0.5732726002669442,0.950563515267553,0.8579168446726526,0.938430634327475,0.19359845115622878,0.9270203626182978,0.9338198446897917,0.03838763271349378,,,,0.9470159141062093,0.17726400009188428,0.9448152487307089,0.8594708258841238,0.9525869624241389,0.9270203626182978,0.6364236951687889,0.12430220058995141,0.9270203626182978,0.9322605829520404,,-0.008515999961920904,0.8071851279739365,0.9338198446897917,-0.7345654881878835,0.9314421159390273,-0.08774316048798578,0.8296563768834774,0.8276824221864796,,,,,,-0.08774316048798578,-0.08774316048798578,-0.40182186205618237,-0.4037961260335557,,,,,0.1062079187877161,-0.07520290912989029,,,,,,-0.39867118149290126,,0.11280436369483544,0.18800727282472574,0.03838763271349378,,,,,,,,,0.18800727282472574,,,,,0.9312403000280225,,,0.028551777001793597,,,,,,,-0.08981576724309946,-0.08981576724309946,,,-0.011472743712439821,,,,,,,,,,,,0.07860236228172343,-0.007648495808293214,,,,,,,,,,,,,,,,
rdkit_HallKierAlpha,0.40906157594563186,-0.5542835887304307,-0.11188091974118469,-0.16924107013894438,-0.09338177964962434,0.0,-0.7434110682335233,-0.7434110682335233,-0.0531545430605534,0.5712147426142237,0.6312647759437007,-0.0696747806529532,-0.5473814546528013,-0.5822240786165458,-0.5541409791843633,-0.5696092990274866,,-0.5450712246236411,0.013246078672738635,0.08981034496620155,-0.5450712246236411,0.18594245674221052,0.14312635022190187,0.10397364151322142,-0.17389988521350627,0.4228633950917858,-0.4253708447372359,0.39437107775488456,-0.33231461886228214,0.4177842159403099,-0.4800955291706397,0.46743135233350097,-0.4008711472964967,0.17055125450524822,-0.6284094057582181,-0.6486228253330836,-0.586464167943377,-0.535995993257376,-0.5701019234200867,-0.4868774599332317,-0.44905785817162747,-0.4908166406598189,-0.4572740808378787,-0.4493389273402216,-0.41405247145399426,-0.4443517386367121,-0.4064441441540475,1.0,-0.5129685789889291,-0.6392760067172812,-0.6571933303201406,-0.6816559370427498,-0.5648685414634491,-0.5826707428855117,-0.5801844154105774,-0.47005146954014576,-0.36217010282596585,,-0.017886784409301262,-0.2511102278028692,-0.13838338952084636,,0.2531593615579887,-0.22199971455428144,-0.029931863821621333,-0.1661527325203018,-0.41450761740179376,-0.6032410699105816,-0.20201626106203444,,-0.3637670481132927,0.008581673273152159,-0.5257224925291065,-0.3908340968482243,-0.2222243317882883,,,-0.2570764646386575,,,0.3914091059438064,-0.5088870831929839,-0.7044724452226155,-0.14530747214899542,-0.20593868634536328,-0.2222243317882883,,,,-0.625983835864255,-0.4530435274809257,-0.6672748711322736,,-0.12943932299202615,-0.06323875900096651,-0.35347003747311817,0.08074087644965883,-0.14530747214899542,-0.17759802151543885,0.06473489462814495,-0.14607574224354627,-0.3271392957960316,0.2796195208168745,-0.47633798472543587,-0.5501293559231902,0.08221619717649703,0.4352061556705707,0.2762838684096775,0.5715618855427618,0.39725112821168623,-0.1026014992480514,0.3458701208061532,-0.5987807373574905,-0.5716648596467497,-0.6221588687905948,-0.1059470197917525,-0.3438064225398036,-0.3350732191031971,-0.31866829925063345,,,,-0.4897527777505315,-0.16145274683221714,-0.5841685421191394,-0.5783537737617953,-0.5772804497389205,-0.3438064225398036,-0.7827966405343574,-0.010318440483194857,-0.3438064225398036,-0.3280466938264559,,0.1943695468073897,-0.6496241175277013,-0.3350732191031971,0.6124547592815757,-0.5885069440788097,-0.3021854561859455,-0.5306657739358122,-0.534820408099671,,,,,,-0.3021854561859455,-0.3021854561859455,-0.4821377049389209,-0.4360279081492605,,,,,-0.3637670481132927,0.16145274683221714,,,,,,-0.26334158500510174,,0.19374329619866054,-0.14530747214899542,-0.31866829925063345,,,,,,,,,-0.14530747214899542,,,,,-0.40088396191580067,,,0.2531593615579887,,,,,,,-0.22196302108151472,-0.22196302108151472,,,0.1915726998174899,,,,,,,,,,,,0.2898017442639876,0.2107299697992389,,,,,,,,,,,,,,,,
rdkit_Ipc,-0.3822820677009157,0.9776686582171749,0.14550453376425254,0.4108454204334081,0.20508605644672234,0.0,0.6487082266297142,0.6487082266297142,0.26529346787056773,-0.705676771384942,-0.8202155830162187,0.7058405600830835,0.9764524542702455,0.9867479321940806,0.9777242408205783,0.9757818524835804,,0.708486798374866,0.1935727750526934,-0.19215152402398064,0.708486798374866,-0.6301404785850693,-0.42712515624340863,-0.19904988000026547,0.8295197985326601,-0.8798730652307168,0.9485867848177278,-0.938645151167127,0.921367675365404,-0.9345942582348203,0.12866023289381595,-0.9165024216726066,0.9353846631770243,-0.6423316934764163,0.9688765929995148,0.9632777801253781,0.9662549620786084,0.963248298256659,0.9910312257080056,0.97841203488076,0.9738286922524758,0.9810125392118079,0.9747256847468261,0.9717951895661648,0.9648880875016786,0.9697075592114519,0.9615467843323469,-0.5129685789889291,1.0,0.937511352081041,0.8817162997945373,0.8190325259478672,0.9572586807432322,0.9211444847916943,0.8970319263608135,0.7793960067933539,0.42156940299118323,,0.03679541522017552,0.044668093628524363,0.036377837647891514,,0.028080575848812857,0.24807245564682234,-0.12226970376030317,0.06186286044414419,0.7502739882049352,0.9280768226451562,-0.2000139845704528,,0.15753894955453662,0.074662583738364,0.9060077751024941,0.7629396962866631,0.24776792638112874,,,0.10224035443793564,,,0.026357433174675704,0.9612227814056482,0.8902582536988448,0.1908140008790555,-0.09331033070681567,0.24776792638112874,,,,0.9356516059596092,0.9430137231678379,0.9146691091376016,,-0.21511854050896587,-0.00021895185847027569,0.17660739354115562,-0.13403985578285,0.1908140008790555,0.022448705985771235,0.06950506792021689,0.1504998066138847,0.897850783423343,0.09902097799318217,-0.04159910860532637,0.9065148622880946,-0.07173648436647603,-0.35102746346896213,-0.11735094282410988,-0.9300383397910804,-0.6098605601601937,-0.024744781121944757,0.4222336720694986,0.9862563817323132,0.887330749704084,0.9750042343547759,0.17633743550458433,0.8848839438981866,0.8855815237234617,0.09459255750848033,,,,0.9389095511555323,0.1964261773754983,0.9719251907335843,0.8970643021432996,0.9729945025657052,0.8848839438981866,0.6890371956774152,0.10225051790561875,0.8848839438981866,0.8845055955984455,,-0.048754248965366384,0.8398893274176026,0.8855815237234617,-0.7656887817641321,0.9612786949544208,0.04013017591268863,0.8388431214788528,0.8363600810580375,,,,,,0.04013017591268863,0.04013017591268863,-0.22886220372343627,-0.25715636055678404,,,,,0.15753894955453662,-0.08979482394308494,,,,,,-0.3016366540653484,,0.1262739711699632,0.1908140008790555,0.09459255750848033,,,,,,,,,0.1908140008790555,,,,,0.9067358111915329,,,0.028080575848812857,,,,,,,-0.009397415099755045,-0.009397415099755045,,,-0.027973798139804856,,,,,,,,,,,,0.009858462214101443,0.00399625687711498,,,,,,,,,,,,,,,,
rdkit_Kappa1,-0.4118523855180129,0.9813993722269175,0.15510079727671144,0.46138616477135985,0.24436831635478046,0.0,0.7295197341985027,0.7295197341985027,0.25265822148665784,-0.7554013260141822,-0.8778708923129241,0.57470787580952,0.9760768158323538,0.9758174941187775,0.9813212858083519,0.9833965559345337,,0.6729290782449598,0.08059693669429438,-0.0908470309379702,0.6729290782449598,-0.6219096523797135,-0.4578004416535985,-0.28178246876701807,0.780514612232775,-0.8110132350779536,0.8531388125209928,-0.8686207399931005,0.84536700165967,-0.8581411227396891,0.1868370288508349,-0.8367811096693506,0.7776797573055231,-0.6129534518571574,0.9427211588860798,0.9768229707034992,0.9798441594652211,0.9735653940073503,0.9524981759362285,0.9331384829971092,0.9269219797679565,0.9354744428713769,0.9295714063613667,0.9129857525135044,0.9098770362757488,0.9092360925841878,0.9032758522256865,-0.6392760067172812,0.937511352081041,1.0,0.9717994554028361,0.931806436601471,0.9829880036916216,0.9500219061356031,0.8836424573986694,0.7013692290389397,0.4246290201937655,,0.04034344795544086,0.06931446535911127,0.042916340067524095,,0.03125578125565883,0.23778908092540446,-0.07111332381687929,-0.011253852108186914,0.7900670382526207,0.9632379177689827,-0.14727133023714065,,0.14844771400096424,0.12441026656664202,0.8782501004257446,0.7653531607568987,0.23750433862057954,,,0.1297564389404469,,,0.01374777778509477,0.9392170356109307,0.8969345977878356,0.1829444939358479,-0.05306374623095771,0.23750433862057954,,,,0.9836195599111653,0.9138784429027715,0.9091071367314205,,-0.15833377240792026,-0.00030642922799665524,0.16665979965466327,-0.15565203442394754,0.1829444939358479,0.04842648368890092,-0.00742844380714693,0.244486219589157,0.8375584667284331,0.04637295650349382,0.023335368172423834,0.8964987175087853,-0.02468529185663863,-0.39345788575376706,-0.13976655818494388,-0.9106561673975108,-0.6843008320163336,-0.08962714628234994,0.3278985274000086,0.9772499734215758,0.9364301686920447,0.9747923683096124,0.11302194907806604,0.800868518218743,0.7889385939884289,0.0878915440770021,,,,0.9086326532104267,0.17756377352597003,0.9596744497386098,0.9227003245904383,0.9738192147622672,0.800868518218743,0.8427344527710103,0.029927921267673328,0.800868518218743,0.7865847778678947,,-0.10049764832744723,0.9548077077731416,0.7889385939884289,-0.8310059106873042,0.9867843394184094,0.06317204730534526,0.858599428591638,0.8591843195132168,,,,,,0.06317204730534526,0.06317204730534526,-0.14198263888686144,-0.16871771653084747,,,,,0.14844771400096424,-0.01076144081975576,,,,,,-0.2355759809454286,,0.053807204098778795,0.1829444939358479,0.0878915440770021,,,,,,,,,0.1829444939358479,,,,,0.8348014080922592,,,0.03125578125565883,,,,,,,0.043984187301559424,0.043984187301559424,,,-0.15705932070070583,,,,,,,,,,,,-0.00944823452989687,-0.01915357569520803,,,,,,,,,,,,,,,,
rdkit_Kappa2,-0.3664990437745731,0.9345148267430025,0.16505686434747568,0.507309190856983,0.2733100629985958,0.0,0.7321524390838191,0.7321524390838191,0.2563391668601728,-0.7313856623417677,-0.8671445447683195,0.473258508784779,0.9299352651319368,0.9300428628664739,0.9343531276338314,0.9359301670192538,,0.5977959576976832,0.030792660196103015,-0.07270097322885088,0.5977959576976832,-0.591092750703023,-0.4364839919837161,-0.2935002186362604,0.7033300821330317,-0.7350606237654558,0.7712727295114049,-0.8050611704283179,0.7578490331585557,-0.7866014337130611,0.19406465977663062,-0.7680823409311958,0.7658821780972808,-0.5459656267861172,0.8998907651538053,0.9448155806024461,0.9332298493673661,0.9300914078549258,0.909777069441226,0.8839113066447344,0.8796636860943593,0.8752405299345842,0.8720190654909958,0.8509412555373359,0.853065383280864,0.8470982130996212,0.8452308509026695,-0.6571933303201406,0.8817162997945373,0.9717994554028361,1.0,0.9505893690196418,0.943506838972734,0.9061601615544098,0.8620596881881267,0.6294805011474456,0.4174326272215606,,-0.011692703067595223,0.07039839754522192,-0.02651168020951779,,0.034922458769762424,0.22607696993056728,-0.12642031197854983,-0.023431846817485998,0.8304286421985702,0.9227343003605882,-0.10957603383548653,,0.16077014197711686,0.12028846909584835,0.8199181643767277,0.7834708017276802,0.2259444326203405,,,0.14578068965246432,,,-0.007844101067414497,0.909712328615619,0.8817230605294264,0.16675232379665597,-0.06917921243577269,0.2259444326203405,,,,0.9486390727985979,0.8882944810114037,0.8966962409431242,,-0.11696279883423724,0.04094709346980916,0.1709943027799044,-0.24442710019789682,0.16675232379665597,0.05379107219246967,-0.08860090709262526,0.25120396088300456,0.7845982711853688,0.06514774472253926,0.03445860752642129,0.8771862374414419,-0.00919125531165632,-0.3759708287048705,-0.15511163180423226,-0.8586027994363813,-0.7301087749900693,-0.11181086201620723,0.2628690785952689,0.9307056390058281,0.9033418258372008,0.9330027905004008,0.07533936661985445,0.7401067173676048,0.7208336923141315,0.10159412982794666,,,,0.850557658069209,0.18288964545439687,0.931677232467886,0.9090063288521505,0.9364943495529829,0.7401067173676048,0.8830791387277845,-0.01572531769164741,0.7401067173676048,0.7183479255464242,,-0.08139881983483635,0.9875811862108343,0.7208336923141315,-0.828276683608734,0.9480603545875624,0.021966298341177658,0.8630251736589221,0.8644774716532102,,,,,,0.021966298341177658,0.021966298341177658,-0.09135842690001969,-0.10516192542602112,,,,,0.16077014197711686,0.0,,,,,,-0.181351715716661,,0.048411964973222706,0.16675232379665597,0.10159412982794666,,,,,,,,,0.16675232379665597,,,,,0.7825034675580393,,,0.034922458769762424,,,,,,,0.06395781880459085,0.06395781880459085,,,-0.2336035659295046,,,,,,,,,,,,-0.040930074727718625,-0.08042089974622289,,,,,,,,,,,,,,,,
rdkit_Kappa3,-0.40307321259630935,0.8853401753671933,0.13794541334784427,0.46449889861430343,0.2669760058931904,0.0,0.7421034993700208,0.7421034993700208,0.19861062893650996,-0.7251068796731686,-0.8227041800412738,0.38370482789618315,0.8785676646508509,0.8802264214642217,0.8850950590070067,0.8899425328144892,,0.6251717495265953,0.0829393623470975,-0.04271284387539563,0.6251717495265953,-0.4950243371576884,-0.37585359902972937,-0.2554402536722032,0.668254174016907,-0.6917946495819002,0.692173536975597,-0.7297434593867053,0.724305413054726,-0.7135615464966465,0.28494108939589424,-0.6757988056917978,0.6872359577447082,-0.4953226862834713,0.8618239206226453,0.8989479912681819,0.8847632021565178,0.8787457628948163,0.8511927684678723,0.8197203145371766,0.8147337045885716,0.8272795328648186,0.823632054084642,0.780599484975659,0.7879095229598416,0.7743561434814128,0.7762369282706292,-0.6816559370427498,0.8190325259478672,0.931806436601471,0.9505893690196418,1.0,0.8949428831775467,0.8532078211113987,0.7726548793874112,0.5798079861710148,0.42171405350267055,,0.11848447668499813,0.1458009756718143,0.11529752424737127,,0.02245480529331942,0.2259769950882236,-0.03772577600411594,0.06510694264892015,0.7505019469919659,0.8581651711606221,0.026401671772511258,,0.23981242376946704,0.1504471954652401,0.789680010400331,0.6650579941185667,0.22584451638810957,,,0.23684187780529345,,,0.07521077099606027,0.8295810321954064,0.8842699659448617,0.1666785832591429,0.08001738789716896,0.22584451638810957,,,,0.9045232096919525,0.8050998248560495,0.8766322077564023,,-0.02233309378006976,0.09757633572915166,0.24894749865771834,-0.16910703040558342,0.1666785832591429,0.13979494079799082,-0.0009822828232318838,0.17871820266973534,0.7365002052253484,0.011125335349871894,0.15745325513840597,0.7667470578742707,0.015983194939409893,-0.3515240581816059,-0.24417537771217399,-0.8001812393631925,-0.6066113839524214,-0.2088650598803446,0.14115333675813746,0.8834292815827699,0.8436897373278421,0.8828559130598418,0.07530605035016805,0.6572031013573484,0.6383632904960954,0.18937554125780323,,,,0.7941492121547244,0.17743204024360373,0.8662597102952678,0.8443047686713763,0.8833378066229756,0.6572031013573484,0.8741646390258724,-0.015718363705323594,0.6572031013573484,0.6350095560331104,,-0.11322749110286945,0.9564963981053048,0.6383632904960954,-0.7473148364298553,0.8968204280711073,0.08508176491292609,0.7394087401377301,0.7414373296208252,,,,,,0.08508176491292609,0.08508176491292609,0.023079682181674784,0.01246097873642114,,,,,0.23981242376946704,0.04301382793784333,,,,,,-0.06420032967953597,,-0.010753456984460832,0.1666785832591429,0.18937554125780323,,,,,,,,,0.1666785832591429,,,,,0.6994722177981614,,,0.02245480529331942,,,,,,,0.04994494971632796,0.04994494971632796,,,-0.24115600902459156,,,,,,,,,,,,0.07867687460727447,0.07655746318241002,,,,,,,,,,,,,,,,
rdkit_LabuteASA,-0.3897781926172107,0.9906560112479443,0.14817117249583986,0.4512999107411576,0.23734039612700003,0.0,0.7169660068312258,0.7169660068312258,0.2543161003850895,-0.7469408623868861,-0.8277388493799115,0.63371707967016,0.9854088617014323,0.98640571165242,0.9906777460375842,0.9874126636406028,,0.683933088004908,0.11367735887984805,-0.11747724186910719,0.683933088004908,-0.6034387192153293,-0.4215028347574781,-0.2285445362819079,0.8192374289706867,-0.8269606306019311,0.8930786121575188,-0.8999308777239448,0.8864183094725918,-0.8880358193164261,0.15438361965568825,-0.8686210668782192,0.7833173427945437,-0.6459102889783574,0.9496980546733015,0.9776639872062698,0.9831673466672257,0.9942607926753635,0.9642576102869742,0.9494234534803732,0.9581711425625603,0.9519790559617308,0.9601571540224345,0.936028652560463,0.9472427574404308,0.9339112448985933,0.9430441893198483,-0.5648685414634491,0.9572586807432322,0.9829880036916216,0.943506838972734,0.8949428831775467,1.0,0.919940970783473,0.8694780244291046,0.6970072702394313,0.4426057649734552,,0.05979103261514159,0.046809135503551334,0.016505216296329027,,0.07022029727215616,0.23382950734085722,-0.09905557447063486,0.03474575211255792,0.7711468372386863,0.9450569206715826,-0.15702794150567406,,0.13597223818707058,0.11676165709207362,0.8772018544339384,0.7838308755437314,0.23349360268744718,,,0.11360088376585943,,,0.0928001309079108,0.947899511307866,0.907004430129001,0.1828035545667305,-0.08497970969107621,0.23349360268744718,,,,0.9633331232457292,0.9251464352295414,0.908385177608226,,-0.16747772091494664,-0.004082575422799777,0.15677808258052015,-0.12411263807585014,0.1828035545667305,0.010753150268631207,0.044380058054618435,0.22058700564424244,0.8868347446052995,0.1608534716583112,-0.040440864663874095,0.8732613002380593,-0.03402100098741887,-0.3886553613241078,-0.12367364760952589,-0.8992599843400241,-0.6523076957558722,-0.07513130623682604,0.4009631687851862,0.9835705619129366,0.8946067544354159,0.9702102280940117,0.11914377877642839,0.8437075697751154,0.8337397323601242,0.07684585382689882,,,,0.921241024741746,0.17742697943241492,0.9597505803198214,0.8842460370851964,0.9841548423580601,0.8437075697751154,0.7946619349033053,0.041234011770277745,0.8437075697751154,0.8317856322889692,,-0.0950059474288205,0.920321697720011,0.8337397323601242,-0.7807232738022338,0.9917086997278184,0.021955958236256803,0.8256219223135222,0.8253788631102437,,,,,,0.021955958236256803,0.021955958236256803,-0.21652667149193738,-0.23943344625117974,,,,,0.13597223818707058,-0.021506300537262414,,,,,,-0.2870050522228243,,0.11828465295494327,0.1828035545667305,0.07684585382689882,,,,,,,,,0.1828035545667305,,,,,0.870732410094982,,,0.07022029727215616,,,,,,,0.005993223019183337,0.005993223019183337,,,-0.049760931720275625,,,,,,,,,,,,0.059792719213088395,-0.0038277639784827402,,,,,,,,,,,,,,,,
rdkit_PEOE_VSA1,-0.4561389298449294,0.9517889170548701,0.11495896668954325,0.4557739224945621,0.2394729508393164,0.0,0.5746899026445117,0.5746899026445117,0.2631632770314704,-0.6583379304043026,-0.9192295777851831,0.6500764605166955,0.9484267707999311,0.9435127979209934,0.9517266639523181,0.9583508373219151,,0.6083797572781435,0.10556167885036898,-0.11271789955443055,0.6083797572781435,-0.7267653124104029,-0.5655153884989359,-0.3686936422782787,0.8262032015833304,-0.8568214324991369,0.8925260602148618,-0.9079251834239145,0.8783054379224275,-0.9051509675856747,0.047769919781454326,-0.8588645856856321,0.7421139839512083,-0.6788008678417686,0.8917244462120806,0.9299118141614859,0.9420381501430775,0.9091207976347093,0.9296610581002253,0.9271811765705885,0.8963148009767165,0.9399473591573175,0.9088803724392596,0.9264076099264973,0.8915601633112112,0.918896420922654,0.8824273005848478,-0.5826707428855117,0.9211444847916943,0.9500219061356031,0.9061601615544098,0.8532078211113987,0.919940970783473,1.0,0.9135239578683264,0.7402937781523917,0.40645009688541806,,-0.06649717972815167,-0.04534754964871392,0.021174058582033355,,0.004083536422787782,0.21050630259471015,-0.12523255521351428,-0.056345508535081745,0.8210020505224904,0.954532823089623,-0.2767600812521955,,0.10880339582196316,0.09718816686234921,0.8859725357768349,0.7612545857922407,0.21057657490348242,,,0.0938109666626184,,,-0.08867019355105646,0.9431153623885422,0.8096349463453464,0.14520169970208543,-0.1266048358550201,0.21057657490348242,,,,0.9684414133403881,0.9176660836429241,0.8649875752162289,,-0.23550422138607288,-0.03123905363432653,0.10932225951868199,-0.1974754456214964,0.14520169970208543,0.010755681459413734,-0.04296143413032268,0.3016175393959316,0.8141016014933844,-0.12812095526496667,-0.06500632353539823,0.9377455933555102,-0.0032308677057175483,-0.3207643378522495,-0.10383764048696656,-0.9275151202481593,-0.6999099898704929,-0.00349223721738818,0.4101714655955171,0.9491325504324033,0.9794938101209334,0.9559201311579033,0.15710539065136472,0.8150938173376875,0.8186613369247712,0.04392225292605901,,,,0.903560169558312,0.1828465848100335,0.9430226262430115,0.9619423739535342,0.9303465162702457,0.8150938173376875,0.7547244023926739,0.08396771769357377,0.8150938173376875,0.8167937629276236,,-0.0656452791002639,0.8874364288474773,0.8186613369247712,-0.8763179144260262,0.9422652294635311,0.02745140807878688,0.9032301794178623,0.9032216826027846,,,,,,0.02745140807878688,0.02745140807878688,-0.2276035261414577,-0.2525155080140165,,,,,0.10880339582196316,-0.010755681459413734,,,,,,-0.237968085037958,,0.016133522189120602,0.14520169970208543,0.04392225292605901,,,,,,,,,0.14520169970208543,,,,,0.8478254270846671,,,0.004083536422787782,,,,,,,-0.08192666149199261,-0.08192666149199261,,,-0.14931793493156026,,,,,,,,,,,,-0.11961358771749211,-0.003828664998245135,,,,,,,,,,,,,,,,
rdkit_PEOE_VSA10,-0.38117033539574696,0.8979516937590045,0.162183801816229,0.3644514017627972,0.18754172373565284,0.0,0.6268707309141295,0.6268707309141295,0.3873010860867256,-0.6112687010960901,-0.8536240936749807,0.6559219521289453,0.8974219483604406,0.9071792380626937,0.8980364895305077,0.9027199898295742,,0.5641560473915707,0.27387896677206147,-0.33045476295910553,0.5641560473915707,-0.6440877351784305,-0.45414319922483365,-0.26537812712865966,0.754206510188583,-0.7871338509700397,0.8724717426298858,-0.8831855465937838,0.8208390834455273,-0.8807465102165277,0.09229433358843939,-0.8676684869421606,0.7473829525572819,-0.6068506738062108,0.8737787746948457,0.9111230634621267,0.9063415358299101,0.8718572435867069,0.9031800220557772,0.9194090297205486,0.8874823112102176,0.8918676902060867,0.8605289634287989,0.8989246410405649,0.8599802934118352,0.8966493460562733,0.8576508472550438,-0.5801844154105774,0.8970319263608135,0.8836424573986694,0.8620596881881267,0.7726548793874112,0.8694780244291046,0.9135239578683264,1.0,0.7002199549743737,0.40435122559584835,,-0.2933886815303636,0.08443730512376434,-0.22960609671958376,,-0.003499761132424824,0.19855997718963192,-0.16344764130244605,-0.06439978145977553,0.7890172015543601,0.8873101721028027,-0.3410374775180904,,0.07729199406819534,0.0766859424604851,0.8441178991981085,0.8457668164201578,0.19880973268248472,,,0.06030910059677273,,,-0.1503036749507303,0.9057485898446602,0.7876320841649356,0.12742623242053147,-0.1846016554879548,0.19880973268248472,,,,0.8958562921601477,0.9143729858830146,0.8396765062002106,,-0.3130062878404684,-0.041379528683375855,0.06907107272398819,-0.20055000223459646,0.12742623242053147,-0.14640460746188722,-0.0698615991777009,0.3061836984034133,0.7960598639157566,-0.12918235944685746,-0.06475644297303217,0.9094984182004617,0.0012057474566650344,-0.36659022820458037,-0.06848565975286099,-0.8618544439698523,-0.7779129139242665,0.08885967117916972,0.3977051696586984,0.9113890355770736,0.9030160406302156,0.9112987672346822,0.17361719244693866,0.818689967814784,0.8283122974613497,0.008303647889033252,,,,0.850436721874747,0.18436135754459873,0.9324336320647624,0.9248976034199451,0.8864742460075693,0.818689967814784,0.731210585372625,0.10334588755748597,0.818689967814784,0.8263844868323691,,-0.07223984279924577,0.8259711596913805,0.8283122974613497,-0.8411057160215136,0.9039916719520584,-0.20897513854067018,0.9186664923521043,0.9198957386739991,,,,,,-0.20897513854067018,-0.20897513854067018,-0.22154362813434353,-0.19994344387650692,,,,,0.07729199406819534,-0.021689571475835143,,,,,,-0.2799294235185091,,0.01626717860687636,0.12742623242053147,0.008303647889033252,,,,,,,,,0.12742623242053147,,,,,0.8562915226740505,,,-0.003499761132424824,,,,,,,0.09066443493150238,0.09066443493150238,,,-0.09264919581319676,,,,,,,,,,,,-0.1936019822520301,-0.09264919581319676,,,,,,,,,,,,,,,,
rdkit_PEOE_VSA11,-0.4448936100227714,0.7297793996625616,0.10671338135784886,0.181991379668453,0.08274708755511072,0.0,0.4330052841550611,0.4330052841550611,-0.008033713009525356,-0.4563662014638378,-0.6343541632965941,0.6525387054291844,0.7254124085189075,0.7484772982533084,0.7290763664040937,0.7377910011461534,,0.48093643920341805,0.26050317509966675,-0.289844019536933,0.48093643920341805,-0.5087514719163978,-0.3363780835582977,-0.12051780474972931,0.6724297738444658,-0.7132679110802255,0.7640379657635599,-0.8042283902796614,0.723627955068512,-0.7993395550586729,0.015866219827625153,-0.8268280058564393,0.6704303190721774,-0.6850601760865156,0.7384848821903618,0.7244458678254772,0.722763541064744,0.6890805726768529,0.7664644215709845,0.7201949283520666,0.693325746304484,0.7404343919990269,0.7121090881643817,0.7445965312741233,0.7090201629003292,0.7493452021071604,0.7129794329110891,-0.47005146954014576,0.7793960067933539,0.7013692290389397,0.6294805011474456,0.5798079861710148,0.6970072702394313,0.7402937781523917,0.7002199549743737,1.0,0.03683869936918317,,-0.07073950922386264,-0.16059265983920143,0.005834052594393299,,-0.112499700340105,0.24006816788172866,0.028083054501764005,-0.1032036087647041,0.5395502743173345,0.7400765511089429,-0.21125270969988544,,-0.07124970312685545,0.007121540663731418,0.7828071670125967,0.5572986083877008,0.2399868707548547,,,-0.14057857679000382,,,-0.18135540379168008,0.7131025816361773,0.7268603012117535,0.17398280955347314,-0.12853942652952244,0.2399868707548547,,,,0.7143335909781336,0.6870152977252397,0.7636985119137977,,-0.03341437048496798,0.007121540663731418,-0.06001022651016276,0.022862323467860265,0.17398280955347314,-0.1685458467549271,0.013398088787670162,0.03025414965059136,0.7534386594392362,-0.112499700340105,-0.0290370279182501,0.7046459613147651,-0.1048213191752106,-0.07556338325382278,0.12126643037479197,-0.8178851844256563,-0.4479348747633013,0.11079848556328818,0.3082753587933114,0.7570786482604113,0.703583803519051,0.7589842515479064,0.10139150587058565,0.8071600910232518,0.7905235320297679,-0.16235621472676143,,,,0.8248146584075285,0.20116762354620332,0.7453802211989397,0.6786838089247605,0.728220590442838,0.8071600910232518,0.41688138822483,0.007121540663731418,0.8071600910232518,0.7885678494532116,,0.00636294153442318,0.5842053444259832,0.7905235320297679,-0.622482880006399,0.7036844282842222,0.03885447873802838,0.6719556693378207,0.6749424469545027,,,,,,0.03885447873802838,0.03885447873802838,-0.14622940528707698,-0.18481927821750455,,,,,-0.07124970312685545,-0.1685458467549271,,,,,,-0.09546992918770378,,0.008155444197819054,0.17398280955347314,-0.16235621472676143,,,,,,,,,0.17398280955347314,,,,,0.8226092884355065,,,-0.112499700340105,,,,,,,-0.10908965951818186,-0.10908965951818186,,,0.011612267939751035,,,,,,,,,,,,-0.1384313973221705,-0.04838444974896264,,,,,,,,,,,,,,,,
rdkit_PEOE_VSA12,-0.22049437915775208,0.4537827655324489,0.13419642408663948,0.26687537820892987,0.22279993385422242,0.0,0.40286600033337594,0.40286600033337594,0.32544757070426444,-0.4371376057470486,-0.3392710170673522,0.311150746109864,0.4521366869136349,0.4576988463711889,0.4567186474302757,0.4400148015210862,,0.572971381964234,0.09059639257663778,-0.13205281562919602,0.572971381964234,-0.28991961482722267,-0.23562337937123445,-0.17515459518017706,0.3312873467139726,-0.28821209644860535,0.48190836768178247,-0.34765936696395017,0.4460396446821316,-0.342497612170599,0.08191574728776294,-0.40296388260699906,0.22955597662901522,-0.21586331810498519,0.5043434610757515,0.4362739535952679,0.44866084581140664,0.4588281437377001,0.44231301403368717,0.4601006859116321,0.4604358225307064,0.4784454944191495,0.47463317972258257,0.45748796829407556,0.45090992900273297,0.4579097352883707,0.4468076236825685,-0.36217010282596585,0.42156940299118323,0.4246290201937655,0.4174326272215606,0.42171405350267055,0.4426057649734552,0.40645009688541806,0.40435122559584835,0.03683869936918317,1.0,,-0.030007190089423944,0.17207901291264835,0.0003116733663324165,,0.11224131788164178,-0.0787789998500828,-0.15256454344731807,0.28805177200458976,0.4401970147744477,0.35329612657454273,-0.05165645920104832,,0.436159902350335,-0.0787789998500828,0.41572362246360967,0.40283268445228826,-0.0787861939508101,,,0.370553314766814,,,0.0010413030388227492,0.41918295386662513,0.46544265284216396,-0.05533255102776735,0.1834605872948944,-0.0787861939508101,,,,0.4045355542992393,0.41582053188919854,0.44814625172044215,,-0.2249144628968475,-0.0787789998500828,0.4284850582645338,-0.17538113627455407,-0.05533255102776735,0.26875810499201286,0.08881293291214426,0.10771958570586859,0.38263431366981043,0.11224131788164178,-0.08872018828142492,0.38372413695829427,-0.03237892835023444,-0.7487970779202031,-0.3773596455888739,-0.3251496315663228,-0.2830768542864541,0.025423298211946277,0.1502233664037398,0.4464438145697387,0.36232542049827354,0.4293518957131264,-0.09714277874367486,0.40209330912213115,0.3884005004062191,0.5124400489239916,,,,0.3972236933980609,-0.05533255102776735,0.4058557092665657,0.37970809401531946,0.4359248147740571,0.40209330912213115,0.4495215025577833,-0.0787789998500828,0.40209330912213115,0.39387857288785577,,0.0203842617595007,0.4084337027452767,0.3884005004062191,-0.32475908542736975,0.4524972738663839,0.05245449319694403,0.3256637440836766,0.3161641866996576,,,,,,0.05245449319694403,0.05245449319694403,-0.08509560390685637,-0.07212173983299601,,,,,0.436159902350335,-0.05533255102776735,,,,,,-0.1776654015666629,,0.20947322889083353,-0.05533255102776735,0.5124400489239916,,,,,,,,,-0.05533255102776735,,,,,0.39588195991278424,,,0.11224131788164178,,,,,,,-0.04405623471731357,-0.04405623471731357,,,-0.0787861939508101,,,,,,,,,,,,-0.09716076648176879,-0.0787861939508101,,,,,,,,,,,,,,,,
rdkit_PEOE_VSA13,,,,,,,,,,,,,,,,,,,,,,,,,,,,,,,,,,,,,,,,,,,,,,,,,,,,,,,,,,,,,,,,,,,,,,,,,,,,,,,,,,,,,,,,,,,,,,,,,,,,,,,,,,,,,,,,,,,,,,,,,,,,,,,,,,,,,,,,,,,,,,,,,,,,,,,,,,,,,,,,,,,,,,,,,,,,,,,,,,,,,,,,,,,,,,,,,,,,,,,,,,,,,,,,,,,,,,,,,,,,,,,
rdkit_PEOE_VSA14,-0.08151444637621932,0.022797562868545052,0.07554955295788024,0.06408998193044602,0.033357262418825376,0.0,0.21190478413913746,0.21190478413913746,-0.055260324951129695,-0.4151588478325554,0.014892039527128123,-0.1998487309246605,0.02270011674516531,0.027261909414849694,0.02279641492610526,0.02451793001637076,,0.4734793209408289,-0.16183209913581897,0.4721512578736089,0.4734793209408289,0.19074639127785162,0.15403168416783447,0.10249883754275607,0.10292176940657344,-0.04470258089724681,-0.023100882962579453,0.10104288645420932,0.09878987355448472,0.05916079783099616,0.3921515741940317,0.0715563935670144,-0.019515436694692783,0.15908651477677266,0.06533864508816117,0.032676266613644325,0.009568520118278814,0.05825789240155597,0.024518411838706844,-0.07166181964183244,-0.021067052055273053,-0.02868266980667021,0.021998507816325237,-0.08081141412561818,-0.005754111162871242,-0.08080451178835625,-0.007699696934806721,-0.017886784409301262,0.03679541522017552,0.04034344795544086,-0.011692703067595223,0.11848447668499813,0.05979103261514159,-0.06649717972815167,-0.2933886815303636,-0.07073950922386264,-0.030007190089423944,,1.0,0.20192603861611938,0.9022944220934488,,-0.05303489731437384,-0.05303489731437384,-0.10270814444129218,0.04483569676258537,-0.2592218050170661,0.04679988124876957,0.44580621813332827,,0.09053520397559793,-0.05303489731437384,-0.13284688242923157,-0.3055015670777747,-0.05303974046285335,,,0.06530350945159223,,,0.4785173053048855,-0.02083563407102725,0.12618281265435002,-0.03725048766148949,-0.005577767285169545,-0.05303974046285335,,,,0.05584606189409044,-0.07922169628555416,0.024657690807643424,,0.11518165575303077,-0.05303489731437384,0.08815260691567561,-0.11806852804554112,-0.03725048766148949,0.34589738542811665,0.23385654040255413,-0.10896857785053671,0.013160439442506427,0.24971860221168024,0.36425688519875254,-0.1426518622243244,-0.021797854040696438,-0.1697469416994174,-0.06957857468212345,-0.026571967783566304,0.21677145441122322,-0.5467098774036532,-0.1970594104591076,0.027804365503977288,-0.053632029136364556,0.050353834901392565,-0.06539759714274056,-0.15693399229901417,-0.1643048179416599,0.11952074429201114,,,,-0.08241449088613732,-0.03725048766148949,-0.014830549379146657,-0.07053022261844044,0.08287154837034452,-0.15693399229901417,0.03429000102302802,-0.05303489731437384,-0.15693399229901417,-0.1643358164139945,,-0.07603723953374153,0.004744865012937192,-0.1643048179416599,0.08155847428980108,0.0034688720251654422,0.7062589435437021,-0.27573577995216747,-0.2744498249579364,,,,,,0.7062589435437021,0.7062589435437021,0.21096003011236794,0.05816842907281769,,,,,0.09053520397559793,-0.03725048766148949,,,,,,0.014950790100052054,,-0.03725048766148949,-0.03725048766148949,0.11952074429201114,,,,,,,,,-0.03725048766148949,,,,,-0.18220644538977823,,,-0.05303489731437384,,,,,,,0.03163642275208155,0.03163642275208155,,,-0.05303974046285335,,,,,,,,,,,,0.6727855545023423,0.5379745104089411,,,,,,,,,,,,,,,,
rdkit_PEOE_VSA2,0.008218868650694924,0.024943685598116685,0.12279220356157368,0.00687825400754007,0.029417698170941038,0.0,0.4473830731348325,0.4473830731348325,0.29777517942376713,-0.2297677119039482,-0.013541270810691708,-0.36131619892332145,0.02648276530070085,0.039763129102730124,0.024942429590381652,0.029664070667450804,,0.41846351350298994,-0.024362273298955246,0.17006525279896265,0.41846351350298994,0.3229401878079331,0.3771804143302526,0.35000338940903264,-0.14030544047388643,-0.01285565721788554,-0.07529184305429328,0.07341066672575056,-0.04010966382900728,0.05141881964683443,0.6215272219767404,0.08295091810621721,0.13416329621066359,0.3591746391418994,0.11307479455547857,0.09991827181196246,0.0826289185481584,0.06654474603537829,0.03476735028633246,0.03324465778078011,0.025133566910388087,-0.04946859977576357,-0.05755834893017354,-0.0657204733026188,-0.06362209084364777,-0.052563235556651516,-0.05373130745791044,-0.2511102278028692,0.044668093628524363,0.06931446535911127,0.07039839754522192,0.1458009756718143,0.046809135503551334,-0.04534754964871392,0.08443730512376434,-0.16059265983920143,0.17207901291264835,,0.20192603861611938,1.0,0.22844046928201717,,-0.07553911236122375,-0.07553911236122375,-0.1462901307675544,0.31783353891772925,-0.07149890600515876,0.026529597992320422,0.29596749186521243,,0.4691595938471811,-0.07553911236122375,-0.12436867618616508,0.03405994808818125,-0.07554601059532437,,,0.40150200442473405,,,0.11175452902873466,-0.019639140600574156,0.11056612866630997,-0.053056928842379454,0.21185526814246575,-0.07554601059532437,,,,0.05628463620592188,0.04018128025904108,0.029737762464420624,,-0.1817309437985877,-0.07553911236122375,0.46110208817810966,-0.1681683619275945,-0.053056928842379454,0.3020163641796984,0.26964308803237863,-0.12009269401540244,-0.0961335271012083,-0.07553911236122375,0.636492046404244,-0.09586569051429128,-0.03104730336052625,-0.3984866834424259,-0.40874874590492255,0.11567721686566694,-0.08325579172164069,-0.21244881286306924,-0.3348667516735472,0.04503286238067944,0.00189456530885471,0.059393087917179364,-0.09314765727623339,-0.17393676341896103,-0.185428126571837,0.5479124812400876,,,,-0.13896887564883498,-0.053056928842379454,0.037593549176341966,0.028524296335666152,0.038071170743797,-0.17393676341896103,0.21903401194842884,-0.07553911236122375,-0.17393676341896103,-0.18459922227481892,,-0.1083020024858212,0.08027583424695153,-0.185428126571837,-0.014815837580078836,0.08091624252303084,0.07291610967073409,-0.08545493325913271,-0.08118768254704244,,,,,,0.07291610967073409,0.07291610967073409,0.45004538259338717,0.4826999293368978,,,,,0.4691595938471811,-0.053056928842379454,,,,,,-0.09364267399035807,,-0.053056928842379454,-0.053056928842379454,0.5479124812400876,,,,,,,,,-0.053056928842379454,,,,,-0.15869602431807642,,,-0.07553911236122375,,,,,,,0.7809791675862203,0.7809791675862203,,,-0.07554601059532437,,,,,,,,,,,,0.2126070914577007,0.29637281079704175,,,,,,,,,,,,,,,,
rdkit_PEOE_VSA3,-0.15696591877391042,0.021262981856673024,0.05998656412062363,0.05762114100009334,0.043470154178037755,0.0,0.15321727340195104,0.15321727340195104,-0.0120895574015233,-0.3571557087983288,-0.03869950604670232,-0.24200104460173258,0.02117209516122343,0.023714865914643574,0.021261911186118875,0.028129152618966136,,0.4719762119854612,-0.19516337158655675,0.473654924299958,0.4719762119854612,0.1468503589337521,0.0998696860117826,0.04783095636771197,0.08238749911134467,-0.05259127164381977,-0.02322609100031701,0.10279579898253513,0.08188666325048544,0.056656637076245,0.3861415883826289,0.06742452832167499,-0.03252659394556131,0.1656280945362226,0.0700946294071739,0.035236866901636514,0.010234730138124244,0.00950800373778406,0.025878368270431485,-0.0829593301272235,-0.07920770469477428,-0.034401208919321205,-0.032797634536978176,-0.0912023329814375,-0.0743780140903694,-0.0911945431256588,-0.07884969455390406,-0.13838338952084636,0.036377837647891514,0.042916340067524095,-0.02651168020951779,0.11529752424737127,0.016505216296329027,0.021174058582033355,-0.22960609671958376,0.005834052594393299,0.0003116733663324165,,0.9022944220934488,0.22844046928201717,1.0,,-0.04876739552678773,-0.04876739552678773,-0.09444363914009922,0.07660882400924557,-0.1883908992181612,0.05781622492471753,0.3844824828424704,,0.12337530458315916,-0.04876739552678773,-0.11499995798123337,-0.28494126686731786,-0.04877184896687069,,,0.09643282593921196,,,0.2838877176553403,-0.031014510839342566,0.0853690390608443,-0.03425309291324367,0.025359794047854493,-0.04877184896687069,,,,0.06838106201076442,-0.09089018461435343,0.029432437942216158,,0.026080533895793033,-0.04876739552678773,0.12063435073689531,-0.10856803535098,-0.03425309291324367,0.40532826614005,0.12444389977179175,-0.032710794901600775,-0.0738548389491437,-0.04876739552678773,0.4470561360602914,-0.0943385834744446,-0.020043869668240573,-0.24096483215901215,-0.10132442339138206,-0.04284998629599681,0.19476003327203967,-0.35176296122334744,-0.2816785554029427,0.0296293836822713,0.019607545622313573,0.05263751636828345,-0.060135319343725326,-0.18574596001468344,-0.19241574909302367,0.15444757780255458,,,,-0.08411140087923526,-0.03425309291324367,-0.02600653398214742,-0.0023669046304616572,0.039809481038395295,-0.18574596001468344,0.054195525441010244,-0.04876739552678773,-0.18574596001468344,-0.19245205109773494,,-0.06991883312465794,-0.008029251720596818,-0.19241574909302367,0.025020209013196723,0.003237289687677941,0.827605888602368,-0.226886874170445,-0.2254929309472512,,,,,,0.827605888602368,0.827605888602368,0.30089421543172473,0.1239183973461509,,,,,0.12337530458315916,-0.03425309291324367,,,,,,0.06014645448303819,,-0.03425309291324367,-0.03425309291324367,0.15444757780255458,,,,,,,,,-0.03425309291324367,,,,,-0.1927642453272518,,,-0.04876739552678773,,,,,,,0.06151485506962209,0.06151485506962209,,,-0.04877184896687069,,,,,,,,,,,,0.4143422419942631,0.5283616971410992,,,,,,,,,,,,,,,,
rdkit_PEOE_VSA4,,,,,,,,,,,,,,,,,,,,,,,,,,,,,,,,,,,,,,,,,,,,,,,,,,,,,,,,,,,,,,,,,,,,,,,,,,,,,,,,,,,,,,,,,,,,,,,,,,,,,,,,,,,,,,,,,,,,,,,,,,,,,,,,,,,,,,,,,,,,,,,,,,,,,,,,,,,,,,,,,,,,,,,,,,,,,,,,,,,,,,,,,,,,,,,,,,,,,,,,,,,,,,,,,,,,,,,,,,,,,,,
rdkit_PEOE_VSA5,0.15706156681172245,0.070531795364474,-0.03385816687587057,0.22146760313220662,-0.013448001111726483,0.0,0.019275742410989727,0.019275742410989727,-0.15721234826584624,0.07473862217207451,0.2185277308182312,-0.020402259912685544,0.0702303135757007,0.07085930659432894,0.07052824382513972,0.023905074797202445,,-0.036554049448073445,-0.22663473332011283,0.2110156690447337,-0.036554049448073445,0.10565452804672423,0.17364426022957766,0.13873814996421488,0.2809792123408254,0.04666601287272838,0.01049248434417676,-0.01328696509915851,0.01455249814337921,-0.0010017949876349672,0.25756676392614813,0.044026253403957764,0.06114972304924707,-0.18422830516117317,0.05497743348696584,-0.014115415300589169,-0.010919254316562776,0.06633191874547481,-0.0022493655855223994,-0.0025491025212551035,0.03619725580182247,0.009075127898331547,0.032323770154731465,0.009076161482560671,0.0323274515727161,0.016927124936777633,0.028551777001793597,0.2531593615579887,0.028080575848812857,0.03125578125565883,0.034922458769762424,0.02245480529331942,0.07022029727215616,0.004083536422787782,-0.003499761132424824,-0.112499700340105,0.11224131788164178,,-0.05303489731437384,-0.07553911236122375,-0.04876739552678773,,1.0,-0.02739225712198685,-0.053048238867722544,-0.05707812661106212,0.08018102233674557,-0.11729795321867927,0.28851344232922393,,-0.04423335612891737,0.47260774287801316,-0.06731406091450537,-0.017840243055823896,-0.027394758583762942,,,0.2720924520925321,,,0.6455316080543109,-0.07522842593092409,-0.03935682735974374,-0.019239689103091196,-0.07202221715274316,-0.027394758583762942,,,,-0.03431541762381835,-0.07129980413403302,-0.053046494151698785,,0.15836901857588243,-0.02739225712198685,-0.04421651494950286,-0.06098179956994911,-0.019239689103091196,-0.019239689103091196,-0.07189626445387366,0.20837427859707366,-0.005709732531108473,0.5,-0.030018893657333102,-0.10961530888434172,0.4053053423641662,-0.09144042049707012,-0.23184151880365517,0.116772997484915,0.1266448209983749,0.008839938598304621,0.002162906329958552,0.022218757807308507,-0.06649341454875225,-0.06332261332298503,-0.03377752926484029,-0.005854911953394474,-0.009857777956144597,-0.039283912144176425,,,,-0.010164404622342818,-0.019239689103091196,-0.042259742452883074,-0.10100529874993532,0.026015611417752677,-0.005854911953394474,-0.023303437733803598,-0.02739225712198685,-0.005854911953394474,-0.007823408228999728,,-0.039272850926965974,0.1026230148058808,-0.009857777956144597,0.2111616419970654,0.07015130138494044,-0.039283912144176425,-0.1317148649813386,-0.1315949917159867,,,,,,-0.039283912144176425,-0.039283912144176425,-0.021143997221906186,-0.012813720306303294,,,,,-0.04423335612891737,0.6926288077112831,,,,,,0.03153153153153153,,0.7118684968143743,-0.019239689103091196,-0.039283912144176425,,,,,,,,,-0.019239689103091196,,,,,-0.009862489292424469,,,1.0,,,,,,,-0.057190185069616074,-0.057190185069616074,,,-0.027394758583762942,,,,,,,,,,,,-0.033783783783783786,-0.027394758583762942,,,,,,,,,,,,,,,,
rdkit_PEOE_VSA6,0.00415985411186594,0.23097112638976733,-0.1438842466777042,0.1274050506969117,0.01806020045085011,0.0,0.23018704032594609,0.23018704032594609,-0.20978644202584865,-0.04078505984833534,-0.2368828365332483,0.11527276850667333,0.22998386117158964,0.2320436304607894,0.2309594961308718,0.23504946935790044,,0.007331908908055135,0.01860040593605117,-0.034219470211430306,0.007331908908055135,-0.08846207225157886,-0.06947810882276285,0.006125304634181673,0.13260700300941564,-0.27714865950176315,0.2192876501880962,-0.26558112382722787,0.21939472744420613,-0.25340140581966586,0.04571348706734297,-0.1480020279100712,0.24592823400240668,-0.20681705113028462,0.24500147539089417,0.23433635111340423,0.23757031821456207,0.23757031821456207,0.23035548473554393,0.23737242677927523,0.23737242677927523,0.24502845325495176,0.24502845325495176,0.2450563600291381,0.2450563600291381,0.24503542905467862,0.24503542905467862,-0.22199971455428144,0.24807245564682234,0.23778908092540446,0.22607696993056728,0.2259769950882236,0.23382950734085722,0.21050630259471015,0.19855997718963192,0.24006816788172866,-0.0787789998500828,,-0.05303489731437384,-0.07553911236122375,-0.04876739552678773,,-0.02739225712198685,1.0,0.5533183924564736,0.23211771488498595,0.2553022369181755,0.21078891767433391,-0.026326987039429747,,0.28309347922507117,0.5,0.24961445080758832,0.1564933601388061,0.9999086883073475,,,0.24802690453693763,,,-0.0442064194704833,0.21047627444988531,0.22027459920191653,0.7118684968143743,0.4086060453132296,0.9999086883073475,,,,0.21059044982236144,0.21430742272618508,0.21239198240932602,,0.2909988567018876,0.5,0.30975142605958406,0.44647711625879777,0.7118684968143743,-0.019239689103091196,0.4226701502504951,-0.02421286545982737,0.2145379130670202,-0.02739225712198685,0.00979110868393302,0.21423419903814137,-0.02221673728514689,0.22255565467160654,-0.2719262673818572,-0.1909162020015379,0.15091331326698457,0.008839938598304621,-0.04596175951161923,0.23620962476354423,0.21863323805432128,0.2134034149978049,0.8165154740954059,0.19181550995937308,0.24140841016514974,-0.039283912144176425,,,,0.2344004578644844,-0.019239689103091196,0.21494628559573695,0.2193627898492185,0.21334870198455227,0.19181550995937308,0.2311701023193317,0.5,0.19181550995937308,0.2117142870738214,,-0.039272850926965974,0.22607696993056728,0.24140841016514974,0.037725643427771224,0.24114509851073276,-0.039283912144176425,0.21848437319179387,0.2162585942062483,,,,,,-0.039283912144176425,-0.039283912144176425,-0.021143997221906186,-0.012813720306303294,,,,,0.28309347922507117,-0.019239689103091196,,,,,,0.03153153153153153,,-0.019239689103091196,0.7118684968143743,-0.039283912144176425,,,,,,,,,0.7118684968143743,,,,,0.21425591603380506,,,-0.02739225712198685,,,,,,,-0.057190185069616074,-0.057190185069616074,,,-0.027394758583762942,,,,,,,,,,,,-0.033783783783783786,-0.027394758583762942,,,,,,,,,,,,,,,,
rdkit_PEOE_VSA7,0.03227612452429924,-0.10489800640601359,-0.1487989095751092,-0.22955486272226594,-0.10455505627577974,0.0,-0.018650731940772044,-0.018650731940772044,-0.29170627309102437,0.2044581411887891,0.1691010228335714,0.03093171110118371,-0.10754202746328072,-0.11786547193016993,-0.10489272439959488,-0.10268046731179034,,-0.20694276597286804,0.2128617493465018,-0.23471169973914394,-0.20694276597286804,0.08999148838397876,-0.045104800106162905,-0.08704707604150903,-0.13493913451273096,0.036926105631052406,-0.10685886049927248,0.054261300646858114,-0.07527753145324101,0.08666046348602569,-0.0013134795745608472,0.09640940077276619,-0.16464987523276714,-0.0149533800492896,-0.08200426066237775,-0.13025687648697637,-0.09474935592105482,-0.09474935592105482,-0.13249496133170777,-0.10290754896416539,-0.10290754896416539,-0.0675072718305607,-0.0675072718305607,-0.09428959362578594,-0.0963491807995389,-0.09428154007812146,-0.09634095133656037,-0.029931863821621333,-0.12226970376030317,-0.07111332381687929,-0.12642031197854983,-0.03772577600411594,-0.09905557447063486,-0.12523255521351428,-0.16344764130244605,0.028083054501764005,-0.15256454344731807,,-0.10270814444129218,-0.1462901307675544,-0.09444363914009922,,-0.053048238867722544,0.5533183924564736,1.0,0.06000651679563392,-0.1769991888775555,-0.13147403635113095,0.06986863688966365,,0.10769056982731197,0.2579660072938965,0.12871983212005117,-0.26056571105225124,0.5532678680174826,,,0.08085516575377694,,,-0.08561078735182531,-0.2056130279989743,-0.0707890353217636,0.39388993229773583,0.7421625056792978,0.5532678680174826,,,,-0.1417835281418275,-0.20724732806535281,-0.08266892633236078,,0.32156359939207513,0.2579660072938965,0.12311196081053315,0.8474079101611228,0.39388993229773583,-0.03725985846059663,0.26719924608184803,-0.15943502001114757,-0.06772018110149626,-0.053048238867722544,0.0015181188262933089,-0.1680488166713958,-0.027866741894339797,0.2724097577719507,-0.09501273352113675,0.08092099227726708,0.4390966002295344,0.01711955215119746,-0.15819880813804701,-0.11568099544624685,-0.1253585561729129,-0.15615190021049222,0.43642591969392763,-0.06363347556262908,-0.039307899693488496,-0.07607778890955964,,,,0.005995288961631951,-0.03725985846059663,-0.18359043544648077,-0.17912849209583356,-0.15715642703376895,-0.06363347556262908,-0.1103888561516405,0.2579660072938965,-0.06363347556262908,-0.05688267960904439,,-0.07605636759732039,-0.12229576101790889,-0.039307899693488496,0.3186714607700947,-0.09861973442399183,-0.07607778890955964,-0.14420619642338847,-0.1452683900930299,,,,,,-0.07607778890955964,-0.07607778890955964,0.0805746420984,0.10159780038574098,,,,,0.10769056982731197,-0.03725985846059663,,,,,,0.20064022789525282,,-0.03725985846059663,0.39388993229773583,-0.07607778890955964,,,,,,,,,0.39388993229773583,,,,,-0.06412826092564426,,,-0.053048238867722544,,,,,,,-0.11075533443452865,-0.11075533443452865,,,-0.05305308323455313,,,,,,,,,,,,-0.06542616127019114,-0.05305308323455313,,,,,,,,,,,,,,,,
rdkit_PEOE_VSA8,-0.03572655238405347,0.03495328925854874,-0.24555219304943193,0.05945103053517785,0.010191338320237726,0.0,0.12121369286279522,0.12121369286279522,-0.03041588911705939,0.20866507686414545,0.12183302544818776,-0.14510165324593552,0.034803884580634,0.028784592513724245,0.03495152922988333,0.037118322050247565,,0.09732719931093757,-0.1402278994600581,0.1121190609294747,0.09732719931093757,0.24645270621688348,0.25502824092858317,0.2665177121506014,-0.1841881126991943,-0.1368173019890514,0.004342212210886991,-0.03773327446549265,-0.013548901754804952,-0.037211109705955606,0.08953751508272036,0.09036198575567359,0.05044582035990535,0.12003630990092072,0.06091884423870599,0.03700570851092996,0.05276204481028179,0.03883392819537616,0.043062504961821915,0.05271809505740589,0.04289154837164258,0.046930069908114616,0.038749842668895994,0.036257408767768916,0.02411848143672833,0.04021174230244165,0.029986167146272537,-0.1661527325203018,0.06186286044414419,-0.011253852108186914,-0.023431846817485998,0.06510694264892015,0.03474575211255792,-0.056345508535081745,-0.06439978145977553,-0.1032036087647041,0.28805177200458976,,0.04483569676258537,0.31783353891772925,0.07660882400924557,,-0.05707812661106212,0.23211771488498595,0.06000651679563392,1.0,0.01791266043500513,-0.11382553495928245,0.14555533486504224,,0.5944995051897878,0.23211771488498595,0.035732267746211334,-0.0022011091507391487,0.22833335594946927,,,0.5210004793477162,,,-0.09211433713991621,-0.015021553146240142,0.11074983595386746,0.36081322730138427,0.5607802829944771,0.22833335594946927,,,,-0.06307154493898771,-0.013656084140183489,0.09516177847389902,,0.11886039515325741,0.4714653258073731,0.7792195647536712,0.28896599189574484,0.36081322730138427,0.3708358169486449,0.3483974245556502,-0.295556977592324,-0.056706162117976563,-0.05707812661106212,0.15587388772516456,-0.10573209298483548,-0.2518003534300373,-0.013704762398801541,-0.5293734765062912,0.14793334026133947,0.3445546858986799,0.35882285045822515,-0.18833281253192538,0.037301530385465936,-0.1270710108248197,-0.015415419242601414,0.17048405004115752,-0.03839104038320778,-0.03538851686102097,0.68043756273435,,,,-0.004461754871172236,-0.040090358589042696,-0.046797769372246195,-0.11653990232728262,-0.026054001014119896,-0.03839104038320778,0.051147888747318994,0.23211771488498595,-0.03839104038320778,-0.034390282560797805,,-0.08183410179029964,-0.014176134340204356,-0.03538851686102097,0.24610815148642032,0.04453815889736508,0.12790179750645675,-0.18058762135411682,-0.1816145392384037,,,,,,0.12790179750645675,0.12790179750645675,0.20237859272870087,0.21716493055959019,,,,,0.5944995051897878,-0.040090358589042696,,,,,,0.05162399451267174,,-0.040090358589042696,0.36081322730138427,0.68043756273435,,,,,,,,,0.36081322730138427,,,,,-0.01682942740509399,,,-0.05707812661106212,,,,,,,0.033516288800140105,0.033516288800140105,,,0.4923437987660431,,,,,,,,,,,,-0.07039635615364329,-0.05708333898736732,,,,,,,,,,,,,,,,
rdkit_PEOE_VSA9,-0.3041420183090503,0.7978671191174733,0.1109021498372261,0.5287339912881134,0.3424489440311831,0.0,0.41300220195564885,0.41300220195564885,0.3914688932836203,-0.4472942053370836,-0.7766141906841064,0.5137427881641076,0.7931987074647622,0.77801673490992,0.797826943527976,0.7942608769936476,,0.3623288391157563,0.013181311887395913,-0.09333587897144505,0.3623288391157563,-0.7084503716433019,-0.5420581452658968,-0.36397628347929123,0.6567000009607837,-0.6367344803214849,0.7073846678793883,-0.750917671850096,0.7044663685877078,-0.71175471759593,-0.13760327278184195,-0.683219967878859,0.6460335180072567,-0.5827199797808271,0.7498166789846009,0.7789598641893024,0.7891647036809246,0.771543218126667,0.7754993261534409,0.7975372260987402,0.7749333001735483,0.7803819197224249,0.7541388068753923,0.7915040989617491,0.761721495777154,0.7893323095371728,0.753517331369236,-0.41450761740179376,0.7502739882049352,0.7900670382526207,0.8304286421985702,0.7505019469919659,0.7711468372386863,0.8210020505224904,0.7890172015543601,0.5395502743173345,0.4401970147744477,,-0.2592218050170661,-0.07149890600515876,-0.1883908992181612,,0.08018102233674557,0.2553022369181755,-0.1769991888775555,0.01791266043500513,1.0,0.7796105785079017,-0.3952596620371709,,0.10648916987320117,0.11200221135811717,0.7253271151300626,0.8962800587320534,0.2551685243422157,,,0.081647783133355,,,-0.12009055576969777,0.822910801964179,0.6816448502340022,0.187479259936357,-0.12793187077207463,0.2551685243422157,,,,0.7798543064328219,0.8612393262756819,0.7423702131281552,,-0.3373056807033218,0.11587518502190253,0.1182762508188886,-0.23986742518825357,0.187479259936357,0.09925372584865959,-0.13749574278758528,0.3058558989057974,0.7313387395085448,-0.03407170074492256,-0.2521818630229088,0.8310562601197019,-0.02878199844500477,-0.2841220787114769,-0.09491812313911686,-0.7185352627915899,-0.7431412762702854,0.08750801754312841,0.48947990274069914,0.7755241763509784,0.8203246417524858,0.7718053476060713,0.09831229372454688,0.7541459629942289,0.736251315176404,0.030961620878977622,,,,0.7729228983100678,0.17920811611563536,0.8015787900098812,0.8509486551536233,0.7566656722675206,0.7541459629942289,0.7046840685461251,-0.0022505117235509524,0.7541459629942289,0.7332956913570183,,0.09259607824529095,0.807660134454088,0.736251315176404,-0.6983347688559282,0.8011754792049929,-0.13088321553385995,0.8640115116539252,0.8596279405648805,,,,,,-0.13088321553385995,-0.13088321553385995,-0.3568481914479626,-0.33512002781726236,,,,,0.10648916987320117,-0.03308457528288653,,,,,,-0.36664150683834745,,0.1433664928925083,0.187479259936357,0.030961620878977622,,,,,,,,,0.187479259936357,,,,,0.7913764270162077,,,0.08018102233674557,,,,,,,-0.017415129337303454,-0.017415129337303454,,,-0.13739843618427,,,,,,,,,,,,-0.22753720274738992,-0.13739843618427,,,,,,,,,,,,,,,,
rdkit_SMR_VSA1,-0.42081006661972864,0.9520168204752172,0.19469261757209347,0.4087053938632563,0.24607178894850898,0.0,0.6562988131104746,0.6562988131104746,0.318169396472495,-0.767282337231139,-0.9298310316316747,0.6422005751290408,0.9490612478665671,0.9480096271649392,0.9519545436162589,0.9586700148738995,,0.6460594509861368,0.12965509298183223,-0.12822851545446767,0.6460594509861368,-0.7136584446331513,-0.5481757139315475,-0.35071698484652536,0.7749700752423448,-0.8296687161042593,0.8789046758128132,-0.874598575966794,0.8648345901082541,-0.875073731811872,0.08442925422229149,-0.873277048772671,0.7550011318743564,-0.6199263843309823,0.9059858525091297,0.9532004400565753,0.9530519090091724,0.9385204582202777,0.938853064029392,0.9247953620585475,0.9150682557449946,0.9257625052687501,0.9164914728769114,0.9156900421977747,0.9074022217434085,0.9109833140558253,0.9018974436504023,-0.6032410699105816,0.9280768226451562,0.9632379177689827,0.9227343003605882,0.8581651711606221,0.9450569206715826,0.954532823089623,0.8873101721028027,0.7400765511089429,0.35329612657454273,,0.04679988124876957,0.026529597992320422,0.05781622492471753,,-0.11729795321867927,0.21078891767433391,-0.13147403635113095,-0.11382553495928245,0.7796105785079017,1.0,-0.26340355960719086,,0.047023557104287544,-0.0047000922021422,0.8667841782446467,0.7771864040595029,0.2107570743008079,,,-0.030144712566087493,,,-0.07637911420561432,0.9573950354186864,0.8536786838808974,0.15070861232077112,-0.1721600209283384,0.2107570743008079,,,,0.9806858167573804,0.9375860675899479,0.8715282044378009,,-0.2600753806630862,-0.031163654818551545,0.05343800619581821,-0.2157158112354115,0.15070861232077112,0.02152980176011016,-0.03832745044579126,0.3030313423312499,0.8527214915354039,-0.011443702753041879,-0.04153857130886137,0.9405604992788005,-0.0975550517470951,-0.365657585884865,0.011123091091547292,-0.9560566773656529,-0.7415309744715907,-0.10944028798293223,0.41510660510271497,0.954517879521061,0.9602004447874891,0.9744255550272382,0.15425820692908593,0.820751440079357,0.8234547862402047,-0.021979950827007225,,,,0.8943966110876058,0.18300331496093636,0.9661347828521952,0.953478334575874,0.9579556241118102,0.820751440079357,0.7857658240843881,0.08414186801008917,0.820751440079357,0.8213765120282583,,-0.0835369181811238,0.8887113118546762,0.8234547862402047,-0.8852555760685186,0.9501756929749221,0.06044486477426987,0.9121831953361609,0.9130396341689121,,,,,,0.06044486477426987,0.06044486477426987,-0.22789402686272245,-0.25940310237997494,,,,,0.047023557104287544,-0.1614735132008262,,,,,,-0.3125220728033104,,-0.00538245044002754,0.15070861232077112,-0.021979950827007225,,,,,,,,,0.15070861232077112,,,,,0.8488056950478382,,,-0.11729795321867927,,,,,,,0.04999810144147455,0.04999810144147455,,,-0.17243760624611554,,,,,,,,,,,,0.0031504241210011125,0.011495840416407704,,,,,,,,,,,,,,,,
rdkit_SMR_VSA10,0.020122015884573664,-0.21513971121836417,-0.05906991680124097,-0.05752931818651339,-0.13326553112331588,0.0,0.2919325025004193,0.2919325025004193,-0.5535959182406868,-0.15275794871323461,0.26588974648649505,-0.5662805322834616,-0.21915585401373275,-0.18537304111627248,-0.21567624116750722,-0.23123938461415158,,0.09250743598655309,-0.2634390815817343,0.3966435872124121,0.09250743598655309,0.6542014985568125,0.6028931395196188,0.4745561717105295,-0.25499611581122944,0.2804607555764676,-0.34916876934529256,0.35021059297896295,-0.31450678540441596,0.34544346059459236,0.811170195258404,0.3529572189222759,-0.08199128369292079,0.4140142821093807,-0.12415907380739065,-0.1580054919609656,-0.24845539107535386,-0.1964031163322444,-0.2345230988152139,-0.33254552446875957,-0.290714567140978,-0.2914206071325055,-0.254095055292606,-0.35449699799506146,-0.2975947619385089,-0.35304504119330915,-0.3041332619353234,-0.20201626106203444,-0.2000139845704528,-0.14727133023714065,-0.10957603383548653,0.026401671772511258,-0.15702794150567406,-0.2767600812521955,-0.3410374775180904,-0.21125270969988544,-0.05165645920104832,,0.44580621813332827,0.29596749186521243,0.3844824828424704,,0.28851344232922393,-0.026326987039429747,0.06986863688966365,0.14555533486504224,-0.3952596620371709,-0.26340355960719086,1.0,,0.35690047489197335,0.053845730693813106,-0.30126461410449634,-0.4926771377028679,-0.024379065945100573,,,0.4136634353124184,,,0.4413079562928099,-0.3458023456931608,0.024816531269983202,-0.1198521073224021,0.2954012369477303,-0.024379065945100573,,,,-0.19631493791154878,-0.4047454588690766,-0.0900293745107447,,0.6745356571435451,-0.026326987039429747,0.25515663601274635,-0.018089583434010865,-0.1198521073224021,0.19404626899817481,0.16829562045205076,-0.22070913624925337,-0.31202264288305787,0.2965307141025482,0.7792317567142165,-0.40929554677601315,0.23391296542573345,0.006398208633417114,-0.40910442158231203,0.25770829597734846,0.4010559271463439,-0.35260804550620534,-0.7738848847004696,-0.2024461930858162,-0.343012571412971,-0.21715884724138246,-0.09178076693969382,-0.4368598501314081,-0.4535373644533609,0.3525075636267831,,,,-0.3030311711868393,-0.1198521073224021,-0.24640520832470994,-0.34104571094813163,-0.17083037786245717,-0.4368598501314081,0.0982680096596043,-0.17063787895926688,-0.4368598501314081,-0.4599334046929494,,-0.24464708961431045,-0.0666391912752095,-0.4535373644533609,0.27742844126474375,-0.19259480895491624,0.29132856498081244,-0.46417019612969884,-0.4585984295450822,,,,,,0.29132856498081244,0.29132856498081244,0.8112130348131339,0.7923910641790618,,,,,0.35690047489197335,0.1997535122040035,,,,,,0.752287334730262,,0.20546075540983216,-0.1198521073224021,0.3525075636267831,,,,,,,,,-0.1198521073224021,,,,,-0.42133377155073837,,,0.28851344232922393,,,,,,,0.05725634340166938,0.05725634340166938,,,-0.17065346161570402,,,,,,,,,,,,0.3240314008385232,0.24379065945100573,,,,,,,,,,,,,,,,
rdkit_SMR_VSA2,,,,,,,,,,,,,,,,,,,,,,,,,,,,,,,,,,,,,,,,,,,,,,,,,,,,,,,,,,,,,,,,,,,,,,,,,,,,,,,,,,,,,,,,,,,,,,,,,,,,,,,,,,,,,,,,,,,,,,,,,,,,,,,,,,,,,,,,,,,,,,,,,,,,,,,,,,,,,,,,,,,,,,,,,,,,,,,,,,,,,,,,,,,,,,,,,,,,,,,,,,,,,,,,,,,,,,,,,,,,,,,
rdkit_SMR_VSA3,-0.15044676919484418,0.13905860201019754,-0.1708057551102281,0.2617999632346139,0.0695920093722746,0.0,0.29397446093369684,0.29397446093369684,-0.05434744578041239,-0.05433468139940603,-0.11362019966684599,-0.18532024900326705,0.13846420857583636,0.13720959449477008,0.13905159989019966,0.13916676895502728,,0.25598379479104894,-0.2434640177624338,0.22328047224844963,0.25598379479104894,0.12233663807645849,0.11861932419825832,0.15578668038144725,-0.13487343636328528,-0.22312327033272766,0.04411715238689972,-0.11218361606954501,0.01638649226843653,-0.13487243729709344,0.3062990865719038,0.03151225170492837,0.1609978211204059,0.16056285392420797,0.1828271746044359,0.13874454991219973,0.150782996531164,0.13842373452041287,0.13868794846092625,0.15065739723986932,0.1383084302529948,0.1481928770286225,0.13831335189338098,0.1136274788393863,0.10621699108899155,0.11608772518657341,0.1062079187877161,-0.3637670481132927,0.15753894955453662,0.14844771400096424,0.16077014197711686,0.23981242376946704,0.13597223818707058,0.10880339582196316,0.07729199406819534,-0.07124970312685545,0.436159902350335,,0.09053520397559793,0.4691595938471811,0.12337530458315916,,-0.04423335612891737,0.28309347922507117,0.10769056982731197,0.5944995051897878,0.10648916987320117,0.047023557104287544,0.35690047489197335,,1.0,-0.04423335612891737,0.1313315587389558,-0.024007204572458425,0.28754307088247577,,,0.8927606125424808,,,-0.07138507377884759,0.10137052018169254,0.19465459179215405,-0.031068488300060003,0.6202792984064366,0.28754307088247577,,,,0.13358481782857493,0.08647539149320507,0.17215192357004053,,0.17151934642642272,-0.04423335612891737,0.7739909167443662,0.08315596187021115,-0.031068488300060003,0.43495883620084,0.49535564148395644,-0.28578890053264533,-0.03329497463482756,-0.04423335612891737,0.42220057945036904,0.05433738824382824,0.2472525664528952,-0.19573418730897674,-0.9184569728644222,-0.00741090980801843,0.16301332490674164,0.014274842355459352,-0.3012443344068643,0.13985366724809814,0.08128107902092868,0.1378425912503317,0.21454119922502637,-0.04423704604832867,-0.03114481687676438,0.8881060715737716,,,,0.06248834961253317,-0.031068488300060003,0.08582785046634199,0.09284416127735978,0.12778490524063385,-0.04423704604832867,0.2621604035096974,-0.04423335612891737,-0.04423704604832867,-0.049321930259408925,,-0.06341828617898013,0.18055723637430046,-0.03114481687676438,-0.0839705852293564,0.15312719063724423,0.17444940691627658,-0.01008032206740297,-0.007553360999586,,,,,,0.17444940691627658,0.17444940691627658,0.42404134279216865,0.4412075857361524,,,,,1.0,-0.031068488300060003,,,,,,0.21821789023599236,,-0.031068488300060003,-0.031068488300060003,0.8881060715737716,,,,,,,,,-0.031068488300060003,,,,,-0.028408665197456717,,,-0.04423335612891737,,,,,,,0.08080749189443177,0.08080749189443177,,,-0.04423739552038088,,,,,,,,,,,,-0.05455447255899809,-0.04423739552038088,,,,,,,,,,,,,,,,
rdkit_SMR_VSA4,0.14628926466292413,0.11338396173416897,-0.20527485859352462,0.15947298862742687,-0.07009396316074205,0.0,0.1471687634870803,0.1471687634870803,-0.21922020278782775,0.1289827517703605,-0.02559517519149605,-0.02815511867950605,0.1128993122307049,0.11391045507751135,0.11337825242820426,0.11357475450859703,,-0.12358750051491499,-0.058439573260075664,0.042820508984696526,-0.12358750051491499,0.04555745704767008,0.04376814784870083,-0.020315593703369213,0.2018895485181123,-0.11547860812573464,0.04608256943120849,-0.09237604307034013,0.04618836367246445,-0.08404532685737566,0.10729751578090306,0.05984406899819408,0.10972182747799683,-0.2539831685601449,0.10536491427093825,0.07916906842504359,0.1054167262524238,0.11674417699203565,0.06768545534617403,0.08269288578951554,0.08269288578951554,0.08657060208633127,0.08657060208633127,0.08658046178307875,0.08658046178307875,0.08280015330520143,0.08280015330520143,0.008581673273152159,0.074662583738364,0.12441026656664202,0.12028846909584835,0.1504471954652401,0.11676165709207362,0.09718816686234921,0.0766859424604851,0.007121540663731418,-0.0787789998500828,,-0.05303489731437384,-0.07553911236122375,-0.04876739552678773,,0.47260774287801316,0.5,0.2579660072938965,0.23211771488498595,0.11200221135811717,-0.0047000922021422,0.053845730693813106,,-0.04423335612891737,1.0,0.037646769629996926,0.005946747685274632,0.49310565450773297,,,0.2720924520925321,,,0.29164448471993515,0.017862923389296764,0.048732406652248136,0.7118684968143743,0.18949845579743982,0.49310565450773297,,,,0.08211189217127964,0.025602647836398124,0.04089215180237751,,0.2993163211267387,0.5,0.30975142605958406,0.16903251406722192,0.7118684968143743,-0.019239689103091196,0.18916706025196983,0.16938746133124993,0.038487826691175626,-0.02739225712198685,-0.030018893657333102,0.010502676107057858,-0.011108368642573445,0.22255565467160654,-0.23184151880365517,0.039264282997111155,0.18864164158373073,0.008839938598304621,-0.0779727731950058,0.1084131036398371,0.09829461281119899,0.050699477987357286,0.40548047353037164,0.02884484145846635,0.047145894572865464,-0.039283912144176425,,,,0.07022210503050039,-0.019239689103091196,0.06070604187128086,0.05645937212175872,0.09087361682105657,0.02884484145846635,0.10854223442233854,0.5,0.02884484145846635,0.04715478932547781,,-0.039272850926965974,0.19962984472188755,0.047145894572865464,0.21503616753829596,0.11664693137263353,-0.039283912144176425,0.01061209812645856,0.0066525114295601494,,,,,,-0.039283912144176425,-0.039283912144176425,-0.021143997221906186,-0.012813720306303294,,,,,-0.04423335612891737,0.6926288077112831,,,,,,0.03153153153153153,,-0.019239689103091196,0.7118684968143743,-0.039283912144176425,,,,,,,,,0.7118684968143743,,,,,0.03673110877016464,,,0.47260774287801316,,,,,,,-0.057190185069616074,-0.057190185069616074,,,-0.027394758583762942,,,,,,,,,,,,-0.033783783783783786,-0.027394758583762942,,,,,,,,,,,,,,,,
rdkit_SMR_VSA5,-0.4890673588687811,0.9062977830605806,0.08149717763023524,0.31143648059129203,0.21058365308736318,0.0,0.56003205218762,0.56003205218762,0.2511563406237076,-0.5423282985079949,-0.7891274922912747,0.8036191782230013,0.9040179173074042,0.906171663385041,0.9061516499064467,0.9092298969472056,,0.5382060971605276,0.3342941808001431,-0.39280942460658586,0.5382060971605276,-0.7052224259374605,-0.5471107648975299,-0.3262401168582603,0.7536449656287136,-0.8668520826004262,0.9074029870081246,-0.9346531741927158,0.8723766797959468,-0.917348636340635,-0.04219096084553726,-0.8989885811453431,0.6680439415299011,-0.6949895970402697,0.8792393161671477,0.8776134468792954,0.893977948868278,0.8758128360321669,0.9064166027649828,0.9245352180079152,0.9081416861933084,0.9453892146487911,0.928880854773049,0.9391270191932978,0.9167039423149848,0.9380114335159974,0.9158187677727041,-0.5257224925291065,0.9060077751024941,0.8782501004257446,0.8199181643767277,0.789680010400331,0.8772018544339384,0.8859725357768349,0.8441178991981085,0.7828071670125967,0.41572362246360967,,-0.13284688242923157,-0.12436867618616508,-0.11499995798123337,,-0.06731406091450537,0.24961445080758832,0.12871983212005117,0.035732267746211334,0.7253271151300626,0.8667841782446467,-0.30126461410449634,,0.1313315587389558,0.037646769629996926,1.0,0.678233293262372,0.24938146974063316,,,0.05593011863106867,,,-0.1404474477073567,0.8826153825176061,0.8378417054071611,0.18861639321640067,0.10239138418602303,0.24938146974063316,,,,0.8686264761293773,0.858620979249545,0.8836812028205299,,-0.17364307289831005,0.03386163246611137,0.14753074508782235,0.07131005867068742,0.18861639321640067,0.016167119418548627,0.042983771923748304,0.0953147834003538,0.8665375832252804,-0.0067518662923364055,-0.1808235832275571,0.8693093813979123,-0.09733810813672239,-0.24695191502354202,-0.07352655119233598,-0.9209767871332656,-0.5190173887936893,0.054688091398209224,0.46127925722004215,0.9105120707977794,0.8501910103274506,0.8954049513613015,0.2066722771269452,0.8935384075100025,0.9030210335947595,0.0632697207127883,,,,0.9540367610264597,0.1778383136040349,0.8877136333573834,0.8423932518380595,0.8806811100742873,0.8935384075100025,0.6161115079252543,0.13606033589102148,0.8935384075100025,0.901120137015387,,-0.030470918090404753,0.7776305312815568,0.9030210335947595,-0.7334968486834035,0.8836584890712323,-0.060518863290493156,0.8287016526132542,0.8286753326566347,,,,,,-0.060518863290493156,-0.060518863290493156,-0.2889655620122512,-0.2927551069541321,,,,,0.1313315587389558,-0.14011503496075478,,,,,,-0.24918819662246608,,0.043112318449463005,0.18861639321640067,0.0632697207127883,,,,,,,,,0.18861639321640067,,,,,0.911694623124456,,,-0.06731406091450537,,,,,,,-0.14216844238640935,-0.14216844238640935,,,-0.0652228459321656,,,,,,,,,,,,-0.12459409831123304,-0.11318082088228736,,,,,,,,,,,,,,,,
rdkit_SMR_VSA6,-0.2615665295536521,0.7932160630092735,0.17589704726062086,0.39606959671078773,0.276031616382922,0.0,0.4565018573928106,0.4565018573928106,0.5053873659340175,-0.5072856354159692,-0.7145292858257111,0.5547487047816555,0.7903139476906792,0.7813433618368535,0.7936080430478161,0.7922944465628806,,0.4219065301979955,0.15750226351845847,-0.24362209955858594,0.4219065301979955,-0.6302854016528202,-0.4439765736200902,-0.2670347350878028,0.6446434769410875,-0.5867631601208226,0.723707312470999,-0.7316762891370322,0.70335072660376,-0.7064815967499345,-0.12933679429263575,-0.7398270675521006,0.6642132688882563,-0.5725348387054234,0.7545271449320998,0.8062163386560526,0.8137677852999288,0.7979681671729564,0.785340858002189,0.8039005833748835,0.78913354669906,0.7599177767523783,0.7441744486573721,0.7857121317643442,0.7637767456150578,0.7877568141926272,0.7641338677040539,-0.3908340968482243,0.7629396962866631,0.7653531607568987,0.7834708017276802,0.6650579941185667,0.7838308755437314,0.7612545857922407,0.8457668164201578,0.5572986083877008,0.40283268445228826,,-0.3055015670777747,0.03405994808818125,-0.28494126686731786,,-0.017840243055823896,0.1564933601388061,-0.26056571105225124,-0.0022011091507391487,0.8962800587320534,0.7771864040595029,-0.4926771377028679,,-0.024007204572458425,0.005946747685274632,0.678233293262372,1.0,0.1565076511173427,,,-0.06883674656534815,,,-0.1521382440928602,0.8310879189301322,0.6922891541491302,0.10991732380286318,-0.2922327194589537,0.1565076511173427,,,,0.7562639025854269,0.8832461694811046,0.736414583286598,,-0.4694499111313654,0.005946747685274632,-0.0203099406437272,-0.1865188220651855,0.10991732380286318,-0.10442145761272002,-0.18303343632379834,0.3137540812595341,0.7682763389879084,-0.017840243055823896,-0.2626124028990997,0.800608672864725,-0.061104265598970864,-0.3861188734129538,0.05579705367399075,-0.6943833658584742,-0.8493447600741083,0.2006989993607912,0.5514296565320963,0.7824731850559618,0.7698400375397184,0.7757117303917188,0.023199612246556894,0.7901809410193796,0.7684803655889835,-0.08275892792082384,,,,0.7511043595233299,0.18411151736979584,0.817222222588932,0.8085188119087023,0.7628956790832746,0.7901809410193796,0.6698919312322852,-0.050025710791038354,0.7901809410193796,0.7679518562044719,,0.062486431652322864,0.7404469956015325,0.7684803655889835,-0.7045743900004564,0.8117792488991641,-0.23705523421388525,0.8509019027005513,0.8474923085634123,,,,,,-0.23705523421388525,-0.23705523421388525,-0.40363806219540355,-0.376170896815101,,,,,-0.024007204572458425,-0.10442145761272002,,,,,,-0.47930438580291,,0.07694212666200423,0.10991732380286318,-0.08275892792082384,,,,,,,,,0.10991732380286318,,,,,0.8303030689127348,,,-0.017840243055823896,,,,,,,0.13375527397131254,0.13375527397131254,,,0.09781728194833919,,,,,,,,,,,,-0.18335805362930116,-0.14868226856147557,,,,,,,,,,,,,,,,
rdkit_SMR_VSA7,0.0016723758381956568,0.23068463916136278,-0.14389738619160558,0.1281050107610764,0.01803795837332566,0.0,0.2294940794332007,0.2294940794332007,-0.2103665772696738,-0.04206343385193962,-0.2371084329246566,0.11477319214330194,0.22969859850696706,0.2317558129417829,0.23067302332816922,0.2347118121843608,,0.007807369393400141,0.017573096204593297,-0.033193626164231785,0.007807369393400141,-0.08801096297785244,-0.06887225573705716,0.00765732999649027,0.1326721781668089,-0.27706919716462736,0.2185172630221309,-0.2653423908125875,0.2185188816865088,-0.25363610886497334,0.04682512779045662,-0.14827957133644595,0.24543936017605159,-0.2065299673478578,0.24481983240627528,0.23399971836034725,0.23728583786877355,0.23728583786877355,0.23006976112410724,0.23708818340005883,0.23708818340005883,0.24474489813828468,0.24474489813828468,0.24477277261781907,0.24477277261781907,0.24475186586538286,0.24475186586538286,-0.2222243317882883,0.24776792638112874,0.23750433862057954,0.2259444326203405,0.22584451638810957,0.23349360268744718,0.21057657490348242,0.19880973268248472,0.2399868707548547,-0.0787861939508101,,-0.05303974046285335,-0.07554601059532437,-0.04877184896687069,,-0.027394758583762942,0.9999086883073475,0.5532678680174826,0.22833335594946927,0.2551685243422157,0.2107570743008079,-0.024379065945100573,,0.28754307088247577,0.49310565450773297,0.24938146974063316,0.1565076511173427,1.0,,,0.25206084523196626,,,-0.044210456402090315,0.21054653673450607,0.22024319580898424,0.702312781631691,0.4081631672685597,1.0,,,,0.2106607502215989,0.2142249813908228,0.21246288420554138,,0.2908568180784108,0.49310565450773297,0.3051218143409024,0.4472407018184663,0.702312781631691,-0.019241446072101123,0.42242912638506375,-0.026934142381811896,0.21413452290230925,-0.027394758583762942,0.012105497977274053,0.2141517858709991,-0.011259509857241452,0.22102651423742353,-0.27628498176397515,-0.19123961986685573,0.14914248375869582,0.008840745861773571,-0.046641926693006194,0.23587030098426323,0.2187822787391519,0.21342290300432906,0.8163648342218085,0.19137640916043963,0.2411089769527704,-0.03928749955226063,,,,0.23413805961299725,-0.019241446072101123,0.21496591449725228,0.21951232786419023,0.21336818499468233,0.19137640916043963,0.23111352756094883,0.49310565450773297,0.19137640916043963,0.21101015743222026,,-0.039276437324939475,0.2259444326203405,0.2411089769527704,0.03441504697422649,0.24091218635812428,-0.03928749955226063,0.21850432519157906,0.21635630918537124,,,,,,-0.03928749955226063,-0.03928749955226063,-0.019184813793501725,-0.01077485184050613,,,,,0.28754307088247577,-0.019241446072101123,,,,,,0.033786868919974296,,-0.019241446072101123,0.702312781631691,-0.03928749955226063,,,,,,,,,0.702312781631691,,,,,0.21392893035248475,,,-0.027394758583762942,,,,,,,-0.057195407679103215,-0.057195407679103215,,,-0.0273972602739726,,,,,,,,,,,,-0.033786868919974296,-0.0273972602739726,,,,,,,,,,,,,,,,
rdkit_SMR_VSA8,,,,,,,,,,,,,,,,,,,,,,,,,,,,,,,,,,,,,,,,,,,,,,,,,,,,,,,,,,,,,,,,,,,,,,,,,,,,,,,,,,,,,,,,,,,,,,,,,,,,,,,,,,,,,,,,,,,,,,,,,,,,,,,,,,,,,,,,,,,,,,,,,,,,,,,,,,,,,,,,,,,,,,,,,,,,,,,,,,,,,,,,,,,,,,,,,,,,,,,,,,,,,,,,,,,,,,,,,,,,,,,
rdkit_SMR_VSA9,,,,,,,,,,,,,,,,,,,,,,,,,,,,,,,,,,,,,,,,,,,,,,,,,,,,,,,,,,,,,,,,,,,,,,,,,,,,,,,,,,,,,,,,,,,,,,,,,,,,,,,,,,,,,,,,,,,,,,,,,,,,,,,,,,,,,,,,,,,,,,,,,,,,,,,,,,,,,,,,,,,,,,,,,,,,,,,,,,,,,,,,,,,,,,,,,,,,,,,,,,,,,,,,,,,,,,,,,,,,,,,
rdkit_SlogP_VSA1,-0.10374713101440249,0.11635648708891011,-0.23983105409558567,0.3148668539928794,0.011673802593050061,0.0,0.268987337125283,0.268987337125283,-0.13524851550945796,0.016100114392332374,-0.047336631557493784,-0.23586416039162497,0.11585913179429909,0.11463465927740565,0.11635062810519137,0.1140108655533194,,0.16156967653329285,-0.288821251744063,0.2655701539037576,0.16156967653329285,0.1799782224704244,0.17296781219999996,0.16307836646583082,-0.034474029330412534,-0.1837484940052205,-0.020602854922630812,-0.06832132133918,-0.04821980487632634,-0.09878724510775108,0.3581076774318064,0.10896342725038789,0.12413459603872555,0.05720795347786121,0.14882770599352058,0.09180631964814602,0.11976283975845257,0.11582526536072905,0.08691337125420526,0.10513645389751482,0.09393884654516003,0.10290059396594875,0.09394218931479556,0.07155432622230953,0.06483475751615356,0.07136662010657684,0.062407960415505274,-0.2570764646386575,0.10224035443793564,0.1297564389404469,0.14578068965246432,0.23684187780529345,0.11360088376585943,0.0938109666626184,0.06030910059677273,-0.14057857679000382,0.370553314766814,,0.06530350945159223,0.40150200442473405,0.09643282593921196,,0.2720924520925321,0.24802690453693763,0.08085516575377694,0.5210004793477162,0.081647783133355,-0.030144712566087493,0.4136634353124184,,0.8927606125424808,0.2720924520925321,0.05593011863106867,-0.06883674656534815,0.25206084523196626,,,1.0,,,0.13680659910805681,0.03617387475287884,0.1349175479179933,-0.03426301032683175,0.5396454517984256,0.25206084523196626,,,,0.10657984750996526,0.022706418670389587,0.11452319285453846,,0.24893771211360763,-0.0487815153153942,0.6878288856793988,0.05609631852543165,-0.03426301032683175,0.3883141170374265,0.4264089655097552,-0.2079845650986035,-0.08542526650184046,-0.0487815153153942,0.4160489648347923,-0.016100916467613156,0.4879644869030336,-0.14430337164144982,-0.9974599115503038,0.0731929843103682,0.17686922088758858,0.015742609241726595,-0.32451523349726186,0.11090136877321989,0.06879950761613156,0.08813847284276995,0.18384456751774142,-0.09495651703025461,-0.08421421443273908,0.7928661204608967,,,,0.018683221660562018,-0.03426301032683175,0.04689336579359557,0.052209970108226006,0.10481797889055301,-0.09495651703025461,0.23034003282673157,-0.0487815153153942,-0.09495651703025461,-0.1007071393564758,,-0.06993907696037374,0.21464009233238096,-0.08421421443273908,-0.030141890430417425,0.12916591399959507,0.1457474486141354,-0.0733708817757585,-0.07102106680254316,,,,,,0.1457474486141354,0.1457474486141354,0.4249942141656521,0.44509613254545,,,,,0.8927606125424808,0.4225771273642583,,,,,,0.2620470733831398,,-0.03426301032683175,-0.03426301032683175,0.7928661204608967,,,,,,,,,-0.03426301032683175,,,,,-0.08019137115750545,,,0.2720924520925321,,,,,,,0.05516721750011929,0.05516721750011929,,,-0.048785970044896695,,,,,,,,,,,,-0.06016386888898618,-0.048785970044896695,,,,,,,,,,,,,,,,
rdkit_SlogP_VSA10,,,,,,,,,,,,,,,,,,,,,,,,,,,,,,,,,,,,,,,,,,,,,,,,,,,,,,,,,,,,,,,,,,,,,,,,,,,,,,,,,,,,,,,,,,,,,,,,,,,,,,,,,,,,,,,,,,,,,,,,,,,,,,,,,,,,,,,,,,,,,,,,,,,,,,,,,,,,,,,,,,,,,,,,,,,,,,,,,,,,,,,,,,,,,,,,,,,,,,,,,,,,,,,,,,,,,,,,,,,,,,,
rdkit_SlogP_VSA11,,,,,,,,,,,,,,,,,,,,,,,,,,,,,,,,,,,,,,,,,,,,,,,,,,,,,,,,,,,,,,,,,,,,,,,,,,,,,,,,,,,,,,,,,,,,,,,,,,,,,,,,,,,,,,,,,,,,,,,,,,,,,,,,,,,,,,,,,,,,,,,,,,,,,,,,,,,,,,,,,,,,,,,,,,,,,,,,,,,,,,,,,,,,,,,,,,,,,,,,,,,,,,,,,,,,,,,,,,,,,,,
rdkit_SlogP_VSA12,0.13709614080694169,0.049732809906047594,0.06026440841489747,0.15709950905995476,-0.0248394473545098,0.0,0.12828244597233282,0.12828244597233282,-0.16085277039321055,-0.20924213977130215,0.18754018770846698,-0.03299161064169165,0.049520231502028264,0.052390457324975395,0.04973030567331578,0.016027547178661783,,0.16906797584457162,0.004728547292072413,0.3296743172032886,0.16906797584457162,0.22963875983006582,0.27043554662807767,0.2230099851183761,0.3919401620446223,0.072465945254512,-0.0004913862825782937,0.017463112503936284,0.16850894419856555,0.040104680447351514,0.38558703604470573,0.08962129815331803,0.04823692854061886,-0.044420024746943496,0.039275674914034504,-0.009508118334619566,-0.01696305026087964,0.09499308146092598,-0.0015510390778555032,-0.011354131122523625,0.07470689173370618,0.00125064445173777,0.07691463378187285,-0.01797183268411068,0.08172904863488428,-0.012704276366106252,0.07918779517319077,0.3914091059438064,0.026357433174675704,0.01374777778509477,-0.007844101067414497,0.07521077099606027,0.0928001309079108,-0.08867019355105646,-0.1503036749507303,-0.18135540379168008,0.0010413030388227492,,0.4785173053048855,0.11175452902873466,0.2838877176553403,,0.6455316080543109,-0.0442064194704833,-0.08561078735182531,-0.09211433713991621,-0.12009055576969777,-0.07637911420561432,0.4413079562928099,,-0.07138507377884759,0.29164448471993515,-0.1404474477073567,-0.1521382440928602,-0.044210456402090315,,,0.13680659910805681,,,1.0,-0.0625643544926371,0.03423502002228807,-0.031049568612958652,-0.11623154413561768,-0.044210456402090315,,,,-0.02183853043428592,-0.047902885085946076,-0.0502011795085422,,0.1990589499844016,-0.0442064194704833,-0.07135789499477513,-0.09841419784608733,-0.031049568612958652,-0.031049568612958652,0.2867703351295614,0.040764278051513746,0.14808094292822296,0.6280848078366268,0.09650871703651545,-0.22978946215876606,0.2616374094093432,0.037456103660350445,-0.10979804423453798,0.10006865020306895,0.17150406897293957,-0.5939283337426323,0.05235841504683719,0.014892000995832265,-0.12733779404360906,-0.03155925428295386,-0.05451115695608474,-0.03562814516806557,-0.042019898455896286,-0.0633975174427362,,,,-0.051842072605062274,-0.031049568612958652,-0.02225119564770527,-0.13981673599585778,0.07228388142959029,-0.03562814516806557,-0.06689167638361107,-0.0442064194704833,-0.03562814516806557,-0.04066148938165619,,-0.06337966652940394,0.04004446553322947,-0.042019898455896286,0.26426399323311617,0.037452177441831554,-0.0633975174427362,-0.2796593334865668,-0.27940481644708215,,,,,,-0.0633975174427362,-0.0633975174427362,-0.07842739476402419,-0.06676677423352043,,,,,-0.07138507377884759,0.44711378802660456,,,,,,0.0,,0.45953361547178806,-0.031049568612958652,-0.0633975174427362,,,,,,,,,-0.031049568612958652,,,,,-0.07324972235817448,,,0.6455316080543109,,,,,,,-0.09229518033228226,-0.09229518033228226,,,-0.044210456402090315,,,,,,,,,,,,0.7414890092515732,0.6012622070684284,,,,,,,,,,,,,,,,
rdkit_SlogP_VSA2,-0.4128123950701122,0.964746794077185,0.16150213333053937,0.46183575093002655,0.2656560617151319,0.0,0.5884178402350186,0.5884178402350186,0.37583385077474063,-0.6886496122522462,-0.89196011109525,0.709027802085157,0.9617000347199298,0.9587634422116307,0.9647984899962206,0.9692821381139245,,0.6176306870700982,0.17263673818952144,-0.1924989812522137,0.6176306870700982,-0.734417945757816,-0.552817545573487,-0.3398242495134277,0.8013904851315667,-0.8597129465186846,0.9133231067794518,-0.9236914963599309,0.8959600951924869,-0.9195530404329585,-0.030200345044142138,-0.8821734385119182,0.773137384362613,-0.6658926556798664,0.9142171378094976,0.9506330894955046,0.9619608125807102,0.9509804201011913,0.9634611833409503,0.9701431162189263,0.9616795835695015,0.9642501048551805,0.9568121902858696,0.9629562508230513,0.9547907135677425,0.9581076163914202,0.950512747943992,-0.5088870831929839,0.9612227814056482,0.9392170356109307,0.909712328615619,0.8295810321954064,0.947899511307866,0.9431153623885422,0.9057485898446602,0.7131025816361773,0.41918295386662513,,-0.02083563407102725,-0.019639140600574156,-0.031014510839342566,,-0.07522842593092409,0.21047627444988531,-0.2056130279989743,-0.015021553146240142,0.822910801964179,0.9573950354186864,-0.3458023456931608,,0.10137052018169254,0.017862923389296764,0.8826153825176061,0.8310879189301322,0.21054653673450607,,,0.03617387475287884,,,-0.0625643544926371,1.0,0.8396237647873327,0.1451809870791676,-0.19775269851595398,0.21054653673450607,,,,0.9531184504198063,0.978462829697496,0.8794592290702475,,-0.30903949198737457,-0.03501132984302166,0.10199099432392454,-0.22085311070729455,0.1451809870791676,0.005377073595524726,-0.007233637775045062,0.2636966981175218,0.8831270667322165,0.02674334815997573,-0.1667325450404226,0.9529578686556041,-0.06930691019943408,-0.343862959034182,-0.052592666321055935,-0.9322852644207003,-0.732867782995261,-0.02302571323105304,0.5188598357735189,0.9640962821213094,0.9381328583254963,0.9711676902926436,0.15553061080631483,0.8696366469230256,0.8726719913598148,0.035681739874249545,,,,0.9195960392315466,0.1828205022478407,0.9765871271067978,0.9478500054617894,0.9619855939875265,0.8696366469230256,0.726886676296703,0.08206737374282629,0.8696366469230256,0.8711593399093196,,-0.03201305775312381,0.8728980454674512,0.8726719913598148,-0.8592022107685497,0.953508142535082,-0.013723746105480595,0.9136853499739351,0.9116772627614619,,,,,,-0.013723746105480595,-0.013723746105480595,-0.339259745199432,-0.3592075546068373,,,,,0.10137052018169254,-0.1236726926970687,,,,,,-0.38459724672555423,,0.01613122078657418,0.1451809870791676,0.035681739874249545,,,,,,,,,0.1451809870791676,,,,,0.8938919855398694,,,-0.07522842593092409,,,,,,,-0.03296578257332231,-0.03296578257332231,,,-0.057421782745774384,,,,,,,,,,,,-0.01573638489057096,-0.03445306964746463,,,,,,,,,,,,,,,,
rdkit_SlogP_VSA3,-0.48624818854877716,0.8926280553503664,0.16990873999287567,0.35124452300550413,0.21434379288870967,0.0,0.8227924922402285,0.8227924922402285,0.17919842509795428,-0.7666151092367427,-0.7540346010211233,0.5356319648993755,0.8871352528793813,0.9146844232367408,0.8925686493089587,0.8934526251825687,,0.7317407257339922,0.2504269715133496,-0.24368176667819022,0.7317407257339922,-0.4244264131659425,-0.2446229456232059,-0.08328463629617777,0.6960179993089434,-0.733915810045205,0.8180659673905977,-0.7997782186917215,0.7930141810073449,-0.7906118778205403,0.31480090266419347,-0.8355898543502088,0.7161705589434758,-0.5650092593528758,0.9390371707953761,0.9245371200063752,0.8944037888245311,0.8990529209925788,0.9037829768694211,0.8544688848897889,0.8614295833831853,0.8630278880534207,0.8692841103492067,0.8390333849707319,0.8511732769153814,0.8402561483661077,0.8497773830074818,-0.7044724452226155,0.8902582536988448,0.8969345977878356,0.8817230605294264,0.8842699659448617,0.907004430129001,0.8096349463453464,0.7876320841649356,0.7268603012117535,0.46544265284216396,,0.12618281265435002,0.11056612866630997,0.0853690390608443,,-0.03935682735974374,0.22027459920191653,-0.0707890353217636,0.11074983595386746,0.6816448502340022,0.8536786838808974,0.024816531269983202,,0.19465459179215405,0.048732406652248136,0.8378417054071611,0.6922891541491302,0.22024319580898424,,,0.1349175479179933,,,0.03423502002228807,0.8396237647873327,1.0,0.1573932888785181,0.005575850143257294,0.22024319580898424,,,,0.8718060159165948,0.818233894110345,0.9647547946496331,,-0.033387028363092375,0.048732406652248136,0.19927036850137114,-0.0932118142005257,0.1573932888785181,0.11397445056720278,0.011875847019646954,0.023008667979240612,0.8425133859009366,0.10931307284996887,0.13099721953606136,0.7566864911452768,-0.05708192609290667,-0.42759864125323066,-0.15045181741688482,-0.8488770685960179,-0.5654370807054743,-0.08561608820355081,0.16551510978157336,0.9171819482643788,0.7726218304130991,0.9086447663035502,0.07576102887898914,0.8004454867294505,0.7819327472088099,0.13852077310122282,,,,0.86372477920334,0.1845300628230902,0.8983760854905428,0.7816948580387229,0.9135912662143979,0.8004454867294505,0.7801233855610874,-0.016072421644293254,0.8004454867294505,0.7793594125461619,,-0.08836983326927007,0.8538109518834606,0.7819327472088099,-0.70434798766189,0.8950969287820306,0.09280891797781929,0.7135001541683726,0.714067669269495,,,,,,0.09280891797781929,0.09280891797781929,0.0007856523173516153,-0.018113737572685973,,,,,0.19465459179215405,-0.0922650314115451,,,,,,-0.09466587662926146,,0.03527780612794371,0.1573932888785181,0.13852077310122282,,,,,,,,,0.1573932888785181,,,,,0.8313141196843652,,,-0.03935682735974374,,,,,,,0.06453148450649605,0.06453148450649605,,,-0.04250307287541801,,,,,,,,,,,,0.07941768173595759,0.011591747147841277,,,,,,,,,,,,,,,,
rdkit_SlogP_VSA4,0.1322186243375966,0.17821404767003157,-0.1010609735657562,0.053713305342429414,0.013926727996960802,0.0,0.19878450453017368,0.19878450453017368,-0.11819450883568215,0.037598511024500805,-0.1557807809417341,0.10747557310788122,0.1774522878197619,0.17904157661110312,0.1782050739270983,0.1837572981540478,,-0.019189452878137718,0.06581681086635416,-0.07678627934407986,-0.019189452878137718,-0.08599822500599556,-0.08061644250656966,-0.07528977021589614,0.09042836996656597,-0.20005185281296037,0.19455656693411622,-0.20003703360831668,0.20003851538058534,-0.16715423356311393,-0.024662100033902054,-0.09042770012430754,0.19930882473076172,-0.16116515095375147,0.1826863535893466,0.1831997955898814,0.1827761874969175,0.1827761874969175,0.17773902729485147,0.18262393850238043,0.18262393850238043,0.18800192053306952,0.18800192053306952,0.18802333244288333,0.18802333244288333,0.18800727282472574,0.18800727282472574,-0.14530747214899542,0.1908140008790555,0.1829444939358479,0.16675232379665597,0.1666785832591429,0.1828035545667305,0.14520169970208543,0.12742623242053147,0.17398280955347314,-0.05533255102776735,,-0.03725048766148949,-0.053056928842379454,-0.03425309291324367,,-0.019239689103091196,0.7118684968143743,0.39388993229773583,0.36081322730138427,0.187479259936357,0.15070861232077112,-0.1198521073224021,,-0.031068488300060003,0.7118684968143743,0.18861639321640067,0.10991732380286318,0.702312781631691,,,-0.03426301032683175,,,-0.031049568612958652,0.1451809870791676,0.1573932888785181,1.0,0.3119515807784524,0.702312781631691,,,,0.14525974224204544,0.1558262619532855,0.1465023919417059,,0.21315387230733013,0.7118684968143743,0.4596385597769217,0.27602978724963834,1.0,-0.013513513513513514,0.31140603879059153,0.12430640757479704,0.17266932537443597,-0.019239689103091196,-0.11335794609941532,0.1557730198702576,-0.585169628886003,0.23684538569287975,0.03424208365865619,-0.1181928258604532,0.1987463019095934,0.0062089688178810585,0.002848454024037095,0.18466428604626595,0.14685475930376535,0.1498896326728809,0.5852057359806528,0.158457715838833,0.1862673079080786,-0.027592113093901978,,,,0.17938707483561903,-0.013513513513513514,0.1509733093665655,0.14734479528453712,0.14985120351532058,0.158457715838833,0.1664059336009511,0.7118684968143743,0.158457715838833,0.18630244992073144,,-0.027584343950261013,0.16675232379665597,0.1862673079080786,0.19873215837929106,0.18262393850238043,-0.027592113093901978,0.15345838042385346,0.1478430499403133,,,,,,-0.027592113093901978,-0.027592113093901978,-0.11677241281680198,-0.11502320575018311,,,,,-0.031068488300060003,-0.013513513513513514,,,,,,-0.0949157995752499,,-0.013513513513513514,1.0,-0.027592113093901978,,,,,,,,,1.0,,,,,0.16849909025870563,,,-0.019239689103091196,,,,,,,-0.040169065863669556,-0.040169065863669556,,,-0.019241446072101123,,,,,,,,,,,,-0.023728949893812475,-0.019241446072101123,,,,,,,,,,,,,,,,
rdkit_SlogP_VSA5,-0.0036081359028816793,-0.08789491885339423,-0.22730624080022044,-0.0772114199519534,-0.037103474274183715,0.0,0.11512843079511996,0.11512843079511996,-0.21521469881089567,0.2114779217282288,0.16600861253411078,-0.1761294256116404,-0.09000187608616794,-0.10021821290988484,-0.08789049301594067,-0.08603002897154106,,-0.04021444215716233,-0.028007780074402525,-0.002499867973583035,-0.04021444215716233,0.21667501618275586,0.09831358268795472,0.0527445588244059,-0.2874251621287177,-0.015960133977990894,-0.1436074364029826,0.07579345612700499,-0.13535141617262864,0.09364897890089814,0.1763811096809704,0.18718231322424514,-0.11726933159522221,0.1583797017432488,-0.03879741930409415,-0.10815816553250986,-0.07316104826005897,-0.08165774701886777,-0.11004064939255338,-0.07971307460861737,-0.08820269578330196,-0.05464829559962193,-0.06170833705893531,-0.09952217101665918,-0.10635957207887241,-0.0978603226229231,-0.10657391299345735,-0.20593868634536328,-0.09331033070681567,-0.05306374623095771,-0.06917921243577269,0.08001738789716896,-0.08497970969107621,-0.1266048358550201,-0.1846016554879548,-0.12853942652952244,0.1834605872948944,,-0.005577767285169545,0.21185526814246575,0.025359794047854493,,-0.07202221715274316,0.4086060453132296,0.7421625056792978,0.5607802829944771,-0.12793187077207463,-0.1721600209283384,0.2954012369477303,,0.6202792984064366,0.18949845579743982,0.10239138418602303,-0.2922327194589537,0.4081631672685597,,,0.5396454517984256,,,-0.11623154413561768,-0.19775269851595398,0.005575850143257294,0.3119515807784524,1.0,0.4081631672685597,,,,-0.12432820668415333,-0.20655444546388868,-0.020988907190744095,,0.3526135616342786,0.37899691159487964,0.6442764890557444,0.6099608524165867,0.3119515807784524,0.3035204569736294,0.4416795955740835,-0.3159754604713826,-0.15424930521233263,-0.07202221715274316,0.2442820118324635,-0.1963406466596392,-0.05841426904144928,0.07779816309495646,-0.5573563500653718,0.16133610217995759,0.4992110414166827,0.02324277165290538,-0.35962599058115147,-0.09648493153060657,-0.1500809797383752,-0.13264623479142026,0.30912791348416474,-0.15234205016554522,-0.13837535777527607,0.5551775126346059,,,,-0.05123456356727086,-0.05058674282893823,-0.19078308304964164,-0.1857417418858588,-0.14083957883637957,-0.15234205016554522,0.013093950933233102,0.18949845579743982,-0.15234205016554522,-0.15056501339852937,,-0.10325975640024557,-0.05083284950002443,-0.13837535777527607,0.3023112727505433,-0.07640659057216127,0.07746662966994501,-0.22695690183691306,-0.22702365205902847,,,,,,0.07746662966994501,0.07746662966994501,0.34985189767973557,0.37729891660762277,,,,,0.6202792984064366,-0.05058674282893823,,,,,,0.29214345268771974,,-0.05058674282893823,0.3119515807784524,0.5551775126346059,,,,,,,,,0.3119515807784524,,,,,-0.14890671818900694,,,-0.07202221715274316,,,,,,,-0.018796205391848234,-0.018796205391848234,,,-0.07202879422386348,,,,,,,,,,,,-0.08882740115504992,-0.07202879422386348,,,,,,,,,,,,,,,,
rdkit_SlogP_VSA6,0.0016723758381956568,0.23068463916136278,-0.14389738619160558,0.1281050107610764,0.01803795837332566,0.0,0.2294940794332007,0.2294940794332007,-0.2103665772696738,-0.04206343385193962,-0.2371084329246566,0.11477319214330194,0.22969859850696706,0.2317558129417829,0.23067302332816922,0.2347118121843608,,0.007807369393400141,0.017573096204593297,-0.033193626164231785,0.007807369393400141,-0.08801096297785244,-0.06887225573705716,0.00765732999649027,0.1326721781668089,-0.27706919716462736,0.2185172630221309,-0.2653423908125875,0.2185188816865088,-0.25363610886497334,0.04682512779045662,-0.14827957133644595,0.24543936017605159,-0.2065299673478578,0.24481983240627528,0.23399971836034725,0.23728583786877355,0.23728583786877355,0.23006976112410724,0.23708818340005883,0.23708818340005883,0.24474489813828468,0.24474489813828468,0.24477277261781907,0.24477277261781907,0.24475186586538286,0.24475186586538286,-0.2222243317882883,0.24776792638112874,0.23750433862057954,0.2259444326203405,0.22584451638810957,0.23349360268744718,0.21057657490348242,0.19880973268248472,0.2399868707548547,-0.0787861939508101,,-0.05303974046285335,-0.07554601059532437,-0.04877184896687069,,-0.027394758583762942,0.9999086883073475,0.5532678680174826,0.22833335594946927,0.2551685243422157,0.2107570743008079,-0.024379065945100573,,0.28754307088247577,0.49310565450773297,0.24938146974063316,0.1565076511173427,1.0,,,0.25206084523196626,,,-0.044210456402090315,0.21054653673450607,0.22024319580898424,0.702312781631691,0.4081631672685597,1.0,,,,0.2106607502215989,0.2142249813908228,0.21246288420554138,,0.2908568180784108,0.49310565450773297,0.3051218143409024,0.4472407018184663,0.702312781631691,-0.019241446072101123,0.42242912638506375,-0.026934142381811896,0.21413452290230925,-0.027394758583762942,0.012105497977274053,0.2141517858709991,-0.011259509857241452,0.22102651423742353,-0.27628498176397515,-0.19123961986685573,0.14914248375869582,0.008840745861773571,-0.046641926693006194,0.23587030098426323,0.2187822787391519,0.21342290300432906,0.8163648342218085,0.19137640916043963,0.2411089769527704,-0.03928749955226063,,,,0.23413805961299725,-0.019241446072101123,0.21496591449725228,0.21951232786419023,0.21336818499468233,0.19137640916043963,0.23111352756094883,0.49310565450773297,0.19137640916043963,0.21101015743222026,,-0.039276437324939475,0.2259444326203405,0.2411089769527704,0.03441504697422649,0.24091218635812428,-0.03928749955226063,0.21850432519157906,0.21635630918537124,,,,,,-0.03928749955226063,-0.03928749955226063,-0.019184813793501725,-0.01077485184050613,,,,,0.28754307088247577,-0.019241446072101123,,,,,,0.033786868919974296,,-0.019241446072101123,0.702312781631691,-0.03928749955226063,,,,,,,,,0.702312781631691,,,,,0.21392893035248475,,,-0.027394758583762942,,,,,,,-0.057195407679103215,-0.057195407679103215,,,-0.0273972602739726,,,,,,,,,,,,-0.033786868919974296,-0.0273972602739726,,,,,,,,,,,,,,,,
rdkit_SlogP_VSA7,,,,,,,,,,,,,,,,,,,,,,,,,,,,,,,,,,,,,,,,,,,,,,,,,,,,,,,,,,,,,,,,,,,,,,,,,,,,,,,,,,,,,,,,,,,,,,,,,,,,,,,,,,,,,,,,,,,,,,,,,,,,,,,,,,,,,,,,,,,,,,,,,,,,,,,,,,,,,,,,,,,,,,,,,,,,,,,,,,,,,,,,,,,,,,,,,,,,,,,,,,,,,,,,,,,,,,,,,,,,,,,
rdkit_SlogP_VSA8,,,,,,,,,,,,,,,,,,,,,,,,,,,,,,,,,,,,,,,,,,,,,,,,,,,,,,,,,,,,,,,,,,,,,,,,,,,,,,,,,,,,,,,,,,,,,,,,,,,,,,,,,,,,,,,,,,,,,,,,,,,,,,,,,,,,,,,,,,,,,,,,,,,,,,,,,,,,,,,,,,,,,,,,,,,,,,,,,,,,,,,,,,,,,,,,,,,,,,,,,,,,,,,,,,,,,,,,,,,,,,,
rdkit_SlogP_VSA9,,,,,,,,,,,,,,,,,,,,,,,,,,,,,,,,,,,,,,,,,,,,,,,,,,,,,,,,,,,,,,,,,,,,,,,,,,,,,,,,,,,,,,,,,,,,,,,,,,,,,,,,,,,,,,,,,,,,,,,,,,,,,,,,,,,,,,,,,,,,,,,,,,,,,,,,,,,,,,,,,,,,,,,,,,,,,,,,,,,,,,,,,,,,,,,,,,,,,,,,,,,,,,,,,,,,,,,,,,,,,,,
rdkit_TPSA,-0.4285897106086208,0.9698353281845631,0.1421757748746332,0.4504817307326966,0.2465217907425462,0.0,0.6898151445942259,0.6898151445942259,0.2808429948684695,-0.7597395593080268,-0.921685725289575,0.6028914496391528,0.9662821492057874,0.9659939260585603,0.9697721606507799,0.9764207852655384,,0.6670954218830674,0.08366014553130159,-0.08322940532350616,0.6670954218830674,-0.67550691252447,-0.5099461392237521,-0.3209677675689444,0.7890718889151953,-0.8374373358970343,0.868735504168337,-0.8764679536450805,0.8534847090989961,-0.8812469339358894,0.13790771696334075,-0.8439797925997993,0.7657219925607508,-0.6365321700327835,0.9224211217085578,0.9648491811035335,0.970451309695872,0.9553129769567029,0.9467223469692213,0.9313439282762859,0.9193260354172114,0.937885211245234,0.9274778874345597,0.9176883069407499,0.908876719766806,0.9120924601662547,0.902397690757688,-0.625983835864255,0.9356516059596092,0.9836195599111653,0.9486390727985979,0.9045232096919525,0.9633331232457292,0.9684414133403881,0.8958562921601477,0.7143335909781336,0.4045355542992393,,0.05584606189409044,0.05628463620592188,0.06838106201076442,,-0.03431541762381835,0.21059044982236144,-0.1417835281418275,-0.06307154493898771,0.7798543064328219,0.9806858167573804,-0.19631493791154878,,0.13358481782857493,0.08211189217127964,0.8686264761293773,0.7562639025854269,0.2106607502215989,,,0.10657984750996526,,,-0.02183853043428592,0.9531184504198063,0.8718060159165948,0.14525974224204544,-0.12432820668415333,0.2106607502215989,,,,1.0,0.92606212270479,0.8907157055674524,,-0.20181124297785308,-0.035030322157647904,0.13376475686800568,-0.2365600065361388,0.14525974224204544,0.02151996181363636,0.0063216974530551,0.27005094394524715,0.8382431479996372,-0.01920029319427932,0.00993611845655649,0.9204921495342441,-0.015824987272279024,-0.3839157730372299,-0.11769334821296615,-0.9308018571115667,-0.714474992866599,-0.12239251763713954,0.3649593259652607,0.9711566404747639,0.9680189760146882,0.984743216576515,0.14474250118410684,0.8034635172378255,0.803947528751759,0.07140219172163134,,,,0.8919607359631394,0.18291967541590906,0.9660137842077114,0.95367986093062,0.9752780024851243,0.8034635172378255,0.8132386926362958,0.06888615829543297,0.8034635172378255,0.8016268517168609,,-0.07522573775707862,0.9303789913172537,0.803947528751759,-0.8794480719092868,0.9679607228297057,0.074148429864771,0.8825280946152192,0.8830183571396499,,,,,,0.074148429864771,0.074148429864771,-0.17188344647863862,-0.20487126439467032,,,,,0.13358481782857493,-0.03227994272045454,,,,,,-0.25569752159970205,,-0.01613997136022727,0.14525974224204544,0.07140219172163134,,,,,,,,,0.14525974224204544,,,,,0.8330483574204447,,,-0.03431541762381835,,,,,,,0.018990595147604865,0.018990595147604865,,,-0.1953399683873008,,,,,,,,,,,,0.001574492128076983,0.009575488646436314,,,,,,,,,,,,,,,,
rdkit_EState_VSA1,-0.37467569120710303,0.9449403498316968,0.17988145412383097,0.4560528276969117,0.27851535751257095,0.0,0.5766848070333054,0.5766848070333054,0.4436318894603837,-0.6540326698968264,-0.8712737016217765,0.7032478658165238,0.9431178562296723,0.938124462349543,0.9449643432077249,0.9487054885054631,,0.5930410186460129,0.2081646047533831,-0.21531456124815476,0.5930410186460129,-0.7345463407558981,-0.5459279373945561,-0.3306771238231402,0.7973913411631994,-0.8319091226106089,0.8897141183023128,-0.9098873946873098,0.8849626855678426,-0.8977626775066136,-0.05905241228348879,-0.8714232857827784,0.7693775981664185,-0.6378505151150035,0.9054815305882227,0.9312439339334393,0.9483285393329043,0.9368000518002915,0.9514164809241017,0.9702488854978328,0.9608515260562385,0.9466325485114889,0.9374341996901776,0.9524793047217441,0.942824210625888,0.949144262554456,0.939376078444694,-0.4530435274809257,0.9430137231678379,0.9138784429027715,0.8882944810114037,0.8050998248560495,0.9251464352295414,0.9176660836429241,0.9143729858830146,0.6870152977252397,0.41582053188919854,,-0.07922169628555416,0.04018128025904108,-0.09089018461435343,,-0.07129980413403302,0.21430742272618508,-0.20724732806535281,-0.013656084140183489,0.8612393262756819,0.9375860675899479,-0.4047454588690766,,0.08647539149320507,0.025602647836398124,0.858620979249545,0.8832461694811046,0.2142249813908228,,,0.022706418670389587,,,-0.047902885085946076,0.978462829697496,0.818233894110345,0.1558262619532855,-0.20655444546388868,0.2142249813908228,,,,0.92606212270479,1.0,0.8612182411118545,,-0.40222736171603524,-0.027234689132742226,0.09493852694270886,-0.21704036268460392,0.1558262619532855,0.0161199581330985,0.0015617318290617192,0.2622016867950699,0.896086992804865,0.015504392315268983,-0.19829566144638092,0.9379254427773839,-0.07843988647703246,-0.3334247416151098,-0.03912195683941433,-0.8953046358202424,-0.7703814355641018,-0.02857276801266058,0.5677136152802364,0.9426979576266264,0.921026836310313,0.9487157788060708,0.13395558587825251,0.8802506954062772,0.8771350074660685,0.021942662921952658,,,,0.9074909282042376,0.18269285884178302,0.9666059583408925,0.9435861450806801,0.9372128452990085,0.8802506954062772,0.7062252734037976,0.05956950731655978,0.8802506954062772,0.8758937459326208,,-0.023910768105677646,0.8481977808660653,0.8771350074660685,-0.8243598910334792,0.936062430923184,-0.10697048174451922,0.9210089490154055,0.9194595015199087,,,,,,-0.10697048174451922,-0.10697048174451922,-0.39367735928830194,-0.38821186385036355,,,,,0.08647539149320507,-0.12358634568708851,,,,,,-0.457923587065883,,0.021493277510798,0.1558262619532855,0.021942662921952658,,,,,,,,,0.1558262619532855,,,,,0.9025733734009516,,,-0.07129980413403302,,,,,,,0.037934094413127055,0.037934094413127055,,,-0.04590535315517632,,,,,,,,,,,,0.0,0.0,,,,,,,,,,,,,,,,
rdkit_EState_VSA10,-0.5150275312356628,0.9151975734154295,0.09804646575741238,0.4088070136094804,0.22784668883711495,0.0,0.7327341011633345,0.7327341011633345,0.22510939286523746,-0.7080013925543613,-0.7818448617827461,0.5829117042048347,0.9092992373952253,0.9302524894220978,0.9151153515137037,0.9190560961214488,,0.6773124673436283,0.23890431887738792,-0.2540695169770534,0.6773124673436283,-0.50836006935731,-0.3306582746720336,-0.1667584680763692,0.7078276677325782,-0.7735095112078934,0.8358027563044309,-0.8390819996243397,0.8042590988467455,-0.829738402219668,0.1997792893800157,-0.8575296150130506,0.732482249246677,-0.5951692574745261,0.9439040409556156,0.933590262036182,0.9133360659059967,0.8998957652039926,0.9304844903177787,0.8916839580481282,0.8815042937254736,0.8952815732121872,0.8853172251798086,0.8763010049797864,0.867716021882656,0.8747163648859092,0.8647229752191871,-0.6672748711322736,0.9146691091376016,0.9091071367314205,0.8966962409431242,0.8766322077564023,0.908385177608226,0.8649875752162289,0.8396765062002106,0.7636985119137977,0.44814625172044215,,0.024657690807643424,0.029737762464420624,0.029432437942216158,,-0.053046494151698785,0.21239198240932602,-0.08266892633236078,0.09516177847389902,0.7423702131281552,0.8715282044378009,-0.0900293745107447,,0.17215192357004053,0.04089215180237751,0.8836812028205299,0.736414583286598,0.21246288420554138,,,0.11452319285453846,,,-0.0502011795085422,0.8794592290702475,0.9647547946496331,0.1465023919417059,-0.020988907190744095,0.21246288420554138,,,,0.8907157055674524,0.8612182411118545,1.0,,-0.11779255416937459,0.04089215180237751,0.17182035208326135,-0.09495957397193772,0.1465023919417059,0.0705381887126732,-0.061504850205334985,0.01848195891155897,0.851579290830335,0.013647884417670076,0.03475909607878584,0.8179536313389816,-0.050886892784580064,-0.3709903182804831,-0.12945499290409754,-0.8760489123812185,-0.6139404910755013,-0.0021606491099882014,0.23787969870831346,0.9352378604688384,0.8241026051095949,0.9270957945408539,0.07548829308485125,0.8308028454736058,0.8135220461432039,0.11355898389097703,,,,0.9000859096150262,0.18448449355622223,0.9207267568598108,0.8361432566193969,0.9182958696639022,0.8308028454736058,0.7486111197320648,-0.016274458399938657,0.8308028454736058,0.811778954929006,,-0.08668663968314336,0.8628154500167625,0.8135220461432039,-0.7533312280043951,0.9092970778154332,0.051240029316660364,0.7783449716880594,0.7786333094103134,,,,,,0.051240029316660364,0.051240029316660364,-0.08112662180004444,-0.09843823424208688,,,,,0.17215192357004053,-0.09224224677811112,,,,,,-0.12830728067630962,,0.01627804354907843,0.1465023919417059,0.11355898389097703,,,,,,,,,0.1465023919417059,,,,,0.8678463676875984,,,-0.053046494151698785,,,,,,,-0.013104720810902864,-0.013104720810902864,,,-0.027040730717068903,,,,,,,,,,,,-0.01905553673410539,-0.02510924995156398,,,,,,,,,,,,,,,,
rdkit_EState_VSA11,,,,,,,,,,,,,,,,,,,,,,,,,,,,,,,,,,,,,,,,,,,,,,,,,,,,,,,,,,,,,,,,,,,,,,,,,,,,,,,,,,,,,,,,,,,,,,,,,,,,,,,,,,,,,,,,,,,,,,,,,,,,,,,,,,,,,,,,,,,,,,,,,,,,,,,,,,,,,,,,,,,,,,,,,,,,,,,,,,,,,,,,,,,,,,,,,,,,,,,,,,,,,,,,,,,,,,,,,,,,,,,
rdkit_EState_VSA2,0.11504066948601885,-0.21838397746144242,-0.14132844502147138,-0.16538452805065793,-0.2169230726235422,0.0,0.06175281034555836,0.06175281034555836,-0.8463859333296343,0.12700494948534358,0.22679585648290948,-0.3353777020666191,-0.2242674408680821,-0.19730609066744734,-0.21890929142528134,-0.2218375230327306,,-0.20351099031191758,-0.17334402670395266,0.17859787104428843,-0.20351099031191758,0.4628057073688052,0.3883543214916689,0.2993442130958514,-0.2163079725518416,0.26941448949663177,-0.27966436813812134,0.24088179253663614,-0.2853099697117237,0.25732009234741793,0.34869866514787173,0.27910658151779544,-0.14180030791140003,0.08817391074986602,-0.20252690755912137,-0.21468001882853233,-0.24499214345538706,-0.20947283641166922,-0.24808710947472834,-0.30762464326798633,-0.2792579703945983,-0.24137634088493867,-0.21178483159548248,-0.2722069857463995,-0.22830111463794123,-0.27257599916944364,-0.23265927444649495,-0.12943932299202615,-0.21511854050896587,-0.15833377240792026,-0.11696279883423724,-0.02233309378006976,-0.16747772091494664,-0.23550422138607288,-0.3130062878404684,-0.03341437048496798,-0.2249144628968475,,0.11518165575303077,-0.1817309437985877,0.026080533895793033,,0.15836901857588243,0.2909988567018876,0.32156359939207513,0.11886039515325741,-0.3373056807033218,-0.2600753806630862,0.6745356571435451,,0.17151934642642272,0.2993163211267387,-0.17364307289831005,-0.4694499111313654,0.2908568180784108,,,0.24893771211360763,,,0.1990589499844016,-0.30903949198737457,-0.033387028363092375,0.21315387230733013,0.3526135616342786,0.2908568180784108,,,,-0.20181124297785308,-0.40222736171603524,-0.11779255416937459,,1.0,0.2743639278521852,0.18375519025158563,0.1970943232449749,0.21315387230733013,-0.10657693615366506,0.2734503162524334,-0.1989307306956617,-0.21149233339077106,0.1666864830007336,0.38389853177606237,-0.34099272077823534,0.1111493335862925,0.38452369286736876,-0.24358457538532538,0.2062814676052509,0.4996387743108734,-0.18270591683104478,-0.5802928939489247,-0.20267309038500583,-0.29050286041135914,-0.22009177517131803,0.17934677347181552,-0.2678936263993108,-0.2678883300799991,0.09067105532956615,,,,-0.19298680976881527,-0.10657693615366506,-0.2540759169185934,-0.341286327068252,-0.17785553903211396,-0.2678936263993108,-0.026805637908148248,0.07890351386818273,-0.2678936263993108,-0.2782784619270862,,-0.0744501911787994,-0.06624330465947666,-0.2678883300799991,0.3111145526896291,-0.21146350497097569,0.03626842213182646,-0.37107223600859357,-0.36814342930327687,,,,,,0.03626842213182646,0.03626842213182646,0.5339400549641531,0.5462191245193644,,,,,0.17151934642642272,0.20723293140990431,,,,,,0.7804554118652016,,0.01776282269227751,0.21315387230733013,0.09067105532956615,,,,,,,,,0.21315387230733013,,,,,-0.262662954064352,,,0.15836901857588243,,,,,,,-0.31680110162494607,-0.31680110162494607,,,-0.1517513833452578,,,,,,,,,,,,0.12129635619574625,-0.008430632408069879,,,,,,,,,,,,,,,,
rdkit_EState_VSA3,0.17881639344575337,-0.00799633726515839,-0.1438842466777042,-0.0536844811459976,0.006039178140178449,0.0,0.0528298125338237,0.0528298125338237,-0.10412832149168277,0.1667089321300707,0.02722674014394201,-0.06212488143412748,-0.007962157643756764,-0.008033467898775664,-0.007995934619710607,-0.004103875501665656,,-0.12743807138029645,-0.06614357117968835,0.05052450690430921,-0.12743807138029645,0.0738714421108917,0.07774202485013994,0.07411618607359824,-0.07524063351667439,-0.007698573875048976,0.0037435496906359296,-0.007698003589195011,0.0076980606120774075,0.019877721596756978,-0.03126654882460713,0.06369307079279159,0.015134045169378873,-0.07852521172106468,0.003467964264483931,-0.004091424724808454,-0.004081964230490757,-0.004081964230490757,-0.007975023439579417,-0.004078564034008165,-0.004078564034008165,-0.00020393545838947298,-0.00020393545838947298,-0.0002039586850013634,-0.0002039586850013634,-0.00020394126429852568,-0.00020394126429852568,-0.06323875900096651,-0.00021895185847027569,-0.00030642922799665524,0.04094709346980916,0.09757633572915166,-0.004082575422799777,-0.03123905363432653,-0.041379528683375855,0.007121540663731418,-0.0787789998500828,,-0.05303489731437384,-0.07553911236122375,-0.04876739552678773,,-0.02739225712198685,0.5,0.2579660072938965,0.4714653258073731,0.11587518502190253,-0.031163654818551545,-0.026326987039429747,,-0.04423335612891737,0.5,0.03386163246611137,0.005946747685274632,0.49310565450773297,,,-0.0487815153153942,,,-0.0442064194704833,-0.03501132984302166,0.048732406652248136,0.7118684968143743,0.37899691159487964,0.49310565450773297,,,,-0.035030322157647904,-0.027234689132742226,0.04089215180237751,,0.2743639278521852,1.0,0.30975142605958406,0.16903251406722192,0.7118684968143743,-0.019239689103091196,0.18916706025196983,-0.0280089502988681,0.038487826691175626,-0.02739225712198685,-0.08973389716923229,-0.02722538369499464,-0.4276721927390776,0.22255565467160654,0.04875172124375927,0.054358085292104535,0.22636996990047686,0.008839938598304621,-0.11798654029923901,-0.004124131379546822,-0.035414970792270226,-0.03160957250028092,0.40548047353037164,0.02884484145846635,0.047145894572865464,-0.039283912144176425,,,,-0.004230868929097011,-0.019239689103091196,-0.031838104363392794,-0.03553314612433622,-0.03160146834243914,0.02884484145846635,0.04148011916617041,0.5,0.02884484145846635,0.04715478932547781,,-0.039272850926965974,0.04094709346980916,0.047145894572865464,0.2753971970227299,-0.004078564034008165,-0.039283912144176425,-0.031732254201665304,-0.03565330344279893,,,,,,-0.039283912144176425,-0.039283912144176425,-0.021143997221906186,-0.012813720306303294,,,,,-0.04423335612891737,-0.019239689103091196,,,,,,0.03153153153153153,,-0.019239689103091196,0.7118684968143743,-0.039283912144176425,,,,,,,,,0.7118684968143743,,,,,0.03673110877016464,,,-0.02739225712198685,,,,,,,-0.057190185069616074,-0.057190185069616074,,,-0.027394758583762942,,,,,,,,,,,,-0.033783783783783786,-0.027394758583762942,,,,,,,,,,,,,,,,
rdkit_EState_VSA4,-0.02547315157794197,0.15730806913502499,-0.17156094845358286,0.2269715066623714,0.07020615354769655,0.0,0.33014673777049436,0.33014673777049436,-0.03042298213627321,0.008459816080883758,-0.10709153259244737,-0.15511574137234815,0.1566356700017514,0.15557800229647717,0.15730014808619522,0.16004709547514684,,0.2294469378949796,-0.18952155098060813,0.16927774567895712,0.2294469378949796,0.09608622377643065,0.08527458461523905,0.0781767861255091,-0.13267522243335558,-0.23120948172512198,0.08683760552059548,-0.12926884335536487,0.06463490045649613,-0.12824722446688727,0.2490706850108374,0.04069448572435749,0.189327377043495,0.1388051815744455,0.19566584806504136,0.15956152746227814,0.16894444071042025,0.1567546117200038,0.15688877257004416,0.16880371329082008,0.15662403818988338,0.16653829445064175,0.15679420764348817,0.13244907379419907,0.12514017635887414,0.13487385198838975,0.12512948777346092,-0.35347003747311817,0.17660739354115562,0.16665979965466327,0.1709943027799044,0.24894749865771834,0.15677808258052015,0.10932225951868199,0.06907107272398819,-0.06001022651016276,0.4284850582645338,,0.08815260691567561,0.46110208817810966,0.12063435073689531,,-0.04421651494950286,0.30975142605958406,0.12311196081053315,0.7792195647536712,0.1182762508188886,0.05343800619581821,0.25515663601274635,,0.7739909167443662,0.30975142605958406,0.14753074508782235,-0.0203099406437272,0.3051218143409024,,,0.6878288856793988,,,-0.07135789499477513,0.10199099432392454,0.19927036850137114,0.4596385597769217,0.6442764890557444,0.3051218143409024,,,,0.13376475686800568,0.09493852694270886,0.17182035208326135,,0.18375519025158563,0.30975142605958406,1.0,0.05594119658777415,0.4596385597769217,0.42858190033253507,0.5114662908139429,-0.14815617923434019,-0.007339173422384113,-0.04421651494950286,0.3024097766218876,0.06323780660993927,-0.2976562881606364,-0.11176629255554305,-0.6977615360704015,0.0036875816899999267,0.25213004055917276,0.014269407425753328,-0.26473223151127573,0.16083705472704518,0.07850012799892417,0.14054591196999983,0.2402915886823444,-0.016959748622676303,-0.009651217277644376,0.8750855395341303,,,,0.08068755187714503,-0.0310566594443866,0.08927744747539254,0.08989913058919728,0.1306249291261636,-0.016959748622676303,0.26737703441599847,0.30975142605958406,-0.016959748622676303,-0.008372886110304425,,-0.06339414062844607,0.19051013606421197,-0.009651217277644376,0.0816015003325427,0.16880371329082008,0.17121238816972112,-0.005239771751590551,-0.006644426951320216,,,,,,0.17121238816972112,0.17121238816972112,0.3209559849302576,0.3341698171171031,,,,,0.7739909167443662,-0.0310566594443866,,,,,,0.10470470740042277,,-0.0310566594443866,0.4596385597769217,0.8750855395341303,,,,,,,,,0.4596385597769217,,,,,-0.00629915923917895,,,-0.04421651494950286,,,,,,,0.07846881921993587,0.07846881921993587,,,-0.044220552803029334,,,,,,,,,,,,-0.05453370177105353,-0.044220552803029334,,,,,,,,,,,,,,,,
rdkit_EState_VSA5,-0.03238301035759551,-0.12913900783886872,-0.20422319306484701,-0.29014179167314263,-0.1430962667020764,0.0,-0.1303519938852594,-0.1303519938852594,-0.25839196552490595,0.31370509498798144,0.3013765841168954,0.0720669911881626,-0.13135191969791177,-0.14497355703965922,-0.12913250520748723,-0.12753910658050593,,-0.22034079996943154,0.25534843916778427,-0.2826204361489778,-0.22034079996943154,0.19141071374298232,0.08782335579036925,0.07217197232560572,-0.13312259872187565,0.034509766548220376,-0.10639288099197854,0.0585735095549558,-0.0786206406569195,0.08297913853618738,-0.10503556258874427,0.08587649128155285,-0.19805462095466744,-0.019323111846616933,-0.12065218062106167,-0.1520866903831472,-0.11207844084719272,-0.1161173035804249,-0.14562600421921384,-0.11934986634688209,-0.11934986634688209,-0.0919874157667419,-0.0919874157667419,-0.09979261374142617,-0.10768823762946116,-0.09776621169842517,-0.10162540426546827,0.08074087644965883,-0.13403985578285,-0.15565203442394754,-0.24442710019789682,-0.16910703040558342,-0.12411263807585014,-0.1974754456214964,-0.20055000223459646,0.022862323467860265,-0.17538113627455407,,-0.11806852804554112,-0.1681683619275945,-0.10856803535098,,-0.06098179956994911,0.44647711625879777,0.8474079101611228,0.28896599189574484,-0.23986742518825357,-0.2157158112354115,-0.018089583434010865,,0.08315596187021115,0.16903251406722192,0.07131005867068742,-0.1865188220651855,0.4472407018184663,,,0.05609631852543165,,,-0.09841419784608733,-0.22085311070729455,-0.0932118142005257,0.27602978724963834,0.6099608524165867,0.4472407018184663,,,,-0.2365600065361388,-0.21704036268460392,-0.09495957397193772,,0.1970943232449749,0.16903251406722192,0.05594119658777415,1.0,0.27602978724963834,-0.04283220836632319,0.1857864219448496,-0.2674628682224559,-0.07577054430224439,-0.06098179956994911,-0.07390881956589487,-0.248570326948517,0.018306081458853367,0.28468032573122637,-0.06940761337147493,0.15600421404121848,0.4745696587711869,0.3555491927094441,-0.05731370101103759,-0.1393392135941588,-0.2413156802682778,-0.20807881242306883,0.3444577876976715,-0.046105554819341324,-0.02756477492677923,-0.08745550416058213,,,,-0.009750771620043865,-0.04283220836632319,-0.22279491931559225,-0.2877724440542566,-0.21100639525107637,-0.046105554819341324,-0.23578729426347136,0.16903251406722192,-0.046105554819341324,-0.04407219628263476,,-0.08743087921171708,-0.24882208990900914,-0.02756477492677923,0.38404241007429807,-0.12348625224732349,-0.08745550416058213,-0.24319956905730034,-0.24363388948136397,,,,,,-0.08745550416058213,-0.08745550416058213,-0.006326835956809577,0.01385813858146036,,,,,0.08315596187021115,-0.04283220836632319,,,,,,0.11699471176753201,,-0.04283220836632319,0.27602978724963834,-0.08745550416058213,,,,,,,,,0.27602978724963834,,,,,-0.03428609873601927,,,-0.06098179956994911,,,,,,,-0.12731920512254083,-0.12731920512254083,,,0.48112257316835016,,,,,,,,,,,,-0.07521088613627057,-0.06098736842979086,,,,,,,,,,,,,,,,
rdkit_EState_VSA6,0.1322186243375966,0.17821404767003157,-0.1010609735657562,0.053713305342429414,0.013926727996960802,0.0,0.19878450453017368,0.19878450453017368,-0.11819450883568215,0.037598511024500805,-0.1557807809417341,0.10747557310788122,0.1774522878197619,0.17904157661110312,0.1782050739270983,0.1837572981540478,,-0.019189452878137718,0.06581681086635416,-0.07678627934407986,-0.019189452878137718,-0.08599822500599556,-0.08061644250656966,-0.07528977021589614,0.09042836996656597,-0.20005185281296037,0.19455656693411622,-0.20003703360831668,0.20003851538058534,-0.16715423356311393,-0.024662100033902054,-0.09042770012430754,0.19930882473076172,-0.16116515095375147,0.1826863535893466,0.1831997955898814,0.1827761874969175,0.1827761874969175,0.17773902729485147,0.18262393850238043,0.18262393850238043,0.18800192053306952,0.18800192053306952,0.18802333244288333,0.18802333244288333,0.18800727282472574,0.18800727282472574,-0.14530747214899542,0.1908140008790555,0.1829444939358479,0.16675232379665597,0.1666785832591429,0.1828035545667305,0.14520169970208543,0.12742623242053147,0.17398280955347314,-0.05533255102776735,,-0.03725048766148949,-0.053056928842379454,-0.03425309291324367,,-0.019239689103091196,0.7118684968143743,0.39388993229773583,0.36081322730138427,0.187479259936357,0.15070861232077112,-0.1198521073224021,,-0.031068488300060003,0.7118684968143743,0.18861639321640067,0.10991732380286318,0.702312781631691,,,-0.03426301032683175,,,-0.031049568612958652,0.1451809870791676,0.1573932888785181,1.0,0.3119515807784524,0.702312781631691,,,,0.14525974224204544,0.1558262619532855,0.1465023919417059,,0.21315387230733013,0.7118684968143743,0.4596385597769217,0.27602978724963834,1.0,-0.013513513513513514,0.31140603879059153,0.12430640757479704,0.17266932537443597,-0.019239689103091196,-0.11335794609941532,0.1557730198702576,-0.585169628886003,0.23684538569287975,0.03424208365865619,-0.1181928258604532,0.1987463019095934,0.0062089688178810585,0.002848454024037095,0.18466428604626595,0.14685475930376535,0.1498896326728809,0.5852057359806528,0.158457715838833,0.1862673079080786,-0.027592113093901978,,,,0.17938707483561903,-0.013513513513513514,0.1509733093665655,0.14734479528453712,0.14985120351532058,0.158457715838833,0.1664059336009511,0.7118684968143743,0.158457715838833,0.18630244992073144,,-0.027584343950261013,0.16675232379665597,0.1862673079080786,0.19873215837929106,0.18262393850238043,-0.027592113093901978,0.15345838042385346,0.1478430499403133,,,,,,-0.027592113093901978,-0.027592113093901978,-0.11677241281680198,-0.11502320575018311,,,,,-0.031068488300060003,-0.013513513513513514,,,,,,-0.0949157995752499,,-0.013513513513513514,1.0,-0.027592113093901978,,,,,,,,,1.0,,,,,0.16849909025870563,,,-0.019239689103091196,,,,,,,-0.040169065863669556,-0.040169065863669556,,,-0.019241446072101123,,,,,,,,,,,,-0.023728949893812475,-0.019241446072101123,,,,,,,,,,,,,,,,
rdkit_EState_VSA7,-0.14027255069318623,0.01620127706091196,0.03277653196727228,0.1933678992327459,0.1285285981406262,0.0,0.13431385441227953,0.13431385441227953,0.12893946418438051,-0.04834094274578675,-0.07520451493738887,-0.18808225293879216,0.0161320261654329,0.010851004643097158,0.016200461266099846,0.01621387924888657,,0.18915317837021464,-0.18373859700190537,0.18373859700190537,0.18915317837021464,-0.0026874445314373613,-0.010748859000875955,-0.010755681459413734,-0.1178309063200708,-0.18360923477353897,-0.03014256670810251,0.03014256670810251,-0.04110380453025726,0.0191816333597016,0.18907610025991575,0.046583966730703884,0.02693362496361645,0.19877035284296016,0.09671630484141878,0.016164687846166006,0.01612731066149272,0.010751540440995149,0.016158093390441042,0.016113876926680624,0.010742584617787083,0.016114450331405957,0.005371483443801986,0.010744190425307618,0.005372095212653809,0.010743272732841471,0.0,-0.17759802151543885,0.022448705985771235,0.04842648368890092,0.05379107219246967,0.13979494079799082,0.010753150268631207,0.010755681459413734,-0.14640460746188722,-0.1685458467549271,0.26875810499201286,,0.34589738542811665,0.3020163641796984,0.40532826614005,,-0.019239689103091196,-0.019239689103091196,-0.03725985846059663,0.3708358169486449,0.09925372584865959,0.02152980176011016,0.19404626899817481,,0.43495883620084,-0.019239689103091196,0.016167119418548627,-0.10442145761272002,-0.019241446072101123,,,0.3883141170374265,,,-0.031049568612958652,0.005377073595524726,0.11397445056720278,-0.013513513513513514,0.3035204569736294,-0.019241446072101123,,,,0.02151996181363636,0.0161199581330985,0.0705381887126732,,-0.10657693615366506,-0.019239689103091196,0.42858190033253507,-0.04283220836632319,-0.013513513513513514,1.0,-0.05049827656063646,-0.19456655098663883,-0.12253952123347069,-0.019239689103091196,0.20971220028391835,0.021485933775207945,-0.00790769768764869,-0.21124047913148736,-0.39949097601765554,0.0053724011754751454,0.15577412852373534,0.0062089688178810585,-0.19939178168259666,0.016293907592317584,0.019036728057895507,0.02180212838878268,-0.02372455686408052,-0.12167288894767535,-0.1241782052720524,0.48976000741676007,,,,-0.008153957947073591,-0.013513513513513514,0.008234907783630846,0.021828858560672168,0.005449134673284384,-0.12167288894767535,0.14458220460410506,-0.019239689103091196,-0.12167288894767535,-0.12420163328048764,,-0.027584343950261013,0.09682392994644541,-0.1241782052720524,-0.016113418246969546,0.016113876926680624,0.48976000741676007,-0.043845251549672414,-0.043805348130463204,,,,,,0.48976000741676007,0.48976000741676007,0.22156816790880376,0.2149117791648158,,,,,0.43495883620084,-0.013513513513513514,,,,,,-0.0949157995752499,,-0.013513513513513514,-0.013513513513513514,0.48976000741676007,,,,,,,,,-0.013513513513513514,,,,,-0.12075768135207236,,,-0.019239689103091196,,,,,,,0.3364159266082325,0.3364159266082325,,,-0.019241446072101123,,,,,,,,,,,,-0.023728949893812475,-0.019241446072101123,,,,,,,,,,,,,,,,
rdkit_EState_VSA8,0.0864236199143104,0.030551340605818576,-0.09869985255709149,-0.04373460804778206,-0.09145042134244646,0.0,0.12340385926195421,0.12340385926195421,-0.20449905470723037,0.01460762707729436,0.02689855519577056,0.06988231671551594,0.02665862567474356,0.030738258631284668,0.030549802231709198,0.03131563966603632,,0.16331552049722503,0.040364773370395825,0.14992116627597596,0.16331552049722503,0.1381978501015177,0.1471678472110812,0.23744900755813483,0.060219155665833295,-0.09367516657015769,0.08722733958630008,-0.12326279006046467,0.16906857183159002,-0.11557682354737042,0.08576676651060304,0.02396776473397924,0.01270395382770292,-0.04920635091404783,0.044931655802621394,-0.012908852772604366,0.033815755658234206,0.06345755335733323,0.036384983215748845,0.07515786855871094,0.10522101598219533,0.08064703962794208,0.11378904761663729,0.08317673169967121,0.12611457254758407,0.09325079428332353,0.13495827701707502,0.06473489462814495,0.06950506792021689,-0.00742844380714693,-0.08860090709262526,-0.0009822828232318838,0.044380058054618435,-0.04296143413032268,-0.0698615991777009,0.013398088787670162,0.08881293291214426,,0.23385654040255413,0.26964308803237863,0.12444389977179175,,-0.07189626445387366,0.4226701502504951,0.26719924608184803,0.3483974245556502,-0.13749574278758528,-0.03832745044579126,0.16829562045205076,,0.49535564148395644,0.18916706025196983,0.042983771923748304,-0.18303343632379834,0.42242912638506375,,,0.4264089655097552,,,0.2867703351295614,-0.007233637775045062,0.011875847019646954,0.31140603879059153,0.4416795955740835,0.42242912638506375,,,,0.0063216974530551,0.0015617318290617192,-0.061504850205334985,,0.2734503162524334,0.18916706025196983,0.5114662908139429,0.1857864219448496,0.31140603879059153,-0.05049827656063646,1.0,-0.1709737431856186,0.14909975689765523,0.11727079579809616,0.14334295034461414,-0.10772267737913722,-0.04632792387935179,0.16644728272787934,-0.44112438982837165,0.04381024538158286,0.3519188868973324,-0.3805664039564878,0.02467114381406721,0.029621008320591866,-0.04537012388864872,0.03145715689956352,0.32073641620991145,0.07727143417458182,0.09149519218352803,0.40598856776050785,,,,0.051156249684496974,-0.05049827656063646,-0.02011629343300713,-0.06784043098947615,0.05306751428797061,0.07727143417458182,-0.06784714263549618,0.18916706025196983,0.07727143417458182,0.07854975245645193,,0.04735915446912985,-0.08516139620473409,0.09149519218352803,0.21759479222206973,0.014763949253966364,-0.10310820768520834,-0.1744939806201176,-0.17449432213829877,,,,,,-0.10310820768520834,-0.10310820768520834,0.0032820511152270777,0.02423118576861752,,,,,0.49535564148395644,-0.05049827656063646,,,,,,0.02167539232053821,,-0.05049827656063646,0.31140603879059153,0.40598856776050785,,,,,,,,,0.31140603879059153,,,,,0.0212335213213534,,,-0.07189626445387366,,,,,,,-0.1501066761902845,-0.1501066761902845,,,-0.07190283002298957,,,,,,,,,,,,0.4384340719381592,0.37748985762069526,,,,,,,,,,,,,,,,
rdkit_EState_VSA9,0.12606828360318284,0.2342007072350774,0.2610092476914488,0.07560311341328166,0.04245283928427328,0.0,0.046985168381539995,0.046985168381539995,0.224057331223983,-0.22681165863136007,-0.342023810766994,0.15733589169319162,0.23894897989525282,0.22432303947824342,0.23428970269782137,0.22183154405937028,,0.02760653472183825,-0.09227479594925371,0.08182802946623939,0.02760653472183825,-0.4547504010979582,-0.5393000133269523,-0.595864914054544,0.2890927662795987,-0.07907108445293817,0.19056479391718373,-0.12812682599080075,0.20000578671938396,-0.13871458744953777,-0.0680450077974888,-0.15019708931323847,0.051080337430051484,-0.1815532354579941,0.16388544068439054,0.22028935205847638,0.20872899200220327,0.22392231262176276,0.2042232277437995,0.20223223469194798,0.20539726010565243,0.19417620607010305,0.19268672934556472,0.196518731863841,0.1948285561816301,0.1910308282898925,0.18408451312115673,-0.14607574224354627,0.1504998066138847,0.244486219589157,0.25120396088300456,0.17871820266973534,0.22058700564424244,0.3016175393959316,0.3061836984034133,0.03025414965059136,0.10771958570586859,,-0.10896857785053671,-0.12009269401540244,-0.032710794901600775,,0.20837427859707366,-0.02421286545982737,-0.15943502001114757,-0.295556977592324,0.3058558989057974,0.3030313423312499,-0.22070913624925337,,-0.28578890053264533,0.16938746133124993,0.0953147834003538,0.3137540812595341,-0.026934142381811896,,,-0.2079845650986035,,,0.040764278051513746,0.2636966981175218,0.023008667979240612,0.12430640757479704,-0.3159754604713826,-0.026934142381811896,,,,0.27005094394524715,0.2622016867950699,0.01848195891155897,,-0.1989307306956617,-0.0280089502988681,-0.14815617923434019,-0.2674628682224559,0.12430640757479704,-0.19456655098663883,-0.1709737431856186,1.0,0.15399141623499804,-0.0004103875501665656,-0.17891350903991693,0.3603817578803661,-0.09673410265951832,-0.1696421946777966,0.21692657561893583,-0.2582248503896362,-0.3972921000382789,-0.03486454372355144,0.2095552451651924,0.2098932109856703,0.3448450439891826,0.22112891823407288,0.06688306600163783,0.14106739936644727,0.15972283219083983,-0.23449916205295623,,,,0.14178595251087692,0.1837572981540478,0.25116874505507103,0.35135032366757135,0.2319907166948919,0.14106739936644727,0.29965480536449185,0.1940620127850147,0.14106739936644727,0.1663911512706822,,-0.02802165458711572,0.27430927524112736,0.15972283219083983,-0.28069109639606915,0.23356741842581827,-0.020691102534084373,0.3889828514405056,0.38576730245982693,,,,,,-0.020691102534084373,-0.020691102534084373,-0.19678804481067683,-0.21888384535436342,,,,,-0.28578890053264533,0.113497154742206,,,,,,-0.16829309453080576,,0.17835267173775227,0.12430640757479704,-0.23449916205295623,,,,,,,,,0.12430640757479704,,,,,0.14574194001311605,,,0.20837427859707366,,,,,,,-0.025102048112293808,-0.025102048112293808,,,-0.21547313905449517,,,,,,,,,,,,-0.12969956533389165,-0.026934142381811896,,,,,,,,,,,,,,,,
rdkit_VSA_EState1,-0.3581372259247274,0.8918075257356456,0.18440847192573728,0.32127313751857833,0.21586188350825466,0.0,0.5569491212285552,0.5569491212285552,0.2747208454550112,-0.6416986551936935,-0.7248142263436397,0.8086285460268768,0.8891924440778245,0.8951584435691698,0.8918961694965156,0.8880087513121298,,0.6046604851646119,0.3662157673491702,-0.30529145962052506,0.6046604851646119,-0.6470630941527437,-0.45834455096962573,-0.24196730149213885,0.8857531993967891,-0.7662039786814756,0.9198783299559353,-0.9141230311720633,0.9425987373417106,-0.8876240351671765,-0.06281585464108483,-0.9201245459466892,0.6742285591413086,-0.7525348839920012,0.8717599660046219,0.855954163037506,0.8779718200897139,0.8988887484784215,0.8996794846849715,0.9083093129932109,0.9272015208990829,0.910002141799292,0.9268581333314929,0.9199444859090127,0.9404042626637987,0.9249730378473641,0.9445749590681523,-0.3271392957960316,0.897850783423343,0.8375584667284331,0.7845982711853688,0.7365002052253484,0.8868347446052995,0.8141016014933844,0.7960598639157566,0.7534386594392362,0.38263431366981043,,0.013160439442506427,-0.0961335271012083,-0.0738548389491437,,-0.005709732531108473,0.2145379130670202,-0.06772018110149626,-0.056706162117976563,0.7313387395085448,0.8527214915354039,-0.31202264288305787,,-0.03329497463482756,0.038487826691175626,0.8665375832252804,0.7682763389879084,0.21413452290230925,,,-0.08542526650184046,,,0.14808094292822296,0.8831270667322165,0.8425133859009366,0.17266932537443597,-0.15424930521233263,0.21413452290230925,,,,0.8382431479996372,0.896086992804865,0.851579290830335,,-0.21149233339077106,0.038487826691175626,-0.007339173422384113,-0.07577054430224439,0.17266932537443597,-0.12253952123347069,0.14909975689765523,0.15399141623499804,1.0,0.18990147455316325,-0.2647208851124215,0.7923496825145506,-0.09708612810333742,-0.25302709492933223,0.07038104987014361,-0.8672132598778156,-0.6111668833160661,-0.15880706245837334,0.597523965563151,0.8917798763262501,0.7942853385474736,0.8830827148104831,0.10695779053192683,0.9581705541513218,0.9476250726046497,-0.10235585466721756,,,,0.9216294234024287,0.18937926008809106,0.8896256518658542,0.7919797105755794,0.8995741498350348,0.9581705541513218,0.5508103340672269,0.038487826691175626,0.9581705541513218,0.9473384627418218,,0.021905565101077766,0.7404030462794364,0.9476250726046497,-0.6551645964112892,0.8671006844985278,-0.17343630929722972,0.7630327118184048,0.7614204510166973,,,,,,-0.17343630929722972,-0.17343630929722972,-0.4563976822705221,-0.44913148848249507,,,,,-0.03329497463482756,-0.12253952123347069,,,,,,-0.3833979658851726,,0.11139956475770063,0.17266932537443597,-0.10235585466721756,,,,,,,,,0.17266932537443597,,,,,0.9526147269593116,,,-0.005709732531108473,,,,,,,-0.13866337486634794,-0.13866337486634794,,,-0.011896362383461626,,,,,,,,,,,,0.1988713938690096,0.13085998621807787,,,,,,,,,,,,,,,,
rdkit_VSA_EState10,0.20443803699540852,0.09329060142684788,0.12153681953604994,0.12526378934066107,0.0620958743896513,0.0,0.1362560415930279,0.1362560415930279,-0.0949495272367842,-0.15916369605812866,0.2147547368656999,0.11170237302195335,0.09289183917716226,0.09753453974539172,0.09328590389662376,0.0428854989924061,,0.10142996521301366,-0.16728439428531683,0.15631492580759113,0.10142996521301366,0.07734054298350262,0.16043219695124022,0.18784267544823796,0.20003851538058534,0.024663927059132097,0.1452323668663121,-0.09042770012430754,0.15619445721497757,-0.05206443340490434,0.1835956335857153,-0.11234956682110936,0.1103353698497284,-0.038956663477203515,0.08894308348911728,0.04265310275612814,0.019287280989068827,0.16450315848877753,0.062062041382368024,0.050268301719150636,0.16446809467137927,0.06189441162120505,0.1643719794619152,0.06190146089791379,0.17948364280119977,0.0735208257796185,0.18324122597222534,0.2796195208168745,0.09902097799318217,0.04637295650349382,0.06514774472253926,0.011125335349871894,0.1608534716583112,-0.12812095526496667,-0.12918235944685746,-0.112499700340105,0.11224131788164178,,0.24971860221168024,-0.07553911236122375,-0.04876739552678773,,0.5,-0.02739225712198685,-0.053048238867722544,-0.05707812661106212,-0.03407170074492256,-0.011443702753041879,0.2965307141025482,,-0.04423335612891737,-0.02739225712198685,-0.0067518662923364055,-0.017840243055823896,-0.027394758583762942,,,-0.0487815153153942,,,0.6280848078366268,0.02674334815997573,0.10931307284996887,-0.019239689103091196,-0.07202221715274316,-0.027394758583762942,,,,-0.01920029319427932,0.015504392315268983,0.013647884417670076,,0.1666864830007336,-0.02739225712198685,-0.04421651494950286,-0.06098179956994911,-0.019239689103091196,-0.019239689103091196,0.11727079579809616,-0.0004103875501665656,0.18990147455316325,1.0,-0.1613919013835113,-0.08320566702290497,-0.01125848173233795,-0.09144042049707012,0.04875172124375927,0.007342930846212996,0.14928181798842258,-0.30079364403831194,0.1622179747468914,0.050829919252914586,-0.17346108143152764,-0.0001552024836347672,-0.03377752926484029,0.09749234124230247,0.09322029154180217,-0.039283912144176425,,,,0.04328901257941942,-0.019239689103091196,0.019436355036899364,-0.1642501550441256,0.1216992717017337,0.09749234124230247,-0.023303437733803598,-0.02739225712198685,0.09749234124230247,0.09527410843261312,,-0.039272850926965974,0.053506925132618455,0.09322029154180217,0.2224793350253968,0.0890146600422282,-0.039283912144176425,-0.1317148649813386,-0.1315949917159867,,,,,,-0.039283912144176425,-0.039283912144176425,-0.1662532039625688,-0.16376279315230668,,,,,-0.04423335612891737,-0.019239689103091196,,,,,,-0.13513513513513514,,0.7118684968143743,-0.019239689103091196,-0.039283912144176425,,,,,,,,,-0.019239689103091196,,,,,0.06509242933000149,,,0.5,,,,,,,-0.057190185069616074,-0.057190185069616074,,,-0.027394758583762942,,,,,,,,,,,,0.38288288288288286,-0.027394758583762942,,,,,,,,,,,,,,,,
rdkit_VSA_EState2,-0.136384000139611,-0.0734939812138028,-0.0125634839523295,-0.1085656650466946,-0.104614889963516,0.0,0.46547326040039577,0.46547326040039577,-0.2817661736058847,-0.2828113869432293,-0.010213797069702043,-0.5652164841066788,-0.07593892972184002,-0.042492814354965124,-0.07412446826785642,-0.06390955568289625,,0.3009119947120412,-0.19975119307849704,0.3392133902305753,0.3009119947120412,0.5332612543630506,0.5281062146820318,0.45803669092950033,-0.21930901740574285,0.09588293655607891,-0.22099161378246004,0.20622349168437315,-0.2012814824472675,0.17715508662541432,0.8856038921100927,0.20327610511991862,0.07169587846147021,0.4162523325535614,0.029267024852210204,0.038389099493561465,-0.04595138114333504,-0.07034755111246581,-0.07006766977222023,-0.165486929138724,-0.1806260882413091,-0.1670923990819391,-0.18100049450215264,-0.22039181074866493,-0.2214132558911751,-0.21831525067997226,-0.22399279899486937,-0.47633798472543587,-0.04159910860532637,0.023335368172423834,0.03445860752642129,0.15745325513840597,-0.040440864663874095,-0.06500632353539823,-0.06475644297303217,-0.0290370279182501,-0.08872018828142492,,0.36425688519875254,0.636492046404244,0.4470561360602914,,-0.030018893657333102,0.00979110868393302,0.0015181188262933089,0.15587388772516456,-0.2521818630229088,-0.04153857130886137,0.7792317567142165,,0.42220057945036904,-0.030018893657333102,-0.1808235832275571,-0.2626124028990997,0.012105497977274053,,,0.4160489648347923,,,0.09650871703651545,-0.1667325450404226,0.13099721953606136,-0.11335794609941532,0.2442820118324635,0.012105497977274053,,,,0.00993611845655649,-0.19829566144638092,0.03475909607878584,,0.38389853177606237,-0.08973389716923229,0.3024097766218876,-0.07390881956589487,-0.11335794609941532,0.20971220028391835,0.14334295034461414,-0.17891350903991693,-0.2647208851124215,-0.1613919013835113,1.0,-0.1905829619730989,0.18193102833841923,-0.16268283830855146,-0.42074175563546984,0.09608140032189687,0.10581342288090022,-0.22007167186419144,-0.7680877448025358,-0.03428421316449121,-0.07738850802437722,-0.01532439754339386,-0.058288743549498076,-0.35260742542268153,-0.36673005129787445,0.40215499094464036,,,,-0.1977350032666881,-0.11335794609941532,-0.05586141985931181,-0.0683004471399995,-0.03822117906841945,-0.35260742542268153,0.2925428063069199,-0.1613919013835113,-0.35260742542268153,-0.37544986783942447,,-0.23139093852790515,0.05911057511079689,-0.36673005129787445,-0.0135767958967955,-0.025817673112444216,0.35007736621799623,-0.21295351748104208,-0.20541049643276557,,,,,,0.35007736621799623,0.35007736621799623,0.9063377233932854,0.8694162852297185,,,,,0.42220057945036904,0.07368266496461996,,,,,,0.5905150347287806,,-0.11335794609941532,-0.11335794609941532,0.40215499094464036,,,,,,,,,-0.11335794609941532,,,,,-0.3093733637669656,,,-0.030018893657333102,,,,,,,0.42962110246660856,0.42962110246660856,,,-0.16140663969698738,,,,,,,,,,,,0.15260500897485346,0.26632095550002916,,,,,,,,,,,,,,,,
rdkit_VSA_EState3,-0.3872494876841825,0.904389940279158,0.15997349397907032,0.41680425887988637,0.24501416507104376,0.0,0.5310364570175226,0.5310364570175226,0.3823835147564498,-0.6306088325798105,-0.9229542861683622,0.6973328843209599,0.9039156095575855,0.9014870920371739,0.9043873309857567,0.9112017081279072,,0.5211823117658042,0.14873885174810314,-0.23762182641318766,0.5211823117658042,-0.8084377669822921,-0.6529470970349969,-0.44378762999405713,0.7363422268151489,-0.8411561201242445,0.8835596755300603,-0.8940205621649352,0.830164924877198,-0.8918276284227801,-0.08216092973141796,-0.8692463377265347,0.7293104052972984,-0.6081785230357669,0.8631047284427139,0.9001557114620928,0.9010159851539064,0.8728812715090718,0.9145249643081417,0.9200999201629162,0.8949065216713802,0.9154496541122213,0.8911378711532439,0.9224012814991955,0.8918230277348577,0.9166998808019342,0.8861527077553355,-0.5501293559231902,0.9065148622880946,0.8964987175087853,0.8771862374414419,0.7667470578742707,0.8732613002380593,0.9377455933555102,0.9094984182004617,0.7046459613147651,0.38372413695829427,,-0.1426518622243244,-0.09586569051429128,-0.0943385834744446,,-0.10961530888434172,0.21423419903814137,-0.1680488166713958,-0.10573209298483548,0.8310562601197019,0.9405604992788005,-0.40929554677601315,,0.05433738824382824,0.010502676107057858,0.8693093813979123,0.800608672864725,0.2141517858709991,,,-0.016100916467613156,,,-0.22978946215876606,0.9529578686556041,0.7566864911452768,0.1557730198702576,-0.1963406466596392,0.2141517858709991,,,,0.9204921495342441,0.9379254427773839,0.8179536313389816,,-0.34099272077823534,-0.02722538369499464,0.06323780660993927,-0.248570326948517,0.1557730198702576,0.021485933775207945,-0.10772267737913722,0.3603817578803661,0.7923496825145506,-0.08320566702290497,-0.1905829619730989,1.0,-0.09098600134935049,-0.3247361158080584,-0.0017240445623198568,-0.9354375011937219,-0.7515782132041431,0.04955747247772304,0.4912827303927533,0.9086540420476904,0.9444794310983483,0.9266252129293483,0.18353398634139395,0.8210736555619003,0.8305569782597843,-0.013709478526365096,,,,0.8858255143891615,0.18263043708926752,0.9425043210574787,0.9647676183842178,0.9004753572759694,0.8210736555619003,0.7243382119504349,0.1199140495330101,0.8210736555619003,0.8291129262971535,,-0.017287353256625008,0.8368609148267886,0.8305569782597843,-0.8871666791612429,0.890558169558858,0.0027418957052730195,0.9733559874401732,0.9723105277264481,,,,,,0.0027418957052730195,0.0027418957052730195,-0.3165163576753519,-0.33791495661070364,,,,,0.05433738824382824,-0.14503005298265362,,,,,,-0.3546437621392935,,-0.010742966887603973,0.1557730198702576,-0.013709478526365096,,,,,,,,,0.1557730198702576,,,,,0.8482371423425639,,,-0.10961530888434172,,,,,,,-0.023950189418605872,-0.023950189418605872,,,-0.17208625650348142,,,,,,,,,,,,-0.2043603239277844,-0.17208625650348142,,,,,,,,,,,,,,,,
rdkit_VSA_EState4,-0.10686006789474414,-0.03109602453549918,-0.11028402852288888,0.1418813168199635,-0.06820049984259255,0.0,-0.03969641587126724,-0.03969641587126724,-0.14526501616909898,0.008381526378237495,0.060059620449745235,-0.11865518578698242,-0.030963107387250565,-0.031240417531403983,-0.031094458734519537,-0.037361122474425995,,-0.06335406525655073,-0.14918236513377908,0.14276218774506164,-0.06335406525655073,0.11719096569229473,0.12164677880036734,0.12021345424520488,0.1169912459821937,0.030300975679748276,-0.12539946926199685,0.05890697501799299,-0.13484985781793427,0.017988517021682922,0.1697855931901976,0.0886422103839556,-0.059050236669179954,-0.0963837485075686,-0.03425072438564043,-0.06562502546518448,-0.0403912690493801,-0.030954056654665118,-0.06883404173310947,-0.059216326673310685,-0.059216326673310685,-0.05921843385842112,-0.05921843385842112,-0.05922517836274053,-0.05922517836274053,-0.06236343822753176,-0.06236343822753176,0.08221619717649703,-0.07173648436647603,-0.02468529185663863,-0.00919125531165632,0.015983194939409893,-0.03402100098741887,-0.0032308677057175483,0.0012057474566650344,-0.1048213191752106,-0.03237892835023444,,-0.021797854040696438,-0.03104730336052625,-0.020043869668240573,,0.4053053423641662,-0.02221673728514689,-0.027866741894339797,-0.2518003534300373,-0.02878199844500477,-0.0975550517470951,0.23391296542573345,,0.2472525664528952,-0.011108368642573445,-0.09733810813672239,-0.061104265598970864,-0.011259509857241452,,,0.4879644869030336,,,0.2616374094093432,-0.06930691019943408,-0.05708192609290667,-0.585169628886003,-0.05841426904144928,-0.011259509857241452,,,,-0.015824987272279024,-0.07843988647703246,-0.050886892784580064,,0.1111493335862925,-0.4276721927390776,-0.2976562881606364,0.018306081458853367,-0.585169628886003,-0.00790769768764869,-0.04632792387935179,-0.09673410265951832,-0.09708612810333742,-0.01125848173233795,0.18193102833841923,-0.09098600134935049,1.0,-0.04989410152173528,-0.4737738386572388,0.08538468461647968,-0.0693610796593309,0.003633299978924223,-0.10723265177997111,-0.04231287915160425,0.001379202821018592,-0.04784228766820857,-0.027395569867660705,-0.09859720348039742,-0.09195465227120846,-0.01614606657933924,,,,-0.06633373800618245,-0.00790769768764869,-0.04015681609714766,-0.03374355387463571,-0.014349006515320535,-0.09859720348039742,-0.014239200488762309,-0.4276721927390776,-0.09859720348039742,-0.11608822232698966,,-0.0161415203124381,0.05691023836806379,-0.09195465227120846,-0.13913135768535498,-0.02786897185969682,-0.01614606657933924,-0.08338495612763956,-0.07863094317951491,,,,,,-0.01614606657933924,-0.01614606657933924,0.170233461690058,0.1808580095972426,,,,,0.2472525664528952,0.585169628886003,,,,,,0.21846458330394442,,-0.00790769768764869,-0.585169628886003,-0.01614606657933924,,,,,,,,,-0.585169628886003,,,,,-0.09145748803936768,,,0.4053053423641662,,,,,,,-0.02350571736414092,-0.02350571736414092,,,-0.011259509857241452,,,,,,,,,,,,-0.013885460803216804,-0.011259509857241452,,,,,,,,,,,,,,,,
rdkit_VSA_EState5,0.19618788550749802,-0.38497325600753146,-0.27311854815044406,-0.12111952708243139,-0.1985177039407841,0.0,-0.5033191571218044,-0.5033191571218044,-0.47577624686573816,0.5966203056508556,0.2814271090698305,-0.12630817427101573,-0.3855607655676371,-0.4016754889679564,-0.3878699945839073,-0.3745372645612865,,-0.7229580022414925,-0.003132220230659501,0.05233271329203009,-0.7229580022414925,0.16126587883502264,0.07378628172454091,0.03196179927666094,-0.26376530467589854,0.19548526096852442,-0.3897283295530633,0.21090869898438955,-0.3265372623915813,0.2466726250981243,-0.33230208437732206,0.39387792963312296,-0.21317267122308342,0.10840627143961458,-0.4750872502461067,-0.42311231083007017,-0.41067492196524885,-0.41213488820430516,-0.38183804398767324,-0.3402619455906125,-0.3373274831485798,-0.329587480680661,-0.3224122102571963,-0.30991198300186246,-0.2998518885240814,-0.3179091520772638,-0.3033546431139058,0.4352061556705707,-0.35102746346896213,-0.39345788575376706,-0.3759708287048705,-0.3515240581816059,-0.3886553613241078,-0.3207643378522495,-0.36659022820458037,-0.07556338325382278,-0.7487970779202031,,-0.1697469416994174,-0.3984866834424259,-0.24096483215901215,,-0.09144042049707012,0.22255565467160654,0.2724097577719507,-0.013704762398801541,-0.2841220787114769,-0.365657585884865,0.006398208633417114,,-0.19573418730897674,0.22255565467160654,-0.24695191502354202,-0.3861188734129538,0.22102651423742353,,,-0.14430337164144982,,,0.037456103660350445,-0.343862959034182,-0.42759864125323066,0.23684538569287975,0.07779816309495646,0.22102651423742353,,,,-0.3839157730372299,-0.3334247416151098,-0.3709903182804831,,0.38452369286736876,0.22255565467160654,-0.11176629255554305,0.28468032573122637,0.23684538569287975,-0.21124047913148736,0.16644728272787934,-0.1696421946777966,-0.25302709492933223,-0.09144042049707012,-0.16268283830855146,-0.3247361158080584,-0.04989410152173528,1.0,0.1495138213861615,0.2953221553991918,0.4195951593204127,-0.03382300913180037,0.0026895775252466516,-0.3929716152803592,-0.3326692834520321,-0.3954473182013545,0.22730937632675818,-0.271904696578874,-0.2498244605779513,-0.2548675220444641,,,,-0.25978011516759075,0.07361410636400317,-0.36369323835842443,-0.3385444353255116,-0.39389185351355505,-0.271904696578874,-0.4547467652738938,0.22255565467160654,-0.271904696578874,-0.25481892810137735,,0.022953395698039315,-0.3598672573131831,-0.2498244605779513,0.38094344511279266,-0.41146930588918634,-0.3528934920615657,-0.2801144614544739,-0.2745682319721039,,,,,,-0.3528934920615657,-0.3528934920615657,-0.10218436796253215,-0.028839043071088713,,,,,-0.19573418730897674,0.07361410636400317,,,,,,0.2899967621478509,,-0.19843802585079115,0.23684538569287975,-0.2548675220444641,,,,,,,,,0.23684538569287975,,,,,-0.2811934028215337,,,-0.09144042049707012,,,,,,,-0.4114743540627016,-0.4114743540627016,,,0.10481669747341735,,,,,,,,,,,,0.1292621226628018,0.10481669747341735,,,,,,,,,,,,,,,,
rdkit_VSA_EState6,0.1164444086398865,-0.12653337732840905,0.23325566236293774,-0.31426622942890275,-0.020493207764342058,0.0,-0.2775054948987173,-0.2775054948987173,0.12978105538941628,-0.0006351426709046527,0.06597067599558687,0.2246754508812285,-0.12599252183565762,-0.12479908593433536,-0.12652700590025587,-0.1245014900192293,,-0.17470996592126756,0.2829716449477878,-0.25986041498193263,-0.17470996592126756,-0.1659461345667075,-0.1600004008525398,-0.15913292527238532,0.039177452746780826,0.19899842855596464,0.005663791070419943,0.08289161627371507,0.033325868350895835,0.112962904774674,-0.35428421270328503,-0.09090228209707145,-0.1355546901936259,-0.06165005298556913,-0.16129290458013898,-0.10500912917263021,-0.13085951990262715,-0.12607677547870508,-0.10072032645788047,-0.11804748226107581,-0.10691720466126134,-0.11605542080037351,-0.10704199484298199,-0.08491130270987021,-0.07819583808514945,-0.08514602824463537,-0.07613234568090488,0.2762838684096775,-0.11735094282410988,-0.13976655818494388,-0.15511163180423226,-0.24417537771217399,-0.12367364760952589,-0.10383764048696656,-0.06848565975286099,0.12126643037479197,-0.3773596455888739,,-0.06957857468212345,-0.40874874590492255,-0.10132442339138206,,-0.23184151880365517,-0.2719262673818572,-0.09501273352113675,-0.5293734765062912,-0.09491812313911686,0.011123091091547292,-0.40910442158231203,,-0.9184569728644222,-0.23184151880365517,-0.07352655119233598,0.05579705367399075,-0.27628498176397515,,,-0.9974599115503038,,,-0.10979804423453798,-0.052592666321055935,-0.15045181741688482,0.03424208365865619,-0.5573563500653718,-0.27628498176397515,,,,-0.11769334821296615,-0.03912195683941433,-0.12945499290409754,,-0.24358457538532538,0.04875172124375927,-0.6977615360704015,-0.06940761337147493,0.03424208365865619,-0.39949097601765554,-0.44112438982837165,0.21692657561893583,0.07038104987014361,0.04875172124375927,-0.42074175563546984,-0.0017240445623198568,-0.4737738386572388,0.1495138213861615,1.0,-0.052728475187811784,-0.17025817386530914,-0.01573299419749444,0.3204354916132953,-0.12190476414204765,-0.0795381712120187,-0.10211066211094429,-0.20350376316492372,0.08074978235348894,0.06858885109587713,-0.8040345395933007,,,,-0.03299706855334706,0.03424208365865619,-0.06040479718357716,-0.0662827579453426,-0.11540118404673055,0.08074978235348894,-0.2415050157402652,0.04875172124375927,0.08074978235348894,0.0864357139660143,,0.06989636057783485,-0.21805284853713494,0.06858885109587713,0.04557839916303875,-0.13952165915202222,-0.1514847683291726,0.05555005254915219,0.053063685388113666,,,,,,-0.1514847683291726,-0.1514847683291726,-0.42749966618829055,-0.4474150292114078,,,,,-0.9184569728644222,-0.3652488923589994,,,,,,-0.25921470747237335,,0.03424208365865619,0.03424208365865619,-0.8040345395933007,,,,,,,,,0.03424208365865619,,,,,0.06508802085562625,,,-0.23184151880365517,,,,,,,-0.05937456351210091,-0.05937456351210091,,,0.04875617325246621,,,,,,,,,,,,0.060127122867303096,0.04875617325246621,,,,,,,,,,,,,,,,
rdkit_VSA_EState7,0.48365638418725865,-0.9205036811483145,-0.1734946969751447,-0.33336655750088273,-0.20505097238070846,0.0,-0.6021957056608437,-0.6021957056608437,-0.2541542667816638,0.7159604704122736,0.8971433111672076,-0.7502207846377097,-0.9191771917810644,-0.9290775193654964,-0.9203428304759304,-0.92588226852138,,-0.6046404760867823,-0.2565146712940321,0.2686763336027891,-0.6046404760867823,0.7403683260814027,0.5822359698885597,0.37105736014537916,-0.798924120296802,0.8578458178788737,-0.913919505440199,0.9093846602397789,-0.885057177618678,0.9089104280619572,-0.03273684002525417,0.9173576887294063,-0.7103896347727106,0.6559665690206795,-0.894382702697175,-0.9182320095174114,-0.9044896770674264,-0.8901990749944358,-0.9347733515351542,-0.9143207136264677,-0.9040708006035322,-0.9329176412440775,-0.9221548495947486,-0.9262607868768072,-0.9140444813639289,-0.9234054763286115,-0.9110763190282634,0.5715618855427618,-0.9300383397910804,-0.9106561673975108,-0.8586027994363813,-0.8001812393631925,-0.8992599843400241,-0.9275151202481593,-0.8618544439698523,-0.8178851844256563,-0.3251496315663228,,-0.026571967783566304,0.11567721686566694,-0.04284998629599681,,0.116772997484915,-0.1909162020015379,0.08092099227726708,0.14793334026133947,-0.7185352627915899,-0.9560566773656529,0.25770829597734846,,-0.00741090980801843,0.039264282997111155,-0.9209767871332656,-0.6943833658584742,-0.19123961986685573,,,0.0731929843103682,,,0.10006865020306895,-0.9322852644207003,-0.8488770685960179,-0.1181928258604532,0.16133610217995759,-0.19123961986685573,,,,-0.9308018571115667,-0.8953046358202424,-0.8760489123812185,,0.2062814676052509,0.054358085292104535,0.0036875816899999267,0.15600421404121848,-0.1181928258604532,0.0053724011754751454,0.04381024538158286,-0.2582248503896362,-0.8672132598778156,0.007342930846212996,0.09608140032189687,-0.9354375011937219,0.08538468461647968,0.2953221553991918,-0.052728475187811784,1.0,0.6562359946438688,0.07076146741159373,-0.43161993520926994,-0.9348355210940503,-0.9130273553831498,-0.9486692286422956,-0.16717483220936666,-0.8599415300680314,-0.8690712810901353,0.06855910412902898,,,,-0.9306398503853922,-0.18803404114163008,-0.9494022079405443,-0.9160306224232339,-0.9319545599401796,-0.8599415300680314,-0.6852311223456606,-0.09657993765782925,-0.8599415300680314,-0.8673948167549231,,0.07402298385061494,-0.8169589704771758,-0.8690712810901353,0.8569395152867925,-0.8978710268236871,-0.06307437579870666,-0.8894757351689739,-0.8909301961027127,,,,,,-0.06307437579870666,-0.06307437579870666,0.24673638760827615,0.2829542533451938,,,,,-0.00741090980801843,0.1772892387906798,,,,,,0.2427586535778102,,-0.010744802350950291,-0.1181928258604532,0.06855910412902898,,,,,,,,,-0.1181928258604532,,,,,-0.8791221645421218,,,0.116772997484915,,,,,,,0.08383998479385399,0.08383998479385399,,,0.14916690349614745,,,,,,,,,,,,0.028300879303112588,0.019123961986685572,,,,,,,,,,,,,,,,
rdkit_VSA_EState8,0.2685189823411728,-0.6575554773878463,-0.2397809983883914,-0.34967369124913583,-0.23644635692007113,0.0,-0.42883278719730217,-0.42883278719730217,-0.5291961274278859,0.6109569163153599,0.7448683280813378,-0.3945972850262143,-0.6550298097169287,-0.6518961547080044,-0.6580089118137523,-0.6671757457888675,,-0.39704128726987836,-0.11582750408236195,0.1611442180083251,-0.39704128726987836,0.5939125779959087,0.4498896906085946,0.33925960985598425,-0.5565392689804117,0.451988621311109,-0.567173917355995,0.568077768365941,-0.5520866584817798,0.5622990487941547,0.03058276204145393,0.6266058255673669,-0.5584491650740002,0.400600761711152,-0.6226506714157458,-0.6984348777881917,-0.6872469116153682,-0.6571888517204938,-0.6557314335086499,-0.6591963681710102,-0.6361378393410607,-0.6064039514199144,-0.5863622453122378,-0.6252856090475946,-0.6041027573562945,-0.6212749907112165,-0.5997238494495336,0.39725112821168623,-0.6098605601601937,-0.6843008320163336,-0.7301087749900693,-0.6066113839524214,-0.6523076957558722,-0.6999099898704929,-0.7779129139242665,-0.4479348747633013,-0.2830768542864541,,0.21677145441122322,-0.08325579172164069,0.19476003327203967,,0.1266448209983749,0.15091331326698457,0.4390966002295344,0.3445546858986799,-0.7431412762702854,-0.7415309744715907,0.4010559271463439,,0.16301332490674164,0.18864164158373073,-0.5190173887936893,-0.8493447600741083,0.14914248375869582,,,0.17686922088758858,,,0.17150406897293957,-0.732867782995261,-0.5654370807054743,0.1987463019095934,0.4992110414166827,0.14914248375869582,,,,-0.714474992866599,-0.7703814355641018,-0.6139404910755013,,0.4996387743108734,0.22636996990047686,0.25213004055917276,0.4745696587711869,0.1987463019095934,0.15577412852373534,0.3519188868973324,-0.3972921000382789,-0.6111668833160661,0.14928181798842258,0.10581342288090022,-0.7515782132041431,-0.0693610796593309,0.4195951593204127,-0.17025817386530914,0.6562359946438688,1.0,0.025239609505872514,-0.42084583927225866,-0.6596023104795313,-0.7529340009728257,-0.7018165309336183,0.20935345658838594,-0.6046184027788178,-0.5742652538116103,0.17548257405709716,,,,-0.5946047679852455,-0.18263173688989662,-0.744439105100847,-0.79272780720677,-0.6772764213462035,-0.6046184027788178,-0.6583717347233273,0.24523413405884992,-0.6046184027788178,-0.5781286508307296,,-0.02562055154568244,-0.6938456605118433,-0.5742652538116103,0.8382034807300172,-0.6778638129614292,0.1837083197160236,-0.8231757185134004,-0.8227312642828329,,,,,,0.1837083197160236,0.1837083197160236,0.25020299455993683,0.2406201341843866,,,,,0.16301332490674164,0.06445826007878704,,,,,,0.3546462861774138,,0.11280195513787732,0.1987463019095934,0.17548257405709716,,,,,,,,,0.1987463019095934,,,,,-0.6387684463803427,,,0.1266448209983749,,,,,,,-0.2095656489036393,-0.2095656489036393,,,0.17973581376047956,,,,,,,,,,,,0.11318498495023842,0.06883499250401345,,,,,,,,,,,,,,,,
rdkit_VSA_EState9,-0.08736746408096169,-0.03321632967255996,-0.17221519440929522,-0.10727274982592429,-0.04117451711786772,0.0,-0.23483602259746056,-0.23483602259746056,0.05055402865162082,0.41838769764001926,0.12817793654933546,0.07841722439779616,-0.033107292050666245,-0.04054989364201749,-0.033214657106297285,-0.030990705532045727,,-0.24502519763958158,-0.07939793760001135,-0.2771173372356756,-0.24502519763958158,-0.03442575527768977,-0.009548173530777119,0.038447555025396284,-0.1959417331984491,-0.04838390061250617,0.007521627328856612,-0.02660917406791485,-0.15814433096109395,-0.04286193663780602,-0.33752830174215853,-0.06202507762137538,-0.05388909919416035,-0.09563908878473805,-0.04753180630642713,-0.03076464550656429,-0.011526532433108295,-0.0751200585140572,-0.021315293269493978,-0.011549836574011393,-0.07048361806704388,-0.021159000533317342,-0.07996325240429415,0.017014695432625647,-0.07263333234004798,0.019349683537691325,-0.06555198912768898,-0.1026014992480514,-0.024744781121944757,-0.08962714628234994,-0.11181086201620723,-0.2088650598803446,-0.07513130623682604,-0.00349223721738818,0.08885967117916972,0.11079848556328818,0.025423298211946277,,-0.5467098774036532,-0.21244881286306924,-0.35176296122334744,,0.008839938598304621,0.008839938598304621,0.01711955215119746,0.35882285045822515,0.08750801754312841,-0.10944028798293223,-0.35260804550620534,,0.014274842355459352,0.008839938598304621,0.054688091398209224,0.2006989993607912,0.008840745861773571,,,0.015742609241726595,,,-0.5939283337426323,-0.02302571323105304,-0.08561608820355081,0.0062089688178810585,0.02324277165290538,0.008840745861773571,,,,-0.12239251763713954,-0.02857276801266058,-0.0021606491099882014,,-0.18270591683104478,0.008839938598304621,0.014269407425753328,0.3555491927094441,0.0062089688178810585,0.0062089688178810585,-0.3805664039564878,-0.03486454372355144,-0.15880706245837334,-0.30079364403831194,-0.22007167186419144,0.04955747247772304,0.003633299978924223,-0.03382300913180037,-0.01573299419749444,0.07076146741159373,0.025239609505872514,1.0,0.04955842425308369,-0.031043849771031758,-0.06310941746733324,-0.08309339080724011,0.010900572500247025,0.05410147031402524,0.05525726788295213,0.012677574166641892,,,,0.037780842958918814,0.0062089688178810585,-0.06640710601506496,-0.07199558199078855,-0.1280381715755413,0.05410147031402524,-0.0986009092435787,0.008839938598304621,0.05410147031402524,0.055267692963063685,,0.012674004527216872,-0.12350931648592534,0.05525726788295213,0.01286569103532006,-0.02089500348859611,0.012677574166641892,0.06547222882401815,0.06541264276393212,,,,,,0.012677574166641892,0.012677574166641892,-0.038739989251555244,-0.04326199519204715,,,,,0.014274842355459352,0.0062089688178810585,,,,,,-0.0625081880440118,,0.0062089688178810585,0.0062089688178810585,0.012677574166641892,,,,,,,,,0.0062089688178810585,,,,,0.10372454275424495,,,0.008839938598304621,,,,,,,0.01845622732692917,0.01845622732692917,,,0.6453744479094707,,,,,,,,,,,,-0.7849865475294504,-0.6453744479094707,,,,,,,,,,,,,,,,
rdkit_FractionCSP3,-0.11052891370230176,0.4338334864531427,0.06703091550850307,0.21985797263563098,0.1820137600261509,0.0,-0.15260991120771653,-0.15260991120771653,0.4591896930937939,-0.08124487412383374,-0.3324698806078532,0.7664856851359604,0.4362636068607493,0.40058642550418255,0.43410759272245275,0.4275786730775285,,0.06147237247209494,0.25291546389276287,-0.2635215962495561,0.06147237247209494,-0.7385771391556245,-0.6192926097833492,-0.4252252934285606,0.5866973351281959,-0.4512742249479887,0.5551815414784764,-0.5728028684663568,0.5873871430737279,-0.5508702737545733,-0.6772609660822347,-0.5121629282625122,0.2689185682480039,-0.5920441397360792,0.3069437410116188,0.3325357154370096,0.4131712158547355,0.43204168971302215,0.4237839595823656,0.517230163930119,0.5326581541100969,0.5085832254002847,0.5216567233728172,0.5632964061292745,0.5665274075206723,0.5650297213860089,0.5732726002669442,0.3458701208061532,0.4222336720694986,0.3278985274000086,0.2628690785952689,0.14115333675813746,0.4009631687851862,0.4101714655955171,0.3977051696586984,0.3082753587933114,0.1502233664037398,,-0.1970594104591076,-0.3348667516735472,-0.2816785554029427,,0.002162906329958552,-0.04596175951161923,-0.15819880813804701,-0.18833281253192538,0.48947990274069914,0.41510660510271497,-0.7738848847004696,,-0.3012443344068643,-0.0779727731950058,0.46127925722004215,0.5514296565320963,-0.046641926693006194,,,-0.32451523349726186,,,0.05235841504683719,0.5188598357735189,0.16551510978157336,0.002848454024037095,-0.35962599058115147,-0.046641926693006194,,,,0.3649593259652607,0.5677136152802364,0.23787969870831346,,-0.5802928939489247,-0.11798654029923901,-0.26473223151127573,-0.05731370101103759,0.002848454024037095,-0.19939178168259666,0.02467114381406721,0.2095552451651924,0.597523965563151,0.1622179747468914,-0.7680877448025358,0.4912827303927533,-0.10723265177997111,0.0026895775252466516,0.3204354916132953,-0.43161993520926994,-0.42084583927225866,0.04955842425308369,1.0,0.39510730182188375,0.4335515914271276,0.38738396640965156,0.02802667719864775,0.6395738582633975,0.6511065244860025,-0.2995250327025586,,,,0.5047128198481294,0.1139381609614838,0.4209044889249676,0.4302667223220656,0.4012975568719167,0.6395738582633975,-0.03048351330524904,0.08208229522192705,0.6395738582633975,0.6582027426140197,,0.2325752971556111,0.220523996403795,0.6511065244860025,-0.3279637705934257,0.39234194205247036,-0.33151314299118134,0.4972860932086369,0.49301698635447644,,,,,,-0.33151314299118134,-0.33151314299118134,-0.9295655370196921,-0.9055552805155934,,,,,-0.3012443344068643,-0.1139381609614838,,,,,,-0.7675974322828738,,0.1139381609614838,0.002848454024037095,-0.2995250327025586,,,,,,,,,0.002848454024037095,,,,,0.6015505561252381,,,0.002162906329958552,,,,,,,-0.2518950516685492,-0.2518950516685492,,,0.16223278849741285,,,,,,,,,,,,0.06668961184038869,0.0,,,,,,,,,,,,,,,,
rdkit_HeavyAtomCount,-0.44004565090130826,0.9936349243171898,0.15706382261196633,0.42753385414303063,0.2268840742770506,0.0,0.7096741132094373,0.7096741132094373,0.2778282371980805,-0.733891542039244,-0.8584019320975571,0.6736734438917666,0.9893877215794348,0.9981906742560973,0.9935848910875038,0.995045005743575,,0.7078157959237013,0.17670081242261035,-0.17989596273001016,0.7078157959237013,-0.6350432537517141,-0.4492084251547675,-0.24721136265285587,0.8277005837720813,-0.859714757868281,0.9233694560957713,-0.9228448399088428,0.9025863519090845,-0.9190975814307827,0.1405521709950822,-0.9009758394308834,0.7869028592565349,-0.6671312463413835,0.9727037060659341,0.984785750009775,0.9890697085016635,0.9820261194261777,0.9889732387662263,0.9729254749472546,0.9662043785692102,0.9754068348916985,0.9684120402987301,0.9610517341315562,0.9543440273009555,0.958350123514538,0.950563515267553,-0.5987807373574905,0.9862563817323132,0.9772499734215758,0.9307056390058281,0.8834292815827699,0.9835705619129366,0.9491325504324033,0.9113890355770736,0.7570786482604113,0.4464438145697387,,0.027804365503977288,0.04503286238067944,0.0296293836822713,,0.022218757807308507,0.23620962476354423,-0.11568099544624685,0.037301530385465936,0.7755241763509784,0.954517879521061,-0.2024461930858162,,0.13985366724809814,0.1084131036398371,0.9105120707977794,0.7824731850559618,0.23587030098426323,,,0.11090136877321989,,,0.014892000995832265,0.9640962821213094,0.9171819482643788,0.18466428604626595,-0.09648493153060657,0.23587030098426323,,,,0.9711566404747639,0.9426979576266264,0.9352378604688384,,-0.20267309038500583,-0.004124131379546822,0.16083705472704518,-0.1393392135941588,0.18466428604626595,0.016293907592317584,0.029621008320591866,0.2098932109856703,0.8917798763262501,0.050829919252914586,-0.03428421316449121,0.9086540420476904,-0.04231287915160425,-0.3929716152803592,-0.12190476414204765,-0.9348355210940503,-0.6596023104795313,-0.031043849771031758,0.39510730182188375,1.0,0.9231395223310526,0.9913604479092835,0.14387690394040553,0.8715304652409505,0.867309432922912,0.0804004874873197,,,,0.9436250862541941,0.1792329835154934,0.9817437347502476,0.9184481746801593,0.9892081962658757,0.8715304652409505,0.7667371314458286,0.07026488837902899,0.8715304652409505,0.8657864173195005,,-0.07993438503313673,0.903133552912073,0.867309432922912,-0.8128121544667417,0.9868641940952974,0.03742781314064883,0.8563912246494478,0.8557438714674186,,,,,,0.03742781314064883,0.03742781314064883,-0.2104111345342984,-0.23722330281616383,,,,,0.13985366724809814,-0.03530346645002143,,,,,,-0.28356840010534023,,0.06517563036927033,0.18466428604626595,0.0804004874873197,,,,,,,,,0.18466428604626595,,,,,0.8989791694195076,,,0.022218757807308507,,,,,,,0.00302711359354212,0.00302711359354212,,,-0.050267441193367575,,,,,,,,,,,,0.0,-0.0038667262456436595,,,,,,,,,,,,,,,,
rdkit_NHOHCount,-0.4222936305408036,0.922992258787584,0.13700887941628348,0.44649232220457685,0.24944572197943035,0.0,0.5670543422308255,0.5670543422308255,0.33322888015619856,-0.6632602083207526,-0.9421626131688503,0.6206071274081623,0.9199848884330111,0.9132004499854697,0.9229457826799592,0.9349203202781707,,0.5825655087189704,0.09885313484693047,-0.11182535667374514,0.5825655087189704,-0.7707848724521846,-0.6245255039061092,-0.4392555994590473,0.7888953801268942,-0.837079447266263,0.8518248704793567,-0.8714630950951033,0.8351183123148403,-0.8775841001701413,0.012767096369748192,-0.8280159610330696,0.7135891783943787,-0.6757391005401545,0.863669803036013,0.9052713392748027,0.9277360783211377,0.8908666614390426,0.9026763929929057,0.9080394972314938,0.8762884534335639,0.9079348844464863,0.877869049575343,0.8989065192945265,0.8659975458572364,0.8909094886324941,0.8579168446726526,-0.5716648596467497,0.887330749704084,0.9364301686920447,0.9033418258372008,0.8436897373278421,0.8946067544354159,0.9794938101209334,0.9030160406302156,0.703583803519051,0.36232542049827354,,-0.053632029136364556,0.00189456530885471,0.019607545622313573,,-0.06649341454875225,0.21863323805432128,-0.1253585561729129,-0.1270710108248197,0.8203246417524858,0.9602004447874891,-0.343012571412971,,0.08128107902092868,0.09829461281119899,0.8501910103274506,0.7698400375397184,0.2187822787391519,,,0.06879950761613156,,,-0.12733779404360906,0.9381328583254963,0.7726218304130991,0.14685475930376535,-0.1500809797383752,0.2187822787391519,,,,0.9680189760146882,0.921026836310313,0.8241026051095949,,-0.29050286041135914,-0.035414970792270226,0.07850012799892417,-0.2413156802682778,0.14685475930376535,0.019036728057895507,-0.04537012388864872,0.3448450439891826,0.7942853385474736,-0.17346108143152764,-0.07738850802437722,0.9444794310983483,0.001379202821018592,-0.3326692834520321,-0.0795381712120187,-0.9130273553831498,-0.7529340009728257,-0.06310941746733324,0.4335515914271276,0.9231395223310526,1.0,0.945640122730568,0.17459663121854685,0.7912620183035561,0.7981672701389169,0.00832917920567934,,,,0.8664052278488051,0.182208682839857,0.933554972518323,0.9786923828448867,0.9174632793449176,0.7912620183035561,0.7495186534081683,0.09829461281119899,0.7912620183035561,0.7956517216360314,,-0.029606520707281127,0.8903948789516997,0.7981672701389169,-0.90116784131667,0.917321236771152,0.03331671682271736,0.9277926869798911,0.9273597017539736,,,,,,0.03331671682271736,0.03331671682271736,-0.2526501671510767,-0.27898489570145457,,,,,0.08128107902092868,-0.010878130318797433,,,,,,-0.3158093022253368,,-0.08158597739098075,0.14685475930376535,0.00832917920567934,,,,,,,,,0.14685475930376535,,,,,0.8196645107289187,,,-0.06649341454875225,,,,,,,0.009094320185752194,0.009094320185752194,,,-0.23233516326281617,,,,,,,,,,,,-0.1082410914885227,-0.015489010884187745,,,,,,,,,,,,,,,,
rdkit_NOCount,-0.4494049161854359,0.9804533295789551,0.17379980002281006,0.4240718835174791,0.23095255259973654,0.0,0.7052018766845035,0.7052018766845035,0.2938142811901794,-0.7627830424039274,-0.8993717322717227,0.6566381791914849,0.9762624703773319,0.9855749835277001,0.9804039600917976,0.986418668116189,,0.713819139620434,0.16350888094044935,-0.1606784707736242,0.713819139620434,-0.6595487808491781,-0.47978848012795405,-0.276805433032669,0.8052027653630094,-0.8539112489021089,0.9125483510413563,-0.9096900558435678,0.8900947615692619,-0.9112395527139479,0.1284578036521949,-0.8964666796390615,0.7802377440238377,-0.6486340874402938,0.9603559495917168,0.9788548227043571,0.9821927801362726,0.9684026477961006,0.980924787443767,0.9637252567217398,0.9534851523094311,0.9643011831253768,0.9552161974043487,0.9506808623639434,0.9428226825343355,0.9467359054080161,0.938430634327475,-0.6221588687905948,0.9750042343547759,0.9747923683096124,0.9330027905004008,0.8828559130598418,0.9702102280940117,0.9559201311579033,0.9112987672346822,0.7589842515479064,0.4293518957131264,,0.050353834901392565,0.059393087917179364,0.05263751636828345,,-0.06332261332298503,0.2134034149978049,-0.15615190021049222,-0.015415419242601414,0.7718053476060713,0.9744255550272382,-0.21715884724138246,,0.1378425912503317,0.050699477987357286,0.8954049513613015,0.7757117303917188,0.21342290300432906,,,0.08813847284276995,,,-0.03155925428295386,0.9711676902926436,0.9086447663035502,0.1498896326728809,-0.13264623479142026,0.21342290300432906,,,,0.984743216576515,0.9487157788060708,0.9270957945408539,,-0.22009177517131803,-0.03160957250028092,0.14054591196999983,-0.20807881242306883,0.1498896326728809,0.02180212838878268,0.03145715689956352,0.22112891823407288,0.8830827148104831,-0.0001552024836347672,-0.01532439754339386,0.9266252129293483,-0.04784228766820857,-0.3954473182013545,-0.10211066211094429,-0.9486692286422956,-0.7018165309336183,-0.08309339080724011,0.38738396640965156,0.9913604479092835,0.945640122730568,1.0,0.12939479273056367,0.8587750210081234,0.8547624354311153,0.07651177638180078,,,,0.9299811093583497,0.18531809130465277,0.9875962966271158,0.942111569672892,0.9899631819178456,0.8587750210081234,0.7777113263296239,0.050699477987357286,0.8587750210081234,0.853003374667834,,-0.0675710081412492,0.9032647277569107,0.8547624354311153,-0.8618485144116373,0.9729543494149208,0.05425380507073146,0.8783825593110962,0.8779070672985759,,,,,,0.05425380507073146,0.05425380507073146,-0.1978073794099656,-0.2274334103868494,,,,,0.1378425912503317,-0.08175798145793504,,,,,,-0.28138210282983295,,-0.008175798145793505,0.1498896326728809,0.07651177638180078,,,,,,,,,0.1498896326728809,,,,,0.8835705421599609,,,-0.06332261332298503,,,,,,,0.018226986668457793,0.018226986668457793,,,-0.11641249254781585,,,,,,,,,,,,0.014356229736215968,0.011641249254781586,,,,,,,,,,,,,,,,
rdkit_NumAliphaticCarbocycles,-0.01376255538933389,0.13357788641793833,-0.21369781391095038,0.07259004687279298,-0.019147592962848705,0.0,0.09771705911110895,0.09771705911110895,-0.058604248567161135,0.03499503181666892,-0.22386477740280683,0.21040581673079345,0.14076915329768616,0.14046355190144458,0.13357116027244106,0.13692895038292438,,-0.09067881696771396,0.13140507144622443,-0.1443330051837533,-0.09067881696771396,-0.17580777992143753,-0.16325409545590402,-0.10423338418215544,0.08600420597319008,-0.3417854681925421,0.2245456083244283,-0.2246756540435351,0.1772102792431457,-0.26503317553968236,-0.008496320314978368,-0.10499024389223269,0.1446294676553654,-0.17437753175014414,0.10355509096255376,0.1287355713898217,0.122229927868926,0.122229927868926,0.11922724421089857,0.17175051679886402,0.17175051679886402,0.1904914290755048,0.1904914290755048,0.19981871608109086,0.1936149883739372,0.19359845115622878,0.19359845115622878,-0.1059470197917525,0.17633743550458433,0.11302194907806604,0.07533936661985445,0.07530605035016805,0.11914377877642839,0.15710539065136472,0.17361719244693866,0.10139150587058565,-0.09714277874367486,,-0.06539759714274056,-0.09314765727623339,-0.060135319343725326,,-0.03377752926484029,0.8165154740954059,0.43642591969392763,0.17048405004115752,0.09831229372454688,0.15425820692908593,-0.09178076693969382,,0.21454119922502637,0.40548047353037164,0.2066722771269452,0.023199612246556894,0.8163648342218085,,,0.18384456751774142,,,-0.05451115695608474,0.15553061080631483,0.07576102887898914,0.5852057359806528,0.30912791348416474,0.8163648342218085,,,,0.14474250118410684,0.13395558587825251,0.07548829308485125,,0.17934677347181552,0.40548047353037164,0.2402915886823444,0.3444577876976715,0.5852057359806528,-0.02372455686408052,0.32073641620991145,0.06688306600163783,0.10695779053192683,-0.03377752926484029,-0.058288743549498076,0.18353398634139395,-0.027395569867660705,0.22730937632675818,-0.20350376316492372,-0.16717483220936666,0.20935345658838594,0.010900572500247025,0.02802667719864775,0.14387690394040553,0.17459663121854685,0.12939479273056367,1.0,0.08866789112014717,0.21294452931724667,-0.04844118855113493,,,,0.07795967611884662,-0.02372455686408052,0.1382550625310216,0.18148126249080745,0.12778844476772536,0.08866789112014717,0.0779266510945762,0.8165154740954059,0.08866789112014717,0.18853661524577064,,-0.04842754890886789,0.07533936661985445,0.21294452931724667,0.026361151775005386,0.13143231348980908,-0.04844118855113493,0.1871359401093793,0.18525661890635234,,,,,,-0.04844118855113493,-0.04844118855113493,-0.0857177316047998,-0.0778460148425731,,,,,0.21454119922502637,-0.02372455686408052,,,,,,-0.029624144184867335,,-0.02372455686408052,0.5852057359806528,-0.04844118855113493,,,,,,,,,0.5852057359806528,,,,,0.10772226963731565,,,-0.03377752926484029,,,,,,,-0.07052150325721218,-0.07052150325721218,,,-0.03378061382986794,,,,,,,,,,,,-0.04165895275996969,-0.03378061382986794,,,,,,,,,,,,,,,,
rdkit_NumAliphaticHeterocycles,-0.3876363242253684,0.8676312439513246,0.16463805113044613,0.28950678931218543,0.19907977374258123,0.0,0.48220375044138664,0.48220375044138664,0.29818570537955363,-0.5209976247027726,-0.694552751221659,0.8708440926257939,0.8633296245276171,0.8732732402201201,0.8676553999484623,0.8644735170395565,,0.5357307168631327,0.35381033929293854,-0.3965690012153541,0.5357307168631327,-0.7044873039413236,-0.504038897123477,-0.2627644580243676,0.8263323908531418,-0.7633648166435324,0.9226497684110101,-0.9183694183289842,0.8921003008178221,-0.8964677730187638,-0.17116713813415457,-0.9368967730635929,0.6462884644407055,-0.8199939850103495,0.8564126113175446,0.8226706206802528,0.8579593778423549,0.8600905810550482,0.8844683904608884,0.9030424115921161,0.9035822665684079,0.9052790321939265,0.9032395074883244,0.9296942397580615,0.9209352832668826,0.9354486384747621,0.9270203626182978,-0.3438064225398036,0.8848839438981866,0.800868518218743,0.7401067173676048,0.6572031013573484,0.8437075697751154,0.8150938173376875,0.818689967814784,0.8071600910232518,0.40209330912213115,,-0.15693399229901417,-0.17393676341896103,-0.18574596001468344,,-0.005854911953394474,0.19181550995937308,-0.06363347556262908,-0.03839104038320778,0.7541459629942289,0.820751440079357,-0.4368598501314081,,-0.04423704604832867,0.02884484145846635,0.8935384075100025,0.7901809410193796,0.19137640916043963,,,-0.09495651703025461,,,-0.03562814516806557,0.8696366469230256,0.8004454867294505,0.158457715838833,-0.15234205016554522,0.19137640916043963,,,,0.8034635172378255,0.8802506954062772,0.8308028454736058,,-0.2678936263993108,0.02884484145846635,-0.016959748622676303,-0.046105554819341324,0.158457715838833,-0.12167288894767535,0.07727143417458182,0.14106739936644727,0.9581705541513218,0.09749234124230247,-0.35260742542268153,0.8210736555619003,-0.09859720348039742,-0.271904696578874,0.08074978235348894,-0.8599415300680314,-0.6046184027788178,0.05410147031402524,0.6395738582633975,0.8715304652409505,0.7912620183035561,0.8587750210081234,0.08866789112014717,1.0,0.9881135129933498,-0.10543988273649532,,,,0.9420691036024281,0.20939055307274362,0.8659494338284505,0.7803729207520227,0.8613388791378948,1.0,0.48265750130208157,0.02884484145846635,1.0,0.9891037767195376,,0.08359654099283834,0.691223811539279,0.9881135129933498,-0.6662820423326373,0.8394744881337561,-0.17332583463533477,0.7949179637184406,0.7920007729254663,,,,,,-0.17332583463533477,-0.17332583463533477,-0.49621818515381,-0.4902476603611953,,,,,-0.04423704604832867,-0.12167288894767535,,,,,,-0.4253136958438297,,0.11035448067347299,0.158457715838833,-0.10543988273649532,,,,,,,,,0.158457715838833,,,,,0.9922899591788763,,,-0.005854911953394474,,,,,,,-0.14298738959935697,-0.14298738959935697,,,0.036260793314609616,,,,,,,,,,,,-0.04140514951750679,-0.06849260959426261,,,,,,,,,,,,,,,,
rdkit_NumAliphaticRings,-0.39332719400911276,0.8617171229017677,0.13294178159454823,0.2867410056675054,0.19125884457884393,0.0,0.4688298320477829,0.4688298320477829,0.31563057466932465,-0.5046689507668034,-0.7111123395344595,0.902334259702388,0.8593889160266734,0.8688986734372477,0.8617413999857082,0.8587152756582526,,0.5099725019280645,0.382582257674557,-0.4259193400775913,0.5099725019280645,-0.7317031660634165,-0.5316396829934308,-0.2874778972149124,0.8240472881437194,-0.8021529654395951,0.9406019980320851,-0.9292153943960587,0.8983489320219384,-0.9196980006592432,-0.1792883828326455,-0.9366610804945821,0.638125156656418,-0.828374616292258,0.8409106385863703,0.8150813702367268,0.8482100621708851,0.8503357143394654,0.8750106334489565,0.9056111239099944,0.9061495727515873,0.9113271785659872,0.9092929661138309,0.9380133774736262,0.9277813202183522,0.9421663363338235,0.9338198446897917,-0.3350732191031971,0.8855815237234617,0.7889385939884289,0.7208336923141315,0.6383632904960954,0.8337397323601242,0.8186613369247712,0.8283122974613497,0.7905235320297679,0.3884005004062191,,-0.1643048179416599,-0.185428126571837,-0.19241574909302367,,-0.009857777956144597,0.24140841016514974,-0.039307899693488496,-0.03538851686102097,0.736251315176404,0.8234547862402047,-0.4535373644533609,,-0.03114481687676438,0.047145894572865464,0.9030210335947595,0.7684803655889835,0.2411089769527704,,,-0.08421421443273908,,,-0.042019898455896286,0.8726719913598148,0.7819327472088099,0.1862673079080786,-0.13837535777527607,0.2411089769527704,,,,0.803947528751759,0.8771350074660685,0.8135220461432039,,-0.2678883300799991,0.047145894572865464,-0.009651217277644376,-0.02756477492677923,0.1862673079080786,-0.1241782052720524,0.09149519218352803,0.15972283219083983,0.9476250726046497,0.09322029154180217,-0.36673005129787445,0.8305569782597843,-0.09195465227120846,-0.2498244605779513,0.06858885109587713,-0.8690712810901353,-0.5742652538116103,0.05525726788295213,0.6511065244860025,0.867309432922912,0.7981672701389169,0.8547624354311153,0.21294452931724667,0.9881135129933498,1.0,-0.11236834767562509,,,,0.921466054574539,0.20884516341208811,0.8639003148132037,0.7888560712195475,0.8569255554001621,0.9881135129933498,0.46383010329995034,0.15022396407081223,0.9881135129933498,0.9990567846883732,,0.07619693287130994,0.6721380241711418,1.0,-0.6654739112042051,0.8315893651032533,-0.178636860407404,0.8047895614930609,0.8018157340637354,,,,,,-0.178636860407404,-0.178636860407404,-0.5121511014853231,-0.505533300049168,,,,,-0.03114481687676438,-0.1241782052720524,,,,,,-0.4354387679432494,,0.10724481364404526,0.1862673079080786,-0.11236834767562509,,,,,,,,,0.1862673079080786,,,,,0.981869699503487,,,-0.009857777956144597,,,,,,,-0.15100407223936196,-0.15100407223936196,,,0.03214786359370272,,,,,,,,,,,,-0.046252979902924825,-0.07233269308583111,,,,,,,,,,,,,,,,
rdkit_NumAmideBonds,-0.10072341183629771,0.0799434123603727,-0.13803004769430607,0.2261999562869362,0.07143215323053066,0.0,0.2632744574549674,0.2632744574549674,0.030166435357569125,-0.010967036465417947,-0.03564642008989543,-0.23316072096093327,0.07960170146481839,0.07754515614935119,0.07993938691097009,0.08000559646512624,,0.2687498283638465,-0.24924589241467796,0.23244279854402553,0.2687498283638465,0.1550153276367894,0.13991337612888,0.12902161797029835,-0.19868337165079897,-0.15112137199174328,-0.00839500985563391,-0.036378376041080275,-0.03637864551352658,-0.053168395752348094,0.2938253449471868,0.09514344503051765,0.10448768101909342,0.24405998546342017,0.12068034878132794,0.07976286692118412,0.09055476896333305,0.0768343494234341,0.07973032730771225,0.09047933860933555,0.07677034791095137,0.0849987668634636,0.07403118404237152,0.04661753574817791,0.038390911792617104,0.049355527774492,0.03838763271349378,-0.31866829925063345,0.09459255750848033,0.0878915440770021,0.10159412982794666,0.18937554125780323,0.07684585382689882,0.04392225292605901,0.008303647889033252,-0.16235621472676143,0.5124400489239916,,0.11952074429201114,0.5479124812400876,0.15444757780255458,,-0.039283912144176425,-0.039283912144176425,-0.07607778890955964,0.68043756273435,0.030961620878977622,-0.021979950827007225,0.3525075636267831,,0.8881060715737716,-0.039283912144176425,0.0632697207127883,-0.08275892792082384,-0.03928749955226063,,,0.7928661204608967,,,-0.0633975174427362,0.035681739874249545,0.13852077310122282,-0.027592113093901978,0.5551775126346059,-0.03928749955226063,,,,0.07140219172163134,0.021942662921952658,0.11355898389097703,,0.09067105532956615,-0.039283912144176425,0.8750855395341303,-0.08745550416058213,-0.027592113093901978,0.48976000741676007,0.40598856776050785,-0.23449916205295623,-0.10235585466721756,-0.039283912144176425,0.40215499094464036,-0.013709478526365096,-0.01614606657933924,-0.2548675220444641,-0.8040345395933007,0.06855910412902898,0.17548257405709716,0.012677574166641892,-0.2995250327025586,0.0804004874873197,0.00832917920567934,0.07651177638180078,-0.04844118855113493,-0.10543988273649532,-0.11236834767562509,1.0,,,,-0.006937035336689406,-0.027592113093901978,0.018215350301850976,0.02089243158967847,0.06536602768854463,-0.10543988273649532,0.21026772224020343,-0.039283912144176425,-0.10543988273649532,-0.1109486559484927,,-0.05632216500435526,0.12356042816912431,-0.11236834767562509,-0.016450320568189916,0.09047933860933555,0.20774647887323944,-0.08952395231479651,-0.08804493815933627,,,,,,0.20774647887323944,0.20774647887323944,0.4248906093129121,0.438810388578619,,,,,0.8881060715737716,-0.027592113093901978,,,,,,0.16957555408902822,,-0.027592113093901978,-0.027592113093901978,1.0,,,,,,,,,-0.027592113093901978,,,,,-0.09891270768491925,,,-0.039283912144176425,,,,,,,0.11021149427657169,0.11021149427657169,,,-0.03928749955226063,,,,,,,,,,,,-0.048450158311150925,-0.03928749955226063,,,,,,,,,,,,,,,,
rdkit_NumAromaticCarbocycles,,,,,,,,,,,,,,,,,,,,,,,,,,,,,,,,,,,,,,,,,,,,,,,,,,,,,,,,,,,,,,,,,,,,,,,,,,,,,,,,,,,,,,,,,,,,,,,,,,,,,,,,,,,,,,,,,,,,,,,,,,,,,,,,,,,,,,,,,,,,,,,,,,,,,,,,,,,,,,,,,,,,,,,,,,,,,,,,,,,,,,,,,,,,,,,,,,,,,,,,,,,,,,,,,,,,,,,,,,,,,,,
rdkit_NumAromaticHeterocycles,,,,,,,,,,,,,,,,,,,,,,,,,,,,,,,,,,,,,,,,,,,,,,,,,,,,,,,,,,,,,,,,,,,,,,,,,,,,,,,,,,,,,,,,,,,,,,,,,,,,,,,,,,,,,,,,,,,,,,,,,,,,,,,,,,,,,,,,,,,,,,,,,,,,,,,,,,,,,,,,,,,,,,,,,,,,,,,,,,,,,,,,,,,,,,,,,,,,,,,,,,,,,,,,,,,,,,,,,,,,,,,
rdkit_NumAromaticRings,,,,,,,,,,,,,,,,,,,,,,,,,,,,,,,,,,,,,,,,,,,,,,,,,,,,,,,,,,,,,,,,,,,,,,,,,,,,,,,,,,,,,,,,,,,,,,,,,,,,,,,,,,,,,,,,,,,,,,,,,,,,,,,,,,,,,,,,,,,,,,,,,,,,,,,,,,,,,,,,,,,,,,,,,,,,,,,,,,,,,,,,,,,,,,,,,,,,,,,,,,,,,,,,,,,,,,,,,,,,,,,
rdkit_NumAtomStereoCenters,-0.4545759933513413,0.9415408992471417,0.14646060743348543,0.348409934220072,0.20938520395955199,0.0,0.5741590932038289,0.5741590932038289,0.20902577159936395,-0.5999725049073602,-0.7911523498673915,0.7880067180470335,0.9364492383965255,0.9416570798341563,0.9414065980963092,0.9424182166278802,,0.5803783987014425,0.2618885953528643,-0.300286613689644,0.5803783987014425,-0.686413292008324,-0.5100061062483601,-0.2776740496969899,0.8271335639230044,-0.8323938459733867,0.9170780801062631,-0.9438517832864219,0.9018754973710967,-0.9139432319467935,-0.04527530703042541,-0.9211578824956207,0.712128814922811,-0.7380820189223566,0.9235754900139473,0.9108399041650954,0.9303584696850333,0.9220113444427578,0.9499292445419392,0.947012874763587,0.9389463869225112,0.9599101987187105,0.9506334076029747,0.9603076567010932,0.9477883249878839,0.9609026862055756,0.9470159141062093,-0.4897527777505315,0.9389095511555323,0.9086326532104267,0.850557658069209,0.7941492121547244,0.921241024741746,0.903560169558312,0.850436721874747,0.8248146584075285,0.3972236933980609,,-0.08241449088613732,-0.13896887564883498,-0.08411140087923526,,-0.010164404622342818,0.2344004578644844,0.005995288961631951,-0.004461754871172236,0.7729228983100678,0.8943966110876058,-0.3030311711868393,,0.06248834961253317,0.07022210503050039,0.9540367610264597,0.7511043595233299,0.23413805961299725,,,0.018683221660562018,,,-0.051842072605062274,0.9195960392315466,0.86372477920334,0.17938707483561903,-0.05123456356727086,0.23413805961299725,,,,0.8919607359631394,0.9074909282042376,0.9000859096150262,,-0.19298680976881527,-0.004230868929097011,0.08068755187714503,-0.009750771620043865,0.17938707483561903,-0.008153957947073591,0.051156249684496974,0.14178595251087692,0.9216294234024287,0.04328901257941942,-0.1977350032666881,0.8858255143891615,-0.06633373800618245,-0.25978011516759075,-0.03299706855334706,-0.9306398503853922,-0.5946047679852455,0.037780842958918814,0.5047128198481294,0.9436250862541941,0.8664052278488051,0.9299811093583497,0.07795967611884662,0.9420691036024281,0.921466054574539,-0.006937035336689406,,,,1.0,0.18482304680033473,0.929534798772964,0.8556053981291393,0.9247303517472975,0.9420691036024281,0.6370083680344086,-0.011867071386491616,0.9420691036024281,0.920284883598679,,-0.03802274328216023,0.812763109599566,0.921466054574539,-0.7490889149088806,0.9186073140089415,-0.055496282693515246,0.8389316977323099,0.8381828731068834,,,,,,-0.055496282693515246,-0.055496282693515246,-0.3352835180127765,-0.34331124762588083,,,,,0.06248834961253317,-0.08425756545309378,,,,,,-0.2908120435857779,,0.0679496495589466,0.17938707483561903,-0.006937035336689406,,,,,,,,,0.17938707483561903,,,,,0.9536001004607725,,,-0.010164404622342818,,,,,,,-0.13734712909086447,-0.13734712909086447,,,-0.01161015171634697,,,,,,,,,,,,-0.05886239394241675,-0.06579085972596617,,,,,,,,,,,,,,,,
rdkit_NumBridgeheadAtoms,-0.09664711626707569,0.1836144733570022,-0.03550790963121164,0.19873922976698885,0.010403098021826141,0.0,0.15043151694175305,0.15043151694175305,0.19340919627657077,-0.10742431721285944,-0.14503727880782138,0.1934560315941862,0.1828296298749062,0.1844670789326517,0.18360522768246493,0.17835267173775227,,0.02467215370046278,0.15631492580759113,-0.161799660046454,0.02467215370046278,-0.1881211172006153,-0.19347946201576718,-0.19898010699915408,0.13427242813217372,-0.1726474894139247,0.16167376688891347,-0.19455656693411622,0.16167496448567856,-0.19455656693411622,-0.057544900079104795,-0.1835956335857153,0.19392209973803845,-0.1504208075568347,0.1773132255426011,0.17781156630782607,0.17740041727641995,0.17740041727641995,0.1831250584249985,0.17725264619348688,0.17725264619348688,0.17725895364546554,0.17725895364546554,0.1772791420175757,0.1772791420175757,0.17726400009188428,0.17726400009188428,-0.16145274683221714,0.1964261773754983,0.17756377352597003,0.18288964545439687,0.17743204024360373,0.17742697943241492,0.1828465848100335,0.18436135754459873,0.20116762354620332,-0.05533255102776735,,-0.03725048766148949,-0.053056928842379454,-0.03425309291324367,,-0.019239689103091196,-0.019239689103091196,-0.03725985846059663,-0.040090358589042696,0.17920811611563536,0.18300331496093636,-0.1198521073224021,,-0.031068488300060003,-0.019239689103091196,0.1778383136040349,0.18411151736979584,-0.019241446072101123,,,-0.03426301032683175,,,-0.031049568612958652,0.1828205022478407,0.1845300628230902,-0.013513513513513514,-0.05058674282893823,-0.019241446072101123,,,,0.18291967541590906,0.18269285884178302,0.18448449355622223,,-0.10657693615366506,-0.019239689103091196,-0.0310566594443866,-0.04283220836632319,-0.013513513513513514,-0.013513513513513514,-0.05049827656063646,0.1837572981540478,0.18937926008809106,-0.019239689103091196,-0.11335794609941532,0.18263043708926752,-0.00790769768764869,0.07361410636400317,0.03424208365865619,-0.18803404114163008,-0.18263173688989662,0.0062089688178810585,0.1139381609614838,0.1792329835154934,0.182208682839857,0.18531809130465277,-0.02372455686408052,0.20939055307274362,0.20884516341208811,-0.027592113093901978,,,,0.18482304680033473,1.0,0.18665790976229918,0.1828166904456294,0.1852705788916691,0.20939055307274362,0.04637542411829785,-0.019239689103091196,0.20939055307274362,0.2088845650626383,,-0.027584343950261013,0.17751053823514992,0.20884516341208811,-0.18261874013232152,0.17725264619348688,-0.027592113093901978,0.18360199086425322,0.18343489529631465,,,,,,-0.027592113093901978,-0.027592113093901978,-0.11677241281680198,-0.11502320575018311,,,,,-0.031068488300060003,-0.013513513513513514,,,,,,-0.0949157995752499,,-0.013513513513513514,-0.013513513513513514,-0.027592113093901978,,,,,,,,,-0.013513513513513514,,,,,0.19096563562653304,,,-0.019239689103091196,,,,,,,-0.040169065863669556,-0.040169065863669556,,,-0.019241446072101123,,,,,,,,,,,,-0.023728949893812475,-0.019241446072101123,,,,,,,,,,,,,,,,
rdkit_NumHAcceptors,-0.43665283166646607,0.9698585852176936,0.1851466428825634,0.4265850446617993,0.22961252779909852,0.0,0.6928393316382309,0.6928393316382309,0.3262839009873539,-0.7524267979886522,-0.9048992757131601,0.6773369424967812,0.9664557676307001,0.9774184873947662,0.9698097492154867,0.9741699586750445,,0.657966667847945,0.22368135381663495,-0.22823219347246151,0.657966667847945,-0.6696596944405393,-0.4807973155195494,-0.27634517395487923,0.814851654182708,-0.8449658552508689,0.910338891684722,-0.9127489600149673,0.888457808293933,-0.9071860978942125,0.11074188189164773,-0.8984704419829481,0.7933192446773316,-0.6353181914066759,0.9538818321727717,0.9783797360931438,0.9688231081488692,0.9588061219085033,0.9764197538836727,0.9671432507100209,0.9597531485566457,0.9590017109268824,0.9519604969085478,0.9553862308701839,0.9493626882961669,0.9513474700121416,0.9448152487307089,-0.5841685421191394,0.9719251907335843,0.9596744497386098,0.931677232467886,0.8662597102952678,0.9597505803198214,0.9430226262430115,0.9324336320647624,0.7453802211989397,0.4058557092665657,,-0.014830549379146657,0.037593549176341966,-0.02600653398214742,,-0.042259742452883074,0.21494628559573695,-0.18359043544648077,-0.046797769372246195,0.8015787900098812,0.9661347828521952,-0.24640520832470994,,0.08582785046634199,0.06070604187128086,0.8877136333573834,0.817222222588932,0.21496591449725228,,,0.04689336579359557,,,-0.02225119564770527,0.9765871271067978,0.8983760854905428,0.1509733093665655,-0.19078308304964164,0.21496591449725228,,,,0.9660137842077114,0.9666059583408925,0.9207267568598108,,-0.2540759169185934,-0.031838104363392794,0.08927744747539254,-0.22279491931559225,0.1509733093665655,0.008234907783630846,-0.02011629343300713,0.25116874505507103,0.8896256518658542,0.019436355036899364,-0.05586141985931181,0.9425043210574787,-0.04015681609714766,-0.36369323835842443,-0.06040479718357716,-0.9494022079405443,-0.744439105100847,-0.06640710601506496,0.4209044889249676,0.9817437347502476,0.933554972518323,0.9875962966271158,0.1382550625310216,0.8659494338284505,0.8639003148132037,0.018215350301850976,,,,0.929534798772964,0.18665790976229918,1.0,0.9507999566208677,0.98015581568307,0.8659494338284505,0.7805634199178555,0.06070604187128086,0.8659494338284505,0.8621290944247197,,-0.06245639006063325,0.8986064858384024,0.8639003148132037,-0.8616351986341454,0.9631427032844734,-0.028023615849001503,0.910895038658792,0.9101031114167852,,,,,,-0.028023615849001503,-0.028023615849001503,-0.23619159225439618,-0.24565414394716406,,,,,0.08582785046634199,-0.06862423153025704,,,,,,-0.29884047221613363,,0.008234907783630846,0.1509733093665655,0.018215350301850976,,,,,,,,,0.1509733093665655,,,,,0.8936779240223328,,,-0.042259742452883074,,,,,,,0.03671752939875229,0.03671752939875229,,,-0.09771177931693285,,,,,,,,,,,,0.008033346027315421,-0.0039084711726773145,,,,,,,,,,,,,,,,
rdkit_NumHDonors,-0.42140121267473635,0.9139973913818622,0.14834186621721118,0.4638963603433053,0.26834066344932234,0.0,0.5863179511747447,0.5863179511747447,0.4074704204227714,-0.6880318459328033,-0.9619522164297053,0.6149090080690336,0.9123128145782722,0.9089516502062549,0.9139513681994075,0.925024632529107,,0.57448689813817,0.15871532198377722,-0.1643646263114234,0.57448689813817,-0.7615200853861384,-0.6071773610947307,-0.4221456020072727,0.7658767813465227,-0.8252715220560833,0.8489190051676212,-0.8682772787848845,0.8381472013167388,-0.8682020133353616,0.02607195171469669,-0.8205740368773361,0.7402689072618126,-0.584526175488782,0.8679260003153977,0.9201655480186227,0.9170537237350737,0.8810020094205723,0.910074886083173,0.9138025899529093,0.8830879947342111,0.9053463553218808,0.8762358655325198,0.8986808327019843,0.8676000739032563,0.891170781300287,0.8594708258841238,-0.5783537737617953,0.8970643021432996,0.9227003245904383,0.9090063288521505,0.8443047686713763,0.8842460370851964,0.9619423739535342,0.9248976034199451,0.6786838089247605,0.37970809401531946,,-0.07053022261844044,0.028524296335666152,-0.0023669046304616572,,-0.10100529874993532,0.2193627898492185,-0.17912849209583356,-0.11653990232728262,0.8509486551536233,0.953478334575874,-0.34104571094813163,,0.09284416127735978,0.05645937212175872,0.8423932518380595,0.8085188119087023,0.21951232786419023,,,0.052209970108226006,,,-0.13981673599585778,0.9478500054617894,0.7816948580387229,0.14734479528453712,-0.1857417418858588,0.21951232786419023,,,,0.95367986093062,0.9435861450806801,0.8361432566193969,,-0.341286327068252,-0.03553314612433622,0.08989913058919728,-0.2877724440542566,0.14734479528453712,0.021828858560672168,-0.06784043098947615,0.35135032366757135,0.7919797105755794,-0.1642501550441256,-0.0683004471399995,0.9647676183842178,-0.03374355387463571,-0.3385444353255116,-0.0662827579453426,-0.9160306224232339,-0.79272780720677,-0.07199558199078855,0.4302667223220656,0.9184481746801593,0.9786923828448867,0.942111569672892,0.18148126249080745,0.7803729207520227,0.7888560712195475,0.02089243158967847,,,,0.8556053981291393,0.1828166904456294,0.9507999566208677,1.0,0.9109083570670458,0.7803729207520227,0.7823663553313615,0.10628865283839348,0.7803729207520227,0.7862538742741179,,-0.018417294659688537,0.880520683886448,0.7888560712195475,-0.902555369886903,0.9088425588041271,-0.0027856575452904625,0.9562379889964272,0.9555741042596854,,,,,,-0.0027856575452904625,-0.0027856575452904625,-0.248447063846824,-0.2667141783614795,,,,,0.09284416127735978,-0.07094379032218454,,,,,,-0.3162242814709514,,-0.07094379032218454,0.14734479528453712,0.02089243158967847,,,,,,,,,0.14734479528453712,,,,,0.8143097580088229,,,-0.10100529874993532,,,,,,,0.02636014852114929,0.02636014852114929,,,-0.22922526272543756,,,,,,,,,,,,-0.09422844750902085,0.0,,,,,,,,,,,,,,,,
rdkit_NumHeteroatoms,-0.4142175177489829,0.9837297442934051,0.1756643162021304,0.4454706812862288,0.22661002829284843,0.0,0.7199476196216671,0.7199476196216671,0.26711418840427315,-0.7720234401517556,-0.8619422792952476,0.6602113437348684,0.9795248803530145,0.9895082085040615,0.9836802098265296,0.9837830223168638,,0.7102175412325562,0.14532633217007493,-0.14276750498530924,0.7102175412325562,-0.64056709804133,-0.45791437514885996,-0.262928101120491,0.8337453437721942,-0.8487520124354924,0.9159339319438855,-0.9127604469993025,0.8948692222058307,-0.9127153263602801,0.14912371196938579,-0.8951784379935322,0.779885655822329,-0.6666065458123488,0.961308603918357,0.9729113140058967,0.9766662164302491,0.9830826199650882,0.9769449671309167,0.9591535971014011,0.964784932530327,0.9612093050907355,0.9670718782749474,0.9473827509056723,0.9565386492322988,0.9443849023997798,0.9525869624241389,-0.5772804497389205,0.9729945025657052,0.9738192147622672,0.9364943495529829,0.8833378066229756,0.9841548423580601,0.9303465162702457,0.8864742460075693,0.728220590442838,0.4359248147740571,,0.08287154837034452,0.038071170743797,0.039809481038395295,,0.026015611417752677,0.21334870198455227,-0.15715642703376895,-0.026054001014119896,0.7566656722675206,0.9579556241118102,-0.17083037786245717,,0.12778490524063385,0.09087361682105657,0.8806811100742873,0.7628956790832746,0.21336818499468233,,,0.10481797889055301,,,0.07228388142959029,0.9619855939875265,0.9135912662143979,0.14985120351532058,-0.14083957883637957,0.21336818499468233,,,,0.9752780024851243,0.9372128452990085,0.9182958696639022,,-0.17785553903211396,-0.03160146834243914,0.1306249291261636,-0.21100639525107637,0.14985120351532058,0.005449134673284384,0.05306751428797061,0.2319907166948919,0.8995741498350348,0.1216992717017337,-0.03822117906841945,0.9004753572759694,-0.014349006515320535,-0.39389185351355505,-0.11540118404673055,-0.9319545599401796,-0.6772764213462035,-0.1280381715755413,0.4012975568719167,0.9892081962658757,0.9174632793449176,0.9899631819178456,0.12778844476772536,0.8613388791378948,0.8569255554001621,0.06536602768854463,,,,0.9247303517472975,0.1852705788916691,0.98015581568307,0.9109083570670458,1.0,0.8613388791378948,0.7696871677021017,0.04877280629610492,0.8613388791378948,0.8552205129516823,,-0.07166919392424581,0.9127504877497002,0.8569255554001621,-0.8236387772958963,0.975592764757381,0.04172299639694338,0.8479761537202246,0.8475650512042615,,,,,,0.04172299639694338,0.04172299639694338,-0.21721117507791615,-0.24602534295541734,,,,,0.12778490524063385,-0.02452110602977973,,,,,,-0.2857751987148233,,0.05994048140612823,0.14985120351532058,0.06536602768854463,,,,,,,,,0.14985120351532058,,,,,0.8806866093956262,,,0.026015611417752677,,,,,,,-0.0030370522630774268,-0.0030370522630774268,,,-0.12026206790609367,,,,,,,,,,,,0.07176274521298577,0.007758843090715721,,,,,,,,,,,,,,,,
rdkit_NumHeterocycles,-0.3876363242253684,0.8676312439513246,0.16463805113044613,0.28950678931218543,0.19907977374258123,0.0,0.48220375044138664,0.48220375044138664,0.29818570537955363,-0.5209976247027726,-0.694552751221659,0.8708440926257939,0.8633296245276171,0.8732732402201201,0.8676553999484623,0.8644735170395565,,0.5357307168631327,0.35381033929293854,-0.3965690012153541,0.5357307168631327,-0.7044873039413236,-0.504038897123477,-0.2627644580243676,0.8263323908531418,-0.7633648166435324,0.9226497684110101,-0.9183694183289842,0.8921003008178221,-0.8964677730187638,-0.17116713813415457,-0.9368967730635929,0.6462884644407055,-0.8199939850103495,0.8564126113175446,0.8226706206802528,0.8579593778423549,0.8600905810550482,0.8844683904608884,0.9030424115921161,0.9035822665684079,0.9052790321939265,0.9032395074883244,0.9296942397580615,0.9209352832668826,0.9354486384747621,0.9270203626182978,-0.3438064225398036,0.8848839438981866,0.800868518218743,0.7401067173676048,0.6572031013573484,0.8437075697751154,0.8150938173376875,0.818689967814784,0.8071600910232518,0.40209330912213115,,-0.15693399229901417,-0.17393676341896103,-0.18574596001468344,,-0.005854911953394474,0.19181550995937308,-0.06363347556262908,-0.03839104038320778,0.7541459629942289,0.820751440079357,-0.4368598501314081,,-0.04423704604832867,0.02884484145846635,0.8935384075100025,0.7901809410193796,0.19137640916043963,,,-0.09495651703025461,,,-0.03562814516806557,0.8696366469230256,0.8004454867294505,0.158457715838833,-0.15234205016554522,0.19137640916043963,,,,0.8034635172378255,0.8802506954062772,0.8308028454736058,,-0.2678936263993108,0.02884484145846635,-0.016959748622676303,-0.046105554819341324,0.158457715838833,-0.12167288894767535,0.07727143417458182,0.14106739936644727,0.9581705541513218,0.09749234124230247,-0.35260742542268153,0.8210736555619003,-0.09859720348039742,-0.271904696578874,0.08074978235348894,-0.8599415300680314,-0.6046184027788178,0.05410147031402524,0.6395738582633975,0.8715304652409505,0.7912620183035561,0.8587750210081234,0.08866789112014717,1.0,0.9881135129933498,-0.10543988273649532,,,,0.9420691036024281,0.20939055307274362,0.8659494338284505,0.7803729207520227,0.8613388791378948,1.0,0.48265750130208157,0.02884484145846635,1.0,0.9891037767195376,,0.08359654099283834,0.691223811539279,0.9881135129933498,-0.6662820423326373,0.8394744881337561,-0.17332583463533477,0.7949179637184406,0.7920007729254663,,,,,,-0.17332583463533477,-0.17332583463533477,-0.49621818515381,-0.4902476603611953,,,,,-0.04423704604832867,-0.12167288894767535,,,,,,-0.4253136958438297,,0.11035448067347299,0.158457715838833,-0.10543988273649532,,,,,,,,,0.158457715838833,,,,,0.9922899591788763,,,-0.005854911953394474,,,,,,,-0.14298738959935697,-0.14298738959935697,,,0.036260793314609616,,,,,,,,,,,,-0.04140514951750679,-0.06849260959426261,,,,,,,,,,,,,,,,
rdkit_NumRotatableBonds,-0.3082262291507931,0.7651255031509575,0.14757183159325143,0.39028573976652936,0.22545924931563863,0.0,0.7589714412790125,0.7589714412790125,0.18705411604282265,-0.7403206268519239,-0.8126004878902009,0.18712110847515365,0.7583958487025365,0.7627859196103215,0.765486689201482,0.7694737976191794,,0.5464756999448291,-0.05517282968093316,0.021080220425084405,0.5464756999448291,-0.3603371781850299,-0.2491657953667628,-0.15133570439231694,0.4668516699261989,-0.5245362041834359,0.5620828405163778,-0.5585935110986372,0.5511376479631325,-0.54472643470572,0.3867590774879229,-0.5486068096616556,0.6439819250468687,-0.26576930517966657,0.7630007120521589,0.8368475779518196,0.7802616832500026,0.7697569084323947,0.7258795371643096,0.6841499635465571,0.6759960271229009,0.6767718902475022,0.6711044136190676,0.6474094369579576,0.6499976865942526,0.6412816705783194,0.6364236951687889,-0.7827966405343574,0.6890371956774152,0.8427344527710103,0.8830791387277845,0.8741646390258724,0.7946619349033053,0.7547244023926739,0.731210585372625,0.41688138822483,0.4495215025577833,,0.03429000102302802,0.21903401194842884,0.054195525441010244,,-0.023303437733803598,0.2311701023193317,-0.1103888561516405,0.051147888747318994,0.7046840685461251,0.7857658240843881,0.0982680096596043,,0.2621604035096974,0.10854223442233854,0.6161115079252543,0.6698919312322852,0.23111352756094883,,,0.23034003282673157,,,-0.06689167638361107,0.726886676296703,0.7801233855610874,0.1664059336009511,0.013093950933233102,0.23111352756094883,,,,0.8132386926362958,0.7062252734037976,0.7486111197320648,,-0.026805637908148248,0.04148011916617041,0.26737703441599847,-0.23578729426347136,0.1664059336009511,0.14458220460410506,-0.06784714263549618,0.29965480536449185,0.5508103340672269,-0.023303437733803598,0.2925428063069199,0.7243382119504349,-0.014239200488762309,-0.4547467652738938,-0.2415050157402652,-0.6852311223456606,-0.6583717347233273,-0.0986009092435787,-0.03048351330524904,0.7667371314458286,0.7495186534081683,0.7777113263296239,0.0779266510945762,0.48265750130208157,0.46383010329995034,0.21026772224020343,,,,0.6370083680344086,0.04637542411829785,0.7805634199178555,0.7823663553313615,0.7696871677021017,0.48265750130208157,1.0,-0.017917754346435655,0.48265750130208157,0.4582193113605421,,-0.1349046799920243,0.8784750174988659,0.46383010329995034,-0.7269518939111543,0.8041747511160494,0.11000761627136471,0.7267055153743783,0.7276727221731777,,,,,,0.11000761627136471,0.11000761627136471,0.20027601694211786,0.18615662551385642,,,,,0.2621604035096974,-0.016367796747634535,,,,,,0.034489087846029325,,-0.016367796747634535,0.1664059336009511,0.21026772224020343,,,,,,,,,0.1664059336009511,,,,,0.544970423809787,,,-0.023303437733803598,,,,,,,0.18954574715161274,0.18954574715161274,,,-0.24470844094688698,,,,,,,,,,,,-0.06706211525616813,-0.06991669741339629,,,,,,,,,,,,,,,,
rdkit_NumSaturatedCarbocycles,0.07322107681743817,0.05838351375009876,-0.18800874899220013,-0.0008667010251490592,-0.031438126710739075,0.0,0.03018846430504211,0.03018846430504211,0.054358859309566035,0.11011966159050542,-0.14633098167249733,0.21718205677053762,0.06757626102778178,0.06627611016489923,0.05838057392211784,0.062327609181547144,,-0.13128864224567793,0.1880883601675302,-0.19600342652329666,-0.13128864224567793,-0.1866172204707471,-0.18649924071660867,-0.18651552611083194,0.03638124535844802,-0.2809979464392876,0.1923446376259137,-0.1501110699893027,0.13856509101739334,-0.1879683753115083,-0.07360556856517969,-0.044078979455938555,0.07188671455454965,-0.12003139505934171,0.01101588648718425,0.052677093331908856,0.04122783872795665,0.04122783872795665,0.04120428777116032,0.10155624444680332,0.10155624444680332,0.12052585590817852,0.12052585590817852,0.13185928985338144,0.12431281850833098,0.12430220058995141,0.12430220058995141,-0.010318440483194857,0.10225051790561875,0.029927921267673328,-0.01572531769164741,-0.015718363705323594,0.041234011770277745,0.08396771769357377,0.10334588755748597,0.007121540663731418,-0.0787789998500828,,-0.05303489731437384,-0.07553911236122375,-0.04876739552678773,,-0.02739225712198685,0.5,0.2579660072938965,0.23211771488498595,-0.0022505117235509524,0.08414186801008917,-0.17063787895926688,,-0.04423335612891737,0.5,0.13606033589102148,-0.050025710791038354,0.49310565450773297,,,-0.0487815153153942,,,-0.0442064194704833,0.08206737374282629,-0.016072421644293254,0.7118684968143743,0.18949845579743982,0.49310565450773297,,,,0.06888615829543297,0.05956950731655978,-0.016274458399938657,,0.07890351386818273,0.5,0.30975142605958406,0.16903251406722192,0.7118684968143743,-0.019239689103091196,0.18916706025196983,0.1940620127850147,0.038487826691175626,-0.02739225712198685,-0.1613919013835113,0.1199140495330101,-0.4276721927390776,0.22255565467160654,0.04875172124375927,-0.09657993765782925,0.24523413405884992,0.008839938598304621,0.08208229522192705,0.07026488837902899,0.09829461281119899,0.050699477987357286,0.8165154740954059,0.02884484145846635,0.15022396407081223,-0.039283912144176425,,,,-0.011867071386491616,-0.019239689103091196,0.06070604187128086,0.10628865283839348,0.04877280629610492,0.02884484145846635,-0.017917754346435655,1.0,0.02884484145846635,0.15025230598709066,,-0.039272850926965974,-0.01572531769164741,0.15022396407081223,0.1358123163399764,0.04873884020639757,-0.039283912144176425,0.11839772223441021,0.11434004019556507,,,,,,-0.039283912144176425,-0.039283912144176425,-0.1662532039625688,-0.16376279315230668,,,,,-0.04423335612891737,-0.019239689103091196,,,,,,-0.13513513513513514,,-0.019239689103091196,0.7118684968143743,-0.039283912144176425,,,,,,,,,0.7118684968143743,,,,,0.03673110877016464,,,-0.02739225712198685,,,,,,,-0.057190185069616074,-0.057190185069616074,,,-0.027394758583762942,,,,,,,,,,,,-0.033783783783783786,-0.027394758583762942,,,,,,,,,,,,,,,,
rdkit_NumSaturatedHeterocycles,-0.3876363242253684,0.8676312439513246,0.16463805113044613,0.28950678931218543,0.19907977374258123,0.0,0.48220375044138664,0.48220375044138664,0.29818570537955363,-0.5209976247027726,-0.694552751221659,0.8708440926257939,0.8633296245276171,0.8732732402201201,0.8676553999484623,0.8644735170395565,,0.5357307168631327,0.35381033929293854,-0.3965690012153541,0.5357307168631327,-0.7044873039413236,-0.504038897123477,-0.2627644580243676,0.8263323908531418,-0.7633648166435324,0.9226497684110101,-0.9183694183289842,0.8921003008178221,-0.8964677730187638,-0.17116713813415457,-0.9368967730635929,0.6462884644407055,-0.8199939850103495,0.8564126113175446,0.8226706206802528,0.8579593778423549,0.8600905810550482,0.8844683904608884,0.9030424115921161,0.9035822665684079,0.9052790321939265,0.9032395074883244,0.9296942397580615,0.9209352832668826,0.9354486384747621,0.9270203626182978,-0.3438064225398036,0.8848839438981866,0.800868518218743,0.7401067173676048,0.6572031013573484,0.8437075697751154,0.8150938173376875,0.818689967814784,0.8071600910232518,0.40209330912213115,,-0.15693399229901417,-0.17393676341896103,-0.18574596001468344,,-0.005854911953394474,0.19181550995937308,-0.06363347556262908,-0.03839104038320778,0.7541459629942289,0.820751440079357,-0.4368598501314081,,-0.04423704604832867,0.02884484145846635,0.8935384075100025,0.7901809410193796,0.19137640916043963,,,-0.09495651703025461,,,-0.03562814516806557,0.8696366469230256,0.8004454867294505,0.158457715838833,-0.15234205016554522,0.19137640916043963,,,,0.8034635172378255,0.8802506954062772,0.8308028454736058,,-0.2678936263993108,0.02884484145846635,-0.016959748622676303,-0.046105554819341324,0.158457715838833,-0.12167288894767535,0.07727143417458182,0.14106739936644727,0.9581705541513218,0.09749234124230247,-0.35260742542268153,0.8210736555619003,-0.09859720348039742,-0.271904696578874,0.08074978235348894,-0.8599415300680314,-0.6046184027788178,0.05410147031402524,0.6395738582633975,0.8715304652409505,0.7912620183035561,0.8587750210081234,0.08866789112014717,1.0,0.9881135129933498,-0.10543988273649532,,,,0.9420691036024281,0.20939055307274362,0.8659494338284505,0.7803729207520227,0.8613388791378948,1.0,0.48265750130208157,0.02884484145846635,1.0,0.9891037767195376,,0.08359654099283834,0.691223811539279,0.9881135129933498,-0.6662820423326373,0.8394744881337561,-0.17332583463533477,0.7949179637184406,0.7920007729254663,,,,,,-0.17332583463533477,-0.17332583463533477,-0.49621818515381,-0.4902476603611953,,,,,-0.04423704604832867,-0.12167288894767535,,,,,,-0.4253136958438297,,0.11035448067347299,0.158457715838833,-0.10543988273649532,,,,,,,,,0.158457715838833,,,,,0.9922899591788763,,,-0.005854911953394474,,,,,,,-0.14298738959935697,-0.14298738959935697,,,0.036260793314609616,,,,,,,,,,,,-0.04140514951750679,-0.06849260959426261,,,,,,,,,,,,,,,,
rdkit_NumSaturatedRings,-0.38896843257241426,0.8602026407766425,0.13871793274234845,0.28414721171136514,0.19166598186627012,0.0,0.4644592354811164,0.4644592354811164,0.3246155736012845,-0.5029091832121002,-0.7067133145514995,0.9051386300331343,0.8579036279576207,0.8674608678113802,0.8602194868284564,0.857093554672756,,0.5119275120008052,0.38569010339467996,-0.429035705538767,0.5119275120008052,-0.7350222846115376,-0.5348160053932609,-0.29389777228771263,0.8250194457736485,-0.7986179737648093,0.941145248899534,-0.9272636369148716,0.8987592394973838,-0.9169186421249548,-0.18515047904122073,-0.937001019058995,0.6370753363101962,-0.8276780566555281,0.8388694560104056,0.812879062886284,0.8462140916111179,0.8483850614315962,0.8739156509956681,0.904435604433451,0.9049143159247651,0.9099582061316895,0.907803927764522,0.9366343023081469,0.9262207709842628,0.9408031382825539,0.9322605829520404,-0.3280466938264559,0.8845055955984455,0.7865847778678947,0.7183479255464242,0.6350095560331104,0.8317856322889692,0.8167937629276236,0.8263844868323691,0.7885678494532116,0.39387857288785577,,-0.1643358164139945,-0.18459922227481892,-0.19245205109773494,,-0.007823408228999728,0.2117142870738214,-0.05688267960904439,-0.034390282560797805,0.7332956913570183,0.8213765120282583,-0.4599334046929494,,-0.049321930259408925,0.04715478932547781,0.901120137015387,0.7679518562044719,0.21101015743222026,,,-0.1007071393564758,,,-0.04066148938165619,0.8711593399093196,0.7793594125461619,0.18630244992073144,-0.15056501339852937,0.21101015743222026,,,,0.8016268517168609,0.8758937459326208,0.811778954929006,,-0.2782784619270862,0.04715478932547781,-0.008372886110304425,-0.04407219628263476,0.18630244992073144,-0.12420163328048764,0.07854975245645193,0.1663911512706822,0.9473384627418218,0.09527410843261312,-0.37544986783942447,0.8291129262971535,-0.11608822232698966,-0.25481892810137735,0.0864357139660143,-0.8673948167549231,-0.5781286508307296,0.055267692963063685,0.6582027426140197,0.8657864173195005,0.7956517216360314,0.853003374667834,0.18853661524577064,0.9891037767195376,0.9990567846883732,-0.1109486559484927,,,,0.920284883598679,0.2088845650626383,0.8621290944247197,0.7862538742741179,0.8552205129516823,0.9891037767195376,0.4582193113605421,0.15025230598709066,0.9891037767195376,1.0,,0.07905386740743409,0.6693584217708125,0.9990567846883732,-0.6628020718025756,0.829262940563027,-0.17867056282614407,0.8026441154061733,0.7994964376652778,,,,,,-0.17867056282614407,-0.17867056282614407,-0.5194110386706827,-0.5130895591724056,,,,,-0.049321930259408925,-0.12420163328048764,,,,,,-0.44411237946540916,,0.11008781131679586,0.18630244992073144,-0.1109486559484927,,,,,,,,,0.18630244992073144,,,,,0.9818202976479254,,,-0.007823408228999728,,,,,,,-0.15103256133429152,-0.15103256133429152,,,0.032153928751576424,,,,,,,,,,,,-0.046261706194313454,-0.07234633969104695,,,,,,,,,,,,,,,,
rdkit_NumSpiroAtoms,,,,,,,,,,,,,,,,,,,,,,,,,,,,,,,,,,,,,,,,,,,,,,,,,,,,,,,,,,,,,,,,,,,,,,,,,,,,,,,,,,,,,,,,,,,,,,,,,,,,,,,,,,,,,,,,,,,,,,,,,,,,,,,,,,,,,,,,,,,,,,,,,,,,,,,,,,,,,,,,,,,,,,,,,,,,,,,,,,,,,,,,,,,,,,,,,,,,,,,,,,,,,,,,,,,,,,,,,,,,,,,
rdkit_NumUnspecifiedAtomStereoCenters,0.04394962227142399,-0.07911250726336147,0.06463748584897268,-0.027191172700700757,0.04995760265575904,0.0,-0.1986065800498184,-0.1986065800498184,0.08075017268122156,0.08694411132030824,0.018348168522015755,0.13093544224644063,-0.08960444878943973,-0.08121490841493068,-0.08318704020004425,-0.07781341352537646,,-0.06741383857480052,0.09963544885270288,-0.11927121796398171,-0.06741383857480052,-0.14526194976347065,-0.11785982727590515,-0.03443266869194444,0.012154209155170079,0.0831947759663381,0.004517627481421757,0.008676113029174003,0.002362793381642706,0.016955279710608017,-0.274365535116472,0.02323081244630686,-0.02664601938184477,-0.10786789867058703,-0.07553193869105604,-0.09550517831389702,-0.07063112039534457,-0.07604458793470811,-0.08974923775174193,-0.051787120318469416,-0.05719607854509854,-0.0436752370859765,-0.049084387787838024,-0.005811844019953804,-0.01392649416102138,-0.00040204291665721007,-0.008515999961920904,0.1943695468073897,-0.048754248965366384,-0.10049764832744723,-0.08139881983483635,-0.11322749110286945,-0.0950059474288205,-0.0656452791002639,-0.07223984279924577,0.00636294153442318,0.0203842617595007,,-0.07603723953374153,-0.1083020024858212,-0.06991883312465794,,-0.039272850926965974,-0.039272850926965974,-0.07605636759732039,-0.08183410179029964,0.09259607824529095,-0.0835369181811238,-0.24464708961431045,,-0.06341828617898013,-0.039272850926965974,-0.030470918090404753,0.062486431652322864,-0.039276437324939475,,,-0.06993907696037374,,,-0.06337966652940394,-0.03201305775312381,-0.08836983326927007,-0.027584343950261013,-0.10325975640024557,-0.039276437324939475,,,,-0.07522573775707862,-0.023910768105677646,-0.08668663968314336,,-0.0744501911787994,-0.039272850926965974,-0.06339414062844607,-0.08743087921171708,-0.027584343950261013,-0.027584343950261013,0.04735915446912985,-0.02802165458711572,0.021905565101077766,-0.039272850926965974,-0.23139093852790515,-0.017287353256625008,-0.0161415203124381,0.022953395698039315,0.06989636057783485,0.07402298385061494,-0.02562055154568244,0.012674004527216872,0.2325752971556111,-0.07993438503313673,-0.029606520707281127,-0.0675710081412492,-0.04842754890886789,0.08359654099283834,0.07619693287130994,-0.05632216500435526,,,,-0.03802274328216023,-0.027584343950261013,-0.06245639006063325,-0.018417294659688537,-0.07166919392424581,0.08359654099283834,-0.1349046799920243,-0.039272850926965974,0.08359654099283834,0.07905386740743409,,1.0,-0.09193967420193747,0.07619693287130994,0.03950619869186528,-0.09491259807132327,-0.05632216500435526,0.007085317308585922,-0.013598879891487775,,,,,,-0.05632216500435526,-0.05632216500435526,-0.23836068952899947,-0.23479013555592715,,,,,-0.06341828617898013,-0.027584343950261013,,,,,,-0.19374606457303215,,-0.027584343950261013,-0.027584343950261013,-0.05632216500435526,,,,,,,,,-0.027584343950261013,,,,,0.056101630787154695,,,-0.039272850926965974,,,,,,,-0.08199476234186706,-0.08199476234186706,,,-0.039276437324939475,,,,,,,,,,,,-0.048436516143258036,-0.039276437324939475,,,,,,,,,,,,,,,,
rdkit_Phi,-0.34805444928817897,0.9090771752306525,0.14544313367277564,0.5200093816089588,0.25796879304445103,0.0,0.7206184380280233,0.7206184380280233,0.20779440250205886,-0.6996714972024657,-0.8450493294276068,0.41598891010819866,0.9044065671617515,0.9032345000840323,0.9089167570022452,0.9104870710097505,,0.572010078273787,-0.015808433459730726,-0.023100064111424276,0.572010078273787,-0.570810331111558,-0.4358564602270371,-0.3151638057163851,0.6954653450498723,-0.7121178044902116,0.7230162473586597,-0.7633338556025123,0.7118774190385031,-0.7508097255481098,0.21777740838674348,-0.7162348167486337,0.7289303428219537,-0.5610913423779408,0.870746121916792,0.9109705440649823,0.9057970174199901,0.9046557659609209,0.8742306954307735,0.8472363815571003,0.8437014490185333,0.8398471838574602,0.8371958901118519,0.8125786531357649,0.8163564642232478,0.8078836069636359,0.8071851279739365,-0.6496241175277013,0.8398893274176026,0.9548077077731416,0.9875811862108343,0.9564963981053048,0.920321697720011,0.8874364288474773,0.8259711596913805,0.5842053444259832,0.4084337027452767,,0.004744865012937192,0.08027583424695153,-0.008029251720596818,,0.1026230148058808,0.22607696993056728,-0.12229576101790889,-0.014176134340204356,0.807660134454088,0.8887113118546762,-0.0666391912752095,,0.18055723637430046,0.19962984472188755,0.7776305312815568,0.7404469956015325,0.2259444326203405,,,0.21464009233238096,,,0.04004446553322947,0.8728980454674512,0.8538109518834606,0.16675232379665597,-0.05083284950002443,0.2259444326203405,,,,0.9303789913172537,0.8481977808660653,0.8628154500167625,,-0.06624330465947666,0.04094709346980916,0.19051013606421197,-0.24882208990900914,0.16675232379665597,0.09682392994644541,-0.08516139620473409,0.27430927524112736,0.7404030462794364,0.053506925132618455,0.05911057511079689,0.8368609148267886,0.05691023836806379,-0.3598672573131831,-0.21805284853713494,-0.8169589704771758,-0.6938456605118433,-0.12350931648592534,0.220523996403795,0.903133552912073,0.8903948789516997,0.9032647277569107,0.07533936661985445,0.691223811539279,0.6721380241711418,0.12356042816912431,,,,0.812763109599566,0.17751053823514992,0.8986064858384024,0.880520683886448,0.9127504877497002,0.691223811539279,0.8784750174988659,-0.01572531769164741,0.691223811539279,0.6693584217708125,,-0.09193967420193747,1.0,0.6721380241711418,-0.8050152090574536,0.9238859772270388,0.041186809389708104,0.8216766411809175,0.8238640459851363,,,,,,0.041186809389708104,0.041186809389708104,-0.05730361582909567,-0.06491893379873989,,,,,0.18055723637430046,0.11296125160418631,,,,,,-0.14734826901978706,,0.0322746433154818,0.16675232379665597,0.12356042816912431,,,,,,,,,0.16675232379665597,,,,,0.7328703904729293,,,0.1026230148058808,,,,,,,0.0719525461551647,0.0719525461551647,,,-0.24892183254783276,,,,,,,,,,,,-0.03778160744097104,-0.07659133309164085,,,,,,,,,,,,,,,,
rdkit_RingCount,-0.39332719400911276,0.8617171229017677,0.13294178159454823,0.2867410056675054,0.19125884457884393,0.0,0.4688298320477829,0.4688298320477829,0.31563057466932465,-0.5046689507668034,-0.7111123395344595,0.902334259702388,0.8593889160266734,0.8688986734372477,0.8617413999857082,0.8587152756582526,,0.5099725019280645,0.382582257674557,-0.4259193400775913,0.5099725019280645,-0.7317031660634165,-0.5316396829934308,-0.2874778972149124,0.8240472881437194,-0.8021529654395951,0.9406019980320851,-0.9292153943960587,0.8983489320219384,-0.9196980006592432,-0.1792883828326455,-0.9366610804945821,0.638125156656418,-0.828374616292258,0.8409106385863703,0.8150813702367268,0.8482100621708851,0.8503357143394654,0.8750106334489565,0.9056111239099944,0.9061495727515873,0.9113271785659872,0.9092929661138309,0.9380133774736262,0.9277813202183522,0.9421663363338235,0.9338198446897917,-0.3350732191031971,0.8855815237234617,0.7889385939884289,0.7208336923141315,0.6383632904960954,0.8337397323601242,0.8186613369247712,0.8283122974613497,0.7905235320297679,0.3884005004062191,,-0.1643048179416599,-0.185428126571837,-0.19241574909302367,,-0.009857777956144597,0.24140841016514974,-0.039307899693488496,-0.03538851686102097,0.736251315176404,0.8234547862402047,-0.4535373644533609,,-0.03114481687676438,0.047145894572865464,0.9030210335947595,0.7684803655889835,0.2411089769527704,,,-0.08421421443273908,,,-0.042019898455896286,0.8726719913598148,0.7819327472088099,0.1862673079080786,-0.13837535777527607,0.2411089769527704,,,,0.803947528751759,0.8771350074660685,0.8135220461432039,,-0.2678883300799991,0.047145894572865464,-0.009651217277644376,-0.02756477492677923,0.1862673079080786,-0.1241782052720524,0.09149519218352803,0.15972283219083983,0.9476250726046497,0.09322029154180217,-0.36673005129787445,0.8305569782597843,-0.09195465227120846,-0.2498244605779513,0.06858885109587713,-0.8690712810901353,-0.5742652538116103,0.05525726788295213,0.6511065244860025,0.867309432922912,0.7981672701389169,0.8547624354311153,0.21294452931724667,0.9881135129933498,1.0,-0.11236834767562509,,,,0.921466054574539,0.20884516341208811,0.8639003148132037,0.7888560712195475,0.8569255554001621,0.9881135129933498,0.46383010329995034,0.15022396407081223,0.9881135129933498,0.9990567846883732,,0.07619693287130994,0.6721380241711418,1.0,-0.6654739112042051,0.8315893651032533,-0.178636860407404,0.8047895614930609,0.8018157340637354,,,,,,-0.178636860407404,-0.178636860407404,-0.5121511014853231,-0.505533300049168,,,,,-0.03114481687676438,-0.1241782052720524,,,,,,-0.4354387679432494,,0.10724481364404526,0.1862673079080786,-0.11236834767562509,,,,,,,,,0.1862673079080786,,,,,0.981869699503487,,,-0.009857777956144597,,,,,,,-0.15100407223936196,-0.15100407223936196,,,0.03214786359370272,,,,,,,,,,,,-0.046252979902924825,-0.07233269308583111,,,,,,,,,,,,,,,,
rdkit_MolLogP,0.4626481863015216,-0.7997055968730147,-0.1710293872349314,-0.3815586284892751,-0.2100455652652733,0.0,-0.5174640186863256,-0.5174640186863256,-0.34558086643722613,0.6747530671600821,0.9035513545164446,-0.5149192188853449,-0.7955321476358084,-0.79766847776604,-0.7995508557267479,-0.8162525725146302,,-0.5260314645352152,-0.08115924617673546,0.14132992690847795,-0.5260314645352152,0.6817587896506251,0.5461977668913697,0.37652771323141165,-0.6217339468145506,0.7156573664641945,-0.7230716833027566,0.7379767119567856,-0.6704719736011594,0.7592674934437036,-0.03339556121886797,0.75732658016967,-0.6270651501418923,0.5058114386026877,-0.7497900480971368,-0.819087377670191,-0.8137747404221137,-0.7678504329229295,-0.7956402072329013,-0.7884317049635351,-0.7533624631224247,-0.7789662476747632,-0.7487919626509093,-0.7759802544175661,-0.7422865435191313,-0.766405958600926,-0.7345654881878835,0.6124547592815757,-0.7656887817641321,-0.8310059106873042,-0.828276683608734,-0.7473148364298553,-0.7807232738022338,-0.8763179144260262,-0.8411057160215136,-0.622482880006399,-0.32475908542736975,,0.08155847428980108,-0.014815837580078836,0.025020209013196723,,0.2111616419970654,0.037725643427771224,0.3186714607700947,0.24610815148642032,-0.6983347688559282,-0.8852555760685186,0.27742844126474375,,-0.0839705852293564,0.21503616753829596,-0.7334968486834035,-0.7045743900004564,0.03441504697422649,,,-0.030141890430417425,,,0.26426399323311617,-0.8592022107685497,-0.70434798766189,0.19873215837929106,0.3023112727505433,0.03441504697422649,,,,-0.8794480719092868,-0.8243598910334792,-0.7533312280043951,,0.3111145526896291,0.2753971970227299,0.0816015003325427,0.38404241007429807,0.19873215837929106,-0.016113418246969546,0.21759479222206973,-0.28069109639606915,-0.6551645964112892,0.2224793350253968,-0.0135767958967955,-0.8871666791612429,-0.13913135768535498,0.38094344511279266,0.04557839916303875,0.8569395152867925,0.8382034807300172,0.01286569103532006,-0.3279637705934257,-0.8128121544667417,-0.90116784131667,-0.8618485144116373,0.026361151775005386,-0.6662820423326373,-0.6654739112042051,-0.016450320568189916,,,,-0.7490889149088806,-0.18261874013232152,-0.8616351986341454,-0.902555369886903,-0.8236387772958963,-0.6662820423326373,-0.7269518939111543,0.1358123163399764,-0.6662820423326373,-0.6628020718025756,,0.03950619869186528,-0.8050152090574536,-0.6654739112042051,1.0,-0.8004867568464168,-0.043867521515173105,-0.8820491826935773,-0.8846996267489198,,,,,,-0.043867521515173105,-0.043867521515173105,0.11418358732361006,0.1375699326781462,,,,,-0.0839705852293564,0.10205164889747378,,,,,,0.1936583029292256,,0.19336101896363453,0.19873215837929106,-0.016450320568189916,,,,,,,,,0.19873215837929106,,,,,-0.7004119887004917,,,0.2111616419970654,,,,,,,-0.05987163869375213,-0.05987163869375213,,,0.2179619641701011,,,,,,,,,,,,0.1603339845680277,0.11089292913917424,,,,,,,,,,,,,,,,
rdkit_MolMR,-0.39856142652003423,0.99394708371777,0.15156482369508398,0.45555342059409887,0.2443451840595506,0.0,0.7102181923529582,0.7102181923529582,0.2976360874528493,-0.7247011102356573,-0.8422843183324187,0.6244082318746239,0.9886868618013497,0.9882255853440701,0.9939685824203803,0.9920564499218135,,0.6819290430045069,0.11336088886080428,-0.12504543829472367,0.6819290430045069,-0.6146742674955628,-0.4283802604411183,-0.23516017084491075,0.8063089475860572,-0.824840340435935,0.8878681980229537,-0.8965507086037134,0.877740165291498,-0.8860161266533376,0.15558881161870097,-0.8631393410958408,0.7913475716886073,-0.642129621758013,0.9527728896826952,0.9824074043720489,0.9900217823464684,0.9882554125477496,0.9675489820647283,0.9575926215858467,0.9541766891074454,0.9542604604904226,0.9499619258325447,0.939415086972283,0.9357139402872386,0.9376338901441295,0.9314421159390273,-0.5885069440788097,0.9612786949544208,0.9867843394184094,0.9480603545875624,0.8968204280711073,0.9917086997278184,0.9422652294635311,0.9039916719520584,0.7036844282842222,0.4524972738663839,,0.0034688720251654422,0.08091624252303084,0.003237289687677941,,0.07015130138494044,0.24114509851073276,-0.09861973442399183,0.04453815889736508,0.8011754792049929,0.9501756929749221,-0.19259480895491624,,0.15312719063724423,0.11664693137263353,0.8836584890712323,0.8117792488991641,0.24091218635812428,,,0.12916591399959507,,,0.037452177441831554,0.953508142535082,0.8950969287820306,0.18262393850238043,-0.07640659057216127,0.24091218635812428,,,,0.9679607228297057,0.936062430923184,0.9092970778154332,,-0.21146350497097569,-0.004078564034008165,0.16880371329082008,-0.12348625224732349,0.18262393850238043,0.016113876926680624,0.014763949253966364,0.23356741842581827,0.8671006844985278,0.0890146600422282,-0.025817673112444216,0.890558169558858,-0.02786897185969682,-0.41146930588918634,-0.13952165915202222,-0.8978710268236871,-0.6778638129614292,-0.02089500348859611,0.39234194205247036,0.9868641940952974,0.917321236771152,0.9729543494149208,0.13143231348980908,0.8394744881337561,0.8315893651032533,0.09047933860933555,,,,0.9186073140089415,0.17725264619348688,0.9631427032844734,0.9088425588041271,0.975592764757381,0.8394744881337561,0.8041747511160494,0.04873884020639757,0.8394744881337561,0.829262940563027,,-0.09491259807132327,0.9238859772270388,0.8315893651032533,-0.8004867568464168,1.0,0.016450788838061007,0.8509953935879263,0.8509754063427851,,,,,,0.016450788838061007,0.016450788838061007,-0.20466673594644919,-0.22589959624853842,,,,,0.15312719063724423,-0.021485169235574166,,,,,,-0.30055618127278505,,0.11816843079565792,0.18262393850238043,0.09047933860933555,,,,,,,,,0.18262393850238043,,,,,0.8727939624513479,,,0.07015130138494044,,,,,,,0.045902896286037595,0.045902896286037595,,,-0.049712038454851046,,,,,,,,,,,,-0.012575572438191844,-0.019120014790327326,,,,,,,,,,,,,,,,
rdkit_fr_Al_COO,-0.15219855683086822,0.027566693917369895,-0.0013942429060030917,0.07539998542897873,0.06466579818831014,0.0,0.13986455552295146,0.13986455552295146,-0.004113604821486699,-0.23579128400648586,-0.03290438777528809,-0.246876057488047,0.027448862574075306,0.030464168487245112,0.027565305831368996,0.033105764054535,,0.36953101400028887,-0.3920721903152238,0.3920721903152238,0.36953101400028887,0.05898813352550393,0.01508869742566353,-0.024706267270908192,-0.07835400572144186,-0.09794903740205582,-0.019588356329812456,0.09514344503051765,-0.05316878959669268,0.027983366185446366,0.2686403153802851,0.025185029566901728,-0.03574578561179512,0.11654549867635233,0.08502479118684468,0.04400709899099813,0.024696755171818102,0.013720419539898946,0.03299185957560507,-0.08499574232998187,-0.09322113674901238,-0.03290274846327623,-0.04112843557909529,-0.07952403157042115,-0.08500844754079502,-0.07951723919223712,-0.08774316048798578,-0.3021854561859455,0.04013017591268863,0.06317204730534526,0.021966298341177658,0.08508176491292609,0.021955958236256803,0.02745140807878688,-0.20897513854067018,0.03885447873802838,0.05245449319694403,,0.7062589435437021,0.07291610967073409,0.827605888602368,,-0.039283912144176425,-0.039283912144176425,-0.07607778890955964,0.12790179750645675,-0.13088321553385995,0.06044486477426987,0.29132856498081244,,0.17444940691627658,-0.039283912144176425,-0.060518863290493156,-0.23705523421388525,-0.03928749955226063,,,0.1457474486141354,,,-0.0633975174427362,-0.013723746105480595,0.09280891797781929,-0.027592113093901978,0.07746662966994501,-0.03928749955226063,,,,0.074148429864771,-0.10697048174451922,0.051240029316660364,,0.03626842213182646,-0.039283912144176425,0.17121238816972112,-0.08745550416058213,-0.027592113093901978,0.48976000741676007,-0.10310820768520834,-0.020691102534084373,-0.17343630929722972,-0.039283912144176425,0.35007736621799623,0.0027418957052730195,-0.01614606657933924,-0.3528934920615657,-0.1514847683291726,-0.06307437579870666,0.1837083197160236,0.012677574166641892,-0.33151314299118134,0.03742781314064883,0.03331671682271736,0.05425380507073146,-0.04844118855113493,-0.17332583463533477,-0.178636860407404,0.20774647887323944,,,,-0.055496282693515246,-0.027592113093901978,-0.028023615849001503,-0.0027856575452904625,0.04172299639694338,-0.17332583463533477,0.11000761627136471,-0.039283912144176425,-0.17332583463533477,-0.17867056282614407,,-0.05632216500435526,0.041186809389708104,-0.178636860407404,-0.043867521515173105,0.016450788838061007,1.0,-0.13288711671727607,-0.13136863788853348,,,,,,1.0,1.0,0.36681203681690255,0.1529655932017017,,,,,0.17444940691627658,-0.027592113093901978,,,,,,0.04845015831115092,,-0.027592113093901978,-0.027592113093901978,0.20774647887323944,,,,,,,,,-0.027592113093901978,,,,,-0.16342099530551876,,,-0.039283912144176425,,,,,,,0.11021149427657169,0.11021149427657169,,,-0.03928749955226063,,,,,,,,,,,,-0.048450158311150925,-0.03928749955226063,,,,,,,,,,,,,,,,
rdkit_fr_Al_OH,-0.35940413207977195,0.8524425600962188,0.16284085993831754,0.40435530599851144,0.2536102051580106,0.0,0.49878822426045094,0.49878822426045094,0.41129796060029505,-0.5765924745082932,-0.9182129425456603,0.6607758637407728,0.8507471250282527,0.8480099296962521,0.8523996364294278,0.8608797379339218,,0.41352172354263794,0.17946204311678401,-0.2881778977187632,0.41352172354263794,-0.8060419535342424,-0.6509455255125922,-0.45807109601405255,0.6832293995141293,-0.7699174867600451,0.8168116387266139,-0.8416770346456818,0.7631890079698811,-0.8320692631970018,-0.10970383059797799,-0.822068721217401,0.7002720928733344,-0.5899275640316225,0.8040853736548029,0.8613710298231773,0.8575624345684211,0.8237831956203362,0.8557333696590373,0.8758149428420139,0.8465368788886841,0.8566462184895729,0.8286306455296789,0.8710509283840397,0.8358277547221261,0.8645279713253446,0.8296563768834774,-0.5306657739358122,0.8388431214788528,0.858599428591638,0.8630251736589221,0.7394087401377301,0.8256219223135222,0.9032301794178623,0.9186664923521043,0.6719556693378207,0.3256637440836766,,-0.27573577995216747,-0.08545493325913271,-0.226886874170445,,-0.1317148649813386,0.21848437319179387,-0.14420619642338847,-0.18058762135411682,0.8640115116539252,0.9121831953361609,-0.46417019612969884,,-0.01008032206740297,0.01061209812645856,0.8287016526132542,0.8509019027005513,0.21850432519157906,,,-0.0733708817757585,,,-0.2796593334865668,0.9136853499739351,0.7135001541683726,0.15345838042385346,-0.22695690183691306,0.21850432519157906,,,,0.8825280946152192,0.9210089490154055,0.7783449716880594,,-0.37107223600859357,-0.031732254201665304,-0.005239771751590551,-0.24319956905730034,0.15345838042385346,-0.043845251549672414,-0.1744939806201176,0.3889828514405056,0.7630327118184048,-0.1317148649813386,-0.21295351748104208,0.9733559874401732,-0.08338495612763956,-0.2801144614544739,0.05555005254915219,-0.8894757351689739,-0.8231757185134004,0.06547222882401815,0.4972860932086369,0.8563912246494478,0.9277926869798911,0.8783825593110962,0.1871359401093793,0.7949179637184406,0.8047895614930609,-0.08952395231479651,,,,0.8389316977323099,0.18360199086425322,0.910895038658792,0.9562379889964272,0.8479761537202246,0.7949179637184406,0.7267055153743783,0.11839772223441021,0.7949179637184406,0.8026441154061733,,0.007085317308585922,0.8216766411809175,0.8047895614930609,-0.8820491826935773,0.8509953935879263,-0.13288711671727607,1.0,0.999089903289436,,,,,,-0.13288711671727607,-0.13288711671727607,-0.32952303298570396,-0.3226447335082352,,,,,-0.01008032206740297,-0.14249706753643535,,,,,,-0.3573606704055302,,-0.043845251549672414,0.15345838042385346,-0.08952395231479651,,,,,,,,,0.15345838042385346,,,,,0.8301616562681381,,,-0.1317148649813386,,,,,,,0.03665544946897172,0.03665544946897172,,,-0.20289687339218054,,,,,,,,,,,,-0.2502166273934592,-0.20289687339218054,,,,,,,,,,,,,,,,
rdkit_fr_Al_OH_noTert,-0.36119148106416743,0.8518418148965105,0.16188841865215858,0.4050320045022779,0.252520918499975,0.0,0.5042701123872323,0.5042701123872323,0.41125017844539263,-0.572774080011311,-0.9185961931514436,0.6568937990560729,0.8509606291237547,0.8473847193597963,0.8517989214794841,0.8602568505786771,,0.41071478269967604,0.17676234777364994,-0.2853451486063227,0.41071478269967604,-0.8046332277215381,-0.6487561104078232,-0.4580464446949818,0.6821906592930885,-0.7721625381165955,0.8133374149575737,-0.8430993674597789,0.7602031704739468,-0.834164744801916,-0.1038197115936455,-0.822936097407575,0.6975757656583242,-0.5867930235523432,0.801684400245508,0.8610965373341297,0.8561284920440274,0.8223799954701946,0.8563003933264699,0.8741617982563006,0.845026457228554,0.8536175145968334,0.825758029852474,0.8681975120724663,0.8331370011130821,0.8625803223505484,0.8276824221864796,-0.534820408099671,0.8363600810580375,0.8591843195132168,0.8644774716532102,0.7414373296208252,0.8253788631102437,0.9032216826027846,0.9198957386739991,0.6749424469545027,0.3161641866996576,,-0.2744498249579364,-0.08118768254704244,-0.2254929309472512,,-0.1315949917159867,0.2162585942062483,-0.1452683900930299,-0.1816145392384037,0.8596279405648805,0.9130396341689121,-0.4585984295450822,,-0.007553360999586,0.0066525114295601494,0.8286753326566347,0.8474923085634123,0.21635630918537124,,,-0.07102106680254316,,,-0.27940481644708215,0.9116772627614619,0.714067669269495,0.1478430499403133,-0.22702365205902847,0.21635630918537124,,,,0.8830183571396499,0.9194595015199087,0.7786333094103134,,-0.36814342930327687,-0.03565330344279893,-0.006644426951320216,-0.24363388948136397,0.1478430499403133,-0.043805348130463204,-0.17449432213829877,0.38576730245982693,0.7614204510166973,-0.1315949917159867,-0.20541049643276557,0.9723105277264481,-0.07863094317951491,-0.2745682319721039,0.053063685388113666,-0.8909301961027127,-0.8227312642828329,0.06541264276393212,0.49301698635447644,0.8557438714674186,0.9273597017539736,0.8779070672985759,0.18525661890635234,0.7920007729254663,0.8018157340637354,-0.08804493815933627,,,,0.8381828731068834,0.18343489529631465,0.9101031114167852,0.9555741042596854,0.8475650512042615,0.7920007729254663,0.7276727221731777,0.11434004019556507,0.7920007729254663,0.7994964376652778,,-0.013598879891487775,0.8238640459851363,0.8018157340637354,-0.8846996267489198,0.8509754063427851,-0.13136863788853348,0.999089903289436,1.0,,,,,,-0.13136863788853348,-0.13136863788853348,-0.3227768193475706,-0.31623490404679344,,,,,-0.007553360999586,-0.1423673814240054,,,,,,-0.3531894544646947,,-0.043805348130463204,0.1478430499403133,-0.08804493815933627,,,,,,,,,0.1478430499403133,,,,,0.8278054420328915,,,-0.1315949917159867,,,,,,,0.04069121051665085,0.04069121051665085,,,-0.2027122176151226,,,,,,,,,,,,-0.24998890606393998,-0.2027122176151226,,,,,,,,,,,,,,,,
rdkit_fr_ArN,,,,,,,,,,,,,,,,,,,,,,,,,,,,,,,,,,,,,,,,,,,,,,,,,,,,,,,,,,,,,,,,,,,,,,,,,,,,,,,,,,,,,,,,,,,,,,,,,,,,,,,,,,,,,,,,,,,,,,,,,,,,,,,,,,,,,,,,,,,,,,,,,,,,,,,,,,,,,,,,,,,,,,,,,,,,,,,,,,,,,,,,,,,,,,,,,,,,,,,,,,,,,,,,,,,,,,,,,,,,,,,
rdkit_fr_Ar_COO,,,,,,,,,,,,,,,,,,,,,,,,,,,,,,,,,,,,,,,,,,,,,,,,,,,,,,,,,,,,,,,,,,,,,,,,,,,,,,,,,,,,,,,,,,,,,,,,,,,,,,,,,,,,,,,,,,,,,,,,,,,,,,,,,,,,,,,,,,,,,,,,,,,,,,,,,,,,,,,,,,,,,,,,,,,,,,,,,,,,,,,,,,,,,,,,,,,,,,,,,,,,,,,,,,,,,,,,,,,,,,,
rdkit_fr_Ar_N,,,,,,,,,,,,,,,,,,,,,,,,,,,,,,,,,,,,,,,,,,,,,,,,,,,,,,,,,,,,,,,,,,,,,,,,,,,,,,,,,,,,,,,,,,,,,,,,,,,,,,,,,,,,,,,,,,,,,,,,,,,,,,,,,,,,,,,,,,,,,,,,,,,,,,,,,,,,,,,,,,,,,,,,,,,,,,,,,,,,,,,,,,,,,,,,,,,,,,,,,,,,,,,,,,,,,,,,,,,,,,,
rdkit_fr_Ar_NH,,,,,,,,,,,,,,,,,,,,,,,,,,,,,,,,,,,,,,,,,,,,,,,,,,,,,,,,,,,,,,,,,,,,,,,,,,,,,,,,,,,,,,,,,,,,,,,,,,,,,,,,,,,,,,,,,,,,,,,,,,,,,,,,,,,,,,,,,,,,,,,,,,,,,,,,,,,,,,,,,,,,,,,,,,,,,,,,,,,,,,,,,,,,,,,,,,,,,,,,,,,,,,,,,,,,,,,,,,,,,,,
rdkit_fr_Ar_OH,,,,,,,,,,,,,,,,,,,,,,,,,,,,,,,,,,,,,,,,,,,,,,,,,,,,,,,,,,,,,,,,,,,,,,,,,,,,,,,,,,,,,,,,,,,,,,,,,,,,,,,,,,,,,,,,,,,,,,,,,,,,,,,,,,,,,,,,,,,,,,,,,,,,,,,,,,,,,,,,,,,,,,,,,,,,,,,,,,,,,,,,,,,,,,,,,,,,,,,,,,,,,,,,,,,,,,,,,,,,,,,
rdkit_fr_COO,-0.15219855683086822,0.027566693917369895,-0.0013942429060030917,0.07539998542897873,0.06466579818831014,0.0,0.13986455552295146,0.13986455552295146,-0.004113604821486699,-0.23579128400648586,-0.03290438777528809,-0.246876057488047,0.027448862574075306,0.030464168487245112,0.027565305831368996,0.033105764054535,,0.36953101400028887,-0.3920721903152238,0.3920721903152238,0.36953101400028887,0.05898813352550393,0.01508869742566353,-0.024706267270908192,-0.07835400572144186,-0.09794903740205582,-0.019588356329812456,0.09514344503051765,-0.05316878959669268,0.027983366185446366,0.2686403153802851,0.025185029566901728,-0.03574578561179512,0.11654549867635233,0.08502479118684468,0.04400709899099813,0.024696755171818102,0.013720419539898946,0.03299185957560507,-0.08499574232998187,-0.09322113674901238,-0.03290274846327623,-0.04112843557909529,-0.07952403157042115,-0.08500844754079502,-0.07951723919223712,-0.08774316048798578,-0.3021854561859455,0.04013017591268863,0.06317204730534526,0.021966298341177658,0.08508176491292609,0.021955958236256803,0.02745140807878688,-0.20897513854067018,0.03885447873802838,0.05245449319694403,,0.7062589435437021,0.07291610967073409,0.827605888602368,,-0.039283912144176425,-0.039283912144176425,-0.07607778890955964,0.12790179750645675,-0.13088321553385995,0.06044486477426987,0.29132856498081244,,0.17444940691627658,-0.039283912144176425,-0.060518863290493156,-0.23705523421388525,-0.03928749955226063,,,0.1457474486141354,,,-0.0633975174427362,-0.013723746105480595,0.09280891797781929,-0.027592113093901978,0.07746662966994501,-0.03928749955226063,,,,0.074148429864771,-0.10697048174451922,0.051240029316660364,,0.03626842213182646,-0.039283912144176425,0.17121238816972112,-0.08745550416058213,-0.027592113093901978,0.48976000741676007,-0.10310820768520834,-0.020691102534084373,-0.17343630929722972,-0.039283912144176425,0.35007736621799623,0.0027418957052730195,-0.01614606657933924,-0.3528934920615657,-0.1514847683291726,-0.06307437579870666,0.1837083197160236,0.012677574166641892,-0.33151314299118134,0.03742781314064883,0.03331671682271736,0.05425380507073146,-0.04844118855113493,-0.17332583463533477,-0.178636860407404,0.20774647887323944,,,,-0.055496282693515246,-0.027592113093901978,-0.028023615849001503,-0.0027856575452904625,0.04172299639694338,-0.17332583463533477,0.11000761627136471,-0.039283912144176425,-0.17332583463533477,-0.17867056282614407,,-0.05632216500435526,0.041186809389708104,-0.178636860407404,-0.043867521515173105,0.016450788838061007,1.0,-0.13288711671727607,-0.13136863788853348,,,,,,1.0,1.0,0.36681203681690255,0.1529655932017017,,,,,0.17444940691627658,-0.027592113093901978,,,,,,0.04845015831115092,,-0.027592113093901978,-0.027592113093901978,0.20774647887323944,,,,,,,,,-0.027592113093901978,,,,,-0.16342099530551876,,,-0.039283912144176425,,,,,,,0.11021149427657169,0.11021149427657169,,,-0.03928749955226063,,,,,,,,,,,,-0.048450158311150925,-0.03928749955226063,,,,,,,,,,,,,,,,
rdkit_fr_COO2,-0.15219855683086822,0.027566693917369895,-0.0013942429060030917,0.07539998542897873,0.06466579818831014,0.0,0.13986455552295146,0.13986455552295146,-0.004113604821486699,-0.23579128400648586,-0.03290438777528809,-0.246876057488047,0.027448862574075306,0.030464168487245112,0.027565305831368996,0.033105764054535,,0.36953101400028887,-0.3920721903152238,0.3920721903152238,0.36953101400028887,0.05898813352550393,0.01508869742566353,-0.024706267270908192,-0.07835400572144186,-0.09794903740205582,-0.019588356329812456,0.09514344503051765,-0.05316878959669268,0.027983366185446366,0.2686403153802851,0.025185029566901728,-0.03574578561179512,0.11654549867635233,0.08502479118684468,0.04400709899099813,0.024696755171818102,0.013720419539898946,0.03299185957560507,-0.08499574232998187,-0.09322113674901238,-0.03290274846327623,-0.04112843557909529,-0.07952403157042115,-0.08500844754079502,-0.07951723919223712,-0.08774316048798578,-0.3021854561859455,0.04013017591268863,0.06317204730534526,0.021966298341177658,0.08508176491292609,0.021955958236256803,0.02745140807878688,-0.20897513854067018,0.03885447873802838,0.05245449319694403,,0.7062589435437021,0.07291610967073409,0.827605888602368,,-0.039283912144176425,-0.039283912144176425,-0.07607778890955964,0.12790179750645675,-0.13088321553385995,0.06044486477426987,0.29132856498081244,,0.17444940691627658,-0.039283912144176425,-0.060518863290493156,-0.23705523421388525,-0.03928749955226063,,,0.1457474486141354,,,-0.0633975174427362,-0.013723746105480595,0.09280891797781929,-0.027592113093901978,0.07746662966994501,-0.03928749955226063,,,,0.074148429864771,-0.10697048174451922,0.051240029316660364,,0.03626842213182646,-0.039283912144176425,0.17121238816972112,-0.08745550416058213,-0.027592113093901978,0.48976000741676007,-0.10310820768520834,-0.020691102534084373,-0.17343630929722972,-0.039283912144176425,0.35007736621799623,0.0027418957052730195,-0.01614606657933924,-0.3528934920615657,-0.1514847683291726,-0.06307437579870666,0.1837083197160236,0.012677574166641892,-0.33151314299118134,0.03742781314064883,0.03331671682271736,0.05425380507073146,-0.04844118855113493,-0.17332583463533477,-0.178636860407404,0.20774647887323944,,,,-0.055496282693515246,-0.027592113093901978,-0.028023615849001503,-0.0027856575452904625,0.04172299639694338,-0.17332583463533477,0.11000761627136471,-0.039283912144176425,-0.17332583463533477,-0.17867056282614407,,-0.05632216500435526,0.041186809389708104,-0.178636860407404,-0.043867521515173105,0.016450788838061007,1.0,-0.13288711671727607,-0.13136863788853348,,,,,,1.0,1.0,0.36681203681690255,0.1529655932017017,,,,,0.17444940691627658,-0.027592113093901978,,,,,,0.04845015831115092,,-0.027592113093901978,-0.027592113093901978,0.20774647887323944,,,,,,,,,-0.027592113093901978,,,,,-0.16342099530551876,,,-0.039283912144176425,,,,,,,0.11021149427657169,0.11021149427657169,,,-0.03928749955226063,,,,,,,,,,,,-0.048450158311150925,-0.03928749955226063,,,,,,,,,,,,,,,,
rdkit_fr_C_O,-0.03909924850752494,-0.2503607448057113,-0.07363100529203871,-0.1692265419974547,-0.1360621417053585,0.0,0.31189726212597535,0.31189726212597535,-0.4154073991663937,-0.07332544006618805,0.1485222190335882,-0.6781037101312822,-0.25422319442024904,-0.21783190614199352,-0.250898529207149,-0.24278774924066143,,0.080925655945261,-0.2732935222524254,0.2740203227951336,0.080925655945261,0.6218108435223259,0.5544058883201887,0.4265937652118024,-0.4524642827441387,0.2620086970664148,-0.3968709404066756,0.38406279527232,-0.4375433433503948,0.35521145803668397,0.7763287453536281,0.35138221876971165,-0.09532300610827892,0.5046722794530895,-0.13489318851211127,-0.1402865196772331,-0.2271903298558794,-0.25282279236242505,-0.24530180829788345,-0.343195236862289,-0.36272886625832546,-0.332464364266334,-0.3493010160006942,-0.3889058817587309,-0.396285650582147,-0.38936460674580353,-0.40182186205618237,-0.4821377049389209,-0.22886220372343627,-0.14198263888686144,-0.09135842690001969,0.023079682181674784,-0.21652667149193738,-0.2276035261414577,-0.22154362813434353,-0.14622940528707698,-0.08509560390685637,,0.21096003011236794,0.45004538259338717,0.30089421543172473,,-0.021143997221906186,-0.021143997221906186,0.0805746420984,0.20237859272870087,-0.3568481914479626,-0.22789402686272245,0.8112130348131339,,0.42404134279216865,-0.021143997221906186,-0.2889655620122512,-0.40363806219540355,-0.019184813793501725,,,0.4249942141656521,,,-0.07842739476402419,-0.339259745199432,0.0007856523173516153,-0.11677241281680198,0.34985189767973557,-0.019184813793501725,,,,-0.17188344647863862,-0.39367735928830194,-0.08112662180004444,,0.5339400549641531,-0.021143997221906186,0.3209559849302576,-0.006326835956809577,-0.11677241281680198,0.22156816790880376,0.0032820511152270777,-0.19678804481067683,-0.4563976822705221,-0.1662532039625688,0.9063377233932854,-0.3165163576753519,0.170233461690058,-0.10218436796253215,-0.42749966618829055,0.24673638760827615,0.25020299455993683,-0.038739989251555244,-0.9295655370196921,-0.2104111345342984,-0.2526501671510767,-0.1978073794099656,-0.0857177316047998,-0.49621818515381,-0.5121511014853231,0.4248906093129121,,,,-0.3352835180127765,-0.11677241281680198,-0.23619159225439618,-0.248447063846824,-0.21721117507791615,-0.49621818515381,0.20027601694211786,-0.1662532039625688,-0.49621818515381,-0.5194110386706827,,-0.23836068952899947,-0.05730361582909567,-0.5121511014853231,0.11418358732361006,-0.20466673594644919,0.36681203681690255,-0.32952303298570396,-0.3227768193475706,,,,,,0.36681203681690255,0.36681203681690255,1.0,0.9668207828003321,,,,,0.42404134279216865,0.08982493293600152,,,,,,0.7641016200353732,,-0.11677241281680198,-0.11677241281680198,0.4248906093129121,,,,,,,,,-0.11677241281680198,,,,,-0.4471455856503513,,,-0.021143997221906186,,,,,,,0.3159566147157573,0.3159566147157573,,,-0.16626838621034828,,,,,,,,,,,,-0.08412127926994935,-0.019184813793501725,,,,,,,,,,,,,,,,
rdkit_fr_C_O_noCOO,-0.009727674419486776,-0.27595460105718006,-0.07528504715128488,-0.1877537061697427,-0.15105816660188912,0.0,0.29321538318995216,0.29321538318995216,-0.4330296640388914,-0.012688825268534112,0.1640727517192134,-0.6648842857320735,-0.2799061624577201,-0.2433379928028987,-0.2765132469936433,-0.2698660824069615,,-0.0010350491995767322,-0.19092049900884642,0.191788926751014,-0.0010350491995767322,0.6305409709039249,0.5638830348838233,0.4403522251125996,-0.4690568247690668,0.28818177352832425,-0.41892398267244785,0.38775165955134633,-0.4533036711266163,0.373433750965744,0.752274264614163,0.3708304948592709,-0.09670387106561734,0.5121999289153366,-0.16230147502122036,-0.1662174717842992,-0.25173594587572307,-0.27530483318370874,-0.27293488244081393,-0.34321274405180224,-0.36106718593680603,-0.3444441717332139,-0.36055063852191244,-0.3917493924884274,-0.39813495411395033,-0.39224534292890095,-0.4037961260335557,-0.4360279081492605,-0.25715636055678404,-0.16871771653084747,-0.10516192542602112,0.01246097873642114,-0.23943344625117974,-0.2525155080140165,-0.19994344387650692,-0.18481927821750455,-0.07212173983299601,,0.05816842907281769,0.4826999293368978,0.1239183973461509,,-0.012813720306303294,-0.012813720306303294,0.10159780038574098,0.21716493055959019,-0.33512002781726236,-0.25940310237997494,0.7923910641790618,,0.4412075857361524,-0.012813720306303294,-0.2927551069541321,-0.376170896815101,-0.01077485184050613,,,0.44509613254545,,,-0.06676677423352043,-0.3592075546068373,-0.018113737572685973,-0.11502320575018311,0.37729891660762277,-0.01077485184050613,,,,-0.20487126439467032,-0.38821186385036355,-0.09843823424208688,,0.5462191245193644,-0.012813720306303294,0.3341698171171031,0.01385813858146036,-0.11502320575018311,0.2149117791648158,0.02423118576861752,-0.21888384535436342,-0.44913148848249507,-0.16376279315230668,0.8694162852297185,-0.33791495661070364,0.1808580095972426,-0.028839043071088713,-0.4474150292114078,0.2829542533451938,0.2406201341843866,-0.04326199519204715,-0.9055552805155934,-0.23722330281616383,-0.27898489570145457,-0.2274334103868494,-0.0778460148425731,-0.4902476603611953,-0.505533300049168,0.438810388578619,,,,-0.34331124762588083,-0.11502320575018311,-0.24565414394716406,-0.2667141783614795,-0.24602534295541734,-0.4902476603611953,0.18615662551385642,-0.16376279315230668,-0.4902476603611953,-0.5130895591724056,,-0.23479013555592715,-0.06491893379873989,-0.505533300049168,0.1375699326781462,-0.22589959624853842,0.1529655932017017,-0.3226447335082352,-0.31623490404679344,,,,,,0.1529655932017017,0.1529655932017017,0.9668207828003321,1.0,,,,,0.4412075857361524,0.0998885734146327,,,,,,0.7823839268637922,,-0.11502320575018311,-0.11502320575018311,0.438810388578619,,,,,,,,,-0.11502320575018311,,,,,-0.44300518756022556,,,-0.012813720306303294,,,,,,,0.3396583368850806,0.3396583368850806,,,-0.16377774797569317,,,,,,,,,,,,-0.0761832175161754,-0.01077485184050613,,,,,,,,,,,,,,,,
rdkit_fr_C_S,,,,,,,,,,,,,,,,,,,,,,,,,,,,,,,,,,,,,,,,,,,,,,,,,,,,,,,,,,,,,,,,,,,,,,,,,,,,,,,,,,,,,,,,,,,,,,,,,,,,,,,,,,,,,,,,,,,,,,,,,,,,,,,,,,,,,,,,,,,,,,,,,,,,,,,,,,,,,,,,,,,,,,,,,,,,,,,,,,,,,,,,,,,,,,,,,,,,,,,,,,,,,,,,,,,,,,,,,,,,,,,
rdkit_fr_HOCCN,,,,,,,,,,,,,,,,,,,,,,,,,,,,,,,,,,,,,,,,,,,,,,,,,,,,,,,,,,,,,,,,,,,,,,,,,,,,,,,,,,,,,,,,,,,,,,,,,,,,,,,,,,,,,,,,,,,,,,,,,,,,,,,,,,,,,,,,,,,,,,,,,,,,,,,,,,,,,,,,,,,,,,,,,,,,,,,,,,,,,,,,,,,,,,,,,,,,,,,,,,,,,,,,,,,,,,,,,,,,,,,
rdkit_fr_Imine,,,,,,,,,,,,,,,,,,,,,,,,,,,,,,,,,,,,,,,,,,,,,,,,,,,,,,,,,,,,,,,,,,,,,,,,,,,,,,,,,,,,,,,,,,,,,,,,,,,,,,,,,,,,,,,,,,,,,,,,,,,,,,,,,,,,,,,,,,,,,,,,,,,,,,,,,,,,,,,,,,,,,,,,,,,,,,,,,,,,,,,,,,,,,,,,,,,,,,,,,,,,,,,,,,,,,,,,,,,,,,,
rdkit_fr_NH0,,,,,,,,,,,,,,,,,,,,,,,,,,,,,,,,,,,,,,,,,,,,,,,,,,,,,,,,,,,,,,,,,,,,,,,,,,,,,,,,,,,,,,,,,,,,,,,,,,,,,,,,,,,,,,,,,,,,,,,,,,,,,,,,,,,,,,,,,,,,,,,,,,,,,,,,,,,,,,,,,,,,,,,,,,,,,,,,,,,,,,,,,,,,,,,,,,,,,,,,,,,,,,,,,,,,,,,,,,,,,,,
rdkit_fr_NH1,-0.15044676919484418,0.13905860201019754,-0.1708057551102281,0.2617999632346139,0.0695920093722746,0.0,0.29397446093369684,0.29397446093369684,-0.05434744578041239,-0.05433468139940603,-0.11362019966684599,-0.18532024900326705,0.13846420857583636,0.13720959449477008,0.13905159989019966,0.13916676895502728,,0.25598379479104894,-0.2434640177624338,0.22328047224844963,0.25598379479104894,0.12233663807645849,0.11861932419825832,0.15578668038144725,-0.13487343636328528,-0.22312327033272766,0.04411715238689972,-0.11218361606954501,0.01638649226843653,-0.13487243729709344,0.3062990865719038,0.03151225170492837,0.1609978211204059,0.16056285392420797,0.1828271746044359,0.13874454991219973,0.150782996531164,0.13842373452041287,0.13868794846092625,0.15065739723986932,0.1383084302529948,0.1481928770286225,0.13831335189338098,0.1136274788393863,0.10621699108899155,0.11608772518657341,0.1062079187877161,-0.3637670481132927,0.15753894955453662,0.14844771400096424,0.16077014197711686,0.23981242376946704,0.13597223818707058,0.10880339582196316,0.07729199406819534,-0.07124970312685545,0.436159902350335,,0.09053520397559793,0.4691595938471811,0.12337530458315916,,-0.04423335612891737,0.28309347922507117,0.10769056982731197,0.5944995051897878,0.10648916987320117,0.047023557104287544,0.35690047489197335,,1.0,-0.04423335612891737,0.1313315587389558,-0.024007204572458425,0.28754307088247577,,,0.8927606125424808,,,-0.07138507377884759,0.10137052018169254,0.19465459179215405,-0.031068488300060003,0.6202792984064366,0.28754307088247577,,,,0.13358481782857493,0.08647539149320507,0.17215192357004053,,0.17151934642642272,-0.04423335612891737,0.7739909167443662,0.08315596187021115,-0.031068488300060003,0.43495883620084,0.49535564148395644,-0.28578890053264533,-0.03329497463482756,-0.04423335612891737,0.42220057945036904,0.05433738824382824,0.2472525664528952,-0.19573418730897674,-0.9184569728644222,-0.00741090980801843,0.16301332490674164,0.014274842355459352,-0.3012443344068643,0.13985366724809814,0.08128107902092868,0.1378425912503317,0.21454119922502637,-0.04423704604832867,-0.03114481687676438,0.8881060715737716,,,,0.06248834961253317,-0.031068488300060003,0.08582785046634199,0.09284416127735978,0.12778490524063385,-0.04423704604832867,0.2621604035096974,-0.04423335612891737,-0.04423704604832867,-0.049321930259408925,,-0.06341828617898013,0.18055723637430046,-0.03114481687676438,-0.0839705852293564,0.15312719063724423,0.17444940691627658,-0.01008032206740297,-0.007553360999586,,,,,,0.17444940691627658,0.17444940691627658,0.42404134279216865,0.4412075857361524,,,,,1.0,-0.031068488300060003,,,,,,0.21821789023599236,,-0.031068488300060003,-0.031068488300060003,0.8881060715737716,,,,,,,,,-0.031068488300060003,,,,,-0.028408665197456717,,,-0.04423335612891737,,,,,,,0.08080749189443177,0.08080749189443177,,,-0.04423739552038088,,,,,,,,,,,,-0.05455447255899809,-0.04423739552038088,,,,,,,,,,,,,,,,
rdkit_fr_NH2,0.07248533720030675,-0.021601702747882614,-0.18846505881181563,0.17188257709577412,-0.11409849443293187,0.0,0.005372554176491181,0.005372554176491181,-0.19072295743939618,0.14502282823736026,0.12355027453999601,-0.1504658023510337,-0.0215093682205772,-0.021702009286194316,-0.02160061502146646,-0.027023132081477618,,-0.15625697343626427,-0.1508301915687283,0.1398607230910026,-0.15625697343626427,0.1531843382919296,0.1451095965118254,0.04840056656736181,0.19455800810988436,0.0411065450985535,-0.13427143351791118,0.07398630010170616,-0.13975293540287467,0.05206443340490434,0.17811516691151483,0.17811516691151483,-0.04848052493450961,-0.19608426699373097,-0.03761189632721841,-0.07543520994877469,-0.03763039154348302,-0.021503080881990298,-0.08617649808235223,-0.06982680001561604,-0.06982680001561604,-0.06982928476942582,-0.06982928476942582,-0.06983723776449952,-0.06983723776449952,-0.07520290912989029,-0.07520290912989029,0.16145274683221714,-0.08979482394308494,-0.01076144081975576,0.0,0.04301382793784333,-0.021506300537262414,-0.010755681459413734,-0.021689571475835143,-0.1685458467549271,-0.05533255102776735,,-0.03725048766148949,-0.053056928842379454,-0.03425309291324367,,0.6926288077112831,-0.019239689103091196,-0.03725985846059663,-0.040090358589042696,-0.03308457528288653,-0.1614735132008262,0.1997535122040035,,-0.031068488300060003,0.6926288077112831,-0.14011503496075478,-0.10442145761272002,-0.019241446072101123,,,0.4225771273642583,,,0.44711378802660456,-0.1236726926970687,-0.0922650314115451,-0.013513513513513514,-0.05058674282893823,-0.019241446072101123,,,,-0.03227994272045454,-0.12358634568708851,-0.09224224677811112,,0.20723293140990431,-0.019239689103091196,-0.0310566594443866,-0.04283220836632319,-0.013513513513513514,-0.013513513513513514,-0.05049827656063646,0.113497154742206,-0.12253952123347069,-0.019239689103091196,0.07368266496461996,-0.14503005298265362,0.585169628886003,0.07361410636400317,-0.3652488923589994,0.1772892387906798,0.06445826007878704,0.0062089688178810585,-0.1139381609614838,-0.03530346645002143,-0.010878130318797433,-0.08175798145793504,-0.02372455686408052,-0.12167288894767535,-0.1241782052720524,-0.027592113093901978,,,,-0.08425756545309378,-0.013513513513513514,-0.06862423153025704,-0.07094379032218454,-0.02452110602977973,-0.12167288894767535,-0.016367796747634535,-0.019239689103091196,-0.12167288894767535,-0.12420163328048764,,-0.027584343950261013,0.11296125160418631,-0.1241782052720524,0.10205164889747378,-0.021485169235574166,-0.027592113093901978,-0.14249706753643535,-0.1423673814240054,,,,,,-0.027592113093901978,-0.027592113093901978,0.08982493293600152,0.0998885734146327,,,,,-0.031068488300060003,1.0,,,,,,0.14237369936287486,,-0.013513513513513514,-0.013513513513513514,-0.027592113093901978,,,,,,,,,-0.013513513513513514,,,,,-0.12075768135207236,,,0.6926288077112831,,,,,,,-0.040169065863669556,-0.040169065863669556,,,-0.019241446072101123,,,,,,,,,,,,-0.023728949893812475,-0.019241446072101123,,,,,,,,,,,,,,,,
rdkit_fr_N_O,,,,,,,,,,,,,,,,,,,,,,,,,,,,,,,,,,,,,,,,,,,,,,,,,,,,,,,,,,,,,,,,,,,,,,,,,,,,,,,,,,,,,,,,,,,,,,,,,,,,,,,,,,,,,,,,,,,,,,,,,,,,,,,,,,,,,,,,,,,,,,,,,,,,,,,,,,,,,,,,,,,,,,,,,,,,,,,,,,,,,,,,,,,,,,,,,,,,,,,,,,,,,,,,,,,,,,,,,,,,,,,
rdkit_fr_Ndealkylation1,,,,,,,,,,,,,,,,,,,,,,,,,,,,,,,,,,,,,,,,,,,,,,,,,,,,,,,,,,,,,,,,,,,,,,,,,,,,,,,,,,,,,,,,,,,,,,,,,,,,,,,,,,,,,,,,,,,,,,,,,,,,,,,,,,,,,,,,,,,,,,,,,,,,,,,,,,,,,,,,,,,,,,,,,,,,,,,,,,,,,,,,,,,,,,,,,,,,,,,,,,,,,,,,,,,,,,,,,,,,,,,
rdkit_fr_Ndealkylation2,,,,,,,,,,,,,,,,,,,,,,,,,,,,,,,,,,,,,,,,,,,,,,,,,,,,,,,,,,,,,,,,,,,,,,,,,,,,,,,,,,,,,,,,,,,,,,,,,,,,,,,,,,,,,,,,,,,,,,,,,,,,,,,,,,,,,,,,,,,,,,,,,,,,,,,,,,,,,,,,,,,,,,,,,,,,,,,,,,,,,,,,,,,,,,,,,,,,,,,,,,,,,,,,,,,,,,,,,,,,,,,
rdkit_fr_Nhpyrrole,,,,,,,,,,,,,,,,,,,,,,,,,,,,,,,,,,,,,,,,,,,,,,,,,,,,,,,,,,,,,,,,,,,,,,,,,,,,,,,,,,,,,,,,,,,,,,,,,,,,,,,,,,,,,,,,,,,,,,,,,,,,,,,,,,,,,,,,,,,,,,,,,,,,,,,,,,,,,,,,,,,,,,,,,,,,,,,,,,,,,,,,,,,,,,,,,,,,,,,,,,,,,,,,,,,,,,,,,,,,,,,
rdkit_fr_SH,,,,,,,,,,,,,,,,,,,,,,,,,,,,,,,,,,,,,,,,,,,,,,,,,,,,,,,,,,,,,,,,,,,,,,,,,,,,,,,,,,,,,,,,,,,,,,,,,,,,,,,,,,,,,,,,,,,,,,,,,,,,,,,,,,,,,,,,,,,,,,,,,,,,,,,,,,,,,,,,,,,,,,,,,,,,,,,,,,,,,,,,,,,,,,,,,,,,,,,,,,,,,,,,,,,,,,,,,,,,,,,
rdkit_fr_aldehyde,-0.02404179083948248,-0.31103701618577634,-0.18289286466588173,-0.20624085570998005,-0.2054573421072313,0.0,0.0276727589462886,0.0276727589462886,-0.7295441655930501,0.09180037220862812,0.19368035622993957,-0.4856417934549582,-0.316631871598199,-0.28580606947567266,-0.3116535115344897,-0.3068501911557925,,-0.22563530858111588,-0.13930086356882493,0.16251767416362908,-0.22563530858111588,0.5304153201843514,0.40894481575806335,0.28203624893387613,-0.35442791224025694,0.34800696996314634,-0.4034004173835596,0.3686022983121343,-0.405981063111567,0.3737575752116047,0.45495318637826365,0.3789128521110751,-0.19358966112497142,0.33582275610060514,-0.2604033166831611,-0.24725843420259097,-0.3303839799053457,-0.34171143064495757,-0.3152519949406393,-0.3936154173154047,-0.40367587526595816,-0.33074932426466025,-0.33829493622507073,-0.3861277838217477,-0.3848700385975727,-0.39615590589988614,-0.39867118149290126,-0.26334158500510174,-0.3016366540653484,-0.2355759809454286,-0.181351715716661,-0.06420032967953597,-0.2870050522228243,-0.237968085037958,-0.2799294235185091,-0.09546992918770378,-0.1776654015666629,,0.014950790100052054,-0.09364267399035807,0.06014645448303819,,0.03153153153153153,0.03153153153153153,0.20064022789525282,0.05162399451267174,-0.36664150683834745,-0.3125220728033104,0.752287334730262,,0.21821789023599236,0.03153153153153153,-0.24918819662246608,-0.47930438580291,0.033786868919974296,,,0.2620470733831398,,,0.0,-0.38459724672555423,-0.09466587662926146,-0.0949157995752499,0.29214345268771974,0.033786868919974296,,,,-0.25569752159970205,-0.457923587065883,-0.12830728067630962,,0.7804554118652016,0.03153153153153153,0.10470470740042277,0.11699471176753201,-0.0949157995752499,-0.0949157995752499,0.02167539232053821,-0.16829309453080576,-0.3833979658851726,-0.13513513513513514,0.5905150347287806,-0.3546437621392935,0.21846458330394442,0.2899967621478509,-0.25921470747237335,0.2427586535778102,0.3546462861774138,-0.0625081880440118,-0.7675974322828738,-0.28356840010534023,-0.3158093022253368,-0.28138210282983295,-0.029624144184867335,-0.4253136958438297,-0.4354387679432494,0.16957555408902822,,,,-0.2908120435857779,-0.0949157995752499,-0.29884047221613363,-0.3162242814709514,-0.2857751987148233,-0.4253136958438297,0.034489087846029325,-0.13513513513513514,-0.4253136958438297,-0.44411237946540916,,-0.19374606457303215,-0.14734826901978706,-0.4354387679432494,0.1936583029292256,-0.30055618127278505,0.04845015831115092,-0.3573606704055302,-0.3531894544646947,,,,,,0.04845015831115092,0.04845015831115092,0.7641016200353732,0.7823839268637922,,,,,0.21821789023599236,0.14237369936287486,,,,,,1.0,,-0.0949157995752499,-0.0949157995752499,0.16957555408902822,,,,,,,,,-0.0949157995752499,,,,,-0.3912120752661706,,,0.03153153153153153,,,,,,,-0.2821382463434393,-0.2821382463434393,,,-0.13514747567989718,,,,,,,,,,,,-0.027777777777777776,0.033786868919974296,,,,,,,,,,,,,,,,
rdkit_fr_alkyl_carbamate,,,,,,,,,,,,,,,,,,,,,,,,,,,,,,,,,,,,,,,,,,,,,,,,,,,,,,,,,,,,,,,,,,,,,,,,,,,,,,,,,,,,,,,,,,,,,,,,,,,,,,,,,,,,,,,,,,,,,,,,,,,,,,,,,,,,,,,,,,,,,,,,,,,,,,,,,,,,,,,,,,,,,,,,,,,,,,,,,,,,,,,,,,,,,,,,,,,,,,,,,,,,,,,,,,,,,,,,,,,,,,,
rdkit_fr_alkyl_halide,0.14715194612191904,0.11880936511335437,0.13656888319696786,0.13965459389031648,0.09245333887139037,0.0,0.021490216705964724,0.021490216705964724,-0.03223486604609513,-0.037598511024500805,0.18263953627651583,0.11822313041866934,0.11830152521317461,0.11936105107406875,0.11880338261806553,0.05945089057925076,,0.10142996521301366,-0.16728439428531683,0.15631492580759113,0.10142996521301366,-0.0026874445314373613,0.09942694575810258,0.14520169970208543,0.20003851538058534,0.024663927059132097,0.1452323668663121,-0.09042770012430754,0.15619445721497757,-0.05206443340490434,0.1835956335857153,-0.11234956682110936,0.1319747623217206,-0.06446606038150059,0.11283568898165525,0.05388229282055335,0.021503080881990298,0.11289117463044905,0.08079046695220522,0.0644555077067225,0.11816843079565792,0.08057225165702979,0.11280115231984171,0.08058142818980714,0.11281399946573,0.09668945459557324,0.11280436369483544,0.19374329619866054,0.1262739711699632,0.053807204098778795,0.048411964973222706,-0.010753456984460832,0.11828465295494327,0.016133522189120602,0.01626717860687636,0.008155444197819054,0.20947322889083353,,-0.03725048766148949,-0.053056928842379454,-0.03425309291324367,,0.7118684968143743,-0.019239689103091196,-0.03725985846059663,-0.040090358589042696,0.1433664928925083,-0.00538245044002754,0.20546075540983216,,-0.031068488300060003,-0.019239689103091196,0.043112318449463005,0.07694212666200423,-0.019241446072101123,,,-0.03426301032683175,,,0.45953361547178806,0.01613122078657418,0.03527780612794371,-0.013513513513513514,-0.05058674282893823,-0.019241446072101123,,,,-0.01613997136022727,0.021493277510798,0.01627804354907843,,0.01776282269227751,-0.019239689103091196,-0.0310566594443866,-0.04283220836632319,-0.013513513513513514,-0.013513513513513514,-0.05049827656063646,0.17835267173775227,0.11139956475770063,0.7118684968143743,-0.11335794609941532,-0.010742966887603973,-0.00790769768764869,-0.19843802585079115,0.03424208365865619,-0.010744802350950291,0.11280195513787732,0.0062089688178810585,0.1139381609614838,0.06517563036927033,-0.08158597739098075,-0.008175798145793505,-0.02372455686408052,0.11035448067347299,0.10724481364404526,-0.027592113093901978,,,,0.0679496495589466,-0.013513513513513514,0.008234907783630846,-0.07094379032218454,0.05994048140612823,0.11035448067347299,-0.016367796747634535,-0.019239689103091196,0.11035448067347299,0.11008781131679586,,-0.027584343950261013,0.0322746433154818,0.10724481364404526,0.19336101896363453,0.11816843079565792,-0.027592113093901978,-0.043845251549672414,-0.043805348130463204,,,,,,-0.027592113093901978,-0.027592113093901978,-0.11677241281680198,-0.11502320575018311,,,,,-0.031068488300060003,-0.013513513513513514,,,,,,-0.0949157995752499,,1.0,-0.013513513513513514,-0.027592113093901978,,,,,,,,,-0.013513513513513514,,,,,0.10390777232620181,,,0.7118684968143743,,,,,,,-0.040169065863669556,-0.040169065863669556,,,-0.019241446072101123,,,,,,,,,,,,-0.023728949893812475,-0.019241446072101123,,,,,,,,,,,,,,,,
rdkit_fr_allylic_oxid,0.1322186243375966,0.17821404767003157,-0.1010609735657562,0.053713305342429414,0.013926727996960802,0.0,0.19878450453017368,0.19878450453017368,-0.11819450883568215,0.037598511024500805,-0.1557807809417341,0.10747557310788122,0.1774522878197619,0.17904157661110312,0.1782050739270983,0.1837572981540478,,-0.019189452878137718,0.06581681086635416,-0.07678627934407986,-0.019189452878137718,-0.08599822500599556,-0.08061644250656966,-0.07528977021589614,0.09042836996656597,-0.20005185281296037,0.19455656693411622,-0.20003703360831668,0.20003851538058534,-0.16715423356311393,-0.024662100033902054,-0.09042770012430754,0.19930882473076172,-0.16116515095375147,0.1826863535893466,0.1831997955898814,0.1827761874969175,0.1827761874969175,0.17773902729485147,0.18262393850238043,0.18262393850238043,0.18800192053306952,0.18800192053306952,0.18802333244288333,0.18802333244288333,0.18800727282472574,0.18800727282472574,-0.14530747214899542,0.1908140008790555,0.1829444939358479,0.16675232379665597,0.1666785832591429,0.1828035545667305,0.14520169970208543,0.12742623242053147,0.17398280955347314,-0.05533255102776735,,-0.03725048766148949,-0.053056928842379454,-0.03425309291324367,,-0.019239689103091196,0.7118684968143743,0.39388993229773583,0.36081322730138427,0.187479259936357,0.15070861232077112,-0.1198521073224021,,-0.031068488300060003,0.7118684968143743,0.18861639321640067,0.10991732380286318,0.702312781631691,,,-0.03426301032683175,,,-0.031049568612958652,0.1451809870791676,0.1573932888785181,1.0,0.3119515807784524,0.702312781631691,,,,0.14525974224204544,0.1558262619532855,0.1465023919417059,,0.21315387230733013,0.7118684968143743,0.4596385597769217,0.27602978724963834,1.0,-0.013513513513513514,0.31140603879059153,0.12430640757479704,0.17266932537443597,-0.019239689103091196,-0.11335794609941532,0.1557730198702576,-0.585169628886003,0.23684538569287975,0.03424208365865619,-0.1181928258604532,0.1987463019095934,0.0062089688178810585,0.002848454024037095,0.18466428604626595,0.14685475930376535,0.1498896326728809,0.5852057359806528,0.158457715838833,0.1862673079080786,-0.027592113093901978,,,,0.17938707483561903,-0.013513513513513514,0.1509733093665655,0.14734479528453712,0.14985120351532058,0.158457715838833,0.1664059336009511,0.7118684968143743,0.158457715838833,0.18630244992073144,,-0.027584343950261013,0.16675232379665597,0.1862673079080786,0.19873215837929106,0.18262393850238043,-0.027592113093901978,0.15345838042385346,0.1478430499403133,,,,,,-0.027592113093901978,-0.027592113093901978,-0.11677241281680198,-0.11502320575018311,,,,,-0.031068488300060003,-0.013513513513513514,,,,,,-0.0949157995752499,,-0.013513513513513514,1.0,-0.027592113093901978,,,,,,,,,1.0,,,,,0.16849909025870563,,,-0.019239689103091196,,,,,,,-0.040169065863669556,-0.040169065863669556,,,-0.019241446072101123,,,,,,,,,,,,-0.023728949893812475,-0.019241446072101123,,,,,,,,,,,,,,,,
rdkit_fr_amide,-0.10072341183629771,0.0799434123603727,-0.13803004769430607,0.2261999562869362,0.07143215323053066,0.0,0.2632744574549674,0.2632744574549674,0.030166435357569125,-0.010967036465417947,-0.03564642008989543,-0.23316072096093327,0.07960170146481839,0.07754515614935119,0.07993938691097009,0.08000559646512624,,0.2687498283638465,-0.24924589241467796,0.23244279854402553,0.2687498283638465,0.1550153276367894,0.13991337612888,0.12902161797029835,-0.19868337165079897,-0.15112137199174328,-0.00839500985563391,-0.036378376041080275,-0.03637864551352658,-0.053168395752348094,0.2938253449471868,0.09514344503051765,0.10448768101909342,0.24405998546342017,0.12068034878132794,0.07976286692118412,0.09055476896333305,0.0768343494234341,0.07973032730771225,0.09047933860933555,0.07677034791095137,0.0849987668634636,0.07403118404237152,0.04661753574817791,0.038390911792617104,0.049355527774492,0.03838763271349378,-0.31866829925063345,0.09459255750848033,0.0878915440770021,0.10159412982794666,0.18937554125780323,0.07684585382689882,0.04392225292605901,0.008303647889033252,-0.16235621472676143,0.5124400489239916,,0.11952074429201114,0.5479124812400876,0.15444757780255458,,-0.039283912144176425,-0.039283912144176425,-0.07607778890955964,0.68043756273435,0.030961620878977622,-0.021979950827007225,0.3525075636267831,,0.8881060715737716,-0.039283912144176425,0.0632697207127883,-0.08275892792082384,-0.03928749955226063,,,0.7928661204608967,,,-0.0633975174427362,0.035681739874249545,0.13852077310122282,-0.027592113093901978,0.5551775126346059,-0.03928749955226063,,,,0.07140219172163134,0.021942662921952658,0.11355898389097703,,0.09067105532956615,-0.039283912144176425,0.8750855395341303,-0.08745550416058213,-0.027592113093901978,0.48976000741676007,0.40598856776050785,-0.23449916205295623,-0.10235585466721756,-0.039283912144176425,0.40215499094464036,-0.013709478526365096,-0.01614606657933924,-0.2548675220444641,-0.8040345395933007,0.06855910412902898,0.17548257405709716,0.012677574166641892,-0.2995250327025586,0.0804004874873197,0.00832917920567934,0.07651177638180078,-0.04844118855113493,-0.10543988273649532,-0.11236834767562509,1.0,,,,-0.006937035336689406,-0.027592113093901978,0.018215350301850976,0.02089243158967847,0.06536602768854463,-0.10543988273649532,0.21026772224020343,-0.039283912144176425,-0.10543988273649532,-0.1109486559484927,,-0.05632216500435526,0.12356042816912431,-0.11236834767562509,-0.016450320568189916,0.09047933860933555,0.20774647887323944,-0.08952395231479651,-0.08804493815933627,,,,,,0.20774647887323944,0.20774647887323944,0.4248906093129121,0.438810388578619,,,,,0.8881060715737716,-0.027592113093901978,,,,,,0.16957555408902822,,-0.027592113093901978,-0.027592113093901978,1.0,,,,,,,,,-0.027592113093901978,,,,,-0.09891270768491925,,,-0.039283912144176425,,,,,,,0.11021149427657169,0.11021149427657169,,,-0.03928749955226063,,,,,,,,,,,,-0.048450158311150925,-0.03928749955226063,,,,,,,,,,,,,,,,
rdkit_fr_amidine,,,,,,,,,,,,,,,,,,,,,,,,,,,,,,,,,,,,,,,,,,,,,,,,,,,,,,,,,,,,,,,,,,,,,,,,,,,,,,,,,,,,,,,,,,,,,,,,,,,,,,,,,,,,,,,,,,,,,,,,,,,,,,,,,,,,,,,,,,,,,,,,,,,,,,,,,,,,,,,,,,,,,,,,,,,,,,,,,,,,,,,,,,,,,,,,,,,,,,,,,,,,,,,,,,,,,,,,,,,,,,,
rdkit_fr_aniline,,,,,,,,,,,,,,,,,,,,,,,,,,,,,,,,,,,,,,,,,,,,,,,,,,,,,,,,,,,,,,,,,,,,,,,,,,,,,,,,,,,,,,,,,,,,,,,,,,,,,,,,,,,,,,,,,,,,,,,,,,,,,,,,,,,,,,,,,,,,,,,,,,,,,,,,,,,,,,,,,,,,,,,,,,,,,,,,,,,,,,,,,,,,,,,,,,,,,,,,,,,,,,,,,,,,,,,,,,,,,,,
rdkit_fr_aryl_methyl,,,,,,,,,,,,,,,,,,,,,,,,,,,,,,,,,,,,,,,,,,,,,,,,,,,,,,,,,,,,,,,,,,,,,,,,,,,,,,,,,,,,,,,,,,,,,,,,,,,,,,,,,,,,,,,,,,,,,,,,,,,,,,,,,,,,,,,,,,,,,,,,,,,,,,,,,,,,,,,,,,,,,,,,,,,,,,,,,,,,,,,,,,,,,,,,,,,,,,,,,,,,,,,,,,,,,,,,,,,,,,,
rdkit_fr_azide,,,,,,,,,,,,,,,,,,,,,,,,,,,,,,,,,,,,,,,,,,,,,,,,,,,,,,,,,,,,,,,,,,,,,,,,,,,,,,,,,,,,,,,,,,,,,,,,,,,,,,,,,,,,,,,,,,,,,,,,,,,,,,,,,,,,,,,,,,,,,,,,,,,,,,,,,,,,,,,,,,,,,,,,,,,,,,,,,,,,,,,,,,,,,,,,,,,,,,,,,,,,,,,,,,,,,,,,,,,,,,,
rdkit_fr_azo,,,,,,,,,,,,,,,,,,,,,,,,,,,,,,,,,,,,,,,,,,,,,,,,,,,,,,,,,,,,,,,,,,,,,,,,,,,,,,,,,,,,,,,,,,,,,,,,,,,,,,,,,,,,,,,,,,,,,,,,,,,,,,,,,,,,,,,,,,,,,,,,,,,,,,,,,,,,,,,,,,,,,,,,,,,,,,,,,,,,,,,,,,,,,,,,,,,,,,,,,,,,,,,,,,,,,,,,,,,,,,,
rdkit_fr_barbitur,,,,,,,,,,,,,,,,,,,,,,,,,,,,,,,,,,,,,,,,,,,,,,,,,,,,,,,,,,,,,,,,,,,,,,,,,,,,,,,,,,,,,,,,,,,,,,,,,,,,,,,,,,,,,,,,,,,,,,,,,,,,,,,,,,,,,,,,,,,,,,,,,,,,,,,,,,,,,,,,,,,,,,,,,,,,,,,,,,,,,,,,,,,,,,,,,,,,,,,,,,,,,,,,,,,,,,,,,,,,,,,
rdkit_fr_benzene,,,,,,,,,,,,,,,,,,,,,,,,,,,,,,,,,,,,,,,,,,,,,,,,,,,,,,,,,,,,,,,,,,,,,,,,,,,,,,,,,,,,,,,,,,,,,,,,,,,,,,,,,,,,,,,,,,,,,,,,,,,,,,,,,,,,,,,,,,,,,,,,,,,,,,,,,,,,,,,,,,,,,,,,,,,,,,,,,,,,,,,,,,,,,,,,,,,,,,,,,,,,,,,,,,,,,,,,,,,,,,,
rdkit_fr_benzodiazepine,,,,,,,,,,,,,,,,,,,,,,,,,,,,,,,,,,,,,,,,,,,,,,,,,,,,,,,,,,,,,,,,,,,,,,,,,,,,,,,,,,,,,,,,,,,,,,,,,,,,,,,,,,,,,,,,,,,,,,,,,,,,,,,,,,,,,,,,,,,,,,,,,,,,,,,,,,,,,,,,,,,,,,,,,,,,,,,,,,,,,,,,,,,,,,,,,,,,,,,,,,,,,,,,,,,,,,,,,,,,,,,
rdkit_fr_bicyclic,0.1322186243375966,0.17821404767003157,-0.1010609735657562,0.053713305342429414,0.013926727996960802,0.0,0.19878450453017368,0.19878450453017368,-0.11819450883568215,0.037598511024500805,-0.1557807809417341,0.10747557310788122,0.1774522878197619,0.17904157661110312,0.1782050739270983,0.1837572981540478,,-0.019189452878137718,0.06581681086635416,-0.07678627934407986,-0.019189452878137718,-0.08599822500599556,-0.08061644250656966,-0.07528977021589614,0.09042836996656597,-0.20005185281296037,0.19455656693411622,-0.20003703360831668,0.20003851538058534,-0.16715423356311393,-0.024662100033902054,-0.09042770012430754,0.19930882473076172,-0.16116515095375147,0.1826863535893466,0.1831997955898814,0.1827761874969175,0.1827761874969175,0.17773902729485147,0.18262393850238043,0.18262393850238043,0.18800192053306952,0.18800192053306952,0.18802333244288333,0.18802333244288333,0.18800727282472574,0.18800727282472574,-0.14530747214899542,0.1908140008790555,0.1829444939358479,0.16675232379665597,0.1666785832591429,0.1828035545667305,0.14520169970208543,0.12742623242053147,0.17398280955347314,-0.05533255102776735,,-0.03725048766148949,-0.053056928842379454,-0.03425309291324367,,-0.019239689103091196,0.7118684968143743,0.39388993229773583,0.36081322730138427,0.187479259936357,0.15070861232077112,-0.1198521073224021,,-0.031068488300060003,0.7118684968143743,0.18861639321640067,0.10991732380286318,0.702312781631691,,,-0.03426301032683175,,,-0.031049568612958652,0.1451809870791676,0.1573932888785181,1.0,0.3119515807784524,0.702312781631691,,,,0.14525974224204544,0.1558262619532855,0.1465023919417059,,0.21315387230733013,0.7118684968143743,0.4596385597769217,0.27602978724963834,1.0,-0.013513513513513514,0.31140603879059153,0.12430640757479704,0.17266932537443597,-0.019239689103091196,-0.11335794609941532,0.1557730198702576,-0.585169628886003,0.23684538569287975,0.03424208365865619,-0.1181928258604532,0.1987463019095934,0.0062089688178810585,0.002848454024037095,0.18466428604626595,0.14685475930376535,0.1498896326728809,0.5852057359806528,0.158457715838833,0.1862673079080786,-0.027592113093901978,,,,0.17938707483561903,-0.013513513513513514,0.1509733093665655,0.14734479528453712,0.14985120351532058,0.158457715838833,0.1664059336009511,0.7118684968143743,0.158457715838833,0.18630244992073144,,-0.027584343950261013,0.16675232379665597,0.1862673079080786,0.19873215837929106,0.18262393850238043,-0.027592113093901978,0.15345838042385346,0.1478430499403133,,,,,,-0.027592113093901978,-0.027592113093901978,-0.11677241281680198,-0.11502320575018311,,,,,-0.031068488300060003,-0.013513513513513514,,,,,,-0.0949157995752499,,-0.013513513513513514,1.0,-0.027592113093901978,,,,,,,,,1.0,,,,,0.16849909025870563,,,-0.019239689103091196,,,,,,,-0.040169065863669556,-0.040169065863669556,,,-0.019241446072101123,,,,,,,,,,,,-0.023728949893812475,-0.019241446072101123,,,,,,,,,,,,,,,,
rdkit_fr_diazo,,,,,,,,,,,,,,,,,,,,,,,,,,,,,,,,,,,,,,,,,,,,,,,,,,,,,,,,,,,,,,,,,,,,,,,,,,,,,,,,,,,,,,,,,,,,,,,,,,,,,,,,,,,,,,,,,,,,,,,,,,,,,,,,,,,,,,,,,,,,,,,,,,,,,,,,,,,,,,,,,,,,,,,,,,,,,,,,,,,,,,,,,,,,,,,,,,,,,,,,,,,,,,,,,,,,,,,,,,,,,,,
rdkit_fr_dihydropyridine,,,,,,,,,,,,,,,,,,,,,,,,,,,,,,,,,,,,,,,,,,,,,,,,,,,,,,,,,,,,,,,,,,,,,,,,,,,,,,,,,,,,,,,,,,,,,,,,,,,,,,,,,,,,,,,,,,,,,,,,,,,,,,,,,,,,,,,,,,,,,,,,,,,,,,,,,,,,,,,,,,,,,,,,,,,,,,,,,,,,,,,,,,,,,,,,,,,,,,,,,,,,,,,,,,,,,,,,,,,,,,,
rdkit_fr_epoxide,,,,,,,,,,,,,,,,,,,,,,,,,,,,,,,,,,,,,,,,,,,,,,,,,,,,,,,,,,,,,,,,,,,,,,,,,,,,,,,,,,,,,,,,,,,,,,,,,,,,,,,,,,,,,,,,,,,,,,,,,,,,,,,,,,,,,,,,,,,,,,,,,,,,,,,,,,,,,,,,,,,,,,,,,,,,,,,,,,,,,,,,,,,,,,,,,,,,,,,,,,,,,,,,,,,,,,,,,,,,,,,
rdkit_fr_ester,,,,,,,,,,,,,,,,,,,,,,,,,,,,,,,,,,,,,,,,,,,,,,,,,,,,,,,,,,,,,,,,,,,,,,,,,,,,,,,,,,,,,,,,,,,,,,,,,,,,,,,,,,,,,,,,,,,,,,,,,,,,,,,,,,,,,,,,,,,,,,,,,,,,,,,,,,,,,,,,,,,,,,,,,,,,,,,,,,,,,,,,,,,,,,,,,,,,,,,,,,,,,,,,,,,,,,,,,,,,,,,
rdkit_fr_ether,-0.4117090233067837,0.8942575525952733,0.15173691002355483,0.3068411367547024,0.21338111516147046,0.0,0.5095558376357462,0.5095558376357462,0.29580881328407366,-0.5349085370144446,-0.7295759552812798,0.8413183495041905,0.8899881313498772,0.8989662326199581,0.8942424496779334,0.8925420905036701,,0.5357265802935864,0.33459699650121133,-0.3906414691632373,0.5357265802935864,-0.6958521790036806,-0.48936162782973347,-0.2496119890518711,0.8197016679651064,-0.7769453927385305,0.9233934294350951,-0.9248679533340451,0.8883529049689439,-0.9031691700631808,-0.13790678781232468,-0.9397528840613405,0.6764583383590368,-0.8061748934455378,0.8786009121823921,0.8613923525588443,0.8875532266955798,0.8825483112945608,0.9073053847850011,0.9200629225104424,0.9144966155009647,0.9210928706464513,0.9133533448613601,0.9414716885801389,0.9268542271871194,0.9457672081382956,0.9312403000280225,-0.40088396191580067,0.9067358111915329,0.8348014080922592,0.7825034675580393,0.6994722177981614,0.870732410094982,0.8478254270846671,0.8562915226740505,0.8226092884355065,0.39588195991278424,,-0.18220644538977823,-0.15869602431807642,-0.1927642453272518,,-0.009862489292424469,0.21425591603380506,-0.06412826092564426,-0.01682942740509399,0.7913764270162077,0.8488056950478382,-0.42133377155073837,,-0.028408665197456717,0.03673110877016464,0.911694623124456,0.8303030689127348,0.21392893035248475,,,-0.08019137115750545,,,-0.07324972235817448,0.8938919855398694,0.8313141196843652,0.16849909025870563,-0.14890671818900694,0.21392893035248475,,,,0.8330483574204447,0.9025733734009516,0.8678463676875984,,-0.262662954064352,0.03673110877016464,-0.00629915923917895,-0.03428609873601927,0.16849909025870563,-0.12075768135207236,0.0212335213213534,0.14574194001311605,0.9526147269593116,0.06509242933000149,-0.3093733637669656,0.8482371423425639,-0.09145748803936768,-0.2811934028215337,0.06508802085562625,-0.8791221645421218,-0.6387684463803427,0.10372454275424495,0.6015505561252381,0.8989791694195076,0.8196645107289187,0.8835705421599609,0.10772226963731565,0.9922899591788763,0.981869699503487,-0.09891270768491925,,,,0.9536001004607725,0.19096563562653304,0.8936779240223328,0.8143097580088229,0.8806866093956262,0.9922899591788763,0.544970423809787,0.03673110877016464,0.9922899591788763,0.9818202976479254,,0.056101630787154695,0.7328703904729293,0.981869699503487,-0.7004119887004917,0.8727939624513479,-0.16342099530551876,0.8301616562681381,0.8278054420328915,,,,,,-0.16342099530551876,-0.16342099530551876,-0.4471455856503513,-0.44300518756022556,,,,,-0.028408665197456717,-0.12075768135207236,,,,,,-0.3912120752661706,,0.10390777232620181,0.16849909025870563,-0.09891270768491925,,,,,,,,,0.16849909025870563,,,,,1.0,,,-0.009862489292424469,,,,,,,-0.11686858820891467,-0.11686858820891467,,,0.0599800739306032,,,,,,,,,,,,-0.08711865541641614,-0.09596811828896512,,,,,,,,,,,,,,,,
rdkit_fr_furan,,,,,,,,,,,,,,,,,,,,,,,,,,,,,,,,,,,,,,,,,,,,,,,,,,,,,,,,,,,,,,,,,,,,,,,,,,,,,,,,,,,,,,,,,,,,,,,,,,,,,,,,,,,,,,,,,,,,,,,,,,,,,,,,,,,,,,,,,,,,,,,,,,,,,,,,,,,,,,,,,,,,,,,,,,,,,,,,,,,,,,,,,,,,,,,,,,,,,,,,,,,,,,,,,,,,,,,,,,,,,,,
rdkit_fr_guanido,,,,,,,,,,,,,,,,,,,,,,,,,,,,,,,,,,,,,,,,,,,,,,,,,,,,,,,,,,,,,,,,,,,,,,,,,,,,,,,,,,,,,,,,,,,,,,,,,,,,,,,,,,,,,,,,,,,,,,,,,,,,,,,,,,,,,,,,,,,,,,,,,,,,,,,,,,,,,,,,,,,,,,,,,,,,,,,,,,,,,,,,,,,,,,,,,,,,,,,,,,,,,,,,,,,,,,,,,,,,,,,
rdkit_fr_halogen,0.15706156681172245,0.070531795364474,-0.03385816687587057,0.22146760313220662,-0.013448001111726483,0.0,0.019275742410989727,0.019275742410989727,-0.15721234826584624,0.07473862217207451,0.2185277308182312,-0.020402259912685544,0.0702303135757007,0.07085930659432894,0.07052824382513972,0.023905074797202445,,-0.036554049448073445,-0.22663473332011283,0.2110156690447337,-0.036554049448073445,0.10565452804672423,0.17364426022957766,0.13873814996421488,0.2809792123408254,0.04666601287272838,0.01049248434417676,-0.01328696509915851,0.01455249814337921,-0.0010017949876349672,0.25756676392614813,0.044026253403957764,0.06114972304924707,-0.18422830516117317,0.05497743348696584,-0.014115415300589169,-0.010919254316562776,0.06633191874547481,-0.0022493655855223994,-0.0025491025212551035,0.03619725580182247,0.009075127898331547,0.032323770154731465,0.009076161482560671,0.0323274515727161,0.016927124936777633,0.028551777001793597,0.2531593615579887,0.028080575848812857,0.03125578125565883,0.034922458769762424,0.02245480529331942,0.07022029727215616,0.004083536422787782,-0.003499761132424824,-0.112499700340105,0.11224131788164178,,-0.05303489731437384,-0.07553911236122375,-0.04876739552678773,,1.0,-0.02739225712198685,-0.053048238867722544,-0.05707812661106212,0.08018102233674557,-0.11729795321867927,0.28851344232922393,,-0.04423335612891737,0.47260774287801316,-0.06731406091450537,-0.017840243055823896,-0.027394758583762942,,,0.2720924520925321,,,0.6455316080543109,-0.07522842593092409,-0.03935682735974374,-0.019239689103091196,-0.07202221715274316,-0.027394758583762942,,,,-0.03431541762381835,-0.07129980413403302,-0.053046494151698785,,0.15836901857588243,-0.02739225712198685,-0.04421651494950286,-0.06098179956994911,-0.019239689103091196,-0.019239689103091196,-0.07189626445387366,0.20837427859707366,-0.005709732531108473,0.5,-0.030018893657333102,-0.10961530888434172,0.4053053423641662,-0.09144042049707012,-0.23184151880365517,0.116772997484915,0.1266448209983749,0.008839938598304621,0.002162906329958552,0.022218757807308507,-0.06649341454875225,-0.06332261332298503,-0.03377752926484029,-0.005854911953394474,-0.009857777956144597,-0.039283912144176425,,,,-0.010164404622342818,-0.019239689103091196,-0.042259742452883074,-0.10100529874993532,0.026015611417752677,-0.005854911953394474,-0.023303437733803598,-0.02739225712198685,-0.005854911953394474,-0.007823408228999728,,-0.039272850926965974,0.1026230148058808,-0.009857777956144597,0.2111616419970654,0.07015130138494044,-0.039283912144176425,-0.1317148649813386,-0.1315949917159867,,,,,,-0.039283912144176425,-0.039283912144176425,-0.021143997221906186,-0.012813720306303294,,,,,-0.04423335612891737,0.6926288077112831,,,,,,0.03153153153153153,,0.7118684968143743,-0.019239689103091196,-0.039283912144176425,,,,,,,,,-0.019239689103091196,,,,,-0.009862489292424469,,,1.0,,,,,,,-0.057190185069616074,-0.057190185069616074,,,-0.027394758583762942,,,,,,,,,,,,-0.033783783783783786,-0.027394758583762942,,,,,,,,,,,,,,,,
rdkit_fr_hdrzine,,,,,,,,,,,,,,,,,,,,,,,,,,,,,,,,,,,,,,,,,,,,,,,,,,,,,,,,,,,,,,,,,,,,,,,,,,,,,,,,,,,,,,,,,,,,,,,,,,,,,,,,,,,,,,,,,,,,,,,,,,,,,,,,,,,,,,,,,,,,,,,,,,,,,,,,,,,,,,,,,,,,,,,,,,,,,,,,,,,,,,,,,,,,,,,,,,,,,,,,,,,,,,,,,,,,,,,,,,,,,,,
rdkit_fr_hdrzone,,,,,,,,,,,,,,,,,,,,,,,,,,,,,,,,,,,,,,,,,,,,,,,,,,,,,,,,,,,,,,,,,,,,,,,,,,,,,,,,,,,,,,,,,,,,,,,,,,,,,,,,,,,,,,,,,,,,,,,,,,,,,,,,,,,,,,,,,,,,,,,,,,,,,,,,,,,,,,,,,,,,,,,,,,,,,,,,,,,,,,,,,,,,,,,,,,,,,,,,,,,,,,,,,,,,,,,,,,,,,,,
rdkit_fr_imidazole,,,,,,,,,,,,,,,,,,,,,,,,,,,,,,,,,,,,,,,,,,,,,,,,,,,,,,,,,,,,,,,,,,,,,,,,,,,,,,,,,,,,,,,,,,,,,,,,,,,,,,,,,,,,,,,,,,,,,,,,,,,,,,,,,,,,,,,,,,,,,,,,,,,,,,,,,,,,,,,,,,,,,,,,,,,,,,,,,,,,,,,,,,,,,,,,,,,,,,,,,,,,,,,,,,,,,,,,,,,,,,,
rdkit_fr_imide,,,,,,,,,,,,,,,,,,,,,,,,,,,,,,,,,,,,,,,,,,,,,,,,,,,,,,,,,,,,,,,,,,,,,,,,,,,,,,,,,,,,,,,,,,,,,,,,,,,,,,,,,,,,,,,,,,,,,,,,,,,,,,,,,,,,,,,,,,,,,,,,,,,,,,,,,,,,,,,,,,,,,,,,,,,,,,,,,,,,,,,,,,,,,,,,,,,,,,,,,,,,,,,,,,,,,,,,,,,,,,,
rdkit_fr_isocyan,,,,,,,,,,,,,,,,,,,,,,,,,,,,,,,,,,,,,,,,,,,,,,,,,,,,,,,,,,,,,,,,,,,,,,,,,,,,,,,,,,,,,,,,,,,,,,,,,,,,,,,,,,,,,,,,,,,,,,,,,,,,,,,,,,,,,,,,,,,,,,,,,,,,,,,,,,,,,,,,,,,,,,,,,,,,,,,,,,,,,,,,,,,,,,,,,,,,,,,,,,,,,,,,,,,,,,,,,,,,,,,
rdkit_fr_isothiocyan,,,,,,,,,,,,,,,,,,,,,,,,,,,,,,,,,,,,,,,,,,,,,,,,,,,,,,,,,,,,,,,,,,,,,,,,,,,,,,,,,,,,,,,,,,,,,,,,,,,,,,,,,,,,,,,,,,,,,,,,,,,,,,,,,,,,,,,,,,,,,,,,,,,,,,,,,,,,,,,,,,,,,,,,,,,,,,,,,,,,,,,,,,,,,,,,,,,,,,,,,,,,,,,,,,,,,,,,,,,,,,,
rdkit_fr_ketone,0.06034971716730069,-0.021069331602731348,0.21211017620314265,-0.08981065361480772,0.033541829096428014,0.0,0.36730944133687543,0.36730944133687543,0.387266396441112,-0.16365147490684587,-0.005987845671927636,-0.30349869425589976,-0.018981246681344228,-0.0030238808713566553,-0.02106827068319077,-0.01706939271635979,,0.24871320706255398,-0.014275722510838,-0.014275722510838,0.24871320706255398,0.20270712410306635,0.2845644867106265,0.27375494205860945,-0.17932791504279735,0.0122277185188594,-0.08966329334147562,0.10800351243405018,-0.13449593628209802,0.08151208485588693,0.4768456964069385,0.010189010606985866,0.09707334785732402,0.2694741545844125,0.08185486792258412,0.07007249432766666,0.047938606308236736,0.02996162894264796,-0.009005645307143307,-0.011974668596357634,-0.02195355909332233,-0.11176755062016074,-0.12374264532946368,-0.09181951575298428,-0.10179989790004779,-0.0778403316106862,-0.08981576724309946,-0.22196302108151472,-0.009397415099755045,0.043984187301559424,0.06395781880459085,0.04994494971632796,0.005993223019183337,-0.08192666149199261,0.09066443493150238,-0.10908965951818186,-0.04405623471731357,,0.03163642275208155,0.7809791675862203,0.06151485506962209,,-0.057190185069616074,-0.057190185069616074,-0.11075533443452865,0.033516288800140105,-0.017415129337303454,0.04999810144147455,0.05725634340166938,,0.08080749189443177,-0.057190185069616074,-0.14216844238640935,0.13375527397131254,-0.057195407679103215,,,0.05516721750011929,,,-0.09229518033228226,-0.03296578257332231,0.06453148450649605,-0.040169065863669556,-0.018796205391848234,-0.057195407679103215,,,,0.018990595147604865,0.037934094413127055,-0.013104720810902864,,-0.31680110162494607,-0.057190185069616074,0.07846881921993587,-0.12731920512254083,-0.040169065863669556,0.3364159266082325,-0.1501066761902845,-0.025102048112293808,-0.13866337486634794,-0.057190185069616074,0.42962110246660856,-0.023950189418605872,-0.02350571736414092,-0.4114743540627016,-0.05937456351210091,0.08383998479385399,-0.2095656489036393,0.01845622732692917,-0.2518950516685492,0.00302711359354212,0.009094320185752194,0.018226986668457793,-0.07052150325721218,-0.14298738959935697,-0.15100407223936196,0.11021149427657169,,,,-0.13734712909086447,-0.040169065863669556,0.03671752939875229,0.02636014852114929,-0.0030370522630774268,-0.14298738959935697,0.18954574715161274,-0.057190185069616074,-0.14298738959935697,-0.15103256133429152,,-0.08199476234186706,0.0719525461551647,-0.15100407223936196,-0.05987163869375213,0.045902896286037595,0.11021149427657169,0.03665544946897172,0.04069121051665085,,,,,,0.11021149427657169,0.11021149427657169,0.3159566147157573,0.3396583368850806,,,,,0.08080749189443177,-0.040169065863669556,,,,,,-0.2821382463434393,,-0.040169065863669556,-0.040169065863669556,0.11021149427657169,,,,,,,,,-0.040169065863669556,,,,,-0.11686858820891467,,,-0.057190185069616074,,,,,,,1.0,1.0,,,-0.057195407679103215,,,,,,,,,,,,-0.07053456158585983,-0.057195407679103215,,,,,,,,,,,,,,,,
rdkit_fr_ketone_Topliss,0.06034971716730069,-0.021069331602731348,0.21211017620314265,-0.08981065361480772,0.033541829096428014,0.0,0.36730944133687543,0.36730944133687543,0.387266396441112,-0.16365147490684587,-0.005987845671927636,-0.30349869425589976,-0.018981246681344228,-0.0030238808713566553,-0.02106827068319077,-0.01706939271635979,,0.24871320706255398,-0.014275722510838,-0.014275722510838,0.24871320706255398,0.20270712410306635,0.2845644867106265,0.27375494205860945,-0.17932791504279735,0.0122277185188594,-0.08966329334147562,0.10800351243405018,-0.13449593628209802,0.08151208485588693,0.4768456964069385,0.010189010606985866,0.09707334785732402,0.2694741545844125,0.08185486792258412,0.07007249432766666,0.047938606308236736,0.02996162894264796,-0.009005645307143307,-0.011974668596357634,-0.02195355909332233,-0.11176755062016074,-0.12374264532946368,-0.09181951575298428,-0.10179989790004779,-0.0778403316106862,-0.08981576724309946,-0.22196302108151472,-0.009397415099755045,0.043984187301559424,0.06395781880459085,0.04994494971632796,0.005993223019183337,-0.08192666149199261,0.09066443493150238,-0.10908965951818186,-0.04405623471731357,,0.03163642275208155,0.7809791675862203,0.06151485506962209,,-0.057190185069616074,-0.057190185069616074,-0.11075533443452865,0.033516288800140105,-0.017415129337303454,0.04999810144147455,0.05725634340166938,,0.08080749189443177,-0.057190185069616074,-0.14216844238640935,0.13375527397131254,-0.057195407679103215,,,0.05516721750011929,,,-0.09229518033228226,-0.03296578257332231,0.06453148450649605,-0.040169065863669556,-0.018796205391848234,-0.057195407679103215,,,,0.018990595147604865,0.037934094413127055,-0.013104720810902864,,-0.31680110162494607,-0.057190185069616074,0.07846881921993587,-0.12731920512254083,-0.040169065863669556,0.3364159266082325,-0.1501066761902845,-0.025102048112293808,-0.13866337486634794,-0.057190185069616074,0.42962110246660856,-0.023950189418605872,-0.02350571736414092,-0.4114743540627016,-0.05937456351210091,0.08383998479385399,-0.2095656489036393,0.01845622732692917,-0.2518950516685492,0.00302711359354212,0.009094320185752194,0.018226986668457793,-0.07052150325721218,-0.14298738959935697,-0.15100407223936196,0.11021149427657169,,,,-0.13734712909086447,-0.040169065863669556,0.03671752939875229,0.02636014852114929,-0.0030370522630774268,-0.14298738959935697,0.18954574715161274,-0.057190185069616074,-0.14298738959935697,-0.15103256133429152,,-0.08199476234186706,0.0719525461551647,-0.15100407223936196,-0.05987163869375213,0.045902896286037595,0.11021149427657169,0.03665544946897172,0.04069121051665085,,,,,,0.11021149427657169,0.11021149427657169,0.3159566147157573,0.3396583368850806,,,,,0.08080749189443177,-0.040169065863669556,,,,,,-0.2821382463434393,,-0.040169065863669556,-0.040169065863669556,0.11021149427657169,,,,,,,,,-0.040169065863669556,,,,,-0.11686858820891467,,,-0.057190185069616074,,,,,,,1.0,1.0,,,-0.057195407679103215,,,,,,,,,,,,-0.07053456158585983,-0.057195407679103215,,,,,,,,,,,,,,,,
rdkit_fr_lactam,,,,,,,,,,,,,,,,,,,,,,,,,,,,,,,,,,,,,,,,,,,,,,,,,,,,,,,,,,,,,,,,,,,,,,,,,,,,,,,,,,,,,,,,,,,,,,,,,,,,,,,,,,,,,,,,,,,,,,,,,,,,,,,,,,,,,,,,,,,,,,,,,,,,,,,,,,,,,,,,,,,,,,,,,,,,,,,,,,,,,,,,,,,,,,,,,,,,,,,,,,,,,,,,,,,,,,,,,,,,,,,
rdkit_fr_lactone,,,,,,,,,,,,,,,,,,,,,,,,,,,,,,,,,,,,,,,,,,,,,,,,,,,,,,,,,,,,,,,,,,,,,,,,,,,,,,,,,,,,,,,,,,,,,,,,,,,,,,,,,,,,,,,,,,,,,,,,,,,,,,,,,,,,,,,,,,,,,,,,,,,,,,,,,,,,,,,,,,,,,,,,,,,,,,,,,,,,,,,,,,,,,,,,,,,,,,,,,,,,,,,,,,,,,,,,,,,,,,,
rdkit_fr_methoxy,-0.09496705652611051,-0.04998167181829527,-0.14389738619160558,-0.15869725213685584,-0.09269838210397821,0.0,-0.1950699675182206,-0.1950699675182206,-0.003824846859448615,0.2562045516436322,0.27152739899436484,0.09564432678608495,-0.04976802967650953,-0.05793895323544573,-0.04997915505443667,-0.05002055013765066,,-0.07026632454060126,0.13277450465692714,-0.1483950346165656,-0.07026632454060126,0.20089458940596752,0.23340042222002702,0.2718352148754046,-0.015608491549036343,-0.015609532234626893,0.0,0.0,0.0,-0.0039020939825380515,-0.20290888709197868,-0.007804187965076103,-0.07669980005501612,-0.02677240317472231,-0.07268088774561297,-0.04986879243745105,-0.03444471840030584,-0.042099100267040473,-0.034510464168616084,-0.034416026622589184,-0.034416026622589184,-0.04206552936751768,-0.04206552936751768,-0.011473723716460268,-0.022947447432920536,-0.007648495808293214,-0.011472743712439821,0.1915726998174899,-0.027973798139804856,-0.15705932070070583,-0.2336035659295046,-0.24115600902459156,-0.049760931720275625,-0.14931793493156026,-0.09264919581319676,0.011612267939751035,-0.0787861939508101,,-0.05303974046285335,-0.07554601059532437,-0.04877184896687069,,-0.027394758583762942,-0.027394758583762942,-0.05305308323455313,0.4923437987660431,-0.13739843618427,-0.17243760624611554,-0.17065346161570402,,-0.04423739552038088,-0.027394758583762942,-0.0652228459321656,0.09781728194833919,-0.0273972602739726,,,-0.048785970044896695,,,-0.044210456402090315,-0.057421782745774384,-0.04250307287541801,-0.019241446072101123,-0.07202879422386348,-0.0273972602739726,,,,-0.1953399683873008,-0.04590535315517632,-0.027040730717068903,,-0.1517513833452578,-0.027394758583762942,-0.044220552803029334,0.48112257316835016,-0.019241446072101123,-0.019241446072101123,-0.07190283002298957,-0.21547313905449517,-0.011896362383461626,-0.027394758583762942,-0.16140663969698738,-0.17208625650348142,-0.011259509857241452,0.10481669747341735,0.04875617325246621,0.14916690349614745,0.17973581376047956,0.6453744479094707,0.16223278849741285,-0.050267441193367575,-0.23233516326281617,-0.11641249254781585,-0.03378061382986794,0.036260793314609616,0.03214786359370272,-0.03928749955226063,,,,-0.01161015171634697,-0.019241446072101123,-0.09771177931693285,-0.22922526272543756,-0.12026206790609367,0.036260793314609616,-0.24470844094688698,-0.027394758583762942,0.036260793314609616,0.032153928751576424,,-0.039276437324939475,-0.24892183254783276,0.03214786359370272,0.2179619641701011,-0.049712038454851046,-0.03928749955226063,-0.20289687339218054,-0.2027122176151226,,,,,,-0.03928749955226063,-0.03928749955226063,-0.16626838621034828,-0.16377774797569317,,,,,-0.04423739552038088,-0.019241446072101123,,,,,,-0.13514747567989718,,-0.019241446072101123,-0.019241446072101123,-0.03928749955226063,,,,,,,,,-0.019241446072101123,,,,,0.0599800739306032,,,-0.027394758583762942,,,,,,,-0.057195407679103215,-0.057195407679103215,,,1.0,,,,,,,,,,,,-0.033786868919974296,-0.0273972602739726,,,,,,,,,,,,,,,,
rdkit_fr_morpholine,,,,,,,,,,,,,,,,,,,,,,,,,,,,,,,,,,,,,,,,,,,,,,,,,,,,,,,,,,,,,,,,,,,,,,,,,,,,,,,,,,,,,,,,,,,,,,,,,,,,,,,,,,,,,,,,,,,,,,,,,,,,,,,,,,,,,,,,,,,,,,,,,,,,,,,,,,,,,,,,,,,,,,,,,,,,,,,,,,,,,,,,,,,,,,,,,,,,,,,,,,,,,,,,,,,,,,,,,,,,,,,
rdkit_fr_nitrile,,,,,,,,,,,,,,,,,,,,,,,,,,,,,,,,,,,,,,,,,,,,,,,,,,,,,,,,,,,,,,,,,,,,,,,,,,,,,,,,,,,,,,,,,,,,,,,,,,,,,,,,,,,,,,,,,,,,,,,,,,,,,,,,,,,,,,,,,,,,,,,,,,,,,,,,,,,,,,,,,,,,,,,,,,,,,,,,,,,,,,,,,,,,,,,,,,,,,,,,,,,,,,,,,,,,,,,,,,,,,,,
rdkit_fr_nitro,,,,,,,,,,,,,,,,,,,,,,,,,,,,,,,,,,,,,,,,,,,,,,,,,,,,,,,,,,,,,,,,,,,,,,,,,,,,,,,,,,,,,,,,,,,,,,,,,,,,,,,,,,,,,,,,,,,,,,,,,,,,,,,,,,,,,,,,,,,,,,,,,,,,,,,,,,,,,,,,,,,,,,,,,,,,,,,,,,,,,,,,,,,,,,,,,,,,,,,,,,,,,,,,,,,,,,,,,,,,,,,
rdkit_fr_nitro_arom,,,,,,,,,,,,,,,,,,,,,,,,,,,,,,,,,,,,,,,,,,,,,,,,,,,,,,,,,,,,,,,,,,,,,,,,,,,,,,,,,,,,,,,,,,,,,,,,,,,,,,,,,,,,,,,,,,,,,,,,,,,,,,,,,,,,,,,,,,,,,,,,,,,,,,,,,,,,,,,,,,,,,,,,,,,,,,,,,,,,,,,,,,,,,,,,,,,,,,,,,,,,,,,,,,,,,,,,,,,,,,,
rdkit_fr_nitro_arom_nonortho,,,,,,,,,,,,,,,,,,,,,,,,,,,,,,,,,,,,,,,,,,,,,,,,,,,,,,,,,,,,,,,,,,,,,,,,,,,,,,,,,,,,,,,,,,,,,,,,,,,,,,,,,,,,,,,,,,,,,,,,,,,,,,,,,,,,,,,,,,,,,,,,,,,,,,,,,,,,,,,,,,,,,,,,,,,,,,,,,,,,,,,,,,,,,,,,,,,,,,,,,,,,,,,,,,,,,,,,,,,,,,,
rdkit_fr_nitroso,,,,,,,,,,,,,,,,,,,,,,,,,,,,,,,,,,,,,,,,,,,,,,,,,,,,,,,,,,,,,,,,,,,,,,,,,,,,,,,,,,,,,,,,,,,,,,,,,,,,,,,,,,,,,,,,,,,,,,,,,,,,,,,,,,,,,,,,,,,,,,,,,,,,,,,,,,,,,,,,,,,,,,,,,,,,,,,,,,,,,,,,,,,,,,,,,,,,,,,,,,,,,,,,,,,,,,,,,,,,,,,
rdkit_fr_oxazole,,,,,,,,,,,,,,,,,,,,,,,,,,,,,,,,,,,,,,,,,,,,,,,,,,,,,,,,,,,,,,,,,,,,,,,,,,,,,,,,,,,,,,,,,,,,,,,,,,,,,,,,,,,,,,,,,,,,,,,,,,,,,,,,,,,,,,,,,,,,,,,,,,,,,,,,,,,,,,,,,,,,,,,,,,,,,,,,,,,,,,,,,,,,,,,,,,,,,,,,,,,,,,,,,,,,,,,,,,,,,,,
rdkit_fr_oxime,,,,,,,,,,,,,,,,,,,,,,,,,,,,,,,,,,,,,,,,,,,,,,,,,,,,,,,,,,,,,,,,,,,,,,,,,,,,,,,,,,,,,,,,,,,,,,,,,,,,,,,,,,,,,,,,,,,,,,,,,,,,,,,,,,,,,,,,,,,,,,,,,,,,,,,,,,,,,,,,,,,,,,,,,,,,,,,,,,,,,,,,,,,,,,,,,,,,,,,,,,,,,,,,,,,,,,,,,,,,,,,
rdkit_fr_para_hydroxylation,,,,,,,,,,,,,,,,,,,,,,,,,,,,,,,,,,,,,,,,,,,,,,,,,,,,,,,,,,,,,,,,,,,,,,,,,,,,,,,,,,,,,,,,,,,,,,,,,,,,,,,,,,,,,,,,,,,,,,,,,,,,,,,,,,,,,,,,,,,,,,,,,,,,,,,,,,,,,,,,,,,,,,,,,,,,,,,,,,,,,,,,,,,,,,,,,,,,,,,,,,,,,,,,,,,,,,,,,,,,,,,
rdkit_fr_phenol,,,,,,,,,,,,,,,,,,,,,,,,,,,,,,,,,,,,,,,,,,,,,,,,,,,,,,,,,,,,,,,,,,,,,,,,,,,,,,,,,,,,,,,,,,,,,,,,,,,,,,,,,,,,,,,,,,,,,,,,,,,,,,,,,,,,,,,,,,,,,,,,,,,,,,,,,,,,,,,,,,,,,,,,,,,,,,,,,,,,,,,,,,,,,,,,,,,,,,,,,,,,,,,,,,,,,,,,,,,,,,,
rdkit_fr_phenol_noOrthoHbond,,,,,,,,,,,,,,,,,,,,,,,,,,,,,,,,,,,,,,,,,,,,,,,,,,,,,,,,,,,,,,,,,,,,,,,,,,,,,,,,,,,,,,,,,,,,,,,,,,,,,,,,,,,,,,,,,,,,,,,,,,,,,,,,,,,,,,,,,,,,,,,,,,,,,,,,,,,,,,,,,,,,,,,,,,,,,,,,,,,,,,,,,,,,,,,,,,,,,,,,,,,,,,,,,,,,,,,,,,,,,,,
rdkit_fr_phos_acid,0.041444590417735315,0.0031609452864408165,0.10871254193426537,0.011003704191843447,-0.020624302983995493,0.0,0.15094232152521056,0.15094232152521056,-0.07232549917517307,-0.33953562323739167,0.05345074766085994,-0.0251627872256455,0.0031474341113141057,0.006351245988348283,0.0031607861210394494,0.0,,0.28106529816240505,0.24602334686430616,0.24992847935421578,0.28106529816240505,0.20763589046362513,0.20132667852704658,0.16997720359854143,0.2653443563336178,0.054633362821194124,-0.011706281947614154,0.03902093982538052,0.22632312746102698,0.05853140973807077,0.2809507667427397,0.08194397363329908,0.009458778230861794,0.1037654583456926,0.0031449675927918003,0.0,-0.012586056377346501,0.06607679598106914,0.0,-0.012575572438191844,0.06602175530050718,-0.00628800996700875,0.07231211462060062,-0.031443630604376854,0.07860907651094214,-0.031440944912689374,0.07860236228172343,0.2898017442639876,0.009858462214101443,-0.00944823452989687,-0.040930074727718625,0.07867687460727447,0.059792719213088395,-0.11961358771749211,-0.1936019822520301,-0.1384313973221705,-0.09716076648176879,,0.6727855545023423,0.2126070914577007,0.4143422419942631,,-0.033783783783783786,-0.033783783783783786,-0.06542616127019114,-0.07039635615364329,-0.22753720274738992,0.0031504241210011125,0.3240314008385232,,-0.05455447255899809,-0.033783783783783786,-0.12459409831123304,-0.18335805362930116,-0.033786868919974296,,,-0.06016386888898618,,,0.7414890092515732,-0.01573638489057096,0.07941768173595759,-0.023728949893812475,-0.08882740115504992,-0.033786868919974296,,,,0.001574492128076983,0.0,-0.01905553673410539,,0.12129635619574625,-0.033783783783783786,-0.05453370177105353,-0.07521088613627057,-0.023728949893812475,-0.023728949893812475,0.4384340719381592,-0.12969956533389165,0.1988713938690096,0.38288288288288286,0.15260500897485346,-0.2043603239277844,-0.013885460803216804,0.1292621226628018,0.060127122867303096,0.028300879303112588,0.11318498495023842,-0.7849865475294504,0.06668961184038869,0.0,-0.1082410914885227,0.014356229736215968,-0.04165895275996969,-0.04140514951750679,-0.046252979902924825,-0.048450158311150925,,,,-0.05886239394241675,-0.023728949893812475,0.008033346027315421,-0.09422844750902085,0.07176274521298577,-0.04140514951750679,-0.06706211525616813,-0.033783783783783786,-0.04140514951750679,-0.046261706194313454,,-0.048436516143258036,-0.03778160744097104,-0.046252979902924825,0.1603339845680277,-0.012575572438191844,-0.048450158311150925,-0.2502166273934592,-0.24998890606393998,,,,,,-0.048450158311150925,-0.048450158311150925,-0.08412127926994935,-0.0761832175161754,,,,,-0.05455447255899809,-0.023728949893812475,,,,,,-0.027777777777777776,,-0.023728949893812475,-0.023728949893812475,-0.048450158311150925,,,,,,,,,-0.023728949893812475,,,,,-0.08711865541641614,,,-0.033783783783783786,,,,,,,-0.07053456158585983,-0.07053456158585983,,,-0.033786868919974296,,,,,,,,,,,,1.0,0.8108848540793832,,,,,,,,,,,,,,,,
rdkit_fr_phos_ester,-0.049215631809757895,-0.003844743986022713,0.10889531928013396,-0.011472090515917289,-0.02042709193270654,0.0,0.06119842118218685,0.06119842118218685,-0.01529938743779446,-0.2791482428355993,-0.019121647816504564,-0.05738659607165097,-0.0038283099751161174,-0.0038625968823630483,-0.00384455038880282,0.0,,0.28106529816240505,0.24602334686430616,0.24992847935421578,0.28106529816240505,0.17219536234797217,0.1549625754083786,0.12251727994384431,0.2653443563336178,0.054633362821194124,-0.011706281947614154,0.03902093982538052,0.22632312746102698,0.05853140973807077,0.2809507667427397,0.08194397363329908,-0.003834990002750806,0.11856349977377022,-0.0038253098813480512,-0.003836060956727004,-0.01913595466683658,-0.0038271909333673156,-0.003834496018735121,-0.019120014790327326,0.0,-0.011472417100232094,0.003824139033410698,-0.04207032029368765,-0.003824574572153423,-0.04206672694561268,-0.007648495808293214,0.2107299697992389,0.00399625687711498,-0.01915357569520803,-0.08042089974622289,0.07655746318241002,-0.0038277639784827402,-0.003828664998245135,-0.09264919581319676,-0.04838444974896264,-0.0787861939508101,,0.5379745104089411,0.29637281079704175,0.5283616971410992,,-0.027394758583762942,-0.027394758583762942,-0.05305308323455313,-0.05708333898736732,-0.13739843618427,0.011495840416407704,0.24379065945100573,,-0.04423739552038088,-0.027394758583762942,-0.11318082088228736,-0.14868226856147557,-0.0273972602739726,,,-0.048785970044896695,,,0.6012622070684284,-0.03445306964746463,0.011591747147841277,-0.019241446072101123,-0.07202879422386348,-0.0273972602739726,,,,0.009575488646436314,0.0,-0.02510924995156398,,-0.008430632408069879,-0.027394758583762942,-0.044220552803029334,-0.06098736842979086,-0.019241446072101123,-0.019241446072101123,0.37748985762069526,-0.026934142381811896,0.13085998621807787,-0.027394758583762942,0.26632095550002916,-0.17208625650348142,-0.011259509857241452,0.10481669747341735,0.04875617325246621,0.019123961986685572,0.06883499250401345,-0.6453744479094707,0.0,-0.0038667262456436595,-0.015489010884187745,0.011641249254781586,-0.03378061382986794,-0.06849260959426261,-0.07233269308583111,-0.03928749955226063,,,,-0.06579085972596617,-0.019241446072101123,-0.0039084711726773145,0.0,0.007758843090715721,-0.06849260959426261,-0.06991669741339629,-0.027394758583762942,-0.06849260959426261,-0.07234633969104695,,-0.039276437324939475,-0.07659133309164085,-0.07233269308583111,0.11089292913917424,-0.019120014790327326,-0.03928749955226063,-0.20289687339218054,-0.2027122176151226,,,,,,-0.03928749955226063,-0.03928749955226063,-0.019184813793501725,-0.01077485184050613,,,,,-0.04423739552038088,-0.019241446072101123,,,,,,0.033786868919974296,,-0.019241446072101123,-0.019241446072101123,-0.03928749955226063,,,,,,,,,-0.019241446072101123,,,,,-0.09596811828896512,,,-0.027394758583762942,,,,,,,-0.057195407679103215,-0.057195407679103215,,,-0.0273972602739726,,,,,,,,,,,,0.8108848540793832,1.0,,,,,,,,,,,,,,,,
rdkit_fr_piperdine,,,,,,,,,,,,,,,,,,,,,,,,,,,,,,,,,,,,,,,,,,,,,,,,,,,,,,,,,,,,,,,,,,,,,,,,,,,,,,,,,,,,,,,,,,,,,,,,,,,,,,,,,,,,,,,,,,,,,,,,,,,,,,,,,,,,,,,,,,,,,,,,,,,,,,,,,,,,,,,,,,,,,,,,,,,,,,,,,,,,,,,,,,,,,,,,,,,,,,,,,,,,,,,,,,,,,,,,,,,,,,,
rdkit_fr_piperzine,,,,,,,,,,,,,,,,,,,,,,,,,,,,,,,,,,,,,,,,,,,,,,,,,,,,,,,,,,,,,,,,,,,,,,,,,,,,,,,,,,,,,,,,,,,,,,,,,,,,,,,,,,,,,,,,,,,,,,,,,,,,,,,,,,,,,,,,,,,,,,,,,,,,,,,,,,,,,,,,,,,,,,,,,,,,,,,,,,,,,,,,,,,,,,,,,,,,,,,,,,,,,,,,,,,,,,,,,,,,,,,
rdkit_fr_priamide,,,,,,,,,,,,,,,,,,,,,,,,,,,,,,,,,,,,,,,,,,,,,,,,,,,,,,,,,,,,,,,,,,,,,,,,,,,,,,,,,,,,,,,,,,,,,,,,,,,,,,,,,,,,,,,,,,,,,,,,,,,,,,,,,,,,,,,,,,,,,,,,,,,,,,,,,,,,,,,,,,,,,,,,,,,,,,,,,,,,,,,,,,,,,,,,,,,,,,,,,,,,,,,,,,,,,,,,,,,,,,,
rdkit_fr_prisulfonamd,,,,,,,,,,,,,,,,,,,,,,,,,,,,,,,,,,,,,,,,,,,,,,,,,,,,,,,,,,,,,,,,,,,,,,,,,,,,,,,,,,,,,,,,,,,,,,,,,,,,,,,,,,,,,,,,,,,,,,,,,,,,,,,,,,,,,,,,,,,,,,,,,,,,,,,,,,,,,,,,,,,,,,,,,,,,,,,,,,,,,,,,,,,,,,,,,,,,,,,,,,,,,,,,,,,,,,,,,,,,,,,
rdkit_fr_pyridine,,,,,,,,,,,,,,,,,,,,,,,,,,,,,,,,,,,,,,,,,,,,,,,,,,,,,,,,,,,,,,,,,,,,,,,,,,,,,,,,,,,,,,,,,,,,,,,,,,,,,,,,,,,,,,,,,,,,,,,,,,,,,,,,,,,,,,,,,,,,,,,,,,,,,,,,,,,,,,,,,,,,,,,,,,,,,,,,,,,,,,,,,,,,,,,,,,,,,,,,,,,,,,,,,,,,,,,,,,,,,,,
rdkit_fr_quatN,,,,,,,,,,,,,,,,,,,,,,,,,,,,,,,,,,,,,,,,,,,,,,,,,,,,,,,,,,,,,,,,,,,,,,,,,,,,,,,,,,,,,,,,,,,,,,,,,,,,,,,,,,,,,,,,,,,,,,,,,,,,,,,,,,,,,,,,,,,,,,,,,,,,,,,,,,,,,,,,,,,,,,,,,,,,,,,,,,,,,,,,,,,,,,,,,,,,,,,,,,,,,,,,,,,,,,,,,,,,,,,
rdkit_fr_sulfide,,,,,,,,,,,,,,,,,,,,,,,,,,,,,,,,,,,,,,,,,,,,,,,,,,,,,,,,,,,,,,,,,,,,,,,,,,,,,,,,,,,,,,,,,,,,,,,,,,,,,,,,,,,,,,,,,,,,,,,,,,,,,,,,,,,,,,,,,,,,,,,,,,,,,,,,,,,,,,,,,,,,,,,,,,,,,,,,,,,,,,,,,,,,,,,,,,,,,,,,,,,,,,,,,,,,,,,,,,,,,,,
rdkit_fr_sulfonamd,,,,,,,,,,,,,,,,,,,,,,,,,,,,,,,,,,,,,,,,,,,,,,,,,,,,,,,,,,,,,,,,,,,,,,,,,,,,,,,,,,,,,,,,,,,,,,,,,,,,,,,,,,,,,,,,,,,,,,,,,,,,,,,,,,,,,,,,,,,,,,,,,,,,,,,,,,,,,,,,,,,,,,,,,,,,,,,,,,,,,,,,,,,,,,,,,,,,,,,,,,,,,,,,,,,,,,,,,,,,,,,
rdkit_fr_sulfone,,,,,,,,,,,,,,,,,,,,,,,,,,,,,,,,,,,,,,,,,,,,,,,,,,,,,,,,,,,,,,,,,,,,,,,,,,,,,,,,,,,,,,,,,,,,,,,,,,,,,,,,,,,,,,,,,,,,,,,,,,,,,,,,,,,,,,,,,,,,,,,,,,,,,,,,,,,,,,,,,,,,,,,,,,,,,,,,,,,,,,,,,,,,,,,,,,,,,,,,,,,,,,,,,,,,,,,,,,,,,,,
rdkit_fr_term_acetylene,,,,,,,,,,,,,,,,,,,,,,,,,,,,,,,,,,,,,,,,,,,,,,,,,,,,,,,,,,,,,,,,,,,,,,,,,,,,,,,,,,,,,,,,,,,,,,,,,,,,,,,,,,,,,,,,,,,,,,,,,,,,,,,,,,,,,,,,,,,,,,,,,,,,,,,,,,,,,,,,,,,,,,,,,,,,,,,,,,,,,,,,,,,,,,,,,,,,,,,,,,,,,,,,,,,,,,,,,,,,,,,
rdkit_fr_tetrazole,,,,,,,,,,,,,,,,,,,,,,,,,,,,,,,,,,,,,,,,,,,,,,,,,,,,,,,,,,,,,,,,,,,,,,,,,,,,,,,,,,,,,,,,,,,,,,,,,,,,,,,,,,,,,,,,,,,,,,,,,,,,,,,,,,,,,,,,,,,,,,,,,,,,,,,,,,,,,,,,,,,,,,,,,,,,,,,,,,,,,,,,,,,,,,,,,,,,,,,,,,,,,,,,,,,,,,,,,,,,,,,
rdkit_fr_thiazole,,,,,,,,,,,,,,,,,,,,,,,,,,,,,,,,,,,,,,,,,,,,,,,,,,,,,,,,,,,,,,,,,,,,,,,,,,,,,,,,,,,,,,,,,,,,,,,,,,,,,,,,,,,,,,,,,,,,,,,,,,,,,,,,,,,,,,,,,,,,,,,,,,,,,,,,,,,,,,,,,,,,,,,,,,,,,,,,,,,,,,,,,,,,,,,,,,,,,,,,,,,,,,,,,,,,,,,,,,,,,,,
rdkit_fr_thiocyan,,,,,,,,,,,,,,,,,,,,,,,,,,,,,,,,,,,,,,,,,,,,,,,,,,,,,,,,,,,,,,,,,,,,,,,,,,,,,,,,,,,,,,,,,,,,,,,,,,,,,,,,,,,,,,,,,,,,,,,,,,,,,,,,,,,,,,,,,,,,,,,,,,,,,,,,,,,,,,,,,,,,,,,,,,,,,,,,,,,,,,,,,,,,,,,,,,,,,,,,,,,,,,,,,,,,,,,,,,,,,,,
rdkit_fr_thiophene,,,,,,,,,,,,,,,,,,,,,,,,,,,,,,,,,,,,,,,,,,,,,,,,,,,,,,,,,,,,,,,,,,,,,,,,,,,,,,,,,,,,,,,,,,,,,,,,,,,,,,,,,,,,,,,,,,,,,,,,,,,,,,,,,,,,,,,,,,,,,,,,,,,,,,,,,,,,,,,,,,,,,,,,,,,,,,,,,,,,,,,,,,,,,,,,,,,,,,,,,,,,,,,,,,,,,,,,,,,,,,,
rdkit_fr_unbrch_alkane,,,,,,,,,,,,,,,,,,,,,,,,,,,,,,,,,,,,,,,,,,,,,,,,,,,,,,,,,,,,,,,,,,,,,,,,,,,,,,,,,,,,,,,,,,,,,,,,,,,,,,,,,,,,,,,,,,,,,,,,,,,,,,,,,,,,,,,,,,,,,,,,,,,,,,,,,,,,,,,,,,,,,,,,,,,,,,,,,,,,,,,,,,,,,,,,,,,,,,,,,,,,,,,,,,,,,,,,,,,,,,,
rdkit_fr_urea,,,,,,,,,,,,,,,,,,,,,,,,,,,,,,,,,,,,,,,,,,,,,,,,,,,,,,,,,,,,,,,,,,,,,,,,,,,,,,,,,,,,,,,,,,,,,,,,,,,,,,,,,,,,,,,,,,,,,,,,,,,,,,,,,,,,,,,,,,,,,,,,,,,,,,,,,,,,,,,,,,,,,,,,,,,,,,,,,,,,,,,,,,,,,,,,,,,,,,,,,,,,,,,,,,,,,,,,,,,,,,,
