scenario_run,n_subset,subset_repeat,rmse_mean,rmse_std,mae_mean,mae_std,median_ae_mean,median_ae_std,r2_mean,r2_std,explained_variance_mean,explained_variance_std,mape_mean,mape_std,max_error_mean,max_error_std,mean_error_mean,mean_error_std,std_error_mean,std_error_std,mean_absolute_log_error_mean,mean_absolute_log_error_std,rmse_log1p_mean,rmse_log1p_std,pearson_mean,pearson_std,spearman_mean,spearman_std,train_rmse_mean,train_rmse_std,train_mae_mean,train_mae_std,train_r2_mean,train_r2_std,train_val_rmse_gap_mean,train_val_rmse_gap_std,train_val_rmse_ratio_mean,train_val_rmse_ratio_std,rmse_ratio_mean,rmse_ratio_std,train_val_r2_gap_mean,train_val_r2_gap_std,inner_best_rmse_mean,inner_best_rmse_std,inner_selected_rmse_mean,inner_selected_rmse_std,inner_selected_rmse_gap_vs_min_mean,inner_selected_rmse_gap_vs_min_std,one_se_threshold_mean,one_se_threshold_std,one_se_candidate_count_mean,one_se_candidate_count_std,inner_selected_complexity_score_mean,inner_selected_complexity_score_std,n_train_mean,n_train_std,n_val_mean,n_val_std
XGBoost__provided_plus_rdkit_descriptors,30,1,2167863.643639948,482342.16756699857,1849790.3875,300467.8975105365,1623794.0,407886.5008598057,-0.11922466457488197,0.4356811342841552,-0.05095745357582646,0.35538465859849455,1.666056646850263,1.8450196433378672,3757356.95,1655242.1067181476,104243.20416666668,531112.9029521183,2313694.677262337,531373.7237844245,0.705790480972967,0.2636674979746244,0.8653159111337307,0.3979347933423395,0.28930089624562894,0.4437162666836592,0.4057142857142858,0.2698450046426879,684563.7373028002,501498.83402580547,555424.3277994792,430795.82352153654,0.8701143300694367,0.11802343391230717,1483299.906337148,714289.4379852546,7.961208524564922,8.609301501823252,7.961208524564922,8.609301501823252,0.9893389946443186,0.511158069857587,2180945.0209727963,288458.6591654792,2240484.1344230017,244984.40509662422,59539.11345020542,59329.6305654168,2342658.465486945,179801.10609125157,5.8,3.03315017762062,23.542814678870553,2.1217627748713332,24.0,0.0,6.0,0.0
XGBoost__provided_plus_rdkit_descriptors,30,2,2343388.826288876,722882.5372450819,1908185.6580729163,548959.5880114749,1551585.73671875,724998.2150008902,0.18542083623585498,0.21310668331432817,0.25960877701817014,0.2619722822915675,2.3620488905837878,3.3830343198422588,4381571.2,1505382.1086189111,237787.7919270833,622589.6482613106,2455207.6562612937,882760.4389708429,0.7405652691799578,0.1621115190883421,1.0631183134613609,0.46972211487318477,0.5571463773158396,0.2838759807481737,0.5542857142857144,0.4167904578013822,962143.9350794803,714381.5359802583,755326.1541666666,620421.52294634,0.8226591624692843,0.2060705911196317,1381244.8912093956,1073560.7616553453,4.16460275296138,3.8174363503392974,4.16460275296138,3.8174363503392974,0.6372383262334292,0.27957660703636233,2328075.2425245577,387239.37947565306,2465952.923739767,444949.3264936161,137877.68121520942,157187.96458608663,2616513.1645357185,498959.4296362454,7.4,4.03732584763727,23.80573269934775,1.0543199679439548,24.0,0.0,6.0,0.0
XGBoost__provided_plus_rdkit_descriptors,30,3,2617233.207000743,700646.4168461104,2016383.7083333333,473349.9867475052,1499784.7375,464214.9875440014,-0.40440614640765987,0.4194241928970634,-0.29568711354618005,0.392554487293914,2.0866877567088977,2.9013627661636754,5176299.95,1935538.6527751565,-32825.21666666668,677345.9313852127,2776383.018910964,822435.0318755012,0.6972327796759433,0.22173366226219574,0.9144833769584165,0.39428855808466007,0.13765513250625966,0.2702782538109833,0.24571428571428577,0.39465820913901734,891932.8210880788,688183.6704504441,695510.9923828125,558146.7669715509,0.8065517554332138,0.2122488996422067,1725300.3859126642,1175523.7083936413,29.511320171294056,59.09883338839472,29.511320171294056,59.09883338839472,1.2109579018408736,0.5509737681171608,2350490.8949211603,188015.0034493239,2416549.3685485953,135139.18596474125,66058.47362743458,84288.52041878026,2613935.8260128256,208029.6028180477,6.6,3.6469165057620936,24.92323562431088,3.4440387607111003,24.0,0.0,6.0,0.0
XGBoost__provided_plus_rdkit_descriptors,30,4,1466305.5299123789,760488.2703079551,1225437.1177083333,655236.3318350167,1097443.1625,624998.4837886696,0.2675852749702589,0.49115544309075504,0.5046385221632221,0.28148645108939163,0.6128557256704287,0.24318496184662317,2503647.65,1406884.5995145466,22297.607291666653,936778.577521553,1350722.732345343,764665.4027842266,0.45925762826216665,0.1664367821559515,0.5604798109862068,0.20569431691518922,0.738190394552259,0.1602011953219928,0.68,0.23070433415070113,944829.2460430458,389060.616853582,701477.2348958334,310340.4488757234,0.7896382909550225,0.13043747106062323,521476.283869333,1089637.482232645,2.3317505414840336,2.6930464996979975,2.3317505414840336,2.6930464996979975,0.5220530159847635,0.45623165565830687,2026509.7960681245,321229.13608409243,2154672.386073808,287351.23728964565,128162.59000568418,111743.86895260568,2320584.8213870497,333285.5862875597,7.8,4.43846820423443,24.218424292593273,2.0712628831852244,24.0,0.0,6.0,0.0
XGBoost__provided_plus_rdkit_descriptors,30,5,2401644.117955777,369745.3192816107,2146349.9083333337,305166.629785725,2233193.0875,425303.7801113541,-0.7217355243934469,1.8750203504845213,-0.4422624514220244,1.3621570789108397,1.6703149701203173,0.9202047536613782,3597856.65,845443.2438118925,109124.12499999996,781074.6091102882,2515147.598059985,398096.9220037428,0.8584420379562087,0.14038924168140704,1.0555983403610407,0.1683325476412658,0.4359768309923361,0.3061449625109486,0.24571428571428572,0.2536267545276817,1155771.6595495294,630583.6098599674,910339.2669270834,515394.35099804634,0.7218174636738877,0.16844614627070856,1245872.4584062477,777962.0603255213,9.385535660747843,17.174236610215296,9.385535660747843,17.174236610215296,1.4435529880673346,2.030612506137356,2513833.6275438955,241543.35532457544,2605589.6535555487,156969.91611064697,91756.02601165306,161527.0264628419,2798895.356487062,171743.5100994008,5.6,4.09878030638384,24.364607099999027,4.944057280816983,24.0,0.0,6.0,0.0
XGBoost__provided_plus_rdkit_descriptors,30,6,2261931.160657955,509354.987346139,1812812.4875,240042.95490498183,1468726.9125,540043.2866947551,-1.9238287675505656,3.7016558360802847,-0.30237436730304407,0.5401296607064862,1.3284691810396316,0.6187100221824241,4191870.325,1680766.8668265352,361785.5375,1177762.3492221145,2106953.6275935294,758868.0628719555,0.7607409888855307,0.1600626007286863,0.9323780584119639,0.14720341754839597,0.22097947523653144,0.20891850759007144,0.21781025428076733,0.1733842896887825,806390.6470342437,326523.0877811675,615006.7848958333,279663.4234436706,0.8446265771273369,0.09286070430743341,1455540.5136237114,580770.9397484419,3.35130841081398,1.7149431876741494,3.35130841081398,1.7149431876741494,2.7684553446779026,3.630023113312262,1965198.4403427641,297728.23488798115,2077308.7986877982,268106.82323586923,112110.3583450343,76996.59722228766,2249585.2009039805,219086.06160538836,7.4,4.39317652729776,23.109174378977485,3.233118118723711,24.0,0.0,6.0,0.0
XGBoost__provided_plus_rdkit_descriptors,30,7,2036101.827727334,545239.6145638141,1697781.3895833332,499831.64899795415,1592489.2125,652531.281914586,0.04918840425802462,0.3860441710566334,0.2838245105415239,0.28846355057020123,1.4715110407602743,0.8421593415541084,3285586.1,844622.5008713693,145777.0729166667,964375.235254639,1983913.5367267276,712403.233303251,0.6821303951724506,0.24695492454290868,0.9013720760416264,0.3252125707973355,0.534792345164338,0.2569016373966119,0.6140147353379733,0.32452583077212777,784542.4820561638,438856.0730966055,574114.0130208333,358646.467169223,0.8555742258869377,0.10625899040599021,1251559.3456711706,309095.94236707094,4.855035092570825,5.664580461478291,4.855035092570825,5.664580461478291,0.806385821628913,0.31021579207985334,2191042.0365179316,60352.298884753625,2298871.8412402156,132328.67950169145,107829.80472228424,98582.36139398244,2418896.4032902466,117181.62908810272,6.4,4.8270073544588685,24.10977130531885,2.1442110531313725,24.0,0.0,6.0,0.0
XGBoost__provided_plus_rdkit_descriptors,30,8,2482912.5033794018,919366.5410737928,2095155.6885416668,902310.6482322117,1891528.5125,1080906.5196837625,-1.6739294910217701,2.3566198044682247,-0.5202924908774839,0.8873997832087177,1.2819032408516995,1.1203543055817644,4343165.33125,1726917.3162222593,-233627.6135416667,1181675.7330420401,2403133.302298418,1133688.5062555438,0.7650185612699085,0.2975455683940722,0.9599508530553515,0.41892107628849784,0.11974720529282135,0.27804410374424854,0.07428571428571427,0.4028470110174759,885233.5686319668,645166.3993648445,747777.94765625,578478.1846746367,0.8090204010283248,0.17997569191913024,1597678.9347474352,1544446.871571356,7.153052298488207,7.841124391424701,7.153052298488207,7.841124391424701,2.4829498920500948,2.2892919567915126,2327584.8922441388,464743.6648157913,2438005.082336145,391041.7487547854,110420.19009200591,111684.21983271948,2586010.076053988,504595.65527134767,6.2,4.147288270665544,23.822127283674114,1.866963454785524,24.0,0.0,6.0,0.0
XGBoost__provided_plus_rdkit_descriptors,30,9,2342994.2969620214,1090049.2303369069,1863293.2416666665,836636.7666034044,1624747.25625,1191716.152216622,0.004318606620113385,0.38568077269935663,0.049647197694757096,0.4008806842670011,1.278062926481481,0.5105539688946467,4458988.5375,2350423.663343832,-87377.28333333333,595605.7174953219,2497660.0346875214,1193839.4165257884,0.814962099038104,0.23446595051647598,0.9873153306080867,0.2862744730642643,0.352805876571341,0.4347145455124135,0.3828571428571429,0.45785658569166016,1038846.8485683032,449512.0375190916,752562.841015625,340023.8422030534,0.8046830652212684,0.14387578621696928,1304147.448393718,1401934.434163531,3.0882541522038363,2.833909904213364,3.0882541522038363,2.833909904213364,0.800364458601155,0.48499573155008585,2122935.7014349946,337740.3840262916,2308267.8183311857,440427.8199666938,185332.11689619123,169152.50020554208,2570831.5976889743,366257.5509248393,10.6,0.5477225575051662,23.891975704886203,1.133390883666816,24.0,0.0,6.0,0.0
XGBoost__provided_plus_rdkit_descriptors,30,10,2418273.660909828,737086.1256677404,1817984.8375,585418.353427559,1215002.04375,394286.6528458435,-0.2632444957426357,0.5355751175311857,-0.172876482172197,0.49902637694650204,2.5007123393688646,3.3480905621345323,4864295.6,1333582.0355840109,114561.76250000003,548712.7419939832,2578066.5134077924,857323.3392960903,0.7730009298007163,0.3712792355099577,1.0089101881358264,0.5053424094537221,0.2650749068596277,0.37072085164645163,0.23428571428571435,0.3971325795175784,935418.3717445604,701162.8649317262,688715.938671875,551781.1191934997,0.7576395419985249,0.2878302754634967,1482855.2891652675,1040900.7293980182,4.563350343074259,3.867254264688702,4.563350343074259,3.867254264688702,1.0208840377411605,0.7866525021865891,2334262.045739694,250678.29202012505,2400944.7689461135,305721.5591954429,66682.72320641922,79124.26772678918,2555419.6285584187,328804.5503739559,6.8,4.494441010848846,26.272370424613133,8.081767790379342,24.0,0.0,6.0,0.0
XGBoost__provided_plus_rdkit_descriptors,35,1,2190690.046684637,617406.728761397,1503317.030357143,312077.5749918068,941676.575,407608.6380989199,-0.17451753829360944,0.3198755566994556,0.06861626408116298,0.12102175752815651,0.714919084122912,0.2441260101711338,4777376.675,1908422.6166611917,-24775.776785714297,1051507.2260021162,2141592.3770005144,647750.6144168207,0.5757807834478385,0.059251039631512244,0.7175867620118138,0.029720124028925633,0.37921900959436494,0.13665271551305494,0.6000000000000002,0.10832679205787932,1021643.4765964269,443469.0235807416,697568.6104910715,314613.5868448066,0.7600104722084264,0.1716422072020996,1169046.5700882103,918545.4620248416,2.8751268513610797,2.3484732101932506,2.8751268513610797,2.3484732101932506,0.9345280105020357,0.37264476510462496,2038201.123255526,193743.14470820097,2123367.490639693,179788.98518530675,85166.36738416697,80937.3657408058,2343710.604690074,157926.01424953216,8.0,3.082207001484488,22.54193363510843,2.362701144254451,28.0,0.0,7.0,0.0
XGBoost__provided_plus_rdkit_descriptors,35,2,2842588.900943181,167405.03328499565,2241826.2888392857,213927.43607592428,1893190.525,464639.6463076958,-0.4865161153897014,0.8133986727505281,-0.1450930693746773,0.4122760753315594,1.3084446439918456,0.7066008721347476,5355914.15,1116544.24375027,313160.971875,1210936.084379429,2795663.6818895983,439357.176076037,0.7889928033484,0.16198208695716038,0.9602948820033642,0.15397072190175953,0.45107067399430634,0.29561569528822307,0.4399644611521413,0.2745968376554207,879660.3887937801,391117.51947171293,674341.0258928571,284748.6072368718,0.8781720942681671,0.11461509757727305,1962928.5121494005,276240.964425445,3.707629834550332,1.3784632847048273,3.707629834550332,1.3784632847048273,1.3646882096578685,0.8909337986414312,2587076.511693712,278880.9825632611,2637383.516123299,268285.4097336132,50307.00442958716,77960.33257560452,2909906.3285551956,322737.641937141,8.8,2.2803508501982757,22.64945473058365,1.458802994465714,28.0,0.0,7.0,0.0
XGBoost__provided_plus_rdkit_descriptors,35,3,2445165.915112789,529130.7002933862,1994811.267857143,541911.7539983008,1465580.45,622411.4157526103,-0.0725200502060472,0.39026577189262857,0.025089481107054022,0.32958756460277355,2.4799853964220793,3.4770608169819135,4452794.55,937645.0433516339,166693.75714285712,787055.1887496342,2525681.654322729,555628.6020520146,0.7620725846884776,0.27862251516631514,0.971082966483177,0.425613391403033,0.26640831815562743,0.3333743776304335,0.3714285714285715,0.22246302146282051,1062392.2340521966,458496.7873634591,801833.1313616071,452215.0605365155,0.7748514619811946,0.18626492005102147,1382773.6810605924,238251.7449981718,2.4905052432331147,0.5998130173676438,2.4905052432331147,0.5998130173676438,0.8473715121872418,0.28502508349147787,2393250.6087398,148958.2307329434,2484765.930350648,148530.1062555656,91515.32161084787,43332.821147814524,2638335.6705452628,229384.282940407,8.4,3.1304951684997055,22.775276790681776,0.9984388883423634,28.0,0.0,7.0,0.0
XGBoost__provided_plus_rdkit_descriptors,35,4,1563065.4800833622,918155.0639432537,1232389.032142857,761036.9636352648,1031527.2,853925.7502062056,0.2781068669261966,0.5099811191807732,0.4072102531694866,0.41001361913796547,0.8390120247116165,1.0513783436881172,2972163.85,1649692.6873589933,116121.7107142857,780319.8583387489,1553974.140224258,893241.5590023646,0.4422872302575695,0.27900123476897637,0.5683824818838505,0.38119800701443124,0.691634768959933,0.2879984534371862,0.6000000000000001,0.18105416936623678,738290.9845799466,419071.10400176456,532456.2236607142,324622.4565812572,0.8583296078182061,0.11696908881848674,824774.4955034155,1294929.8294278127,5.324120610359067,8.597637859664397,5.324120610359067,8.597637859664397,0.5802227408920094,0.5584676544729038,1800746.4621288762,367492.18774501275,1835129.4401608794,379061.4018121663,34382.97803200306,45258.667725597035,2008700.0236014791,381701.2742639735,6.8,3.898717737923586,24.301177665226426,3.209297654855669,28.0,0.0,7.0,0.0
XGBoost__provided_plus_rdkit_descriptors,35,5,2667053.499081119,893626.906145846,2230790.151785714,718407.6861909404,2002956.325,732340.4105559961,-0.9378898342195352,1.6852049009077872,-0.23121705427017303,0.5762622073928448,1.9302207530800382,1.9591420915411588,4970003.1125,1640570.4142233916,-297169.22321428574,1438337.5544437277,2520642.6419581547,905865.2491127647,0.8230943325058403,0.3173983513199618,0.9968449386557385,0.4790727913584139,0.3237476461684249,0.42080156035093724,0.2928571428571429,0.3714972463984528,878442.9047443053,304146.96029910195,653286.025669643,268151.545962858,0.8865341807850402,0.07116287307449105,1788610.5943368138,1116586.868565785,3.595894075747796,2.418701692575258,3.595894075747796,2.418701692575258,1.8244240150045754,1.644767478618356,2636639.713279011,348579.84150061826,2820259.455480245,308961.91921305144,183619.74220123392,135978.71040771814,2948237.3638125584,352178.57962977275,9.0,2.9154759474226504,23.090166025045775,1.1853875582205038,28.0,0.0,7.0,0.0
XGBoost__provided_plus_rdkit_descriptors,35,6,2351094.9849520097,537145.6093957042,1993520.8964285715,458683.15574229375,1896856.5,724235.234314122,-0.2565611916003355,0.46780261542498447,-0.16911294404803717,0.43955470481948367,1.6006744858883415,1.6980180891782641,4154188.45,719414.7985257793,-65578.03214285713,686189.8585506495,2449558.7258096016,584584.6266498013,0.6528692366822215,0.21674865612332261,0.8352929372345187,0.3832407219435265,0.0718400715213737,0.5437448832722853,0.05224625611792836,0.5968643077041598,1015657.9362999501,378366.6928858152,836222.8790178571,330513.6867056468,0.7813453687948889,0.17380385150253633,1335437.0486520599,755069.9912768584,2.610422712704785,1.201805336497103,2.610422712704785,1.201805336497103,1.0379065603952244,0.605619531591217,2208545.507700582,233219.88110421255,2287261.6613096367,181509.74677654222,78716.15360905454,88991.9454759065,2363305.212580143,200840.93363746814,5.6,1.6733200530681511,25.802633196155785,4.410552808323594,28.0,0.0,7.0,0.0
XGBoost__provided_plus_rdkit_descriptors,35,7,2222695.234817758,639111.2225426991,1782958.526785714,545112.8968439276,1418798.725,699496.334343183,0.07174495871798536,0.5210106219807211,0.26470913067399693,0.5858182751881972,1.2805508162396557,0.9750500350304464,4051157.625,1265220.5070608677,-150108.3410714286,1011206.5716302651,2138655.499053267,859140.0574476864,0.641283846650549,0.136374019608849,0.851575813990509,0.25431857258332136,0.5075853101834256,0.5321468659808225,0.38301553168540614,0.4832975980456121,1109603.3069833058,337004.64913532615,883771.2788225446,326461.369603709,0.8055607198683747,0.10387912665626942,1113091.9278344524,701743.7101861958,2.116280110958491,0.7273163303130886,2.116280110958491,0.7273163303130886,0.7338157611503894,0.4790004566348484,2188454.5005421145,202777.34314701386,2362098.7339619594,299625.8949497259,173644.23341984526,118300.03513023832,2463355.816348903,260280.77520932045,9.0,1.414213562373095,22.46619658420882,1.8053552769551087,28.0,0.0,7.0,0.0
XGBoost__provided_plus_rdkit_descriptors,35,8,2159504.388769356,212218.31975454278,1743000.3330357142,247848.42811880563,1300609.3,479584.80887155305,-1.4598900158514156,3.0166609138789573,-0.2551971079873945,0.8266930596434309,1.1484439022106194,0.48503236002781724,4035268.1125,516893.30159131816,-141893.99017857146,1260871.6425579821,1957444.8675974938,424036.85410218476,0.7568152433467347,0.19618744493176746,0.9221766976871816,0.21375256586060323,0.4118020612264036,0.24902226275519287,0.29613767991438855,0.34388048636334784,769853.8110786056,280560.96756640833,594576.6871651786,227355.67806964877,0.8420477250905567,0.09531727921844739,1389650.5776907504,403783.82337590714,3.2923936939848417,1.6893605142823556,3.2923936939848417,1.6893605142823556,2.3019377409419723,3.010605949005038,2040454.9928138636,325693.4304884795,2110831.8686385187,383329.11415830435,70376.87582465532,92437.46136177823,2196209.983783258,362609.0656802288,4.6,3.209361307176242,23.3197822902726,2.230363358178933,28.0,0.0,7.0,0.0
XGBoost__provided_plus_rdkit_descriptors,35,9,2165452.2330698343,580891.360324342,1825830.3455357142,533216.165068741,1811321.85,751926.3812362966,0.3361946544762352,0.4411227767190948,0.4238414947889761,0.31408846657030665,1.5454704109128143,1.648994437504424,3726453.325,1092830.8671238585,51205.16874999999,811522.851730837,2207135.173553535,608773.0510764364,0.6739464574703715,0.2634004030541763,0.8456139172340598,0.39778143062734417,0.6449959517245591,0.2973718232107548,0.642857142857143,0.30618621784789735,529793.0105872545,398404.90958830266,384259.2627232143,326863.24183576915,0.9479389357975547,0.07777929453088464,1635659.2224825793,623386.4225611638,6.648547743204105,6.217401666315128,6.648547743204105,6.217401666315128,0.6117442813213196,0.47268683094148173,2510477.3520525307,356112.73210320395,2684471.213303619,427631.7865336354,173993.8612510888,217809.14657323054,2843047.237365507,435649.62695985456,8.4,4.39317652729776,23.972694385094837,4.418090029077967,28.0,0.0,7.0,0.0
XGBoost__provided_plus_rdkit_descriptors,35,10,2407488.400508319,464361.4071272816,1982994.2285714287,354200.26027626055,1836531.025,542721.4392308452,-0.31711605012758015,0.5533980909687376,-0.17957261173606176,0.5203831672845329,1.5769340693280534,0.7808829883719399,4480434.725,854673.1525511137,311017.95,814065.4163840646,2456868.8487674943,494564.807264084,0.7122653831872486,0.09431888201964896,0.9622529557808679,0.16420127839332288,0.13469225902948492,0.42921187086887136,0.04285714285714289,0.4051643657397651,1123909.0300080203,268859.6693776958,903253.8599330357,236021.05894799408,0.7322888192310912,0.12326954976940875,1283579.3705002987,436258.79643083917,2.2335754565603607,0.5829182225853434,2.2335754565603607,0.5829182225853434,1.0494048693586713,0.5553946943152283,2248440.0723290322,52615.62485145401,2307786.5878333347,96671.7455882256,59346.51550430199,67564.61321685233,2387289.7490090774,113369.2419425517,5.4,4.277849927241487,25.086670663386887,2.473226308584282,28.0,0.0,7.0,0.0
XGBoost__provided_plus_rdkit_descriptors,40,1,1939140.8272400997,486784.9228959506,1603379.784375,426852.75067374523,1323135.05,505439.5474573139,-0.765409098124666,1.5846964688785423,-0.31217443340997864,0.81550570851765,1.1913435991851782,1.0563440447254087,3603921.25,837609.2451475173,150385.659375,707112.8925380845,1937325.1700920146,589354.1539902699,0.6445165433979418,0.19817376874005732,0.807412928529177,0.311429960010367,0.41307645655421527,0.18455193819725035,0.348591457334489,0.18999146773479023,654395.8424486183,434176.1417627629,508728.34306640626,347949.85145891627,0.8584652595821154,0.12244745545218846,1284744.9847914816,686038.1779207811,5.405642060134082,4.8050785013259345,5.405642060134082,4.8050785013259345,1.6238743577067811,1.689173612667107,2062731.6051165084,301046.5050188795,2115694.0701619475,332533.28948136885,52962.46504543894,59148.89808676056,2268240.111012923,310071.18738554313,4.6,3.361547262794322,24.495050967309183,7.506576288720914,32.0,0.0,8.0,0.0
XGBoost__provided_plus_rdkit_descriptors,40,2,2544718.5959177734,773623.4198936281,2107839.646875,530727.932812711,1771817.1875,403831.87735054886,-0.047794616712578564,0.4568577666763621,0.04096451347727288,0.4176502464748539,1.4314782981986884,0.9794406861874778,4598258.475,1610706.0112359708,-6408.184375,948424.0044767032,2593386.784908304,706896.2454632925,0.7971668737490474,0.19303824031266675,0.984339850381641,0.2597965887163131,0.36592179928759905,0.30296320572713714,0.4743672293816152,0.28919440034340493,1146296.844384629,416711.2593957848,898734.1461425781,363396.6398793726,0.7823115455940912,0.14208582151194915,1398421.7515331444,957068.8556370923,2.5367165067471933,1.2061786843050146,2.5367165067471933,1.2061786843050146,0.8301061623066698,0.5193643253587774,2434257.342237304,256109.39758023576,2508873.407197847,199382.4092355756,74616.06496054275,84459.10661738449,2641165.9662705855,182527.16994752618,5.8,3.3466401061363023,22.797149490135507,6.815274008164785,32.0,0.0,8.0,0.0
XGBoost__provided_plus_rdkit_descriptors,40,3,2172679.9729820527,288570.9617156138,1790864.33515625,356999.8953285976,1541307.553125,604673.1492466737,0.20891775446939748,0.2501787879344485,0.3031194774966653,0.26546167506411317,1.3586036020965293,1.2873245169168266,4130949.15,331254.32026020426,111653.56484375,854322.7723662765,2169708.361796501,319857.80001437716,0.6923664562811429,0.3106945030770294,0.8515868283836276,0.3688719816044875,0.6018922092079221,0.2310765756596637,0.4093785460474172,0.19292514264628974,1351867.5319163292,266884.17832976487,1042987.815234375,254460.43648361284,0.71708654035201,0.11027463073760821,820812.4410657234,247689.42126695998,1.6406671951233267,0.26359812002341865,1.6406671951233267,0.26359812002341865,0.5081687858826125,0.26329179314234985,2180757.215565438,323882.06545188266,2260730.934211946,257437.94192167604,79973.71864650818,79461.99689782716,2449563.0498799374,314392.88280618313,8.0,5.1478150704935,13.820027159995462,1.2616659758536197,32.0,0.0,8.0,0.0
XGBoost__provided_plus_rdkit_descriptors,40,4,2345580.817426425,816028.3273964036,1811773.98515625,730809.828517948,1360259.225,979775.6285488182,0.14268205673120118,0.5481844870723485,0.27066935001853515,0.5863678168007093,1.8263920088441192,1.706271796342519,4230294.275,1046726.6635663476,375134.31796875,964155.0996164861,2259643.7727682116,987296.5412280184,0.7426044473966116,0.2657767512555815,0.9658540326849447,0.4015159239461923,0.5930791094197028,0.36793589401393223,0.5848920489066143,0.33661156193584013,770781.7804355363,317105.78157828475,516536.1595703125,215333.65208515254,0.9193549648032802,0.048312582054422494,1574799.0369908884,819742.4571830567,3.9198085427213725,3.024900078176108,3.9198085427213725,3.024900078176108,0.776672908072079,0.5221429178762648,2181268.7308549127,183003.00980584577,2304116.8947393573,266747.2155317407,122848.1638844451,149119.1894706469,2509741.841451996,299957.8281705888,8.2,4.8166378315169185,19.158627994715182,6.62987461871213,32.0,0.0,8.0,0.0
XGBoost__provided_plus_rdkit_descriptors,40,5,2125214.936193657,861500.9217248143,1653026.7046875,606356.6495496058,1367778.10625,364442.22613640776,-0.1148986139233014,0.40167260216188316,0.22870739232529552,0.294656018757303,1.0775452146723024,0.5067820011130821,3996106.85,1558610.3489712558,-197419.0484375,1219823.8950673668,1946341.284242624,899381.6935262684,0.6649444058917064,0.16804739973003285,0.8686551141621042,0.16926086508768304,0.45088981757422325,0.2940683753565287,0.5110968252399646,0.2851259498545974,1303314.78840033,243051.82985291304,979262.77734375,178946.69669113698,0.658601967398634,0.10456464126518598,821900.1477933271,1017267.2304349272,1.7588269803088508,1.106574304943478,1.7588269803088508,1.106574304943478,0.7735005813219354,0.37152810289255517,2121597.1744496995,331826.8622909394,2222735.90764703,295395.5497960584,101138.73319733069,89797.96451534626,2347847.173216279,322534.57983024884,8.0,3.391164991562634,14.158808174895361,1.8760163285552627,32.0,0.0,8.0,0.0
XGBoost__provided_plus_rdkit_descriptors,40,6,2128640.436545663,865451.1677401951,1761037.7966796875,672218.2330199572,1616483.15,546608.404120421,-0.43071520980660444,0.5271963432501109,-0.0506455696813443,0.5250318399991107,2.6673611863325313,2.146350550296767,4037450.6484375,1979278.8897173367,-6983.4904296875,1243604.5073440997,1939264.0450310973,927648.5438209554,0.874787429066808,0.35311656059642715,1.2170236914594978,0.5036041936809006,0.35742938642781047,0.5520488087827019,0.3873808731781341,0.5720894525001667,985537.4078977011,284025.69747070014,727544.590625,260101.10057887327,0.7628133069508165,0.11679766916473626,1143103.028647962,1070469.9494621344,2.4836133549308514,1.5887792258208153,2.4836133549308514,1.5887792258208153,1.193528516757421,0.5810733676491809,1938865.9233387378,333098.74778513063,2023579.798576109,270224.37786967144,84713.87523737135,85350.57131307137,2140037.016584792,376346.0512371508,7.2,3.701351104664349,15.471560635728384,3.0416537788735605,32.0,0.0,8.0,0.0
XGBoost__provided_plus_rdkit_descriptors,40,7,2001487.157807663,926226.9077793519,1540292.79296875,770935.954068783,1178965.6125,641895.5637062637,0.14476827973307596,0.4588062476076428,0.2479187057679466,0.4341024181991152,0.6316014778824699,0.3897062543176932,3913097.6,1741931.4981883222,-175789.26171875,714067.9476779555,2021116.3857043697,984997.5090438472,0.4958212687293158,0.18106098439756893,0.6517583872972483,0.26763037908389437,0.6072946019176072,0.3194655400851671,0.5507579075723293,0.2998257614026671,1009113.4725547943,440292.37010091136,753001.947265625,380743.3388528281,0.8121235743398836,0.1214822508867134,992373.6852528686,1337050.6131015522,3.159668973140652,3.6890873531228157,3.159668973140652,3.6890873531228157,0.6673552946068076,0.5470005460941864,2354207.102739596,327816.03791738546,2439634.664049015,305118.70375446253,85427.56130941892,135358.78706306682,2595576.5484401598,381711.4784902897,5.8,4.08656334834051,19.808183740457757,4.382447260319964,32.0,0.0,8.0,0.0
XGBoost__provided_plus_rdkit_descriptors,40,8,2536242.7289504046,655939.3089141953,1883095.990625,593551.4076984033,1328427.45,753959.6721681389,-0.3651472611756844,0.7936040191084985,-0.2541488962258084,0.711280822634736,1.61499634608163,1.86300001268007,5025780.0125,1464906.9747021697,-276848.125,609189.3371995467,2624022.996174791,735224.4357797775,0.7365611334067013,0.23855667487805884,1.0039911593496798,0.36839447966584704,0.21409515342250804,0.4224736684832416,0.29800515147664935,0.41822284618204847,669992.4469063303,586454.036458329,492488.3673828125,459797.6238389193,0.8919674904746902,0.1504002573485668,1866250.2820440743,968018.3844487125,7.540678446499544,6.39831205843736,7.540678446499544,6.39831205843736,1.2571147516503747,0.736486291026061,2424574.88330457,221023.61573003719,2610298.784169174,267221.89071800007,185723.90086460384,115415.28001410306,2678902.4276397503,288946.6720840408,7.2,4.147288270665544,22.253456585144747,6.489359000835927,32.0,0.0,8.0,0.0
XGBoost__provided_plus_rdkit_descriptors,40,9,2266981.770134543,993368.2448252271,1787795.556640625,893431.2597314984,1413737.2,1063783.3500417194,-0.7609187114149836,1.5073484524651994,-0.3475393140224658,0.9015569961364553,1.9962658524863826,1.483362798563661,4627933.6,1942636.8973595013,391864.262109375,481533.2520358902,2281859.580693133,1215113.7225212543,0.7731940258462602,0.16845019232626957,1.0271727638128592,0.29200774684300307,0.4298067758178815,0.41542585054252223,0.5597933823992455,0.30021333796386845,1007859.1700099905,580719.1665325272,730110.2697265625,449001.8361900664,0.8082007996986489,0.1548963655408116,1259122.6001245524,1565797.3769298461,4.494612832300225,5.304577323345895,4.494612832300225,5.304577323345895,1.5691195111136325,1.532393288676559,2267082.97797702,215955.87132035237,2350623.2642172975,203529.65062304647,83540.28624027758,83795.49960914,2582999.8870750437,209806.71391432438,7.0,4.58257569495584,15.990402839567333,3.0704608289055555,32.0,0.0,8.0,0.0
XGBoost__provided_plus_rdkit_descriptors,40,10,2167840.4266752363,809444.7094259126,1610208.83671875,546338.4797671615,1162691.64375,543139.2575219597,-0.12555455409787458,0.6246819000932313,0.10712585132850667,0.4130547182306376,0.9849795531221478,0.4582321793680075,4447138.65,1956501.9794243723,-185107.91953125,1119928.817575875,2088334.8645876986,727064.1799907037,0.7025412306295484,0.14491785368281337,0.8637576594640726,0.14773493120040726,0.4653748193649833,0.27384632942968884,0.5953602331381912,0.17682550040472758,601393.8420985264,418627.08867001074,435225.2478027344,324067.7645528867,0.9074456727954721,0.08756808269280712,1566446.5845767097,1019470.9760534137,28.643465552567648,56.18502468131541,28.643465552567648,56.18502468131541,1.0330002268933467,0.6931529259863296,2151372.044690991,245291.7561935177,2238008.9373359038,303730.400646527,86636.89264491321,90482.67004260287,2375486.225260365,364956.2965600858,6.4,3.9115214431215897,19.661160623426287,8.2283070340359,32.0,0.0,8.0,0.0
XGBoost__provided_plus_rdkit_descriptors,45,1,1978797.7814421076,452601.6997147827,1511350.1194444443,317891.7970470374,936787.725,249100.43782349056,-0.30198833597697367,1.3084284291680521,-0.026071205230724724,0.8769115437359141,1.1733100080102765,0.9388933781994623,4108217.65,1498151.8712870695,-24505.4361111111,829400.7199467157,1948188.558149165,466677.0472861324,0.6596914292985204,0.15752809358491368,0.8628151832859207,0.22576571230365647,0.4756787067605984,0.3058248619183218,0.44873792426854414,0.2813101561559817,1263654.2893143515,323405.5009326243,897752.821875,264722.35606375703,0.690124956776042,0.12543623758169425,715143.4921277561,747288.5067502311,1.778117827415592,1.0801480533489516,1.778117827415592,1.0801480533489516,0.9921132927530156,1.2987376205659247,2035766.4684065455,214419.14557840527,2085722.7333416021,172718.7062057972,49956.26493505724,60346.55202085022,2208488.6905915043,188271.2155651555,7.2,3.7013511046643495,20.47465116813172,5.177268118732992,36.0,0.0,9.0,0.0
XGBoost__provided_plus_rdkit_descriptors,45,2,2377954.4069615426,658058.0013579696,1772476.0541666667,444775.81014556286,1122319.775,421355.0836242367,-0.20505635155251062,0.2411256065581435,0.11327711550799706,0.26516060183342915,1.8284021756222324,1.7410562866480839,4834447.0625,1760269.272278887,1767.0652777777984,1196633.6390704748,2221622.4514758037,811548.0325794489,1.0629150986274898,0.7344048119043619,1.878752456880488,1.8976638679986808,0.4162618722451329,0.250448693278057,0.3665309189833481,0.29017256712444034,765225.7016167978,552902.2665212909,557553.1980902778,475647.8942569759,0.8582405982041603,0.15893831763741217,1612728.7053447445,1000277.6258765103,4.931365175473923,3.2742517216617513,4.931365175473923,3.2742517216617513,1.0632969497566709,0.26137671311244803,2328369.897857351,181403.16313532818,2378382.3733340935,143153.37032517637,50012.47547674226,84163.94055678583,2432121.4397691838,157580.27940659216,3.8,2.7748873851023212,17.305031549830172,6.172720248258332,36.0,0.0,9.0,0.0
XGBoost__provided_plus_rdkit_descriptors,45,3,1613950.1698954273,368537.7225188399,1302217.2361111112,302233.33192866575,1109513.35,323521.93015015416,0.1790149162625524,0.2527683237199054,0.23846910818730088,0.18636029652975783,0.8646997349285822,0.5160048811763539,3123531.175,676665.5507850125,-4909.7472222222295,505414.14700562693,1652515.6155617363,339012.35211018106,0.5064506616843383,0.05709337350978181,0.6853732405377126,0.1641582891428853,0.5278761215376349,0.1628082636049505,0.4950546772221195,0.2574299733687817,1044295.5471277706,259356.83385408684,842281.1212673612,256406.76364637347,0.7228447989978745,0.11255179259616474,569654.6227676565,596761.2900237897,1.7051719291528393,0.8688978517212544,1.7051719291528393,0.8688978517212544,0.5438298827353221,0.32236472076581524,1665915.0647232016,199857.24393740753,1778480.9811241261,188170.26550143762,112565.9164009246,57023.11484628079,1891910.1067815213,237514.2930532507,9.6,2.701851217221259,15.705294321372829,3.477702928663778,36.0,0.0,9.0,0.0
XGBoost__provided_plus_rdkit_descriptors,45,4,1874902.5069371355,637606.8958791908,1541539.5600694444,541983.6454560304,1434149.678125,672568.206922611,-1.8505418920523014,4.00715454854124,-0.06430959554748691,0.6535525420215562,1.6903647017010421,0.9105521418430687,3798839.2,1434908.2102746307,-140810.99618055552,1285702.274344227,1587883.3029632154,601194.896805052,1.3169894016791701,1.204662274349033,2.1950923779042,2.562094877049228,0.5907051464895576,0.2160315104690435,0.5593525229110101,0.22480949199012087,854187.3559792098,395011.0936356407,639180.379861111,340854.83797455934,0.8412324266834448,0.13686402446557952,1020715.1509579256,502420.52941495937,2.5118854437146703,1.0177881197613505,2.5118854437146703,1.0177881197613505,2.691774318735746,3.969218704364732,1964719.1222451576,146858.39822279976,2025771.6199542247,221099.54103180865,61052.497709067444,76664.96122090671,2171027.718560426,234434.65131208996,6.8,3.3466401061363023,14.029703199513756,1.637031540209345,36.0,0.0,9.0,0.0
XGBoost__provided_plus_rdkit_descriptors,45,5,2096331.8592429038,787847.5035389556,1660578.538888889,659594.7618706403,1293244.05,692128.5894215982,-0.18214559054438698,0.8274177637327411,-0.14439702646613278,0.7548953951811634,1.7765086005434878,1.4043843910826945,4277426.4,1677357.9452255468,135540.96666666667,378584.3887081966,2197972.5581671977,807636.8516332913,0.7572340449493027,0.33495176078410727,0.9651187205268246,0.41671046511202475,0.2104553271177682,0.5303310726570784,0.20298626434427094,0.5606867843130162,1108526.2795188802,510808.4121011483,839634.99609375,395468.5254146305,0.6671514750599918,0.23750882532437065,987805.5797240235,1230870.6023722668,2.7990565369362157,2.612386491096847,2.7990565369362157,2.612386491096847,0.8492970656043788,1.0104376120382126,1904433.4935798622,302842.2034016949,2002098.7476110025,346750.7859060425,97665.25403114004,135595.48165803496,2187815.5186176375,455856.1000124073,8.0,3.391164991562634,18.73762287063807,4.770800951976537,36.0,0.0,9.0,0.0
XGBoost__provided_plus_rdkit_descriptors,45,6,2224208.0248459564,684945.7125723505,1762250.1958333333,472497.0805765469,1526614.4,423626.35809348547,-0.11279583246204741,0.5276985607443532,0.0639449941411853,0.4459655865652737,0.8431031968336171,0.2358247535034003,4273011.8,1686020.3981361391,-173812.62083333335,1127488.5499035653,2143689.940509937,517473.9637412533,0.6214459319102112,0.1344596459089334,0.7624320057141947,0.19106931793897303,0.47179719536139153,0.2120046961382968,0.5457280677671417,0.20163864256773287,1203752.1237871828,495131.60176452977,890776.3317708332,395386.43653340207,0.6736237265469512,0.1848910348309553,1020455.9010587733,1059774.0695204271,2.6573442748731955,2.5100643211852063,2.6573442748731955,2.5100643211852063,0.7864195590089986,0.690752383482872,2071226.5634313826,240916.0858740742,2145074.8904646356,299730.5315220434,73848.32703325311,90265.02545675295,2296552.517132999,374599.70457954373,8.2,0.8366600265340756,18.24771392994173,4.953625072594437,36.0,0.0,9.0,0.0
XGBoost__provided_plus_rdkit_descriptors,45,7,2419649.042867693,413663.2186955994,1899755.362152778,465446.0356772608,1964416.75,1213640.0741051303,-0.2399289325931381,0.39310388881930286,-0.012578135239891486,0.2729062055661894,1.4166206601061897,1.1502471667026508,4590749.2,953994.5590030473,-29683.621180555598,1104963.9179795685,2340973.2490914306,447977.35099185497,0.7308921989111737,0.2707798569803376,0.902177414130977,0.31981076903353417,0.43897183779187304,0.2636426582559503,0.39676100262960906,0.3443506104463641,1292727.2035714067,264594.64631506504,949424.0509548612,272871.3436983256,0.7328599612404839,0.15666207684302053,1126921.8392962862,378216.55511573696,1.9072124518871916,0.3907468113617883,1.9072124518871916,0.3907468113617883,0.9727888938336221,0.5122273348958223,2453712.778780603,186406.51847831512,2520065.6431291634,233671.06102126156,66352.8643485602,60298.910535790295,2615645.9379992485,210530.97904424366,5.2,3.271085446759225,17.233802324969105,4.943656571381709,36.0,0.0,9.0,0.0
XGBoost__provided_plus_rdkit_descriptors,45,8,2643019.3658457487,335796.4466298428,1936755.609722222,299393.43311555294,1217168.225,256702.5202365723,-0.16734228048172567,0.4136165401663632,-0.08819447583089697,0.4221411809071278,1.2954705592893174,0.7394766732278687,5717414.4875,1327321.3137664504,-306179.43749999994,815736.7116607825,2684889.875020477,243020.45457283617,1.2985051296491386,0.7843092129158231,2.554723231406232,2.1817229612702906,0.4006538566894312,0.22209887736513614,0.46406471057553256,0.1513936705823903,795956.4747599332,293315.9250509708,598348.5209201389,254841.21254213603,0.8902108178032403,0.09625003017497819,1847062.8910858154,161878.00898886618,3.5483719352781335,0.8270051448408685,3.5483719352781335,0.8270051448408685,1.057553098284966,0.4287164853041177,2451954.5679945573,91479.332696081,2582958.525747841,117214.77062535592,131003.95775328418,125855.68974144272,2763289.576141402,139418.92344281345,8.6,4.722287581247039,19.16398763004379,10.774284007886369,36.0,0.0,9.0,0.0
XGBoost__provided_plus_rdkit_descriptors,45,9,2474565.9185993546,480928.5127158012,1821358.9041666668,298753.43193273153,982750.6,195537.272142427,-0.530410801178905,0.5417585696364752,-0.37304612649786195,0.4834676660672878,1.5289792219581084,1.3080371394104706,5077505.125,1090493.6494243746,-83592.79861111111,873260.4557581005,2487991.5856446945,515734.01591957634,0.7057730300250928,0.15184407027834165,0.9463344881342893,0.26614795201048674,0.15474693795892444,0.3463405241647423,0.1720948935337915,0.38335861985033004,1063264.382716673,578998.7508318208,800326.5952256945,439498.86471823155,0.7084987139017105,0.21431803634856303,1411301.5358826816,973665.623185882,10.251492050714376,18.967934558158127,10.251492050714376,18.967934558158127,1.2389095150806155,0.7325038174553412,2367794.252267841,200029.6261076211,2383875.081157821,198849.66350032794,16080.828889980166,18971.417312191363,2519553.0959431743,208923.7043332542,4.6,2.701851217221259,22.00728396826881,6.766523760203911,36.0,0.0,9.0,0.0
XGBoost__provided_plus_rdkit_descriptors,45,10,2343933.3059797892,382026.7621153981,1826374.85625,200493.39918506797,1448708.3,308626.1703250086,0.10327362389521641,0.4608293962633889,0.1510719883554534,0.4633608296869129,1.1434749217577675,0.5195647726716607,5019326.825,1206147.9541836756,89027.96041666665,543660.6519684976,2422701.2749540294,457872.6028477978,0.6716396566844172,0.10328258626283222,0.8389130833061909,0.18786765302413816,0.46289264698846855,0.39910913688022154,0.4439881068520674,0.34877434572508315,1213856.549595295,257368.21323439153,899810.661328125,205387.23295013403,0.7763191692257221,0.10169912236717957,1130076.7563844945,587521.5751679585,2.0497507694161214,0.7925480638599601,2.0497507694161214,0.7925480638599601,0.6730455453305056,0.5399138052799827,2030018.69606309,251035.55766056356,2127491.7364960304,296937.28493667627,97473.04043294024,86949.54104551914,2243077.3875512937,352423.69470868824,6.0,4.47213595499958,18.519480628204246,6.997380658849181,36.0,0.0,9.0,0.0
XGBoost__provided_plus_rdkit_descriptors,50,1,2454864.9022861817,389080.4673889088,1914985.860625,362104.86155030824,1570921.41875,505341.7594273017,0.05493862478786522,0.416352482505266,0.1438074095999126,0.3236350169392641,1.5724530132320331,1.5031119644479165,5264974.0,985222.7491482098,-68212.100625,761864.4635434407,2483995.6546130674,417091.02776205516,0.943443353714482,0.567941710063398,1.5754862898646287,1.508207032089046,0.5232525784244167,0.1452295051455155,0.5503492978285662,0.19159957543562567,1220941.0691677332,369110.36739966186,930277.1444921873,302170.6268986978,0.7968692787092355,0.10562546320950775,1233923.8331184483,668465.891228485,2.2516679497818153,1.098373871852836,2.2516679497818153,1.098373871852836,0.7419306539213701,0.40223388600431415,2617578.16850439,274886.8807208488,2711219.2239408055,252626.99017163005,93641.05543641551,87795.43031227689,2789334.392894485,302661.58705802145,4.0,1.5811388300841898,20.290358072759137,5.5394812525088435,40.0,0.0,10.0,0.0
XGBoost__provided_plus_rdkit_descriptors,50,2,2537147.5443336647,204952.12914580168,2086522.34625,252718.86806621694,1769412.475,368380.80728112976,-0.3327345359077095,0.6613373994796926,-0.14152030472105442,0.49547956522008346,1.5153635809666595,1.3292587203872546,5029865.625,765030.934608846,130981.44875000003,888703.1020574091,2519613.785631279,387518.8046347253,0.732943359912708,0.10741189427188585,0.9432630925267208,0.23565838505295592,0.2789081962569772,0.1959099571220916,0.32889073476112934,0.2076579569486755,1414443.7232027308,457870.06218777905,1121223.1575,399349.37339542183,0.6253227659304581,0.2249539061496563,1122703.821130934,583323.7709852605,2.0069343817508978,0.8875694364617194,2.0069343817508978,0.8875694364617194,0.9580573018381677,0.7877780453877525,2400526.9786800537,321629.33077727107,2464842.630072386,294503.5739623857,64315.65139233251,63239.772050104446,2534493.8745276975,305640.15658383566,4.4,2.6076809620810595,18.10168509336732,5.765797509067374,40.0,0.0,10.0,0.0
XGBoost__provided_plus_rdkit_descriptors,50,3,1585503.9127182104,344611.34785644384,1113082.4368750001,162507.08607130765,754379.325,191440.38123530863,0.4664390666691028,0.3822869964597626,0.5249689170384225,0.31195040989608513,1.14486358330945,0.9112476468833386,3629310.9,1127902.292336982,25237.211875,571622.178095037,1589966.7011208595,315337.32828854566,0.4882788754182538,0.15478593184467496,0.7336026167242494,0.28719738615237556,0.7356704166149999,0.18093303972786745,0.6952170118389374,0.1412306350923333,577848.4006539052,251886.25821118586,417899.549609375,193325.63353827476,0.9340903994864531,0.04423974081089223,1007655.5120643049,456632.7259943386,3.763629540287065,3.3015885178074167,3.763629540287065,3.3015885178074167,0.4676513328173503,0.39231521583121504,1538138.0400632615,132026.4867480801,1619134.389047017,190313.70617986692,80996.34898375566,115954.07328202677,1679425.4688066677,185204.33722099187,4.6,4.8270073544588685,22.397275601339267,5.740129710451832,40.0,0.0,10.0,0.0
XGBoost__provided_plus_rdkit_descriptors,50,4,2178290.7987695737,689652.2055123545,1559723.5725,510070.1647463217,925448.9375,353993.3047153421,-0.020196325500912084,0.7585885801323901,0.1867916794236712,0.5827951130647211,1.9284301777403345,1.774005822907364,5128865.3,1533111.9414901612,84702.73250000001,1107076.5353402314,2065026.4895958905,645364.5139521582,0.6849615159822077,0.16993577009666708,0.9559691852018088,0.22758957445266945,0.5490013542376218,0.32193898287045963,0.583426057678322,0.19422746188069093,880244.0888417732,73016.71949640161,634372.321484375,85790.1479707625,0.8625068948488502,0.037156443870999575,1298046.7099278006,662872.7453557105,2.466157912840091,0.7457363441936907,2.466157912840091,0.7457363441936907,0.8827032203497623,0.7642927016604665,2135956.7617818518,231968.8491242931,2246467.4601069163,201943.98885090873,110510.69832506446,47672.217173858626,2289320.5346958553,215485.07255119327,6.2,2.387467277262665,18.589111900914343,5.002210430000378,40.0,0.0,10.0,0.0
XGBoost__provided_plus_rdkit_descriptors,50,5,2091531.8861102052,627479.8391592947,1557229.3725,502295.0923807383,1113475.65625,453816.48061300034,-0.2802547035535879,0.38747390418245126,-0.06172526014552868,0.33226354000786557,1.309030691710039,1.1551121644079037,4406911.975,1124461.7098524175,-507589.78500000003,925249.8948190482,1986842.9281502336,519324.8372002433,0.6607103518509189,0.13575248199921447,0.8534022929135057,0.24050030400316028,0.44216790049930277,0.13687866727485867,0.47976932345838214,0.12137397719064885,872490.4815132709,432613.0257444081,676700.9800000001,326172.86488122103,0.7962289770231127,0.20361462424934593,1219041.404596934,505043.33049223217,2.754994546684067,1.197382968893576,2.754994546684067,1.197382968893576,1.0764836805767006,0.4577572747663933,1873314.092726274,191573.673360759,2024308.7924893822,204413.42521110817,150994.69976310866,62489.32669445483,2049348.0480503452,209099.17206226036,6.4,2.8809720581775866,18.52291657908039,7.6350187175999595,40.0,0.0,10.0,0.0
XGBoost__provided_plus_rdkit_descriptors,50,6,2416001.421958084,201719.5532205643,1885575.871875,191331.11000349626,1434632.94375,328297.1574840374,-0.1627504484526013,0.4959796725236557,-0.07796566759773597,0.4514618773821931,1.7121875117754712,1.3479408447227073,4747276.525,644939.6194644067,24642.66062500002,716632.649625484,2454852.889451786,218854.05820182202,0.7381824607073908,0.1861783776849962,0.9997469093038485,0.2553913642825319,0.36583409969806674,0.23765348463630787,0.3876717706053361,0.170698550544379,977850.6765674583,485603.2156231465,757750.1037109375,415171.21408051846,0.8062462080182662,0.1562268015264654,1438150.745390626,663452.8866549453,3.5934289611375383,3.1170063540669712,3.5934289611375383,3.1170063540669712,0.9689966564708676,0.6054385506881492,2562027.4930021516,240201.15481869015,2627762.8667284735,270221.4055565901,65735.37372632176,60676.59786055532,2801677.2682473296,240633.5123336812,7.4,4.219004621945797,17.52115134469661,4.195539317151865,40.0,0.0,10.0,0.0
XGBoost__provided_plus_rdkit_descriptors,50,7,1881944.431845344,329523.11217435735,1448399.0,258706.7757068721,1223225.2125,289212.8375691643,0.1571413571130403,0.2078983913977068,0.2176104465712772,0.246082149427196,0.9329790758947862,0.39690633616374305,4059569.15,1237361.9107756638,-71575.57749999998,622954.0518670325,1898240.8851444726,311840.7570918151,0.6136971522648633,0.10759289023728896,0.7869425272228973,0.1457793907704565,0.509695539028241,0.22784437783513553,0.5228209463853579,0.18454407516945573,849523.8478122875,469056.95113668736,657248.8920312499,372564.8286638871,0.8301926837610905,0.1266361433130545,1032420.5840330565,792088.0771305994,5.91324469103512,9.17197394965533,5.91324469103512,9.17197394965533,0.6730513266480502,0.25006737268136653,1923637.0155621557,203397.9777730497,1996985.840310273,214427.2221724652,73348.82474811701,85683.3939273483,2152409.954490361,246081.26453763645,6.4,3.0495901363953815,16.981758461567786,8.034618186704003,40.0,0.0,10.0,0.0
XGBoost__provided_plus_rdkit_descriptors,50,8,2183769.999777592,481143.3565898605,1698719.40875,406552.5068970201,1479803.33125,351195.75747405767,0.2209972857726327,0.2975170303251742,0.354716608873368,0.2451274807947297,1.2529007162741606,0.9856867366674742,4601761.55,1353889.6143787028,48730.953749999986,1096581.8257553745,2078608.6546238065,374777.6083463109,0.6254036477647927,0.22493296324432133,0.800102921693858,0.3180058451908763,0.6896080362982189,0.10890838235559124,0.7602690951552525,0.10139191304684585,1048614.0546130284,343181.2288155402,797614.0346875,284404.2538952739,0.8446484324505615,0.08744778148171135,1135155.9451645636,648188.0794236911,2.3250977533167836,0.9687497475465798,2.3250977533167836,0.9687497475465798,0.6236511466779288,0.3236016986473139,2034575.7176764098,159447.79827570086,2157885.1045180336,147480.55212764643,123309.38684162381,103203.00874297194,2345502.662466337,175630.7161811459,9.6,2.6076809620810595,14.571560635728384,3.67076375664297,40.0,0.0,10.0,0.0
XGBoost__provided_plus_rdkit_descriptors,50,9,2213971.116682458,640042.6349080505,1629237.853125,475953.66275557195,1043652.1875,297000.8728847546,-0.07937474665431013,0.6826164055087348,0.04490927619166796,0.5534692056392694,0.9174589612370994,0.5325782974776327,4878541.15,1184676.4491579232,147731.14687500003,882371.9506217495,2207770.2780482075,524243.4037393276,0.6101436772131824,0.1629386795975123,0.8065176900276141,0.22878501794985526,0.45260645758033125,0.33545181096120397,0.57129025557635,0.2522571338301022,975811.0098369524,253152.06215127787,673775.9709375,169260.90524181785,0.8205827150803046,0.07702880723412184,1238160.106845506,810751.1365936997,2.5338310244276436,1.371658115258783,2.5338310244276436,1.371658115258783,0.8999574617346147,0.7067267799687884,1864907.2830863576,169283.34173407216,2007539.1624454248,215949.19194563339,142631.87935906718,119632.6441940609,2077184.9773817707,175232.24777710237,8.6,2.3021728866442674,16.79531525451106,4.06521308428251,40.0,0.0,10.0,0.0
XGBoost__provided_plus_rdkit_descriptors,50,10,2455560.803195622,988051.6361216912,2010688.0675000001,810726.7616404633,1818132.91875,915247.2245824299,-1.041388915825548,1.9198380850240822,-0.1186284818111287,0.6772809833145962,2.46867666053497,3.2567773837193656,4411049.825,1600866.2428101613,240502.70249999996,1445524.8428990168,2176249.2750742845,1066435.9536359422,0.8066784877095377,0.35103784574729147,1.083870085844816,0.5011008896045402,0.39609502381641404,0.4340075029488989,0.4001152771744437,0.44202577385411473,893965.6152877038,482159.4220769517,684507.8668750001,434366.8833696475,0.8104145145527433,0.2170375369323303,1561595.1879079181,1393009.1495482184,3.734504177784943,2.7451971641595105,3.734504177784943,2.7451971641595105,1.851803430378291,2.0529858481275953,1831954.3793188795,310403.38749830413,1879232.0173505428,307799.6614388898,47277.63803166342,52723.20814879858,1984939.026457896,340230.0620641824,6.4,2.6076809620810595,17.03371229229245,7.363131786989517,40.0,0.0,10.0,0.0
XGBoost__provided_plus_rdkit_descriptors,55,1,2172518.0758035183,350420.53286916186,1717363.780681818,304912.38367025316,1471803.75,219772.791247859,0.09464199705993556,0.4391283694552504,0.1382497736399866,0.4392187889361468,1.9220206891416765,1.8918351900180195,4825839.35,785084.8161503716,56160.78977272727,539992.7452553363,2217614.98063135,390497.6429820347,0.6937947406334835,0.1794568429564009,0.9458876290058693,0.3389780498150161,0.3922200671695478,0.44329921374830783,0.45352685998701164,0.4169660746209454,1285830.2142809564,337278.9187603943,934397.0935369318,300293.05126944603,0.706976719877933,0.13266258938512168,886687.8615225621,664128.820448533,1.872802348873536,0.8778843916024349,1.872802348873536,0.8778843916024349,0.6123347228179974,0.5620488461750207,2165796.24679206,211077.52476897812,2262623.8836253746,184299.83139685358,96827.63683331525,93736.6941177256,2369383.8504092903,188943.07172304156,5.8,4.024922359499621,16.592287134575145,7.411208492818998,44.0,0.0,11.0,0.0
XGBoost__provided_plus_rdkit_descriptors,55,2,1767601.238657513,369582.3553728045,1460982.5465909091,319124.4256491868,1352626.4,463732.6125033423,0.5178269908731624,0.2820033090728649,0.5484489839038157,0.24105335561002075,1.2547605289301937,1.402295016384319,3678459.5,1001381.1511135508,28449.523863636354,456056.2998002473,1808136.3732795753,360172.5489713391,0.5665198233271982,0.18114535979242888,0.7365000250173439,0.3260088054875861,0.7435736911325488,0.15938371855338135,0.7503171407330956,0.16541203328660298,462644.28689603414,226777.04286189596,331652.40255681815,166838.19677789218,0.9689778286367206,0.023859852346288256,1304956.951761479,519257.94621423027,5.326402108770198,4.117707670988098,5.326402108770198,4.117707670988098,0.4511508377635581,0.28439711060420636,2015830.0730367757,285053.8780574893,2041666.9927102372,327577.2753383836,25836.919673461747,57773.10871906214,2158259.9587384462,299719.4953729554,3.4,2.6076809620810595,24.5647224958201,4.8663210347204275,44.0,0.0,11.0,0.0
XGBoost__provided_plus_rdkit_descriptors,55,3,1474267.894198565,324379.2318567024,1155423.4443181818,206622.46310362514,892165.7,173170.3983720226,0.5421742862350284,0.248937455183056,0.557761289959806,0.24859591016510207,0.7027017834276038,0.4436836765218865,3256028.475,896361.0461048031,-68093.86704545454,338887.45469182305,1515065.1404116382,319807.54364427214,0.4590890175208103,0.10031174864455837,0.634475489772187,0.18883287387589084,0.7598417396182723,0.14012704737073292,0.7022664158324371,0.2709227628580223,670557.5125245188,179084.8218465613,516254.88650568185,169198.72256982405,0.9146593697196863,0.04778548043035901,803710.3816740463,264037.56137472426,2.2472459653822567,0.4265095875087754,2.2472459653822567,0.4265095875087754,0.37248508348465786,0.23726919076508457,1537860.8990710783,129689.01987652876,1657515.162365825,161126.7589052783,119654.26329474644,98342.81537595509,1749512.427400269,102419.2049866594,8.8,1.4832396974191326,16.92815574292457,3.9466351195563973,44.0,0.0,11.0,0.0
XGBoost__provided_plus_rdkit_descriptors,55,4,1834519.315743501,332773.8990927785,1322824.5056818181,346921.9231803057,1053706.9125,640088.1460537346,0.2371648793789017,0.28455022050567486,0.3358207214342216,0.33271961534975186,0.6883529660457163,0.6568875277367922,4261829.65,767378.9344915343,-303670.48522727273,834116.6502626062,1744834.0285233273,227248.32408656823,0.4513686515319895,0.12226354401764455,0.6024757895025014,0.22589983498125474,0.6593841574231989,0.17894458104976504,0.7351928517814585,0.14012056583850704,710835.6315326793,312973.14341326023,494605.5651988637,243849.044814111,0.8975139530125944,0.06657230315352004,1123683.6842108218,469390.87251310685,3.4523095747871873,2.6774573812914366,3.4523095747871873,2.6774573812914366,0.6603490736336927,0.28073293780260045,1923776.3127107709,347142.4478669044,2036127.0665583014,361547.6880877826,112350.7538475309,23724.68517199907,2093602.5786372863,394558.38681521534,5.8,1.3038404810405297,18.820187105712918,4.9541372549179155,44.0,0.0,11.0,0.0
XGBoost__provided_plus_rdkit_descriptors,55,5,1993027.2410888127,792246.0870103247,1484613.8755681817,625082.5450034491,1058899.7,620208.1286353698,0.14094499143214437,0.4174405148264176,0.17078180371750268,0.39954464580253274,0.9681874519127011,0.7827249059224033,4557396.475,1676945.12587591,-99225.65284090908,443692.42580428015,2054718.7260170807,802939.896782596,0.5354921543119048,0.2171592436140454,0.7284042069649082,0.2921034353565448,0.4706835196766068,0.32836590924221387,0.5647616449647253,0.2879979514297884,1107284.9981736855,327321.3429654166,764863.6512784091,230862.66244647471,0.7341549808902526,0.14716209298271934,885742.2429151271,906447.0892041555,1.963404995176036,0.9967726156722343,1.963404995176036,0.9967726156722343,0.5932099894581082,0.4939296213359144,1802609.7601611435,344230.12264686445,1939158.5632467556,305006.36159678217,136548.80308561222,90901.51311761295,2025521.360317646,350102.5560703961,7.8,3.5637059362410923,15.871031372272437,4.363895511127396,44.0,0.0,11.0,0.0
XGBoost__provided_plus_rdkit_descriptors,55,6,1781599.2385756955,339662.5978834302,1505522.2420454544,301584.0909988203,1280842.75,335877.9891851541,0.2652105891102455,0.23996350559638197,0.2870665480032731,0.24989790738840362,1.0929882369250303,0.5106226597607689,3312550.35,947133.1519697284,85488.15340909091,306933.8398004426,1839473.2100483135,384752.3828170176,0.5911394112432978,0.08789811251290616,0.790163905348025,0.14311328154305725,0.5351631139078137,0.2043399017677588,0.4930755394888119,0.3177207653598661,818472.1838689053,455872.5964863015,607710.2126420455,372323.66010230314,0.8196493338760995,0.15278996110991055,963127.0547067901,589154.2109599072,3.2835586650697643,2.6876414917052567,3.2835586650697643,2.6876414917052567,0.554438744765854,0.274198708011549,1896565.5471460496,132584.81528793272,1945230.4268904976,124977.78142608285,48664.87974444823,53461.42914560031,2085218.6711851996,202946.14995880818,6.8,4.658325879540847,21.833565838399046,8.575448199777595,44.0,0.0,11.0,0.0
XGBoost__provided_plus_rdkit_descriptors,55,7,2077301.1004520797,196270.2416360762,1496004.065909091,243612.51515682976,1126487.7,406962.3671194688,0.16944502895053015,0.21282968694529691,0.19139459807760073,0.23578954538459934,1.1995653623181584,1.0035389668113703,5208647.425,854849.8777286572,-268685.26136363635,272522.8277271241,2142360.7145338356,240105.15534642476,0.5904069075477458,0.13895251329747474,0.8079517872885755,0.24118850122563612,0.4492696735579621,0.22063768586911617,0.46858727833232505,0.24952837000162253,897479.928523149,444653.3315284869,679519.6012073865,354031.47056169284,0.8302316425668481,0.14484378087350455,1179821.171928931,591528.4008562744,3.0777826752300745,2.2783298486328145,3.0777826752300745,2.2783298486328145,0.660786613616318,0.21863525369112252,2053015.9523639157,158763.8989666088,2179387.2018172513,210432.03469845507,126371.24945333568,128460.25277391578,2271608.3723300183,205426.89958123764,7.4,2.701851217221259,17.254894309070732,7.574021991566892,44.0,0.0,11.0,0.0
XGBoost__provided_plus_rdkit_descriptors,55,8,1981191.6925742172,869084.8459137997,1510864.7826704546,581950.7360389348,1003935.375,332757.36113803234,0.19305064138030692,0.4997088036850064,0.2592563301337153,0.42771717967221157,1.0025856011201584,0.47431424793527865,3941586.9875,1820294.0133598035,-374510.2434659091,651825.7106778853,1991596.4278703346,780762.7965693786,0.8727215877169865,0.6127183712216665,1.4861999106522426,1.523087386321063,0.5076986046489955,0.34972530910522703,0.45248367454520777,0.316031221231916,657371.4297164888,496520.8903237236,494179.9231889204,397995.64429881267,0.891151957868284,0.13023538291822584,1323820.2628577286,1210039.957988924,7.52567002323123,10.913470059144679,7.52567002323123,10.913470059144679,0.6981013164879771,0.5741971585540167,1920292.7494994276,430250.5848540099,2018125.8316186867,487603.73701940576,97833.08211925937,77263.44420947661,2133286.2065472193,544896.6933339629,5.4,4.560701700396551,23.68786790456026,10.765412669729947,44.0,0.0,11.0,0.0
XGBoost__provided_plus_rdkit_descriptors,55,9,2073746.6904988922,982991.9330924151,1537180.878409091,656651.2896370371,966245.5,472122.5446221894,0.03881808758206533,0.3396319531042213,0.1715685977792902,0.33874915715269904,1.102898706104322,0.8840025084127471,4287826.575,2135616.346641994,-278510.0670454546,766292.2699889508,2039261.027799261,1012508.4376696834,0.6193243708204913,0.2052198374728109,0.8245680003170645,0.32155750732102584,0.3643844540557947,0.407518286633073,0.32171951498563206,0.47216825365732296,836934.2196912079,308701.53955318185,599303.7667613637,271003.00326803525,0.8503699532504194,0.08943713993282287,1236812.4708076846,1212168.598089301,3.1633739803571466,2.7123183205005135,3.1633739803571466,2.7123183205005135,0.8115518656683541,0.40261832990497176,2177534.498931433,293614.4197218329,2277740.164450607,293304.1330813008,100205.66551917372,57186.18048185266,2323180.0204003975,260775.27409168246,7.6,3.847076812334269,15.656146406570482,2.1763993922504343,44.0,0.0,11.0,0.0
XGBoost__provided_plus_rdkit_descriptors,55,10,2358620.695418811,458819.5980662425,1754865.0551136364,400991.69043683977,1181475.95,553438.0709572338,0.19081237786358468,0.14517943528979194,0.2967951244001042,0.08302658931282053,1.1116699698311823,1.0313600698523189,4893732.775,1010186.7327729809,77776.70965909092,993009.749398357,2304102.718772727,389503.9799139454,0.6299828618301435,0.18429676826092034,0.7822399805993665,0.2744217532929105,0.6306020819422469,0.04109083967502999,0.6667264439250992,0.0891301987121128,672434.353632509,501689.9488587863,509933.794140625,414229.9106930621,0.9101477033385995,0.0976434885553287,1686186.3417863015,822694.0040597381,8.567946742124906,11.003852675801319,8.567946742124906,11.003852675801319,0.7193353254750148,0.21873756237989045,2242592.145108144,134350.50916429487,2319770.6318626716,212775.58329545724,77178.48675452797,97229.08196805873,2416829.3577630324,211895.72847172891,5.8,4.43846820423443,20.95420547722129,7.850954645388914,44.0,0.0,11.0,0.0
XGBoost__provided_plus_rdkit_descriptors,60,1,2040723.268471957,768364.4676748146,1560028.0940104167,606315.9859924542,1033239.0875,541513.3521678101,0.46738837855785587,0.26897424606979375,0.5243400566576385,0.2372972910608574,0.7667576819922879,0.4008474063018149,4466590.875,1712294.3918675042,-218009.25911458334,800014.643254427,2010920.7857550203,710786.666627844,0.544124656568181,0.2152918450097193,0.6683782626726388,0.25778037108046914,0.7438216278443208,0.13438532958076038,0.7163443925410931,0.16161155473059308,752567.7685673556,443418.53993754956,563829.1274739583,348732.15497766586,0.9125557004511734,0.07570708148345949,1288155.4999046014,1014350.2513082563,6.528075797788541,9.532429821141571,6.528075797788541,9.532429821141571,0.4451673218933176,0.2974791156777543,2186695.36474014,160054.22083435633,2337287.429745969,202709.8525015999,150592.06500582924,129455.71227049705,2445721.5908509037,262127.3121257247,6.8,3.420526275297414,17.231581568866613,5.501022565308565,48.0,0.0,12.0,0.0
XGBoost__provided_plus_rdkit_descriptors,60,2,2140254.041093153,174798.159910779,1578718.5114583333,113147.37103912457,1130189.3125,245623.03474747355,0.09276069862520771,0.19937482335395249,0.16519495212675686,0.1935895730102538,1.2866843716262726,0.31994983444116476,4711949.125,623143.8305626283,84366.68229166664,624076.2129354817,2150526.5780498534,253346.85817829779,0.7015502579062244,0.0770185956243247,0.9319487021669854,0.09077041570162074,0.49233673415658663,0.1490254072130874,0.5405520360866019,0.1422811449060064,1178979.6391865003,319881.5863662866,878312.1071289063,236792.61228395268,0.7350479504505588,0.12347063300020006,961274.4019066524,221392.5201406833,1.9254232171137744,0.5092511454136815,1.9254232171137744,0.5092511454136815,0.6422872518253511,0.2566988789813459,1962107.4255326255,174030.96345784672,2044822.5965542227,188603.96785665184,82715.17102159672,114937.17032283328,2107973.892412935,152049.9220492085,4.4,2.073644135332772,17.163995996973334,4.182663309911581,48.0,0.0,12.0,0.0
XGBoost__provided_plus_rdkit_descriptors,60,3,2045510.6757738714,451687.9373293476,1649068.5536458334,407622.76669422205,1406708.05,520722.0993845995,0.23496232147101787,0.375209308981457,0.2971015945641474,0.28592518763898017,0.9888820137331666,0.7334320216254333,3896610.2,739526.1923413869,186002.24635416665,445685.00507047575,2081571.7532858965,498129.2738000887,0.5407213011485674,0.19477417895637184,0.7139483185769422,0.270061550625447,0.6625577164931745,0.15864407977628964,0.6560617413139563,0.1455864556882256,781438.8250162551,423545.32726257923,571691.288671875,323368.9800840052,0.8798156981279396,0.08774787866094375,1264071.850757616,783517.0623436391,7.154278408848006,11.380528788198154,7.154278408848006,11.380528788198154,0.6448533766569218,0.44474808341204397,2031298.337032621,224780.66877723916,2127744.469799009,297156.38187409734,96446.13276638793,103303.5515117678,2263537.1655010385,317947.8785641393,6.8,4.324349662087931,18.359273040939467,6.315090415431245,48.0,0.0,12.0,0.0
XGBoost__provided_plus_rdkit_descriptors,60,4,2092633.6375920333,674838.0792492025,1662890.408203125,528230.1987509504,1335165.4375,504024.12494086655,0.33451359381963275,0.3295379676906715,0.3848872022047042,0.34633639397632976,0.8360759406202931,0.402077664495489,4121513.4,1096875.7263134434,-136699.314453125,643580.0868031336,2089184.741547762,731526.3420785782,0.7261862716777197,0.4750017772599767,1.3984090950541574,1.4953300298141092,0.6439555959949963,0.268461670664487,0.6573426573426573,0.3140630989214772,979450.4282102697,564949.5509411675,738534.4169270833,499357.01873006555,0.8227969685681629,0.20200321559047948,1113183.2093817636,902272.340835969,2.765073044310698,1.7888103399066542,2.765073044310698,1.7888103399066542,0.4882833747485302,0.37100188280502766,2249012.0353416232,321293.37495800067,2370368.5626348783,319709.781096274,121356.52729325517,97985.03589564485,2434936.765114355,318933.61236704944,5.4,3.361547262794322,21.64554345356252,6.739761791071931,48.0,0.0,12.0,0.0
XGBoost__provided_plus_rdkit_descriptors,60,5,2319214.908403876,448991.4773502726,1850218.14375,436509.91617685027,1562342.975,516953.5614574884,-0.09709808640861858,0.4202264920801098,0.022293023643609078,0.28225911554799765,1.7152683785223029,1.2349482408821353,4903725.65,977428.6710759123,-87815.43958333338,859174.6490478326,2300107.0492474283,354499.6225842065,0.6993663653291071,0.14784262409106855,0.9721606509536315,0.24058606145659614,0.349084562603748,0.2449970855751532,0.3759379078327762,0.20532056303534846,1147467.7091821164,365007.11598846497,911435.7125976563,337103.4433352962,0.7396331390792078,0.15888211662002683,1171747.1992217596,591085.546116733,2.173289729316141,0.6839061805695281,2.173289729316141,0.6839061805695281,0.8367312254878263,0.4089380702897929,2192023.0619149553,156318.20880564288,2223130.924566467,191464.4242699266,31107.862651511794,36054.62403089099,2362420.210815705,154561.2215228308,7.0,3.391164991562634,16.784557470652107,6.41769243558045,48.0,0.0,12.0,0.0
XGBoost__provided_plus_rdkit_descriptors,60,6,1617197.5744092215,548916.7532854035,1372793.066666667,477166.4111378758,1181592.125,462240.04790112126,0.31319765250209886,0.1723378332574497,0.32964674467264493,0.1736801561350689,1.0550641120594615,0.7892413744758452,2729362.4,1046250.733806935,93158.55416666667,285575.93741532887,1666887.2383463029,566669.645646334,0.5574221886676214,0.1511101464287566,0.7071673697413683,0.2721045275367154,0.5993230159368961,0.1942894810983349,0.6307372206230053,0.21362431347519875,1073794.1464668417,195061.8833923799,794187.1098958333,197397.62063428512,0.7108334469199782,0.107372544795506,543403.4279423797,483064.639318401,1.5014934951243832,0.4378732319110959,1.5014934951243832,0.4378732319110959,0.39763579441787933,0.16993465699484592,1745299.53990613,153298.98596366693,1813274.7192911606,190289.7300852469,67975.1793850306,73613.51264871472,1887640.9189886432,132526.36649615326,8.4,2.5099800796022267,18.213108092317572,1.4734947122777857,48.0,0.0,12.0,0.0
XGBoost__provided_plus_rdkit_descriptors,60,7,2069309.4299144924,339804.9351286806,1635116.4354166666,238982.24743997623,1232951.325,279585.2315671971,0.1295331767761867,0.3590833816395163,0.22457676156513157,0.3092437249683309,0.9037468675262644,0.40107117701740813,3817151.575,955893.250360901,-279635.5104166667,603808.8570716219,2055675.5359182185,422491.88470396417,0.6177208162055756,0.1365851615819394,0.7567026493553951,0.15122667777242768,0.5362357278314017,0.19263413963541454,0.5929279783466577,0.17123082171685777,1145655.27248559,363653.506978819,891376.5299479167,308479.9138362983,0.7546099419011448,0.1424226934784469,923654.1574289022,467670.3584645252,1.9735497963479134,0.733588431948328,1.9735497963479134,0.733588431948328,0.6250767651249581,0.3916821869900981,2094163.576458972,303823.0833998035,2167901.1621413026,279566.9757138206,73737.58568233074,91682.19886581475,2286083.0041545494,294318.0796313065,6.0,2.9154759474226504,17.60298250596668,7.251184050145394,48.0,0.0,12.0,0.0
XGBoost__provided_plus_rdkit_descriptors,60,8,2031045.3525872678,252658.4786257503,1496147.902604167,201334.61531416923,1054192.61875,127491.21262762736,0.4311421356690469,0.13878458032269672,0.43510190964149115,0.13777167660024978,1.1588713818780945,0.5774887734026745,4526782.65,541617.2615680052,-94879.97760416666,153703.753472843,2114127.8446250847,264326.81142306497,0.5737153732887487,0.13392408886432178,0.7932297057638374,0.22777785519601737,0.6808017456852247,0.09086905725440625,0.6962841463709295,0.16288437705949557,889516.9390639521,507361.50232512614,651203.6680989584,423534.29539989756,0.8685171320504214,0.13725421150371617,1141528.4135233155,597960.8318822936,2.908324312377452,1.446336046227769,2.908324312377452,1.446336046227769,0.43737499638137445,0.21278359923236798,2239667.5669836127,354642.2747158804,2368444.7213833616,445224.8467681534,128777.15439974885,134451.84391155018,2426280.339207594,412433.66242458933,7.6,3.7815340802378077,18.89731025283668,4.06518627741688,48.0,0.0,12.0,0.0
XGBoost__provided_plus_rdkit_descriptors,60,9,2295085.3320834567,586235.4676352305,1702469.9798828126,395155.83151825133,1158363.25,422267.7132055582,0.2298556495180089,0.32172041524614625,0.2745592457305226,0.31611479388620817,1.3364445385642263,0.7508777677553808,4736210.45,1566797.1138665578,269752.48053385416,601075.1394419171,2320354.824611956,578216.9358218056,0.6233392282833141,0.25393263349394934,0.8995746017098574,0.35196230070494205,0.6009292212411248,0.1688289487384619,0.5791307149961108,0.12411984409941287,883979.2152290143,267891.9270807113,636335.0521972657,224370.70207515772,0.8896059067596696,0.0678699298364691,1411106.1168544423,739417.9987033173,2.8100422428688145,1.0710641505876848,2.8100422428688145,1.0710641505876848,0.6597502572416607,0.34896281401059476,2300552.8947405373,110076.3632516806,2374944.8969022217,152914.64206886943,74392.00216168453,79235.00412891137,2506727.220590866,123896.5294591824,8.8,3.492849839314596,16.035044116038858,3.3056434931141543,48.0,0.0,12.0,0.0
XGBoost__provided_plus_rdkit_descriptors,60,10,2208524.088256929,701957.0258577107,1664960.0635416666,575511.2952877214,1187611.05,542185.5742648175,0.11126339186269747,0.3944048480391103,0.2530848715741401,0.29008339772895636,0.8358495186902261,0.36419187634481576,4672377.375,1539439.8501097932,-210872.6510416667,1101586.1823481598,2102768.0077951513,526586.8994236165,0.5742512422105633,0.17755089650747774,0.7454181312101906,0.17623890415032265,0.6031957743338423,0.1556998856698403,0.6425536797143163,0.09932359471220908,980483.7438854525,262436.47613726545,737720.2583333333,203047.1553228361,0.854193174942251,0.06336456328430613,1228040.3443714767,842255.8767805703,2.4607906267753292,1.212655627726429,2.4607906267753292,1.212655627726429,0.7429297830795535,0.41506330305573785,2259555.655912853,157318.4580512333,2435811.9206332127,160916.04176478332,176256.2647203599,20517.364736988624,2593813.74664643,172161.51495903754,9.0,4.47213595499958,19.523331910593992,7.135532443207407,48.0,0.0,12.0,0.0
XGBoost__provided_plus_rdkit_descriptors,65,1,1917435.1069617395,479896.70237616607,1367876.4442307693,233804.59403503436,818929.85,304161.9602047644,-0.08894086664456516,0.4739880402872621,0.06788182464175392,0.35618058246959144,0.8422675160996791,0.7458498931050069,4732479.9125,2035941.627310656,-54098.26153846155,788863.0220428888,1860984.0140432406,470064.2837597944,0.5399789206678343,0.16490802121567263,0.702349043960621,0.28756114983851405,0.44854991422764556,0.27593633012056007,0.5131480874652142,0.28516049159215634,886446.173147924,251789.91934676887,606499.9815504808,169096.95694809343,0.799086912246681,0.09683047563061453,1030988.9338138152,727307.8329868224,2.574229248346057,1.850129900402843,2.574229248346057,1.850129900402843,0.8880277788912462,0.5434157449194817,1727996.8100614636,180844.90791593763,1817155.6541619643,130578.18825119821,89158.84410050092,87132.76105833042,1912421.7647178997,82041.50197068191,7.4,3.7815340802378077,15.271870388413962,1.845618679923074,52.0,0.0,13.0,0.0
XGBoost__provided_plus_rdkit_descriptors,65,2,2016576.8829455525,298528.15053343767,1560513.4894230769,366878.65692611784,1309589.85,687952.9828894639,0.24583934714047723,0.2918619163576602,0.262418039107465,0.29885130696572687,1.2695857472707242,1.2494088208380814,4358030.94375,795759.1359891604,61318.99519230769,340860.3775489591,2071991.6996540758,325544.5170842351,0.625712408223775,0.19603192939345876,0.8471886625613164,0.28341182633171125,0.5817282897162898,0.1532333904624167,0.6420401672654467,0.15332133723160307,696037.0303545011,478166.87379495974,494855.0352463942,335371.02325795946,0.887195205600545,0.10595294405920663,1320539.8525910513,443720.63756110467,45.25123167427536,95.4546796564581,45.25123167427536,95.4546796564581,0.6413558584600677,0.32177706923786953,2117232.121167138,208220.20435461908,2180683.4910409013,218815.4033742787,63451.36987376316,36819.13093847023,2242317.555825462,211629.90228923276,4.2,2.16794833886788,23.02877275619975,10.14584743090031,52.0,0.0,13.0,0.0
XGBoost__provided_plus_rdkit_descriptors,65,3,2210731.7892618366,718901.062008707,1716086.5740384615,579762.0891039218,1188150.9,364735.7498982397,0.23270008768087785,0.2917197793940793,0.25728397128788805,0.2833099462154288,1.112904458894515,0.8110077399770423,4708398.45,1315464.2351743688,-4893.118269230775,491271.0472412446,2261622.156331417,723182.3862083371,0.6149791976207766,0.19407697288487863,0.7904773422543795,0.2620333745099696,0.5585592483709219,0.1747969539223891,0.5042898739789762,0.21107220068662588,970291.9420186759,178169.59109630654,693839.0497596154,138146.38617214354,0.848980657485068,0.05927942348308307,1240439.8472431607,618179.1334013072,2.2664601903312267,0.6844110306083069,2.2664601903312267,0.6844110306083069,0.6162805698041901,0.2711751739934114,2144888.0549599836,319378.67048947734,2326740.023418215,373936.4087441895,181851.9684582313,79157.1146533451,2402184.674273553,351752.2626586438,8.6,2.9664793948382653,19.045672639120653,3.935027493185163,52.0,0.0,13.0,0.0
XGBoost__provided_plus_rdkit_descriptors,65,4,1888215.5425734713,555150.7167775318,1507863.9908653847,452451.9755627325,1323146.475,488153.78583355073,0.21792643789728255,0.33565276003489275,0.3791246117376551,0.20049702258883678,1.637449651382746,1.3559271088231741,3771285.775,1447486.7465899957,-148565.36778846153,867042.3779151643,1791564.1438874793,552755.102583005,0.6527423127667926,0.23248338315214628,0.8895502589427219,0.35610896269905723,0.6410272148876673,0.151865934108119,0.6550657482286476,0.0915033760414325,844629.431971574,459344.4831422634,634272.0010216346,339782.89419755863,0.8426663582413202,0.10992543825828252,1043586.1106018974,805481.1882911846,6.235325484445904,9.855229253177061,6.235325484445904,9.855229253177061,0.6247399203440376,0.30571075000514275,1827586.1249963709,194013.66376324822,1922734.381018068,147997.79829384197,95148.25602169726,86102.13394425229,2011258.3429923211,167453.6369914696,6.6,3.361547262794322,17.359273040939463,7.713012568931728,52.0,0.0,13.0,0.0
XGBoost__provided_plus_rdkit_descriptors,65,5,2326329.820434418,487520.1609069271,1722435.296153846,432508.524238147,1269970.7,495224.4620101071,0.14741394360997756,0.21257122034655088,0.22712906032778965,0.21836114310562182,0.8519160200469985,0.2610459078984952,5006200.65,693826.366345437,22679.4403846154,883138.2384317789,2290523.8859903803,426880.352672552,0.5513960410068737,0.07695956836540133,0.7237362574296474,0.109477778494421,0.5379709541994246,0.12402307979539874,0.5707491335997543,0.2217422152351872,773625.8443397784,427636.87213445985,537817.0704326923,284794.3429972267,0.8901342074541944,0.10824549335729622,1552703.9760946394,441741.4411652918,3.6005263621443304,1.4729547766857647,3.6005263621443304,1.4729547766857647,0.7427202638442167,0.21925443597919742,1994471.931552251,178562.21299912242,2078528.4512760513,167716.30849538767,84056.5197238002,48899.4900287724,2178237.310782506,131873.71203267877,4.6,1.9493588689617927,24.297585056111835,5.861158297620555,52.0,0.0,13.0,0.0
XGBoost__provided_plus_rdkit_descriptors,65,6,2212478.6010181126,585019.7365600263,1667171.585576923,464646.74299010425,1096713.55,442278.43902378646,-0.000657462828895361,0.36575356941682385,0.166375481366724,0.19649921404788243,1.3120891640122978,0.6881681487122936,4583375.85,1058549.31339417,-145928.48749999996,891260.8652191819,2144025.1261350205,603377.7548414817,0.7076431311437246,0.22303927436938265,0.9345518238312011,0.2831207533714731,0.4780084074222689,0.1500477467119,0.558134742273963,0.21270532224740177,1173900.4028976508,239044.19676013637,879184.7022836538,186841.54247413084,0.7439420289563092,0.10461602600675834,1038578.1981204615,632345.1674091559,1.9546239590253187,0.7048030627743923,1.9546239590253187,0.7048030627743923,0.7445994917852047,0.4153258575672797,2247510.3771898444,220465.02263997402,2374920.217820674,304330.72094910487,127409.8406308298,117090.1367871398,2518827.116591822,263386.3878511278,9.0,3.5355339059327378,15.203997512632554,3.130350319219451,52.0,0.0,13.0,0.0
XGBoost__provided_plus_rdkit_descriptors,65,7,1942944.9142731105,413211.302838293,1497376.11875,264577.26777483255,1173008.05,410997.54580462707,0.408451958313761,0.12416367964089998,0.4894692746238885,0.14029586233455532,1.0578824973855083,0.8268133916025667,4065680.25,1005782.0018175069,-63691.65721153848,769341.4454914158,1879797.764554369,482955.15842536796,0.5737431077057875,0.15844405703388242,0.7520238054003561,0.2625132830196898,0.7013858902320538,0.09291015317051537,0.645098986258932,0.11873421664328726,793124.6166704986,203495.0685463972,577916.9139122596,164040.49348640288,0.9075450427132006,0.040176439961784716,1149820.297602612,612545.3318622572,2.683565047503646,1.1570117564907112,2.683565047503646,1.1570117564907112,0.49909308439943967,0.14470235820038596,1944151.7662566907,174729.099755831,2042695.947317365,198418.9060539854,98544.18106067428,74217.2959725976,2112892.817150998,234023.75321494445,7.6,4.39317652729776,18.86330391306081,5.934534493527598,52.0,0.0,13.0,0.0
XGBoost__provided_plus_rdkit_descriptors,65,8,1854976.047320443,423127.2869391894,1369282.6230769232,370201.4039868955,1159871.2875,688089.7797512277,0.2606593219096351,0.2024031471149769,0.28181214706205127,0.19803918599936593,0.6261335053613706,0.33830864440294567,4417207.45,1507251.3225168735,-40602.60192307692,334069.86487835005,1903972.795326061,446129.57674925524,0.48205065773327505,0.16579237903254135,0.6060318327713633,0.18064042651466602,0.5876063006002615,0.1410935165639344,0.5869447827400381,0.06829944837634672,838239.7396703422,516255.58552764694,615183.9044471154,458020.0985891911,0.8189919450906054,0.22062141155000997,1016736.3076501008,503139.3368217111,3.1096019299811606,2.359299497910452,3.1096019299811606,2.359299497910452,0.5583326231809702,0.23794585829661943,2128670.69223336,199552.32573821818,2216421.5334510915,192786.24484579836,87750.84121773174,63806.980376143016,2280314.093704322,195128.28270738205,8.4,4.277849927241488,18.129369114097948,6.892023222253916,52.0,0.0,13.0,0.0
XGBoost__provided_plus_rdkit_descriptors,65,9,2037130.3740232568,426786.4350657438,1482787.9740384617,282053.2153990219,898710.425,268653.23844311544,0.13176486898028328,0.16412513016138797,0.2050954389199587,0.09506827626483584,0.9946292158414061,0.3818247402771431,5001643.05,1091587.37559758,-72027.11057692309,546543.5523400016,2050149.9847382368,482141.77100101096,0.5974065921522517,0.09769203010214857,0.7773776274311912,0.16309417338048293,0.4915713503833155,0.07610805248739168,0.6116314241332624,0.07943679655405221,896670.7689054614,397171.81083983066,640358.2953725962,315121.08750010916,0.8281070955474613,0.11399076401581092,1140459.6051177955,736117.8923218718,3.4199596359379596,3.54502721131755,3.4199596359379596,3.54502721131755,0.696342226567178,0.24342550150563852,2031466.3813150604,200532.41692445485,2130327.8314359924,224873.04443969022,98861.45012093196,57208.51023227515,2242680.2124835155,232047.87733811364,9.4,2.6076809620810595,16.44550708909979,2.3252890796434373,52.0,0.0,13.0,0.0
XGBoost__provided_plus_rdkit_descriptors,65,10,1725626.812106093,429613.4299515756,1233828.6682692308,333299.311014001,958857.9,381407.085631688,0.21838291808743748,0.2296331427029114,0.2588002721708996,0.1951880748063043,0.8204996606369199,0.3449500062766481,3965101.325,859699.2123284295,-99260.81634615384,382910.7415754839,1757899.578607789,444324.8296125672,0.4964407452476312,0.07801447685436284,0.705663467479052,0.11262072757405994,0.5768732587047947,0.13793886603554356,0.6607354448458315,0.10042942729946161,925996.822374339,315799.7707493716,629532.790264423,237625.4836872017,0.7838987099568702,0.12472488895236684,799629.9897317542,487036.1279102145,2.031571570816801,0.696554464037234,2.031571570816801,0.696554464037234,0.5655157918694327,0.13947001079307567,1737007.306227335,125642.83832453165,1781931.5254360146,127829.06438564871,44924.21920867967,30039.4273953849,1878693.2013327759,110337.8656893806,8.2,2.04939015319192,16.499489585582374,4.847408439755878,52.0,0.0,13.0,0.0
XGBoost__provided_plus_rdkit_descriptors,70,1,2434272.7050768463,475039.67140449607,1912795.64375,505251.1140763686,1558788.95,702270.2756376247,0.08595663115480172,0.39961723253475395,0.15225927515005264,0.41555235844725263,1.294744889918851,0.8609251154125457,4640337.1,1291583.4430581543,-35754.15089285719,806027.8222029012,2416384.455258879,468917.54890388355,0.6864392319227035,0.12792835238868613,0.864942876175585,0.1840782935537108,0.47370801558077796,0.23202951724834825,0.5445453133153098,0.31680088295573244,1277987.86881835,309027.1225484867,959482.833984375,281997.576290075,0.7640787818115192,0.11270479227077634,1156284.8362584962,650040.5186188183,2.0221923766625745,0.661969953846628,2.0221923766625745,0.661969953846628,0.6781221506567174,0.4482200356008363,2291201.481567639,197817.17463932646,2442736.172178491,219150.00325121393,151534.69061085238,60654.878305249156,2513273.7914564004,194168.15346755524,9.2,2.3874672772626644,16.592843493387456,3.963226826585052,56.0,0.0,14.0,0.0
XGBoost__provided_plus_rdkit_descriptors,70,2,2234341.5468095606,567525.0733989613,1631704.5745535712,351172.6238559527,1080365.85,381934.6885033482,-0.7233095611334754,1.366274336458721,-0.32009664123254644,0.7029263556739298,1.0348732673401986,0.5636653660441161,5201695.0375,1462278.2675115652,-183138.0290178572,936941.4903971115,2135468.9400137565,613530.2772095965,0.6652853758897118,0.1668889343164248,0.8528588566690894,0.2025024492386314,0.357732828457227,0.20475346876447809,0.424698087596195,0.19596291020384426,878783.3101687037,327950.7385389783,641777.2502232143,266049.60201757494,0.8144437002578087,0.17253277160860148,1355558.2366408568,580296.0339268474,2.8263924569068712,1.4320961248945125,2.8263924569068712,1.4320961248945125,1.537753261391284,1.413940550075376,1848180.1551064563,211491.34273190793,1904245.1713519997,232121.37180443387,56065.016245543724,40344.56947800017,1992957.476579868,236471.8414727242,6.4,4.878524367060187,15.93596951386931,2.7371205655161748,56.0,0.0,14.0,0.0
XGBoost__provided_plus_rdkit_descriptors,70,3,1935077.3670264375,464892.7443232045,1382163.4892857142,278007.09615930164,960761.5125,216762.1705993511,0.2470800353286216,0.17996306500991816,0.3350697046742005,0.15560830585643257,0.6380328902764641,0.28671866374181004,4552764.25,1338710.9098506738,-479914.98571428575,588438.014658369,1881659.5074029367,405850.32090249716,0.5000714622156959,0.09014659593154825,0.6288816467539098,0.13558980595470563,0.6189975589794207,0.12360595840554506,0.6247801292448518,0.16256539034427872,772363.3791418994,322390.7909019493,569687.756138393,257700.85955019124,0.8750293487602617,0.09477920302179543,1162713.987884538,429637.1341025948,2.8582335099023948,1.1899518133028166,2.8582335099023948,1.1899518133028166,0.6279493134316401,0.24513979665470548,1934483.8739149582,130442.13143856885,2082560.2835289955,91539.34790813553,148076.40961403758,50870.42978798837,2166448.9752605218,175708.43671052324,8.8,1.9235384061671343,19.268395596384583,4.0019907934340155,56.0,0.0,14.0,0.0
XGBoost__provided_plus_rdkit_descriptors,70,4,2265162.320983297,280151.4026232638,1735537.78125,359019.34901868826,1456655.7125,624814.687307661,0.20470593861603453,0.2495381860790656,0.3267322408486152,0.11290949137805345,1.1422469697642892,0.8468660574911157,5414536.85,918915.7457901576,-109791.6267857143,936395.0103258103,2187558.6605128273,222051.03748552268,0.6551137220406382,0.13621322723155757,0.8656595711134694,0.22283737769366874,0.5905254836762939,0.11177653287253293,0.6089232946870011,0.11044731411571909,651440.4611290749,434110.53853947105,443383.25005580357,322637.235908887,0.9253072744642828,0.06410834889387403,1613721.8598542227,569104.7720920326,11.437996734144727,17.58766707439708,11.437996734144727,17.58766707439708,0.7206013358482484,0.30659454278825565,2244777.13621441,103938.02249037319,2305540.3611602285,137587.86481112117,60763.22494581835,74179.18939860135,2379970.3354575946,155462.50778756614,5.0,4.06201920231798,27.311708402184422,10.758239679223397,56.0,0.0,14.0,0.0
XGBoost__provided_plus_rdkit_descriptors,70,5,2102861.405954697,468903.4872665097,1541151.9933035714,319490.51052081736,1091902.425,295886.1501523769,-0.10013159144621257,0.5846656052001803,0.09635361793317762,0.5268505437440095,1.1338282469880174,0.7137098122510851,4708040.625,1696044.112095804,-114073.396875,1060696.9484593389,1967816.4256156094,346402.2826181241,0.5693387279673723,0.05463854905924169,0.8114544798691844,0.10420320883266507,0.6244631553326518,0.14692063712603667,0.6549370379726712,0.1359394409928958,830245.2996268165,299133.0289106521,598194.9629464286,256673.1193361963,0.8457119227603578,0.11532652697510463,1272616.1063278806,675706.3824898361,2.9375688456173465,1.58316888449798,2.9375688456173465,1.58316888449798,0.9458435142065703,0.6743898347024574,1914201.7105953828,127058.11863998185,1921012.0155210975,112156.28701324113,6810.3049257146195,15228.304761399544,2060475.7192289433,127771.57103334436,5.2,3.492849839314596,21.23525914502255,6.611524490543246,56.0,0.0,14.0,0.0
XGBoost__provided_plus_rdkit_descriptors,70,6,1903431.9522823025,455343.92056802334,1450845.089285714,347673.3005542039,1133013.05,498152.8016690809,0.34696965287544834,0.3047649220423835,0.43822166963966963,0.23128086690287727,1.0531833126573384,0.8546021827254278,4044392.4375,920648.0562416156,98954.61607142855,614262.5782981913,1873637.5827648982,541112.141524384,0.5575960750450267,0.24306060547218183,0.7274795620451726,0.34966665475130343,0.6946171007707064,0.1945177679328087,0.6446892341759953,0.20238472947647693,766922.0362410947,328629.87564274925,572958.9487165179,250249.64788577534,0.8942922760981415,0.08518875489259672,1136509.916041208,560350.6129500514,2.9796390177892795,1.9500510435791203,2.9796390177892795,1.9500510435791203,0.5473226232226933,0.35084295693351214,2046603.0304939903,233588.1134144538,2114279.99970254,280169.6357982027,67676.96920855017,71169.00416252104,2193808.9589056703,301712.7998973612,4.8,3.7013511046643495,21.800776363800242,6.59938187701401,56.0,0.0,14.0,0.0
XGBoost__provided_plus_rdkit_descriptors,70,7,2041695.452207916,360726.6878225524,1554916.4392857142,282421.81633834384,1149466.225,394357.66439381364,0.11871998170222672,0.3538224608574348,0.1451625146129059,0.33521581814206153,0.7911141408930827,0.33267184864843996,4241266.85,953692.671355394,-53665.88571428573,406900.32313181297,2087391.7353357605,350594.89305693284,0.5536112454140174,0.12784461398915375,0.7012318859283484,0.14993591021404545,0.4908404130531352,0.27849203795383715,0.5077446897428083,0.2914488886479869,1137945.3594327953,357886.15218658914,850592.2158482143,278330.4553356184,0.7355243491105703,0.16016333811313282,903750.0927751206,503940.4308438722,1.951665592557798,0.6606158115162811,1.951665592557798,0.6606158115162811,0.6168043674083437,0.4694795121681593,1941735.832420579,55444.77614998689,2037254.7856250484,101764.49333119202,95518.95320446925,56659.88876906034,2101847.544046277,63721.69846856809,7.2,2.588435821108957,15.51649635948921,3.9782276024753664,56.0,0.0,14.0,0.0
XGBoost__provided_plus_rdkit_descriptors,70,8,2138031.127129751,381388.26385222905,1591630.1544642858,306076.94172074035,1212597.9625,456588.9093037571,0.21314058178964324,0.07731039712428167,0.32851990245490725,0.08783368136696403,0.8159919117638846,0.44480830911335023,5195286.6,1292677.197989924,-141751.0325892857,908177.1263077989,2047688.2125084721,391906.08666051365,0.5742050873124762,0.11785916393784372,0.7221315142899087,0.16110100418138829,0.5890452303426926,0.06467626507440909,0.6465934065934066,0.08273783931395155,934745.4737510461,248268.69272690642,686797.6442626953,201570.49168056677,0.8464213026592515,0.0965404785328436,1203285.6533787046,276455.7296312818,2.345514875691628,0.41559172429614777,2.345514875691628,0.41559172429614777,0.6332807208696083,0.14513802589169097,2134601.268691631,161282.10037635572,2183747.522281838,148193.87838655492,49146.25359020689,29607.749984854876,2252878.1582394084,166055.60484297716,5.2,3.8340579025361627,21.232679478623204,5.330381467477468,56.0,0.0,14.0,0.0
XGBoost__provided_plus_rdkit_descriptors,70,9,2012183.2715630382,446067.14863928675,1366168.4915178572,390949.810780862,720413.246875,347568.9854808587,0.15069477692729805,0.27353883857571815,0.18582217481949792,0.25288640171493737,0.9796460781986287,0.7336123012703838,4889654.45,997774.0819230197,819.378125,475451.47792317526,2044340.8239334202,443952.2761858414,0.7010158182129029,0.35054903802265314,1.2778788780099983,1.124073535981191,0.5068484532930693,0.1920471694657793,0.5323685138557487,0.23606986496037904,913946.8575490847,294693.60224583937,599972.6754464286,206186.21598155866,0.8180415507862058,0.10115528823293583,1098236.4140139534,584394.9954979314,2.534639072969913,1.4603119485831724,2.534639072969913,1.4603119485831724,0.6673467738589078,0.31103174353606994,1934283.8151975044,163634.41382943324,2008374.3662515457,227450.00675738367,74090.55105404132,81064.31063688901,2093408.94854983,216913.98511351226,7.8,2.16794833886788,14.447206124476883,3.210727219286552,56.0,0.0,14.0,0.0
XGBoost__provided_plus_rdkit_descriptors,70,10,1880013.5800299724,189761.59496079833,1426925.25625,121982.79466312863,1030592.03125,193404.10138301738,0.3017583172936032,0.15288004005202896,0.3101739038477622,0.15470101790795368,1.1597792678800585,1.127814227979285,4387408.575,514170.0356495315,-20178.347321428573,234708.8205933956,1938480.5822662958,199215.22893501088,0.5588662178789914,0.15452902851850595,0.778625942216262,0.27453621658882726,0.5925626068923684,0.12592156752492498,0.6480162733245702,0.10626728796244848,1011744.4443369284,213533.39564035018,747583.965122768,150323.88600216314,0.8022060622427414,0.07316515943814426,868269.1356930438,326992.06694895297,1.9496079013183603,0.5874244769711301,1.9496079013183603,0.5874244769711301,0.5004477449491384,0.16166286657053347,2042110.5286737937,238223.29652269845,2117738.800482239,273030.48950747564,75628.27180844522,79723.72352714447,2233259.57184315,293733.92845619546,9.2,1.4832396974191324,18.31209669448225,3.7179732592198707,56.0,0.0,14.0,0.0
XGBoost__provided_plus_rdkit_descriptors,75,1,1594950.8877125285,545621.7131905608,1238708.095,323089.3846038361,1111529.85,189258.17512185898,0.45925090536112806,0.32639604417882323,0.48615547495752054,0.3009186633891676,0.9363571093176676,0.5561920574695514,3548686.73125,1718456.9722647131,-173326.25166666665,362531.15516351105,1611004.262946987,548374.1767468457,0.5381094838237341,0.13484034862541197,0.7513618682007005,0.16143401722050052,0.7146144867132375,0.18903914950098416,0.702708337027298,0.18912855387379213,689972.4263356389,208366.98509879824,507305.4293489583,153926.1563517847,0.9067880625783082,0.05520486921351515,904978.4613768898,446126.7063423093,2.394121565339725,0.7290746456271852,2.394121565339725,0.7290746456271852,0.4475371572171801,0.3139664600010659,1717972.3918692854,142866.33590329209,1824576.9444010656,126552.81578571489,106604.55253178025,63150.87895292315,1903778.613083195,136546.7137587039,7.0,2.82842712474619,20.863300625581804,7.161200474208725,60.0,0.0,15.0,0.0
XGBoost__provided_plus_rdkit_descriptors,75,2,1952332.951653819,643315.9910354213,1416641.9289583333,354299.61812267324,822069.15,159864.2077897285,0.2799835074606661,0.5775815660730427,0.3059283544194349,0.5666957927446904,0.7935243360895949,0.1968884276784202,4369156.4,1536062.8386275982,-28115.04354166668,444623.316369653,1972213.2216946774,687999.133186055,0.5646116476559404,0.06340959805062099,0.7289577602506233,0.08628252556056898,0.6309500864255575,0.2910693311518777,0.7569679628010092,0.18426492778738823,608149.4517519486,196234.64993898297,389087.5343229167,115676.42308726044,0.9419453051422592,0.0368068442760316,1344183.4999018707,670621.0959454887,3.5317364035351124,1.8531952977288315,3.5317364035351124,1.8531952977288315,0.6619617976815929,0.5789966212915805,1979123.6509508085,409151.38495253964,2055417.1718459823,460111.1910718783,76293.52089517396,101897.84169270769,2112890.6901003346,434098.07531568327,4.4,3.2093613071762426,25.635453193946013,8.22389515079738,60.0,0.0,15.0,0.0
XGBoost__provided_plus_rdkit_descriptors,75,3,2015430.1083987113,472873.2038360255,1457087.1643750002,405421.432844451,1007889.7,549432.476882301,0.14155313673055464,0.404587058047735,0.14959273249712018,0.4174904182037331,0.9690934704653644,0.4938925682510936,5013273.5,1263664.8172201733,-56351.654791666675,201234.79742870433,2070568.8421960368,522488.3839559282,0.6190641279464252,0.20725400012376285,0.7742308932703003,0.23823318239640584,0.4279487945444199,0.3587276861968732,0.426508034097205,0.4418193611084651,1001745.5984831005,280856.47641757474,703308.767421875,199385.22643140596,0.8030521716410544,0.0951033970878547,1013684.5099156108,495157.33395795344,2.161726232437548,0.8931299662288065,2.161726232437548,0.8931299662288065,0.6614990349104998,0.35812408355161385,1969640.52614049,216797.23940011108,2108727.1225814084,182452.63492078343,139086.596440918,69889.90932089249,2179396.613717664,214786.7366461281,7.2,2.7748873851023217,16.32313408475459,5.18635578277643,60.0,0.0,15.0,0.0
XGBoost__provided_plus_rdkit_descriptors,75,4,2161998.791282759,200916.9634914147,1557536.8775,181475.8312859062,1013854.725,383115.93328215857,0.08997461034757141,0.3104348302570808,0.21440101550931975,0.22338538551998194,1.1154864859154774,0.6594283468472617,5062398.65,618450.2399550731,-150887.46583333338,873223.405484695,2088168.3066460905,73193.74978721414,0.6641044896855309,0.13550690352688652,0.8561416680976365,0.19135668354040516,0.5426861693023033,0.15127703768293066,0.6078758222859374,0.1681819515363374,1081959.344203715,201396.77173067923,786765.3878125001,176375.7399722463,0.7911505730075151,0.08218999460276777,1080039.4470790438,331447.6625472552,2.051515413718177,0.39329700204786244,2.051515413718177,0.39329700204786244,0.7011759626599436,0.3479233803947142,2189718.416557311,134676.46167067363,2304790.031312307,126659.29548230542,115071.61475499556,34825.67242599239,2417851.935444253,181268.3086493806,11.0,1.0,16.13160357514912,3.244248449730134,60.0,0.0,15.0,0.0
XGBoost__provided_plus_rdkit_descriptors,75,5,1517853.191916076,517464.51672877785,1097974.2491666668,272413.09144720354,751803.85,147713.84643771552,0.5399186045389726,0.2775186929042372,0.586330371543719,0.23531886813188965,0.9023480698743767,1.0467565144232394,3749353.6,1706164.7388866113,-99040.68083333333,565023.3823297849,1495874.471474334,469259.48468753777,0.4445044096952408,0.20643475641990627,0.6162124641388489,0.34536157631357417,0.7674523530482215,0.15543048954532163,0.7758446935959319,0.14252615774740707,729382.4679980609,166382.59756871898,535591.228125,153302.2329557001,0.9084509445381859,0.044198434952448976,788470.7239180151,518988.04677175434,2.1466185241723172,0.8106914156306013,2.1466185241723172,0.8106914156306013,0.3685323399992132,0.28039206662446375,1842831.0282951996,221319.81889097198,1913566.6488097669,173963.45585848135,70735.62051456729,70423.61862051657,1979263.6301450715,161969.7443689926,4.4,1.816590212458495,18.60464188940204,5.292815378628089,60.0,0.0,15.0,0.0
XGBoost__provided_plus_rdkit_descriptors,75,6,1841622.6961783401,448396.74926188914,1381277.6091666666,344708.454799766,1138312.8375,535620.2146755309,0.2576299008028016,0.3500844684875911,0.3010095621965529,0.3089199035355322,1.1064716614841048,0.8146966610125116,4365333.625,1285032.9183579125,223908.53416666668,451161.6613062955,1853849.5384046182,420153.7662705784,0.5335182785178397,0.17162195024120946,0.7738751660083666,0.21650306599975686,0.6019419208783037,0.18266875955224796,0.6049188359783844,0.156013374397824,715410.5905339873,444840.95232305164,511407.1716666667,329662.785427861,0.8639099826685765,0.11632114961600495,1126212.105644353,768605.353589218,9.78607380103544,17.101589028648903,9.78607380103544,17.101589028648903,0.6062800818657749,0.4283366099558832,1846081.3819628353,244045.89756601362,1907824.449787674,219248.89240966403,61743.06782483878,57572.91196595436,2029020.841459493,210207.2680976023,7.4,2.701851217221259,22.429215480982727,6.452137018158431,60.0,0.0,15.0,0.0
XGBoost__provided_plus_rdkit_descriptors,75,7,1958616.6713942084,797623.7678572494,1454387.886875,550782.6123816962,1125394.3,560191.4235454865,0.16648595713670758,0.5698593437203173,0.34364621474471546,0.46814503375209937,1.114921126024765,0.8294916293345319,4041412.675,1959351.2043801197,82310.89979166663,1001317.0786846452,1823951.5672588989,759974.4849169998,0.7281805290093741,0.44347931206363533,1.2402941874092175,1.1500524785532493,0.6585468762784177,0.2712493546864228,0.5769726906063763,0.27955124680511434,980999.7710392524,478388.68747221713,714248.99578125,353490.8554140609,0.8165706581398922,0.12802759958040633,977616.9003549559,1114297.5297977403,3.440613610759601,4.20515799202708,3.440613610759601,4.20515799202708,0.6500847010031847,0.6270348319048,2333441.160763082,316022.54406783107,2436158.216574757,277479.7528417033,102717.05581167442,46015.386300420374,2592988.4772187946,261889.2800328851,9.2,1.6431676725154982,15.99981428015551,4.178111798652616,60.0,0.0,15.0,0.0
XGBoost__provided_plus_rdkit_descriptors,75,8,2353117.768748905,252576.7517060476,1874017.675,186783.58520689502,1437703.4125,325562.9471053863,0.08466947380949016,0.19619864343877036,0.33101612901384475,0.12015399014621181,1.5303782573364684,1.242739992937083,4968398.25,669827.0086434165,231300.5599999999,1237745.4907246912,2113714.9870427954,431695.9915563289,0.6797223597288727,0.14420484459372773,0.894157222486448,0.18650443968644745,0.6037070115574087,0.10790217061202068,0.6053790477982144,0.18064765969608548,1137467.906778252,300242.9571903458,869872.771875,259020.64061449593,0.7970823210854477,0.09787379848287797,1215649.8619706533,322714.9765783477,2.204409883391041,0.6600143123407006,2.204409883391041,0.6600143123407006,0.7124128472759577,0.255907234287539,2279707.4195432295,124086.9441561089,2321990.139711173,161565.12531825082,42282.720167943466,47077.58560785763,2387474.8083840003,89047.20931824607,5.6,2.4083189157584592,19.75799375669503,6.415457275842135,60.0,0.0,15.0,0.0
XGBoost__provided_plus_rdkit_descriptors,75,9,1895102.5579280003,278852.30369493354,1341055.3063541665,268760.13348727924,913620.0,401239.3365684606,0.3966016195882852,0.29898399205614956,0.4258173412304963,0.2678460004817144,0.8808318709780995,0.6021459521259049,4895848.9,897956.0485974106,-118998.78927083332,439058.8407682809,1918441.5254405935,259253.01110706187,0.518597021962087,0.15561837252890887,0.7115686835486057,0.21690810416507286,0.6924351121021024,0.13542941863791524,0.64741561950152,0.17369543054168188,1000637.3128020118,279670.7046825969,725239.3416276041,261037.59246580896,0.8384229217217744,0.09237957682056641,894465.2451259887,410317.1030248627,2.004136917848494,0.5783190451031038,2.004136917848494,0.5783190451031038,0.44182130213348925,0.33057196617341034,2037623.2082581706,255471.09114143738,2143320.7576420917,249470.76036294678,105697.54938392104,63462.68313256017,2266972.6033634846,288517.51159350766,10.8,0.8366600265340757,14.869124749630563,1.237065284684025,60.0,0.0,15.0,0.0
XGBoost__provided_plus_rdkit_descriptors,75,10,1928757.689762627,482039.19185496797,1457005.0462500001,331848.69385206647,1005047.175,245691.0888896741,0.2526106274751173,0.45152623154275123,0.29925381457442957,0.43906399125188944,1.333829211602836,1.2559320220645502,4243483.35,1142342.2963146386,91409.57916666665,596543.9455478601,1923091.860307882,464668.72968086426,0.6154481337838508,0.23022115850246647,0.8342358705641681,0.31577130944135234,0.5791035474426052,0.33680129067175346,0.5051869112850738,0.2880585005437491,958169.27213708,292206.43939961423,662102.0326041667,213813.59570071028,0.8418651318506758,0.08443809241794135,970588.417625547,620382.3584353494,2.2008565981409007,0.9040048731344158,2.2008565981409007,0.9040048731344158,0.5892545043755584,0.4013358114909249,2023387.3670195355,137666.1907362131,2157947.47407795,180436.07610473357,134560.1070584148,106036.14179826657,2293542.8202293357,148561.3261973549,9.2,3.1144823004794873,16.759173614706263,3.0846701627962028,60.0,0.0,15.0,0.0
XGBoost__provided_plus_rdkit_descriptors,80,1,1698705.349928803,503521.2278889547,1321447.80078125,402320.1410422328,1045785.8375,412761.468280887,0.5160788704715531,0.29965731145914953,0.5564797767433123,0.26074587014986134,1.0556962464347899,0.9447462656317928,3590428.4,1057771.0570730588,-240173.84296875,475172.01816230715,1689094.9232185339,483578.3000200183,0.5877747665048009,0.1805794941340118,0.779189184559631,0.2672927645998815,0.7344864605666566,0.19886442342271693,0.7019264219298595,0.16096545188280273,884417.6257412799,444009.49299688404,676508.6264648438,367303.71964287583,0.8663763374032722,0.103712566099471,814287.7241875234,907458.0131034591,2.800833794870759,2.2917287109869573,2.800833794870759,2.2917287109869573,0.3502974669317192,0.37487819196065575,1940465.013658266,374134.87783061276,2062928.1960490844,426909.3922454393,122463.18239081842,76584.17986751853,2138532.1641645306,438273.2900163183,8.2,3.492849839314596,16.89190637555274,4.607226416784301,64.0,0.0,16.0,0.0
XGBoost__provided_plus_rdkit_descriptors,80,2,1893163.2811089098,428354.6540587077,1376977.408203125,242532.50919069542,907442.11875,255282.82157746333,0.37914302550176704,0.23543022963897933,0.4316030812310069,0.18261967380169544,0.9221607791724276,0.6420238830331543,4556103.05,1434861.4375743568,-89445.790234375,556265.4860878685,1887517.9733346142,424669.2062126547,0.5371905628200102,0.11558435574040944,0.7302010787574644,0.21196262063111465,0.68343765418191,0.1397845987583053,0.6927495977598923,0.09621547248332102,872388.0106793549,384336.6890848836,639814.8772827148,302801.8974087202,0.8676627733240512,0.08477596778243947,1020775.270429555,562490.297123758,2.9747245297392078,2.500211285289496,2.9747245297392078,2.500211285289496,0.48851974782228424,0.18668275342488475,2042532.959865773,244398.86565505675,2064423.9656437389,242978.65537175606,21891.005777965813,24733.864537781545,2125159.38759753,229944.23956450124,3.6,1.6733200530681511,18.22432598412164,5.5113369530840775,64.0,0.0,16.0,0.0
XGBoost__provided_plus_rdkit_descriptors,80,3,1553973.6534516246,251508.22005042195,1206543.53359375,221870.32999938598,963290.43125,281797.07663325575,0.457561669331093,0.06749831371914121,0.4664982164489597,0.07268871133806212,0.7005035304389671,0.20231336806042924,3288384.9,890976.3855677798,-45113.05390625,249308.33738609718,1589256.9005723547,247120.52552932032,0.4704875237345979,0.08260592733684413,0.6274041978998438,0.09855321902314859,0.6941623315916503,0.053404660062289736,0.6207755651065845,0.0731787344011414,1034542.3333136976,272484.3984873238,798255.2323730469,222569.33073710566,0.7658643864494372,0.12162549622003233,519431.3201379267,380769.38150281896,1.5824213662141704,0.4836795447782809,1.5824213662141704,0.4836795447782809,0.3083027171183443,0.12969776412503287,1692938.4665496007,180579.77248569517,1743943.6058683775,207192.29242943914,51005.13931877688,30891.737784084955,1862652.7617295918,268523.78715071024,9.2,3.8340579025361627,14.671969336311573,3.0038069509200698,64.0,0.0,16.0,0.0
XGBoost__provided_plus_rdkit_descriptors,80,4,1700527.4853764803,457867.76974213315,1264025.66484375,264405.7719287931,919603.2375,280118.2282005853,0.297828845511776,0.29467537100309005,0.3309470762856173,0.3137426907627417,0.9496432796143062,0.30955503094820724,3970616.8,1551040.5049998634,12474.07734375,399705.91807485634,1710054.0132296775,503353.6227639463,0.5482655130568357,0.08227486064749351,0.8177887035406599,0.1758219105018199,0.5914137693269337,0.23856703828534004,0.5740810204434806,0.24066900095856888,945288.6531505653,396025.7228292323,728231.5015625,326253.1393560991,0.7922439054886998,0.1444504065346476,755238.832225915,841845.5210450647,2.3320413562297206,1.6328678794479492,2.3320413562297206,1.6328678794479492,0.49441505997692375,0.4011368850801714,1864458.3753288481,267926.1566990617,1896124.010792543,293137.4199881636,31665.635463694995,44370.03890917631,2036193.5562993712,301888.0769626427,4.8,2.3874672772626644,18.00482084605385,6.784375611707075,64.0,0.0,16.0,0.0
XGBoost__provided_plus_rdkit_descriptors,80,5,1657695.4550157324,406252.32472775603,1192897.274609375,431536.442875678,879065.90625,676586.0987730235,0.5400276115159446,0.2061136394343049,0.5547553047662057,0.2132209825458675,0.8547319186482106,0.8454054965694588,3802585.6625,237079.6555775644,-138625.910546875,331006.304802901,1677097.3673151708,426228.5690210583,0.49377760522913317,0.21759593983706718,0.6960281181798209,0.3057275080040326,0.7799386707609529,0.11553734451507817,0.7475139102999931,0.09996314149687927,746230.68051872,317327.4090198636,543727.6971435547,269874.37149956427,0.8989835444912526,0.1027524189689829,911464.7744970123,297728.39094238373,2.3572344374082537,0.6442363935931842,2.3572344374082537,0.6442363935931842,0.35895593297530787,0.21217521308137724,1998526.5398200043,205013.8523482067,2044538.921659565,170016.46034301457,46012.38183956067,63131.736637532435,2224433.5247355024,161129.99987328023,8.4,4.61519230368573,15.802563922389993,2.8561074884177686,64.0,0.0,16.0,0.0
XGBoost__provided_plus_rdkit_descriptors,80,6,1944296.9062555716,522872.59558865125,1433866.233984375,367191.2397365267,1114375.5375,402440.900124574,0.17745621019858163,0.6473115253191727,0.19677023498051968,0.6473448998659869,1.339064939123789,0.9705392649594076,4709286.3375,1255399.0719203623,-34820.176171875,331107.5158403226,1981355.4717961617,553389.50095826,0.605237049381399,0.14054301575752834,0.8431803251970221,0.2403288127122488,0.6300704049137418,0.1717444415277997,0.6566628871745805,0.17571292994219104,1073533.421714012,194942.93807994263,747100.4809570312,222315.78145686755,0.7912889585660627,0.07009757353751504,870763.4845415596,691543.7466049746,1.9207698569328273,0.8284192444975974,1.9207698569328273,0.8284192444975974,0.613832748367481,0.6949844218595989,1860735.4943664218,126718.72027762253,1964295.8036833678,192542.85297076913,103560.309316946,69375.82763932088,2050013.9037790415,150893.8326824824,8.0,3.6742346141747673,15.882281677800657,3.3363759473796546,64.0,0.0,16.0,0.0
XGBoost__provided_plus_rdkit_descriptors,80,7,1936648.8583240777,893622.8025555804,1323873.24296875,684794.9814814151,841783.81875,397478.66605254717,0.2792819697584822,0.39918014253891737,0.43736700272275186,0.2092341172275852,0.9574297973099591,0.5031955951012184,5034367.85,1595514.0420634092,-237965.26484375,1101539.9427046867,1791607.5209429418,685932.0595063298,0.5542664438667372,0.158626107364125,0.7836978826572089,0.20091426084965602,0.6693252917775732,0.15323512932779962,0.6910384549761148,0.12112038155032832,940673.235860759,513320.0130204027,687110.6241210938,385042.3420149194,0.807542086276795,0.14978386736955196,995975.6224633188,902932.6309942277,5.076509880703708,7.45815589356164,5.076509880703708,7.45815589356164,0.5282601165183128,0.3790768073638885,2004847.6759240907,251379.43382060973,2096352.7594919377,288351.1983156556,91505.0835678468,77957.25045147775,2129501.337686054,279322.95520129486,6.6,4.159326868617084,17.569432287981417,7.37625987038918,64.0,0.0,16.0,0.0
XGBoost__provided_plus_rdkit_descriptors,80,8,1898806.8184955406,301759.75853517314,1380602.2359375,190484.9108845747,937975.6625,264578.6322539055,0.2657752309979629,0.48522007478377077,0.2882873979235485,0.48797088351317003,0.8754731592794606,0.32342790054606224,4508392.3,1222590.803556496,-121846.2265625,411552.6669498019,1920877.6678346829,302890.93314023834,0.5611105395673904,0.05785123750338054,0.751857359720416,0.07850088777569468,0.6235348704585427,0.24458977459993805,0.6702359869552492,0.2161054439248862,806035.4349480427,561319.3401252246,590935.5428955078,412002.75038824324,0.8472834496155105,0.13005406098375277,1092771.383547498,662348.8319933466,14.910282650339246,28.208487406858698,14.910282650339246,28.208487406858698,0.5815082186175478,0.4715267722240343,2020119.6389405883,158168.91278466713,2094625.6180744157,207832.25003524873,74505.97913382723,88721.91694612437,2182102.9695758824,222895.14176983,6.0,4.898979485566356,22.560959510107875,12.119837908791213,64.0,0.0,16.0,0.0
XGBoost__provided_plus_rdkit_descriptors,80,9,1644140.8044359046,260082.39406476746,1238320.0828125,272418.91671228793,888706.875,318144.7042997795,0.5023404310208383,0.1626003516938099,0.5592168963227985,0.18290899592855187,0.6862442227463263,0.5046475617071393,4148560.175,565710.6287903489,91071.25625,619222.2743052373,1589383.3749945457,314143.32036364585,0.45561188130880464,0.17240010355506885,0.5906716095110941,0.2305556920001092,0.7614165278352552,0.1503212050085864,0.6543127247049312,0.269630010045816,1006415.3592973424,114043.34391402909,680162.2121582031,121934.61491916736,0.8213531684049148,0.03311410166608745,637725.4451385622,282037.6289846756,1.6519978570157334,0.32248175060524215,1.6519978570157334,0.32248175060524215,0.3190127373840766,0.14562581514524212,1904550.3775071888,166973.95188503878,1982130.1426191847,137722.53911423107,77579.7651119961,56635.51241346497,2061686.4645385004,177425.34561396556,8.0,3.391164991562634,17.015261264540857,4.079986440983018,64.0,0.0,16.0,0.0
XGBoost__provided_plus_rdkit_descriptors,80,10,1825934.4896503123,330232.4915143173,1351015.203125,258106.8897323853,1001953.3,322790.38857037073,0.41203605234379337,0.233646448576552,0.469646869139158,0.23704485515846474,1.0393323480889478,0.45271825191396997,4417900.15,1083553.2915062888,17343.878125,698772.0544529299,1779628.348361139,285699.3751774917,0.4982412587408813,0.0977035870470936,0.7380813128844996,0.13861449660914807,0.7091336059159656,0.13892381722615582,0.7119840479754569,0.12112786920487228,901128.6264726084,468700.05700386566,661229.4311035157,355683.3764726449,0.8404531900579812,0.11207277791477856,924805.863177704,704740.1118661134,4.088093510194364,5.322609254901157,4.088093510194364,5.322609254901157,0.4284171377141878,0.32646337673598874,1925911.1187069365,183481.6221406235,2018494.6261408,192695.80586267443,92583.50743386387,56796.801764405776,2063439.7224150621,189436.07322591398,7.6,1.6733200530681511,17.68371488109595,3.243814213676774,64.0,0.0,16.0,0.0
XGBoost__provided_plus_rdkit_descriptors,85,1,1620785.9694384136,317997.03411804483,1166334.427757353,336402.56802578236,847719.725,301700.5286653058,0.5546996982199591,0.15591645475092508,0.568733112013185,0.1357995951369756,1.0359810246695689,0.556356003386973,4408313.5,874330.4007830792,-78946.296875,305790.65741568635,1648021.5020542636,306199.47374417563,0.8200665032454661,0.7385515010719493,1.4202831928620787,1.6543996085682002,0.7688544081461296,0.08287888420706738,0.7483371127318283,0.09660052408196387,955915.6397882417,219925.16824131558,706871.2318014705,158489.25593438916,0.8467538272228049,0.07404241287416655,664870.3296501718,143354.80586945804,1.706705242626534,0.14208133545127374,1.706705242626534,0.14208133545127374,0.2920541290028459,0.08480597990044171,1942582.865673917,166234.24175003366,2032327.3473673395,134337.36335005765,89744.48169342247,70441.69590346245,2112298.5004068743,163484.21770212223,8.6,1.816590212458495,15.602870935887978,2.82743052074311,68.0,0.0,17.0,0.0
XGBoost__provided_plus_rdkit_descriptors,85,2,1838392.3217233766,635311.7210049577,1259766.4908088236,371384.67250743654,867986.55,310083.0978578767,0.4427250666810572,0.21626268252959188,0.5167625309543908,0.19495802387363093,0.8320938484089344,0.3803451523487031,5307264.1,2082221.736522958,-140585.22242647063,766291.1866827161,1765258.10273522,610058.4678149868,0.5258460045974733,0.1659442320343473,0.693479498937644,0.24328742199447603,0.7501418931381981,0.14170872361360784,0.7695827629173232,0.1288961544152275,635075.1297809215,334629.23478885565,473697.9629595588,263793.87744124536,0.9223486165193059,0.06159159908768642,1203317.1919424548,557181.7056415594,3.5520904944254283,2.0347732894674735,3.5520904944254283,2.0347732894674735,0.47962354983824856,0.1838566659449242,2097482.296291779,164292.34646323876,2176774.6359104514,203988.62391137317,79292.3396186728,106388.94689741136,2307215.1750177545,251669.27617638806,8.8,4.324349662087931,21.946825434837386,9.398608350690052,68.0,0.0,17.0,0.0
XGBoost__provided_plus_rdkit_descriptors,85,3,1670728.8790808788,425717.0312832587,1186908.622242647,234802.10528157058,930246.2375,393438.67175065883,0.3672682721423216,0.21388553022472057,0.418569712213048,0.18591204468061254,0.9476264419527645,0.7442209438832456,4348594.7984375,1766012.3393219423,-147155.7487132353,529411.1053062526,1652672.5994370873,398863.2352643157,0.8255208000023042,0.3770612300962928,1.8868253611702364,1.5311764004110704,0.6555984199217997,0.12361832028278387,0.6986253164342674,0.07319505800484327,872922.3109007416,235119.21128580684,565462.6849724265,155208.22235733757,0.8296464228574092,0.08923477164729798,797806.5681801371,457908.0570093753,2.0216400407738937,0.6272598166414998,2.0216400407738937,0.6272598166414998,0.46237815071508753,0.23603441534553005,1911714.0515299656,212685.39687122623,1935654.51471563,211142.66380733668,23940.463185664405,33156.910204349246,2079911.5338732183,254742.54320665903,6.2,5.540758070878027,25.12196134670598,10.684185799295541,68.0,0.0,17.0,0.0
XGBoost__provided_plus_rdkit_descriptors,85,4,2123297.9891879307,437521.2444302331,1728886.139522059,421385.59765033313,1418315.725,405633.1691087289,0.2482427095179335,0.39357679147301505,0.2949209305861357,0.32065878980390683,2.0265365931731396,2.779584280788451,4206382.25,718574.6422497196,139578.84246323528,577017.6891320278,2130657.1387942065,369921.22899018886,0.6545137435212036,0.31757684254541146,0.8722725161137592,0.4770231327885092,0.5719599390543884,0.22997529100973382,0.575087174932231,0.17540355099659852,1119312.4622784988,129584.58312707105,849833.9438419119,100665.35895018687,0.8113602234510202,0.04720960265056004,1003985.5269094321,440149.5978056243,1.9125388392377338,0.400176034053428,1.9125388392377338,0.400176034053428,0.5631175139330866,0.3986273095124613,2038368.3382921815,148616.14268665796,2112511.4364608927,158950.16213148457,74143.09816871156,81279.23129345183,2225764.4368542717,198472.88128750198,6.8,3.5637059362410923,17.51340527879446,3.4337425721758907,68.0,0.0,17.0,0.0
XGBoost__provided_plus_rdkit_descriptors,85,5,1823513.3882009443,433377.7010785309,1320882.5698529412,229205.149988673,808043.3,250677.03347805172,0.4468736728039495,0.2154538977466537,0.4926961112026477,0.1770161132519567,0.8341973166923367,0.41675917762020076,4119613.775,1329229.9545384774,-3173.5389705882526,605372.8517277398,1805083.5977110178,391834.78594094625,0.5003140893301623,0.04446076851918879,0.7095824012147953,0.12289973228291823,0.7085228720792041,0.11494752896761876,0.6379415099547511,0.17105422019645758,909052.5516996717,256874.09333243017,649213.0778492647,210675.61564598494,0.858294843119257,0.06784253419800103,914460.8365012724,421973.4478244079,2.1199751522805457,0.65619744510738,2.1199751522805457,0.65619744510738,0.41142117031530745,0.2022976974881364,2011040.9397494472,190424.8092960719,2176543.9515601126,168179.78969011718,165503.01181066554,37022.4754549234,2288818.469677501,211064.834121227,10.0,2.23606797749979,16.87958856889591,6.207110889913994,68.0,0.0,17.0,0.0
XGBoost__provided_plus_rdkit_descriptors,85,6,1836217.8155457792,412163.77539474354,1300550.3551470588,297482.2922969687,815391.4,320646.39470857097,0.2961993821378529,0.4759719552221317,0.3262945137256959,0.48266083210945293,1.00096391484292,0.22831038997362565,4353412.725,1041032.2775052955,-244193.2463235294,424666.6486371662,1838571.833001811,402849.02219479653,0.5934962163358792,0.058658586442711935,0.7968869642772173,0.06036605911456092,0.6258851453600871,0.3003096513083635,0.6645410126516375,0.23713873418422912,1060980.492510341,341166.68425386585,762560.096875,308212.6690757071,0.7858172435660519,0.1582444760154432,775237.3230354383,219631.27520206923,1.796093848626646,0.3982040304614788,1.796093848626646,0.3982040304614788,0.48961786142819896,0.4543968406017448,1968102.6812527876,157764.6592380497,2016049.7558468997,176687.5155365125,47947.074594112346,61864.60102476634,2088946.4066183444,182513.44400903193,5.6,3.9115214431215892,15.27466541134377,1.6209590952378752,68.0,0.0,17.0,0.0
XGBoost__provided_plus_rdkit_descriptors,85,7,1732405.2402295812,204908.16798846863,1297499.1376838235,108944.13831691738,959534.0625,244252.4295164482,0.4995932718601389,0.10316726388263674,0.5214508981295015,0.09575772263825903,0.9520614237898138,0.45952416491306547,4087561.5,834288.933686889,101681.83143382354,409592.90022070723,1744538.865039783,185375.5525284539,0.5528032947022746,0.09733820703865548,0.7309774416114172,0.1774048810344371,0.7286825372667627,0.055138969164171124,0.7647855965447893,0.050370182079892564,936439.8969068944,266252.19580703205,674799.002711397,196693.2753515339,0.8577994353297816,0.07435744897541781,795965.3433226867,353783.4868350694,2.01349097606188,0.8066518944009807,2.01349097606188,0.8066518944009807,0.35820616346964274,0.12652303505326246,2017859.4152324733,343059.1538942277,2111000.483885254,383397.5718448604,93141.06865278045,52723.471099255694,2143931.582466607,382666.1182902744,7.6,3.4351128074635335,16.135760637480438,1.7332495204588194,68.0,0.0,17.0,0.0
XGBoost__provided_plus_rdkit_descriptors,85,8,1975516.1914104256,346808.0877465292,1439318.644117647,179213.95541591794,975299.05,247482.23349240143,0.2534704456194466,0.06647209854489008,0.2865456515075814,0.05130139473418038,0.7392909829151442,0.20437339151536013,4944150.475,1004743.96509037,-33502.58970588236,490069.99407993694,1988982.8119180915,330580.357807865,0.5071227153040161,0.06541214594531608,0.6625901077088471,0.12048845151559237,0.5672770724336973,0.04230697856895259,0.628538746938863,0.2049027903009185,1101137.0065180878,337487.4556612521,788644.9280330882,271933.97435925546,0.7651517591859757,0.1356535121435634,874379.1848923375,666480.3533594343,1.97804164657651,0.7803814257320059,1.97804164657651,0.7803814257320059,0.5116813135665291,0.19473380863116618,2042348.828419251,204680.10954317212,2103079.615499937,148842.13624493327,60730.787080685375,59902.258015980085,2193880.784829839,160983.96291560883,7.4,2.6076809620810595,16.003767099246367,5.44571794776918,68.0,0.0,17.0,0.0
XGBoost__provided_plus_rdkit_descriptors,85,9,1870325.414249468,237916.76178554937,1377349.2922794118,179468.49300491269,1013685.325,404969.9799211935,0.4503614852165144,0.1304147764161654,0.4868405050243906,0.11131293714772945,1.089590633515797,0.95222624627095,4581854.05,888846.9860770891,-155653.7231617647,505136.80769658834,1866041.6125492933,223944.33845941004,0.5170702098082073,0.113736316630197,0.7245951779086737,0.23196429048066372,0.7172138152811431,0.0837348278837801,0.7485322346780372,0.057874985429650104,953470.6305482106,287146.61450322194,668291.854641544,231846.87938366918,0.8547478994813924,0.07942659247121593,916854.7837012571,423962.35569301137,2.139733719629939,0.7927684775282111,2.139733719629939,0.7927684775282111,0.4043864142648778,0.15341291814147487,2073994.8594685532,227140.58443575518,2115457.808960396,198137.87136828955,41462.94949184228,32970.51211455376,2231596.1640780866,197681.38291347114,5.8,2.280350850198276,19.30989174662348,4.023099923397043,68.0,0.0,17.0,0.0
XGBoost__provided_plus_rdkit_descriptors,85,10,1943562.773072192,334381.6748728537,1590622.549632353,265022.4563398971,1324792.9,290625.60073640064,0.23418822025676037,0.1993657805285164,0.2562799105707027,0.1917594802298061,1.299230938846669,0.6168817070705224,4216018.55,950161.6858969878,-37768.67316176471,359055.7815619196,1975443.3269040757,344765.4933744478,0.6128028914808887,0.10655979679476109,0.8126724883840213,0.18225051880299326,0.5315350051001115,0.14398675980707762,0.570401075422941,0.1264280597079609,928625.3201871784,512287.83911828103,712090.3147058825,460263.4938814839,0.8023104898371273,0.22022777510717842,1014937.4528850137,744893.6476660608,2.587918272237906,1.3227709102313276,2.587918272237906,1.3227709102313276,0.5681222695803668,0.31026020944534427,1843187.0361275196,242735.28578105717,1943843.4188600883,252951.69593468375,100656.38273256877,70105.102809889,1991137.472972237,235035.30038075297,6.4,1.51657508881031,18.12065784803953,4.853364165570681,68.0,0.0,17.0,0.0
XGBoost__provided_plus_rdkit_descriptors,90,1,2063224.1497809186,659226.7389105447,1584859.1552083334,503486.7579669681,1253506.95,508303.29119969526,0.0012714652462268328,0.35121508738617846,0.09109551363626067,0.35667045030547734,0.8734914392878264,0.4104765800919855,4748275.775,1337472.696118441,-95285.18506944444,787906.9550366193,2010885.1423785344,608574.0114346377,0.7465878317051832,0.2418658925504459,1.355258476476627,1.1785836077859226,0.5196332621808443,0.16799861304987446,0.5050327583110519,0.13174778349005778,1105561.2314340144,224214.48126919454,773492.3910590278,201543.3415075866,0.7454096644764151,0.09665694584124841,957662.9183469042,832825.8125946232,2.005965713236454,0.950732361592188,2.005965713236454,0.950732361592188,0.7441381992301883,0.4351839443700962,1823294.759054501,210432.85749329644,1868416.162467592,190623.193013509,45121.403413090855,40484.14540097862,1956520.5615180586,260028.06890399582,7.4,4.878524367060187,18.00826845133854,7.003910140050179,72.0,0.0,18.0,0.0
XGBoost__provided_plus_rdkit_descriptors,90,2,1841895.7630266708,305002.2762212585,1376597.6715277778,258647.73328168283,1003719.65,334898.2420031406,0.4239904897688655,0.17231814931514086,0.42849875403125487,0.17157589951356686,1.3111634937048007,0.9513472323348557,4381132.5,1241444.1526867133,-19174.17847222222,192348.8980680765,1887430.3877755688,309879.0983519218,0.5632784822169572,0.09942812631991332,0.8101280794949283,0.19151800811845643,0.6841865917667583,0.1119341819320231,0.6910290950096426,0.11485442326276009,1048887.2084240208,510790.48047930916,741085.8987847222,421767.91822177725,0.7862931347985107,0.17342429846091037,793008.5546026501,729955.6289929824,2.583103873843927,2.342710932543803,2.583103873843927,2.342710932543803,0.36230264502964526,0.29305645072504094,2078885.9032730877,220180.4685656757,2143748.1017303015,218143.92558093797,64862.198457213955,50615.59862421705,2244281.1278825616,240030.47976853343,8.4,3.646916505762094,18.098367811976026,7.032055305105934,72.0,0.0,18.0,0.0
XGBoost__provided_plus_rdkit_descriptors,90,3,1820252.6779590906,269683.378064331,1353939.3743055556,188381.51085320156,1030316.2625,366662.1966420693,0.41485909956985906,0.12491791364980885,0.4621890928679231,0.08980986583035881,0.9195425349558466,0.2808558346411011,4617564.25,2041356.8085455827,96118.73402777777,514497.16075745167,1805492.4299473972,308259.14475964056,0.5049050633723446,0.0842427762638728,0.7209158585798013,0.1041441096803012,0.6862457882405455,0.057608774263657,0.679519907622795,0.08581907602447472,1016392.0864299532,210068.93259831183,785494.2494357639,192570.48335213933,0.8243334707392533,0.07323285297346824,803860.5915291373,363081.7518716468,1.8630443978051823,0.5467893355022377,1.8630443978051823,0.5467893355022377,0.40947437116939434,0.149252539143639,1994180.1618809272,200109.68080353783,2145360.457024936,215489.31149043492,151180.2951440088,33839.55467888489,2192564.5839093565,208602.61207288387,7.4,2.701851217221259,16.239044143212503,3.758444181766318,72.0,0.0,18.0,0.0
XGBoost__provided_plus_rdkit_descriptors,90,4,1877314.8256521686,83065.21748584893,1367184.1045138887,55896.55272973849,964447.25625,139743.2118896218,0.32847033695589484,0.13930359358921823,0.3701735101680154,0.14794789876321104,0.7742352634969335,0.15123606072638157,4749792.45,435503.4563801704,-16265.279513888876,522452.2799110271,1868093.4320718828,142322.7807725945,0.6441139797225415,0.19827062477006457,1.0961171575637523,0.8798889828257042,0.6549463361452735,0.08117610681583828,0.7119599156597991,0.15799706309477393,766494.9843045527,370227.7613858573,511636.2104166666,243605.21217220378,0.8786963095871817,0.07999275021604156,1110819.8413476157,418331.7753848077,3.845411723732712,3.859694785024283,3.845411723732712,3.859694785024283,0.5502259726312868,0.15885720044702914,1963192.2607364699,51713.243504130885,2028819.2935877605,51684.34665251915,65627.0328512908,30412.225335552608,2081063.6905507904,85707.85158675256,4.4,1.140175425099138,24.340615003435207,6.759364704053312,72.0,0.0,18.0,0.0
XGBoost__provided_plus_rdkit_descriptors,90,5,1954796.6559757225,452139.6758824335,1527533.471875,337378.9539465594,1246406.225,269052.77382334194,0.41531664437933824,0.2012576130014485,0.42979867495333385,0.18139323815513564,1.1491549900286973,0.5638726212453197,4109447.175,1348753.9909121087,-69031.7392361111,319460.38711059914,1990790.993653298,453364.73042055947,0.576040744699826,0.13163110351920593,0.8026555118944669,0.15914547467734882,0.6607643852617275,0.14608310822963078,0.684148336452194,0.07566788143850667,1210970.9683746756,325671.2687449261,909792.3298611112,258583.67524540296,0.7659965398742178,0.11019666896902437,743825.6876010466,461908.56053144275,1.708434250996405,0.5233927403128933,1.708434250996405,0.5233927403128933,0.35067989549487955,0.23355624619017615,2266615.0665708184,178182.6079951952,2379976.959036683,153371.22485941075,113361.89246586454,84209.77207795734,2467052.433975295,184667.03221004727,6.0,4.123105625617661,15.627469499878629,3.970485852163678,72.0,0.0,18.0,0.0
XGBoost__provided_plus_rdkit_descriptors,90,6,1472000.7883372405,626038.5161300817,1190551.5225694445,504808.9888346034,1081695.4875,423048.68906813825,0.5801966689063704,0.23729111888960908,0.6008552955816782,0.22531597052698157,0.75964746380438,0.5011700222006213,3509739.9,1466412.129412855,-24832.326041666674,312904.7126376916,1486253.7984314999,645841.4607927579,0.5104520073852179,0.20861814293286915,0.6439108090565773,0.25425964032868814,0.7740813097583248,0.1587620764507439,0.7077988624543647,0.22646206471567304,494600.65839987557,316500.57702879026,359385.0804253472,244746.81197010336,0.9394287510732868,0.06238854072784032,977400.129937365,370215.19061252597,4.4538863554546815,3.9857481066344906,4.4538863554546815,3.9857481066344906,0.35923208216691627,0.18611330069990017,1842799.9402089485,249195.22183363358,1958277.3607985873,326070.8250937825,115477.42058963879,93372.8692255097,2069976.611710051,280977.2843533719,6.0,4.0,22.551974516773754,7.690795622337741,72.0,0.0,18.0,0.0
XGBoost__provided_plus_rdkit_descriptors,90,7,1873750.79956602,690634.5433943314,1362980.7690321181,489776.5856376238,987938.6653320312,368505.3494790391,0.36282269589457206,0.30741264525713724,0.3959738055252523,0.29779553389136604,0.6616572479933602,0.28393122199636517,4760257.0,1988924.5691166243,-157686.43569878474,521927.0383609032,1871177.1294825748,673719.0481412034,0.5839231981073636,0.3233700137861502,0.8656965085162687,0.634420811630883,0.6858643993510226,0.15934045772291136,0.7467830320997944,0.1443021058689648,934097.9040007507,91336.28483041508,648836.053125,105734.27375796577,0.8513046208810564,0.043842947981525035,939652.8955652693,691577.1118356272,2.0169521082074566,0.7147732106368008,2.0169521082074566,0.7147732106368008,0.48848192498648435,0.3193242767599701,1862319.7341870186,211686.18837448987,1950269.5716761618,225549.8463015008,87949.83748914339,37531.80113925978,2043907.292368479,247261.897220002,8.6,1.1401754250991376,18.449835360822657,3.3086945422877156,72.0,0.0,18.0,0.0
XGBoost__provided_plus_rdkit_descriptors,90,8,1926663.2668274944,439046.07333586656,1425496.7392361113,328372.78707617486,935483.1875,283673.78792922554,0.30742318968425464,0.2078021234711922,0.33008485260881354,0.22234073814459857,0.7431584794248902,0.1622689467079766,4534943.05,1344994.7540955944,-255371.3885416667,328180.84713753633,1942423.799881182,447737.38080911787,0.5560784438541817,0.06467643962485416,0.7195520661816109,0.08457083147073054,0.5736423172154353,0.22655569535179507,0.5594435236806621,0.21274305747012093,878968.7530713786,345004.85005480825,628256.2418402778,273630.0612596182,0.8446640448070715,0.12018661802580245,1047694.5137561157,406262.38857943495,2.4391580254765204,1.0581856641566332,2.4391580254765204,1.0581856641566332,0.5372408551228168,0.188686506515974,1971921.734141015,249274.58520609172,2012896.3083088105,271789.8710797329,40974.57416779529,36530.58725541236,2068578.8683288738,224396.8960970443,5.0,3.1622776601683795,18.403458625656835,3.9982450111129597,72.0,0.0,18.0,0.0
XGBoost__provided_plus_rdkit_descriptors,90,9,1872264.0164590373,441376.76008328144,1459082.007638889,355250.83383791626,1098151.325,416491.72221392294,0.30427358304292385,0.2913460814030825,0.35511066112709005,0.22365652780944809,1.0606871346543527,0.5346394682613883,3942294.45,1078711.022200953,120306.32291666666,546714.603516125,1863430.874822354,411865.4715451722,0.5556867280870226,0.12738472293880748,0.7491710172850781,0.20069774705259297,0.6298456139784305,0.12705138485008927,0.6432831751704737,0.16025495621235888,1232361.6232044676,159143.49971946035,895548.0901041667,161743.60408912215,0.7278642018558811,0.05527282769499529,639902.39325457,595809.0318746298,1.573383167509514,0.5310044785308683,1.573383167509514,0.5310044785308683,0.42359061881295723,0.3343306417291623,2071689.134005849,200671.21109394904,2177163.2153365724,180812.870559837,105474.0813307234,62043.89707322467,2280954.9214959457,204047.02756322047,9.2,3.420526275297414,15.406267461762246,3.3224311825732946,72.0,0.0,18.0,0.0
XGBoost__provided_plus_rdkit_descriptors,90,10,1602910.5689143469,289292.40873640234,1146413.8520833333,144657.65015780117,762669.13125,160083.82123286786,0.5497781896263217,0.12278116668866482,0.5572388943456158,0.11730448948517373,0.7442116413024138,0.3867832540706378,4345073.15,1360293.4206234193,-161724.80625,151944.13353159002,1636197.0352096,289307.565692509,0.48631772687125885,0.11690242961639873,0.6514501914827979,0.19481573425614282,0.7514315245891113,0.07085855661157744,0.7502724399730767,0.07857028513931158,668292.1868966128,301190.5054533237,468892.3386284722,221885.17741569522,0.9096475126415055,0.05740109230893903,934618.3820177339,93449.12248903103,3.080561674539454,1.9742258735180453,3.080561674539454,1.9742258735180453,0.35986932301518365,0.07282536562018205,1954054.2566517345,200483.36718093057,2020893.5572355252,217487.71994055694,66839.30058379043,70141.76954715842,2097455.621738717,149306.48386920546,6.6,4.722287581247038,20.861849455275728,10.13982089490741,72.0,0.0,18.0,0.0
XGBoost__provided_plus_rdkit_descriptors,95,1,1892784.6844781055,185810.3685254689,1358266.2039473685,141745.0157029489,846914.5,260128.14945396385,0.16109250879869583,0.6592758449097136,0.26849776157537,0.5214079633158734,0.8871696188650564,0.3084885592244797,4595347.0,945658.825297161,-175674.25789473686,667813.915596568,1837480.1822419069,177880.1445975542,0.5005391484349058,0.08667710959596663,0.7153631835214087,0.10511888760036296,0.6480665054572713,0.17136028437076023,0.6157585001050334,0.22997558841234186,1040922.5950221255,222534.4172461338,774490.9543585527,167338.211594889,0.8059536902135835,0.07934535031497902,851862.0894559801,313757.98252096534,1.883772765084363,0.4331723774449463,1.883772765084363,0.4331723774449463,0.6448611814148877,0.6622665923794872,2010427.2262485898,235860.65957700976,2100856.8127477914,228075.27681834894,90429.58649920145,27725.435114095337,2115345.1103666886,221303.5640519594,5.4,1.816590212458495,17.19308338226339,3.886945322142322,76.0,0.0,19.0,0.0
XGBoost__provided_plus_rdkit_descriptors,95,2,1980872.168540605,658520.4671979167,1527738.6006578947,492425.1209768914,1141008.05,437046.6204315747,0.1269803469141309,0.44015266153948723,0.2663371140456105,0.30477800224301743,0.9122932132374073,0.5932863926348223,4237691.2,1514113.7233876127,-2602.5914473684156,918713.7008941991,1887677.0073956088,538478.1146984457,0.5380859423954171,0.17535743608140622,0.7345924000640542,0.28371957037707135,0.5253468215610329,0.23040738986056183,0.4997930267424568,0.27207362946100977,1117164.2661026225,275454.4505080468,811741.2646381578,259473.9598690927,0.7660034207905372,0.11151746739161171,863707.9024379828,713894.4092210145,1.8444097864909073,0.727161958537546,1.8444097864909073,0.727161958537546,0.6390230738764062,0.4461562163709764,1990135.7388493721,229154.19281919982,2061756.0744467848,216393.3905826583,71620.3355974129,43386.6551710102,2147064.568540356,289109.8252650812,7.8,4.381780460041329,15.304221157086342,1.9820058264642157,76.0,0.0,19.0,0.0
XGBoost__provided_plus_rdkit_descriptors,95,3,1895428.7982595884,493057.080653973,1403957.332894737,389683.3303277848,895879.1,343266.33192885923,0.33352182396543506,0.2934213854166822,0.36571399604243393,0.2868740367327851,0.9020395898505165,0.5766477977565522,4483497.0,930143.7374746677,-115692.05,468335.6393386283,1899174.6628823155,489028.74999871623,0.5521862322001724,0.1814493503562513,0.7297105370957404,0.2224709000724262,0.603759576435433,0.19830958492253623,0.6339824833435986,0.16246272397271305,850437.4088680418,516530.1263184178,617333.1491365131,406212.8894196139,0.8576206406960075,0.1488003761304641,1044991.3893915467,417536.46272515843,2.871475623637796,1.7941196550598464,2.871475623637796,1.7941196550598464,0.5240988167305726,0.2645585738475077,2073545.5496974052,230940.24609940586,2127635.14381816,211954.45279268152,54089.594120755,45468.17023395448,2223710.52399621,202521.79508832676,5.0,3.3166247903554,21.797086811884206,7.973819204620143,76.0,0.0,19.0,0.0
XGBoost__provided_plus_rdkit_descriptors,95,4,1909657.3392229746,372539.147728817,1397480.554276316,339895.69401896687,928939.95,321090.92414291314,0.319639945182033,0.12467745312349418,0.3749417140470303,0.14330367514876738,1.0018204368599417,0.5846748693016718,4547517.25,1034319.1028144131,-81730.13519736842,544680.6384690643,1886195.713112662,434848.8373617207,0.5733410882258486,0.1398820929420231,0.7513080409793644,0.2033440457769122,0.6282721925738872,0.12574120941560288,0.6893112622918526,0.05981636758721197,949687.6626192864,491136.2186993427,675558.470024671,366746.0155762007,0.7991465162587124,0.16243515358077823,959969.6766036883,298494.1226531976,2.9012889946704528,2.4959589338872403,2.9012889946704528,2.4959589338872403,0.4795065710766794,0.13809461336791867,1777872.9541482986,101959.71195345346,1850297.896221321,68664.49719789095,72424.94207302248,42195.85758712647,1909559.574493343,84942.58396453399,5.0,2.7386127875258306,19.086661597781834,7.0755335693454535,76.0,0.0,19.0,0.0
XGBoost__provided_plus_rdkit_descriptors,95,5,1960590.4444583845,395653.7285655846,1389625.1085526315,292787.00290918176,887563.175,467259.91010840266,0.31875760186119073,0.22926041719779405,0.35113544932239266,0.2194155955054446,0.9293110810129501,0.5677144512424308,5026970.35,1374160.8038521137,114511.6730263158,469258.38679348223,1965308.2499267713,399107.0200047816,0.4850025636700467,0.08777258354991346,0.6952160326959628,0.20111474286988315,0.6040006451861732,0.19307134952441893,0.6361319558955052,0.19019548173242368,1162346.9263257545,316316.56026509224,843131.3120888158,245411.848303513,0.7672614016566792,0.10110138569673384,798243.5181326298,640399.8820983117,1.9049649855231585,1.0263103655186592,1.9049649855231585,1.0263103655186592,0.4485037997954885,0.30558037667190013,1855975.65198438,227883.76511789052,1891087.6112138138,227288.28076089767,35111.95922943358,60833.33201423523,2017386.5136436087,205087.6978881326,9.0,2.82842712474619,16.2355786299128,5.4304390932486015,76.0,0.0,19.0,0.0
XGBoost__provided_plus_rdkit_descriptors,95,6,1845066.1636229616,509625.9301606649,1330957.29375,338498.61309463443,784754.6625,152546.3228601449,0.2829059913774173,0.18177375264141915,0.31016388928000166,0.17203924310166255,0.8269931481387511,0.2419996934865886,4645497.775,1331856.7665718612,-208029.62861842103,358608.50791949657,1858427.7569887359,505820.1616157292,0.5891018961726936,0.10720449325306443,0.7883961958939631,0.1104184553640512,0.5671004142379165,0.1387993500864284,0.6159337920172269,0.13258302073941447,944606.5584465822,309258.8718110967,652999.4699835526,192359.49080269973,0.8027870483771823,0.11220123991486401,900459.6051763793,703855.331625552,2.238012077363335,1.2019707016563088,2.238012077363335,1.2019707016563088,0.519881056999765,0.2565603555924977,1894967.4375947868,95203.56192680348,1961278.7202807125,135382.25198677645,66311.282685926,78055.65896162057,2027101.5343297634,101676.12970759794,5.8,3.271085446759225,19.510799885741974,6.198499656054397,76.0,0.0,19.0,0.0
XGBoost__provided_plus_rdkit_descriptors,95,7,1723658.019381302,339966.9089685555,1290103.6674342104,246446.40308759257,929918.1125,262963.5667933571,0.4603417371012085,0.14020418871113716,0.4962247331195092,0.15220331666488107,0.9341968476366913,0.7911807482991194,3991821.35,1054041.4959193612,31281.477960526292,488781.1297374492,1709066.026536438,370755.7693829857,0.4970546089104875,0.1510036606410477,0.6766432427773315,0.25957249611063543,0.7062868595763001,0.11564220518380972,0.7413665885209653,0.07831339705240124,847831.9521474668,325487.9218080611,594241.4425986842,235115.21963678594,0.8582111917905613,0.07712427132783062,875826.0672338348,562222.3990169492,2.8012205163883404,2.591985110244571,2.8012205163883404,2.591985110244571,0.39786945468935275,0.18027222683294847,1782263.8169656743,194369.52831516496,1842356.7795990235,204435.28940458747,60092.96263334933,52223.68290400227,1912812.1113232784,201807.40713532548,6.0,3.391164991562634,22.877704388856266,3.066318290266331,76.0,0.0,19.0,0.0
XGBoost__provided_plus_rdkit_descriptors,95,8,1756566.6696697369,403332.48310000077,1355698.1690789475,292948.1776473728,937561.3125,227782.06548762482,0.407181580731954,0.3064923746173627,0.42208485389717854,0.3020415458112637,0.8779660272296981,0.4884043829697933,3798240.85,1175615.5056407368,89852.36776315789,296095.3973343571,1781921.5320096095,413091.2535605718,0.5118366720744374,0.1503288262613328,0.6721538523375317,0.21228563248988966,0.6501756787153878,0.2539026690594726,0.6952124872674327,0.16739178919818354,1090069.214650918,310384.17125388543,798364.459662829,277002.8078036748,0.779809814679634,0.12194157755180528,666497.4550188192,288012.4431380622,1.667633924806042,0.4518071884904638,1.667633924806042,0.4518071884904638,0.3726282339476799,0.20570978840682347,1985903.6512524497,189771.94176833917,2127081.2866734234,260603.64971543927,141177.63542097365,89980.0706270684,2218388.0704634036,245169.23188215413,10.4,2.6076809620810595,14.213378741352827,2.3791338293088753,76.0,0.0,19.0,0.0
XGBoost__provided_plus_rdkit_descriptors,95,9,1613431.0782894504,247172.1302386216,1245965.5356907896,219236.66353807747,1005867.575,299727.7240532178,0.534620473485994,0.1409879093567549,0.5473593651081142,0.14934294583538268,0.9889373484106017,0.4641769301167759,3653387.05,601478.1997531529,-6267.887006578938,313144.0036310347,1630690.9980220175,267792.4992819131,0.5116727437017818,0.06373966941084641,0.7165506631181,0.14162737676414755,0.7356669395069106,0.10505188443496799,0.6872291223474684,0.10021787711725551,729607.2934990589,393432.3354780839,531327.0154348273,294576.04264103866,0.8857685409420177,0.09073241824433902,883823.7847903915,345899.9184470343,3.007729322369234,1.8701844068718192,3.007729322369234,1.8701844068718192,0.3511480674560238,0.1365199536033023,1883789.8379261848,96790.46200098001,1917151.686361129,115621.42438682508,33361.848434943844,32286.153785057475,1977516.1850245278,153819.03632055837,5.2,4.604345773288535,20.469202914774037,6.949260740462833,76.0,0.0,19.0,0.0
XGBoost__provided_plus_rdkit_descriptors,95,10,1686582.1468059837,462307.459978156,1262163.99375,326888.31700677343,946671.45,201524.65607761248,0.40730551571630275,0.4101720853303696,0.4272082059334196,0.40848065351697,0.744692644208271,0.2450733780358119,4073739.625,1139196.5781008713,-103776.4292763158,384317.90206104843,1697280.241479259,455822.4213679817,0.4790754134608136,0.04277751821752647,0.6802535347949246,0.029845264254240812,0.7056383063639291,0.20943944105315143,0.7186068297131555,0.17487713591668966,661912.2771593998,407445.3990193793,475820.5951891447,309788.7880001039,0.9009089971197726,0.09609052683438589,1024669.8696465839,502641.4968337645,4.30181530907923,4.789201296507626,4.30181530907923,4.789201296507626,0.4936034814034699,0.4501731002128123,1767974.0149823907,124865.98556824987,1847546.2852948755,92211.85633134194,79572.27031248454,73400.88717323374,1910143.2010797237,107269.8347688784,4.0,2.0,27.035095422389144,10.44516861923196,76.0,0.0,19.0,0.0
XGBoost__provided_plus_rdkit_descriptors,100,1,1606642.089238496,294973.1128133442,1188524.78875,234396.67152261455,848528.9625,195889.99057359976,0.4269075603414099,0.07355937356695878,0.45353036780311073,0.06477595029219287,1.0674320922741158,0.9306139004975695,3825196.9,665761.1224382962,-58929.65499999999,381705.67293118144,1610460.2202738065,296849.7246792654,0.5077191048090444,0.11353947988909648,0.7101415779612484,0.2282037325146188,0.6853682198194762,0.0367376621044764,0.7146159602800048,0.01465145918902459,805111.1366584107,500091.85304635006,593694.1187695313,388055.15369792294,0.8157121028480552,0.16210306119232828,801530.9525800853,595561.5999460389,5.331823832044291,8.054124135631884,5.331823832044291,8.054124135631884,0.3888045425066452,0.2032682635407374,1579214.8167389561,157804.33418777277,1635445.6838330352,190595.05275403202,56230.86709407931,77311.19500772505,1726460.5237286992,176990.00710410628,4.2,0.8366600265340756,21.46230024907525,8.082736765208935,80.0,0.0,20.0,0.0
XGBoost__provided_plus_rdkit_descriptors,100,2,1700817.042395056,541102.8481154622,1287581.2606249999,416334.5059594472,1015443.34375,497185.55650398746,0.37399724322919675,0.235053327159217,0.39664881828470494,0.2321761921130501,0.5980825555439514,0.20633128779518067,3976114.5,1290278.8512570646,-148080.209375,401434.05046983657,1704996.0569847003,531264.9786939181,0.49673434075344414,0.17329474808486597,0.65870508371743,0.2279665394693629,0.6625938982896807,0.13921763233667417,0.6180597146303268,0.19703772800522648,791159.8505009015,148421.87523907126,588301.81,145025.8221789607,0.8754347272998266,0.050496802046012354,909657.1918941548,559090.054692336,2.2093972042984467,0.7359090791265206,2.2093972042984467,0.7359090791265206,0.5014374840706298,0.25842675315686614,1837757.0111928652,170934.1381849083,1847282.4756550253,169141.11711582594,9525.464462159807,19551.868202074533,1898437.8661029264,213313.59908983964,4.4,3.7815340802378077,23.56408193138249,9.006718514082888,80.0,0.0,20.0,0.0
XGBoost__provided_plus_rdkit_descriptors,100,3,1650044.0504812417,350102.98836163117,1231869.0231249998,245167.16731283726,831023.06875,244326.2213891601,0.46479667087204524,0.30060398411834216,0.5414246646396803,0.1738858290456045,0.6743310040420302,0.2726435551996702,4344762.05,1277843.8928042692,127515.64937500001,606279.0572771576,1603395.12405074,299234.2107436024,0.44880216047157895,0.07633813912754521,0.607577187323026,0.10755908059918319,0.7606508185482669,0.09497408149970986,0.8109991302051217,0.07296004459552258,905167.6658329343,259623.04761375586,638869.4481249999,211991.06634701416,0.8448697307114514,0.08990418517388225,744876.3846483075,487745.0310305809,1.9756937181615541,0.772915636674441,1.9756937181615541,0.772915636674441,0.3800730598394061,0.35082378646783546,1867113.3242305797,162713.3830661488,1929742.168067684,183442.4650360332,62628.84383710446,41802.109720933244,1978236.4624062418,237052.51869724307,6.6,4.219004621945797,18.786720994749352,7.1959308697416455,80.0,0.0,20.0,0.0
XGBoost__provided_plus_rdkit_descriptors,100,4,1864664.119960747,246337.3223148454,1394012.13453125,257535.17538171416,1057137.7125,445627.32806289144,0.4665092730695104,0.16488693542225671,0.5130974048687407,0.0933919208829412,0.7435645246343807,0.1420344335930896,4913108.75,1406495.6708856458,-89018.53453124998,570788.0351711866,1841638.337985328,214305.11160902094,0.4900830176907444,0.0357364230458148,0.6732121000730714,0.060689622188183905,0.7191658703127233,0.06648695762246393,0.6814024246263954,0.13169668040106622,956494.1097349897,449380.0056551488,706559.4546191406,347753.061815026,0.8478198313229607,0.12839583037585692,908170.0102257573,398444.8910468651,2.2930046225490988,1.0071298762987597,2.2930046225490988,1.0071298762987597,0.3813105582534503,0.09778415576774876,1975678.9543877628,173785.11044442756,2122215.900668954,230477.1795971852,146536.9462811916,103880.05200943869,2187661.701828151,257923.32784200483,6.0,4.527692569068709,21.081006603363793,7.453680190997725,80.0,0.0,20.0,0.0
XGBoost__provided_plus_rdkit_descriptors,100,5,1956178.3475169088,670677.2848514001,1407197.2271874999,466797.2104406519,887649.2375,343228.6193411056,0.3556785521921851,0.33557265498016475,0.4058857949372191,0.3143554582494876,1.0657253977428105,0.4982158432376034,4382904.5,1463956.908781727,32416.405312499963,709604.5800655812,1917930.7339520021,615654.3449081915,0.5316179388194524,0.1284725003838362,0.7728044628118066,0.16263041110455273,0.6523831575962922,0.18848249977171178,0.64417066030711,0.1560155153537334,931834.2028073694,352167.09509634145,685797.4409375,290280.2778372064,0.84550447311146,0.13106952730093385,1024344.1447095393,459295.4206407228,2.1839372691168064,0.6789609647136986,2.1839372691168064,0.6789609647136986,0.48982592091927507,0.3173476302610467,1966986.757314297,178722.82126110155,2075090.2231309651,156129.27781965217,108103.46581666847,80653.26508182818,2114496.8834497356,178331.72688649845,7.6,3.049590136395381,17.086312228570442,4.587125378337183,80.0,0.0,20.0,0.0
XGBoost__provided_plus_rdkit_descriptors,100,6,1732582.8997399595,397117.5888969604,1279816.5371875,338850.3774355452,937497.25625,306313.8166441575,0.4278301730264619,0.2187283249684372,0.4464652395372056,0.21483670089496598,0.7158098048531185,0.3928578951358753,4690561.5,1572429.2864446938,-144421.6884375,327429.02511594666,1746862.7056337162,401358.095787721,0.47963309379452745,0.11116323733205113,0.6246450647495123,0.17028188833097607,0.6649291203396988,0.15863655308627392,0.6827271407664877,0.07814833483477952,764957.029454086,173345.08318727597,565068.621796875,131601.3785683448,0.892120365721764,0.048279692936089115,967625.8702858735,479655.15141895897,2.398544256136365,0.9665385572035928,2.398544256136365,0.9665385572035928,0.46429019269530214,0.2283757240323656,1911938.4677460957,315111.60042645806,2017371.6928545795,355987.91739885433,105433.2251084839,107036.72303811599,2126266.0700314445,330366.8946112059,7.0,4.69041575982343,19.96305478087112,7.530033060937493,80.0,0.0,20.0,0.0
XGBoost__provided_plus_rdkit_descriptors,100,7,1860168.0267012757,319029.84470535273,1281139.3621874999,236504.29728833545,809039.090625,78895.71871639433,0.3947940129196346,0.057845365516571705,0.41771693997343,0.05417266995589141,0.8456622178785762,0.2965281306912831,5101148.7375,1310502.4689782027,-124681.6703125,379694.6074456719,1872488.6197412044,324171.52837335406,0.5497590468680744,0.10126956444932533,0.7585308019332352,0.10119195092689243,0.6824129118060098,0.009076790890633575,0.7378522408120245,0.036593170979495424,824608.5852982342,164939.90419595048,584023.46140625,141795.0675902764,0.885476982056282,0.04120540643019812,1035559.4414030414,419140.2555710626,2.3586074354551854,0.6884099800223407,2.3586074354551854,0.6884099800223407,0.49068296913664755,0.09038447763543885,1872481.0144483384,99908.50034049343,1924304.0537958052,106265.7276564742,51823.03934746678,38152.9888676835,1993169.3785391226,139387.00167581782,4.4,1.5165750888103102,18.995019895421624,5.4731299887302,80.0,0.0,20.0,0.0
XGBoost__provided_plus_rdkit_descriptors,100,8,2023981.0112333696,310948.4114228581,1414235.64203125,234140.70205372886,764101.2375,186283.4386025516,0.29235340835920426,0.26749309925987935,0.3420488144889323,0.24344323169168705,0.9445011388444522,0.3289893673717617,5283452.625,1221244.3660866783,-96561.46703125001,619175.5500331548,2001101.5633216663,265657.9859322014,0.5622793685206255,0.15151144926459897,0.7864522461973639,0.1912449124052597,0.6448181214023384,0.08129609670272613,0.6467897854548416,0.1386343843101358,1016050.8441266057,401930.4840110063,675455.110703125,278846.5363565315,0.8117755968413285,0.10156400041196414,1007930.167106764,299107.70706886676,2.4872840601548534,1.5769688909129298,2.4872840601548534,1.5769688909129298,0.5194221884821241,0.2644755697844981,1888585.8918206543,57887.58067129882,1981684.0867599945,120921.31462221837,93098.19493934019,93804.1770041987,2047406.457705443,87045.88024875379,7.8,4.658325879540846,20.41151331553261,10.065393890029352,80.0,0.0,20.0,0.0
XGBoost__provided_plus_rdkit_descriptors,100,9,1708550.491059725,185043.16476074935,1241193.9375,183926.260805439,849873.4,343327.3482400465,0.43848442858867837,0.13842757532202302,0.47789423810178827,0.11877897933472596,0.9103442179620366,0.1974824592464849,4094342.05,662649.1207750996,26271.359999999986,479888.38402752957,1695108.6774132624,204840.53064011407,0.516253949219544,0.055396907680342056,0.7229874224557329,0.0880377798606206,0.730388160320086,0.07739432230169696,0.6884689791956384,0.10758863684033756,803999.9809520964,161519.863955169,587711.4747656251,119336.75264898174,0.8821699960238177,0.050099072131759514,904550.5101076287,100097.05832642362,2.160371424318007,0.24140490206777748,2.160371424318007,0.24140490206777748,0.44368556743513937,0.15721657650685278,1912015.8152103531,171598.76495038666,1974922.6314560664,150588.65050990955,62906.816245712995,76036.29268662937,2096991.124488139,213603.44548514026,6.6,2.6076809620810595,17.930684706832718,4.138080207560911,80.0,0.0,20.0,0.0
XGBoost__provided_plus_rdkit_descriptors,100,10,1837819.0161943347,94709.77355766113,1338610.035625,86057.85802995415,933521.3875,141473.63081186055,0.38319165230338675,0.22732012605532773,0.406884424312454,0.21729716169487354,0.8589015382989047,0.5979066287333531,5016256.375,1588250.186030221,-46316.408124999994,398543.34113294515,1849593.4311270707,85793.32828670394,0.4724587625119428,0.10706843530548953,0.6654228165191239,0.17124937457479236,0.7116361815809025,0.10728220169513115,0.7009611487242116,0.07845356412773606,1081977.198013981,332379.0982923858,783874.5476171875,307882.08380482096,0.796710687282018,0.12137981004622136,755841.8181803536,409572.1214078452,1.8791584004064057,0.783868547625315,1.8791584004064057,0.783868547625315,0.4135190349786312,0.27808612281192635,1966509.527505969,125952.31218909974,2056814.2542174105,121650.49630566484,90304.72671144168,48295.93423200561,2146806.288894917,123493.41721522671,9.4,3.1304951684997055,15.985150541071302,3.0582197220188236,80.0,0.0,20.0,0.0
XGBoost__provided_plus_rdkit_descriptors,105,1,1423250.8987947814,366478.5442426646,1053805.1952380952,216854.13147861208,845168.25,237721.94756558555,0.6279872611248782,0.1845224230653024,0.6437462859911752,0.1841518292180498,0.823530346675884,0.407999600631201,3636961.55,1545135.1742125226,-6227.280357142852,341683.19193675974,1424033.5428707928,377098.60837944236,0.4485290617219288,0.10832934814328235,0.6590033693004551,0.16984914707294044,0.8042219202138439,0.11923859314146358,0.81942754138538,0.11730114811190631,940124.9138971766,196156.56735619396,719536.765625,169470.90133742828,0.8482906673679201,0.05352954842975867,483125.9848976048,379964.9858893694,1.570938377026548,0.5066201070277024,1.570938377026548,0.5066201070277024,0.22030340624304184,0.15955179496243777,1834401.6548911638,193661.16651219825,1960626.8126190833,162254.00793762668,126225.15772791937,85113.51477453863,2002849.676028877,182193.81124938486,6.2,3.420526275297414,17.467469499878625,6.148420996456652,84.0,0.0,21.0,0.0
XGBoost__provided_plus_rdkit_descriptors,105,2,1731594.751625726,467813.363198312,1241891.8745535715,269458.4844945933,736628.65,117236.95717376198,0.4855430994768023,0.20414750435439022,0.5146525057689031,0.20333268983799402,0.7699966558037106,0.41540499031435657,4081199.45,1292545.160201538,-141633.5087797619,453348.0243086316,1717781.9210470258,484376.59316447837,0.47552995776955626,0.09765137004080003,0.6699547405646117,0.1631907350246352,0.723065793545015,0.13709986583187603,0.7335894243354939,0.07273934798852476,789058.505191347,290310.33307461656,588481.5934151786,244870.73498847822,0.8911575779704147,0.0716946898834889,942536.246434379,715317.9085638109,2.5803160026285945,1.3189117456000725,2.5803160026285945,1.3189117456000725,0.4056144784936125,0.2666325285956725,1779124.2323464986,144805.63358090707,1845782.2425255298,179091.6294326199,66658.01017903126,89252.08503507497,1912776.9985785547,165417.57822397712,7.8,3.5637059362410923,17.360949896211416,3.8423604990055202,84.0,0.0,21.0,0.0
XGBoost__provided_plus_rdkit_descriptors,105,3,1540879.9770319546,329986.08936672314,1151281.7104166667,249228.49016520815,902919.425,224467.70058486421,0.5248104658054669,0.0545243723466132,0.5814308624334092,0.053079672065944807,0.7823651198446564,0.30944685039518793,4293704.05,753693.9047271279,-90783.08958333332,581893.7669085368,1486083.3678414035,322050.50826153316,0.5006077951364973,0.10553759590728753,0.6755174612976408,0.14401647380223534,0.7926732429543917,0.04460195331757445,0.7386359916791732,0.07968510043059092,982845.5531337813,253834.9645615409,697267.5952055432,201523.92396675656,0.8069917611733569,0.10679207936887535,558034.4238981733,475017.5428623428,1.6588246155231037,0.6075050297755238,1.6588246155231037,0.6075050297755238,0.28218129536789,0.151450708355278,1803489.0434823204,163388.78888545078,1896563.81914719,146561.05815028708,93074.77566486961,98273.38957598589,1986734.796066722,149095.10509928857,8.4,3.9115214431215892,13.740568077859956,2.005305076019845,84.0,0.0,21.0,0.0
XGBoost__provided_plus_rdkit_descriptors,105,4,1577159.9935492214,306775.7668660674,1146932.5876488094,207491.345310786,710925.925,192130.26003879504,0.5438304045669186,0.16272624726570561,0.5595715218951299,0.18100740498820328,0.7357884276229224,0.2990238543835079,3965087.025,1120037.7763399684,-161324.86949404763,440770.5026510682,1564900.1718173306,253538.1580652442,0.5095060997285005,0.08691446789381359,0.667057245528331,0.15076196904559172,0.7675228452514824,0.11437571831184169,0.7279688905722967,0.1462290747445893,626632.8867525728,305528.80277131946,437660.3587425595,216640.96714750686,0.9229932935940323,0.043138305815304985,950527.1067966486,482915.8574266433,5.591826115136406,7.904646756892125,5.591826115136406,7.904646756892125,0.37916288902711365,0.19505499270602972,1964410.5792113252,213825.53317608236,2016313.114584305,261387.22705111076,51902.53537297961,83420.2428383399,2077109.8790516958,241161.49019123777,6.4,5.272570530585627,21.331222337218207,10.290092208549577,84.0,0.0,21.0,0.0
XGBoost__provided_plus_rdkit_descriptors,105,5,1630951.218968348,461296.66947316815,1112326.5114583333,370518.45351378823,638945.54375,322702.7512543785,0.4705751185048511,0.25972428951661714,0.4774671686036978,0.2632949159438628,0.9316554698312363,0.8438379630595435,4995274.775,1834143.729116248,-63156.94181547619,181075.4693764689,1657688.6626725018,490009.3314948724,0.4612553107886921,0.15785433842721516,0.6828175007162501,0.2575535931979697,0.7082631964980857,0.1996116701672942,0.7340541179350815,0.19665441561925825,761511.8197811942,344842.9520581895,532963.8234933035,247312.35770940344,0.8729492411989094,0.08639254636441498,869439.3991871541,593706.6758366041,3.0654619394367937,2.717328584439192,3.0654619394367937,2.717328584439192,0.4023741226940583,0.28556408027828556,1880604.8709308463,164267.09963433995,2016788.6998963307,139293.94859181493,136183.82896548434,91295.05802919841,2077277.3487900186,140494.13686902012,7.0,3.8078865529319543,23.353625432267933,5.582035548622158,84.0,0.0,21.0,0.0
XGBoost__provided_plus_rdkit_descriptors,105,6,1874886.569265055,281042.9127795706,1429725.9111607142,212383.5657332011,1073475.0,370181.40742795786,0.36570494474624365,0.23306955060319848,0.39492320024251865,0.22161978050825817,1.0844237636668936,0.834751173607024,4424352.3875,685283.3753369107,28826.765029761893,428553.50582117087,1880617.9658035107,286002.305111731,0.5504449874991271,0.09819512508349947,0.7762854918205748,0.20481068627114057,0.6824108610567359,0.12501153827929595,0.6893769542035582,0.11185766529416881,870696.0757889508,449625.91322079115,615418.2482514881,326611.07936356263,0.8547266260998688,0.11343120815954048,1004190.4934761042,450736.64505449956,3.2174468838961814,2.9671549695467077,3.2174468838961814,2.9671549695467077,0.4890216813536251,0.2457310468867194,1886006.6244550336,136235.86689840647,1987038.482862509,165426.59836769997,101031.85840747533,85379.57989805444,2050526.8872972014,189290.01767306996,5.8,3.03315017762062,20.392961024537037,7.522331932253834,84.0,0.0,21.0,0.0
XGBoost__provided_plus_rdkit_descriptors,105,7,1727220.5222677211,196880.9305552835,1188412.4026785714,144254.99715728572,814426.875,203604.3647823058,0.3453236628782891,0.09602878869193894,0.44548996823037845,0.08285624493500209,0.9444950462544839,0.6592066505411586,5118424.4,933960.1358143854,81152.2919642857,748788.0767823919,1629861.9375670513,195819.7787755131,0.46735314091224767,0.10825424216543993,0.6780048650015376,0.200658588392031,0.7060635243407066,0.04131815509049823,0.6720887958782651,0.127128274700791,832843.2076161501,455809.65252870374,566384.696688988,312793.4887495243,0.8430263123495216,0.12741177786274774,894377.3146515712,602096.2106051887,3.4883861501127433,3.726779612612671,3.4883861501127433,3.726779612612671,0.49770264947123255,0.11023653041157301,1751636.1621830005,293381.62888130697,1783302.9570204641,317050.4247980438,31666.794837463553,30171.09804394378,1880833.2572241134,282145.8014554189,5.8,3.96232255123179,21.235600786579404,6.434186290933671,84.0,0.0,21.0,0.0
XGBoost__provided_plus_rdkit_descriptors,105,8,1865732.2120507297,249178.0488377156,1308014.2696428571,220976.18325793298,858927.025,313606.6439284251,0.37741277813418006,0.18113248127746998,0.3887654321805245,0.18140778830067905,1.0694494161597645,0.7346242084382218,5197068.5,743685.4106958424,-35315.79107142858,287442.4161422884,1893295.0671812235,254658.2339824941,0.5343529760956154,0.11049823951478897,0.765171431809609,0.19868458818806972,0.6322793719363415,0.13618433685772377,0.6055775445006548,0.11235235958259417,714225.5661632261,275128.56745304744,493087.0591145833,190599.2608326983,0.9059856412934664,0.05988874136260092,1151506.6458875034,182932.45350633736,2.9966993157306456,1.3827283344049626,2.9966993157306456,1.3827283344049626,0.5285728631592862,0.14535115859703238,1991278.4603113714,159715.15357075885,2061528.664638592,181706.0946003105,70250.20432722037,41409.44735436911,2095414.0880491282,154790.88707187527,5.6,3.5071355833500366,20.990283769319984,7.436116928444073,84.0,0.0,21.0,0.0
XGBoost__provided_plus_rdkit_descriptors,105,9,1681082.6511148259,105031.2341137164,1246212.2258928572,77818.86125812319,945020.35,49220.784758765774,0.33166385500384116,0.44381149936035297,0.4093785733935338,0.28243835328511524,0.7740980290255338,0.24587654339174667,4191509.125,457130.1037246877,119436.92410714287,453135.07919726096,1667124.9224279379,110933.61544500043,0.4833950671054783,0.05958266780266602,0.6653701124796007,0.12422673865359402,0.6826446070338799,0.14227524915973244,0.6854215231855717,0.18286092491416672,966849.288746704,301627.17463815917,694875.326264881,214948.37276746787,0.81458003575018,0.09366750866093505,714233.3623681217,244978.31359054975,1.8951777223128778,0.6358730980043727,1.8951777223128778,0.6358730980043727,0.48291618074633885,0.40715241911842137,1804708.361119145,82570.42330243689,1868184.4086086317,113902.69632205005,63476.0474894864,47871.14523168615,1970885.164725087,96208.99399585338,8.0,2.6457513110645907,15.648143389840516,2.589946006187559,84.0,0.0,21.0,0.0
XGBoost__provided_plus_rdkit_descriptors,105,10,1459672.6265335865,608761.9737812945,1204000.0821428571,545889.4006593181,1118186.75,607589.138579502,0.599558386491245,0.22807054866395685,0.6787899415389756,0.13876405123958963,0.9521554606219981,0.5033731233539204,3171804.8,697992.7178900087,34657.39166666663,821999.7453032823,1348459.858427783,449017.7531129042,0.4949538816529251,0.16834295195587215,0.6902863143283716,0.2540159584402276,0.8262698053434464,0.07723309849718545,0.7960330862414872,0.11517306194874073,734099.0185487196,202008.24698525178,547305.3529575893,160909.03568968683,0.9079647606568357,0.04112380331692678,725573.607984867,530230.525845015,2.0147955410774623,0.669828080930869,2.0147955410774623,0.669828080930869,0.3084063741655907,0.1993465952838691,1903109.9837219068,157911.37140746153,1963396.4115007222,192736.7788320528,60286.42777881571,96204.40231944165,2053887.4835794352,216812.42625689766,7.4,4.722287581247038,19.585611742312448,7.457459326367813,84.0,0.0,21.0,0.0
XGBoost__provided_plus_rdkit_descriptors,110,1,1584500.3592369703,438729.5460157815,1149655.5261363636,271165.2451012044,731765.2375,159577.67248781922,0.5222876961573928,0.21381434300750934,0.583184284527149,0.1287855801767823,0.4796098527426663,0.14396185931669467,4157143.6,1527363.2754290726,-196284.61477272728,643577.892808961,1523420.5112868287,322510.11894589063,0.4131059149823709,0.08039144050434728,0.5332670156012239,0.1509264794239503,0.7676190131062848,0.08776873890059704,0.7628269814919972,0.154439991288019,701833.6989658396,262966.6532942784,508620.685600142,207934.91005992895,0.9020972195803466,0.07435596254716643,882666.6602711307,472236.63988393423,2.4789964644640325,1.0254949171440668,2.4789964644640325,1.0254949171440668,0.3798095234229537,0.2228620608518174,1731182.127091358,147833.94996194463,1809902.9409017,155904.45862176814,78720.81381034214,50877.80474682521,1885794.65792166,154004.36189755565,6.4,4.09878030638384,19.102153181294714,5.703889454202194,88.0,0.0,22.0,0.0
XGBoost__provided_plus_rdkit_descriptors,110,2,1524668.8674622457,84067.16015574064,1099114.3556818182,128906.02798100241,791651.65,276750.1827587,0.5724348572085469,0.10735764032085347,0.6300961207346341,0.1269474336694864,0.5883626827820115,0.15109055311963993,4369069.55,729867.0802697229,39853.99204545454,662278.9022876605,1437540.2770143696,82525.72181981806,0.43077920181531565,0.07532033511389796,0.5761768832436899,0.1001376120625184,0.8109772119680407,0.07686210001501598,0.7725004438793512,0.16639092080148146,682795.7138448891,236456.71911246033,501102.16702769883,177102.70480369302,0.9096407321119233,0.06479176422332078,841873.1536173567,271395.5056062503,2.5429316930558783,1.225561722755688,2.5429316930558783,1.225561722755688,0.3372058749033764,0.1613461098640231,1879852.3457817975,196139.397140762,1978296.4239291989,195090.21446525218,98444.07814740138,29150.08789634858,2021537.067630753,180133.44303648896,6.4,4.33589667773576,18.899380981631133,4.966326185543665,88.0,0.0,22.0,0.0
XGBoost__provided_plus_rdkit_descriptors,110,3,2028375.1037221733,314704.4345195213,1468112.927840909,351920.60659902304,982693.45,259554.93644350552,0.32631107830424677,0.2440650708362971,0.3723874210965606,0.20696191325475835,0.8442473502201009,0.48689241657754967,5143327.35,1682740.1441824695,-18159.275568181813,578465.2887430592,2010607.6597078207,295582.23194893467,0.5151229384713815,0.15167788126428797,0.6857596786371905,0.2107774127559425,0.6326145134563234,0.1581858211204503,0.6890937580721915,0.0976115510679634,1062429.0383826,123240.83495528536,746586.3330965909,107937.51978862418,0.8231098667438494,0.04238795112377589,965946.0653395733,360099.0548166239,1.934702006611523,0.4100639470495392,1.934702006611523,0.4100639470495392,0.49679878843960273,0.26185507245432443,1856290.1609860994,128302.55859078607,1970000.7481142287,160197.59121630856,113710.58712812905,64177.48320653679,2000967.6561617176,194380.758573752,5.6,3.911521443121589,18.195918755810435,5.168741960005381,88.0,0.0,22.0,0.0
XGBoost__provided_plus_rdkit_descriptors,110,4,1495012.384885124,226068.98457641134,1113109.0839488637,133668.67592460322,858815.0875,108645.05383509757,0.5192782819311974,0.32068558734694125,0.5596070728164495,0.2928766998316237,0.5077452133360274,0.1615723102215186,3697238.2,749384.7791203129,-64352.09076704546,496031.5334978203,1465178.7077304625,183807.48398145702,0.392637777010986,0.07534195439939616,0.5117772832411644,0.08858181779074155,0.7806485938791637,0.12166693792133992,0.7958952933341332,0.07439863035460297,795504.1152428337,92782.35434971564,598658.1847789418,67912.5296591846,0.9007328641804984,0.02368695733575813,699508.2696422903,287097.5014483773,1.9174505699947406,0.46380138226171674,1.9174505699947406,0.46380138226171674,0.38145458224930084,0.34402411680911826,1918082.208581274,234388.3098167494,2001476.9580553598,223481.26215526913,83394.74947408559,68429.87387715881,2094467.3259204943,254807.63395000022,9.0,4.636809247747852,18.898797124345897,7.056230927865532,88.0,0.0,22.0,0.0
XGBoost__provided_plus_rdkit_descriptors,110,5,1720760.067519548,307464.9071722243,1265280.4132102274,276110.8607661393,943523.775,391198.7318997492,0.5480746363138216,0.1404286506270006,0.5735320123218645,0.13934845819835176,0.5885325239187841,0.23999340313919795,4369696.15,958779.7297277407,133714.34928977274,450568.35839504196,1708564.570034835,302444.0154647925,0.45278839242340796,0.10046966164169446,0.6055168926414003,0.10688550812880088,0.7695491542748405,0.07258584683106363,0.7580684419099486,0.11272023116411738,638803.9139389242,348344.5173622199,446494.00491832383,255328.73680372274,0.9250507924509688,0.06652914828979746,1081956.1535806241,443807.81621275906,4.8501701485326265,5.860286336312114,4.8501701485326265,5.860286336312114,0.3769761561371473,0.12728657455108702,1839559.356699905,229627.1909513097,1905331.2171617965,267012.15939306404,65771.86046189186,65357.26968575115,1961993.766519215,260776.21874531996,4.6,2.8809720581775866,22.453000187041827,10.756364288845633,88.0,0.0,22.0,0.0
XGBoost__provided_plus_rdkit_descriptors,110,6,1854896.43751377,394038.32795555575,1274351.394034091,194346.34939763715,698213.6875,181502.87112573793,0.39756499901241354,0.15428993099139712,0.4619889449521465,0.1803304352335721,0.8825646464075344,0.2814662548307717,4718216.275,1673727.7067322014,-71267.86051136366,686954.9835725576,1786539.988415905,421395.6908517676,0.5465511248086161,0.06044201298523985,0.7645443595570235,0.03857475116888711,0.7199008979527607,0.08441147357012282,0.7262670335923332,0.09104792343650252,976567.9207259677,388217.72092905216,716117.7682883523,285674.3444919061,0.8248715145185399,0.12905075366791915,878328.5167878022,679062.6234614275,2.227217835517255,1.1810452410655776,2.227217835517255,1.1810452410655776,0.4273065155061263,0.2531029892116726,1856408.5094835567,189337.77892386427,1959426.0442826902,197483.51668318245,103017.53479913324,38456.730390885874,2049075.5963407059,228124.75676484383,9.2,4.207136793592526,14.999937973523226,2.0831602948848,88.0,0.0,22.0,0.0
XGBoost__provided_plus_rdkit_descriptors,110,7,1701238.5118524968,451836.08931572776,1222909.3397727273,209812.50038207852,762285.1,140831.61678486638,0.4120701921589875,0.20586357603490915,0.4882927489798747,0.18097807064492827,0.8277989407104365,0.4642386907913244,3898801.95,1355386.8784950802,-137119.28806818184,749696.3883515637,1616368.9832770503,353096.107958081,0.5231971019304746,0.10632789296817155,0.7122984509912867,0.1675384344781189,0.7291449350314803,0.08894357799768902,0.7069265194306297,0.0856715625707183,891264.1425007733,139491.25433162207,652073.6505237926,129581.90143869609,0.8500989896015303,0.06736102558604617,809974.3693517235,364401.7879059797,1.904163546323631,0.36906208920808053,1.904163546323631,0.36906208920808053,0.43802879744254286,0.20844413315573315,1754017.7702795477,113321.74680266374,1835939.0647004456,135172.40000086665,81921.29442089768,59600.260991265575,1911164.8975566619,126251.81726851952,7.6,4.33589667773576,16.90783951629262,3.8522722865280947,88.0,0.0,22.0,0.0
XGBoost__provided_plus_rdkit_descriptors,110,8,1572586.079750385,268513.9193340992,1119900.1738636363,227388.74948853606,706652.4375,190771.7133528489,0.5594418922876738,0.1503771178218787,0.5690647518477601,0.14892759574868222,0.8925545126672247,0.18718131399616483,4217815.55,846138.650109377,44307.840909090904,257609.4273417359,1591646.8460708857,274322.02346590464,0.5979372215046582,0.24119695056402263,1.1652863058526841,0.9962629651026804,0.757422144785819,0.09963983643753742,0.8180195959633834,0.07038899234862506,873208.3226831561,232945.69190760827,603131.0296697443,168023.62273177144,0.8620594797968639,0.07028243311161053,699377.7570672289,302134.6094418148,1.8808092545830715,0.451008764755511,1.8808092545830715,0.451008764755511,0.30261758750919016,0.15067982709880012,1802569.938553936,111254.58375204349,1859477.7759213087,147468.469393063,56907.83736737259,66468.73752762255,1950623.6873812838,118530.03862915868,6.6,3.4351128074635335,18.718599997181997,8.997500337331024,88.0,0.0,22.0,0.0
XGBoost__provided_plus_rdkit_descriptors,110,9,1953752.8473905656,316399.8875975288,1366003.1974431819,182524.35860499964,757229.5125,143059.55934835706,0.3424783579044054,0.2210818799293481,0.3787993027339092,0.23138895774597684,0.8784213047491072,0.575499228312261,5638683.675,1458621.9023272437,-107023.66505681816,507878.21140817786,1939992.3256449613,337401.44829960517,0.5311659942861755,0.13176538611421182,0.7273899418005492,0.21522832304844197,0.6696822356123109,0.10861014011297275,0.6819612827596294,0.09718342428173599,1021525.4968370752,265676.7475080943,712436.6368252841,206448.9905577056,0.8202822307144106,0.08105022607212792,932227.3505534906,572337.1279024616,2.149298290484034,1.1558789281530104,2.149298290484034,1.1558789281530104,0.47780387281000536,0.30016041688548034,1853575.053682845,131423.28999834068,1975658.0161448338,185700.27845742818,122082.96246198849,97476.45237854801,2015856.0870136507,161904.6046653226,8.2,3.492849839314596,16.697606806233786,4.0279888739644205,88.0,0.0,22.0,0.0
XGBoost__provided_plus_rdkit_descriptors,110,10,1677039.7988134562,443386.788848137,1236033.7841619318,236876.49861490892,836055.4,88067.91693006916,0.4099630508564462,0.5473083359070826,0.43468974552120143,0.5309436724513991,0.879524358769063,0.46200984627971015,4191098.95,1784793.6492631156,-15008.573934659105,444226.0827162066,1675172.807385667,417320.3195529869,0.7000943677805883,0.3166067682114129,1.4550469239636596,1.118589398794312,0.6930735370193801,0.29054731586289956,0.7347635444527836,0.22598834568154272,725160.7545616452,288019.8891489173,523331.8021306818,222193.27247190004,0.9130526552520901,0.06068024379789735,951879.0442518111,480319.53135530284,2.7230098722830576,1.7723239169185965,2.7230098722830576,1.7723239169185965,0.5030896043956441,0.49592262457701614,1951225.4711090387,146581.18170366465,2017786.754018223,167204.21909885836,66561.28290918418,72223.59011833735,2116519.398414898,201454.0131052759,8.0,3.9370039370059056,19.276044342161327,9.160695209521704,88.0,0.0,22.0,0.0
XGBoost__provided_plus_rdkit_descriptors,115,1,2030734.0894853803,634897.773163155,1494611.472826087,483135.6734580642,1294451.25,575103.224887498,0.2799450997717362,0.30649021828144946,0.31399945100896975,0.23797447325600338,0.6060204026479342,0.13941521801164078,5248799.875,1973749.9993508155,-231874.2510869565,517522.0887783047,2030603.8324756685,553285.8792192423,0.4729693931345381,0.10238876872121726,0.6207315177877006,0.11952455746019966,0.5649825438701322,0.1971693137270489,0.5706018311719905,0.17950212508569938,1153044.780965348,205651.46144384544,815834.5568614131,168169.59406695055,0.7770000791505547,0.06460109769890961,877689.3085200324,686919.9681412866,1.8192396801324997,0.6512010404244404,1.8192396801324997,0.6512010404244404,0.49705497937881854,0.2885643406846149,1890358.134654162,129351.07884971207,1972185.2720680695,132411.39845295364,81827.13741390752,57557.13407721911,2070088.880264415,146690.6330494542,10.0,2.345207879911715,16.20611059039917,1.4298110081535833,92.0,0.0,23.0,0.0
XGBoost__provided_plus_rdkit_descriptors,115,2,1734761.5661354288,524576.6016918523,1191552.7978600543,355162.6591895065,711281.575,130187.68347189424,0.4979845964680588,0.21291653453515222,0.5413148824705749,0.16852524248168477,0.8738233437746379,0.40665116852717736,4938935.68125,1817441.3354464073,-141922.11579483695,577634.4828143965,1702052.4049498942,473335.64995224524,0.6314524747290817,0.3537177473686378,1.2049101801953648,1.1816636629151536,0.7513771221889369,0.09718845411819144,0.7349087747624092,0.10631332832085975,968025.0706891632,152334.0066659344,648948.9471722146,109938.80427155158,0.8597569447817573,0.0356784294485787,766736.4954462657,626312.0763479319,1.8793142462433188,0.8009447891938667,1.8793142462433188,0.8009447891938667,0.36177234831369864,0.22476990818542453,1925984.827101664,156538.87385467513,2017624.803263108,157259.21290574505,91639.97616144424,42694.16864334793,2098010.3429445988,173709.08181050155,7.4,2.5099800796022267,20.096658345718755,2.9027096893420112,92.0,0.0,23.0,0.0
XGBoost__provided_plus_rdkit_descriptors,115,3,1508795.5582684376,307997.4179233652,1179901.7260869567,257113.39870763174,985265.45,194746.1046921414,0.5701056047262727,0.1440475398642224,0.5706586909326535,0.144215884112391,0.6222074684032365,0.2410846858333526,3643250.15,530799.3298762254,20247.47282608696,54126.70802045046,1541686.1703605135,315444.1448760654,0.3893055903722561,0.08837329239662675,0.5623102708340063,0.1257644316186076,0.7554274866846776,0.09718465501454815,0.7590432029692946,0.14178702400175447,912366.0758497734,405496.81607215997,678388.8899796195,300593.8224535389,0.8191803178958841,0.15068870742649007,596429.4824186641,140983.72014446263,1.8193043353072464,0.5066878899856693,1.8193043353072464,0.5066878899856693,0.24907471316961152,0.040766406149330824,1651118.5615072898,134518.9588819337,1682308.4581918693,152492.16185741886,31189.896684579413,48480.25335404752,1794090.7227127769,182806.29116626413,7.2,5.263078946776307,18.747234725869156,6.369806305220147,92.0,0.0,23.0,0.0
XGBoost__provided_plus_rdkit_descriptors,115,4,1610704.3383086214,170043.93418540162,1111751.2330163042,91992.49144371849,753318.725,119392.2540601593,0.5595354807770266,0.09968228781730189,0.5790716019729167,0.11571119350178563,0.7094441772024975,0.2151555180650843,4167699.0,636739.9834696803,-59687.320516304346,400013.51102826407,1600824.5063418287,212975.57101534464,0.4130091826079374,0.038214062359555115,0.615980802959921,0.07946727746783772,0.7712795715787559,0.08106528840079709,0.7895600897831353,0.08735286664473788,996343.2988798994,95629.230890259,712423.9377377717,69384.02042356496,0.8422839353356185,0.030995528931214614,614361.0394287219,237870.2125563013,1.6370073871355177,0.2988531872345616,1.6370073871355177,0.2988531872345616,0.282748454558592,0.12075295542517268,1818840.2453484205,88895.11761228897,1931535.3768616118,114690.14768236951,112695.1315131912,83214.2229154029,2017875.0274763335,138342.65011388852,8.0,2.23606797749979,15.554936605383642,1.5793688101531165,92.0,0.0,23.0,0.0
XGBoost__provided_plus_rdkit_descriptors,115,5,1793336.663699159,372693.8978046094,1422842.2592391304,285741.3501409929,1190980.3,372356.8003039222,0.4937405507912942,0.19151149804420686,0.5209931127524465,0.1970000213149752,1.7020162466135684,1.3884172708095603,4121516.7,682165.2481861159,-165494.80489130435,421258.1328743131,1779346.7453625458,411224.1347165171,0.5911126570404923,0.10576948027343921,0.8635558258502101,0.24920535816263167,0.7261812409534438,0.1316545873220171,0.6767321184629196,0.15595384252772368,1125248.1445717183,116071.48044513035,842962.4796195652,89769.19654980514,0.8106653099661957,0.04195572665881118,668088.5191274406,392391.55311368254,1.6098384602250646,0.40524468543570913,1.6098384602250646,0.40524468543570913,0.3169247591749015,0.2038382963121899,1824938.520419744,156681.0038125604,1885133.1246017,140391.59662609483,60194.60418195631,54206.53598145631,1955190.4835215353,211183.38942014388,8.0,3.8078865529319543,16.038356157567478,2.6834212836551283,92.0,0.0,23.0,0.0
XGBoost__provided_plus_rdkit_descriptors,115,6,1488915.5643993933,345778.9119363011,1050614.769361413,315816.86551806366,737745.175,310945.7715349505,0.5915375044403396,0.14661885963612004,0.6202182149895309,0.131832170278313,0.6747541400548027,0.5032240868163811,4132399.0,1137758.9585274092,65258.785529891305,424240.53628355754,1472913.7114797912,341281.96816982044,0.38445697130291745,0.1359708681493431,0.5721058927220356,0.2117587704737385,0.8000082438701648,0.07455351377253083,0.785399818502405,0.046271993873781,518419.82541696436,320231.96470956283,379114.3069972826,242390.38047156858,0.9376804668103096,0.07078078289808956,970495.7389824288,354192.4281698663,4.003015341751825,2.622031290383072,4.003015341751825,2.622031290383072,0.34614296236997005,0.15280528915860675,1711682.394619682,216321.47136415678,1772587.9740809458,223994.22133378944,60905.579461263915,61423.38636865098,1827938.460761524,229310.25071616165,4.4,4.39317652729776,26.421979596224293,9.460563756135292,92.0,0.0,23.0,0.0
XGBoost__provided_plus_rdkit_descriptors,115,7,1360611.610512723,517922.2156945186,1029184.9402173914,346584.6438757866,738250.725,206750.1521750007,0.6150493590409027,0.20490674862913125,0.6594383294013217,0.15572126248491208,0.5961501564448044,0.3100747271348592,3395814.75,1749753.1854289477,-276692.14239130437,486381.3001383916,1308506.8450673253,460538.91998074256,0.41625507918776694,0.07962664462528204,0.5783627416895113,0.13594300187460934,0.8106523487944639,0.1000210833025234,0.7830591517388982,0.10094705240087017,672013.9950229317,95449.31603014945,486227.72000679345,65927.49852486231,0.9129666551034873,0.023673930614214113,688597.6154897911,545373.6581255728,2.0722857603198372,0.9289697483627829,2.0722857603198372,0.9289697483627829,0.29791729606258466,0.21036002109748,1635049.5250435225,133986.10590485533,1717458.797942394,139321.39056917667,82409.2728988716,90310.25589528873,1793081.7447556346,130636.02520092523,7.0,4.301162633521313,22.12345150569421,2.5029679865321133,92.0,0.0,23.0,0.0
XGBoost__provided_plus_rdkit_descriptors,115,8,1830440.0929329968,257361.88289971492,1370958.4880434782,205639.1802349891,891937.675,218234.58447193354,0.4152703909407718,0.2794514549541424,0.43557151052547677,0.25702707361365806,1.2207987223393095,0.6884662239301782,4634161.3875,1042415.8911735101,162862.95217391304,306369.9674392491,1845293.8873220384,242024.7760326527,0.5400406228858904,0.09380268912180993,0.7995752369223192,0.18691890062585248,0.6675837628900484,0.1632871680476338,0.6348266939993351,0.18678303854149317,716783.6143150969,482514.9400197629,500996.8540760869,358126.5198002414,0.8912035015959996,0.1077798123651099,1113656.4786179003,458739.6214626713,5.311176509812158,6.554950853476062,5.311176509812158,6.554950853476062,0.47593311065522775,0.29505032766859246,1944324.9443692702,161711.40644485678,2008497.7892980762,149067.60737308668,64172.84492880581,61035.89553254271,2058678.002483687,129883.82348695186,5.6,2.9664793948382653,24.904860648379675,9.601399916510502,92.0,0.0,23.0,0.0
XGBoost__provided_plus_rdkit_descriptors,115,9,2043856.3630332812,523159.87356987497,1440251.4375,386263.54287998937,938010.675,232852.4844938314,0.15105445053443078,0.27150673511520174,0.22918962627928616,0.19137395774712188,1.1717182947109037,0.9223809704632193,5696883.75,943369.3087759791,-129111.56576086956,723693.8775651065,1995199.6409706124,447014.68678630114,0.5278642756695142,0.12057903865759063,0.7720753008126102,0.21943078519477313,0.5266856246470306,0.1396259900696848,0.5690324343360652,0.14945815542876129,1202998.6874186257,328660.57031394204,874262.9717391304,261103.39632472518,0.7188440034714711,0.15354366039990586,840857.6756146554,701555.0199034138,1.8693468734930903,1.0220887843047357,1.8693468734930903,1.0220887843047357,0.5677895529370405,0.35915089321581656,1892372.483427886,136613.0888473792,2015098.0497181613,109672.42144337474,122725.5662902752,84013.02426565342,2065842.88632695,101003.8366287641,10.0,1.8708286933869709,15.961920996088741,3.841691943026838,92.0,0.0,23.0,0.0
XGBoost__provided_plus_rdkit_descriptors,115,10,1421548.4425495933,197662.48978552787,1044313.3114130435,198892.9760140689,761385.15,284051.37946365663,0.6658931682481639,0.11131880103705888,0.6811577447410697,0.11666021695816631,0.7523213188359775,0.3385284057672153,3703175.3,558832.5171425022,188167.72934782607,293681.35644708964,1415526.4049998678,201447.29650376478,0.4193991592264862,0.12612572172135494,0.6101484095963401,0.17985784103222122,0.8344609650653935,0.07692251629531455,0.8283921394349463,0.07080701544328087,858978.2444970675,198520.87443590182,546057.9755095108,165364.8766971204,0.8825261744733236,0.05403456999162635,562570.1980525259,170603.87284544154,1.6981035356638645,0.3216696097902506,1.6981035356638645,0.3216696097902506,0.21663300622515974,0.07967477002391052,1712562.516854835,222610.34839271053,1768158.657856334,291324.4852747857,55596.14100149907,81318.98251200911,1861598.1070802168,329679.4058988698,5.6,4.159326868617084,18.4453522582488,5.566097449644615,92.0,0.0,23.0,0.0
XGBoost__provided_plus_rdkit_descriptors,120,1,1660985.4605004871,322702.11308621784,1187602.6018229167,266150.5264301457,812771.6,397115.7324826746,0.4031824163669289,0.1577112170745934,0.4233351741239069,0.16749452706590626,0.9866188309023277,0.6395131167221721,4778031.3125,1455810.8098721446,-5148.826302083343,326188.50900722225,1666472.8870561817,353156.5173351346,0.4986096964432269,0.03266872631699647,0.7310892533617263,0.11485606734522254,0.660278166584123,0.12497678866239549,0.653971651784922,0.12239748759804114,1047354.871677493,125574.17532474293,737907.3494140625,123555.13996031678,0.772646164276841,0.04988331806034368,613630.5888229941,334693.20667774696,1.598774234821872,0.33448328287597595,1.598774234821872,0.33448328287597595,0.36946374790991204,0.13900384257333712,1691942.9263859193,89254.82706097452,1799136.1530558888,91584.40233993814,107193.22666996955,10931.4568857989,1853908.986161283,100807.96321133249,10.4,1.816590212458495,14.422323222725566,2.5463090314963193,96.0,0.0,24.0,0.0
XGBoost__provided_plus_rdkit_descriptors,120,2,1506153.5354810855,402086.00332127215,1138823.171875,320535.92571813986,844560.68125,246967.91675099495,0.6448391230673324,0.09978263054138495,0.661527680797562,0.10608862312603988,0.720206882728799,0.19457825273409174,4147280.35,1239703.422668296,-166509.37395833334,336147.74561561784,1498124.3449538238,409964.7630717342,0.4679043065681582,0.10032429946873056,0.6364358909071846,0.12106642959900182,0.8266063446216279,0.07304382309372809,0.8205515689705614,0.05293942994861265,849898.5615973521,433057.7805479128,625722.8027160645,369863.229644228,0.8668750536233094,0.1474992130328317,656254.9738837333,382907.00913711975,2.006440044006658,0.8941921821661195,2.006440044006658,0.8941921821661195,0.22203593055597706,0.08173274576346519,1731776.9600883692,124698.75632892246,1818432.6464196208,186024.24861631604,86655.68633125172,81830.7798091104,1870606.3906928475,185826.25286579717,5.0,4.123105625617661,19.74669799766049,6.64815391443622,96.0,0.0,24.0,0.0
XGBoost__provided_plus_rdkit_descriptors,120,3,1913204.0616457928,546690.3292028512,1321443.0572916667,396744.21071641135,829550.8,386120.5373483272,0.4042489380228912,0.22132220159587518,0.4230331599722281,0.20781995885155696,0.881373541206894,0.4248397228455933,5237118.25,1827395.6236553374,-121901.05208333333,387234.146615876,1923856.3262349933,532778.2900841663,0.48496287601926236,0.1267462938960578,0.6954801345360959,0.15630446950792762,0.6605217570626883,0.12988152893370114,0.7062586411466311,0.07927650449546485,1061724.4377419443,179243.6079141163,727510.8644368489,122234.35270289861,0.8216022879239151,0.059158589666934464,851479.6239038482,544730.288198748,1.8367023995494456,0.554463710689649,1.8367023995494456,0.554463710689649,0.41735334990102385,0.2393486302582552,1837403.271878723,222788.65640178727,1970076.9579730607,235600.51216818165,132673.68609433767,91300.99270905447,2012423.899709008,223275.52378569214,8.4,1.949358868961793,15.428985067596537,3.925928864559983,96.0,0.0,24.0,0.0
XGBoost__provided_plus_rdkit_descriptors,120,4,1518879.233039445,220623.24061834638,1105080.4651041667,185216.54392170886,761377.7375,213546.8447723391,0.5801081416052963,0.1655645459635875,0.6096714689537234,0.1489547200487934,0.9624926026116949,0.6581890398027744,3923092.225,654129.3656713575,33667.3140625,459250.2634962627,1497462.9432244939,188043.314086999,0.44065074959735523,0.10756039159907191,0.6737587373443439,0.2107451160355819,0.7969221381100229,0.08714824004535772,0.7582355068315876,0.09758330295581881,814019.6361995551,209636.5458536795,607606.7060221354,170044.29206314168,0.8900742987654459,0.04365332664971605,704859.5968398898,369816.40185624885,2.0623535705222316,0.9772214089921775,2.0623535705222316,0.9772214089921775,0.30996615716014947,0.17481964756719004,1638459.8158385772,175501.45442348413,1703007.212339615,199218.9740616883,64547.396501037896,48316.29702576282,1731001.005431957,196082.76490518425,4.8,2.8635642126552705,19.91501152849208,7.223132001984913,96.0,0.0,24.0,0.0
XGBoost__provided_plus_rdkit_descriptors,120,5,1517734.5791665395,300282.0898881272,1105158.5188802083,237468.15457709777,699982.4,212934.23760426728,0.5925487746912907,0.23020856708221113,0.6187497484929574,0.22969949659679717,0.7034762303384223,0.346245448864578,3861560.8,864072.6507968383,44864.81158854166,449410.7333298552,1495049.810394936,302216.1066388829,0.4269139298762026,0.12401693741153949,0.5932570349968286,0.18383400551225326,0.7905831124071393,0.17689553151468573,0.8204832521600401,0.15868169689181127,881247.2963355606,173639.1391513122,619420.7909505208,136568.2513824029,0.8744979814618548,0.044687469936411574,636487.2828309787,207142.41020113532,1.7413554114893095,0.2546215711256041,1.7413554114893095,0.2546215711256041,0.281949206770564,0.21199119905757435,1710908.6797988177,141281.89939192912,1810315.9311469488,151671.28487352934,99407.25134813134,65351.779332686965,1876546.8860245477,192717.37566704248,6.8,4.604345773288535,19.042522121709247,4.761187982327016,96.0,0.0,24.0,0.0
XGBoost__provided_plus_rdkit_descriptors,120,6,1838481.569445084,495741.6762531296,1288772.0015625,298367.62084580114,786696.95,241186.87815523942,0.3473299143806756,0.29929886686987667,0.39689516584803397,0.2892307048558724,0.8707895036668607,0.5986755114804236,4710685.2625,1425162.4326949052,-120123.45677083335,586858.797666474,1801529.3103750304,479662.5486764163,0.5146937139701546,0.12690705772917477,0.7253554263823399,0.19624081603508095,0.654413812120574,0.18770250227950777,0.6891326266973579,0.14225449467170648,861294.2007523278,398516.07264706795,619015.8893798828,286555.2274773969,0.8466928024638845,0.11704762323482437,977187.368692756,362257.8684364456,2.520410025874114,1.2617936817274347,2.520410025874114,1.2617936817274347,0.49936288808320894,0.24765298593090745,1820050.6015276294,139093.02575240086,1938650.3814854193,196585.98829528547,118599.77995779002,97646.2172650698,1988747.0886894981,196622.68712738232,7.4,4.878524367060187,18.582719734424025,7.129346425309344,96.0,0.0,24.0,0.0
XGBoost__provided_plus_rdkit_descriptors,120,7,1458657.1741061255,421921.40573987714,1106845.09296875,322762.91175115714,821283.9875,282433.41903514817,0.6188477800839483,0.14347853567315638,0.6268269489676425,0.1428469540562696,0.6980415791264933,0.3207125094781849,3559498.575,1027121.9088189672,-33423.96848958334,241116.88094137513,1472995.583374796,432118.1782760188,0.4387059266989505,0.10615622474263621,0.6187853759672474,0.17278797333872117,0.796178254001595,0.09045995311957764,0.795808928122631,0.10623052675680518,724938.8596042951,268448.3439278941,532975.4217936199,198772.77646208857,0.8996555565243847,0.06413980567507077,733718.3145018306,273610.93502826476,2.183250154771803,0.7315205682890864,2.183250154771803,0.7315205682890864,0.28080777644043636,0.0843993524154249,1724556.7106283207,259794.09478041207,1783632.8339145698,215059.78667646294,59076.12328624902,69497.34590910541,1889625.5102304216,259797.87998610918,6.4,3.847076812334269,19.516297460505527,7.396244934999537,96.0,0.0,24.0,0.0
XGBoost__provided_plus_rdkit_descriptors,120,8,1678471.391538148,393340.66624197096,1273887.2944010417,313675.92663831526,869571.675,204307.6590958484,0.5378910316714832,0.2111337454127189,0.5561570856019985,0.20713117408204107,0.7351440724463798,0.49315161963877024,3962867.1,906990.1981427638,-55996.264192708346,390453.3376191485,1677675.4174175183,393348.60854857886,0.46033083441070977,0.1463222610740287,0.604724168512498,0.220281888351829,0.7529111447451362,0.1384765716251485,0.7692636299977843,0.12146230042363568,1002810.3912328128,341470.10958463006,733634.0272786458,289073.66434206726,0.8310714284753212,0.11707986262839964,675661.0003053353,412005.0339261626,1.7943628345338651,0.6644046158416733,1.7943628345338651,0.6644046158416733,0.29318039680383795,0.19679441246203772,1835165.588852549,253169.49299736798,1872247.504735948,281106.2987607606,37081.91588339931,52064.25692293317,1910753.8620598572,282339.42870927457,4.2,1.9235384061671346,20.02135775059019,7.748934952367318,96.0,0.0,24.0,0.0
XGBoost__provided_plus_rdkit_descriptors,120,9,1786009.8933893703,426943.6813589726,1227400.594140625,260791.69293280167,713486.2375,136218.78665265624,0.46638912184387377,0.19745748080657682,0.474531059628052,0.19925180452461752,0.7098240739563006,0.2098531614599913,5142668.825,1789882.5550589068,-158153.40872395836,165390.81927683068,1810028.2308145645,440947.3412168633,0.6143681616903658,0.19089590918872446,1.1549991592654945,0.797841299149148,0.7006521529978887,0.11845984657741351,0.7374327790952024,0.0839762546139115,831602.9176033286,365706.0734403132,600087.1116556803,270472.9823283062,0.8701809736274196,0.09513559048476584,954406.9757860417,241008.28715264346,2.641014474927206,1.614032057985569,2.641014474927206,1.614032057985569,0.40379185178354576,0.13495678399644523,1890772.8416897717,179827.21671641694,1987413.8543649558,197988.43990146587,96641.01267518391,37347.21082094126,2082248.4350269802,180620.54347735608,6.4,5.128352561983234,20.127234725869158,7.662372479668357,96.0,0.0,24.0,0.0
XGBoost__provided_plus_rdkit_descriptors,120,10,1478606.7903255094,338796.2418340302,1077644.9052734375,254333.2157206779,782283.2,239480.3856585519,0.5349608069438962,0.15423374577785579,0.5744798192660928,0.1250531728510288,0.7964940208915866,0.3238190303682066,4098300.85,1024177.4901218843,-130316.1755859375,505509.0507670251,1444014.028965585,275987.6372793246,0.6591607198809001,0.41104590914588507,1.2925762364603774,1.3727541523185367,0.7640642139846386,0.07689678604554308,0.7637609173481118,0.10232071169901343,892843.5072160097,241160.6279065371,649153.8325846354,199489.77211605007,0.8388616225510512,0.09104631623629642,585763.2831094997,303205.74938827864,1.6953167897200458,0.36996399516745115,1.6953167897200458,0.36996399516745115,0.3039008156071549,0.12220921959594505,1596774.6791292187,170764.85591093285,1676455.4466953415,179761.6513004012,79680.7675661229,62053.0659323134,1725934.481668026,203233.01838258107,8.6,4.09878030638384,16.103797622842517,4.3615729561179695,96.0,0.0,24.0,0.0
XGBoost__provided_plus_rdkit_descriptors,125,1,1581664.8066026662,189487.63678427038,1091861.9125,185055.73254048187,672893.0625,327822.1703163975,0.5237704808303184,0.1512362497780501,0.5532693981252066,0.12682167544359427,0.7534102892281263,0.6063747852876833,4236648.7,387879.08304044156,-70055.5845,416434.07360680646,1568579.130216762,179421.41077498448,0.4209424610502305,0.14660890779207617,0.5975355898443294,0.23120149957069752,0.7496343762582157,0.07925004323498021,0.7993508231627888,0.09063266161543589,687128.0061142521,558236.154399253,480402.96203125,404324.52575441456,0.8780681711873857,0.12194682587509183,894536.8004884142,638045.1291278423,13.709405381385968,22.90293600539451,13.709405381385968,22.90293600539451,0.35429769035706726,0.14671009811218325,1906323.2581207305,176446.0438553249,1940523.2412524584,188027.74361747198,34199.983131728,25717.62512189625,1982468.372904117,207078.47028951076,5.0,3.391164991562634,21.395792621168134,9.28962281174398,100.0,0.0,25.0,0.0
XGBoost__provided_plus_rdkit_descriptors,125,2,1508716.58681231,262981.14994724485,1067343.47125,160901.05940181302,717381.175,128884.98561804047,0.6237858399484061,0.15843053246254446,0.6259309845870968,0.1591322518014437,0.695197262744588,0.39129073577827544,4478757.825,1383317.9791090311,-239.11824999999953,132178.97791548338,1534922.0600526445,269619.7731347016,0.41627565071164446,0.07553864766196745,0.5904642008250651,0.15247698479342936,0.7925914014438791,0.10900313423919948,0.7932205809165171,0.12841166605509577,693502.5763611469,206007.76334478817,480291.88026171864,158598.83141447487,0.9192709365380376,0.04046276263815905,815214.0104511632,212038.20896206604,2.3124395782074094,0.6250934579415827,2.3124395782074094,0.6250934579415827,0.2954850965896314,0.14342578611782947,1706230.2304135368,208390.57693970605,1739060.8959563398,210437.66850900912,32830.665542803144,34644.572504300275,1793869.3943576324,206273.894075321,2.6,1.3416407864998738,27.452562472326484,4.018609153363294,100.0,0.0,25.0,0.0
XGBoost__provided_plus_rdkit_descriptors,125,3,1834620.0286244475,434488.79886948294,1373559.903,400693.7473281266,1010615.825,387683.205824614,0.40231300631611794,0.17263425274719418,0.44252269922355436,0.13515258808436642,0.6098434179433289,0.1913440957921352,5002425.9,1017753.2039003181,-155407.1855,555141.2155032505,1808816.194432803,370133.12224842265,0.4702248937456005,0.07853829984270155,0.5998849235920136,0.09931075551533304,0.6856824268303311,0.09649473032950631,0.7510841455074255,0.08927350387852048,1000962.0017563256,174717.39731236413,701747.0567207031,167907.12643578753,0.8341147047765298,0.061324990656143406,833658.0268681219,363376.72051681083,1.8452991247149513,0.3661782383697698,1.8452991247149513,0.3661782383697698,0.43180169846041194,0.13720092320670876,1767561.0260183823,171289.40981469126,1870024.1087922368,221947.18601745972,102463.08277385477,62820.409147933584,1943927.7141999651,234074.21927298253,8.2,3.63318042491699,19.245081084360674,5.194158037627976,100.0,0.0,25.0,0.0
XGBoost__provided_plus_rdkit_descriptors,125,4,1579910.2190739443,425288.4582996863,1100233.418,251748.5626399441,620631.75,136155.99648128796,0.46463602973180046,0.3528295665031635,0.4727993434791104,0.3534017026679585,0.5454196681515715,0.08304801824215333,4290922.20625,1462648.438751794,-109926.5395,191907.13723382948,1598555.40222244,436161.33886773133,0.42193266876830826,0.05205090972622312,0.5939226236404109,0.08154843270797742,0.7002165229033631,0.2561859182038769,0.7635955965964256,0.15929509371925135,797625.0895939193,357976.25948939647,536427.7504218749,240984.72299146318,0.8614371963849706,0.09679785483600538,782285.129480025,412582.4645566075,2.4175169626418453,1.459607828806305,2.4175169626418453,1.459607828806305,0.39680116665317,0.3127025995974281,1772495.522123381,81257.1292818526,1819517.643328736,74842.67108973922,47022.12120535481,43095.43101929069,1897017.8474162593,99521.96844634599,4.8,2.16794833886788,22.31753845188814,1.5091781325249858,100.0,0.0,25.0,0.0
XGBoost__provided_plus_rdkit_descriptors,125,5,1508552.4388396752,320959.6895137003,1173587.99275,218399.67833600374,896773.975,172145.186020823,0.5919861988064424,0.19122444642584183,0.6294958469754526,0.1881959626665731,0.8008609747466915,0.44528062493838544,3370551.2,715660.722353791,156795.59675,461895.2495551595,1466542.990963331,357511.49381272873,0.4378676173524891,0.12990117038683827,0.6145862543700925,0.21866898786022268,0.7973531333279344,0.12933997191344007,0.7914212234995935,0.13004379467391497,818642.9452054633,470416.45109786815,595810.4749179687,346276.8466198014,0.865161489767148,0.1310639014827381,689909.4936342118,229312.28881906008,2.2715681882441148,0.9821874548424387,2.2715681882441148,0.9821874548424387,0.27317529096070564,0.07200502463019597,2020597.5082077156,123720.91660715782,2066142.7561543533,139522.6635386898,45545.24794663731,59627.49063215756,2103170.4084879057,129980.59174612047,4.0,3.3166247903554,23.794514531231364,7.278966649847226,100.0,0.0,25.0,0.0
XGBoost__provided_plus_rdkit_descriptors,125,6,1540209.8025829191,484817.2718254473,1167391.4945,391623.7288197623,968853.15,343092.56946156314,0.4789933428708809,0.35598628604050603,0.5352419259257499,0.3411630233838148,0.8719180235787988,0.49603621700052963,3674603.6125,1085451.6396815404,10056.952000000005,502885.92490656715,1499044.754393138,511098.377979217,0.5091721794872355,0.18571593994755992,0.735311895907313,0.22890479391152393,0.7653098782857694,0.1626574419504379,0.7535883736443667,0.17185650833424043,820323.6742947864,286350.0487760366,593298.3706718751,247103.16890850954,0.874064002377632,0.07740699287103116,719886.1282881327,559643.3014060602,2.097028076243209,1.0774918900107502,2.097028076243209,1.0774918900107502,0.3950706595067512,0.3212841183841406,1755759.2731201812,301740.5301706514,1826555.0127758943,335968.21979972057,70795.739655713,64707.56623184363,1957863.0859378234,387619.0296256676,7.8,5.761944116355173,18.812909193333887,6.049670450628521,100.0,0.0,25.0,0.0
XGBoost__provided_plus_rdkit_descriptors,125,7,1433844.7715945407,324320.985749001,1092028.29175,225861.35128823854,800642.0125,154150.2232741982,0.6013843653069018,0.1620171485922978,0.6138875585468954,0.16275953021647496,1.0922364055775966,1.1442238900190482,3521139.45,1001505.9067480643,50276.89275000001,295819.0409920462,1437685.2249885215,329262.8418447626,0.47975197806321734,0.1849323835271866,0.6596948727215176,0.30243566156498963,0.790923314412989,0.08911175162803411,0.806878298250479,0.06805386565548116,843186.326097995,267022.5171608189,620812.3842187499,222672.53706473613,0.8614729983516904,0.08609145089646195,590658.4454965455,119774.13993804851,1.7377971708011486,0.1736587920845091,1.7377971708011486,0.1736587920845091,0.2600886330447887,0.0896458792221329,1611554.848913813,124705.77888562143,1714768.4052620144,99464.12116958071,103213.55634820116,37865.345748105545,1722729.9889011092,101487.03344624916,5.2,2.6832815729997477,19.409200801450954,3.2373119726091493,100.0,0.0,25.0,0.0
XGBoost__provided_plus_rdkit_descriptors,125,8,1479729.622473923,248677.0283029637,1094938.62225,231638.39528450914,874049.475,311243.48119486775,0.6439764276514585,0.13982967122921397,0.650329248142415,0.13350495118448802,0.9088963327686663,0.5729592077225453,4015252.625,410218.4756727391,69833.88325,203396.53942044728,1498002.620179785,246980.98473972344,0.4641775965406197,0.1355032749890286,0.6862177865522818,0.20908018701907544,0.8184831306349689,0.0893661202667441,0.7996015051781367,0.11578615236924178,756876.8338435923,461670.9719181369,549117.957125,330877.09177848586,0.8807859459796763,0.11944640773700649,722852.7886303306,368087.9108732063,3.2916572252384526,3.2715104964240007,3.2916572252384526,3.2715104964240007,0.23680951832821773,0.18854776351579833,1672853.3117010249,135888.70628234267,1739599.900108073,162781.5339715666,66746.58840704817,57753.67008191899,1816184.1083994352,128592.18445284928,5.8,2.9495762407505253,19.562086933056875,4.933351096016356,100.0,0.0,25.0,0.0
XGBoost__provided_plus_rdkit_descriptors,125,9,1717958.6773509257,443934.03069574916,1268700.85025,293643.5350639923,921939.7125,228800.48899112377,0.4380226808934841,0.20872730511707366,0.4849084067796897,0.14349781768631975,1.1614834305432558,0.6719636901656857,4600158.75,1720642.9038142436,93942.23775000001,509445.69249649916,1693313.7522100755,426913.39531188126,0.5096527829083318,0.12550449290735322,0.7473779992240986,0.2323140496878981,0.7136267066711028,0.08486619200794965,0.730219796008728,0.09793481470788763,1022916.1403491792,202793.65462574948,755558.371625,147563.00130763522,0.8169697339730476,0.060897901139963594,695042.5370017466,614295.5746182093,1.7918912822858402,0.7756871881544294,1.7918912822858402,0.7756871881544294,0.37894705307956345,0.2594363586302374,1728862.2287869577,225216.11130123548,1801109.5962870033,212491.72079577632,72247.36750004519,42381.254952137286,1894781.1311802298,253352.63198103107,7.6,4.560701700396552,19.235367689573298,7.9411382423195995,100.0,0.0,25.0,0.0
XGBoost__provided_plus_rdkit_descriptors,125,10,1982225.4455742748,221476.56927610165,1503794.059,133461.41242389765,1167013.6,363812.6747860064,0.3194648504188601,0.13965650104142519,0.3534248280252282,0.11242654361057595,1.2243261631791085,0.8752590468602874,5033347.575,1137746.3302587338,-90455.58100000003,483336.90343986487,1974702.953637924,197351.16641242482,0.6718972458780692,0.13475844782506366,0.9191799050251672,0.17567250943427867,0.6234759353360648,0.06466293361378508,0.6625469987876814,0.07709609557202135,1048655.3503628795,343759.2809428618,750723.563078125,279360.680736759,0.8012490342516966,0.11583988540811482,933570.0952113951,504907.3682262872,2.137834808062819,1.0182042688577573,2.137834808062819,1.0182042688577573,0.48178418383283644,0.2115528073680902,1831769.831935998,180376.89427123574,1878934.1038187393,203586.18614801634,47164.27188274134,43967.10263354817,1940596.4950310425,180821.37015038394,5.2,3.8340579025361627,19.30900331711485,6.014737079679023,100.0,0.0,25.0,0.0
XGBoost__provided_plus_rdkit_descriptors,130,1,1813599.0113772955,308306.1554438453,1265185.50398137,345220.25969304965,825211.9,278944.6787348339,0.5034067454325057,0.2120915732096227,0.5064299836147381,0.21541190362219917,0.970606802625402,0.7488040982549491,5074165.8,694059.8090026941,-92635.34484675482,139336.91304253595,1841401.4440918397,323948.1682535946,0.48458770678717766,0.10213014227982005,0.7019915602350378,0.1968439002205758,0.7260228510513383,0.12817902169659418,0.737559055068758,0.1386774361275073,796269.7308922748,358361.60709904024,573457.3600060096,277916.9718189088,0.8986846568786767,0.06468397595551331,1017329.280485021,310257.5205185314,3.123902495177404,2.4677190983433963,3.123902495177404,2.4677190983433963,0.3952779114461708,0.19376661575985066,1859168.7577137612,249995.56172733693,1900022.8497854352,247887.58747378213,40854.09207167383,57250.801970076114,1936560.8060542396,251192.73727961598,4.6,3.7815340802378077,20.236113294170835,9.093562295613655,104.0,0.0,26.0,0.0
XGBoost__provided_plus_rdkit_descriptors,130,2,1250488.877598002,321073.5532857558,916902.885152494,172000.34552295058,594963.25625,170864.43039384094,0.6923537095325526,0.19461706183576757,0.7016528273450942,0.196312510996701,0.7123528734757757,0.28192020833267584,3296482.1,1302271.3733075857,8070.840809044481,274711.099827402,1250269.4670389814,327893.62208071846,0.5940698123583035,0.2841502364814973,1.312230623857849,1.0567695996757034,0.843611751054359,0.11227927034214272,0.8606014211272178,0.07607232981488803,739394.3942788052,350559.27051990107,522230.276182204,253474.47626851828,0.889922229022857,0.07015795401398135,511094.48331919685,291884.45224039105,2.5545255380322796,2.3654455912953933,2.5545255380322796,2.3654455912953933,0.19756851949030446,0.1885657169167652,1622876.3087311552,126947.99794611284,1707260.8233764297,203231.44189101478,84384.51464527458,90225.92097003192,1795350.8016057226,186019.5481152372,6.4,3.5777087639996634,20.882026347976907,5.422701132234735,104.0,0.0,26.0,0.0
XGBoost__provided_plus_rdkit_descriptors,130,3,1468075.4576057303,234354.95565467313,1034096.2990985576,201627.53704762654,709498.621875,236013.0374229059,0.5895822056755987,0.16301309020456048,0.6385867972071002,0.11420693662868413,0.529663882458808,0.2290815291862379,3924345.45,499746.67848328414,-38014.89957932693,571987.2878561021,1412191.8301246695,154745.7093676717,0.3794980695307838,0.07110657629716619,0.5205534570617825,0.12342721793307744,0.8143902303929588,0.04865434274171992,0.8596095705927619,0.037008669939804784,553271.7796352324,303334.5344467529,356867.4186147837,193496.8588888382,0.9349526547255659,0.05314331261638585,914803.6779704979,320045.29913289106,4.683829258520122,5.208590955123325,4.683829258520122,5.208590955123325,0.3453704490499671,0.15581347154280284,1690368.6678908914,246447.18466230808,1769219.9643810212,300911.5631232176,78851.29649012987,77092.61940491789,1817409.0957858353,265104.3599670404,4.2,2.3874672772626644,22.976698601519576,5.038637786842291,104.0,0.0,26.0,0.0
XGBoost__provided_plus_rdkit_descriptors,130,4,1571811.1354354247,283048.7018848882,1153502.0297438402,244712.77799254985,782249.5,167129.96956430183,0.4788926101040798,0.13215552564870123,0.5129413782121732,0.13448058379435746,0.7334622847836927,0.22698601970001736,4329134.64375,1104341.713983121,14899.14717923677,512672.4238544888,1542101.4081104458,221037.76517983107,0.5336025754309077,0.18721956786017793,1.0186688588827943,0.8038973632782788,0.7278270140496492,0.09378218095440718,0.744652827089544,0.03762171442078842,634863.3068803254,390115.3642538943,456028.1566105769,290199.4810913928,0.9045587910090852,0.09220455417307602,936947.8285550993,359144.8573549971,3.931766360495215,3.6074497595929267,3.931766360495215,3.6074497595929267,0.4256661809050053,0.04198419972542971,1607252.308195014,157772.11439042634,1638313.9297450392,178468.60344244586,31061.62155002514,54223.8186168256,1662434.1091011777,162946.28599517106,2.4,1.9493588689617927,23.300307078137088,6.848249764313463,104.0,0.0,26.0,0.0
XGBoost__provided_plus_rdkit_descriptors,130,5,1832687.3536455743,465480.53984619974,1394767.2110576923,426919.20709297317,1076258.1875,490483.38250362896,0.4433547694810125,0.19196471014959987,0.4670898051526008,0.18153079765998123,1.0666778696313124,0.4942845806675586,4557017.65,1698373.597541369,-39895.656250000015,442842.53383399185,1828826.4784005284,452685.2357651626,0.5114384091559454,0.11092802794592142,0.7253189281910446,0.16544528799544544,0.6964814565671009,0.12001593461892633,0.7302897150251766,0.1263588744501538,1203640.5478939684,289432.73814221774,921891.3557692308,246002.937047505,0.756846418205147,0.12823210008227756,629046.8057516059,305646.79014716664,1.5273275095152798,0.2545493225605119,1.5273275095152798,0.2545493225605119,0.3134916487241345,0.11508239053262563,1882693.0273796532,113539.23921240937,1995335.4003660597,113710.8534236054,112642.37298640641,92881.82539771429,2114373.297936935,138003.7338276193,11.0,1.7320508075688772,14.979122308355974,2.1515146822239286,104.0,0.0,26.0,0.0
XGBoost__provided_plus_rdkit_descriptors,130,6,1820758.7370907918,426657.5982790201,1269658.208653846,311713.8124678039,740010.20625,213769.66530481365,0.4976021843860308,0.1490968406870851,0.5152468443902547,0.15041384171483643,0.7312157765712557,0.22187282785277013,4997266.725,1092842.020976301,-163011.25432692305,355578.27081157145,1821286.6018250578,432013.1323734964,0.495706119256431,0.03785214322056343,0.6762148178644655,0.0733456263698758,0.7324465991624622,0.11139208368860186,0.7668987390283007,0.10814858239284032,917574.9142425479,206248.60145511516,635048.136763822,115967.5712564306,0.8719030328756652,0.054846756272191405,903183.822848244,520741.15617522976,2.0887365265050235,0.6993598490173865,2.0887365265050235,0.6993598490173865,0.3743008484896344,0.16173210494350634,1886025.7071820248,258710.59863851187,1980868.6693092752,229712.95531511266,94842.96212725047,71718.74196600699,2052712.3846884468,213407.59445695154,4.6,3.2093613071762426,22.061286209777176,5.362529295749648,104.0,0.0,26.0,0.0
XGBoost__provided_plus_rdkit_descriptors,130,7,1445742.5157290753,529046.7874132785,1022250.4197115384,328282.23188342986,631126.4375,136529.10190927188,0.6022862682982664,0.18959300731560097,0.6244781247754727,0.1856138362233762,0.7600962244531869,0.5473004140470864,3909536.95,1449365.4669098884,-34457.3375,390552.91652841796,1430721.5199401022,537984.7050131722,0.4303985668271122,0.11858337361608595,0.617372133801265,0.21690801963730724,0.7967873260443965,0.11476557426448007,0.7941497160280326,0.13016107025065235,640037.8705400099,292577.74939091195,433985.5763803335,206459.1336915441,0.911218758021979,0.05211206209752694,805704.6451890653,490006.42640842777,2.953786315128243,1.9233771609378583,2.953786315128243,1.9233771609378583,0.30893248972371273,0.18035294494271462,1666890.709196538,202032.22747141248,1709788.7397538014,207665.93835679046,42898.030557263504,42334.230080467234,1773620.978438663,225188.06711232328,5.2,3.8340579025361627,23.22490526480378,8.84755798450651,104.0,0.0,26.0,0.0
XGBoost__provided_plus_rdkit_descriptors,130,8,1508087.0958650485,429422.81570648873,1128402.094110577,331316.19751621963,794047.0125,355961.67809430714,0.6056943004392149,0.16539859925351635,0.6251876225829698,0.1404972157062292,0.7204536245926146,0.24067807242061404,3774349.25,938254.8292543583,-21624.628725961513,379489.3316819622,1504404.0883142338,411077.4636014217,0.45611887823535824,0.09585607591622665,0.6471661614083168,0.13115907521953465,0.7990470316503986,0.07975287179903294,0.8102740507232198,0.08098755067922188,610312.542903696,268024.86818305484,436597.7064603365,199235.25394896578,0.9311411417173663,0.05384830382677383,897774.5529613526,373054.06127153913,2.8986207434956133,1.7406597615372215,2.8986207434956133,1.7406597615372215,0.3254468412781513,0.1340126112189151,1783558.8355336462,205335.70183456928,1839989.2715123831,222822.23626823418,56430.43597873724,58068.45008779254,1908378.9781151519,232674.0609772977,5.6,3.2093613071762426,23.59422693521239,5.1027023234933395,104.0,0.0,26.0,0.0
XGBoost__provided_plus_rdkit_descriptors,130,9,1661096.7864419762,429074.5972098697,1079131.7724759616,160845.8461791363,677703.325,166538.1627288484,0.4601179875871786,0.31007318608167134,0.46813527576393527,0.3029558869661864,0.68846149674965,0.5172539478158166,5274699.5,2105304.976791659,-125979.35901442307,201625.65431226377,1681654.6265478344,424994.81351632986,0.44161697379996145,0.10820192905382676,0.6643779828828449,0.20303178219181062,0.6965552443401133,0.17444033003152784,0.7527867038126721,0.1344584134244163,844052.0085812727,249908.79632644923,610265.4157151442,183333.64963443574,0.8753107346480202,0.06604275515904776,817044.7778607035,521340.2624325033,2.143258882927361,0.9065705108701971,2.143258882927361,0.9065705108701971,0.4151927470608416,0.3201648715329981,1673715.132040379,100699.98880493351,1776858.5810015823,128383.06127349354,103143.44896120303,46027.067899751586,1873116.2566050566,194271.15174202863,8.8,3.2710854467592254,15.102333361474894,3.9567724363206516,104.0,0.0,26.0,0.0
XGBoost__provided_plus_rdkit_descriptors,130,10,1653638.3735497524,301279.8897498572,1211571.6777644232,310278.8249982965,741450.0109375,412485.6031100855,0.5100108439551264,0.20653055919356603,0.5526440255225233,0.16773501457423207,1.1607109395402033,0.7690195942885005,3726948.65,338150.1738397638,130115.6063701923,503470.207340197,1619878.550720228,289201.32367860025,0.5474082212624765,0.21030283478742043,0.7823831317331337,0.3074489160523517,0.749624472150618,0.10769369283397502,0.7813730566429171,0.07869529454894406,998975.5077301584,317280.0965788972,721386.5176382212,247414.1283017626,0.8237814286975098,0.09240614233331525,654662.8658195938,141957.57840877294,1.7407283169885754,0.34961867306786415,1.7407283169885754,0.34961867306786415,0.31377058474238345,0.13337868151862148,1748887.0263048138,97302.22390589086,1815468.8305570516,120541.19234996405,66581.80425223778,52519.501472493095,1844716.2664380283,109803.08811909023,6.0,3.391164991562634,20.64905730708505,10.263895418237224,104.0,0.0,26.0,0.0
XGBoost__provided_plus_rdkit_descriptors,135,1,1701696.4296100312,393369.68764266645,1198156.8111111112,198432.36679838132,698845.8,127335.27132677757,0.5265775916023994,0.22911450695883626,0.5710260207784839,0.17489201525602333,0.622687689094041,0.24210166590293677,4273760.25,1262447.8822543775,-260860.75740740742,508204.19579994335,1661286.7651788846,336519.3404592075,0.4595131245414743,0.039012969128149735,0.6608426849142297,0.0885463494408604,0.7592562227184073,0.12551837212090228,0.7763316989414808,0.15165101523117086,951004.1411891596,148126.68008720144,683595.9110821759,126618.62986766493,0.8613271978820153,0.03757350524200044,750692.2884208715,386390.9544217819,1.8170686547545443,0.4345182558097319,1.8170686547545443,0.4345182558097319,0.334749606279616,0.21184386945821032,1603172.9187829234,117237.68550153491,1668438.922135496,129370.75883048648,65266.00335257272,56332.85569602316,1738832.151178229,110780.69903161291,7.8,3.5637059362410923,17.471847014001145,5.18854640842995,108.0,0.0,27.0,0.0
XGBoost__provided_plus_rdkit_descriptors,135,2,1807177.8130186356,362872.4652892073,1307448.816435185,316595.68547310977,844217.18125,336536.1806320857,0.4561065295227683,0.1783432560183396,0.48558233373725884,0.16230648901284495,0.8741737376464462,0.7325892600243754,4356226.75,989021.5013653014,-58204.57199074074,490419.67564344837,1791666.989658252,330713.9930403034,0.48208915926347046,0.13615496699912308,0.65468658641046,0.22497142303739054,0.713644444433992,0.09291477539783614,0.7117971679902267,0.127468816073611,963243.3085332799,543277.9653867227,670866.719068287,402007.5784975713,0.8146641655485516,0.1365863572244069,843934.5044853555,547354.230575301,4.37236357089723,6.254731099265414,4.37236357089723,6.254731099265414,0.3585576360257832,0.20336163931569864,1860970.7371677463,194745.68169010725,1940790.2725368533,218476.6001786335,79819.53536910695,56047.546017492255,1976007.0812111318,207558.41706239784,6.2,4.764451699828638,21.68876852295363,10.61323582518327,108.0,0.0,27.0,0.0
XGBoost__provided_plus_rdkit_descriptors,135,3,1794018.6501050766,426134.7734578627,1243085.8662037037,299031.0867781717,874222.75,360700.23105993087,0.3870595975164172,0.3685644437646564,0.45482799827678394,0.2865168321503024,0.6692355330859134,0.19807628687408954,5023007.9,1609414.8238377434,-25618.9111111111,615043.7150752047,1745970.4358789853,402794.73438407335,0.44869300285196934,0.0703600677893025,0.6192904198426863,0.07867385678225905,0.719556342136603,0.11608923278671598,0.7389767093113732,0.06834648432032611,795404.0663594792,90607.16817277134,584367.7172164351,57504.48908627,0.9033843124047873,0.029274804358603117,998614.5837455975,383429.34951619187,2.2540494533476685,0.4844280056367144,2.2540494533476685,0.4844280056367144,0.5163247148883701,0.36706419238721283,1764330.9331137333,135679.33239992624,1813322.987232481,94977.69729359279,48992.05411874787,48168.642093127935,1922478.4079456576,171567.8552165146,6.8,3.7013511046643495,18.896637412580525,4.831724665267392,108.0,0.0,27.0,0.0
XGBoost__provided_plus_rdkit_descriptors,135,4,1590698.5699036918,243882.48343114989,1148754.2398148149,200186.3045580745,763886.9625,314246.1404883121,0.5275727467061649,0.09601895116026918,0.5521536876762424,0.11721761010936137,0.9825106645718176,0.8791878682151796,4361677.475,984872.8474869803,-73993.02453703702,374066.66730855865,1576940.729956061,292363.94791070506,0.4591367245711576,0.13291457849920732,0.6574608239517495,0.265719662720995,0.7420420964666087,0.0798011232305185,0.7792802196525767,0.07446708919441673,677162.3748501122,163297.70803162828,444338.2067997685,128021.00405641756,0.911788707615323,0.03900440610791408,913536.1950535796,309017.0196372521,2.473104087554735,0.6947480223747764,2.473104087554735,0.6947480223747764,0.3842159609091581,0.11308920152017836,1513714.3202517277,135008.02521507794,1556903.993277543,145859.55035077376,43189.673025815515,54622.45376174127,1651750.7112284973,190186.5285096166,6.6,3.361547262794322,24.74448264236009,7.560031298905743,108.0,0.0,27.0,0.0
XGBoost__provided_plus_rdkit_descriptors,135,5,1311007.1475903825,511807.4693296034,890989.555649595,338899.17192660633,537657.3375,172854.38733977394,0.6732234124217641,0.18239313710671337,0.6803052641515528,0.18501129918953244,0.53176384039338,0.32480907307853335,3914060.25,1694179.3546102012,-162322.95634403935,98240.7097539034,1319423.359148535,531747.6159164568,0.515624406066882,0.3018226836941038,1.0992950076378056,1.222824401617944,0.8245188888862248,0.1105627296356987,0.8423573369557713,0.0977725639296571,593786.3048603103,241053.58238592785,408232.66941550927,166979.48017942582,0.9262671918646397,0.056390571726114176,717220.8427300721,452819.42848904926,2.3371563042161467,1.0554181306114927,2.3371563042161467,1.0554181306114927,0.25304377944287565,0.17867136562417685,1515731.6330227163,71738.65482193128,1556751.0406426096,55964.002855547275,41019.40761989332,53155.09111568932,1627746.9491458659,81584.27673141302,6.8,3.7682887362833544,22.545042600379638,6.054460340405843,108.0,0.0,27.0,0.0
XGBoost__provided_plus_rdkit_descriptors,135,6,1851295.8059495322,506597.2652930036,1265356.0578703703,366401.4829641716,696365.1,171263.04635827657,0.2918113052582787,0.3462854343586073,0.3574389585347857,0.2877925508041999,0.6049122538491817,0.2021851035202895,4695584.0,861155.2772484799,-44531.33287037036,541507.9276491074,1815488.4735753406,536958.624351051,0.42352564901157813,0.09368678964120564,0.5802196407590392,0.14513023011268655,0.665021442061763,0.1841937483396673,0.7338809395311473,0.18595916201534476,669791.7238131689,201311.2817167198,480643.50145761,151913.24614725477,0.9134744135164672,0.042671648435294085,1181504.0821363633,445189.51084092003,2.9924835419558535,1.248295699020601,2.9924835419558535,1.248295699020601,0.6216631082581884,0.31631929437376877,1666085.8847434183,139023.1988646246,1749056.1819176644,153895.24426920374,82970.29717424605,85755.2795318782,1809440.3121399037,181598.64344676625,4.8,2.7748873851023217,22.580087780491358,2.262444496857803,108.0,0.0,27.0,0.0
XGBoost__provided_plus_rdkit_descriptors,135,7,1697817.0557382635,644936.0959496443,1172580.4466435185,406655.2818303881,692793.175,218499.71199569118,0.4382310945663718,0.3099372950225599,0.45521389190118067,0.2902081050859642,0.7058253852446263,0.10106742395182347,4240875.9,1740078.5248361153,-126053.78622685184,355542.85724874306,1705241.0914039337,622131.0114806618,0.4374438045351985,0.07075517458960205,0.6419661503489269,0.054097169807165446,0.6786862894783157,0.19522419630371393,0.7659207720535539,0.16373519378972692,959767.6908274924,255660.00174791372,643277.2361400463,174058.76638404417,0.8271428970831127,0.0774326324033194,738049.3649107713,757726.235677674,1.9695573329412457,1.30137022862921,1.9695573329412457,1.30137022862921,0.38891180251674096,0.32780740103352424,1667735.0844426844,137320.24819030447,1707835.360160182,111630.72047888303,40100.27571749771,30534.242183915194,1758104.7499315322,122010.02758206324,5.8,3.3466401061363023,20.418668250516003,2.6986023224747524,108.0,0.0,27.0,0.0
XGBoost__provided_plus_rdkit_descriptors,135,8,1489438.1256764682,488357.31047508493,1140284.085691551,412552.18553958205,891437.74375,433369.3352844826,0.6095390432683893,0.17492269147437736,0.6345573429774953,0.17357608119204304,0.8438715163769862,0.5001564717497227,3597968.5,871942.8385484911,-21246.500043402797,455820.21892568254,1462090.2255556067,488742.37670510384,0.4836940859765136,0.14205187558075688,0.7135642513372867,0.2577534602371972,0.7990968631665627,0.10403128303804299,0.7842602175294456,0.14348658638595393,786393.2048458874,270855.12539644307,548308.0586154514,206513.12030913617,0.8822921220812203,0.1009929922031875,703044.9208305806,319833.54868521134,1.9333602261641114,0.4737500242500008,1.9333602261641114,0.4737500242500008,0.2727530788128312,0.13320872197872363,1592589.1681697536,111385.22939042063,1715646.6780203865,185027.3497063984,123057.50985063282,125051.61238536803,1749796.8026388711,200697.1377062203,5.2,3.492849839314596,21.754133237732777,6.246180821340067,108.0,0.0,27.0,0.0
XGBoost__provided_plus_rdkit_descriptors,135,9,1588755.4331575301,313535.68814956775,1154445.131712963,206530.30500549747,769554.125,238055.9882762942,0.5594146036734505,0.1689134227290656,0.5843637570613368,0.14916720622240584,0.798513130026093,0.48824754240259866,3899578.4,944877.4408516868,-26780.016435185164,358118.7044645483,1583348.9848976962,332811.2303975289,0.45030193350948194,0.0847037262733964,0.6472498004244845,0.1710778561141801,0.7808974281159424,0.10312676691792817,0.7294746470512162,0.06320973703864696,658921.8968385865,248081.10610325047,449732.95296585653,183179.95158382982,0.9230339289491777,0.04980266343267602,929833.5363189436,242634.39000279916,2.6171395402528264,0.724895096970362,2.6171395402528264,0.724895096970362,0.36361932527572705,0.1216583267222117,1573747.2669715076,207745.14017919108,1665271.0582368798,267561.3297537877,91523.79126537233,79170.57249793416,1710039.848562009,266889.6780598264,5.4,4.159326868617084,22.76607212656988,7.020263831130746,108.0,0.0,27.0,0.0
XGBoost__provided_plus_rdkit_descriptors,135,10,1499633.6848126582,280074.7978718295,1078862.8037037037,194300.6498708212,769695.275,224508.9274154886,0.5674042614703371,0.17057426066908582,0.5901310749003678,0.15901298974914893,0.6268371254701248,0.33102045631229493,3961249.15,1068734.4328316203,25353.291666666668,358891.92180140706,1489817.228264267,302769.92497940647,0.42673109781585666,0.10597362276538527,0.5716825710604926,0.16455694919118077,0.7786168595569257,0.09051097839434041,0.8151814286902148,0.09098120241556157,841262.5092766384,511465.77428107715,611580.4023871528,383315.69970142783,0.8433265654869964,0.14211281420633654,658371.1755360198,646970.3256208996,3.378130973853607,3.9151388897010158,3.378130973853607,3.9151388897010158,0.2759223040166593,0.16162669940160804,1635914.4914963115,188267.87222997184,1707187.722321671,251515.98479763453,71273.23082535942,67940.0875156227,1771725.9766963455,225827.01104955253,6.8,4.266145801540309,19.026393746788642,7.322856257853033,108.0,0.0,27.0,0.0
XGBoost__provided_plus_rdkit_descriptors,140,1,1823916.7620382055,351197.9824314254,1303370.6133928571,278678.21237228863,822412.9,265771.7034881541,0.34482309191095173,0.12361818329545284,0.40610967503810647,0.0893136281644777,0.8140804131335442,0.4294311650179236,5141438.225,619483.389771497,-20372.846428571407,625584.0154298183,1771396.51403191,334015.23496835027,0.4779780611341288,0.10003768465267104,0.6517859442128234,0.160573257406716,0.660996823234878,0.04922299592192905,0.691433699038358,0.10720748738436518,1157397.9479192344,166373.67315342516,837362.7915178571,131672.08420846306,0.7578036845287094,0.0533790209459734,666518.8141189711,442742.4890503976,1.6152300222242402,0.4349529556463074,1.6152300222242402,0.4349529556463074,0.41298059261775766,0.0833724642720777,1791102.3115511246,200032.3327049584,1907962.3246515698,166552.87416925567,116860.01310044527,67718.16909491035,1936228.2010270623,160573.56285683997,9.4,3.4351128074635335,14.165570262983257,2.141915786603114,112.0,0.0,28.0,0.0
XGBoost__provided_plus_rdkit_descriptors,140,2,1490303.1579456548,425004.36789336323,1132356.767075893,300068.5405989679,832018.1125,198804.8081373158,0.6472035959077306,0.1552932847275662,0.6793566936975111,0.15330350189512557,0.6997050197545699,0.194889449354589,3728094.8,1359741.2064726048,-42602.64386160714,536387.4933887776,1437226.0130487331,428548.39745943475,0.46101015794344624,0.08749398589552425,0.6380063040630446,0.11301329715436545,0.8408887951648225,0.0853323395061078,0.83555406233775,0.08586412923090112,873669.0644930458,403435.14052537835,628353.5459542411,291027.79276631924,0.8683345274723095,0.08988531011020134,616634.0934526089,251481.60456326144,1.9408024551101082,0.6507016965168945,1.9408024551101082,0.6507016965168945,0.22113093156457894,0.07450664901693328,1609675.9905633207,216683.89359472433,1707838.5620004754,277098.9714662366,98162.57143715471,84474.88871642033,1763347.1729681394,256954.01615292046,6.0,3.391164991562634,19.24157351366531,6.4778684289815605,112.0,0.0,28.0,0.0
XGBoost__provided_plus_rdkit_descriptors,140,3,1463946.689280853,122726.74778919527,1052548.16015625,76011.8599783404,646800.46875,244564.88201318288,0.6301049236377707,0.0912673712005877,0.6523198811858723,0.09152580612859473,0.7223635041175425,0.19640883679039275,4235166.65,607425.8220967603,7394.667075892852,378425.7084074363,1447431.3011482935,162362.20919613822,0.4585338953763637,0.08491990454510458,0.6517416118368116,0.10891306095130647,0.8292647945036915,0.049188508247744026,0.8654039799422464,0.034706735341747556,681079.1541041825,203971.16030043436,468607.7987548828,165564.78933403973,0.9211349970829247,0.04168392029744642,782867.5351766704,286027.7228527298,2.347552822598272,0.9067126316676779,2.347552822598272,0.9067126316676779,0.2910300734451538,0.0697567565711816,1781139.5655016315,124318.24059724773,1815863.3267267128,115604.67429471853,34723.761225081325,27889.42849758395,1918320.937755535,179558.09307293885,5.4,3.9749213828703582,24.32890102617056,8.790149955692964,112.0,0.0,28.0,0.0
XGBoost__provided_plus_rdkit_descriptors,140,4,1469958.1055667347,448715.03157280054,1075001.8620535715,320808.4559453323,694200.5625,230193.72014745369,0.6297990187324045,0.19379524764238212,0.6400154193035705,0.18546433346336055,0.8178303640434716,0.31012607429790684,3943417.35,1541944.2149962778,93188.02678571429,263456.5338472425,1477688.584807525,443979.5731626421,0.5095848906440132,0.16675775711230365,0.9681078701741747,0.7937251103845766,0.7987777541757201,0.11001657475732504,0.7814368740644062,0.10636827636969585,773232.2992077947,360569.4693077975,542156.7975725445,243180.6440003231,0.8928571935216777,0.08108830216094531,696725.80635894,521148.08839717443,2.5319398781561144,2.196698723512153,2.5319398781561144,2.196698723512153,0.26305817478927324,0.18862831998566412,1635044.2012056045,182989.84781789887,1694501.5809245296,233763.55244556302,59457.379718925295,67804.7617859088,1722917.385712028,228418.652041129,4.4,3.0495901363953815,21.868167987781703,6.189914503934319,112.0,0.0,28.0,0.0
XGBoost__provided_plus_rdkit_descriptors,140,5,1517714.8034238995,173160.1494527677,1087151.1562220983,127553.41667539178,732144.337109375,177210.98979663782,0.6171111627452227,0.11484540886680371,0.6226448777261451,0.10685971338003908,0.7369290223563552,0.35923406153210397,4220983.325,903832.6648396295,-100756.87006138393,166853.06617965232,1535784.0581597406,163516.0838375554,0.5238118840640076,0.25198630726846133,1.0167480468442462,0.9137844382363255,0.7884330621513744,0.06859070155870786,0.7844301515732772,0.08262041876953544,758353.6496342426,132807.30045667832,552132.1306361607,100165.37566094215,0.9056660029417511,0.031677687868659266,759361.1537896568,125040.16515864298,2.029254267231182,0.26628622427000687,2.029254267231182,0.26628622427000687,0.28855484019652844,0.09433334615339377,1492369.471542722,58606.71784304966,1564423.0374472328,95919.94548930474,72053.56590451082,63566.39419665806,1588837.7384829968,85126.78140325156,6.0,2.5495097567963922,17.38064741715935,3.064695441566878,112.0,0.0,28.0,0.0
XGBoost__provided_plus_rdkit_descriptors,140,6,1472180.417657874,339030.00837797154,1051061.532924107,228160.1874152058,675397.6203125,92745.3717658703,0.6118690927255728,0.1203247659006274,0.652792227628016,0.09071472384572579,0.7061610555432253,0.24263536224197052,4448539.7,1176757.2815560165,-108333.3552455357,536062.1408115648,1421944.6886938033,296738.17176290235,0.46797602320559095,0.07240529502515029,0.6579471692466605,0.13945448712054984,0.8203724219930212,0.042720253828097424,0.7998050079449379,0.04762098100262185,706533.2151337564,232429.01657657375,496744.5441127232,158319.6050562518,0.912592810502528,0.04326648742352334,765647.2025241175,533797.0461340778,2.617944806945921,2.1117228702719397,2.617944806945921,2.1117228702719397,0.3007237177769553,0.1400163469983648,1670783.123199842,191272.2232107359,1716044.8446771312,184568.8376680152,45261.721477289175,23414.46074473869,1775779.8074179753,144073.48514263285,5.6,1.140175425099138,20.864772555203466,4.961633384181103,112.0,0.0,28.0,0.0
XGBoost__provided_plus_rdkit_descriptors,140,7,1557230.4863262097,162821.57802025328,1104116.9055803572,89781.0552974225,677486.76875,117664.8730292024,0.5805672478945555,0.10043191634005319,0.609000579298095,0.11511128816186753,0.736479538407054,0.2486796228078153,4511408.5875,843580.1379474396,-110940.4828125,463742.6116900963,1523716.1871722373,172779.06831054314,0.4433728400184874,0.0691630138250205,0.6416127399614159,0.11575242486747767,0.7956535622511814,0.06259983000410323,0.8274073510158478,0.05268759480792357,913998.4574684672,168904.43751036128,656157.5152553014,123157.88648573308,0.8576413980139724,0.05059665191790261,643232.0288577426,273175.2039371212,1.7602527121198732,0.40874071908034915,1.7602527121198732,0.40874071908034915,0.277074150119417,0.135338169489586,1567309.760506715,120003.76978550812,1622985.4112553014,108078.93984124389,55675.65074858656,50999.36467954763,1665676.423197482,143609.56683224798,6.8,4.024922359499622,21.97430413918327,8.469837904333861,112.0,0.0,28.0,0.0
XGBoost__provided_plus_rdkit_descriptors,140,8,1512596.2426252118,373335.34001303284,1077406.5917410715,345432.19186587323,695098.275,413926.5771761749,0.6218545123084895,0.15862915943735012,0.6235255212563418,0.15961661466826602,0.6917055069853184,0.23308598211527792,4522986.3,1240619.8894317334,16124.714062499997,107231.71257307546,1536666.1814201458,382699.5570454194,0.4441087240414995,0.12629563482132505,0.6276814816528481,0.12898398479430565,0.7858123456624304,0.11108545936207631,0.7651699011420285,0.1093584881230108,711092.9581006665,421511.49435547093,499495.18401227676,310876.1149422897,0.8985772066027027,0.08883447293721426,801503.2845245454,450600.87257875747,3.0567958111388287,2.0451868955723453,3.0567958111388287,2.0451868955723453,0.27672269429421315,0.11584334577897326,1710988.9166100703,117259.76245429306,1781465.937187206,158703.5416997494,70477.02057713587,92937.31815351968,1890180.6955880336,194331.1301104551,6.6,3.2093613071762426,22.718197836140895,4.937526377001961,112.0,0.0,28.0,0.0
XGBoost__provided_plus_rdkit_descriptors,140,9,1526206.8470547213,219588.62369079556,1093090.2763392855,188288.0582737686,792710.3625,316813.0698388555,0.6172676990255772,0.08543592418487306,0.6374421076282631,0.09314284832718174,0.7555792758383667,0.38029888289726854,4170778.85,449223.3330460335,51716.67388392857,385226.06906285055,1511178.8982990948,239870.75105912946,0.36792824738227203,0.04025515860009812,0.5775180378360993,0.11719045550463669,0.8073267194040593,0.061740647310204344,0.810894752044614,0.07019521970304086,816745.0532956679,183357.51947248387,582262.5441545759,139416.622642276,0.8931537133749334,0.0417542585042453,709461.7937590533,304089.1246481773,1.963334858365337,0.5772852449798184,1.963334858365337,0.5772852449798184,0.27588601434935617,0.07974551914044849,1691678.3155943807,83441.64997583037,1731144.936767655,68596.52218555925,39466.62117327405,39131.56727494258,1817708.340605726,64739.317866757534,7.2,4.43846820423443,19.731253097377532,4.77595165471806,112.0,0.0,28.0,0.0
XGBoost__provided_plus_rdkit_descriptors,140,10,1414957.1101969576,240420.14763564634,991382.6191964286,135434.5179357099,678077.625,120213.4959167049,0.66164287445511,0.07622648341556469,0.6796037517816798,0.08580982336834843,0.6036309050373608,0.2619724031711601,4450766.575,1065818.6040077643,114034.01205357145,330992.3245518331,1400749.438693067,268641.33169805614,0.39364104651077036,0.08912252848632762,0.5632263195265034,0.15830226850230225,0.8294600246115591,0.04972180563052523,0.84513617654795,0.04488747200442668,540067.0706856747,243019.5694288063,395044.07151750836,189030.32984699935,0.9434780708887732,0.04628515248092867,874890.0395112829,319449.3045940307,3.113394500283845,1.4614849780379724,3.113394500283845,1.4614849780379724,0.28183519643366306,0.09978599996858159,1480431.8587937008,90166.54144746174,1545734.2448675095,136268.56853892477,65302.38607380856,46704.86638696622,1584990.2770313064,105967.58122585251,4.0,2.8284271247461903,26.330496537046947,5.974760800488767,112.0,0.0,28.0,0.0
XGBoost__provided_plus_rdkit_descriptors,145,1,1689189.976103677,485459.28999261,1145166.53908944,347795.5765025281,723883.2,415380.3277424141,0.47583799738702337,0.19464653385987699,0.52509441046854,0.16790691696998805,0.6838843026021585,0.2633303151936267,4861880.65,1680689.8682521672,-220723.46667564654,533811.4758885982,1639813.2407070734,467689.83805523417,0.5323000962767862,0.16179628569826376,1.046392569772139,0.8456242846870342,0.7302506359619189,0.10936119338341349,0.7669461144847427,0.12853239826615317,911370.497257578,157886.86904196333,635679.3266904633,103669.61041372373,0.854164630256084,0.05383537731173442,777819.4788460989,489706.17486818274,1.8942235959811107,0.675059806985236,1.8942235959811107,0.675059806985236,0.37832663286906076,0.19251976857598035,1563992.4865709033,147989.96116933457,1651051.9244160631,159988.75935304046,87059.43784515998,46204.01082879789,1714013.3749086424,168430.04342022474,10.0,1.224744871391589,15.625190485143886,1.7751768656410207,116.0,0.0,29.0,0.0
XGBoost__provided_plus_rdkit_descriptors,145,2,1215581.194436118,265316.10917041416,900872.9195581896,180551.17948507445,610565.1875,142596.5064089136,0.7388871675005781,0.08868099931375871,0.7548712510259781,0.08886839389232855,0.7240019916372987,0.26779084674015347,2995406.75,678234.0292079312,16096.454148706887,339449.0887205501,1197173.569265189,273336.16646052944,0.4355735620020795,0.07973785468910656,0.6761056188952373,0.13865809766320322,0.8740043292284142,0.04937321831906529,0.8686666782211491,0.05181054651739766,710685.2978029794,75240.27466775397,514966.9201112945,59546.972571826715,0.9129460940190326,0.01637994887623584,504895.8966331387,320596.67731321114,1.7460150155982261,0.501887227837067,1.7460150155982261,0.501887227837067,0.17405892651845437,0.0994166685502581,1552720.548700919,141092.38109003723,1591275.3602314496,174255.01563644383,38554.81153053073,58746.58109053747,1669789.1206233227,201914.56183866292,4.6,4.03732584763727,18.052325598404433,5.984839959575113,116.0,0.0,29.0,0.0
XGBoost__provided_plus_rdkit_descriptors,145,3,1546699.8083146475,222150.48129656122,1113698.6510775862,206180.7292524016,778135.85,269877.3299740406,0.5383407253642498,0.16815744617372164,0.5629412535222589,0.13931896731641177,0.7346461969339463,0.3479806810977036,4220654.4,1178386.3819827226,-27511.66875,369523.5725598127,1539262.786056886,210226.7382284714,0.43671928383014047,0.057795858989038884,0.6070558038431552,0.12034664690216665,0.7567841272358085,0.08899491686609103,0.8190706171230147,0.06250612774224888,929011.4598625014,247721.0528457184,642890.7937769396,226567.00052105036,0.8364699760928778,0.08337677911081413,617688.3484521462,254560.8217929022,1.733373019447289,0.4106350299598654,1.733373019447289,0.4106350299598654,0.29812925072862806,0.13062455309171458,1568060.2824536315,72107.55477657,1644960.5847976066,103183.82774256398,76900.30234397514,98507.83280579024,1682306.2274632,91226.84305920512,6.4,4.878524367060187,20.598894109304517,8.262910129652035,116.0,0.0,29.0,0.0
XGBoost__provided_plus_rdkit_descriptors,145,4,1562015.6113365856,292498.5511326346,1188764.4290948275,257176.64535157764,954083.6,287199.8241815161,0.5533901843856752,0.19507308545624868,0.572832257487162,0.18405775931083201,0.7064449439553696,0.3419424094445976,3823123.775,974492.335026152,-10360.42995689656,357037.15690517676,1554820.390690529,305614.8660055919,0.44829506942618735,0.09684196910368059,0.6295338002705547,0.1459095659649271,0.7715708184476606,0.11342126961049732,0.7830971441006078,0.12482300093865623,936654.8112172007,275055.56727662607,684167.6939924569,204914.98538417032,0.8495507182739404,0.09058521301974043,625360.8001193849,509281.31271174666,1.8093844815232754,0.6849724130247651,1.8093844815232754,0.6849724130247651,0.2961605338882651,0.25990356848984697,1714957.251963372,131198.28169676557,1771557.0848783604,119508.77874406331,56599.832914988416,59577.162244089566,1795382.6013124906,133717.7811974239,5.0,3.24037034920393,18.728091237285817,4.575987100140323,116.0,0.0,29.0,0.0
XGBoost__provided_plus_rdkit_descriptors,145,5,1718810.6905600107,358028.1110432625,1254651.8551724139,177080.56441476705,842536.7375,134803.4730063692,0.47872352644472826,0.2079452549654366,0.4988496652298574,0.19450357850892466,0.6362543143886057,0.24793011723919195,4904288.8,1492948.1162651216,-203173.9948275862,283591.93403969903,1717837.366707936,363446.1140375054,0.4672211382666226,0.07699943426691878,0.606753248268612,0.09417806274099358,0.7101508243369485,0.12453238016262429,0.776724633968479,0.07597702813743869,871641.7577398848,156387.32848868717,642420.2655711207,137150.75434487604,0.8655441012238441,0.05619889974323064,847168.9328201261,273906.42425462726,1.9781693748449753,0.31574834511383515,1.9781693748449753,0.31574834511383515,0.38682057477911574,0.20458308518992524,1570806.7704122397,110477.83741095752,1650323.6905072236,113024.64604289299,79516.92009498389,58177.96894457356,1705835.4123286908,97955.85023114904,8.0,2.6457513110645907,16.275940213801533,2.8020228641673355,116.0,0.0,29.0,0.0
XGBoost__provided_plus_rdkit_descriptors,145,6,1692960.9195807916,191625.07078351596,1175924.8235991378,185962.67790178908,727579.925,260364.02157795703,0.5170367773709144,0.0660405812065055,0.5353097093904458,0.06983061139623772,0.7158816947746586,0.18833779714439147,4996195.825,351470.5067865715,-95580.92855603447,387328.6324028604,1686514.1402999307,161269.0750438251,0.45353679223151744,0.049052041136643486,0.6599918962986768,0.06861936126410918,0.7576090414845612,0.039111115747430106,0.7543180271987049,0.061955753717039555,677000.1024666149,326479.5300977802,476674.8655037715,244745.02811350487,0.912212031939305,0.06839384059797471,1015960.8171141768,334586.7578823745,3.353885334396648,2.394484363886363,3.353885334396648,2.394484363886363,0.39517525456839053,0.1273254647873677,1522715.4199725692,107033.28553718132,1555419.1257842213,131222.95406762182,32703.705811652075,24822.666512885102,1633245.1413777445,158673.54732951717,5.6,4.39317652729776,21.22911760622939,6.341005840551526,116.0,0.0,29.0,0.0
XGBoost__provided_plus_rdkit_descriptors,145,7,1455540.6474018446,164748.65035920177,1038689.6326508621,94055.64026002496,703718.85,114289.51687307654,0.6491971218987764,0.046373620765802724,0.6536888947181243,0.04869994480187285,0.7104016446236007,0.32522965328831993,4259349.45,767136.4954248773,-49713.246875,156835.94672084547,1472458.6772504395,179154.1560236101,0.5068436162409968,0.17590212646659908,0.947869075219659,0.7790950526536732,0.8136259643101201,0.034638180744856806,0.8404023325345269,0.02351905179085734,800053.986575483,354001.17871484585,572351.2378502155,252864.06211446098,0.8795163874767462,0.09816686422887938,655486.6608263619,422507.0379377796,2.1768516343703626,1.101465705543482,2.1768516343703626,1.101465705543482,0.23031926557796986,0.11780717615429502,1708825.0460568734,178533.25607065123,1792827.3792176289,208946.85347241312,84002.33316075531,89917.78648969093,1883331.2956413396,210198.780415879,7.8,5.761944116355173,19.842374529075848,7.898013225485242,116.0,0.0,29.0,0.0
XGBoost__provided_plus_rdkit_descriptors,145,8,1369836.7988877604,309759.4804120939,958782.3681034483,231391.38530514308,594202.725,210649.60960173295,0.6205343411343968,0.1397841224536578,0.6370508340596817,0.1423393891849462,0.6562789554077478,0.2819087989991465,3841932.125,664760.2374285855,-77216.95818965517,334128.72322914825,1359340.958590598,309201.82143378316,0.40257562857569174,0.09877786828960602,0.5822572779682215,0.17012607096612456,0.8010364134708823,0.08715012339437089,0.8514110674356118,0.06369184746085226,742370.6230924684,314828.5422283791,522128.4485570447,228785.84887053756,0.8768799069320604,0.09855430889275722,627466.1757952919,484521.7416955137,2.153882751879482,1.0697063388183579,2.153882751879482,1.0697063388183579,0.25634556579766354,0.19498235970036415,1572974.825842476,213546.0887248852,1657277.929327934,219725.65869386785,84303.10348545792,44311.75630885085,1726102.3837793607,246153.79403418614,6.2,4.08656334834051,20.60528396949887,4.859793973521697,116.0,0.0,29.0,0.0
XGBoost__provided_plus_rdkit_descriptors,145,9,1526144.3935026366,462681.6682867372,1091174.452262931,343654.9305639248,718247.775,226399.1207935598,0.5490806679065449,0.18930533809626124,0.5670414925622087,0.1811358917801005,0.6164409197632008,0.2927902714895422,4471036.75,1039704.0918995293,-55471.97187499999,304672.76393973443,1527263.655542846,470427.27552236745,0.4058328922248515,0.09724107079382241,0.5584903682688599,0.16505764850664256,0.7607904889449733,0.1160391481144739,0.7574330861130247,0.12493266094581906,856489.5018122311,121280.00833233622,627543.111799569,99443.17492148139,0.8792006287031272,0.03276959047988813,669654.8916904053,525496.108298764,1.8440395243749155,0.7749154504139526,1.8440395243749155,0.7749154504139526,0.33011996079658246,0.19927765440724843,1559595.8036024305,126565.29099361679,1687234.178317475,152040.82229370426,127638.37471504467,47248.922165982636,1730415.7048820923,173166.69283312547,8.8,2.8635642126552705,17.133626626575598,3.1495031900217167,116.0,0.0,29.0,0.0
XGBoost__provided_plus_rdkit_descriptors,145,10,1338226.2898879144,347031.7107614448,955301.0642241379,208842.67597910037,620034.875,109659.52239168232,0.6785760837234113,0.1287593826631509,0.68668788296336,0.12483686598042652,0.5667960035177859,0.21508017930969853,3903337.15,1288485.473380104,-22163.300431034488,248368.58604743826,1344946.8432230619,342949.3322658403,0.35902681792827684,0.06256684128654223,0.51675235573188,0.13435675812932193,0.830390898487359,0.07669915923520344,0.8610546722838434,0.07104433154573582,803732.0130185292,237864.37462851344,571269.2317214439,194309.0007858773,0.8796009543823302,0.05919386657788656,534494.2768693853,504865.82075445855,1.9454208002866515,1.3177097536701483,1.9454208002866515,1.3177097536701483,0.20102487065891889,0.16721409526814657,1701547.4849477415,77362.46190288679,1737202.4470054798,109417.48927513177,35654.962057738376,50441.22028663584,1812184.735408622,116947.49556468795,5.2,5.310367218940701,21.106708428540667,7.2478950534364435,116.0,0.0,29.0,0.0
XGBoost__provided_plus_rdkit_descriptors,150,1,1457393.5583873403,253129.2521753755,1050839.7189583334,144799.8314769996,687680.275,98667.34702627965,0.605885094529887,0.23002915418015032,0.6085847343353441,0.22730714917507358,0.661443062124904,0.5011197795042708,4110638.7,1175178.0154612001,21927.82479166667,126934.55066518376,1477983.1764748553,254946.72560715926,0.41542471020169913,0.07469518185257885,0.5960261443352057,0.17215130626036687,0.7886091626460761,0.13326717780780922,0.8140348411256758,0.11759670642816719,754651.0345143151,195690.39086175812,530837.1365039062,135980.8571321638,0.9031579831653531,0.03985140366026258,702742.5238730253,115781.57181742947,2.0015916030183947,0.38822100193075637,2.0015916030183947,0.38822100193075637,0.2972728886354662,0.20465521061005998,1571919.2602543873,162625.196240293,1654819.2961405634,212211.33559744005,82900.03588617631,63886.45768519367,1707177.7098305435,196552.6912684971,6.4,3.9115214431215892,20.438104436574285,6.357222639662059,120.0,0.0,30.0,0.0
XGBoost__provided_plus_rdkit_descriptors,150,2,1451527.0224728375,440633.62036971067,1019596.0,322159.7699838225,620780.89375,244846.3518240943,0.6294044473562822,0.1767069418342429,0.6489727546265721,0.17105888985355402,0.737096590425655,0.2778030509606963,4013633.45,1086138.4742667829,5917.987083333325,328692.5811303267,1443089.4084658748,458681.8744025937,0.4715642909897836,0.20722442079567122,0.9142978034648003,0.8022164893895085,0.8200435391406821,0.11749721091575693,0.8392525640690363,0.11139702260003016,735657.7083857636,423160.99897717906,517188.84632812504,311629.25127296906,0.8893696427816005,0.09868466762845471,715869.3140870739,159277.9925298263,2.963540063372328,2.5203229583189795,2.963540063372328,2.5203229583189795,0.25996519542531826,0.15065440871989108,1731538.3808039136,159143.400494688,1806096.8376318295,180078.42594835244,74558.4568279155,82518.01926524442,1853524.497107365,215341.75996784517,5.6,5.029910535983717,22.380600665406735,9.489305089986217,120.0,0.0,30.0,0.0
XGBoost__provided_plus_rdkit_descriptors,150,3,1635051.2150529928,535885.703054864,1098688.1388541667,392598.77475811826,692931.7875,278104.49084964,0.5430462384509609,0.23114084619432007,0.55592212158175,0.23767364274508113,0.6890869980901367,0.36587621221398986,5157501.35,1670896.9896442,-121650.60531249999,281188.9673281629,1635528.0907269013,556263.1743674697,0.41812153108772554,0.1167744859569877,0.588207270917054,0.20336921741198186,0.7445600070166905,0.17153619412902013,0.7651734872587577,0.16422478094901527,732799.0230962825,185970.37454946165,500304.6856510417,124902.81707202991,0.907377023499117,0.04107195717268172,902252.1919567104,564404.5139958081,2.3801069177590266,0.9963946662040969,2.3801069177590266,0.9963946662040969,0.36433078504815597,0.22696069805252808,1589432.439944969,192010.6013404296,1635960.3221352927,172875.34345621476,46527.88219032357,41564.54680236614,1692891.415262193,159976.46239446,5.2,2.16794833886788,21.132827150262823,3.326864104369177,120.0,0.0,30.0,0.0
XGBoost__provided_plus_rdkit_descriptors,150,4,1235104.6106780875,510070.5740492041,867862.4171354168,276026.0619478507,554634.321875,81672.53121644972,0.7297180347948349,0.2447963430355429,0.7470109083402326,0.24921216381457595,0.5592232046697895,0.1425477726546976,3348556.0,1909837.247591246,-961.3527604166768,385133.44902318093,1202980.509270206,528540.3776881234,0.4763435304151118,0.1949008509214074,0.9206124176716296,0.7847022934968121,0.8542501292525662,0.16771817300329458,0.8430845994644629,0.14888841734002775,584054.5313411992,141090.2921635528,432212.50060546875,109032.7073624065,0.9468536740676473,0.026244612189434944,651050.0793368884,386192.95590376534,2.0693860685736873,0.46436829266371016,2.0693860685736873,0.46436829266371016,0.2171356392728126,0.22143728293180986,1494458.3227458717,98303.56866938838,1574241.402668016,84959.79497284318,79783.0799221443,51070.31890093084,1613718.6024264342,105083.2310773619,5.2,3.5637059362410923,20.800876918745402,3.781508101595561,120.0,0.0,30.0,0.0
XGBoost__provided_plus_rdkit_descriptors,150,5,1607382.0160876755,536669.3537216021,1117727.8678124999,390773.15128780424,773337.4,298125.3123787102,0.5218118091080427,0.2126927747448749,0.5564955593792855,0.17755187067332964,0.7358525968032122,0.43547766128322074,5185386.6,1715956.6643374239,-91066.4459375,565612.039623051,1572054.6769522603,456113.7614293302,0.42589271721630145,0.05457653066449399,0.6325845091839116,0.13623758134223835,0.7554490152998647,0.10567463956550617,0.776574938957055,0.09978213557953414,627986.3013971236,370054.0148682809,445917.36285156256,258610.91449717744,0.913266039364963,0.0640557476642416,979395.7146905519,339261.04010069184,7.813044494503136,12.32634631778511,7.813044494503136,12.32634631778511,0.3914542302569203,0.1584355593438732,1737847.525088412,52755.251766012574,1793441.5789266888,75481.53072637014,55594.053838277,49207.75047485052,1877665.0129951765,110055.83141505493,6.4,4.33589667773576,22.54888520789879,11.711565786747338,120.0,0.0,30.0,0.0
XGBoost__provided_plus_rdkit_descriptors,150,6,1341544.2508640904,200122.24966539975,968320.840625,116561.82488248189,574119.3375,40084.846493816236,0.6666346326003041,0.05604606315945034,0.6803047478875565,0.05530348759709778,0.6742169611128174,0.27546837680149866,3834886.15,875109.2754533503,45249.18562499999,279568.2533179416,1338210.445463298,216034.81020261202,0.4143553786695815,0.10206544304816119,0.597743320099461,0.16153751220360246,0.8258209372095775,0.03135496693771916,0.7700453298773431,0.049758896298613464,663671.4674252418,221874.9147234998,470083.1661230469,173105.0986513878,0.915823856771306,0.04507350407013623,677872.7834388484,383257.10580561805,2.3745815264850414,1.348518843412889,2.3745815264850414,1.348518843412889,0.24918922417100192,0.08741326378902219,1498859.893083514,192745.40448217385,1557420.1364245205,262238.0071186672,58560.24334100671,73102.71994438891,1603504.5283951345,247544.6629410133,5.2,4.324349662087931,19.921967941815744,6.774973233337547,120.0,0.0,30.0,0.0
XGBoost__provided_plus_rdkit_descriptors,150,7,1450100.2138532156,152456.28695610163,1010509.9495833333,48206.26545173406,649908.13125,127718.07286206905,0.484689281351988,0.3213551539153393,0.49367701757026783,0.32444251171426985,0.5546213837554914,0.3192925455404532,4409536.0875,1258766.1937181032,-5598.026249999997,244871.4906867695,1457970.412005084,154928.48224124438,0.39710295048191746,0.1260693390835837,0.5821915718602215,0.23345668388456237,0.7270155307567367,0.19120053550037935,0.7306487592876352,0.16386749434664527,806567.4562267956,206879.7165025805,586134.9315625,159577.55155263146,0.8748232429257831,0.0645173374742011,643532.7576264201,239355.70552576424,1.876687799374134,0.4557142761838962,1.876687799374134,0.4557142761838962,0.39013396157379504,0.3242175898523999,1627163.124580796,183403.2742120338,1685245.7028375014,225653.75623285928,58082.57825670512,45997.140534800565,1736045.7637315635,208716.034527648,7.4,3.361547262794322,17.51207317873574,2.194785394187318,120.0,0.0,30.0,0.0
XGBoost__provided_plus_rdkit_descriptors,150,8,1582080.3722250215,363804.87233829923,1164914.9410937498,274627.0136477872,865274.3,277207.7841346603,0.6244478865373093,0.11030139553758884,0.6280360338667303,0.11225703293670179,0.6459536851792441,0.197552985601085,4079146.95,733781.6600717392,-2510.9235937499966,164435.95372333375,1601076.7961133483,375818.3560802126,0.4606135490234037,0.06735726656396232,0.6541401611288682,0.11422577660497434,0.7989667351835201,0.07742784661282424,0.7958251012074614,0.0606997160984471,677523.2164597596,292598.82739168394,486302.19515625,220901.7349768671,0.9234979883273556,0.045206706215098445,904557.1557652621,534467.5300024512,3.4373473623246484,3.277650458850477,3.4373473623246484,3.277650458850477,0.2990501017900463,0.13141748525816455,1624529.9072653234,284172.93274304725,1702872.4703448885,288040.9926559545,78342.56307956498,31760.614449355668,1751795.3496168542,264307.2635429182,6.4,2.9664793948382653,20.65015969862832,6.55798991076838,120.0,0.0,30.0,0.0
XGBoost__provided_plus_rdkit_descriptors,150,9,1303212.8736612755,320903.7243776971,923961.7451822916,234895.53496470468,573479.06875,192639.76091815194,0.6490334004327207,0.20556733613371586,0.6617062374053941,0.20069734003840206,0.5947868185213306,0.16315794137928893,3411186.55,1020908.732316343,-40330.81414062501,282515.5646007269,1299834.707033194,325663.68761839066,0.5386785509442392,0.3135743744361685,1.1093256890949035,1.1958519096566782,0.8186814894893499,0.11291715138409163,0.8319408360275661,0.07922447516743501,588815.6008700605,256591.29912684104,392993.01459635416,168177.90921694168,0.9298473370827243,0.050031760115157566,714397.272791215,349217.27673873486,2.6324030487098122,1.2919272294092514,2.6324030487098122,1.2919272294092514,0.28081393665000337,0.19889757136763137,1461633.6645166962,136593.159223534,1520457.788524385,127227.91227943511,58824.12400768888,48045.084385271,1588401.2145063165,132048.60764780175,3.0,1.7320508075688772,26.860536510340232,6.370875670357304,120.0,0.0,30.0,0.0
XGBoost__provided_plus_rdkit_descriptors,150,10,1476212.674235365,299053.59867339465,1033641.025,133026.00653074018,675155.5625,139913.95715971416,0.6064316679053865,0.12298690352602117,0.6166970993250878,0.11851047067712846,0.686900059902418,0.32636748721953057,3884286.65,1226539.0409564732,-189574.96041666664,177958.3548210231,1481097.3015654744,298593.0821590126,0.5973500997629096,0.24184836076546143,1.4050184867487798,1.0974017439635149,0.7954510320185615,0.07902873261721456,0.8288622495698542,0.09751207675670029,693003.7994943315,336051.2221202529,496696.88552083337,244636.13832095926,0.899021237490615,0.09346977347299551,783208.8747410332,435031.28524957644,2.563061322814221,1.4470951261936715,2.563061322814221,1.4470951261936715,0.29258956958522847,0.163128460811067,1569109.3691147207,113474.62187965645,1621978.740551326,137321.0875523751,52869.37143660537,72318.7797251073,1671260.020711654,131925.69003782538,4.6,2.7928480087537886,21.811457206044096,7.371937506983393,120.0,0.0,30.0,0.0
XGBoost__provided_plus_rdkit_descriptors,155,1,1216042.8330654528,169224.98211263865,847206.5901209678,141458.4567236706,483441.8875,142623.9739133938,0.7559653887576454,0.059613725187364734,0.7619542901467001,0.06023337279019998,0.5908869681110047,0.25408257844257215,3242474.15,414497.08287753665,45498.54233870968,201197.721244111,1220814.6970724482,179352.879103114,0.3634416551411387,0.05578122586870334,0.5550065972676845,0.118171375238807,0.8801583477928512,0.03470788498093099,0.8529130993489474,0.08361334288831636,631583.603809146,343129.8136524873,437093.4183089718,258619.6927834242,0.9211405296244818,0.0706818113658696,584459.2292563069,263847.4741152695,2.4468422572257724,1.2601656904277312,2.4468422572257724,1.2601656904277312,0.1651751408668364,0.030067280777824414,1454757.9672047854,68943.95691621433,1501086.1054351982,46129.457787585176,46328.13823041287,59151.261789579774,1580187.850530833,82955.21947083173,6.2,3.420526275297414,20.828697100448828,6.489980120629249,124.0,0.0,31.0,0.0
XGBoost__provided_plus_rdkit_descriptors,155,2,1461166.5686387653,443752.24158912344,1029161.2779737903,281581.8454171927,670453.99375,216353.77896296806,0.6425049254951889,0.17875495011092166,0.6442935611596525,0.17683535350999632,0.615264426801819,0.18213596438487306,3981676.0,1162476.2396374496,-58945.83039314517,101265.98350116384,1481939.7994147048,448253.9752257287,0.7200878330709075,0.15862597635057227,2.009797873699566,0.7291207707906451,0.8067334686799134,0.10947757917074849,0.8505003394300571,0.06172761693438858,577896.7265624101,332146.83622067294,405708.2553049395,226459.27031915693,0.936881780956799,0.06032338679732481,883269.8420763552,529667.4715881577,3.453841447374637,2.465387932115503,3.453841447374637,2.465387932115503,0.29437685546161,0.16338355631735024,1683046.6815333623,128921.98741221949,1732074.2146444402,107659.44619296734,49027.53311107778,46725.30456142313,1797816.503051748,115938.63303467205,5.4,3.286335345030997,23.103977803022698,7.39305460755308,124.0,0.0,31.0,0.0
XGBoost__provided_plus_rdkit_descriptors,155,3,1383097.6612417896,171470.262238656,963821.9344758065,98470.2649166353,539309.975,102560.50182355777,0.6510371734217625,0.05224323749723859,0.6853298029084964,0.049124859574638795,0.610725831267783,0.32940561677597346,3907464.15,798607.4525107283,25381.863104838692,511749.16469797015,1331213.9582309928,121142.47526974599,0.3608395524432761,0.06001882060889709,0.5198296026508038,0.15615562157494348,0.8357504147289786,0.03783247233846861,0.8593883649150674,0.08162027321540707,862517.3554044643,35998.590361559305,585011.3722278227,28897.791873564227,0.8677496027906987,0.017724880465629932,520580.3058373253,140916.1767004171,1.6001335541448358,0.13885286993463775,1.6001335541448358,0.13885286993463775,0.21671242936893612,0.05017214293402884,1520812.7631198082,88347.99455298387,1569374.1615960354,108086.59793691817,48561.39847622723,32496.105727039176,1661499.8668266207,173412.7665859398,7.6,3.2093613071762426,18.87569518607457,4.430819124295558,124.0,0.0,31.0,0.0
XGBoost__provided_plus_rdkit_descriptors,155,4,1592737.9243050222,252031.4722047694,1133380.3469758064,174995.1371155043,762207.65,243080.64532794463,0.5612906344902797,0.06519164470801715,0.5770981972591268,0.06415766545357839,0.8262456557235304,0.7365296929525958,4427405.7,1605791.4975996397,73860.05423387096,357585.66032864514,1587124.2912367154,233398.3934145468,0.4413888690299707,0.16711821533294963,0.613118966132803,0.2689890374632789,0.7821790378772946,0.03184493378397939,0.8108676208472095,0.062450389306390394,1026634.620183358,190293.94112443874,710429.711844758,161216.7467311507,0.8206043407720651,0.06151287794562312,566103.304121664,402022.7088173216,1.6211720428198109,0.5154357983993852,1.6211720428198109,0.5154357983993852,0.2593137062817853,0.11601680517426845,1652632.3710509695,150763.3229105735,1748066.719931554,192810.106000326,95434.34888058467,51922.89095852955,1775461.893396325,182752.8830305335,5.8,2.3874672772626644,17.380343071471085,3.7057881296915336,124.0,0.0,31.0,0.0
XGBoost__provided_plus_rdkit_descriptors,155,5,1154715.063922851,197423.39363806587,832981.9442130796,143323.3704774812,558179.290625,172601.9323334028,0.7928811512434699,0.06419613528246326,0.7971183945290414,0.06204232916098835,0.5418967690693504,0.2820650124983433,3159907.05,650204.503200493,26042.151351436496,168481.6885290956,1163222.38459775,202421.7648950109,0.49369220709493017,0.21485103859526108,1.1919546613587226,0.9275342081829699,0.8943094165439215,0.032582982223455195,0.887795916320902,0.05480289835771693,477807.9234810874,240951.6516910005,347460.36963835685,168063.36712882234,0.9597486714955844,0.0358000209192015,676907.1404417639,177771.3463619325,2.978102341106497,1.674044390640784,2.978102341106497,1.674044390640784,0.16686752025211443,0.04591408797335429,1562779.8219131285,265879.61147701734,1635822.4884081162,274394.068887884,73042.66649498744,32385.620330495538,1722757.942701938,299413.6859607668,5.6,3.9115214431215892,22.471465349373826,7.316973794241976,124.0,0.0,31.0,0.0
XGBoost__provided_plus_rdkit_descriptors,155,6,1514078.3748760272,514564.6713754019,1112238.7472026208,466394.103626393,731867.05,362559.15170305315,0.6222335659667227,0.24874178311562792,0.6336368280498379,0.24762319590916074,0.7808780237151923,0.3694102081956995,4027521.15,867675.8891672484,-24120.95204133065,294266.21958134614,1513981.5450032442,528447.4541143832,0.4842352594242324,0.14912199563263887,0.6945152825030739,0.20188859292354158,0.7930978168469822,0.15660284502545418,0.7742885803164051,0.1950980549207897,656121.791453489,381653.87697512767,452450.227639869,269503.25605433877,0.915729300288396,0.0709501217835594,857956.5834225382,387987.98408739606,3.174698158200685,2.125023026368979,3.174698158200685,2.125023026368979,0.2934957343216734,0.23554206006719247,1721925.888804388,96393.2105807153,1788258.6417524777,69499.59022358384,66332.75294808965,78502.0508014041,1824196.3075308565,79690.37718563882,5.6,4.33589667773576,24.02625382240928,8.128486761643686,124.0,0.0,31.0,0.0
XGBoost__provided_plus_rdkit_descriptors,155,7,1393991.9610734321,307126.08917080093,956999.3403225805,194297.26809158866,600658.55,173933.04827696993,0.6955428884428417,0.07751285148528728,0.7005004634241733,0.07786672764765565,0.6663026645176554,0.40565868389780646,4292482.55,1014670.9562688353,29611.464112903224,192800.33966496302,1405504.8316410133,314016.6500881827,0.38580846957398035,0.11480892697270531,0.5866927104513795,0.1695798239607695,0.8367243737347725,0.04626075097982891,0.8494933795115204,0.05589984329515937,590925.0934029286,217707.67111942128,411101.2372857863,137183.25076520967,0.9390547347628324,0.04064202566080525,803066.8676705034,142465.43632063232,2.5134169464204357,0.5890477902039163,2.5134169464204357,0.5890477902039163,0.24351184631999062,0.03825416276282134,1536705.0468000746,154047.70116892183,1596676.492577597,117759.54210420193,59971.44577752217,73912.44671229478,1652235.628080322,145015.59033949746,5.8,3.03315017762062,21.93200175623094,5.019487948737313,124.0,0.0,31.0,0.0
XGBoost__provided_plus_rdkit_descriptors,155,8,1573643.9770640775,236194.94668533205,1093972.521219758,178783.9132406451,689988.0625,106201.07078718064,0.5179199189975774,0.1242432203288547,0.5398256941097228,0.11863789551765348,1.1523676254350055,1.123092795551327,4571137.35,555033.202014545,47899.68402217743,347061.57994904794,1565995.2831190103,251826.19175327435,0.6125756066495384,0.3645618387450647,1.2246029669452745,1.1568183904828664,0.7581022285068492,0.05703187578617347,0.7619756122295798,0.1001262336600633,670094.7581059455,300766.5516395773,470447.07408329134,215694.42794085556,0.9007726333137993,0.0556148082749986,903549.218958132,283644.16175990325,3.571656705622087,3.437224652081001,3.571656705622087,3.437224652081001,0.3828527143162218,0.1442108074807301,1549591.4799162333,84057.81384812167,1588966.5952260592,65539.83371109229,39375.11530982577,50655.267561977336,1652173.5538660823,92335.01694031923,5.8,3.8340579025361627,23.30408193138249,3.1937776125928745,124.0,0.0,31.0,0.0
XGBoost__provided_plus_rdkit_descriptors,155,9,1296053.2013115305,156604.035845218,940052.4615927419,102327.13898644946,709231.325,157584.44410561278,0.6948297489744265,0.08769198430319654,0.7025494031391504,0.0858265166673439,0.7204177255340085,0.36962991920899874,3837355.15,751688.1042319763,8948.374495967748,237329.50470939043,1300416.3552784126,151211.23216052644,0.42697916654898177,0.10677570228497213,0.6050896082058876,0.18758053764791738,0.8440230599232719,0.05336291977574821,0.8629912115772245,0.031088079137518057,843617.9604175107,204184.7584946774,588185.9024445565,176493.3730616025,0.8712010137011917,0.07039000090752788,452435.2408940199,151913.8470552262,1.5781618106543014,0.27170240730675643,1.5781618106543014,0.27170240730675643,0.1763712647267653,0.1016178274042716,1566024.782510776,151203.55518550702,1643483.9209320196,165015.80063862365,77459.13842124357,44422.58394468552,1666428.7175273136,159145.79372774207,6.4,2.9664793948382653,18.226953006132685,0.9709332952915277,124.0,0.0,31.0,0.0
XGBoost__provided_plus_rdkit_descriptors,155,10,1490872.296432878,330187.01937890996,1093719.8074596773,168199.19569176997,780408.0,210876.46672526372,0.6148621534452637,0.10494653306811393,0.6307307689775723,0.08546748818157905,0.6935562884794463,0.3294412630713256,3920713.25,1124671.018684464,-156539.02237903228,322395.45831206033,1484667.4404749174,298820.2229372268,0.40403416755016436,0.07705935390380861,0.576707574084788,0.17125473747946884,0.7984891778672886,0.052529654997500515,0.8127075159100743,0.06295904442378233,831611.9703972995,400801.76485615975,616281.2606854839,319511.6978079879,0.8671446414127795,0.10249263641139537,659260.3260355783,727534.0827453436,2.6362826838332993,2.4767665243713775,2.6362826838332993,2.4767665243713775,0.2522824879675157,0.18777516136106173,1625458.6264863198,166488.4095107646,1663774.492962646,221768.70353935752,38315.866476326344,76158.49996644557,1734335.477839704,196395.0915877165,6.4,4.03732584763727,20.343262863768064,10.559119222447167,124.0,0.0,31.0,0.0
XGBoost__provided_plus_rdkit_descriptors,160,1,1384952.5007495708,474794.72757562983,944280.684375,276208.1558618357,542209.025,121658.48292625217,0.6265627269280966,0.2607344799100763,0.640132902661869,0.24267941284117756,0.5897637653703363,0.1990817167487257,4240756.125,1947863.5049229418,-156430.1716796875,244779.4436350473,1386171.7716867724,460864.9674040894,0.38927310190274556,0.06321508499720566,0.580378851795312,0.11701310357234634,0.7984766430275313,0.16395781564706535,0.8032743337263794,0.1352470545652147,639725.2593625973,421732.22553351056,445144.5679199219,300953.0561556607,0.9058354869313024,0.08911470653106457,745227.2413869735,459334.83973885083,3.523671956827625,2.8561137851200447,3.523671956827625,2.8561137851200447,0.27927276000320583,0.2033697723154527,1447398.6101673308,216241.6643184793,1493874.091544667,255322.6889885881,46475.48137733624,65422.02713905481,1568747.2939041876,241908.1014117474,4.0,3.391164991562634,21.893907627484815,6.470293877633432,128.0,0.0,32.0,0.0
XGBoost__provided_plus_rdkit_descriptors,160,2,1555367.2685497657,217895.81151541814,1146631.3431152343,172830.56493572297,915773.6734375,191835.96914307546,0.5818096298027093,0.16772609662721646,0.5933889315190404,0.16717845405254123,0.702414832683614,0.23461756711027074,4423109.25,854325.3478814072,-10418.053662109374,305441.85687503224,1556319.978372002,215423.4708691716,0.4915406231728186,0.07884434103179698,0.6850498830770226,0.10120008827356981,0.7846769632726781,0.08384398475316578,0.8035265701795288,0.11456989130535507,731598.9291053105,148676.57153171985,513251.362109375,98975.49042827316,0.9114629809288441,0.03266945101756852,823768.339444455,331029.87950548314,2.2591141274706112,0.8796337133416074,2.2591141274706112,0.8796337133416074,0.32965335112613486,0.1794626323220239,1576254.0897045147,111305.22524715512,1641197.526805246,126596.49974569333,64943.437100731346,41561.49200076176,1695641.2091294895,111769.34188874613,3.0,1.414213562373095,24.020900588216048,4.297258446909554,128.0,0.0,32.0,0.0
XGBoost__provided_plus_rdkit_descriptors,160,3,1469371.385938872,388372.8604796061,1039362.6229614258,284511.2064210307,661729.66875,188663.5801551088,0.6368418999544653,0.16612068143568587,0.6440754491485483,0.16842950484630367,0.6882097005729658,0.41011978197537424,3907116.05,893338.315741393,-83105.06221923829,246875.0173285882,1474138.8154144802,391652.3293168783,0.43001061281082853,0.11060014436724877,0.6283897501095261,0.1950278895616301,0.809844826168343,0.11461212505087678,0.8559849449441066,0.08864335496826534,644572.8794409253,403197.3672316141,436710.35636901855,273499.2394635293,0.9129124514349025,0.07021773375389265,824798.5064979466,154650.72151953957,11.205018019731451,20.304279856809245,11.205018019731451,20.304279856809245,0.27607055148043724,0.1321017601115742,1644175.1078432226,106329.7034574716,1700894.274700927,102932.94537945508,56719.166857704426,40031.05491136073,1733918.8676211885,104981.342151957,3.0,1.5811388300841898,24.65749156172881,9.784934326492795,128.0,0.0,32.0,0.0
XGBoost__provided_plus_rdkit_descriptors,160,4,1478096.3705028482,265061.9319745269,1065308.9731445312,165377.03511057183,679193.925,114200.10303580927,0.5701661591815456,0.15791282635541717,0.5766586988488467,0.14704389658186556,0.6201815905094925,0.1990159921408054,4007797.9,409539.32075353735,-103070.07939453125,166445.21920679527,1492169.6540852808,257026.51357005583,0.4369363018132361,0.10386649053201544,0.5823946945571835,0.14908001474807475,0.7605318372538851,0.09994042746143887,0.8441902457657445,0.06394876773860456,899913.4331151402,137025.55301324438,627777.7712402344,108340.84704323522,0.8437133670281526,0.048449041997585235,578182.937387708,179293.25635866975,1.6459442802383861,0.1898653314745409,1.6459442802383861,0.1898653314745409,0.2735472078466069,0.11860224149384384,1428976.2655699607,95177.22651908934,1469982.264339073,88134.06707520103,41005.99876911244,19126.726452176656,1550195.8858273858,96653.79885339427,8.6,3.0495901363953815,14.874857770785365,2.9025296209292106,128.0,0.0,32.0,0.0
XGBoost__provided_plus_rdkit_descriptors,160,5,1310181.7086683789,125318.02314444493,926421.3904296875,154143.99062515938,663583.29375,217892.96216216247,0.6961230184188312,0.1347493920543856,0.7035985344674026,0.1341805310155525,0.5593547269892267,0.32888786808708814,3902376.1,371624.05109909124,123865.5634765625,185053.96620181313,1314682.8119833507,124550.60123403337,0.3519203553325809,0.05819277368954562,0.517316666057193,0.1466783559782515,0.8451781244763025,0.07731497089038519,0.8523035427434561,0.08540331587206627,694610.6306670099,138690.9618524161,470022.91955566406,101000.68752798982,0.920719050546228,0.030638306676253373,615571.078001369,248412.1628540984,1.9753152212799008,0.5813323825288605,1.9753152212799008,0.5813323825288605,0.22459603212739693,0.1576061678477395,1576924.7062959098,150893.0357662273,1636177.5271436356,184229.88392016804,59252.82084772577,42416.69914374591,1665680.7814405144,191213.19713501976,5.8,3.5637059362410923,20.792482354799347,2.761376303744652,128.0,0.0,32.0,0.0
XGBoost__provided_plus_rdkit_descriptors,160,6,1306955.1736756682,383434.569494989,962738.0033203125,250880.09623724045,700383.7625,77850.28357414634,0.7372921278132353,0.11663639899010395,0.7454192571482049,0.10751679316498272,0.5094137225435633,0.1829618049200076,3593731.35,1087090.514633378,-65407.7384765625,259610.8567194148,1308847.9700188134,373309.362097258,0.35258134371466754,0.0376233089116552,0.5215576062785564,0.09697180473654156,0.8678416189939689,0.0655074959993525,0.8703132546400463,0.04873166551124978,777567.046203689,177487.1210958878,547633.8616699219,121678.00621983153,0.9059964789591604,0.04286260431417671,529388.1274719792,335705.38929720415,1.7310563265381727,0.542113811209226,1.7310563265381727,0.542113811209226,0.16870435114592508,0.08954314733681482,1473451.5009301805,158747.97711179935,1559740.1458172305,124958.66350790752,86288.64488704987,65375.77852845058,1592541.0074269515,147586.15527532704,4.6,2.4083189157584592,18.1157322492128,3.5391409507899763,128.0,0.0,32.0,0.0
XGBoost__provided_plus_rdkit_descriptors,160,7,1588253.921940193,296907.0670985185,1127417.0743164062,169232.5879192516,704283.575,248428.83095272558,0.5951074824474377,0.08557168144466731,0.6085019773474935,0.08898934794997802,0.903447543215459,0.35692583036397374,4227439.75,871542.0114563826,-165486.04365234374,256062.5144630375,1586660.2270580365,309868.720506092,0.47749513841301494,0.09542812079337232,0.7028693279844455,0.14619393612376752,0.7901009797822472,0.06117366004204293,0.8184687136705342,0.0456109808408394,918847.954066687,504444.2047751012,657127.6267852783,362954.0855698353,0.8359928821634398,0.11521673121657382,669405.9678735059,484299.0185538889,4.872660155536806,7.641243599790966,4.872660155536806,7.641243599790966,0.24088539971600217,0.11200045115851974,1669300.4145315764,274070.47611602535,1794431.1190109537,335434.5056534711,125130.7044793771,71608.23271141718,1811761.100513745,337122.27448789787,7.8,3.96232255123179,18.048289696205003,7.005388894575532,128.0,0.0,32.0,0.0
XGBoost__provided_plus_rdkit_descriptors,160,8,1567947.1651942076,495430.11407165235,1141561.89609375,296304.9994733317,793128.0125,218856.53997574994,0.5845786265447023,0.22695003435065014,0.6089841895126958,0.2050095622784829,0.6010653234641756,0.20235541379063987,4131849.4,1648217.1297671145,-167424.905078125,411881.0134837216,1546771.1853467426,472926.0959505491,0.45102833300769907,0.084835882847693,0.6359103388382421,0.1469685307259898,0.7796964979528285,0.1278687117921997,0.7975532742982787,0.12644363323299038,783470.4440218451,107544.83056346087,578375.4069580078,83543.970252738,0.9007119845463665,0.02699307936467164,784476.7211723624,574976.5445460688,2.0822629252029063,0.9135189823078251,2.0822629252029063,0.9135189823078251,0.3161333580016641,0.24684512115824012,1661179.562734759,201713.89865234715,1676665.0653703585,206464.72717854488,15485.502635599487,34626.6365589526,1750825.2687329338,208957.43521710657,3.6,1.3416407864998738,20.613699974624318,5.039985295243822,128.0,0.0,32.0,0.0
XGBoost__provided_plus_rdkit_descriptors,160,9,1646559.941812567,153840.88070159906,1178254.8092773438,160908.1278926415,818121.16875,242887.89404595472,0.5692539250073363,0.0722021854210558,0.5818589182323134,0.0737520158660292,0.7317046304733287,0.18063238717716487,4953532.75,157740.01214340006,-55979.27724609375,309969.12948527175,1647914.3066348187,157956.7052765347,0.5178274985311243,0.13158000343411647,0.9669910570247365,0.6756199969039449,0.7747433209766161,0.046438384813752794,0.8069097478707077,0.0582435839304222,751734.8807828039,405655.5538492902,536317.1133483887,301933.2936972212,0.8891520627021425,0.09616792977629837,894825.0610297632,381711.5297855425,3.216858362348829,2.685004847190274,3.216858362348829,2.685004847190274,0.3198981376948063,0.12380850137202495,1693363.2020827257,87981.21343260848,1780481.2148057695,115349.40198093836,87118.01272304403,57951.83726077267,1849585.8724107058,115025.92179399764,5.0,4.242640687119285,21.2296225930957,8.597648416557231,128.0,0.0,32.0,0.0
XGBoost__provided_plus_rdkit_descriptors,160,10,1470125.3903203637,242481.69749395543,1078124.9052734375,198498.86579778316,732269.009375,199255.21063958123,0.5914861970838939,0.16355560083580176,0.599576289882012,0.15788871460021195,0.8171910327682497,0.49456863856063765,4167168.925,503792.21734462364,37329.6353515625,206659.19074070596,1480255.4713967573,254162.8031321489,0.4589830050885122,0.14388746236185687,0.6488954697338862,0.23513616051990277,0.8014268506091653,0.07416541927591432,0.821922858795779,0.07348791507116234,806550.5467404753,175178.5942145421,553120.4260192871,127529.31772879817,0.8808688892177589,0.05559054558994699,663574.8435798882,199934.7896545999,1.8541079495143922,0.2846925615796399,1.8541079495143922,0.2846925615796399,0.289382692133865,0.17617211013624232,1619968.84377637,107097.93576411199,1648396.6588445199,127301.48813020217,28427.815068149845,24723.98859842337,1690567.2721961096,108029.15831078537,4.4,1.51657508881031,23.052185217694905,2.348215561267446,128.0,0.0,32.0,0.0
XGBoost__provided_plus_rdkit_descriptors,165,1,1371434.8943695982,272900.7694336723,991142.8199810606,187863.61817073636,691493.075,227672.377295335,0.6878557575418733,0.13293928895364687,0.6900009480350298,0.13239189267750104,0.5094975539395998,0.3190409436951781,3898398.05,1701612.43912585,29353.48494318182,123932.64310211847,1387829.6159063904,277084.00835333485,0.3690118022395557,0.11777690089970295,0.4904941808946749,0.17738400193792714,0.8291686023219011,0.0871893178424298,0.8638843034550762,0.07546342894610818,702353.4449663954,164291.3797249052,512585.40475852275,127229.25798052363,0.9180201474543022,0.0336684312749744,669081.4494032029,313184.3290710138,2.061471613074126,0.6851724968513433,2.061471613074126,0.6851724968513433,0.23016438991242882,0.13398988703436,1603726.714834321,169436.01859650138,1634698.1552874115,188339.1226934361,30971.440453090378,52341.3031809243,1735862.3616269804,175091.3003749541,5.4,3.286335345030997,19.291328108614387,3.2906467366733505,132.0,0.0,33.0,0.0
XGBoost__provided_plus_rdkit_descriptors,165,2,1412249.9899350586,220244.7133868316,1020607.9443181818,156482.21243408948,660820.375,186855.40174712136,0.660477329313777,0.09392195820914714,0.6739349719256881,0.09713221110719869,0.5324046832996814,0.2155702873513169,4088788.2,545418.3098990798,124022.98598484846,271326.10424257466,1405494.4431251362,236600.24009017544,0.35648810487243976,0.06299466493748175,0.5022826445768901,0.10419313279712933,0.8324368640193531,0.06622716609542195,0.8383360849433981,0.026347785259017636,609176.515825624,279053.49065428675,425014.0581261837,194673.63746923924,0.9292674824294757,0.04939589179887002,803073.4741094349,401303.6889829026,3.479251895737859,3.520605956164803,3.479251895737859,3.520605956164803,0.26879015311569876,0.12358651396705034,1542622.178969718,137910.5982627563,1569464.9602967363,131960.15632862778,26842.78132701833,28097.619721630756,1663004.684119922,171917.4656919257,5.4,4.8270073544588685,25.49722818632707,8.546647769988434,132.0,0.0,33.0,0.0
XGBoost__provided_plus_rdkit_descriptors,165,3,1477164.9292736826,307030.8453575473,1064627.6438210227,156447.99238615463,778872.275,158163.08061421328,0.5839634374480196,0.10904984651819144,0.6148177488521918,0.11612033324134138,0.7925371679249442,0.7756735198988447,4161199.35,1272606.6390453984,-2693.9127604166642,469636.8438341777,1439438.319195079,304187.7421811584,0.6103031850215836,0.40230290152775816,1.386285834943037,1.267461919577958,0.7885795679197262,0.06598700037355879,0.8074528379076987,0.0633407905731823,828802.3840362371,63863.772390622704,574126.5438683713,48815.66897127712,0.873077621473388,0.020584263114055167,648362.5452374455,332844.3940634173,1.796040425525949,0.40961307365257693,1.796040425525949,0.40961307365257693,0.2891141840253685,0.11563948650747809,1698579.4038060599,226533.24083040436,1750423.9453621383,250707.96113627445,51844.54155607843,36063.232820257144,1861322.318014366,286001.52002558403,7.6,2.6076809620810595,19.593853033655527,3.4143831329875534,132.0,0.0,33.0,0.0
XGBoost__provided_plus_rdkit_descriptors,165,4,1394517.1767621178,217471.9261975357,967424.8370501895,149458.05927095088,600626.6875,124422.97963943586,0.6815191559535789,0.08219633508349784,0.6977610510310369,0.06777190071638303,0.6501075366842592,0.34559403510012665,4241181.5125,1206252.9026674374,-88041.34841382576,334726.4549121174,1382103.9325698256,205632.13201233902,0.43008486129797674,0.059595012053352395,0.6454807033008084,0.11169887728296281,0.8414170428276755,0.04514680381424524,0.8378734320949297,0.04993925934968158,518402.7070659885,240438.56160584115,343560.3195430871,177856.53189094868,0.9509768341623002,0.03473070828782863,876114.4696961293,392776.55960068526,3.6003450722338726,2.6046035607611553,3.6003450722338726,2.6046035607611553,0.26945767820872135,0.0861613908525329,1523042.303402397,277186.94143847324,1581664.4858434722,296574.51393717225,58622.18244107514,53575.10900041915,1618040.105596366,320674.3904332441,4.6,3.5071355833500366,23.392963787163175,7.610364248273238,132.0,0.0,33.0,0.0
XGBoost__provided_plus_rdkit_descriptors,165,5,1377207.2285451589,349726.3612643968,965865.4833333334,203269.50256051973,645392.325,165623.81971012463,0.653715475882312,0.1746420967535873,0.6554783384084961,0.17508640216772428,0.6512664371447285,0.356176989834235,4073547.375,1217424.3223968854,-24077.288257575758,113820.6432501279,1394175.4331019283,356835.3843719019,0.3997296128222445,0.11050001196484935,0.567151124089918,0.18235210602735896,0.8113392541595716,0.10767070101738024,0.830567203516007,0.07787567975902403,592853.4704212248,314120.80770520476,428387.5492660984,238145.31434523631,0.9288927518281337,0.06220835173187588,784353.7581239342,355226.34538314707,3.2210766206488857,2.4665419744710486,3.2210766206488857,2.4665419744710486,0.2751772759458217,0.14622626125076876,1457936.076827667,191147.80249297858,1498296.7312603763,216713.62201747214,40360.654432709234,31506.515455221535,1565660.6122516529,249558.9509446797,3.8,4.604345773288535,24.775037426112682,6.607245768876488,132.0,0.0,33.0,0.0
XGBoost__provided_plus_rdkit_descriptors,165,6,1707675.024574713,462551.0481766768,1204686.3073390152,305878.00510137546,777705.1,340932.91349306586,0.5150134187803944,0.1838303352910317,0.5317667373196902,0.16658307223846022,0.9710067826080155,0.7279340305551351,4935031.325,1790284.843866236,-67071.25771780303,379382.28015496023,1705304.5971769798,436390.74985266564,0.5779228127199703,0.16928839471263984,1.1240346280401066,0.8369898061527113,0.7288486203282291,0.11009942654248094,0.7384599403174368,0.143104776022273,913038.6552917177,313305.03876300645,641129.6990382338,211525.41740154588,0.8540654996939985,0.09083715873873419,794636.3692829956,511612.0967757846,2.0473702173318675,0.8756178745278698,2.0473702173318675,0.8756178745278698,0.33905208091360406,0.17200991701130594,1621661.357279691,170594.62188353707,1736392.359626523,220411.0212627795,114731.00234683203,109378.695043607,1808273.912666309,245138.71102965943,6.8,3.8340579025361627,19.16769122498372,5.986889765820286,132.0,0.0,33.0,0.0
XGBoost__provided_plus_rdkit_descriptors,165,7,1463271.7338608133,300672.36890060507,1044004.6553030303,232163.99603979857,695718.3,226243.1590228994,0.5856606997393067,0.17488102544005102,0.5963628167630366,0.1733456322388722,0.6302928939627609,0.46005169924459016,3919658.45,866872.859350086,-101950.24545454545,269846.88236859115,1464418.137282335,290140.6905084529,0.3830637838061682,0.1142750362261825,0.5470622193622112,0.20898956206993688,0.7800893406878917,0.1042487457451107,0.7887964217301782,0.09177817230537855,797155.3359073666,295930.21960945684,567438.1203480114,208820.94062864562,0.8779467393503806,0.06674714051558674,666116.3979534466,514204.1304405043,2.3445605543409678,1.7305740332955177,2.3445605543409678,1.7305740332955177,0.2922860396110739,0.23330182966415733,1706131.2347391471,119968.4662097793,1769950.8471130542,141135.38614669192,63819.61237390731,58645.927177013196,1842323.641910368,125223.68235057803,5.0,3.7416573867739413,21.39385416236748,4.9349306430717075,132.0,0.0,33.0,0.0
XGBoost__provided_plus_rdkit_descriptors,165,8,1476358.543365818,196106.0279914769,1028183.6936553031,150980.17987681367,646257.1625,143402.5499420496,0.600460499115893,0.14215563915323048,0.6129759514848537,0.1445761038596518,0.6661136665305609,0.31047580532907115,4507871.1,765776.6689076726,-97498.24024621211,284157.731934371,1472447.2738536398,209035.14211110031,0.40188431449929507,0.046656634289497845,0.560813400839164,0.12721447431882724,0.7953709207854361,0.08184610001581087,0.8320026470751237,0.0613590290829645,704406.6650336536,343049.93898443034,487786.61929672706,228478.93452771078,0.8984037741209733,0.08066032121855211,771951.8783321643,222818.46608377443,2.956523731887337,2.422114283692031,2.956523731887337,2.422114283692031,0.2979432750050803,0.1518033001190365,1775458.2217444864,153955.54121246916,1846821.2968308807,181580.13602831986,71363.07508639447,45281.042757911026,1898522.4655033164,180434.0361587175,7.6,2.073644135332772,19.721322494687662,1.4671066196562068,132.0,0.0,33.0,0.0
XGBoost__provided_plus_rdkit_descriptors,165,9,1418837.609999309,294232.1220146789,1020641.618465909,194356.39893678887,725458.1875,183659.2816235768,0.6859153770933624,0.08228119987180157,0.7108680101694757,0.07778611941135612,0.5361563996996498,0.2850539715919509,4082217.85,964793.8133479868,-86414.34952651514,456503.45926305105,1380857.2847822402,276220.1124168257,0.39339338114567085,0.0865667044458146,0.5454096157329315,0.14279259063415511,0.8544356167978059,0.05516997276525625,0.8836614499109565,0.03805472007543625,757982.8251681403,228459.46333342858,527655.5680575285,159694.58861606146,0.9066012972328519,0.04280975566920266,660854.7848311688,443534.40283526183,2.185703010197171,1.358836042535042,2.185703010197171,1.358836042535042,0.2206859201394895,0.10313146769248305,1525119.9402305258,73935.6771709066,1636469.6919691968,67829.9265209438,111349.75173867084,71708.79013434138,1684051.30634062,44181.808140762274,6.4,2.3021728866442674,21.691412379835402,4.699251522679553,132.0,0.0,33.0,0.0
XGBoost__provided_plus_rdkit_descriptors,165,10,1302468.3482551307,345856.2862314288,873122.1857007577,244515.0013365682,571530.325,263321.2751424045,0.6523587732624458,0.11687768258279038,0.6628963569591739,0.10893551784656562,0.4405803613703031,0.21976103637066938,3932675.125,1196458.2980733176,-72715.12964015151,253869.29366036257,1303284.9913290462,337167.03003594995,0.3410329333594405,0.08729072156405109,0.4696527379294538,0.13161575704138576,0.8214062030972773,0.06238432345173131,0.8651352202531145,0.05061207471532491,563012.7459792359,364283.44761492877,380088.87210434425,244667.85353540507,0.9162100901313515,0.0944461296316351,739455.6022758948,378773.74678191287,4.186435297268906,4.860467990339137,4.186435297268906,4.860467990339137,0.26385131686890567,0.10237962583155663,1450430.629143374,155618.8540642846,1496710.731447678,193175.8539549973,46280.10230430421,60847.151153779254,1532773.7085308575,190462.39300538754,3.2,0.8366600265340756,24.72233158965511,5.522746876629431,132.0,0.0,33.0,0.0
XGBoost__provided_plus_rdkit_descriptors,170,1,1451224.693089387,213566.98559625619,1000409.5080652575,156595.2347647599,608387.875,148469.19750964578,0.6201875398439072,0.13235654739103983,0.6337125048107591,0.11948070092110412,0.5056850209838599,0.26596921142202545,4860310.9,530414.4164148208,29073.53329503676,305694.92750314996,1449250.6886767708,191193.32740168023,0.36682230186945614,0.11343870069504543,0.49613932276461803,0.18505379435576283,0.8021298198930374,0.06473024319279141,0.8362564038958871,0.07499263038453052,630350.9439553712,217801.1137442751,436782.1653837316,157985.4570243807,0.9246184377736105,0.0427810108293222,820873.7491340156,394020.8793919081,2.7952313587074786,1.8527705760243944,2.7952313587074786,1.8527705760243944,0.3044308979297034,0.1653573387477434,1408503.165162437,57998.61406147062,1488121.6491859842,50468.761394949084,79618.48402354741,20830.140076115527,1515886.0599007306,84055.22352325926,4.0,1.5811388300841898,20.075408193914676,3.807363927161159,136.0,0.0,34.0,0.0
XGBoost__provided_plus_rdkit_descriptors,170,2,1285486.3658433896,287655.99353196006,931103.538235294,133757.95803490878,668003.0875,92937.16257522808,0.6828552567683884,0.09425457038362064,0.6992439672992989,0.08148263526053114,0.6131017941378187,0.3033327740765823,3310194.95,1420435.3050954617,21776.420036764714,334305.6535667592,1272888.2963135603,269031.1060710076,0.4473175208967074,0.08986843966763124,0.8956898744035572,0.6371267894134532,0.8372830767383281,0.046510388850747104,0.8425395568978571,0.0829120226215542,673208.3822928274,127535.13674437186,488574.16277573525,99350.90548068396,0.9147804266581753,0.03286305075951898,612277.9835505623,208999.37924376986,1.9176338084844424,0.2541497375417013,1.9176338084844424,0.2541497375417013,0.2319251698897868,0.0654288501993331,1474160.0579550057,118551.83760020902,1564888.1128924165,98103.91889434055,90728.05493741106,59017.03980676272,1596379.1488472293,85543.93893978404,8.0,2.5495097567963922,19.382671715552743,4.5384482014434875,136.0,0.0,34.0,0.0
XGBoost__provided_plus_rdkit_descriptors,170,3,1257504.5436814507,387126.5176792643,885652.3619485295,282659.2681054103,584126.0,189541.28630255867,0.6957483171220593,0.14764182589655245,0.7021242199853245,0.14420402229796414,0.6865023577548464,0.6219235230894475,3978551.525,1553153.0132098182,8182.186580882355,200350.7857337131,1262904.8770275963,394778.3059321256,0.3806114767610433,0.1338935271596217,0.5442409657304846,0.2239164344944275,0.8404366868249715,0.08147725465753182,0.850321239925605,0.08334701429265172,810945.7458769855,213325.52196279602,582286.0191176471,158147.30043704563,0.8782512716098209,0.05679480805644789,446558.79780446494,496594.06277831696,1.692119680212501,0.8259512133212873,1.692119680212501,0.8259512133212873,0.1825029544877615,0.16154667157811778,1423286.7426543995,99448.46030755505,1510777.4688259154,100287.07185961305,87490.72617151607,60609.58502336497,1552434.7466915094,101564.32809413348,6.2,3.271085446759225,17.668739505393383,3.4206244257393705,136.0,0.0,34.0,0.0
XGBoost__provided_plus_rdkit_descriptors,170,4,1462634.8321582659,347251.3419981079,1066739.4165441175,186254.50706337046,757429.1625,164682.0324029919,0.6299577652831814,0.26649115805649143,0.6344393027507922,0.26827497564273545,0.6941335467052825,0.42446042669421974,3439335.45,978150.0122999476,34165.96617647059,182459.3583086536,1472885.7263610624,363116.2497690092,0.43580407735114324,0.16363232873072805,0.6132198635426398,0.24710155685210897,0.7979661924844292,0.16010045268942824,0.7744982570114715,0.20371014406941715,693007.3953567,418325.4724231053,477582.9188218061,287218.15768092155,0.9101297840758547,0.1003114117343187,769627.4368015658,194944.74971329083,2.6438583130982556,1.4174164645074658,2.6438583130982556,1.4174164645074658,0.28017201879267317,0.1698070263934203,1698132.7657061748,101712.80149877553,1742216.4548511803,132332.50087336032,44083.68914500568,41536.3610617357,1826469.6566059396,129495.16386320167,5.0,4.0,22.40627278975334,5.723364234699076,136.0,0.0,34.0,0.0
XGBoost__provided_plus_rdkit_descriptors,170,5,1390875.81876538,355523.79073632194,974934.1244485294,253790.79192750333,621518.7046875,198519.30597104432,0.6269424686359522,0.17612761128639845,0.6348442702705771,0.16827721419833697,0.7239013162738044,0.3420133627920724,4041253.65,1283780.1110248424,-94949.09908088236,219175.00050759918,1397870.4437504974,343538.10459888034,0.4019507810097348,0.07746295805107954,0.6096530396808436,0.17002521067235568,0.804892295535083,0.09401005481928462,0.8370087468255736,0.07470160370506104,806815.050433259,290566.86685198714,545331.8902803309,189311.69731049563,0.8714614534641665,0.08795295346278093,584060.7683321212,239669.30974242958,1.8049098040681575,0.4670488549116189,1.8049098040681575,0.4670488549116189,0.2445189848282144,0.10108225808017043,1457840.2754969303,90840.2364459288,1534942.9788409662,140577.3952313687,77102.7033440359,62964.348180588735,1604652.815946146,147240.39452883796,6.0,4.183300132670378,20.0890295226765,5.852752267638724,136.0,0.0,34.0,0.0
XGBoost__provided_plus_rdkit_descriptors,170,6,1488320.7075217327,325832.81455865724,1003919.4207720587,181536.93569770438,632460.45,144959.11664863152,0.6080655049176664,0.17182329773255187,0.6324988314123435,0.16917894246975104,0.5143625358799476,0.15880475306861208,4441533.725,1597205.6967442986,-64809.118198529395,460450.3512621258,1456896.6053727535,291769.3949296584,0.39156612939516167,0.09139636797553123,0.5442475066295615,0.14188101050910443,0.8110028298555546,0.09432454922573973,0.8331067718808699,0.06134007739898585,790478.3369308,117494.98553160144,527311.4653262867,70060.24650841793,0.8998371902227971,0.02322876279110383,697842.3705909327,397500.18149167777,1.9546278136003956,0.7099132982591665,1.9546278136003956,0.7099132982591665,0.2917716853051307,0.17226112580206543,1443393.0660638132,188819.71089556048,1472286.9533902723,194160.93953342474,28893.88732645912,31654.973078241546,1535864.3593838918,202317.20971687746,6.2,2.7748873851023217,18.747965037047795,2.8983496390013275,136.0,0.0,34.0,0.0
XGBoost__provided_plus_rdkit_descriptors,170,7,1346373.6859423066,141987.47540050407,984680.920680147,33402.33886327493,693867.4625,125961.97054454198,0.6582454086375249,0.1803863423166402,0.6684339110195449,0.18108047156572762,0.7076251899944859,0.4496961230425899,4147028.9,1140096.1582929173,-5488.549908088229,265029.60087378224,1344435.70654247,153445.45212635334,0.43016393785176826,0.11170526900348844,0.6047658837366263,0.211341149962028,0.8270382734518711,0.10372606198701934,0.8566440174729664,0.08868270471937646,780731.2291934512,164654.46349619603,554754.1839412914,124194.14035834365,0.8974651431620371,0.039341598968464134,565642.4567488554,92394.82170809149,1.7702035169888877,0.28095037105009574,1.7702035169888877,0.28095037105009574,0.23921973452451212,0.1749521963577517,1636496.143303412,249305.77412882933,1677959.307972021,283711.11651292455,41463.164668608966,43383.818555302525,1767979.736591474,268826.10062164755,5.6,4.33589667773576,20.673249224415102,4.565796285148521,136.0,0.0,34.0,0.0
XGBoost__provided_plus_rdkit_descriptors,170,8,1206444.6614212994,128664.21764874084,873575.756617647,106366.49575870464,645831.88125,166351.7665314733,0.7000361848055043,0.07994807003614442,0.7010163752207939,0.08018393911625736,0.5153541695864814,0.09056173410691569,3316620.15,400584.30623955425,-52485.13161764706,50965.97310049908,1222449.8696058798,131800.5524136651,0.3490358465602986,0.02458117071523007,0.5056116053377371,0.043103827671387304,0.8388536429638294,0.04898766980995655,0.8850462289952453,0.023154433703416372,793136.4750610269,75827.59727282483,569365.092221967,68109.13107124832,0.8776000170361753,0.019761698031803675,413308.1863602726,164739.6867633332,1.537140328071432,0.27007405016885633,1.537140328071432,0.27007405016885633,0.17756383223067104,0.0792176646119121,1442512.526073013,67494.68050033886,1521483.8355034664,91019.2992129076,78971.3094304536,64503.45333235364,1560353.6521436023,88747.861752279,5.6,2.9664793948382653,21.328095974828322,4.5493801068465665,136.0,0.0,34.0,0.0
XGBoost__provided_plus_rdkit_descriptors,170,9,1295282.0791119593,332508.33737978747,973032.7953814337,273357.8947532532,678667.8125,315722.7701837677,0.6985749161494044,0.1634756059451983,0.7099275726229106,0.15755073425100255,0.7462308772046716,0.24118617307191717,3179535.6,678646.6837399082,53027.56050091912,298523.77820409904,1288786.4853774474,320946.20700549026,0.4919502931881974,0.1409291760192275,0.957202266890041,0.6750689341271211,0.8564735208423521,0.08683761113674905,0.8536455822926833,0.07738500834483797,623598.7092524648,321125.14968743164,453187.12599954044,242770.0133514625,0.9302154865676909,0.06223990659042518,671683.3698594945,399014.3669474424,2.4600905814304412,1.1028313991146492,2.4600905814304412,1.1028313991146492,0.23164057041828667,0.15594896002626107,1503146.4587743792,139106.22410788186,1539818.9684315766,192424.23299691928,36672.509657197304,60475.409088441695,1600936.9259222064,159273.89466986543,4.4,2.9664793948382653,24.29034376395137,7.819202663795093,136.0,0.0,34.0,0.0
XGBoost__provided_plus_rdkit_descriptors,170,10,1397317.1958037047,241792.51395877835,1011078.5053538602,187154.31261361422,746855.5484375,120614.17896524022,0.6480371781070801,0.10866921476845488,0.6630696201677196,0.09713846545309451,0.527086303354497,0.22801475639885774,4076734.85,1078371.001632955,-59103.92833180146,314502.9749255802,1389789.2715686087,232403.60886241213,0.4075117116228332,0.11969642147718842,0.5444714269587354,0.17819433429762638,0.8141104962040039,0.059568328026260345,0.8625548508580648,0.06371660927963335,574035.1366784915,263208.98369668506,398593.90294404875,188773.3526164483,0.9337468683408924,0.0518680665003458,823282.0591252133,443130.38448001497,3.051660983755254,1.7585704163657792,3.051660983755254,1.7585704163657792,0.2857096902338124,0.14100091086564825,1656061.8187709157,194254.17240031395,1706933.8487721097,205227.84997095342,50872.03000119408,56082.263806802075,1774438.21627879,153328.59986419353,3.2,2.3874672772626644,25.37781495376736,7.618407183796657,136.0,0.0,34.0,0.0
XGBoost__provided_plus_rdkit_descriptors,175,1,1262952.4901751506,148422.88560575314,896445.7554464287,93874.1402726334,642242.075,86415.3041060834,0.7105374077876906,0.09207925904870447,0.7146723670111106,0.09474802158458322,0.5848412504107052,0.2710034344561409,4159786.525,970711.6671837198,7216.261874999994,176356.45594472697,1270530.3075287158,158863.41548310404,0.3906430004039301,0.11451374238273111,0.5279365083640324,0.17529440675671823,0.8485378593613279,0.05252022461289167,0.8996440606962025,0.050263817568848325,803140.422814668,78073.69037172773,561228.0263616072,79281.50777368539,0.8908014375381498,0.019044760745353592,459812.06736048247,144888.5805233432,1.5799463300785788,0.1874050480868563,1.5799463300785788,0.1874050480868563,0.18026402975045913,0.08905709485294691,1592598.2142849232,106623.50490440553,1660182.727026955,95333.8283913665,67584.51274203198,19258.58274726169,1702915.3988368816,107467.78821882933,6.0,1.8708286933869707,19.067162486380642,3.0040122456879703,140.0,0.0,35.0,0.0
XGBoost__provided_plus_rdkit_descriptors,175,2,1536151.091028051,335698.37571968295,1052593.9217410716,199298.37771398106,627451.95625,140668.3118842584,0.6275035758793716,0.14697258551896744,0.6403311942773804,0.1409020404130873,0.5792447473245474,0.2461614563279973,4427322.85,1197562.0496999256,-3393.6103125000022,331742.8719190797,1530534.963141403,333147.73203962005,0.4660531573282194,0.19952036877818363,0.844583025390649,0.7351514651431664,0.7988972981208103,0.09506132528479054,0.8232998041026371,0.08533775279546446,636655.2388595861,370682.0304128091,452943.1261411831,264432.24599730736,0.9202216736413213,0.09321823248871564,899495.852168465,269907.0980505519,2.867306154735974,1.1370403651207988,2.867306154735974,1.1370403651207988,0.2927180977619498,0.09678335698180464,1539745.6206412732,74115.96115593279,1603010.675582518,90078.48219814312,63265.054941244794,69367.07785627771,1640316.1225554647,88557.90462956522,5.6,3.286335345030997,21.993894512984717,5.1726029252698105,140.0,0.0,35.0,0.0
XGBoost__provided_plus_rdkit_descriptors,175,3,1242743.2545652557,215455.74533186315,875194.2720535714,182376.68355832272,585789.375,148695.53615762352,0.7164648193384251,0.13459022799539744,0.7222207901540214,0.1385962134348612,0.4920646323606401,0.3432132711074128,3799951.45,668243.7024909119,-74014.92116071428,196713.4099106483,1244134.896697146,230990.9231543609,0.3312081170075022,0.06747778844559679,0.46627195164497615,0.16982631923778277,0.8576742519537653,0.07603262818939509,0.8728928206620392,0.07978494006942038,770866.8077204252,115421.55094521792,549304.8344642858,94427.8767489109,0.899544451056391,0.02934465165904348,471876.4468448305,139293.51717477094,1.6146017296095756,0.17407473831004144,1.6146017296095756,0.17407473831004144,0.1830796317179658,0.1128677728194125,1369270.974908157,67215.59517089113,1463249.9403070812,80018.42876932633,93978.96539892396,51045.93372776528,1503115.7326075307,87277.59286108114,7.0,4.527692569068709,19.089546541275308,5.7053198730137895,140.0,0.0,35.0,0.0
XGBoost__provided_plus_rdkit_descriptors,175,4,1281458.2946147083,217967.97327028858,888217.7282589286,87472.4563154357,615088.825,69451.72032047469,0.7225008101649895,0.05208871468033136,0.727793450968137,0.04780718898641058,0.48759979926870145,0.17497168493070037,4202391.1875,1153814.623707604,-61536.04834821428,194351.25725803289,1287873.4562914742,211945.10927924956,0.4310728184114986,0.17364464683076145,0.8521298132711482,0.7002389299350942,0.858136803460112,0.03222467084776789,0.8739650174414034,0.04926857556435679,678890.5884344032,282160.24967595143,481803.3551869419,205883.8946213151,0.9139118820746439,0.055259348741250956,602567.706180305,405264.2771725263,2.610682607210392,2.3762138254476137,2.610682607210392,2.3762138254476137,0.19141107190965448,0.09292650424008878,1553171.0103028025,97426.60153811492,1623727.287676427,70913.526349052,70556.27737362469,45358.14358890385,1658604.3394835605,84408.31237397552,6.0,2.6457513110645907,19.893229203077006,5.033658668531921,140.0,0.0,35.0,0.0
XGBoost__provided_plus_rdkit_descriptors,175,5,1435942.9784239936,568728.439689611,1063821.7908928571,367348.2454349797,818775.2,277790.0819563106,0.6309103731148374,0.2547976199148211,0.6443885605933677,0.25338862494713155,0.5672869462175625,0.1077635094417559,4143394.25,1606762.4395279607,-23905.28339285714,327887.64047172136,1425330.5900175213,579068.336405708,0.3968148865446254,0.06658027850075998,0.557361609972968,0.08637202305786221,0.8020162388768071,0.15141008790545415,0.7988027056621225,0.12305113133863636,736148.7407564464,151546.44523043637,535942.3458928572,124760.28869835466,0.910427608261074,0.037546207719906605,699794.2376675473,670995.6529518821,2.074958797854262,1.0220054145670916,2.074958797854262,1.0220054145670916,0.27951723514623666,0.2776503879609876,1383600.4685788616,94637.3141809365,1430185.2542179637,135392.3723885533,46584.78563910215,41742.01065265199,1464665.839241892,140677.79045830094,4.4,3.4351128074635335,22.683933640073587,3.1264085276013494,140.0,0.0,35.0,0.0
XGBoost__provided_plus_rdkit_descriptors,175,6,1310699.5411146544,181082.8604827286,965897.1082142858,156161.83339135742,691625.825,202000.1199953929,0.6916524510148214,0.08949771988156842,0.6989128666011256,0.08594719798046646,0.5712391765173808,0.13765004622685797,3476582.65,854252.6546051379,-3181.17714285714,224697.1236172573,1314837.6548676286,177050.86063616618,0.38289335172302225,0.05460488449787116,0.5491994635091647,0.1047821849996856,0.842019060251201,0.05111527327766648,0.8347258699580854,0.05628899855166934,822567.0176770675,102513.63671071839,605958.9434151786,72757.51763851359,0.8817742977453674,0.03159608823378501,488132.5234375868,172378.8313643756,1.6041698395370723,0.24281662558045225,1.6041698395370723,0.24281662558045225,0.190121846730546,0.0894292014025342,1388125.2568690996,127437.48049575716,1458492.3902842768,131136.0435641211,70367.13341517691,69910.30592718051,1488657.2163981984,125878.83277991717,4.0,2.9154759474226504,19.30397385228411,5.639789994727837,140.0,0.0,35.0,0.0
XGBoost__provided_plus_rdkit_descriptors,175,7,1085564.2187286566,248679.4299331896,769863.3821874999,169871.839681335,453464.5375,95848.89829649354,0.8071441496537279,0.08411789579232787,0.8094933874137531,0.0832218762994081,0.43757902945024735,0.1865775422838763,2875610.95,579473.483019618,48834.942901785704,118917.67772160342,1095094.161824929,251759.13516115057,0.3721970880359021,0.21318537601038196,0.7500729616132028,0.7694282483949105,0.9073145219046991,0.04467793611141249,0.9272091999511705,0.027424639450905487,531166.2321073993,198567.42416373186,367010.89643973217,140288.49828816886,0.9511962030396102,0.0316857532555437,554397.9866212575,388490.72018955456,2.3961610783954184,1.2931109395139342,2.3961610783954184,1.2931109395139342,0.14405205338588237,0.10108975323127023,1449168.787057077,122537.46868274426,1486421.1260560916,166069.14761470025,37252.33899901439,72484.00033300473,1560086.5724045336,177927.73568950986,4.6,4.61519230368573,24.99118499157244,5.509858018758377,140.0,0.0,35.0,0.0
XGBoost__provided_plus_rdkit_descriptors,175,8,1311338.534640528,379882.45773824106,999124.0409821428,317719.23266227875,766865.3,278638.84173768514,0.6966704254831846,0.16292873715407227,0.7044734205639482,0.166878752779805,0.6296474186705959,0.2696328545045727,3511248.85,1121233.2030313988,-1803.7665178571363,238605.0787055354,1309710.758511922,398118.1650326647,0.4592630902896334,0.12531830455969334,0.8863073325514925,0.6637278817373123,0.8365541455357739,0.10301560279467487,0.8555230373983337,0.10773662918349063,773537.4626043083,215621.11446256528,554183.0515178571,166367.4030910603,0.8938059139318517,0.06584570791882277,537801.0720362198,288773.0585415576,1.7208329367203543,0.39659126885839313,1.7208329367203543,0.39659126885839313,0.19713548844866707,0.13868796926195018,1437334.634724514,101270.53017808516,1498476.7263800192,140185.32883024414,61142.09165550512,47333.42278011005,1539050.342566346,118922.23103448434,4.0,1.4142135623730951,21.414477992945997,3.5526587944364065,140.0,0.0,35.0,0.0
XGBoost__provided_plus_rdkit_descriptors,175,9,1495895.6026654185,321731.52680360625,1108395.6022321428,239825.853879423,769153.6,251012.094988506,0.6116996008990764,0.11552299721487888,0.6227480747562419,0.11129181762403056,0.7005365293612483,0.33400274712920547,4077525.8625,1043935.7747675834,1188.0938392857322,291352.1200489875,1496028.6048248138,317714.02222635737,0.579972310111327,0.35713346866366,1.1366529834521546,1.1977584871851432,0.7975639417432719,0.0721415732655665,0.7609576370859052,0.0726200818514822,922708.3861741957,81814.37153615583,688595.3648214287,67523.51828419436,0.8694303068116331,0.021953953860772448,573187.216491223,358184.73849410284,1.6392842183519867,0.39362426306863446,1.6392842183519867,0.39362426306863446,0.25773070591255676,0.12424342747126087,1540985.5541255916,112384.64286812519,1650347.9907802432,72413.06216363302,109362.43665465158,53455.227553721634,1679384.1381671845,70356.49494645647,7.4,2.4083189157584592,15.859762422658637,2.6093825266935644,140.0,0.0,35.0,0.0
XGBoost__provided_plus_rdkit_descriptors,175,10,1450037.2323642862,298091.6968487712,980690.3363392856,137426.94001538257,621100.45,83201.5419710251,0.6531070756795032,0.10485807518466819,0.6658288297441338,0.08941235775301301,0.514343526501631,0.14857996903103726,5107112.7875,1566027.4372304173,-153794.23794642856,276213.65240435005,1446026.2154407406,272618.3643456049,0.36854672137927047,0.030995989980332875,0.5253837064315745,0.06310652638700934,0.8157013247115398,0.05456553949014295,0.8378493235439709,0.056119974649399405,847378.7952318747,197688.22373596448,607151.2053069196,165388.42955986666,0.8796938787361755,0.05559549111228882,602658.4371324115,319520.494308531,1.767516116850345,0.5061086216244339,1.767516116850345,0.5061086216244339,0.22658680305667236,0.09788793645453629,1493413.900422722,121740.99357929672,1561364.5126015306,160632.8659730184,67950.61217880859,41128.77361516565,1610108.8918680034,168544.7546481158,5.8,3.492849839314596,19.932975441571724,4.779423950185752,140.0,0.0,35.0,0.0
XGBoost__provided_plus_rdkit_descriptors,180,1,1338353.6531677698,460472.9873137481,947701.2368055556,282246.35735928133,633529.45625,169692.66649554126,0.6734036821939862,0.206279873402536,0.687480667732221,0.18480413150913946,0.5154187213220497,0.2686434534419621,3915754.55,1651906.905875188,-124823.0125,305003.29650793393,1331707.2254195092,434200.6570892108,0.3753594556779471,0.05030069020272061,0.5220121547438262,0.1180557830241251,0.8233689120699429,0.1207906804227356,0.8299214291283084,0.083506485348503,783109.9517041368,116146.53221556055,537556.6652723524,80734.071437259,0.8963694041597791,0.03457713441117496,555243.7014636331,364779.8195451151,1.6810522952364226,0.35221857220789127,1.6810522952364226,0.35221857220789127,0.22296572196579295,0.1749285534409344,1584749.8688548577,71583.98173151269,1686854.4119919396,116478.03583296783,102104.54313708186,94672.19966078743,1714032.5962649197,122527.44233677785,6.8,1.7888543819998317,19.610833280649157,2.1784932371053096,144.0,0.0,36.0,0.0
XGBoost__provided_plus_rdkit_descriptors,180,2,1343204.7057943344,202144.36315126467,922474.4450846354,102765.65773885885,568171.4375,64201.46121621279,0.6914336085559619,0.06497243676413068,0.7024898300822343,0.07220350400516086,0.6411811943379846,0.3117136364704965,4078365.25,1172899.3682804804,-102693.41886935763,279809.53811306966,1334272.2571267053,205600.70664959567,0.4031117594812095,0.08650166585747143,0.5824040320853217,0.16938937691376718,0.8438946751599745,0.04370928344455212,0.8661327962466933,0.020203528601604882,590517.8161723308,353552.0026272831,410149.8503526476,257680.8757226875,0.9300896030881616,0.07035301001051558,752686.8896220038,548331.5887956098,3.148496394241939,1.8524299321232354,3.148496394241939,1.8524299321232354,0.23865599453219954,0.09989727200541446,1523755.0307577008,93934.8335224759,1578819.282374808,103665.2860584322,55064.2516171074,47107.64341034272,1645997.8962661189,84368.78211754613,4.4,3.4351128074635335,24.185720381679623,9.10524496707348,144.0,0.0,36.0,0.0
XGBoost__provided_plus_rdkit_descriptors,180,3,1449849.7023071789,312514.10947830015,1053417.9933159722,201477.18976418287,793201.43125,258163.6581883621,0.6497408079598779,0.14607156990335501,0.6510427648192356,0.14663260267777178,0.5666069258374232,0.28116242979045514,4070660.25,1251664.909675946,-33899.26501736111,84746.07464537992,1467612.2767145522,319198.35353639093,0.44922007535407105,0.08764237560080894,0.8634978242127286,0.660241308036579,0.811810150478825,0.08195583770361124,0.827097904514036,0.069612679225386,896642.8642827512,300466.55036265514,638308.4447089301,220463.47099504666,0.8613892997421665,0.06876960882861581,553206.8380244275,387943.75078308437,1.8284709089738373,0.8107734372990132,1.8284709089738373,0.8107734372990132,0.21164849178228867,0.14440556298125637,1545095.3121754597,86272.14389753604,1639966.9258783853,143137.1682628189,94871.61370292539,80600.17674239312,1675120.8284116413,128840.55809649192,6.0,4.847679857416329,22.365563024765667,9.638800835979312,144.0,0.0,36.0,0.0
XGBoost__provided_plus_rdkit_descriptors,180,4,1421736.241630171,249057.49913057653,1006683.2316840278,169933.31656649782,691444.46171875,146150.0836085896,0.6435174908241551,0.18879323069758705,0.6476814380567288,0.1833824632223585,0.7089692507247312,0.24877273087035076,4427083.05,1171750.9238333835,-100896.67508680555,118190.17727561039,1434894.7020430204,248091.81666487243,0.5640361036699334,0.33791662921274856,1.0826586577427648,1.1007267228767412,0.8090398370574423,0.11315987368952315,0.8347843350733456,0.0747158814003544,905511.8117866691,294411.5141749003,642163.9071506077,213791.79528697574,0.8593227310444215,0.0831410521217481,516224.42984350194,336964.93117947946,1.7120873706333986,0.6257019540226186,1.7120873706333986,0.6257019540226186,0.21580524022026645,0.19216139045126632,1534908.4249805177,178170.73243522667,1646413.4996423982,220287.6918101842,111505.0746618805,94059.7158346955,1679654.5636221569,220046.94847362937,7.6,3.5071355833500366,17.953651920337116,4.206749522398958,144.0,0.0,36.0,0.0
XGBoost__provided_plus_rdkit_descriptors,180,5,1373615.4722080226,214505.78684587608,973319.4949652778,164453.11523726108,627980.26875,188077.78371964706,0.6579904617776904,0.08730904435852918,0.6712421193359857,0.0942975330018563,0.5660223487624357,0.19936624879594986,3945855.25,837015.1515222111,-8626.649131944438,319724.9619786301,1360927.2792002645,229877.96585632963,0.3714868589866273,0.07750529213492614,0.5379700180866125,0.10778821724604437,0.8384930546015426,0.07127676727919073,0.8706280321575963,0.05937665052066088,938305.4259460004,60766.238902662575,660086.0021267361,30572.70240338449,0.8528587928611845,0.027818990699870268,435310.046262022,219610.25971948748,1.4680970213377327,0.23410539857679508,1.4680970213377327,0.23410539857679508,0.19486833108349413,0.10393331880985893,1583203.1255634865,141282.07789745764,1630337.487611986,160727.29922509065,47134.362048499424,45092.96770099066,1712375.5355077623,189924.8255518019,7.8,3.03315017762062,16.21577579249263,2.7036954966666853,144.0,0.0,36.0,0.0
XGBoost__provided_plus_rdkit_descriptors,180,6,1327041.252435191,254440.5762754927,962439.6518229168,162592.93039222364,586114.76875,132596.84873062698,0.639128289818714,0.1572315432062358,0.6610506237354142,0.14433304723174864,0.42730306281659514,0.10078852172338658,3683715.9,1032598.9719357656,58026.11050347221,336640.8885172872,1309077.6873306357,260350.77908424308,0.33023280982808073,0.06409849741546936,0.45057231321231106,0.07220742438222019,0.8273495021813921,0.07654353206412733,0.8458569107451741,0.05327131079896678,447467.1499349162,422321.6563402656,327794.9475260417,314882.8270009317,0.9435096477590375,0.07233097477289137,879574.1025002748,462171.6284403403,7.680450758151214,8.643194717778837,7.680450758151214,8.643194717778837,0.3043813579403234,0.11480671678752197,1496390.7679290993,175252.73082455347,1524534.8349908318,199623.87643349732,28144.06706173257,38603.87794210359,1575329.3880048413,225794.27414548182,3.6,3.5777087639996634,26.294262810238173,7.949997166874575,144.0,0.0,36.0,0.0
XGBoost__provided_plus_rdkit_descriptors,180,7,1421983.1982608936,238244.19677458066,1047314.9919270832,200915.96021599986,782318.625,173564.75716845097,0.677592767746681,0.07531236050810318,0.6798786245610506,0.07615001634087445,0.7561860214643198,0.4725046506728617,3751580.1,718054.6946454879,10588.415017361116,129951.51384554639,1436907.6545075537,244436.73963350983,0.42436527045110395,0.13116106174011838,0.6015358837700472,0.2250302213867794,0.8331208300983433,0.039076790945144914,0.8567046109347904,0.05445955629541851,985641.3272184336,204487.5434390296,730115.3689236111,179394.65461308876,0.8444524952724943,0.06549669958750547,436341.87104246,308687.1992879159,1.498733704524547,0.43593909620202037,1.498733704524547,0.43593909620202037,0.16685972752581335,0.09743090606017152,1634571.6540011917,103783.68345028276,1745005.7138264142,137523.05498092162,110434.05982522252,47259.5625680022,1817643.3499503802,129376.52345243913,8.8,1.6431676725154984,16.706933375529047,2.083201252063175,144.0,0.0,36.0,0.0
XGBoost__provided_plus_rdkit_descriptors,180,8,1156293.6906883572,195437.5690745496,855434.1095052084,188357.7022322478,631225.2125,197671.0886363232,0.7682253404530354,0.06482931530934409,0.775527920278425,0.0556654976142965,0.5132894066540865,0.21199279210693414,2913402.4,311357.26319884526,-71983.31896701388,226328.33506283732,1155344.880744563,174439.66544022228,0.35577932387565875,0.057390751777959076,0.5001018528230975,0.12265102553282083,0.8837697654517196,0.028916259393620754,0.883535380715809,0.04269835045482724,782850.622607194,112199.93098966408,559026.7050564236,100952.45758258688,0.8955572502056635,0.03144270596426664,373443.06808116334,171510.005581791,1.4884470251170818,0.23681066225971822,1.4884470251170818,0.23681066225971822,0.12733190975262815,0.06530105264813911,1448879.1831038333,139556.0358504459,1518241.3599879008,162186.83038778338,69362.17688406756,25845.506789855266,1554731.028366527,157195.24068157782,4.8,2.588435821108957,19.03401805882352,3.3960798064649174,144.0,0.0,36.0,0.0
XGBoost__provided_plus_rdkit_descriptors,180,9,1352150.7025190878,110314.97262604312,933980.5935763888,92058.02679109103,596175.15,170920.450486664,0.6772761962970166,0.11125943035094657,0.6939947236135462,0.1121771251475578,0.6356145394014409,0.38578411485973185,3838380.25,545587.7768781229,86342.04652777777,337042.3742177273,1333304.4459076202,121034.12824365031,0.49697312841311064,0.2832733591545575,1.0280383517416518,1.0379141972511459,0.8480444973876253,0.06286452889979981,0.8512811253843438,0.05955845077087844,522004.73994517466,342388.49269213784,356983.56748996314,250690.09158635925,0.9398448977513448,0.07230690911202771,830145.9625739132,382263.4733644766,3.548655753862937,1.900075986935159,3.548655753862937,1.900075986935159,0.2625687014543283,0.13721047699843078,1528619.925881686,146314.4302670277,1578654.2685470413,132784.91084109838,50034.342665355514,52098.37694318086,1618028.4481807242,126742.02602508674,3.4,2.3021728866442674,25.45309266099307,7.275390463944832,144.0,0.0,36.0,0.0
XGBoost__provided_plus_rdkit_descriptors,180,10,1136021.2257780442,258532.01162830184,820330.9883246528,181724.0343856586,579987.06875,204415.20715242342,0.7682736618038749,0.11903732340151003,0.783587818854411,0.09541939370110412,0.5859265425052265,0.26294130065490295,3424491.7,1049069.0257876029,34193.2880642361,320901.4885391517,1120241.4673378866,227860.1034437389,0.367925726881682,0.05450098344959317,0.5607580014346022,0.12190229609161049,0.8906154717568754,0.04707582931107714,0.8865091610993959,0.049621094684096256,444579.02311979217,246345.19373502932,318337.5253743489,173083.63115396543,0.961728149991156,0.03514919719585781,691442.2026582521,308700.7798700139,3.5268055241054874,2.6274487351677402,3.5268055241054874,2.6274487351677402,0.19345448818728103,0.09021949452279839,1451439.1659351105,191578.42991272715,1477599.6628374574,196187.2590705325,26160.496902346982,35878.04267325715,1525195.3530617824,193226.38907479998,2.0,1.7320508075688772,29.57439546098402,2.9467182337635904,144.0,0.0,36.0,0.0
XGBoost__provided_plus_rdkit_descriptors,185,1,1292145.740285709,300902.5606146047,942571.1279560812,203579.03092247935,675238.2125,160052.2943259337,0.7124360950893733,0.12278393787457366,0.7169194375215593,0.11889684298072516,0.5409440730575477,0.24102469501016857,3730505.7375,1100685.6692516648,14543.251435810806,175948.9783474158,1300536.6976636008,302898.4543524628,0.37382890278619235,0.0744220336226379,0.5291710907163172,0.143960434926435,0.8514215576954403,0.07001285228117268,0.8508941576586124,0.07086560560771851,816759.3206671432,145097.83794094977,578845.4924619931,111916.37036764863,0.8902135107971075,0.03791638693727216,475386.41961856576,362669.0706807442,1.649661917606719,0.634791187326537,1.649661917606719,0.634791187326537,0.17777741570773425,0.134419063430705,1446778.596732492,44730.7684603876,1542331.8851635596,50531.41690657832,95553.28843106763,29782.133225228346,1579764.6343216777,68149.0842470442,7.0,2.23606797749979,18.67438261846302,3.1390163122819117,148.0,0.0,37.0,0.0
XGBoost__provided_plus_rdkit_descriptors,185,2,1279367.6140031673,186844.85624014083,917916.3407094594,135314.372165852,627001.4625,74844.89747854184,0.7266479552936791,0.07707113257407797,0.7353476156601422,0.08230747953928653,0.47581608461800584,0.06595683123708619,3681090.3,740043.1592011712,90881.7893581081,242359.23864170845,1273839.0400183157,198436.78198646,0.3420488887650126,0.026646503758910728,0.4718285211148457,0.043825331756991895,0.8630810529396017,0.04869028837741938,0.8904237962985746,0.04458355903415191,786333.9579085401,166652.17446554848,549091.0963260134,147824.9785221876,0.8975234573716019,0.04652760423408186,493033.6560946273,279518.87292541267,1.6821690763291444,0.4067543690397388,1.6821690763291444,0.4067543690397388,0.17087550207792282,0.09816921028963353,1448999.9168777908,190080.69216124923,1525519.675199307,236770.80214083404,76519.75832151636,57851.617303917155,1601313.6650264906,279516.6001156516,6.6,3.9115214431215897,20.75556691610376,5.616302801847665,148.0,0.0,37.0,0.0
XGBoost__provided_plus_rdkit_descriptors,185,3,1286358.3750782397,67542.41480073603,904863.3048141891,112577.08494512571,621147.1,185872.6531921116,0.7258268035754518,0.036265964105015785,0.730126539609692,0.031744549479061135,0.5516390636556883,0.2768070123389416,4175369.75,404593.44372175017,-21877.974746621607,178361.38563313553,1294264.993836265,57686.873329847076,0.5257799018720978,0.26187887872881005,1.2149773704240292,0.9765121897530337,0.857416673706742,0.019466519124986648,0.8909472583111725,0.03867113169722079,723786.4080521676,123709.16020165142,514753.33149809967,93919.4656071328,0.9148039737117897,0.028474063480351457,562571.967026072,125306.97700282007,1.8186350585547466,0.31741884746198307,1.8186350585547466,0.31741884746198307,0.18897717013633794,0.0404151614453566,1448946.8541696605,127522.82182015678,1504187.5121150364,123597.93844481368,55240.657945375846,56463.04433719305,1558549.6792782168,133763.63373651798,4.8,3.8340579025361627,21.832122109407155,3.318168218534646,148.0,0.0,37.0,0.0
XGBoost__provided_plus_rdkit_descriptors,185,4,1207671.658478858,277113.74683517276,892239.3343961149,186753.00893220628,649624.95,99802.55605513067,0.7477974645885191,0.07816126659131774,0.7671045385495249,0.09013010911571297,0.8675216456321646,0.7098720455033637,3400292.9,977359.7183884883,9759.239928209474,374714.09224288375,1171885.1460634018,302618.95289496885,0.4937425898331703,0.2365459135381911,1.1774696094466333,0.934118047239972,0.8808474370196879,0.049438368363813504,0.8676385406548729,0.06928318866316299,661413.8441056958,127113.34656242777,458862.99711782095,106388.38467631415,0.9236081503276431,0.02795598479401871,546257.8143731622,215307.11910826998,1.8392734056433127,0.3060255031170796,1.8392734056433127,0.3060255031170796,0.17581068573912395,0.06672870931678697,1484322.087719925,99843.60220435899,1498583.7818544565,103469.14156224411,14261.69413453145,10613.141507544953,1565890.8435051877,105684.50114987764,3.8,2.3874672772626644,22.392444005938227,3.6460124014844606,148.0,0.0,37.0,0.0
XGBoost__provided_plus_rdkit_descriptors,185,5,1359280.5458186117,213280.8255393306,985033.3172297297,199899.69296244188,655456.9,219813.3989035217,0.6870203808413086,0.06738210507380303,0.6896866010567108,0.06976626765139185,0.7244045996519357,0.7560140635985961,3668413.6,216234.7125903933,114058.59628378379,88629.58839350397,1370732.840078213,216883.86179630697,0.38208526350914795,0.1415457171707326,0.5459755407742188,0.27119511238882194,0.8400803485008449,0.03993182227631274,0.8533945745845785,0.031999962350306735,782457.4836335843,239606.61075287012,549968.0994747677,177972.8538320309,0.8922859456425452,0.06399473875888498,576823.0621850274,124323.47221732145,1.8199500071830408,0.37083553361782445,1.8199500071830408,0.37083553361782445,0.20526556480123653,0.07164223064469072,1497517.7681443868,110207.54428884316,1581543.2455770664,98960.69818587058,84025.47743267957,81274.80961645616,1633417.6824508456,113049.28579335648,5.2,1.7888543819998317,21.391466012633405,5.339894740952991,148.0,0.0,37.0,0.0
XGBoost__provided_plus_rdkit_descriptors,185,6,1311709.0210890793,360757.04638492694,953237.6623099663,280279.4863428584,662091.125,180103.03769179602,0.7088474808344356,0.13072606516317323,0.7139702677118052,0.12553098205830668,0.48688080857238225,0.2653707232607033,3785263.075,863380.4943879013,-45013.68055320946,196252.29838311608,1319031.514604583,356701.1898431797,0.35306627320795614,0.1068994514332394,0.4847066196725741,0.1745146416150601,0.8515672810736374,0.07042016340861319,0.8460421423093807,0.08185845711794336,640081.4629080939,373743.0411383549,460466.8516152872,275402.85153866204,0.914932961836846,0.08500595370801495,671627.5581809855,456728.08343545994,2.719185081053585,1.641965010585775,2.719185081053585,1.641965010585775,0.20608548100241048,0.13457426218186844,1430349.6585083946,173567.23382995892,1494181.133673072,229121.69679147517,63831.47516467748,86899.42593936778,1537433.4542179175,236907.5629895916,3.6,4.219004621945797,26.24308719459526,8.763356829447893,148.0,0.0,37.0,0.0
XGBoost__provided_plus_rdkit_descriptors,185,7,1418334.2871471606,430236.0715157518,992283.1950591216,284735.9270875166,583977.1,85173.90606165717,0.6227215775158361,0.2890476608244793,0.637987094543057,0.27151030027337325,0.6724535420361636,0.20686809486866484,4308097.8,1357606.3128111437,-83204.95249155405,310804.23366138333,1412433.0576790522,415691.0118346981,0.3935270589088815,0.08579404944351614,0.5873181487274434,0.1394694836094518,0.7926925777784024,0.18277617747500174,0.8036872984663106,0.16193055370892687,510938.114124912,347430.2557728443,355803.3946064717,260208.18335375068,0.9421974327279393,0.06496594507346358,907396.1730222485,311259.0466268795,3.9178489429847994,2.3743663711318868,3.9178489429847994,2.3743663711318868,0.31947585521210325,0.271109107232559,1492061.7127225762,87350.1356240491,1496808.9881632389,88866.03574860757,4747.275440662774,7369.710030608277,1554167.914188135,83112.43914809868,2.4,1.5165750888103102,25.72764968005881,6.417468397664539,148.0,0.0,37.0,0.0
XGBoost__provided_plus_rdkit_descriptors,185,8,1562501.504461916,328188.81076110696,1049649.8184543918,177964.42849649882,616973.65625,175733.3273219109,0.5266905822810879,0.10901603222796372,0.553178317546054,0.10043897475262471,0.4936212434240913,0.08791385425609127,4816927.875,1335547.88690976,-188048.2561233108,362446.3666619887,1540426.2973659479,317247.87546883454,0.43834933140265686,0.127398724989679,0.8171421437963563,0.6269003198040755,0.7498789147843402,0.05971475677114014,0.7835896884998321,0.06046245255287864,642734.1173536665,223387.06021709365,431769.979222973,154147.65436117898,0.9176210450671836,0.04172038382997064,919767.3871082496,287689.8201702,2.739074829641572,1.1357943895630096,2.739074829641572,1.1357943895630096,0.3909304627860958,0.13040372738676081,1497128.5757621406,119153.71053199022,1526904.9667007788,101635.87007588256,29776.390938638382,48507.258209782434,1613644.3978380968,180584.92663614248,5.2,4.868264577855234,23.54218743202963,4.998662176052465,148.0,0.0,37.0,0.0
XGBoost__provided_plus_rdkit_descriptors,185,9,1228062.448188162,216703.15687468738,890440.3103040541,143714.43996972128,642276.3625,97846.81667533635,0.7443881354186053,0.08281971056632147,0.7471868774941359,0.08075789924164946,0.408043727420376,0.14832747452998352,3503086.8,1048305.809126242,-59375.6704391892,126605.90285311663,1238666.8587378731,216631.65044961905,0.3273185991940397,0.07030281289269864,0.4273098553225559,0.11885738948686494,0.8663578122878632,0.044569680734420136,0.8862850402310725,0.05424029662526333,626453.1598811762,220006.9066619516,439730.9386501003,154086.26084275675,0.9293466867199751,0.03779407359431124,601609.2883069856,97279.49018221744,2.1658781178995734,0.7620386682420528,2.1658781178995734,0.7620386682420528,0.18495855130136973,0.06090952250596918,1399770.9294242798,104820.46766164756,1485414.5247961674,111918.29760710816,85643.59537188747,52595.68938851163,1528388.6170191376,109075.53741044349,4.8,2.280350850198276,21.920560314789498,6.396250334546439,148.0,0.0,37.0,0.0
XGBoost__provided_plus_rdkit_descriptors,185,10,1393867.4327026056,216925.41386301885,964742.2096283784,155429.41436162818,630377.5,162875.61642707605,0.650406690712647,0.09257947378926892,0.665126147716472,0.09188646161490469,0.6148562669910087,0.22272202390549622,4199181.75,850870.5342994315,-50096.727533783785,299975.99835749395,1384334.0788978345,230698.7906315888,0.38259064731929066,0.10133526338352532,0.5591521481288424,0.14723415663712305,0.8172094650587154,0.05950829015358461,0.8293010352031522,0.07030027460246865,836182.336715018,194492.6075508073,590949.8010557432,149789.14189941823,0.8732750283817815,0.052423257696330744,557685.0959875877,339080.59636477876,1.7841147767614778,0.7047708193286494,1.7841147767614778,0.7047708193286494,0.22286833766913455,0.11339926717985978,1625495.5071304522,176825.4319594975,1708953.0522365966,194311.736375727,83457.54510614407,58844.22613728931,1762337.3416800466,212579.71068126653,7.2,4.024922359499621,19.835527848415385,6.011255677078002,148.0,0.0,37.0,0.0
XGBoost__provided_plus_rdkit_descriptors,190,1,1316656.126973412,289755.24649214116,905428.0365953946,222948.32437568015,580225.93125,204292.67987443056,0.6651513338149695,0.12006329630539593,0.6676258551347722,0.12063253728381232,0.4377844871701647,0.16212314554918225,3862785.0,926552.7649613378,-29307.423601973685,128236.46444681413,1328508.1767856847,295997.0589644841,0.33375453977184166,0.06400808076617448,0.45728338769488197,0.10664535938607182,0.8344870724818788,0.060323486208349195,0.8918094328189135,0.02689030466113707,709690.9501020008,56727.640670902,490156.71918174345,34191.72888221393,0.9123715254864029,0.012705781846783308,606965.1768714112,328509.0183856449,1.8831373006545782,0.5354626428395637,1.8831373006545782,0.5354626428395637,0.2472201916714334,0.1275855065253429,1428511.0437766865,179118.08012720538,1487075.1498353283,226932.23171910012,58564.106058642035,66636.35500821084,1514169.6202051002,220039.83781870152,4.4,2.6076809620810595,18.71191445654666,3.2445611766046625,152.0,0.0,38.0,0.0
XGBoost__provided_plus_rdkit_descriptors,190,2,1237377.638971731,310734.2344891553,826317.4379523026,234093.1928996549,474786.0,129885.51049891955,0.6678811367262832,0.13347143887958735,0.6848260410388474,0.11666800906324709,0.482106095089458,0.22666524453750375,3969809.6,743005.9828709658,20499.25958059211,301536.91380928695,1226911.6486644666,298679.5618639502,0.39177135971088073,0.19882155790237002,0.7575589687756166,0.7315100566600318,0.8442345368526251,0.05563380666409698,0.8577203778779758,0.057060756710512556,485638.4341833301,264189.2811434069,347319.83209292765,207456.0851934457,0.9448074698567559,0.05150575206759234,751739.204788401,383018.41782894393,3.1226970508381697,1.517512372199784,3.1226970508381697,1.517512372199784,0.2769263331304727,0.0980793064447755,1279420.997739091,89861.2060874206,1310092.6069687454,138073.4839653654,30671.6092296544,68583.8032168172,1362716.0110823282,116381.26601898148,2.6,2.073644135332772,26.499874166559977,5.197353334129442,152.0,0.0,38.0,0.0
XGBoost__provided_plus_rdkit_descriptors,190,3,1151055.9296058146,151099.77107378488,809198.5965460527,123135.6477088664,568803.2875,185906.18717968662,0.7932830954554065,0.03521248985988477,0.8002175720408479,0.03670273045871111,0.5522552343030791,0.29766335215799744,3844477.4,873397.2369581753,30543.126809210524,232548.41428228092,1146459.6484909237,157071.32309149607,0.3374688077218183,0.10892747551095022,0.49746093801055247,0.1898967594733707,0.9008342359074181,0.019995178226543273,0.9069292775681917,0.013765657829893817,670566.9908569341,290892.9453670966,464967.5736636513,205632.9250489633,0.919719387258332,0.045358258928496986,480488.9387488806,207526.15079376556,2.3796260325316276,1.920218542581604,2.3796260325316276,1.920218542581604,0.12643629180292548,0.051487961616108024,1461562.4584029948,149985.1809567964,1529647.1865145876,172316.60725981792,68084.72811159259,43261.56099849069,1584781.4374786657,183969.16331420897,5.0,2.449489742783178,23.400098414872847,9.054629916795822,152.0,0.0,38.0,0.0
XGBoost__provided_plus_rdkit_descriptors,190,4,1321516.6573117566,210862.00133061456,933486.047368421,163633.94478064403,563874.4875,173725.77322358818,0.6607045761765903,0.08318036970282632,0.676814509116425,0.07760819057541202,0.5515070707796192,0.1969430070335887,3753827.2,717259.0914717986,19547.804111842102,341790.2101930718,1305678.9876752011,190281.62891332727,0.37034538545557744,0.06894868887129806,0.5350959411853363,0.10540499939767614,0.831270673501663,0.0365164470164877,0.8280870279262503,0.04848967572413808,578711.9947529386,321823.82457375125,411784.9079204359,236081.70519631906,0.9278256356353731,0.06131450940845987,742804.662558818,370769.70025929116,3.220458335424167,2.266925839458515,3.220458335424167,2.266925839458515,0.26712105945878273,0.12277575084236513,1450919.7023449535,148228.12184060644,1513761.9326314463,104628.86508795615,62842.23028649278,88651.74216776468,1560087.3224902325,116092.64887591991,4.6,4.09878030638384,23.63320692810219,6.9365756938304655,152.0,0.0,38.0,0.0
XGBoost__provided_plus_rdkit_descriptors,190,5,1377099.9518348426,298696.41028187855,945031.794819079,170982.55534574925,612055.9125,135415.2329149255,0.682526092051569,0.11476938713194582,0.6978981971411272,0.1158506576183508,0.4776318285725276,0.04738738595763387,4268158.9,1246743.809063053,45579.9078125,354835.6576940497,1358775.177849259,293918.516722746,0.35750368904927454,0.022648020628453287,0.483283547424609,0.03421859341875015,0.8443769097020628,0.0591250614043352,0.8743826327551456,0.06068921531614691,732118.8163984647,64996.71127434698,515807.1950863487,37658.74211578807,0.9129485815158664,0.018796333250764925,644981.1354363778,304914.3143404958,1.8951315646699567,0.4577740261656863,1.8951315646699567,0.4577740261656863,0.23042248946429744,0.11994628514416832,1405813.7960713427,165575.80188914124,1465112.232567892,171967.7672437056,59298.436496549424,28149.71250562385,1529915.9764358057,183869.94238841793,4.4,1.6733200530681511,17.716277344351017,2.7008420454541957,152.0,0.0,38.0,0.0
XGBoost__provided_plus_rdkit_descriptors,190,6,1343283.1408408105,257422.8078895291,913670.4560032894,186298.95654414056,601568.85,160379.27890309205,0.692299581789778,0.11293422796709457,0.7063964324165279,0.10793398751238086,0.49055702464140116,0.08671299485522181,4345213.3,552928.018945233,-38665.14597039473,318159.1655548993,1330012.5419855628,259773.44892168665,0.3536497423454239,0.04774192245441849,0.4935306741713535,0.07236797169624525,0.8558881595863964,0.06491409289401932,0.8845188604854766,0.048592647861153165,637867.5372810785,192871.30432512742,451282.20982730266,139105.82900631652,0.9293008269539389,0.0332071989116428,705415.6035597321,112935.74050813794,2.228861592934483,0.5340578087989576,2.228861592934483,0.5340578087989576,0.23700124516416085,0.09440699197497661,1453611.201930271,88451.8505724828,1543913.6610227092,122908.85616727518,90302.45909243808,76872.33751267205,1601884.4383090984,120507.29386463115,6.4,3.2093613071762426,22.72313560041381,10.698761800170397,152.0,0.0,38.0,0.0
XGBoost__provided_plus_rdkit_descriptors,190,7,1198942.9204413423,357270.79166933836,817102.4007195723,226295.3121846987,472934.5125,197374.20095890152,0.7172795475952285,0.19339370388769736,0.7229577924384645,0.1945222839963632,0.5885098948108234,0.292362804639094,3305316.2,1205659.7773138883,63463.08530016447,182956.69745259813,1198208.658433974,377236.012741458,0.4563866870603922,0.2888449555305906,1.0122944733081836,1.070851598625013,0.8456109982423055,0.12260678702023813,0.8700193769329602,0.06231404898529157,473552.7507788619,252277.87559683024,332190.94303364004,179401.67739565703,0.9529049939589391,0.038797822198159776,725390.1696624805,374877.94849677803,3.4024725377485354,2.2413728392663126,3.4024725377485354,2.2413728392663126,0.23562544636371063,0.17656266345511437,1499311.7678137678,157916.1979964353,1514276.0094459835,143130.41505971376,14964.241632215631,32070.674929045563,1551345.5625543748,174117.67850275355,2.8,2.4899799195977463,24.725769099226405,6.135645240281596,152.0,0.0,38.0,0.0
XGBoost__provided_plus_rdkit_descriptors,190,8,1395508.6416759542,128421.3513059379,1010528.5136513158,106747.82863124245,692318.03125,177143.64626156585,0.6667628008471393,0.04913834234831168,0.6726868628466838,0.046199382291591345,0.581545966405989,0.1922060132548401,4178690.2,698462.0858988473,-71984.87845394737,186484.48401234028,1402251.9358989513,129531.66902686589,0.3985605667063236,0.08076109470571716,0.5505914502323831,0.12136970575526783,0.8270486615290219,0.026776712128814145,0.8357671569142774,0.04904130650976848,821525.9172479075,483752.88008775434,589801.7930150082,377117.16333208367,0.8565974514797281,0.13272555291575744,573982.7244280467,504800.5916875995,3.570966769006297,4.65087477873882,3.570966769006297,4.65087477873882,0.1898346506325888,0.13215820158021122,1526540.9601616696,222678.6731141117,1577676.2992019483,285712.49708058644,51135.33904027873,67072.41146030038,1624819.9964457005,290100.02206814615,5.0,4.527692569068709,22.945987044560365,6.943257975064604,152.0,0.0,38.0,0.0
XGBoost__provided_plus_rdkit_descriptors,190,9,1177615.646029605,144171.2187459598,824852.8910361843,96731.30654665161,516417.59375,84819.4381589653,0.7609458558030828,0.06283299474495312,0.7881884092197815,0.04757629825941154,0.5255945373383708,0.220996881978257,3487295.8,341998.4682210945,43687.45764802633,435991.37778831774,1127100.3787822113,126691.30742857678,0.341789427409486,0.0318754403682124,0.5048189403568426,0.09176081929253024,0.8977257536200606,0.024385721881082997,0.9067491378051246,0.033655104963287864,484405.42983228184,318971.50482646975,335833.45729851973,228602.0326937818,0.9491318449949484,0.046892024949231295,693210.216197323,422779.2534211992,4.849456433156487,5.123057945606039,4.849456433156487,5.123057945606039,0.18818598919186552,0.07964204481080867,1403849.4610928174,105271.78435799664,1422708.1466247612,126154.66575752426,18858.685531943665,37220.18366029808,1510046.4572830957,126023.40849750215,3.2,2.16794833886788,25.3071661511836,7.598011720048812,152.0,0.0,38.0,0.0
XGBoost__provided_plus_rdkit_descriptors,190,10,1178202.6573099475,70004.84872709925,828414.65625,48087.14249236878,496828.80625,32245.92488955182,0.7677813487932499,0.06190345017363545,0.7819134725243925,0.049455034693755,0.5563260978321944,0.2938307047482177,3442071.125,446834.1125007447,58735.4157894737,297293.300417183,1161368.6625550461,77200.95231621207,0.33752564391834666,0.06969696897303283,0.5102892037833081,0.15926379500766352,0.8939347896274853,0.017786777536411367,0.8969893597508112,0.030625115312952235,533544.7086156019,300538.05067549384,390148.79382709705,228399.99066205687,0.9434761579476942,0.04648715835732291,644657.9486943457,309190.89016250864,3.280866557010687,2.501743692083616,3.280866557010687,2.501743692083616,0.1756948091544444,0.08636984119447406,1308017.5188438562,92374.57722494655,1359644.213806223,122090.39547068316,51626.69496236672,36151.4307796303,1386559.4153974014,110798.655927417,4.0,2.1213203435596424,21.961397437947845,5.633882094291803,152.0,0.0,38.0,0.0
XGBoost__provided_plus_rdkit_descriptors,195,1,1297415.8148390525,240523.87240594867,954795.3638221154,159684.0935183384,654557.525,117748.83088606177,0.7071866288981778,0.07723903333405495,0.709865340127909,0.07862292119177881,0.6286677070261201,0.24367633703748856,3640545.05,1037149.8356512971,-15605.003245192309,128262.25437196434,1308414.1764625523,248443.33898447396,0.3799259025459998,0.08009168988842023,0.5416651214495194,0.1409800618163064,0.8456811255395884,0.046554696806949784,0.8626375825187648,0.02565544356497251,698906.677789579,221086.45899148312,479402.1681340144,161709.5653135173,0.9114465120722464,0.0491512831757873,598509.1370494736,369591.30816484045,2.0417666948250885,0.7601123871442279,2.0417666948250885,0.7601123871442279,0.20425988317406846,0.10253484778038681,1416232.0561983653,129865.31841797114,1447333.7479257635,139199.29875820648,31101.69172739815,24191.734173747118,1549136.8704774473,197099.2313932603,6.6,3.2093613071762426,20.071441194352303,5.02395325865138,156.0,0.0,39.0,0.0
XGBoost__provided_plus_rdkit_descriptors,195,2,1240256.6812691845,266484.31980696524,889874.9673076924,200360.192959245,608276.7,212252.17206864164,0.7439733742919055,0.12064916758748674,0.7613790002242744,0.10691811886208025,0.5091354785592237,0.23975358320403195,3415071.55,890500.4632344809,91120.63237179488,337665.96934696357,1217490.8790943832,256422.8684213871,0.3524865593368952,0.06790914862778026,0.5018160176617907,0.14111092423727964,0.8793889852531125,0.052413332794730184,0.8778157148349,0.054469930175025175,688704.1375225422,108831.01446760407,485656.8335336538,84071.71789192932,0.9259587017744504,0.023680419819442338,551552.5437466425,298105.8669231983,1.8437121057416337,0.4880860829209268,1.8437121057416337,0.4880860829209268,0.18198532748254506,0.131897161157692,1406367.0730992877,110039.18683080991,1438711.494585763,115467.10693617932,32344.421486475367,35432.956230065276,1542757.5734912346,116216.29749858726,4.6,2.4083189157584592,21.7010812405366,4.919563149097812,156.0,0.0,39.0,0.0
XGBoost__provided_plus_rdkit_descriptors,195,3,1260838.2282330403,98848.40587424941,880952.6630208334,81400.9483349623,566522.725,165725.5584433569,0.7284707476638754,0.060590049253405616,0.735564370365586,0.056233373178344696,0.4845885388103639,0.2316941999291397,3963041.2,698779.5790648687,-60118.62231570513,207960.7263824384,1261688.7277810795,103039.36274102077,0.3319450348409857,0.07442974021264483,0.47392874596970075,0.1327459411026477,0.8649842607543953,0.03478700536642887,0.9004154897866437,0.04033759604698546,556907.3297475302,331823.64406744484,381016.6785456731,234571.65377670107,0.9344300135067986,0.05890020854126387,703930.8984855101,368223.85605888534,4.45087663259879,5.506472292876662,4.45087663259879,5.506472292876662,0.20595926584292307,0.09450747293853616,1469712.3683659933,129268.8146636692,1516677.0854596067,169771.9882797232,46964.717093613275,62892.086005925674,1565057.2913270497,174196.39016572628,2.8,1.9235384061671346,28.145471912749507,4.028087121476789,156.0,0.0,39.0,0.0
XGBoost__provided_plus_rdkit_descriptors,195,4,1245725.8631329837,165735.87967604882,972107.5035957532,84020.49768219751,829425.65,91234.19435554987,0.715395864932345,0.05481239148486216,0.7270443889224044,0.04533328100878691,0.5895299050451536,0.1847867170108486,3535162.6,1133323.632271548,14938.742237580125,246209.95647357183,1240500.9566216534,181591.19204072544,0.452558521575395,0.13223483338574774,0.8459617069813301,0.6372785530951476,0.8563814603205622,0.02898269470890446,0.876944916423502,0.019684538844055723,923318.1029143609,133004.21602055337,683424.3768755008,104098.65359496628,0.8511601472322855,0.03738520331271392,322407.7602186227,289073.4088618195,1.3928201614389515,0.38994660010458554,1.3928201614389515,0.38994660010458554,0.1357642822999407,0.0803472566456282,1511707.9763993486,210878.52051054037,1610417.5719965254,260338.02046075146,98709.59559717681,63500.12890268255,1645125.3036674536,269629.6765785484,6.8,3.7682887362833544,17.39174561904679,4.661264070582298,156.0,0.0,39.0,0.0
XGBoost__provided_plus_rdkit_descriptors,195,5,1186341.483753069,127266.22353159185,840426.1532852564,114178.73179716947,497563.65,99839.44249465613,0.7544875350961373,0.05585586949709482,0.7573781085695551,0.05385819630644015,0.47718902624546,0.1366238256005112,3486654.65,495673.0515973206,-7587.9797275641,146371.65889252472,1194857.3532399256,124536.60435659575,0.3341048722385094,0.0507864174484817,0.47462701293108267,0.09561584230531638,0.8715699025488108,0.029824771247453336,0.8979017962251807,0.038495803367069474,676400.7364117544,313899.54006769415,485784.4779747596,227892.05441538768,0.9089347526259894,0.05176333143687663,509940.7473413147,219431.20265226415,2.874457463871434,3.0566801113775957,2.874457463871434,3.0566801113775957,0.15444721752985213,0.025611571498529186,1519373.6246339094,103381.2946928656,1545690.5986824308,126324.0771352488,26316.974048521417,30901.81927556776,1596864.9821834746,122638.9259521287,4.4,2.701851217221259,21.361329753057003,7.28745006752448,156.0,0.0,39.0,0.0
XGBoost__provided_plus_rdkit_descriptors,195,6,1184811.0668140575,170964.36251658172,900988.0919070512,119724.43476675883,721291.6375,143383.3045229557,0.7441425337280726,0.053878387265640156,0.7510981163858451,0.056746739546758775,0.46544166986001223,0.04920285101699267,3061118.85,810226.8402521528,-69442.25408653847,219447.81134249052,1182097.8418758665,169089.53844834396,0.34710738860739,0.018296011518257587,0.4709588317154355,0.0372394088611687,0.8695773315475204,0.035283745610681344,0.8805772294027687,0.04159316574384596,761886.945821871,83780.30916264205,563240.012860577,75465.64829707882,0.8986378651555864,0.02008460382815036,422924.12099218665,235981.63389953435,1.5861784695185093,0.3920711553465095,1.5861784695185093,0.3920711553465095,0.15449533142751376,0.06650657183701586,1456013.4901897148,88321.57147821426,1542369.9821026432,129128.5097336156,86356.49191292864,68194.11793133974,1570656.6489129649,112491.69761544009,5.2,1.9235384061671346,18.957343365236326,4.095779741646075,156.0,0.0,39.0,0.0
XGBoost__provided_plus_rdkit_descriptors,195,7,1312699.8154347476,317509.4801755298,972168.7870192308,211437.67307534124,745174.2875,142173.128219526,0.6873340396196232,0.12177967025639705,0.6908191644290465,0.12063687502782151,0.616054211636152,0.1898517286340043,4130269.6,1429933.1858730935,-41865.81330128205,144866.9507708167,1322230.1903694572,323993.31470906106,0.37726118278193066,0.07022578432912654,0.5506406680571843,0.10377913691389576,0.8327710443331812,0.07005861784207905,0.8470147264305714,0.07285952786684999,793079.4417552622,93147.38106456993,567673.3375600962,75479.26764786735,0.8894106181887327,0.024979491486362478,519620.37367948546,324608.9914117028,1.6726834831908861,0.44057877478165336,1.6726834831908861,0.44057877478165336,0.20207657856910935,0.11529608336443772,1458181.937794484,205993.71195025064,1507137.1111211097,168143.48056760815,48955.17332662563,51898.28882554626,1590858.7951858728,197851.0971392891,7.8,4.919349550499537,20.766942654258727,7.374048751738156,156.0,0.0,39.0,0.0
XGBoost__provided_plus_rdkit_descriptors,195,8,1361999.6519979325,265883.8663063486,938570.1167067308,178806.67488052035,590741.575,59744.76090561205,0.7112964620710772,0.12370675887968875,0.7156449071796845,0.12197996556472204,0.5800384439433394,0.34585142254601303,4484987.2,1911326.0922176717,-114107.91670673077,138466.11879637474,1369621.4591868098,266775.9366139102,0.45167080975029056,0.13689839532896558,0.868859902573121,0.6372330094973526,0.8472441298624597,0.07214709499479936,0.8506569847075426,0.05537604896324528,714868.4103968713,281254.7441995828,488297.5636868991,203134.14758396233,0.916011922417131,0.04792381776764472,647131.2416010611,394473.43124492845,2.468022828956706,1.8342912088661465,2.468022828956706,1.8342912088661465,0.20471546034605384,0.1385495170789308,1618299.5620179237,60540.51133947635,1702219.75396484,83082.09611629615,83920.19194691652,54887.45052016415,1744209.8746662207,80550.41589066898,5.6,1.949358868961793,22.3377406939185,3.8813429321954422,156.0,0.0,39.0,0.0
XGBoost__provided_plus_rdkit_descriptors,195,9,1370922.0876475142,113845.57477787064,978265.8788461538,69546.20677093462,604063.5,68538.59946312872,0.6705861911271269,0.08929378559936692,0.6730329216106796,0.08947809404603105,0.5775431637121187,0.18721778938387187,3961416.8875,1019146.846526677,-59290.7733974359,119728.77897890974,1383345.8574716658,114586.51481669019,0.38633238779062057,0.07537146400032635,0.5429087812098571,0.12198469295586375,0.8249873358118606,0.05453752706267262,0.8332136503618536,0.0694258912645384,711126.5889543714,332652.4168455859,486315.2375100161,248000.80513687135,0.90327727421947,0.07017540869080739,659795.4986931428,283578.5217656508,2.4019483201914023,1.323188008109705,2.4019483201914023,1.323188008109705,0.23269108309234307,0.08373131532498912,1480996.9062998407,117669.61266685968,1550861.0084947222,70240.51945263172,69864.10219488145,82938.97242631637,1588905.8716114948,96584.86072195771,5.2,4.43846820423443,21.810879720673533,7.3513347081054485,156.0,0.0,39.0,0.0
XGBoost__provided_plus_rdkit_descriptors,195,10,1333139.7236326835,315207.7216127373,940872.7713141026,218876.76649125092,560729.475,186705.629535097,0.6524889201572254,0.14670851521765482,0.6667165285946643,0.13459926733735755,0.5082105027346222,0.13955060540165395,3872705.9,963823.3435305099,-90504.80560897438,267546.98515915754,1325663.4497130397,318287.6976357433,0.43113241604760005,0.0745340728533044,0.8429023057572838,0.6175029707458459,0.8175962357339065,0.0811422784681496,0.8668035430108738,0.04981625372385951,722533.4505405773,249763.9010952424,510230.51535644534,182562.29483122058,0.8928463172840244,0.07297134114658287,610606.2730921063,315213.0836105816,1.971313024323912,0.6369760334461586,1.971313024323912,0.6369760334461586,0.24035739712679902,0.1468628098289518,1441619.3938634878,106241.02705784433,1503144.8781389054,141743.06895068166,61525.48427541759,57240.037027368206,1547293.9538132453,153770.06922580107,6.2,4.658325879540846,21.05386521291694,6.357128462574322,156.0,0.0,39.0,0.0
XGBoost__provided_plus_rdkit_descriptors,200,1,1214132.5815137194,294103.28418082534,835210.9299999999,160256.01035369345,509108.7875,118009.70582712877,0.7477332571340393,0.08547530260668103,0.752047901549651,0.08065971169168897,0.4145317835867449,0.10399003191002143,3917819.05,1420710.2287070674,-28067.493593749998,185354.87646940854,1219693.7030040275,287743.16273263213,0.3202792564145671,0.06334407782552079,0.45173363356886237,0.10599834275644417,0.8707226477473388,0.04611775660001895,0.8842177299722703,0.07332061910621239,607683.0023364403,209601.60459576084,412900.51079101564,142945.50418795165,0.931971996226603,0.043686322382883135,606449.5791772793,240336.7126973152,2.1254257970639,0.6067208011505922,2.1254257970639,0.6067208011505922,0.18423873909256375,0.06397871784794466,1370655.6913479217,108059.8460035687,1415740.9058529816,77821.20328700451,45085.21450506007,49373.0113511348,1453578.837579287,99587.08443743117,3.6,0.5477225575051661,22.75269904982635,5.3575190460915065,160.0,0.0,40.0,0.0
XGBoost__provided_plus_rdkit_descriptors,200,2,1495501.8400172195,224218.58093293986,1037199.1145434572,183628.45556420996,669409.2125,244325.68798899575,0.5883456617309009,0.13195666949360488,0.6072673436762526,0.1258834144796774,0.5117546112751468,0.1949764938092774,4343969.85,756985.5412507808,-84276.34907470705,361424.650620396,1478162.284384532,211225.24174947568,0.501213046326711,0.24703153730542868,1.009295924596253,1.0326722190119435,0.7900900815423848,0.06833713796092047,0.8342106222931353,0.09802039247875996,719062.3530991103,207789.37429137598,504166.13156249997,157747.9622534381,0.9078026361939333,0.044253184343570326,776439.4869181091,233722.2942335817,2.2119948847252013,0.624054594441132,2.2119948847252013,0.624054594441132,0.3194569744630325,0.10143447249303472,1400781.7811744947,110841.6020147489,1435206.4418168664,124899.35790783573,34424.66064237179,34442.18329518537,1495693.3046522585,124322.6306406772,5.2,3.1144823004794873,23.311382496060293,6.622196455492911,160.0,0.0,40.0,0.0
XGBoost__provided_plus_rdkit_descriptors,200,3,1391806.4229363208,203849.9215020324,944494.5214453125,163322.31281145578,535819.471875,172052.441819462,0.6337896625085241,0.12448816455140337,0.6418664249097332,0.12351970852441922,0.5258770120306708,0.2849097089458745,3934223.225,653600.5471669293,-118141.79050781249,188617.22498793164,1393386.3138836962,211717.69539660896,0.35891390681058877,0.11471379910749425,0.5359113113287506,0.17998972664083066,0.8097985722168272,0.07141941289684568,0.8195758357128804,0.08008064293508352,579461.9058468683,164117.30587690897,406331.5633544922,115688.78283525353,0.9355141765339852,0.037378646776208856,812344.5170894524,308567.7105491753,2.6197851153674474,1.0173427010957874,2.6197851153674474,1.0173427010957874,0.3017245140254611,0.15521551257270416,1383391.7543636442,64069.60999973227,1408863.7952930015,56481.71434201603,25472.04092935715,28091.584459513364,1468378.280875853,76758.90604475867,3.4,2.8809720581775866,24.313972628755742,2.1686464143935935,160.0,0.0,40.0,0.0
XGBoost__provided_plus_rdkit_descriptors,200,4,1414202.8294931229,186562.01180798578,1042243.4398828124,190929.73639198157,666913.31875,215361.96533323056,0.6628691421370434,0.09806781149837593,0.6871929442421983,0.06600138159890323,0.6030475310031973,0.1975492704321554,3703774.1,583912.5262460551,39860.870585937504,377219.7260726561,1389658.4160415262,194532.75219767328,0.4717036856767332,0.15270273352100214,0.8942048373686484,0.7159165779733472,0.8434302584384563,0.03457893181863544,0.8857826850180093,0.028712146389157176,787085.248849585,306825.7481516431,557346.1358447266,209023.88531379955,0.8871060284200519,0.08429832894435567,627117.5806435379,279014.5894414462,1.9968218224437215,0.6849111309086737,1.9968218224437215,0.6849111309086737,0.22423688628300847,0.1351957093532128,1422615.366733777,141760.86996708086,1494227.573529717,158187.26462826316,71612.20679594009,47627.222860202775,1547563.888473777,172100.02922768024,5.2,4.08656334834051,20.117174140789192,5.269814808352398,160.0,0.0,40.0,0.0
XGBoost__provided_plus_rdkit_descriptors,200,5,1345401.9457087736,304171.9076999278,975367.9703710938,214416.40960434065,658516.3,268071.19763991516,0.7147474366545998,0.09212941747939332,0.7252068666363477,0.09770452738991943,0.5983672522047875,0.5638095206103176,3879383.6,1238269.8353554977,36696.323378906236,276751.11463983153,1335760.0394305782,323947.52757450275,0.3571512276062726,0.11642163161255893,0.49953227349206575,0.22743802427190907,0.8534503882224225,0.06223027311838337,0.8766687865587738,0.06352494002782469,776362.9485758606,141525.26626710262,533119.0738574219,99218.1660926673,0.9063573624306404,0.029224029929712167,569038.997132913,421797.9079060916,1.8491151515438644,0.8560366069470048,1.8491151515438644,0.8560366069470048,0.19160992577604058,0.11418196626646619,1431271.892956145,130287.01188750591,1474113.7013808896,121637.3664132181,42841.808424744566,39947.4485564632,1543477.298974454,120932.49986173092,6.0,1.8708286933869707,22.581696084516288,6.830244003037116,160.0,0.0,40.0,0.0
XGBoost__provided_plus_rdkit_descriptors,200,6,1144640.2800110278,287032.29515827255,798869.7459374999,147614.09319096737,523746.53125,91015.78803354497,0.7568531421083037,0.13799285611139614,0.7647884283118278,0.1262264694726731,0.5157548622234629,0.28577577216510075,3517581.9,1330581.4873113348,3782.0171875,233956.6053468307,1143363.9117426244,272004.74728120025,0.33682766144272247,0.06139752248841113,0.49071009796925047,0.14846555082517437,0.8793640556017321,0.07982542345987718,0.8803225868590923,0.0659402068300905,485920.63024825894,161914.80283625264,314383.68928161624,100016.48728632674,0.9559991773717463,0.029886158019457015,658719.649762769,377945.4672909944,2.5940915612493987,1.1983590930683785,2.5940915612493987,1.1983590930683785,0.1991460352634426,0.14970069017518375,1322519.0666858763,108487.27785285746,1357259.3007677332,125653.57805463811,34740.23408185686,40921.48199509082,1412200.5076647429,152499.06036322983,3.0,1.4142135623730951,28.8158758163897,3.344040487296629,160.0,0.0,40.0,0.0
XGBoost__provided_plus_rdkit_descriptors,200,7,1172630.127853386,205516.79316103866,855770.59109375,124256.12572509372,598208.525,92543.93915886784,0.7568475052003314,0.05861066321135887,0.7713134123618739,0.06268435471979163,0.6127571142878707,0.2642038699957636,3545411.35,903383.6583886232,-95653.4328125,346863.11454154586,1145468.1934027905,175978.56669100886,0.44751817263526794,0.12858104035377046,0.8503520420310127,0.6321019881142045,0.8872776720748817,0.041556955855832134,0.9015779589499161,0.037636914741990796,830361.2422221985,159743.8326960035,589060.2760498046,121135.23426150184,0.8797805919767814,0.03884645139973593,342268.88563118747,292201.5356085178,1.4842746685156207,0.5510376533739462,1.4842746685156207,0.5510376533739462,0.12293308677645001,0.05959567608416998,1396961.137153666,43381.57534216846,1487006.1998398392,74882.80636939722,90045.06268617325,85763.97091563512,1561690.4744713171,56343.28011419207,7.0,4.183300132670378,18.72900949171509,3.005300693561496,160.0,0.0,40.0,0.0
XGBoost__provided_plus_rdkit_descriptors,200,8,1273954.3410233534,207438.93112699394,897052.078515625,127017.91002725612,592212.525,105010.46426731904,0.7308261785743608,0.10904284149700173,0.7343080773568902,0.11010366092200191,0.5941630794022016,0.24205091354704047,3923665.275,1137644.5712644695,-34450.149921874996,160101.46814071425,1281133.9110951903,213097.12037525888,0.4835133164240905,0.12893189451555495,1.1422280583805922,0.7536794933039836,0.8578026641500486,0.06817570467264093,0.8555593975333358,0.07624268177007713,566245.0640287905,301876.11033843074,386965.43192871095,208290.09097536193,0.9392221431143672,0.05008722392279585,707709.276994563,249532.46346439287,2.9626999197077892,1.766896047395413,2.9626999197077892,1.766896047395413,0.20839596454000636,0.07452931034626764,1398622.751119872,188914.6300414127,1427909.1710957256,170414.27898478392,29286.419975853387,33780.044751114554,1510606.4937059758,213485.5798495153,2.6,0.5477225575051662,28.383741805484856,0.9247426342545118,160.0,0.0,40.0,0.0
XGBoost__provided_plus_rdkit_descriptors,200,9,1306348.7847689104,145352.1226742218,893367.9330468749,129768.39050626238,546890.275,173638.6374201496,0.6823237626558754,0.1438392612714612,0.6883363920842671,0.14518158296789055,0.46325023130838694,0.13848298395450187,4088713.7,1866551.156552493,-68810.55460937499,204998.1942429197,1308387.9617114302,143279.1657667148,0.35544577948314854,0.07370076242078372,0.49877403308045565,0.08124508821561995,0.8359580297098328,0.08108242443225148,0.8605350786791368,0.05173375074978942,799384.0155794236,111164.09287164423,562723.4588281249,87496.91095216638,0.8898893667596418,0.03610680070436383,506964.76918948663,236264.78716052623,1.6753723243117347,0.39748043356332124,1.6753723243117347,0.39748043356332124,0.20756560410376648,0.17583521975305594,1376365.1833621713,87817.34074565872,1452497.1514895451,128672.51312306339,76131.9681273737,67062.34529501111,1480422.876395348,138865.3583901986,5.6,2.9664793948382653,17.926862047840665,3.189717617743864,160.0,0.0,40.0,0.0
XGBoost__provided_plus_rdkit_descriptors,200,10,1270005.82194411,257794.27863650315,922740.456015625,214415.1082043956,634693.46875,161867.02116117955,0.7047654551898985,0.12454404196134694,0.7074966635363833,0.12094435601133013,0.5887287880134071,0.2601043470681325,3655220.75,799154.4249314006,19400.636796875002,136879.49346483196,1280897.5984513809,255791.19910653346,0.37832307209756266,0.10448421310933755,0.5414209200420478,0.15405221829294335,0.8570864801602072,0.06332895429047278,0.8622500409207994,0.05751149841751821,810745.5605379094,211503.10575060447,583274.7953320312,145865.65168883614,0.8854872537860311,0.05768378122071563,459260.26140620065,210902.3381175095,1.6219605351088728,0.4170136729713894,1.6219605351088728,0.4170136729713894,0.18072179859613255,0.09023823230252734,1488156.2102232284,136467.64518224084,1580852.4370101492,187504.80328649495,92696.22678692099,106753.39712411574,1651313.941846046,185360.32950932032,8.8,2.16794833886788,16.703703262103325,2.0519374241127792,160.0,0.0,40.0,0.0
XGBoost__provided_plus_rdkit_descriptors,205,1,1359732.0329732783,244118.9485516048,958677.3708079269,164076.59370218942,596702.7,83967.68122625785,0.6582504677468413,0.15345633615858922,0.6741170854759313,0.15026418774300093,0.47267233694940824,0.07934793514853235,3869062.6,576940.8501787033,-69714.70053353658,327323.75317788625,1342248.3509850693,248727.6236230643,0.36201025966688494,0.028861744111088175,0.49618736988807594,0.07092577854338428,0.8319276684173331,0.08687112619993684,0.8693911594353286,0.08567306806437068,848634.357475801,137164.57631189458,580102.6720846037,84103.5726660174,0.876535475960521,0.04271258403656476,511097.6754974775,288093.4652645397,1.6375206734152747,0.42056375653016553,1.6375206734152747,0.42056375653016553,0.2182850082136798,0.1710973152081341,1329775.7642359403,71184.77931991298,1361493.95333795,94920.77481584382,31718.189102009543,31302.0386875705,1406835.772060999,81804.46818218057,4.2,2.280350850198276,19.257195598780292,1.1667225155027652,164.0,0.0,41.0,0.0
XGBoost__provided_plus_rdkit_descriptors,205,2,1182566.1843618308,154792.55936781853,855018.6896341464,141921.268943872,584415.825,143872.52007467407,0.7700555454421032,0.04451395216844288,0.7780585222175953,0.045286102648790814,0.4598600159806675,0.07502727079835547,3447408.85,239136.88676856717,27285.621646341468,274450.37026254367,1173257.9370374545,132334.72937950594,0.34482206594544157,0.04601683702809348,0.467541994129674,0.051580055792163376,0.8920016545465602,0.028526273140112562,0.9051528956927559,0.03413377062520943,681022.7841786647,193736.3055124858,480177.15447789634,148511.94302808176,0.9209742669783916,0.041511041523951846,501543.4001831662,83382.93335653997,1.84384648387617,0.49194041192926274,1.84384648387617,0.49194041192926274,0.15091872153628835,0.05498261127285704,1348701.7347493905,78448.45960977268,1406635.4629201565,101701.14636805133,57933.72817076584,58398.36175567956,1436558.0780049306,104303.85308254733,5.4,3.7815340802378077,21.558690357810157,5.933382182414561,164.0,0.0,41.0,0.0
XGBoost__provided_plus_rdkit_descriptors,205,3,1483658.4014433597,442518.7066354451,1057473.1328887194,302340.88249081676,684978.65,161835.0076196288,0.5958836036289776,0.21476683838395333,0.6078082463142492,0.2157712235705565,0.6444673819094685,0.2500630842967582,4683293.6,1437851.581119799,-24901.45621189025,287704.33818292874,1476869.1620082061,457158.8867712683,0.41976277811681906,0.10047129478084466,0.6032751501088727,0.12811474239198814,0.7835302501063877,0.1322539391531958,0.8227376917121744,0.09675228501476352,803121.4163593829,361435.8690012214,567041.6430949885,258247.3352410315,0.8673219050664371,0.1025427661814073,680536.9850839768,388665.14484028256,2.247002196938773,1.4731640840709421,2.247002196938773,1.4731640840709421,0.2714383014374596,0.16565009115503518,1497590.7055097395,128269.08800842805,1598479.986000821,139898.11602616258,100889.28049108149,82413.44062775666,1632745.1331106317,124316.63361444818,5.8,4.207136793592526,20.591776690934353,4.508445361727412,164.0,0.0,41.0,0.0
XGBoost__provided_plus_rdkit_descriptors,205,4,1291556.944310027,161261.1276946923,911130.1044207318,138332.50314573935,561140.45,170066.5285974874,0.7289267746381063,0.08144919024314604,0.7421729009033953,0.0804284484113133,0.4485037727884896,0.09844915193919936,3732688.25,782858.7100100663,-42831.93887195123,331710.9200387146,1272646.2566777891,155769.31545449074,0.35488009427190925,0.05263953597994507,0.47969533791378033,0.06528663847885205,0.8651897375987823,0.0450680967510536,0.8908871966082754,0.044848979417289075,639599.6494113131,299941.03528461535,448616.3326028964,219037.06268604228,0.9260772687550434,0.04154642463982167,651957.2948987139,350665.2526098078,3.64346645056102,4.354143937105129,3.64346645056102,4.354143937105129,0.19715049411693708,0.08485781965978283,1341384.5107218777,144365.03107873452,1391052.2761919454,168170.31852756982,49667.76547006764,29105.958881548526,1435618.714081556,190080.25268936763,4.4,1.6733200530681511,25.53953467374213,6.484319501651739,164.0,0.0,41.0,0.0
XGBoost__provided_plus_rdkit_descriptors,205,5,1353362.0881032457,265279.0047960297,961842.6064596036,151967.4411110653,635745.15,109475.98726602248,0.6506079214858964,0.1637039960738604,0.6689425076376607,0.15789398535215554,0.4848649188705226,0.1383035995492366,4062219.4,850222.8097013307,65497.36366234756,352831.67216412735,1333023.3924250994,254101.3884025178,0.39265206404828434,0.12281161736292091,0.7270500624801715,0.6089249616550813,0.8381879617621306,0.08305932833381181,0.8683233150065963,0.07992165242146021,790629.9107362622,82088.58182584279,552656.2083174542,61375.20982162809,0.8872963333932118,0.023458563827006992,562732.1773669834,297543.81874574436,1.7341802921391962,0.4093918461211778,1.7341802921391962,0.4093918461211778,0.23668841190731538,0.17448895981850193,1339784.459016788,52146.39232120622,1391327.2568780817,107826.14998609062,51542.79786129375,63602.583302536295,1453807.4692707092,93420.3923067366,5.8,2.280350850198276,20.477224783879898,0.4572325529165144,164.0,0.0,41.0,0.0
XGBoost__provided_plus_rdkit_descriptors,205,6,1180926.299975763,80472.83712856034,790835.8172256097,71179.56531403126,476173.725,120920.87607141344,0.7718382988078136,0.04568265648545657,0.7757581101221558,0.045847055410955954,0.38227790013417445,0.06928590475929822,3746268.25,434835.7408981436,25649.725762195125,170509.22233192783,1185150.9202119545,84147.00712612586,0.2948751824968151,0.013611709966950493,0.4125463984102968,0.04581884950184218,0.8819791107204811,0.026520518522144338,0.915209400658051,0.014041724169498957,537036.3491797112,300209.5865638308,364668.3154225419,204099.495390833,0.9428775162221628,0.04514164985607707,643889.950796052,273212.9400311089,4.479455844809342,5.756102351468983,4.479455844809342,5.756102351468983,0.17103921741434908,0.048321376352331295,1438208.3230967037,169361.80647730056,1461814.0772901748,184053.5846909599,23605.75419347086,24048.74491412909,1544958.10587725,141855.36992790466,5.2,4.764451699828638,24.99301184145038,8.754030865563761,164.0,0.0,41.0,0.0
XGBoost__provided_plus_rdkit_descriptors,205,7,1145474.4706728198,199645.05227017126,816054.2679115854,113128.7808916775,541766.6375,109209.48915677426,0.7646275308193408,0.064395089352248,0.7696231967246376,0.06351782346351581,0.5701454280433905,0.4137792591557217,3572995.35,1311798.2141527568,-31012.11775914634,181216.90612817093,1147417.8562056706,203458.41259196782,0.3630330697240843,0.11975944037196581,0.4962375985217755,0.19976435379441504,0.8822722699485771,0.03354381343788421,0.8949701648558654,0.028269535189362552,787307.6874261845,162275.61543291563,546096.9639291158,126420.23083809658,0.886694961906405,0.05426393524682249,358166.78324663517,158843.26911602385,1.4770303169638872,0.2712429934688949,1.4770303169638872,0.2712429934688949,0.1220674310870642,0.06176169055869396,1345091.7051172643,91501.58172800223,1401643.3275737946,143595.04815429664,56551.6224565303,89205.49161430693,1448574.7645753329,107339.91031103503,4.0,2.5495097567963922,18.857122834438904,2.2925753104489233,164.0,0.0,41.0,0.0
XGBoost__provided_plus_rdkit_descriptors,205,8,1487188.908216991,246663.2841230511,1029916.824352134,131684.9145559306,639743.85,109519.30428619079,0.6309873942470287,0.14074779443474697,0.6622492941135619,0.1342185972560016,0.5773894231443297,0.22060451349528976,4543350.4625,1151280.920081156,65879.04683689024,446909.4773952036,1445642.6157695875,271125.0797005586,0.48625470500880974,0.1207156682877418,1.105677638415012,0.7715284807546323,0.8214637584523077,0.08813795709897661,0.8485577403912931,0.07489703558405607,702638.2723105361,139768.58521406545,495214.9644721799,101826.33726777238,0.9213387525511492,0.028542468702892454,784550.6359064548,186412.61130044353,2.1478740014034674,0.2901769368137108,2.1478740014034674,0.2901769368137108,0.2903513583041205,0.13216953372082973,1418436.4810037378,125844.2755523205,1461646.2570612773,114446.14085760014,43209.7760575396,35124.39374162875,1492414.079388778,121553.12603154223,4.4,1.51657508881031,20.841884631626016,3.3398505484653085,164.0,0.0,41.0,0.0
XGBoost__provided_plus_rdkit_descriptors,205,9,1343789.3927941176,181599.29559474453,937605.2783536585,130678.21713543007,622609.9375,162279.48623703327,0.6916155350532778,0.04045479722235218,0.700262417436973,0.037247184525179416,0.5362415385347769,0.24321115465300436,4622134.2625,1378192.3948244192,-69920.7612804878,234850.58053247482,1341868.6126081564,184075.21789724706,0.33798256556198886,0.07204775627744171,0.5104731708130631,0.11268069108057653,0.8455843512216703,0.033146693199644,0.861700621193514,0.042132797924538515,960119.4230077025,112555.27915286005,692428.0909679879,97446.0275780262,0.8473144685087831,0.03435668075799216,383669.9697864152,256657.80193222672,1.423994422266229,0.31418753588250725,1.423994422266229,0.31418753588250725,0.1556989334555054,0.05885262070101272,1540106.9579252037,138594.98429843973,1628485.777525982,171704.5894942854,88378.81960077831,62401.80446574646,1710010.2811271506,132942.89298200424,7.8,1.9235384061671348,16.472247580789876,1.092609587185317,164.0,0.0,41.0,0.0
XGBoost__provided_plus_rdkit_descriptors,205,10,1143056.3187136906,375756.24389756954,825084.5306402439,291252.98156399606,573181.475,233946.58300447965,0.7344439581204829,0.13734611880388073,0.7618040105302334,0.11258352296602951,0.39352232042566526,0.0956464888258706,3260949.95,1000212.8836053697,-133190.37500000003,416332.2527712342,1100234.275817681,324401.24494120455,0.34530944168803507,0.1109203754858401,0.47152686904525554,0.1671224661402729,0.879896286036711,0.060157156196176134,0.8853676871870088,0.06856521109781301,639149.0420163966,326658.363132216,459021.00584984757,240901.4261849861,0.9095082921577579,0.05528121730681348,503907.276697294,446393.281556041,3.575780905646847,4.52024218918416,3.575780905646847,4.52024218918416,0.1750643340372749,0.12315842882607413,1344144.4604989062,101543.56985905112,1419026.8782263473,136058.57677081917,74882.4177274412,71101.39162165586,1480246.242687446,152337.30735800837,6.2,4.43846820423443,24.099491035645883,10.421260383370846,164.0,0.0,41.0,0.0
XGBoost__provided_plus_rdkit_descriptors,210,1,1156776.4717311258,240454.9709514339,788239.7764880953,177345.29815919226,496770.7625,194809.27040253466,0.7565019553055607,0.12284803730211165,0.7683563228472519,0.10505320146735601,0.36602156520296675,0.11965899549456302,3511630.2,827715.6732384467,57785.09568452381,269645.55053651787,1147762.1939241416,217335.88830832977,0.2854359240532617,0.04547214061131071,0.3926320211226691,0.09189306448290538,0.8859762227529394,0.05488838648328923,0.9218044574030481,0.036926406032200085,625009.080975468,243942.62570454256,422788.93546433223,164847.4228503435,0.9262239904082753,0.045333299535393244,531767.3907556579,295786.6527923694,2.202658740111878,1.1531109748205102,2.202658740111878,1.1531109748205102,0.16972203510271458,0.13362900416861426,1279795.4455366924,59765.87314254459,1306731.1155658565,73219.98877708627,26935.670029164245,35336.60067558964,1367793.8343677945,59264.91356180373,2.8,1.3038404810405297,26.19745130592799,2.796238698635035,168.0,0.0,42.0,0.0
XGBoost__provided_plus_rdkit_descriptors,210,2,1309496.8067150959,263139.12031229556,956268.4563988096,209121.4728946387,600301.203125,171513.39722328974,0.7093030439736236,0.10163809584036276,0.7206103390548824,0.09853579560109652,0.6187624430551268,0.257079691049656,3409567.3,810848.647717208,66289.70014880951,277329.8641074867,1299139.6639770172,269386.0807404538,0.43972111222655413,0.09559692397121546,0.8418828985035315,0.6011572186086427,0.8489627664203552,0.05769968724504965,0.8763703786975989,0.07636376239906895,668077.8528472648,326908.4235822883,481183.44578915555,243930.46793834472,0.9143650880965148,0.05960770505221672,641418.953867831,331680.6483849559,2.8430871511902267,2.5486652393471707,2.8430871511902267,2.5486652393471707,0.20506204412289125,0.07481935585391528,1388915.4747615727,117573.77029388059,1447658.3714073785,126127.58857872452,58742.896645805755,50415.18953305675,1476069.5210959807,122317.82185308546,5.4,4.39317652729776,22.48870465039466,7.77076196919497,168.0,0.0,42.0,0.0
XGBoost__provided_plus_rdkit_descriptors,210,3,1212732.6048459704,93906.69815386864,876673.790922619,59501.921124095454,657267.21875,100504.62035166456,0.754889334880494,0.021072444009824425,0.7687057335381733,0.029166421099796013,0.5085140042345789,0.27075674679963785,3724430.3,795000.8060320285,-111.42425595238164,322587.21808584104,1191430.1463133884,106255.21459975815,0.34834984194165886,0.08982036796732763,0.4875828051415422,0.13945933915491404,0.8886981299122182,0.016668197931563374,0.9105597090209574,0.018655997203536456,770507.0430446377,75987.88970361881,538751.4262090774,69782.1512126443,0.902549880352694,0.022940955328802026,442225.5618013327,72257.89741093239,1.5797752076825002,0.12241286311726657,1.5797752076825002,0.12241286311726657,0.14766054547219992,0.0312909285116762,1397677.120079929,78651.24488157524,1510376.376215541,86714.83429588666,112699.25613561188,67273.11606701952,1542205.6247123056,94788.10501748254,6.8,2.2803508501982757,21.074453247475894,4.063696295096385,168.0,0.0,42.0,0.0
XGBoost__provided_plus_rdkit_descriptors,210,4,1208520.0590987876,132743.18823202606,916904.0301339285,128984.84494374592,677479.9125,115131.42601770516,0.7339709160833235,0.06224667377484878,0.7395533674203538,0.06380960266568904,0.5831794194139901,0.33548501187700785,3196518.9,406958.60823467054,30768.105580357136,197385.38227329042,1209016.9216061085,141257.4091562874,0.41879525298192555,0.11392434554435728,0.7984398113037838,0.5545462703924944,0.8634504004554093,0.035817254728551115,0.850909456353701,0.06928575972445378,727309.6728807545,229611.79603593785,523038.7159737723,169619.18708935918,0.9051459118223212,0.05042690349935924,481210.38621803315,221755.95662322151,1.8300919954834698,0.6834353661022617,1.8300919954834698,0.6834353661022617,0.1711749957389976,0.05274746875214645,1408346.5517939012,91358.11460021483,1450460.502301283,125629.20946109544,42113.95050738179,46378.27420701194,1500900.8452511393,130895.64183842808,5.6,2.8809720581775866,19.760513142122637,4.414263812874667,168.0,0.0,42.0,0.0
XGBoost__provided_plus_rdkit_descriptors,210,5,1421212.3019235134,378148.047324187,979721.7406575519,290297.18254077045,571307.35,210207.3654959903,0.6633856652845642,0.14057658261409864,0.6755137847135935,0.1255331836677123,0.7064816150091815,0.6211235069849219,4327224.1,1214212.0654212548,62559.640592447926,310290.5836824698,1414720.824500148,356981.8167641912,0.38862941988991206,0.12279403651576916,0.5735827941392968,0.24915807318970698,0.8297705307730443,0.06794205183163643,0.8439602211320276,0.07052463255322607,741739.512956336,312390.9516217415,508806.92271902907,212179.74515273105,0.8996581924628699,0.06272849398563463,679472.7889671775,192192.2417816049,2.2073718472851374,0.931982913922145,2.2073718472851374,0.931982913922145,0.23627252717830566,0.0880351775216535,1355485.345286258,77781.53348062444,1406498.7664572145,100018.05338277454,51013.421170956644,49061.14350112285,1465999.1628299498,82022.88915788307,6.0,4.06201920231798,22.6310871604094,6.3870876101221725,168.0,0.0,42.0,0.0
XGBoost__provided_plus_rdkit_descriptors,210,6,1049038.3798563103,71817.92395806669,733469.9634300595,47886.53569443077,467295.6546875,91990.45106892426,0.8116490834001915,0.03007688670614707,0.8157641607099537,0.03172699362461549,0.42326932195170774,0.10844035861820944,3449960.85,959041.333506076,77749.35554315476,148680.60058879122,1049829.013363018,79843.5756973952,0.29276435210592694,0.03810178200009265,0.44801396476705674,0.0760226858273531,0.904480701734626,0.016389742187481782,0.8914259306931749,0.0324587144189472,454276.0842268338,287825.1797152314,324337.62132859003,213961.04231893303,0.9546271629851738,0.045999490908694804,594762.2956294767,316240.914517458,3.6181659794595715,2.866682862711485,3.6181659794595715,2.866682862711485,0.14297807958498226,0.06292531082139147,1260486.3660094233,139102.30628359847,1279166.658172454,139301.9508963023,18680.292163030663,25748.242598455523,1319358.6271283138,125006.2154728285,2.4,2.6076809620810595,26.130055570268524,6.860661746865122,168.0,0.0,42.0,0.0
XGBoost__provided_plus_rdkit_descriptors,210,7,1340673.98661489,295273.0976379558,923441.9370535715,132266.87883585022,536665.0375,114577.5319685969,0.683951357312307,0.1428995357924165,0.6971891013289623,0.12682755368079313,0.5418995604802518,0.33645262068772513,4157535.175,1374003.1571814266,-98548.33080357143,290941.59330569184,1331382.0272183386,275681.1497830316,0.362030571787536,0.08379501243189565,0.5194268091785694,0.16831241928027385,0.8451301902503257,0.08332555550046773,0.8567537797126439,0.051650660043563695,750926.1633206712,297692.15015207365,523438.9378162202,232773.08717315146,0.8908240276276038,0.08330326317684199,589747.8232942189,356181.5106564269,2.0226856454144673,0.8396761129134979,2.0226856454144673,0.8396761129134979,0.2068726703152966,0.16993180697762383,1361576.6793721104,101570.45770565387,1425067.631719334,161016.84684732286,63490.95234722365,88831.09866891637,1449675.725027749,170253.51764328056,4.8,4.658325879540846,22.56370505407486,4.692562751427554,168.0,0.0,42.0,0.0
XGBoost__provided_plus_rdkit_descriptors,210,8,1234948.8038414745,211790.82800263353,832960.0008556547,134018.8736809976,529969.7125,218284.17904230498,0.7175039279906492,0.07984605322028814,0.7258645454194237,0.07904994305634393,0.5069829624724415,0.22912263343730135,4225662.2,1583300.2015607937,-34286.76261160713,241559.96056076774,1230714.6755291093,210277.1524139584,0.3589803298623165,0.06525150368534556,0.5266006905047333,0.13464500677516522,0.8517460597533535,0.04711309533420135,0.8554170639517741,0.047418172181274254,757101.5673282612,341572.08666098077,527313.6150756836,247398.78935538162,0.88113125516021,0.07998270634977604,477847.23651321343,408607.25244588585,2.267546050464079,1.923984263241873,2.267546050464079,1.923984263241873,0.16362732716956085,0.09221587798210673,1341929.3170852307,141290.84028509023,1406017.4959293813,180071.65719517405,64088.17884415062,42918.44253504776,1445130.4626849242,179327.4576139684,6.0,5.049752469181039,21.45246223530479,5.835354046217177,168.0,0.0,42.0,0.0
XGBoost__provided_plus_rdkit_descriptors,210,9,1141778.6820021702,267131.7964170882,828203.6818452381,208968.22878032047,573274.821875,189098.34294385105,0.7594068676669701,0.07403447604542002,0.765562012307833,0.07235760508417725,0.4371626484667458,0.19543745595804016,3474385.35,1171186.0410620298,-18698.813095238096,204932.02744917537,1141006.590902828,267543.5143048552,0.316296669964435,0.0640641701356891,0.44451445585208826,0.1110145917710898,0.8788507557868966,0.0453200686695121,0.891194519706721,0.040256574137434636,584295.6989793167,351602.4168894541,419814.1691272554,260896.12886117163,0.9218160802146785,0.06924003032715904,557482.9830228535,336086.6401407069,3.3975866435579407,3.514216951055512,3.3975866435579407,3.514216951055512,0.16240921254770851,0.07491438504977378,1326953.5428434922,130007.73662596753,1353530.7577911848,162170.1880245255,26577.21494769249,36453.39105671922,1435717.6534080566,152156.02086411844,4.8,3.5637059362410923,21.764418769801118,6.737406470799865,168.0,0.0,42.0,0.0
XGBoost__provided_plus_rdkit_descriptors,210,10,1288753.1507181737,183166.1229075661,919679.1175223214,105914.82569376972,572822.5,77179.6658362405,0.7179240922831127,0.0744454796069018,0.7261279509477682,0.06369754073865147,0.5407266831951298,0.22248396241827345,3679441.4,526257.7643331795,38853.86343005953,238711.9448669161,1287340.2875539192,171020.88971227972,0.41425829190951785,0.1546134501296811,0.8541319963442296,0.7291683923933887,0.8535588629270936,0.03598353891839446,0.8846227697524547,0.03942236492563077,828025.5114577792,77483.74369408067,596489.876078869,66936.35285287806,0.8871276619466089,0.01909207068256952,460727.6392603946,179972.35886632063,1.5644816109365227,0.25117212969512104,1.5644816109365227,0.25117212969512104,0.1692035696634961,0.06439525594064033,1433345.948434734,108778.08267114121,1476754.7883541666,145915.76043817346,43408.83991943263,42041.2305488538,1504513.6435745643,132452.02818241256,5.6,3.7815340802378077,18.109506190658067,4.061514454037833,168.0,0.0,42.0,0.0
XGBoost__provided_plus_rdkit_descriptors,215,1,1341837.6342377265,181268.99853449565,985828.2021802325,96069.34135731078,711589.9,132411.44527588994,0.6659912520090737,0.15043567813160158,0.680389415362461,0.15685802752672892,0.6166177176456311,0.27468436409674524,3696574.8,1083409.5932057854,12292.816715116287,344114.9621548686,1319603.2374077158,199422.8065729772,0.3864464951542915,0.0451476437298835,0.5598566517169006,0.12488291634963646,0.8262409579902149,0.09360300500040866,0.8352073924863419,0.06620923317981676,868954.5539876601,305866.28973770235,616781.9716751453,212657.29902340085,0.8627561677512261,0.08217946542068995,472883.08025006636,376400.82483077224,1.790454981355944,1.0137223774616049,1.790454981355944,1.0137223774616049,0.19676491574215238,0.17128916664377375,1461909.8075944986,109381.34335593042,1525361.0561318584,87993.89118851224,63451.248537359716,46137.61376402413,1562266.5583694275,116246.95251727306,6.2,4.08656334834051,18.941111905879502,7.541307919399072,172.0,0.0,43.0,0.0
XGBoost__provided_plus_rdkit_descriptors,215,2,1422546.4686304512,376950.32774643385,944874.0983284883,200589.07919802802,610729.625,109447.66342148138,0.6294285124882678,0.15964043973919387,0.6424873253367578,0.14498141340523737,0.488733576898469,0.08473266746901043,5150494.975,1763843.8591511634,-22990.621729651168,299784.5256417347,1417714.4350905058,360791.2522667015,0.36754303709466063,0.04895968526350794,0.5332787573157057,0.06628405894698039,0.8089134436318197,0.0829731136371663,0.8263454163681816,0.06689392691795096,819727.2055032927,98080.4300470995,568683.6763081395,81537.15971988963,0.8857485351996484,0.021851984623995672,602819.2631271586,453362.43800395646,1.787339686661414,0.6290252632125233,1.787339686661414,0.6290252632125233,0.2563200227113806,0.16909528692388504,1386078.7192319115,56523.120773513816,1461185.1062039747,100427.44726092806,75106.38697206313,56380.00671193843,1516587.310481658,116030.55219011944,6.4,2.1908902300206647,20.70323592556393,3.6663512208770377,172.0,0.0,43.0,0.0
XGBoost__provided_plus_rdkit_descriptors,215,3,1307031.5150633615,202055.96241706592,916644.0082122093,174244.31241440558,572911.85625,210111.4385902994,0.6843820392720344,0.16007782765042963,0.7104817837029485,0.13025404603108867,0.544562565781929,0.2821752046494546,3823728.65,467300.3347351144,44886.03495639537,388671.6794650194,1277133.549051273,178822.77468048132,0.35943070903047325,0.10947012581704658,0.5231047774570732,0.18722273424110333,0.8594597258834893,0.06627641424252317,0.8694763418977148,0.0697157966695833,519216.0370151643,360231.5108028938,362188.7905795785,246740.94616055334,0.9400810356997523,0.06259085570322609,787815.4780481971,330918.85886994784,5.1084289243495435,5.854731851205254,5.1084289243495435,5.854731851205254,0.25569899642771776,0.16451049057357395,1319579.8675790771,182632.62948576928,1340252.4631260647,223404.79704337008,20672.595546987468,46225.32891442342,1415131.7511273015,214786.53722235453,4.6,4.979959839195493,25.110367663217055,9.435936928712122,172.0,0.0,43.0,0.0
XGBoost__provided_plus_rdkit_descriptors,215,4,1405691.177377259,242342.6374875222,1012059.9876453489,131557.3829546148,718871.6,75992.42499664234,0.6487197766513509,0.13159365792110134,0.6777952910015825,0.12711858172095516,0.7954657894865884,0.35829201282374856,4176472.3,1421069.371619534,23968.603343023267,432873.2422432768,1364820.6577632134,260578.7812889419,0.41270682075456955,0.04839952341188503,0.6349332239206834,0.1358297088530405,0.8299642213912884,0.0846780763278927,0.8356082597999611,0.0927729098654619,885901.7607789699,197625.62379560343,648483.0035019985,146801.49194922272,0.8723237023564867,0.05467263842816398,519789.4165982889,194310.3326399423,1.6245863832901009,0.306102014220681,1.6245863832901009,0.306102014220681,0.2236039257051357,0.1325368721890911,1516329.1233388279,89623.12724825731,1635326.3258953826,169104.79639736528,118997.20255655455,83052.70019476394,1699839.2880308062,199891.43655027082,8.2,3.5637059362410923,16.925777016020998,2.5096899268507005,172.0,0.0,43.0,0.0
XGBoost__provided_plus_rdkit_descriptors,215,5,1264858.8445513346,283993.7349232923,856611.648582849,105369.73063481726,531871.1,141544.6364292959,0.7121028354110188,0.11107505098902369,0.7258435968083291,0.10555645624004382,0.4708275008993721,0.12304807060143898,3888430.95,1475802.9209729403,-38546.650617732565,314732.6064486035,1248542.652011846,279522.18310416385,0.4479289543250385,0.2553411235401217,0.9014229970637674,0.9704877477579447,0.8557679638012919,0.06582990246306755,0.897531412681953,0.021531718019986556,547438.392439921,296664.74908180133,385365.4125635901,212671.48711369807,0.9386249801341598,0.04918929339011007,717420.4521114137,513034.21407482604,3.7125353211007424,3.6947032629654495,3.7125353211007424,3.6947032629654495,0.22652214472314106,0.13161377978534625,1445717.175933356,192699.63268461035,1487427.2488234038,217112.57897073828,41710.07289004787,60607.74164647634,1576516.4727797778,228481.90416943977,3.8,3.03315017762062,27.617303014619086,4.793759565149632,172.0,0.0,43.0,0.0
XGBoost__provided_plus_rdkit_descriptors,215,6,1097577.1130278378,133026.39397543107,752457.8415697674,64534.15583737156,453186.025,90706.38775821551,0.7709259763714834,0.06048807768501145,0.7803695268235404,0.06113414743106369,0.46382061899975946,0.22281852198316912,3677355.75,910218.9089225493,-31432.067151162795,249670.72774218358,1087007.8322158612,133224.00426652882,0.29442288322844495,0.05754693921500291,0.438490105689027,0.1454431417946989,0.892841278973566,0.031236223908924,0.904313193688775,0.030534746064725164,771998.0782571532,15276.62209823264,530057.0960574128,12272.369729111733,0.8919433137120816,0.006695998439431298,325579.0347706846,144854.0238594676,1.4242155394689437,0.1944550467544186,1.4242155394689437,0.1944550467544186,0.1210173373405981,0.06573985044031333,1336271.48705929,29513.54009259611,1398492.1356203728,43150.69800266873,62220.64856108306,42759.13320551489,1434829.418987356,76620.91421480861,6.0,2.1213203435596424,18.959127898702853,1.662146622918748,172.0,0.0,43.0,0.0
XGBoost__provided_plus_rdkit_descriptors,215,7,1206282.6997647542,167496.63898935326,848380.444803779,121328.64337177879,535377.1625,111177.43045105171,0.7498247130925088,0.03945328745497662,0.753294370988628,0.039672687694440135,0.47991306609603857,0.19191510771982007,3628716.05,735152.3677445716,-96766.97881540698,129026.66710937695,1211521.6211327794,164830.4328076194,0.3431359240305879,0.04864232405952356,0.4840771428313061,0.09953020691334163,0.8744769092261482,0.022782449179231678,0.9085097114275029,0.020360446728315128,601778.2532690116,369715.87412322743,429700.94117914245,274081.4890800565,0.9211147739373601,0.0633595340306831,604504.4464957427,423994.56703381974,5.270477488739868,7.748180848832907,5.270477488739868,7.748180848832907,0.1712900608448513,0.07090218043053798,1369950.9859883995,120992.9600317729,1402234.8641389331,142916.9421425332,32283.878150533605,45533.54857581996,1455912.5423466284,138373.04232377672,3.4,1.51657508881031,24.20661305405769,8.478092612309792,172.0,0.0,43.0,0.0
XGBoost__provided_plus_rdkit_descriptors,215,8,1338777.3841709108,220409.83434506692,887744.4924418606,85688.33309264692,546084.275,67110.74176573282,0.6952253237027202,0.10806268695142515,0.7117215554137852,0.08271421086798181,0.46161238563648704,0.09543662378254415,4678640.6,1380803.311950314,34234.91191860465,336059.931986891,1323693.4801865066,190146.2317323426,0.3435044139091684,0.04661394582095721,0.4801339774616564,0.0649384079713126,0.8503164116938351,0.039809602248633245,0.8861144895851257,0.03178759071252955,626868.5443170861,341672.96144801367,431841.34394077037,235979.02623460875,0.9203057992056115,0.048426755845835855,711908.8398538246,533356.3475755807,10.883801001775968,20.570762427983777,10.883801001775968,20.570762427983777,0.22508047550289131,0.15554045936600308,1352556.1848517722,119153.12410612573,1397121.465902049,145909.56196864115,44565.2810502769,37873.45687881056,1461785.1084331926,154636.09061033593,4.6,2.8809720581775866,25.06220981563609,9.116627700608303,172.0,0.0,43.0,0.0
XGBoost__provided_plus_rdkit_descriptors,215,9,1152295.0600699713,84814.05377774741,814321.4749273255,96842.7940245036,525075.175,133462.8414299042,0.75418660353385,0.07832645232141913,0.7697001992396428,0.06014945839114784,0.49465110726139033,0.1573655700818954,3625411.85,309421.4904244492,19384.96693313953,291814.90732095187,1135054.7837906175,92254.45997147015,0.32354895995668076,0.025222828342647965,0.5073946636819228,0.03576079589293639,0.8879108238235649,0.0316573846147614,0.8856694455827206,0.03523414068331492,736222.8178658893,154591.35015677277,514155.84922080825,106172.37933514101,0.9024211198385101,0.03710393620509761,416072.24220408185,178386.86156820675,1.6435923887821051,0.48058859792884306,1.6435923887821051,0.48058859792884306,0.14823451630466017,0.11222833536133509,1312424.6772343835,75076.24252045553,1370414.4755807794,65943.47966179192,57989.79834639584,63856.59611548549,1428291.7729744592,81707.5125564111,6.2,3.96232255123179,19.298745817995616,4.693977110609248,172.0,0.0,43.0,0.0
XGBoost__provided_plus_rdkit_descriptors,215,10,1125474.7775311482,145236.22488429333,805000.3759629361,117640.49949701427,552942.0,149428.9768291905,0.7961359255573075,0.03489589488783912,0.7999142611766155,0.03252489564039795,0.5486483187004383,0.3574772940206581,3207393.55,758404.4434870405,-15734.768695494186,166473.06127217208,1128785.317526895,145864.69453398543,0.34959960739270773,0.1014328333720316,0.5018903709846044,0.17983432367449972,0.8975598484029851,0.02042747585653468,0.8963579807235467,0.02727331696261697,742685.7947724604,70139.79518197474,547996.9914425872,70165.99250535101,0.9134783827423973,0.018865647033623117,382788.9827586877,141644.5963185729,1.5219401459954363,0.21357668544752628,1.5219401459954363,0.21357668544752628,0.11734245718508984,0.043628092418103614,1393447.5430841579,115975.40364154312,1449663.865014628,149026.5819551633,56216.32193047022,38047.23370367619,1464151.2132001263,144680.7308965246,5.0,2.449489742783178,19.812334877134116,4.859760715009742,172.0,0.0,43.0,0.0
XGBoost__provided_plus_rdkit_descriptors,220,1,1126172.8535658855,192208.4516617982,806172.6791370738,92529.6972684706,509496.64375,84219.05474770234,0.7658383510376309,0.09553209724457948,0.7775363283478558,0.07869856472972304,0.45997062854902654,0.24232035147392014,3159669.6,652215.0723208947,70700.42711292615,266726.71692550695,1114531.2602764994,167591.7973962792,0.322199097797265,0.07655883553173584,0.44953483749932416,0.14895468285483993,0.8855318074632962,0.04516195712176627,0.8862029049793062,0.06585873437284151,553144.6426394724,223023.1942376637,395505.1646928267,166463.14450972315,0.9402934077747631,0.03949936373035306,573028.2109264132,304068.26919581165,2.3837813087288935,1.0990436521357017,2.3837813087288935,1.0990436521357017,0.17445505673713219,0.09618559754138428,1294346.6837848811,93801.46019565227,1304125.0698977443,106964.46652988807,9778.386112863198,13615.254829077594,1355907.0089523513,134964.6550345131,3.2,3.1937438845342623,25.142282055124607,6.122408055977875,176.0,0.0,44.0,0.0
XGBoost__provided_plus_rdkit_descriptors,220,2,1017916.9728160177,230424.00962383195,729231.2814630682,150955.2591395626,466003.55,74260.71159649083,0.8348379022092093,0.07443134429315403,0.8366629718780729,0.07472645613851607,0.40881735223515625,0.21602240130037706,3017409.0,986781.1260710249,68866.93089488636,97264.69366223604,1022945.9972734463,236378.35660208476,0.2853407822035496,0.07271662136612533,0.4080564270520847,0.14028474579641836,0.9172740970009807,0.03835188395627974,0.9386138306584852,0.02076361579604342,492919.4437647623,326411.17104143027,342771.46736505686,229904.39171831857,0.9504318412494792,0.0476842850476025,524997.5290512552,167026.1507773005,4.316586772174921,5.37387455909384,4.316586772174921,5.37387455909384,0.11559393904026997,0.03513429290161968,1361898.303896553,118708.52603961896,1394076.0516589985,151701.14947472903,32177.74776244536,45470.145730423275,1450837.8184846616,181364.20852916306,3.8,4.764451699828638,29.082027046652417,10.144378420048563,176.0,0.0,44.0,0.0
XGBoost__provided_plus_rdkit_descriptors,220,3,1335365.1669810337,356455.6647882594,908621.1203835227,263050.8788478381,579373.2125,213293.54425937915,0.684920575071015,0.11144538907398431,0.6905965659416091,0.11160236141842635,0.5923139837811823,0.2664419594562203,4316648.35,1548292.6265977588,26775.45703125,218925.6147015654,1336371.9426061546,358511.38946206664,0.3650073518077835,0.09906102894509233,0.5493433249214043,0.12399473796166498,0.8371515962292915,0.06222040073061058,0.8383299970293105,0.006767562454760462,811770.3725930471,299061.63445537724,561289.6513849432,200973.23277535374,0.8770423211725514,0.06969581323404277,523594.7943879867,490189.94268282544,1.969614736694727,1.1639460253774228,1.969614736694727,1.1639460253774228,0.19212174610153648,0.133838981791406,1337335.5778535455,101590.1229664687,1443651.699489876,139477.70748131923,106316.12163633043,67008.7850646098,1486309.5733799476,126648.5772057167,6.4,3.2093613071762426,18.624598949981298,5.04292605014822,176.0,0.0,44.0,0.0
XGBoost__provided_plus_rdkit_descriptors,220,4,1253093.4194066494,203833.0782577383,892619.011825284,140422.00593938236,602772.7375,181455.07092871482,0.6720213515398006,0.19362616905699948,0.6782547358849762,0.19296738161874044,0.45572407699543127,0.13480719835067256,3707468.9,1020623.2282585602,53582.78128551135,202613.56533379498,1253731.9572891386,201197.8179087779,0.35518483396085365,0.08635546533089274,0.4781909304071216,0.14597724711637367,0.8426617445082256,0.08519648733360484,0.8813680028445667,0.06296155455841367,770978.3824907582,286958.76898780337,521844.6439275568,210277.86276550655,0.8862472317514734,0.08130260094935941,482115.03691589116,277012.64172124444,1.7846624356869623,0.6752944834641235,1.7846624356869623,0.6752944834641235,0.2142258802116727,0.13071771324942902,1428120.0638594453,83936.6575216982,1483896.2095635356,90813.75509973534,55776.14570409036,37162.44655337364,1510383.7429116475,90606.70977217796,4.4,2.792848008753788,20.659865041554433,3.5434849984510013,176.0,0.0,44.0,0.0
XGBoost__provided_plus_rdkit_descriptors,220,5,1197830.2430240351,360079.4491929934,845473.6733931107,260610.4028050551,571353.48125,177976.8699502793,0.7479966596732831,0.1498850866931398,0.7662793000620726,0.1325575507419752,0.4874159494836466,0.12674377016762983,3608584.9375,830510.65737114,22947.784561434662,370518.0973754585,1170050.8830905554,339786.15617193346,0.371296637774922,0.07450983541929779,0.5406119810113402,0.12108298816977912,0.8804972083411171,0.07779511334625337,0.8803902650290937,0.06874428958531323,515874.2146916695,371079.2884435326,356207.54083140974,254066.20203536845,0.9395231377864173,0.05315971181875522,681956.0283323657,211448.76737446693,6.010213171388276,8.005876831446415,6.010213171388276,8.005876831446415,0.19152647811313417,0.11520628747533875,1336179.4308043248,106197.850897852,1367674.3139689886,120220.47598799731,31494.88316466347,30559.16715557883,1427568.5040108212,150778.6191162468,4.0,3.0000000000000004,24.104579627318707,8.056836917735808,176.0,0.0,44.0,0.0
XGBoost__provided_plus_rdkit_descriptors,220,6,1132663.384398764,213076.37719163302,813461.0207386364,120432.92857381422,579851.2125,74675.0514788987,0.7621442781478125,0.10901333200424639,0.7715186940026452,0.09753583587807002,0.4446804545380051,0.20516036903051443,3465776.55,1394761.247691545,-18464.96420454546,249948.00468595084,1126456.1880449257,192138.66667929676,0.3294283387724087,0.05414478864333315,0.4669539650189581,0.1258999330966381,0.8787391751442041,0.055652648785827416,0.8966301171624849,0.05161521287001501,732411.8746460399,92282.28628725359,517150.87606534094,74899.14200421129,0.9063758417181184,0.022493910913891278,400251.5097527241,235798.69362367457,1.5699637113497085,0.40336662986760075,1.5699637113497085,0.40336662986760075,0.14423156357030603,0.11196422596573546,1395462.6564775885,100747.77623819915,1452151.7392781917,149043.18672206654,56689.08280060343,59048.12542288373,1486861.8321518693,126963.43678471776,6.0,4.0,19.926638928239747,3.5820516025826072,176.0,0.0,44.0,0.0
XGBoost__provided_plus_rdkit_descriptors,220,7,1305071.638102578,232483.1566233913,902345.3229403408,159306.0527064948,575050.353125,99073.49135654375,0.6965433484901551,0.10636134829121856,0.7158667587914312,0.0785646171516331,0.6031240412049745,0.2290875132374951,4188555.75,868988.2700425967,-21124.97862215909,341553.5065968006,1285913.934853194,216613.4882232617,0.3990311125343552,0.07019720147449765,0.6221557860504415,0.08299329498564814,0.8554856973081015,0.044881077429662936,0.8747549499050553,0.07638006544114245,677757.6136612117,219270.31594815868,479053.8831587358,165270.3869601185,0.9146068445822614,0.047847587069777146,627314.0244413663,291510.7798162806,2.171944313075291,1.0738953224765204,2.171944313075291,1.0738953224765204,0.21806349609210623,0.13300105668099885,1331540.811518582,43218.45111966116,1392315.1839938331,48991.004239694856,60774.37247525109,33192.88321827933,1468801.6885875482,80232.44705951918,5.4,1.51657508881031,23.236962888721454,5.1417921828282,176.0,0.0,44.0,0.0
XGBoost__provided_plus_rdkit_descriptors,220,8,1272253.7836790623,178164.69175875737,903148.7859730113,98631.04757025189,607421.10625,156937.37312189591,0.7445430377906952,0.0548484124659064,0.7521821607241144,0.051258504920604686,0.4256225794813823,0.11449061580396215,3910508.3,1215595.330668352,6198.060617897735,246989.00781731858,1268140.4095033929,173564.52080845754,0.3689123051971567,0.15616308848607213,0.7205946736240367,0.6556993167849439,0.875514858492178,0.024363825683729523,0.8880995368736789,0.02981334372308704,502184.2860957074,230863.72712448143,351305.4333318537,163095.12203620953,0.9542029243138372,0.036622078130654066,770069.497583355,299687.0147590152,3.0782635571548758,1.5474528232368714,3.0782635571548758,1.5474528232368714,0.2096598865231421,0.07460070769972915,1404261.9687102295,62290.80264752858,1453648.9054908808,88472.82707354463,49386.93678065133,80198.70595039337,1545426.2190346508,111284.8849321695,3.4,3.2093613071762426,26.695197486798303,5.682933612000848,176.0,0.0,44.0,0.0
XGBoost__provided_plus_rdkit_descriptors,220,9,1078753.0810745838,148482.45211354955,773232.5407670455,126729.77179155301,509307.5625,145767.0716036121,0.7814133258996846,0.07490795074877794,0.7876904966508775,0.0761098427408831,0.36941612680508407,0.06344284439982982,3000066.3,430468.22144027083,-4508.103409090909,211930.72125585173,1073410.136770423,157406.94479115485,0.2998659072559236,0.032466505007527395,0.403754060232964,0.049914993808874215,0.8939054370785235,0.045601764656960884,0.9087555174476737,0.05027639346888896,633775.1904298365,201411.8497676497,435493.7133267489,154820.65183290478,0.9245459754917368,0.04053082905738053,444977.8906447473,138986.2249582686,1.815535908069879,0.46263499136944697,1.815535908069879,0.46263499136944697,0.14313264959205224,0.04474126926209757,1365076.4680161644,95314.0600400368,1419292.8970345047,119555.20174722176,54216.42901834035,58886.62641796008,1487214.0137657118,126161.04056458046,5.0,3.082207001484488,24.773314868793854,4.081510106315293,176.0,0.0,44.0,0.0
XGBoost__provided_plus_rdkit_descriptors,220,10,1366594.963237161,431632.3115519335,970222.5619318181,298234.25842156203,634713.5875,241357.1676938768,0.6782440493447136,0.13918790544060813,0.6976115831577202,0.11994239002013588,0.5784043998838456,0.3204921066427912,3951828.625,1675267.7534782966,-4703.1193181818235,391331.2706084876,1343562.0585967216,407710.63221513905,0.3786775989881546,0.11760809473088947,0.5299990727728967,0.18685314426227234,0.8354729806794831,0.07589151342984013,0.8718436072023265,0.07509970166814411,740492.6800269899,338157.1807605458,511584.09895241476,251256.70707701953,0.8930527282020213,0.08783205814817521,626102.283210171,295225.840965332,2.073849313230783,0.8536019401258987,2.073849313230783,0.8536019401258987,0.21480867885730773,0.08723684535039748,1463929.253755025,104255.06985105698,1510246.1343664643,136637.45213829723,46316.880611439236,38895.78819711319,1553405.5433258652,138142.49626356296,6.4,3.2093613071762426,23.52367194167521,7.511819106895052,176.0,0.0,44.0,0.0
XGBoost__provided_plus_rdkit_descriptors,225,1,1196553.0313457623,168807.9159581927,815429.239375,100437.9223124015,546496.4625,95268.26173825219,0.726448564754753,0.06506625054021667,0.738332784413483,0.07278647976804543,0.4620696073139772,0.18873151958926132,3953734.4,1168108.450372139,17448.539513888893,280425.49424823525,1181209.855076226,186027.67007679195,0.32006604980116105,0.06731416179594371,0.4553416508871749,0.1390855702217238,0.860321934312072,0.042148158365505825,0.9096764390758146,0.026278528632491718,568984.5863304804,119903.18285479171,397253.49340847443,83231.50615063983,0.9376041767496996,0.022965202879119708,627568.4450152819,91195.53447164314,2.150496751396882,0.33478702619631173,2.150496751396882,0.33478702619631173,0.21115561199494676,0.04550474647721271,1256095.5463549872,125155.21939192248,1289413.182445595,126736.838571565,33317.63609060794,32591.789527334615,1343128.3952244355,129443.1953572523,4.0,3.082207001484488,22.35235055699917,2.6869566966636467,180.0,0.0,45.0,0.0
XGBoost__provided_plus_rdkit_descriptors,225,2,1212488.0023907288,238156.8776678802,868948.4671180556,188653.5264746513,523150.95,118897.47621416712,0.7533481439171884,0.1104971534700783,0.7545684735139305,0.11048343160386462,0.4791218029290305,0.10539643035626846,3367383.25,698896.65677096,21900.058993055558,95082.76461648893,1222939.8915038821,241028.7606627712,0.33977949825413123,0.0569543931512807,0.48711241331187943,0.08647733596252259,0.8689268839081002,0.06451916346971906,0.897337757854821,0.06101702594505005,584994.757428862,208934.28922440624,403945.30733072915,156316.67967147156,0.9410532730884469,0.039476575512379965,627493.2449618668,257739.86415453904,2.2450770689646005,0.7709133836575741,2.2450770689646005,0.7709133836575741,0.1877051291712585,0.10814030057473446,1319706.0033711016,108597.34951824995,1349631.4460619136,111800.7349425086,29925.442690812146,36550.60747281526,1395454.8528203429,93551.51071126845,3.2,1.0954451150103321,23.807542933674814,5.2392715437013715,180.0,0.0,45.0,0.0
XGBoost__provided_plus_rdkit_descriptors,225,3,1284969.7312913842,122667.87941589615,880158.0944444444,82333.38779001002,539405.5,152754.27671255742,0.7156315353320422,0.11094061648755486,0.7388949603647517,0.08922518731644637,0.5588997191609387,0.20160328625732962,3874205.9,726423.6464971215,128574.12416666668,347747.6857176125,1253926.6392464759,126512.37326969585,0.33209943363756267,0.05486012767193309,0.5158060832128275,0.10763420650794321,0.8664146390291496,0.04537314374442053,0.8684735531468908,0.09507613742419264,747367.553820862,179058.18660701183,526626.4083572049,120645.96452583121,0.9068735772827671,0.045028320670748426,537602.1774705222,213498.3817783424,1.7998392674551957,0.44699187832027676,1.7998392674551957,0.44699187832027676,0.19124204195072492,0.1348021322524315,1506371.9024675086,192683.34467657455,1545668.7569623888,190727.98757617737,39296.85449488019,19278.5226070721,1603354.6101473477,224501.58094058165,5.2,3.420526275297414,23.68407356445295,5.991277893897664,180.0,0.0,45.0,0.0
XGBoost__provided_plus_rdkit_descriptors,225,4,1230521.8754223553,229215.54022507355,855748.3505555555,167738.90708510322,525122.25,95337.73071899937,0.7233570286693702,0.08140649772769736,0.7392057545861558,0.06070891652653107,0.4476809476438347,0.09228136488068174,3902844.15,775327.0809524439,-78252.01361111112,334423.9203224591,1210709.5608902148,187080.6119824895,0.33400952186658694,0.047558470575095484,0.4806020287905007,0.06845651342801383,0.865010363333157,0.03250277459027086,0.8825184223858924,0.08107192020138361,689284.1512832518,235615.4514035325,495035.1749652778,171982.88035627024,0.9083735733016478,0.04583572263863933,541237.7241391033,450051.650518983,2.261001061452283,1.7763433019723895,2.261001061452283,1.7763433019723895,0.18501654463227762,0.11799743879985448,1343712.220454775,168364.7788043376,1389650.1696530979,175840.72244154365,45937.94919832293,51509.223395081826,1464420.3519681927,168393.01243350224,4.0,2.345207879911715,20.0990164081764,5.223487055867715,180.0,0.0,45.0,0.0
XGBoost__provided_plus_rdkit_descriptors,225,5,1064996.07059496,230640.10585470384,770435.7984548612,142065.85039569708,513119.65,129415.72067817557,0.815929549171455,0.07351596794093172,0.8213024807107934,0.0754187002377888,0.4088024048734747,0.1313055380488663,2937064.6,654125.989749815,110204.4140451389,170197.95918899236,1058269.1922394917,243572.55763636218,0.3596295283287395,0.10262274115772808,0.704634237064574,0.569792967173469,0.9079185046360714,0.03968339386152139,0.9178533347333866,0.030241133080623192,522044.272651059,277201.69281763583,363643.1914181858,191413.7824439063,0.9479199947084733,0.04194799124250869,542951.7979439009,192395.8288393533,2.6713162608615795,1.5926377938462026,2.6713162608615795,1.5926377938462026,0.13199044553701836,0.04950001568941377,1357413.0369151095,100579.63014207831,1397432.1981426366,120806.82784538424,40019.16122752717,24774.3187672335,1437847.0392106757,125833.57372140158,2.2,1.0954451150103321,28.41828758288192,2.7023261065669653,180.0,0.0,45.0,0.0
XGBoost__provided_plus_rdkit_descriptors,225,6,1221679.3563489397,223105.10612103238,828003.7840277778,103339.78876919998,511988.1125,111048.87218478404,0.7221178718951495,0.11083370507737902,0.7326924828693643,0.11266993674011717,0.43373375875687775,0.05614007646650021,4129559.85,866971.9158061293,-49353.661250000005,275373.648330959,1209123.4566434468,225368.33562903618,0.33002907595168235,0.03641749518668404,0.5000489964553776,0.07977359192778644,0.8614962076236761,0.06615080935544565,0.8616469765604886,0.08622629239126,594296.0187744581,330826.0612807355,416461.20405381947,234300.26142931546,0.9248796227623293,0.05985167132782076,627383.3375744816,434149.90346219914,3.1150317069739346,2.6915559607521247,3.1150317069739346,2.6915559607521247,0.20276175086717974,0.11647212755561501,1353015.5961007173,128935.68888380048,1384130.6339748441,159973.55888603503,31115.037874126854,50264.86862314218,1419001.0884400296,175928.255826756,3.8,1.4832396974191326,23.435825733567782,6.057020874218226,180.0,0.0,45.0,0.0
XGBoost__provided_plus_rdkit_descriptors,225,7,1193491.0137166013,218362.14430105442,862773.1818880208,112607.08371611552,608323.8375,133485.3623068339,0.7518583508384113,0.12626756453906304,0.758908973880254,0.11903321001062742,0.49861704345289626,0.18371966206231177,3258889.5,710484.89148952,15633.08561197916,229550.2670946891,1190446.2156206346,210005.07730879297,0.34800909952600534,0.07086446842474138,0.5456280349854579,0.18421237146850236,0.8763022745066174,0.0644646836197101,0.8880503824770913,0.07700619889640521,786218.9310756068,50792.647154366394,550893.5104047309,30035.05947884966,0.8987964418677192,0.01354862918787451,407272.08264099446,262620.0972001555,1.5360963465345496,0.3882982918030093,1.5360963465345496,0.3882982918030093,0.14693809102930774,0.13822238247555918,1351657.1853105791,86526.97164488948,1395027.7142729606,111665.34441800218,43370.52896238132,46860.918152207276,1458402.2836253506,172697.64523100512,5.2,3.7682887362833544,19.393367027543782,2.9906487983890173,180.0,0.0,45.0,0.0
XGBoost__provided_plus_rdkit_descriptors,225,8,1134021.238177777,262830.71635029017,812586.7541840278,211041.82923372337,562787.85,190551.1065191567,0.7693777247990105,0.09695430149659964,0.7721385662027936,0.09715498073875517,0.4076224022472356,0.15324445172441623,3745039.9,1041589.7588499124,21157.007482638888,139598.22673391696,1139538.9072386872,266459.09129746014,0.3474946779832594,0.14602238574291357,0.6822251745980487,0.6629175235876821,0.879072843184907,0.05598553949085833,0.8933937514800082,0.046164477869236616,635659.0084620347,180617.49340366674,439488.31549045135,134691.06161453467,0.9271869048791972,0.037995257988309876,498362.22971574235,301450.79562285065,1.9088496340937575,0.640784178958487,1.9088496340937575,0.640784178958487,0.1578091800801868,0.10209598224963623,1316648.0400060632,84173.80960818667,1357421.1699424342,82828.0382701377,40773.129936370955,44894.48593443326,1418489.8379246194,62094.85026079003,4.2,3.7013511046643495,26.095697676721603,8.322622554407731,180.0,0.0,45.0,0.0
XGBoost__provided_plus_rdkit_descriptors,225,9,1165448.453575517,290666.625385183,806711.631857639,188094.98159794955,516227.775,59174.484787337824,0.7612120791839321,0.07496416400348974,0.7625254247659081,0.07373533734777128,0.43360158859629205,0.04394143587302047,3781275.6,1129058.1637194005,-10579.13769097222,105195.01042602799,1175424.7678625437,290417.4426391057,0.35757093059261547,0.11294639645953441,0.7335773183571631,0.6188395476635777,0.8732285746829873,0.04172450928305471,0.9155886126016398,0.026549415239571005,686720.7826909901,154014.12825480875,471959.35435763886,110920.12682368325,0.9180189152461186,0.031897853717348254,478727.6708845269,347159.86816568713,1.787174340763946,0.6457819231487498,1.787174340763946,0.6457819231487498,0.15680683606218634,0.07211385319478344,1380192.7136119143,147808.26661562006,1415902.182059015,177715.86253506737,35709.46844710088,37834.64937937387,1469018.0510239364,173623.32233163397,4.0,3.1622776601683795,22.96154450572838,4.410566618607232,180.0,0.0,45.0,0.0
XGBoost__provided_plus_rdkit_descriptors,225,10,1134220.1790349628,134901.7647232958,781247.6669444444,59604.564534981706,469386.525,57431.72896500135,0.7921785376487123,0.05171069118065788,0.7923127294928911,0.05167759508197798,0.403664250482296,0.10120254059335743,3848555.0375,925511.5755295947,-11757.804166666665,28709.489247961897,1146672.6641145446,136513.4957102638,0.30253561138127716,0.040313796203798616,0.45817558871798714,0.09496186591721462,0.8921800603023845,0.029644014713440046,0.8990725460660123,0.03327890310897219,642251.2134669265,276385.34930086415,458618.5143576389,205437.110089433,0.9259390763575283,0.05074100271132556,491968.9655680362,270632.9469858427,2.113540574750136,1.027732274218505,2.113540574750136,1.027732274218505,0.133760538708816,0.05323831398781749,1258409.1340133096,90120.84490212804,1291186.4205314782,102663.8695318937,32777.28651816868,48323.70999733007,1319618.7095115748,112995.81332157146,2.0,1.7320508075688774,25.80064482835585,7.153085668568844,180.0,0.0,45.0,0.0
XGBoost__provided_plus_rdkit_descriptors,230,1,1094311.6996944216,170229.5201749302,781597.3741847826,96604.4983688734,513472.68125,39532.58030343404,0.794121843270838,0.06655229727501212,0.7968252421360316,0.0652558230433085,0.38640834328798934,0.050490322852611826,3262391.9,599055.7059300077,-77237.59633152172,115124.20112805068,1099192.2102747397,168326.43542550757,0.36022444597749137,0.10344016914189832,0.7248938154557635,0.6138463999350587,0.8942087234522557,0.037010510316427055,0.9237793105545034,0.026584473143171975,721261.1858070926,271911.17421824153,519875.7944866678,202298.651815288,0.9067456173295835,0.0482326274302843,373050.5138873292,147351.78692336494,1.7989118350299584,0.9474464890123321,1.7989118350299584,0.9474464890123321,0.11262377405874546,0.03555445441764934,1407030.8057282683,134198.6283370501,1457035.4651277238,142549.2049318882,50004.659399455275,45906.89137693074,1492429.0507951349,138409.54419456943,4.8,2.6832815729997477,22.880796525451974,5.2822547450171164,184.0,0.0,46.0,0.0
XGBoost__provided_plus_rdkit_descriptors,230,2,1231552.1884279926,124251.95497097856,856499.3107676631,76167.51640991344,503714.2375,92126.65057590429,0.7353148298135613,0.07892031261287207,0.7402295876809305,0.0763986261656462,0.41612959649237424,0.09403940291242402,3696021.65,561164.2254271359,-54473.629110054346,178067.25869784615,1233662.9731344725,123304.98801044698,0.31441976161033036,0.03981104936505,0.44111971293673163,0.08268585543495446,0.8640761775087477,0.0499307656910098,0.8898904185254473,0.04342897234341673,741335.1492041384,37068.76264981547,526928.0461319633,36309.483911831856,0.9072009785109987,0.012032423978049114,490217.03922385426,135678.94714160275,1.6656324464895402,0.20397961946727916,1.6656324464895402,0.20397961946727916,0.17188614869743737,0.08552405494038201,1274325.7722474216,126640.15550489583,1342124.0418812663,100717.34786293573,67798.26963384468,48890.76850585118,1372186.92222686,134120.38174782397,3.6,1.51657508881031,20.948642768975326,3.573339580530964,184.0,0.0,46.0,0.0
XGBoost__provided_plus_rdkit_descriptors,230,3,1143417.232255098,155768.37650439594,838959.5472146738,63396.85478589237,579510.465625,107016.5562008966,0.7883811797999997,0.06092796436664465,0.7942948663839522,0.0587727056792679,0.537189411234836,0.29062622585861286,3192931.8,542084.0631618634,-38414.44993206522,213725.60623503447,1139663.6815069057,152487.74620344682,0.34853506043471755,0.08526301078036723,0.5205770857726877,0.15839398319667544,0.895262191739158,0.03135033260579592,0.9136929650955524,0.011334002176398105,652005.9969441683,134896.78603967823,463908.31552840525,101983.36564409589,0.9316300543220943,0.027359886636795363,491411.23531092965,262028.49670895952,1.8546448883887336,0.6690941646163715,1.8546448883887336,0.6690941646163715,0.14324887452209473,0.08086281612521572,1361422.7083337752,109039.93420313293,1416622.7884425924,121487.08487296004,55200.08010881716,38638.11910052471,1456372.459694023,141976.59417321283,3.2,1.6431676725154984,23.52365983713171,4.917776497605667,184.0,0.0,46.0,0.0
XGBoost__provided_plus_rdkit_descriptors,230,4,1158676.818792529,243093.2652110181,813753.1588315218,143304.39917572105,500553.825,104383.96752105339,0.7395047918369222,0.1583776309897531,0.7422241625931459,0.15771873390609592,0.4648888595021091,0.21337847904144872,3328800.8,850346.2353694964,57089.12540760869,114379.8325903366,1165000.1256278108,248586.96336407264,0.36880080634777235,0.10185980830651566,0.7413239724547959,0.601121270213514,0.8607183621066614,0.09182674211826376,0.8812771630528637,0.11364528977594446,537850.6122578132,315113.35107541864,368476.894701087,221066.73119280004,0.9376797362123284,0.062043163383075604,620826.2065347157,239217.4560306141,2.6738073471753805,1.1504669518778854,2.6738073471753805,1.1504669518778854,0.19817494437540606,0.12987753840014832,1233962.0487819072,84970.39556446142,1279433.0621305904,141506.8500218325,45471.01334868339,62311.5953423482,1322344.1153312728,114330.59567481239,4.0,3.4641016151377544,25.532950770819536,8.107419951353116,184.0,0.0,46.0,0.0
XGBoost__provided_plus_rdkit_descriptors,230,5,1305996.2510755665,264150.61689647735,931265.4148097826,226491.31173602064,619775.8,200891.42214125115,0.7130461418709336,0.07737061918205547,0.7164996996618764,0.07996004528934905,0.6611410790685825,0.4115166750502775,3760396.75,1016681.8024051638,-6013.710054347825,168846.82624272487,1311194.5572409406,269275.7377300864,0.4272871882202337,0.0968415494499763,0.8557095062971987,0.5400547454311013,0.849675502031455,0.04860816264232804,0.861157484287264,0.05403199625160163,848673.0182386097,321879.0664663189,602943.3333644702,247809.18607787593,0.8667491985749965,0.09349349992148112,457323.232836957,276105.55829135265,1.7352325457657023,0.801082806632591,1.7352325457657023,0.801082806632591,0.15370305670406292,0.055439853461187426,1403472.3167409746,146767.61916018568,1477883.2841187934,189196.29451913785,74410.9673778188,53004.0584977904,1508391.1619580172,186452.23918495217,6.6,4.33589667773576,18.665339905164746,6.2631959198149785,184.0,0.0,46.0,0.0
XGBoost__provided_plus_rdkit_descriptors,230,6,1128638.0326449543,266920.57824746316,852569.2379755436,197581.28879189747,586225.81875,110944.02080591016,0.7564020813425505,0.0939567740884871,0.7657121457537572,0.08610987671189657,0.47303603455563403,0.1373181955742108,2880118.45,624170.4055548554,133136.6921875,187110.5360525692,1121528.3927805081,264147.1804051487,0.47732560255486567,0.34395909656618046,0.970117401026034,1.1973633899859422,0.8790183004725908,0.04709716058231638,0.9045545702696585,0.031991308188486285,664874.3785862679,259375.2425366934,471665.523271909,191075.18412038407,0.9152212703583551,0.05172586923010994,463763.65405868646,478918.4586326063,2.189489020146601,1.6211042805505322,2.189489020146601,1.6211042805505322,0.15881918901580466,0.12736186623392234,1386978.1938820803,175297.37084439947,1428310.4378019215,226270.2688190424,41332.24391984148,65118.76884434441,1472456.1605418734,219550.59938417727,4.2,3.1144823004794873,22.913445179276753,6.588410159967715,184.0,0.0,46.0,0.0
XGBoost__provided_plus_rdkit_descriptors,230,7,1369014.808768162,309338.36564112484,988511.6101222826,211360.24037516146,666738.6875,199034.41315649607,0.6752852317191052,0.1295292329994429,0.6872611733561651,0.12369286677560087,0.47672943349082847,0.09575803864101547,3870185.6125,1144228.9572644578,-14576.033763586962,299829.4253419095,1358741.8303961905,304530.2462872168,0.41142043314783355,0.12337785242139786,0.7694325414197734,0.6190001967316952,0.8324356130507491,0.06636246889612689,0.8478730748423102,0.06078081707274419,798844.4849455787,223235.2729360687,571361.8425696332,151729.228152323,0.8877360187625584,0.06546256589898511,570170.3238225831,188846.86669224905,1.755335725370184,0.30136155538936377,1.755335725370184,0.30136155538936377,0.2124507870434532,0.10840801364981349,1311748.8079043883,136340.5218736905,1352711.9294631558,150633.9767847949,40963.121558767416,19046.238735965107,1424094.4436583745,168640.23173336632,5.2,2.16794833886788,23.26215841446939,5.401008736486468,184.0,0.0,46.0,0.0
XGBoost__provided_plus_rdkit_descriptors,230,8,1049326.932158954,129398.28703088974,752687.0980298913,89304.69063115187,505813.71875,100629.36354052572,0.812257329218941,0.025011126339417825,0.812981330390337,0.024173152953723822,0.4201482273479689,0.08003481428137771,3025341.6,445733.8080381328,18156.051698369563,67389.17157261807,1059057.18477991,130362.7197082799,0.40952571160056417,0.24929140054857624,0.8884123438214289,1.0073339271497155,0.9076806859261103,0.012977278782488047,0.9362710944558235,0.011518600366009843,465007.2826577172,242892.4255262868,321949.9027683424,162718.38676613872,0.9573187547164498,0.03708086968343802,584319.6495012367,279159.04376893124,2.970865905478147,1.8093799955753564,2.970865905478147,1.8093799955753564,0.14506142549750892,0.018709965178545635,1309039.8738640237,53035.673164487496,1347992.9381470946,78212.607759889,38953.064283070526,48179.13047030558,1394334.3726427485,87807.2179073382,3.4,2.3021728866442674,26.155600028503407,5.430491781980325,184.0,0.0,46.0,0.0
XGBoost__provided_plus_rdkit_descriptors,230,9,986335.2650637769,139717.47730051778,722756.5459239131,103738.1412820323,476323.725,77847.65604036956,0.8430645910230951,0.0395142768951761,0.8461567302036869,0.03655562620040163,0.38980834861883407,0.2044278764879892,2649133.4,479717.68033545004,-12036.745108695653,146681.62051297008,988497.1322010669,139510.50280880116,0.2866178785911865,0.07843657113937717,0.3940143989075834,0.1406878940257747,0.9246541826639291,0.02144479834054859,0.9331687380498002,0.010169486517647028,448749.71174370765,322409.4668951151,315159.66532990825,226092.934170837,0.9557919215533961,0.05093420519099792,537585.553320069,356984.14062492567,3.5006899654335966,2.528969853198637,3.5006899654335966,2.528969853198637,0.11272733053030101,0.07741402110284845,1254749.2371826854,31855.13706528752,1274980.9463367134,34612.41137829687,20231.709154028074,17105.788860743138,1320119.556219161,46439.70498771858,3.6,1.9493588689617927,26.23324757997248,5.628572181305505,184.0,0.0,46.0,0.0
XGBoost__provided_plus_rdkit_descriptors,230,10,1046710.4531657326,205765.06313688814,730227.6282608695,119848.27613119954,449235.353125,92399.62912318954,0.8134420640227205,0.07201492481551522,0.8186818206950788,0.06872992023821996,0.4667895963651184,0.22603568607494925,3184393.7,986381.0215555397,59096.55883152174,189975.19654632627,1043117.9665953212,204311.1385311506,0.3990110397529786,0.12649461954545532,1.010949879970617,0.7408113989641605,0.9121529480805947,0.03582304865895826,0.9236478398199928,0.030292695964763073,500296.18545214355,241673.96563436984,349323.70663213317,174187.02742202228,0.9517413674500123,0.03912760935245324,546414.2677135889,235387.8541353636,2.74864351630813,2.031605481923933,2.74864351630813,2.031605481923933,0.13829930342729171,0.061735841255618776,1320990.4704235878,90682.47835631574,1379005.898904038,112691.67757197123,58015.42848045002,69665.35670102156,1416856.7626949344,132187.80304405154,4.2,3.5637059362410923,25.944793527097666,8.379189576006517,184.0,0.0,46.0,0.0
XGBoost__provided_plus_rdkit_descriptors,235,1,1191038.9783432689,42316.586882888405,809070.6352393618,41536.84134597269,498317.225,120861.19228266574,0.7533719609264896,0.0277782264538675,0.7561959746417755,0.026329733677719274,0.505498597981006,0.20123555411681848,4139377.65,748475.8482246939,61180.54188829787,117389.81805543121,1197461.1833209675,48405.03523560858,0.309897226174457,0.03694193983560938,0.4795807283707213,0.09458725378998536,0.8746648240852778,0.017360036279320465,0.8983554620196905,0.01778604460678879,540080.4533474211,176267.98513897674,382527.3797436004,124256.79641382638,0.9459883193411077,0.03562973659193381,650958.5249958478,149302.10345276908,2.366460747192867,0.6247827836889425,2.366460747192867,0.6247827836889425,0.192616358414618,0.04705585851555663,1386057.7761191323,77783.62690161532,1421745.204964136,92215.73978137622,35687.42884500362,37211.08926030107,1468194.8583730846,105755.19849240444,5.6,3.9749213828703582,23.42094696883993,5.158798233960998,188.0,0.0,47.0,0.0
XGBoost__provided_plus_rdkit_descriptors,235,2,1137345.7083166942,324415.914954012,810258.788031915,241193.00184672527,539438.95,159837.18730478428,0.7760601978710255,0.11349350598641354,0.7775588115761842,0.11274825448902794,0.4365046648065448,0.1385565288204761,3467496.8,1054687.4600936645,-2663.744414893622,104855.21341164144,1145871.5130370285,327275.2238179369,0.38257653338528397,0.1464871462354047,0.734122652389017,0.5831627200022477,0.8833702596404407,0.06558516275674238,0.8843867294357308,0.06384664133183815,576012.8880515953,360602.9046327966,417791.7046750333,272443.1749522256,0.9286208379758871,0.06219393141601135,561332.8202650989,446232.71760650753,3.157290968860638,2.545074350613956,3.157290968860638,2.545074350613956,0.15256064010486153,0.1184015188820238,1325698.1699378018,158725.8786506097,1367664.467921458,207704.68195122527,41966.29798365631,51266.27605175541,1422369.5035536338,191288.2376978523,3.8,2.588435821108957,22.93434744211274,6.997959955704471,188.0,0.0,47.0,0.0
XGBoost__provided_plus_rdkit_descriptors,235,3,1098596.8432512477,156901.1456771844,809270.8293218085,136543.27735783474,583447.89375,134460.874625936,0.7897184805493676,0.08121190462638012,0.7940848656995974,0.07625729590245292,0.4785892801479051,0.033743797136357195,3007057.25,511738.91853958357,62590.14102393617,148101.6327946115,1100887.2862252765,155686.2935835671,0.3315370008637261,0.028803106645216358,0.48025902111266044,0.02893796780440944,0.8944398676446838,0.04178457900908085,0.9080288062200872,0.037816807151223326,657487.0878416181,241485.56092935,464080.7102289728,181756.04688642718,0.9204195289740532,0.05774410807873967,441109.7554096297,233917.398860757,1.8321947099270912,0.6532932505098216,1.8321947099270912,0.6532932505098216,0.13070104842468563,0.10344357159659877,1336604.7185511277,105376.68223919912,1354082.6708116974,129895.04799825093,17477.952260569622,36893.22279726312,1408131.779370762,153942.9329321236,3.8,2.16794833886788,22.022168103083764,4.619945915296282,188.0,0.0,47.0,0.0
XGBoost__provided_plus_rdkit_descriptors,235,4,985915.9138169823,84127.87794215769,701247.3574800532,62464.58496828083,520222.9,44010.968740261225,0.8454018985114079,0.018728603552163638,0.8461043884389456,0.01862416316041247,0.42122990761968576,0.19545829613097165,3257932.8,450683.8799971938,25320.81020611702,64871.70110916806,994430.6804062662,86306.49591372335,0.28883825664974816,0.04983490000630871,0.4248490586463937,0.11681353962166335,0.9204599416776459,0.01008269927853022,0.932324219665183,0.01883763045647719,393384.06660410867,211988.32312391492,270439.9538989777,145344.35545668134,0.9699411902098574,0.022190379284031173,592531.8472128736,174609.69981571776,4.176817128603092,4.257503200099708,4.176817128603092,4.257503200099708,0.12453929169844932,0.016641645786663488,1253155.0420196601,109324.2995939349,1270625.708030825,83893.41373913057,17470.666011165176,39065.59681316043,1350554.0482916096,134100.27518864002,2.2,1.3038404810405297,28.05544337026496,7.869880072851547,188.0,0.0,47.0,0.0
XGBoost__provided_plus_rdkit_descriptors,235,5,1082209.1369706683,206357.43862527635,754672.696875,145988.10124809944,469071.3625,101996.18768785552,0.7959224502480942,0.04401365029227304,0.7989339697613801,0.04333501643331882,0.3760405772488091,0.1121351728051351,3294361.65,1087549.3843401377,27703.998071808513,161394.67028520838,1084899.2533190495,201128.32082053093,0.33506011225919274,0.13033879844065754,0.6678642735932857,0.6449085093462464,0.8957941241052019,0.022426353807999712,0.9231016341899236,0.01943418491824047,665949.1920930807,97088.31901791191,467239.29610829457,67027.6926088218,0.9274984121144811,0.014953824257905998,416259.9448775876,281034.0790300998,1.6806854400348403,0.5274202226211189,1.6806854400348403,0.5274202226211189,0.13157596186638704,0.04229068930333197,1301427.1172061514,51719.41282849775,1325598.8630874094,57221.94090753112,24171.745881258044,21309.706315443636,1397188.4586863234,86404.74496593821,7.4,3.361547262794322,20.302486885958473,2.547901360542397,188.0,0.0,47.0,0.0
XGBoost__provided_plus_rdkit_descriptors,235,6,1143670.6703823241,144666.32290572312,782522.3691489361,133030.47853417773,442223.225,158587.69845154881,0.775058727492366,0.03981192219627114,0.7799469291733157,0.0410144620281476,0.4587371790257294,0.16533439189936694,3764247.3,1102773.7945404195,8508.130585106392,190390.0609481961,1143037.6087657853,146993.24016404743,0.30785625956635443,0.05549994970011445,0.478994364806905,0.09290207898083526,0.8942378614254896,0.022955296665535693,0.8998133515975978,0.03949155978215177,377301.67801060627,308849.18673262454,263280.491796875,216035.8866708876,0.9612385553039309,0.049106670604189044,766368.9923717178,228458.33405129152,5.141182150247481,3.5669117453662893,5.141182150247481,3.5669117453662893,0.18617982781156472,0.06510620104487623,1284756.9664482684,116313.90658921291,1321292.5233548922,95429.72091718353,36535.556906623766,45249.42613223016,1369440.8017468923,95063.49435152908,4.0,2.0,25.908216911765123,5.5531002438788,188.0,0.0,47.0,0.0
XGBoost__provided_plus_rdkit_descriptors,235,7,1137875.4277633259,156089.00304879545,826014.3979128574,135359.30159759498,565609.05,110449.49991107361,0.7816304745346452,0.04026942449569688,0.788455670678136,0.03916117821653536,0.4808112055690367,0.1188828648391453,3539336.75,720949.7490858847,14678.27841692986,227277.35702730814,1131830.3239381337,155482.44455433165,0.44533800886768604,0.289401595195001,0.9758938481901198,1.1158357741024068,0.8893989851573624,0.021163772749662177,0.9025888759795295,0.03128977970080646,572171.5010729234,207170.97418243557,389282.44743392617,147803.70079630386,0.940000918150328,0.03492088784666804,565703.9266904024,74636.07266568368,2.228356905780238,0.8646739435945904,2.228356905780238,0.8646739435945904,0.15837044361568287,0.011357083060410531,1333006.75525851,70111.06734182258,1372740.3653974761,97302.93528069992,39733.610138966236,67385.45709466515,1430736.9083153042,85379.7528501227,2.8,1.4832396974191326,26.153848384241435,7.376284003469201,188.0,0.0,47.0,0.0
XGBoost__provided_plus_rdkit_descriptors,235,8,1143867.3319975592,63538.28776212643,825192.6770611701,39016.07883858599,571829.325,36050.481848114745,0.7640879404240971,0.07068224773415789,0.7692748297664311,0.07205060444411004,0.505002081997543,0.3125122549008902,3330180.85,976557.6469553111,-60959.83623670214,188232.70357978737,1141763.5215523276,68868.4639399443,0.33861373497966823,0.07331993493112168,0.48181038771617535,0.16016486569781857,0.8807586326095194,0.03724473249169138,0.8933061698474474,0.04111591053280741,748638.060947838,49770.92976963051,523563.1512632979,32767.025623523572,0.9060518351666869,0.01333221788543689,395229.27104972105,101663.11472405368,1.5358580552290166,0.16528859780314478,1.5358580552290166,0.16528859780314478,0.14196389474258977,0.07862083452607882,1199804.0902013774,66390.9865236908,1249120.1261511794,74573.11940788012,49316.035949802026,51351.83837769775,1311406.4375901825,74736.70207121267,6.4,1.6733200530681513,18.892399179729534,2.90704953135268,188.0,0.0,47.0,0.0
XGBoost__provided_plus_rdkit_descriptors,235,9,1215921.3563740812,150324.7365007607,894015.9194148935,138840.57016747197,673040.025,167466.23162746313,0.7275288602327198,0.07205412071065485,0.7410239638480226,0.06161065478015336,0.556128844553099,0.10998201132095485,3869144.55,1209550.639917884,29416.19441489361,299599.7037221419,1200163.008826206,134312.61976174277,0.3684053971725738,0.03441158096936076,0.5167786134517429,0.06602068691162578,0.8645023848385236,0.03380381685206902,0.8932597739499263,0.03258113699899296,740831.6679543854,301021.33076835267,529067.9737200799,225458.66503916707,0.8898413096117854,0.07725181540860102,475089.68841969594,246364.5291669731,1.893116033714025,0.81649025837602,1.893116033714025,0.81649025837602,0.16231244937906578,0.09633350623254332,1399064.640313191,58115.22120778248,1453236.9390389223,104015.759168156,54172.29872573111,55628.84340698243,1521236.5295045995,116755.92695663431,5.2,3.1937438845342623,21.203288455442582,8.1588405887313,188.0,0.0,47.0,0.0
XGBoost__provided_plus_rdkit_descriptors,235,10,1241322.8805518236,315291.0358067709,887016.1716755319,217386.21288063843,629318.9,182919.65302819773,0.7072658086888806,0.14179646316918573,0.7096469392437353,0.14028886174283287,0.5498658413805011,0.1937111032959031,4092389.775,852813.9809542493,-40976.84162234043,123928.59373971968,1249344.693261947,317222.3732492144,0.37857723450448966,0.06655543241199917,0.5451346002006029,0.11932391405186776,0.8474860746942776,0.07725296554029497,0.8459148570227775,0.0695243839205208,689958.8389020043,233535.59363911688,503029.6509557845,171176.64712283373,0.9111878152603043,0.04503345770145457,551364.0416498192,304172.5007730014,2.0102440011212224,0.8592345635418053,2.0102440011212224,0.8592345635418053,0.20392200657142395,0.12566259143014769,1306640.5140085376,151179.30998513597,1358670.038915618,157124.64172431343,52029.5249070805,30437.31841013518,1399499.9464445994,169718.0620651137,6.0,2.5495097567963922,19.662553134196315,1.614853517090092,188.0,0.0,47.0,0.0
XGBoost__provided_plus_rdkit_descriptors,240,1,1184439.3310971842,238420.039065789,831986.9759073893,166239.83400608797,560063.7375,140798.8353731117,0.7495091560387334,0.0803380267048416,0.7557512988849814,0.08154227745184428,0.4659999015337405,0.13904320510469104,3623047.3,939244.9309400476,-40527.71496988932,206415.07303480344,1181245.4355668004,243308.05272264645,0.38102198603068593,0.12550792507115752,0.7854497073630793,0.6713352003022443,0.8695506691063631,0.04776067680950782,0.8990644173406176,0.03455805809738344,705441.9213613236,226722.0637775231,492686.498526001,159143.365559021,0.9088598995257368,0.044894318192601576,478997.40973586077,264502.44550077256,1.8815004492486564,0.8521716486372902,1.8815004492486564,0.8521716486372902,0.1593507434870034,0.06946742489777537,1357040.1825684314,48630.09142395027,1424006.210527865,88187.08780619575,66966.02795943357,57779.66407898727,1459345.124658962,65081.23578504192,7.0,1.7320508075688772,18.932771289314864,1.9133376639189659,192.0,0.0,48.0,0.0
XGBoost__provided_plus_rdkit_descriptors,240,2,1023292.3672127316,70195.33999087002,710893.027327474,71425.03944170922,462425.8796875,124034.49079225054,0.836166813075705,0.03787333980643038,0.8378280809641456,0.0379541127604483,0.3586349221522653,0.11350002109722797,3164987.3,294592.6860023429,-24425.99998372396,111395.2672134574,1028775.529286927,73362.09979862989,0.37963413363540643,0.12947686728174915,0.9446557599222041,0.724750073446023,0.9172403224845592,0.020373040135674095,0.9399905024630918,0.020141985848128346,425760.485178833,239855.38863740966,289162.4185815493,158037.00455613746,0.9657770918093153,0.03683297696301435,597531.8820338987,206458.15302901017,3.132818089333918,1.975738579073173,3.132818089333918,1.975738579073173,0.12961027873361017,0.02748172258060139,1272279.515952194,134076.44118862276,1312395.7339007207,123702.93288217788,40116.217948526566,31000.47514966023,1347398.732894068,137430.922434724,4.0,1.8708286933869707,24.73168555881969,2.9833572058284186,192.0,0.0,48.0,0.0
XGBoost__provided_plus_rdkit_descriptors,240,3,1139967.43220917,124751.07271100121,784011.6194661458,64605.15851988406,496255.325,68409.2376384236,0.7923488961379213,0.016892201132828237,0.8041572558809088,0.020488517351681154,0.44459093938507693,0.2499583002327673,3814942.9,750843.0671786049,9618.412565104174,299326.1569136095,1119095.935495925,133314.66227290654,0.2973762585203367,0.04507571586894864,0.4276103069382648,0.14183482976798736,0.9051381842000918,0.019566895458184554,0.9200615573189002,0.033877598925976096,759111.0719329563,92556.5204855238,525690.6608317058,51674.324085866,0.9090233587610907,0.020334335383543053,380856.3602762135,180642.60186469363,1.5284039156877973,0.32252661195316723,1.5284039156877973,0.32252661195316723,0.11667446262316938,0.02304596073336996,1257400.6595663044,112178.20386606464,1310133.894214911,103384.79343303014,52733.23464860632,18066.634488655647,1349772.2160966524,85837.00881779904,5.8,2.16794833886788,19.26791368132506,3.9616521750176927,192.0,0.0,48.0,0.0
XGBoost__provided_plus_rdkit_descriptors,240,4,1120742.3576391495,84828.17936466273,786983.917631022,51535.800767073306,528810.65625,102013.8643366407,0.7855754015138263,0.034761195745474566,0.7928190411314162,0.03780299131886521,0.5880697403076505,0.5186076495963007,3437563.45,723165.5824457321,53114.150077311206,221993.57971914145,1112748.6486164166,95609.13199835073,0.3814780261875433,0.11944773660462374,0.8145037526467223,0.6960241661086506,0.8959283263541545,0.024301734764621323,0.902995659206562,0.01883274787905495,486178.22141212004,197977.07640946997,335402.4599527995,146222.8829424382,0.9542078135693147,0.040139490440858475,634564.1362270296,159663.21988489982,2.56388256524526,0.8505643675286209,2.56388256524526,0.8505643675286209,0.16863241205548846,0.05659366592810771,1190199.403926317,137024.401993419,1221363.862865354,149035.38045254297,31164.458939037006,24248.548954496728,1260537.0651318517,147277.01383600465,3.2,1.7888543819998317,26.1630673997923,4.5215501956994215,192.0,0.0,48.0,0.0
XGBoost__provided_plus_rdkit_descriptors,240,5,1047012.887154197,218169.59896496535,740518.288671875,140075.6027123231,476493.0375,127783.83468249528,0.8187482197846764,0.06086613188805642,0.826466639029998,0.05881889435237716,0.3809018711809149,0.17810705131147178,3328948.85,939281.760370883,-40291.77864583333,241067.74025808717,1035013.6526384335,218109.46416879963,0.2973849402763865,0.07181622246839282,0.4049569022601062,0.1450222453528814,0.9108348259323897,0.030558095737054675,0.9266886831355624,0.012559872527783945,416476.77425280435,217044.78285453125,286278.2567980449,158076.38794017787,0.9657601180117386,0.02868522616745695,630536.1129013926,263183.54018496646,3.331999576996645,2.0346961755141137,3.331999576996645,2.0346961755141137,0.14701189822706207,0.06710029831047856,1250268.1113487273,88215.27206975823,1266006.5809474762,90544.08021678805,15738.46959874914,22129.17330822192,1298379.3074485858,96780.39969958829,2.4,1.51657508881031,29.33954691859926,6.459697679551893,192.0,0.0,48.0,0.0
XGBoost__provided_plus_rdkit_descriptors,240,6,1238828.051048525,233593.30211900288,875440.5493815104,238298.89166629055,605714.175,297501.4115898017,0.7451525422319452,0.07387466484664693,0.7484743683573236,0.0769046448231416,0.5090122241009628,0.11979231732887291,3894708.25,861259.2368501049,-43602.78479817708,144773.76693019248,1242933.407042486,244898.06288048343,0.40568472566843017,0.1384463039831086,0.7771604452033578,0.5920466577859349,0.8667700549319187,0.0458439079836081,0.878331311705279,0.05318388222050551,608984.2114818238,318019.179125304,434347.70625406894,228790.4728521051,0.9267281413213528,0.06434345085693975,629843.8395667011,326336.5458821688,2.6882215309846718,1.7629530305816672,2.6882215309846718,1.7629530305816672,0.1815755990894077,0.07210916129727905,1320038.0942207004,62758.598100190284,1385676.9629385553,55161.315436893114,65638.86871785489,69806.20368565591,1430935.037766062,56043.603677658655,6.0,4.472135954999579,21.4261803158021,5.994495526999798,192.0,0.0,48.0,0.0
XGBoost__provided_plus_rdkit_descriptors,240,7,1177662.6433084244,124679.38946652111,822628.3615885417,120723.80961617896,523093.1125,178445.51829325946,0.7518547744237649,0.05183958188052325,0.7598482182158692,0.044216763528814436,0.5044871956359419,0.3291415852869424,3905361.75,287011.2383387626,64397.353125,214988.22630585023,1172639.7833228558,122556.88580591317,0.3151758725762356,0.05141019308023401,0.4704417956656683,0.15861085677907355,0.8754206801908557,0.023151822120739806,0.8843157385859323,0.05089457828282473,707399.1214569039,148977.69118198554,487912.2610783895,108655.18728596445,0.9099384067809695,0.03259632832106947,470263.5218515205,94075.71104273661,1.7138748156586197,0.3090575702851712,1.7138748156586197,0.3090575702851712,0.15808363235720452,0.047870099346693035,1248427.022371232,109459.42627789063,1323034.7930615316,88636.04734608019,74607.77069029976,75426.59312100339,1367707.6624064525,93978.01922267082,4.0,1.5811388300841898,22.742902538823632,3.8671511711046005,192.0,0.0,48.0,0.0
XGBoost__provided_plus_rdkit_descriptors,240,8,1110163.6014704264,113703.23022109167,764689.5029947917,75974.24348699056,468935.11875,130068.14961513401,0.7952750779198191,0.05557381848606389,0.7998433246540826,0.05501787224354176,0.3866346893317465,0.07780248885083367,3159197.45,430599.9326762168,-58547.42109375,171001.01459342008,1109384.375666063,117916.3562251718,0.34926868742057743,0.11223628028246495,0.7078257296337916,0.5960421309974966,0.8959527016212803,0.029445063052575705,0.9079009749788428,0.04166304062851509,475163.30513189343,260497.61490454286,334195.2238444011,183083.1317347293,0.9549922656084389,0.040091812750308646,635000.296338533,210618.79805062842,3.3709178616161615,2.819368305693128,3.3709178616161615,2.819368305693128,0.15971718768861976,0.055033599250752706,1321204.9549725307,143906.56783806958,1374577.6420931132,137739.4829937211,53372.687120582304,29826.250886298345,1411275.0015019833,149570.56667946023,4.6,2.701851217221259,24.33505304657724,4.905174434813096,192.0,0.0,48.0,0.0
XGBoost__provided_plus_rdkit_descriptors,240,9,1103197.925099161,113274.09427216763,784880.7800455729,79841.24434838789,518946.5625,123892.80457399832,0.7751212245112046,0.07178724410743416,0.7784572903280299,0.07001009312789858,0.38133813753476337,0.06107310866371358,3032829.15,549544.0681122511,32148.954459635414,146003.44081576198,1106801.472169436,111478.56388495753,0.2977909051566882,0.03236693662048471,0.4047907787110779,0.052155513222550805,0.8859440402096717,0.037363956847447664,0.9166744864999593,0.05273995726480921,693174.6878082044,114177.30163832789,489497.6018391928,86931.54464913998,0.9152802487346821,0.02582158000677312,410023.23729095643,89677.35910890343,1.6107024157080114,0.1909184487729251,1.6107024157080114,0.1909184487729251,0.14015902422347734,0.057404064804190025,1261723.6925585507,89435.36121231016,1317027.7240043203,134516.70792112552,55304.03144576936,61136.910583655175,1349724.0788361428,131386.72686026146,4.6,2.073644135332772,21.31049136277999,2.6352424776618046,192.0,0.0,48.0,0.0
XGBoost__provided_plus_rdkit_descriptors,240,10,1260697.8561484055,225750.06765449923,894867.3714192708,134488.1452240757,562586.415625,193399.99779049438,0.7321343594548511,0.05262909906208348,0.7359632985313683,0.05243350136740053,0.4195672742495445,0.1306995720007692,3925433.15,901353.7831839324,15437.546549479166,173810.90913751675,1264533.0197568333,225952.47745462737,0.32832249176070455,0.0693875852545749,0.44964798855709526,0.10815656417750585,0.8646609739176844,0.02978873573795964,0.8884675249674985,0.06250200776024359,826914.9958871559,26687.203380046016,579431.3103922525,32498.202501859385,0.8862640449453492,0.009825129164662305,433782.8602612495,223362.79059553833,1.5249579679256364,0.27089942866153327,1.5249579679256364,0.27089942866153327,0.15412968549049813,0.04946368844726444,1282796.2431323815,91053.95921247716,1361002.4533368777,124341.60980826936,78206.21020449624,60485.332546958,1417576.3099059903,153749.14401084985,7.6,4.33589667773576,19.10086018488631,3.093621721965061,192.0,0.0,48.0,0.0
XGBoost__provided_plus_rdkit_descriptors,245,1,1131063.2936515915,199070.68030033723,756672.2085140307,160097.50899280558,409341.325,115357.74936764651,0.7640976017847484,0.05343535192657205,0.7712369876605325,0.052974160752117715,0.3996946420595807,0.18507973426204496,3621150.0,487711.05186178116,-49556.21948341837,200419.99477262073,1126500.7916203022,206170.78607077367,0.34493361997519145,0.13508332560464884,0.7097221212032354,0.6352809616496999,0.8831138567178849,0.031182131681111194,0.9008015558697007,0.04004131563490255,442733.15680727584,305109.56087538204,306143.6872847577,215957.24620978071,0.953727977401841,0.04752360542642148,688330.1368443156,467935.0476916315,5.877427065447206,7.629064075984143,5.877427065447206,7.629064075984143,0.18963037561709264,0.09202121323151359,1248568.2986313202,94175.93820337078,1267012.3419442456,95202.25935863654,18444.043312925332,21531.564313647566,1338277.3535724888,114461.81711855104,2.8,1.4832396974191326,27.01878928226922,5.780810469116907,196.0,0.0,49.0,0.0
XGBoost__provided_plus_rdkit_descriptors,245,2,1104321.7901417245,130051.22249549585,790631.6055006378,84764.13697237472,529868.4,132208.7257546755,0.7926768110848412,0.047152242313139484,0.7969102201901036,0.044625961998169233,0.35973346693101743,0.04085215046512659,3407281.75,696681.4735333681,49934.74711415816,157599.4994956314,1105459.0863021477,131703.76784652375,0.2973913391940716,0.030047635466174102,0.4026985798350816,0.04889494246840503,0.8964326835615756,0.026173250204160368,0.9118532412113127,0.030600630449852947,500072.84583232226,303055.70486016816,346884.39869957755,212089.96974412544,0.9460595463704038,0.045106514429003236,604248.9443094025,331446.7528517472,3.5674740924912323,2.806395871257964,3.5674740924912323,2.806395871257964,0.1533827352855626,0.08464865585488697,1266935.181773917,128286.9240833612,1283800.020328286,130768.76946204311,16864.83855436896,20313.90313164102,1350399.5819233223,181892.18618439257,3.8,2.588435821108957,25.778230022925175,5.378529022327642,196.0,0.0,49.0,0.0
XGBoost__provided_plus_rdkit_descriptors,245,3,1228107.1761733363,189770.7603657756,862946.9685586735,157011.11051481162,575092.9,159816.24881686387,0.7547575937790347,0.049386280822775845,0.7569504294599796,0.04932137551962425,0.5434495207621741,0.24560746858118937,3926416.2,851662.2539889712,12158.1205994898,131096.0981085072,1235155.9683295484,191321.2968208193,0.3500420793377706,0.10119280376822122,0.5040905173991087,0.15171943202300356,0.8755575927760042,0.027295296765929053,0.8980707767587471,0.04657547834681883,655473.0178717233,315036.7292627814,465143.75488679844,236526.1532407671,0.9172678151748777,0.06380370617095774,572634.158301613,168761.55554243454,2.23087951863688,0.9326034916603679,2.23087951863688,0.9326034916603679,0.16251022139584298,0.038539383924299356,1278527.9973686703,111297.37888843092,1323795.1193719339,116952.06262214608,45267.1220032637,31769.736897925257,1342826.8266207878,117408.64221027562,4.0,2.1213203435596424,23.011880799195637,8.471982825784398,196.0,0.0,49.0,0.0
XGBoost__provided_plus_rdkit_descriptors,245,4,1176931.7341421258,181921.69891200095,816760.8804846939,99666.15220486981,527604.55,127041.31207313035,0.758018845011464,0.08424490382362552,0.7653444551421369,0.08122917619779378,0.4357255925673412,0.18907299659490723,3698508.25,936886.7518255942,-16536.41084183672,225302.48058067533,1171514.3574290934,183282.39633495538,0.3135288815823191,0.056168150399452964,0.4450549033070814,0.116676439645723,0.8785534423743885,0.04923177134163369,0.8965547160003275,0.039529880880169566,700152.3942970473,267166.3487114727,492348.6402423469,205716.22548876994,0.9100594173922728,0.05664262126226889,476779.33984507853,310075.525934944,1.963907305931872,0.969819975580664,1.963907305931872,0.969819975580664,0.15204057238080884,0.0876679112427456,1302797.8054823112,79236.48015838889,1335240.6857580233,127015.78113162186,32442.88027571202,54359.14043741584,1355901.9329144442,113631.81712391239,3.2,2.16794833886788,23.467964512194932,4.577007544475841,196.0,0.0,49.0,0.0
XGBoost__provided_plus_rdkit_descriptors,245,5,1259767.2276518415,215216.60901353642,855736.0348533163,135194.572061811,544933.725,49807.6317841798,0.7113181473378489,0.1541959606950483,0.7140824599300204,0.15118557104736652,0.4863225107837703,0.2181946617547408,4288004.25,659635.7754310803,36506.81693239796,126889.76123426146,1267526.828073327,214385.2745470769,0.3235251572818258,0.07380375078592472,0.4733962977451225,0.14924450112647225,0.8627867689715785,0.05221760818743314,0.9020676786258399,0.03132711927005207,679530.247997382,268991.2795315804,483612.25246930803,195232.6912381673,0.9138440803912935,0.047730762423161696,580236.9796544597,304183.19494478795,2.3683989358949824,1.6343754569541977,2.3683989358949824,1.6343754569541977,0.20252593305344457,0.1663349413413557,1248463.718727287,157332.994427186,1316289.0016995738,174870.49335291653,67825.28297228683,29795.48333200735,1366781.3554165065,175976.03363464118,5.2,3.5637059362410923,20.11353415262436,4.94548926216472,196.0,0.0,49.0,0.0
XGBoost__provided_plus_rdkit_descriptors,245,6,1083347.6284791913,108177.49324008632,761804.7882971938,95431.50457701569,517427.1875,126024.81191628559,0.7846798027478257,0.05572710687481611,0.792733549155585,0.04899861386322575,0.37774858915638204,0.12982594918582288,3702832.9,656553.8129313354,61471.189764030605,203416.21331597966,1076737.5525205948,115306.91963354344,0.2877981243667515,0.0361687873854874,0.3960822878066989,0.08920142772835697,0.8931449410073544,0.02769680271694212,0.9046194256423756,0.03565960715201499,679479.4142029409,152839.81289421712,460456.2793930365,109099.26593644387,0.9174282324239005,0.03234971770688115,403868.21427625034,109974.95118234502,1.6603247329689839,0.3818858779077099,1.6603247329689839,0.3818858779077099,0.13274842967607492,0.0849580441741877,1257197.802338059,64469.887689723524,1329244.2918601306,85220.27538094974,72046.4895220716,74619.207493829,1381323.7587840534,45750.25650448627,5.4,2.5099800796022267,21.565646255403152,2.1292002442433895,196.0,0.0,49.0,0.0
XGBoost__provided_plus_rdkit_descriptors,245,7,1138375.4342681568,240661.30723452257,810131.4914540816,151806.89951144165,533537.93125,125087.19514977811,0.791149681013069,0.07171672766344608,0.7946705255512286,0.06783394513719897,0.42888567735044336,0.1921239263509237,3257404.05,1012000.8672239737,28869.447831632657,165113.15148095918,1141275.4223375868,236038.80553621592,0.31010714666531686,0.055125528538240064,0.44716200091605673,0.11091753729495504,0.8951997462520904,0.036751861294967665,0.9204300868391243,0.015407263400567724,518448.2296129364,282603.6994151965,365049.95133343135,202447.667248761,0.9475395051323734,0.04440421534584275,619927.2046552205,103137.56977446952,3.080024072386071,2.385248893255262,3.080024072386071,2.385248893255262,0.15638982411930435,0.029821144372925393,1269792.067934196,167440.55173520223,1305423.9593127568,183358.47299075263,35631.8913785609,31876.857560483822,1374297.0646298802,212472.3122183925,5.2,4.024922359499621,25.420930363764235,7.374660763654619,196.0,0.0,49.0,0.0
XGBoost__provided_plus_rdkit_descriptors,245,8,1046260.8190959382,260607.03585033084,749660.5044961735,186720.8516128185,514804.69375,154871.9857093239,0.8032940458093668,0.0876090130879923,0.8039592111252934,0.0875011730814039,0.4161449131763543,0.09527978780231373,3395740.5,864042.6991791986,-56013.70207270408,31358.738921293185,1055122.3585884203,263729.8133249479,0.31408543913284176,0.05187478434924821,0.44054045084975063,0.06404996900572159,0.8975434397717497,0.04825799649104405,0.9181703258909385,0.032680558603422796,705548.8479852563,220637.4849596783,481525.39840361924,163133.99754584974,0.9097295118642931,0.050097504699093166,340711.97111068194,169792.92315244157,1.5346873526402676,0.3902912494776675,1.5346873526402676,0.3902912494776675,0.1064354660549263,0.04690059129689617,1328580.6166100027,83968.76166027716,1373545.4311561175,65826.36885414008,44964.81454611472,53653.19356949456,1423965.1657002103,87664.79399367298,6.8,4.207136793592526,21.675867449460153,7.002989373217598,196.0,0.0,49.0,0.0
XGBoost__provided_plus_rdkit_descriptors,245,9,1082631.934280764,240355.65642832502,766128.486607143,175088.09650379806,517889.9,105066.31828302542,0.7848693852473405,0.0835252489449872,0.7891880679222011,0.08286225152243076,0.3985785176986625,0.029410492158950165,3510627.75,1139481.4223191617,-15090.323086734697,180833.71828537493,1082459.3827746664,237259.21726900418,0.31117456833130475,0.017889968388397785,0.4365514252018623,0.021867642095559827,0.889891900496645,0.049519679005556934,0.9125598420137528,0.03858065776789154,451017.8614686959,342328.34160028107,314994.0797353316,243350.65149170204,0.9479865075341685,0.05969880374435217,631614.0728120683,158084.74737170833,3.9617119458198857,3.0684130460901584,3.9617119458198857,3.0684130460901584,0.16311712228682798,0.03205698567787958,1260326.2198692453,83951.38369290362,1297221.8940677848,118540.14435881046,36895.67419853937,44250.86060992179,1358160.0701958213,135033.2753883223,3.0,2.345207879911715,25.659108327499712,6.762619517668141,196.0,0.0,49.0,0.0
XGBoost__provided_plus_rdkit_descriptors,245,10,1160378.090652242,190134.58812165595,807606.116549745,118416.87577428577,552634.375,127791.91681517605,0.7688482487927717,0.06773965810518877,0.773492064383573,0.06838088206732973,0.35816945974055864,0.052002763823953385,3690338.6,748427.0616679525,-30648.98619260203,194535.14651274064,1159191.23520687,188624.13624615181,0.3020503890975398,0.032222871242000815,0.4045078500760721,0.061634519267612986,0.8804372375509928,0.038108430467236706,0.9102363366151559,0.04040769597399773,698671.0639529689,131578.92216546382,492928.20065369905,99086.66125069711,0.9173020274309532,0.02644458383668104,461707.0266992731,144297.6835574612,1.6818136172291744,0.23621236255173994,1.6818136172291744,0.23621236255173994,0.14845377863818165,0.044864411584184125,1344742.352251509,85258.78382792335,1370053.8383744985,105563.68153305612,25311.48612298956,23914.272470172928,1411465.3931553338,118306.40585206104,4.2,1.9235384061671346,21.15766337497945,4.892860267061018,196.0,0.0,49.0,0.0
XGBoost__provided_plus_rdkit_descriptors,250,1,1035311.434711401,169767.45089240553,717429.646453125,74489.91768817093,446392.05,98472.58653196935,0.8122763640486126,0.052927897790404715,0.8170877358081119,0.050927429585726894,0.393458956808912,0.13572391157827926,3176332.45,772537.5539415422,12841.980859374995,178503.35010369547,1033129.5759743977,172249.88204292124,0.3322960867052349,0.12307164474185504,0.675556349254063,0.6071106417219034,0.9049635878994925,0.026911177230053006,0.9254548855127235,0.02364594967640892,443818.64656854636,207475.28707335872,310468.2547587891,151334.33665392495,0.9602463914341305,0.036067450777588383,591492.7881428546,306930.4158652543,2.8500209329301347,1.491330120999618,2.8500209329301347,1.491330120999618,0.14797002738551798,0.08199815648928932,1232279.2677832113,182098.9239379389,1250572.253419208,190963.8479475324,18292.985635996843,23501.424309805727,1298183.2123768716,233676.19822773847,3.4,3.7148351242013424,25.102974991436774,6.417643964297696,200.0,0.0,50.0,0.0
XGBoost__provided_plus_rdkit_descriptors,250,2,1301491.1763684158,259493.36301555464,881112.31659375,185989.09843993545,470641.7375,143637.19989940693,0.7167676033824358,0.0785101880673009,0.7192204903258858,0.0776098231786298,0.5059225187336549,0.12595627752933314,4474230.825,1316629.310788946,24772.96690625,138325.4175562829,1308967.8426944572,259264.59176332838,0.35234773124058233,0.04576920137667973,0.5147055677933803,0.10082054087481271,0.8545378287398371,0.04438394159355687,0.883251697083125,0.047636290899780304,655267.3443313758,250378.07374512736,467596.89922265627,185885.28451207952,0.9212757007534422,0.04552414660453702,646223.8320370399,397155.91658571135,2.574577008486864,2.0540782077614836,2.574577008486864,2.0540782077614836,0.2045080973710065,0.0943748493875746,1336088.544511355,51567.584548809544,1394135.238266328,72456.84564676695,58046.69375497275,36869.61442231169,1433743.438923808,93213.0283000415,5.4,2.701851217221259,20.64602365756365,6.846827980486607,200.0,0.0,50.0,0.0
XGBoost__provided_plus_rdkit_descriptors,250,3,1202024.0127973827,154397.00287712782,824490.0353125001,125462.75068042414,585300.60625,181579.56614760737,0.7541541806951397,0.06622883572351267,0.7660746775847969,0.05709849151591293,0.4679074624005425,0.20080470342045248,4099567.85,621152.2293180635,9855.192687499999,268939.65888683434,1188533.97778261,166030.1868988788,0.309002253985725,0.0322059924824383,0.4603681744819169,0.1076442600673372,0.8834680703400271,0.02893449305319327,0.9076396662154533,0.026600273134952238,384428.31955897406,243083.53545697255,263941.8168242187,168563.24727553673,0.9684312504806891,0.03679141577051181,817595.6932384087,236751.26432375654,4.189966360790825,2.3035395577099016,4.189966360790825,2.3035395577099016,0.2142770697855494,0.07412059932993104,1196800.820703408,53961.4804529661,1220026.795988956,71520.70124201661,23225.97528554802,33661.61631306758,1255688.290736197,60662.17218971798,3.2,3.8340579025361623,30.32925743579233,8.82048596992629,200.0,0.0,50.0,0.0
XGBoost__provided_plus_rdkit_descriptors,250,4,1382738.766201463,390875.78410709696,928976.2256875001,193371.20803379235,525969.7,69552.1829987626,0.5689667008109657,0.44638557402260554,0.6203906848074758,0.3486111357066146,0.5260410211283593,0.2435707747893212,4348120.45,1376976.5447512441,57907.73431250001,484241.64177088987,1342575.2332650265,312964.40351297497,0.36143449523944826,0.078643138031051,0.5082157020369454,0.13734884005587253,0.8424095027186009,0.09941383566773289,0.8934216753884252,0.058015052136464795,627286.3053468585,253422.5494234687,444409.2194892578,180003.7301038613,0.9270545701757159,0.04343673419880174,755452.4608546045,357013.4724243725,2.637728075678331,1.446331846089955,2.637728075678331,1.446331846089955,0.35808786936475023,0.43650565709458194,1198193.1541265037,101873.69163631262,1258300.454480814,102497.3372457439,60107.300354310355,48290.24996840588,1292076.8895731736,129287.41622676393,4.8,3.420526275297414,23.065229260701415,5.393173910774837,200.0,0.0,50.0,0.0
XGBoost__provided_plus_rdkit_descriptors,250,5,1153319.922759083,138338.88853292476,763717.238625,71070.65858235129,450995.459375,145114.33423491567,0.767990398222641,0.05740466146326422,0.7703910587860271,0.05613531696400205,0.4638690111192895,0.22294065292916945,3968133.275,1119775.5870812226,-53273.919375,125370.24478238155,1158861.0832578635,133367.22122483377,0.364776155223096,0.10165635617996369,0.7482429054577764,0.5823533684754578,0.8922426858424304,0.025232333884724387,0.9044776941734998,0.03883892334329625,500905.7570798948,203197.13032468225,347342.5226328125,146436.985101678,0.9538575279166412,0.0339092845314864,652414.1656791882,296291.7293855336,2.6712408086354573,1.2484098875389371,2.6712408086354573,1.2484098875389371,0.18586712969400015,0.052573038090334284,1242300.5633897912,82234.65087042279,1253300.0700080525,78702.96056200573,10999.506618261337,16070.799893519896,1315930.8318247437,91086.31265085045,3.4,0.8944271909999159,24.942098042514054,6.259542632828655,200.0,0.0,50.0,0.0
XGBoost__provided_plus_rdkit_descriptors,250,6,1055444.7642167795,77033.25478314715,731125.39053125,78544.08506882483,469518.7375,110536.40754131398,0.8192199412934114,0.012842908508824259,0.8229759383532483,0.012202539800306597,0.41267844294674216,0.19311826894868941,3278469.85,757923.2952609634,61620.438593750005,153200.5367163959,1055206.9285668514,79420.07052710177,0.2965349102050091,0.06410704255448516,0.4307306828614106,0.1321066372000666,0.9120085238587705,0.005216983204616481,0.9300705115107611,0.00609746220494344,665381.5457341161,222161.1457121813,465967.99960546877,155351.81225645787,0.9229740777954941,0.043495759196775355,390063.2184826634,212498.39151904144,1.7629995920715307,0.6685160378624521,1.7629995920715307,0.6685160378624521,0.10375413650208276,0.04323345932606652,1263382.2190581786,26009.162287128795,1300604.6333514254,40914.7690930117,37222.41429324695,25175.164351865158,1336859.297064966,31804.52797253529,3.4,2.073644135332772,24.15477329263494,7.031650582679005,200.0,0.0,50.0,0.0
XGBoost__provided_plus_rdkit_descriptors,250,7,1047618.891529453,131214.90683797217,756196.208703125,145473.0035164879,579340.85,192338.83302395997,0.8082339730116427,0.03211170350691366,0.8108610126505157,0.034510647021319694,0.3631383111010015,0.034958446768948485,3685670.8,848294.7936151531,22249.760296874992,135479.0356297207,1050319.3030843385,138289.89505497346,0.2913486956973016,0.05270739385677062,0.4056434266866525,0.05037127390573617,0.9023948003010602,0.01866573390350758,0.9188320849614897,0.02781507506915907,680671.8191892324,220401.54298056127,467471.12964843755,163752.5652687342,0.9160556965382988,0.040407655044945735,366947.0723402206,189991.76147753603,1.7172905394418467,0.6893356795443002,1.7172905394418467,0.6893356795443002,0.10782172352665595,0.010927934394076638,1264132.308165342,49358.04397597902,1314130.7782107098,76171.27100829317,49998.47004536791,33434.92466680061,1358547.052819697,90126.57382138279,4.4,2.073644135332772,22.202832399247697,8.496002321394368,200.0,0.0,50.0,0.0
XGBoost__provided_plus_rdkit_descriptors,250,8,1177667.5040151267,280071.8460765817,843256.011125,179084.86262546404,558541.33359375,142926.85254642277,0.7574203095013176,0.0962269640011397,0.7614757981726223,0.0953431363505315,0.4392808616621916,0.1528629876658025,3619012.4,1237749.8898229804,-63703.793562499995,161138.80887860802,1179608.1585588302,279340.27532798046,0.3688279738505279,0.07491806256724447,0.7286561916030101,0.5085939742443798,0.872994004004663,0.054517609930106396,0.9035212634091806,0.028703325903983855,657324.810560127,288666.6194958599,454699.06085546874,204831.6042573922,0.9170174786741434,0.051727359221291146,520342.69345499977,251158.51600787177,2.1539417798392035,1.0405600837734823,2.1539417798392035,1.0405600837734823,0.15959716917282576,0.07482204530611172,1269488.4027857238,120583.88191153416,1313377.299517043,138727.02685574265,43888.896731319044,64588.240930801076,1363968.7241221634,156779.02559888593,4.4,2.5099800796022267,24.08663209078465,7.837039768561515,200.0,0.0,50.0,0.0
XGBoost__provided_plus_rdkit_descriptors,250,9,1175901.668085259,227273.60744419473,825692.5341308594,171058.45856933863,509093.275,154519.0158953274,0.7613138451763193,0.09991802484383466,0.764764325966004,0.09524651835760638,0.43016469658318685,0.09972859747637147,3473880.05,935450.8764332643,-33377.680005859365,158116.27448802523,1180141.4150663794,220370.76892786907,0.3429848670218205,0.055158655563151825,0.5566224422944689,0.2002440408808299,0.8742896584606961,0.05621246764197383,0.8897990406707802,0.05336686844011909,565055.5410707418,221070.88636878843,399645.88778125,176137.53985428935,0.9408818341389207,0.045462730384748885,610846.127014517,282211.8019079429,2.340193189411894,0.9776380479034457,2.340193189411894,0.9776380479034457,0.1795679889626015,0.10719603691776729,1218796.4127998012,138886.09983771454,1243478.4862792252,151219.49759987733,24682.073479423998,20262.750988193155,1279225.6001992777,144872.4670152442,2.8,1.9235384061671346,25.955682095013014,8.125572744133068,200.0,0.0,50.0,0.0
XGBoost__provided_plus_rdkit_descriptors,250,10,1290515.948690668,220696.6008168047,901439.6459687499,115117.64731869304,607663.8875,54541.570385728766,0.7242015186448951,0.07241332277255033,0.7492790114315564,0.05745907209969852,0.48548357308059,0.1029498281794856,3961985.0,1102544.572509486,13866.726781249989,441646.7155413438,1245080.88066275,192132.86923113387,0.39910803894527136,0.12997361632714013,0.7716230697022224,0.6687735759451674,0.8781817647466312,0.03199856047790321,0.9096156497270831,0.03126996737843655,828076.6068539515,35846.18259202124,586794.5516640625,34756.393563208505,0.8897710221442573,0.00962953502184682,462439.3418367164,207956.1488710007,1.5566583769052431,0.24657372155347954,1.5566583769052431,0.24657372155347954,0.16556950349936214,0.06712128672636267,1309348.5353968006,23821.64021353422,1355258.4064591955,30690.65494021794,45909.87106239516,50474.247974306076,1410579.2921941183,44824.2946297808,6.6,2.792848008753788,17.307642294312302,2.0900201507096825,200.0,0.0,50.0,0.0
XGBoost__provided_plus_rdkit_descriptors,255,1,1003148.1535462122,256057.74703308262,710947.852879902,172822.91233906042,448636.0125,86185.17372715383,0.8254754997089033,0.07012321589870549,0.8270054964908322,0.06950112647019847,0.34916588506578267,0.08234444382968109,3114400.7,856930.6746867239,-64994.00153186275,83591.55542462494,1008621.1944752451,256433.68886190446,0.27686897779846414,0.03358810568321195,0.3855684984137286,0.06871481208211931,0.9112700514212566,0.03599819820804905,0.9268883900265973,0.030774515586002773,633938.5533865973,211725.0536208039,436993.8897480086,153604.80993625722,0.9289411872909927,0.0391102217578037,369209.6001596148,234692.36710335707,1.681620853484047,0.4929504838134169,1.681620853484047,0.4929504838134169,0.10346568758208934,0.05361833249156463,1303898.5757730852,138618.43462059586,1348499.7661615333,135845.1105439999,44601.19038844788,51870.990403833865,1389570.5525350517,128761.22038776168,4.4,2.6076809620810595,23.519181908824812,5.433506297256856,204.0,0.0,51.0,0.0
XGBoost__provided_plus_rdkit_descriptors,255,2,1123080.8316436822,213782.7472074185,756791.575490196,118575.76522591247,433441.95625,41807.71713246168,0.7616470110182842,0.07953110916607482,0.7660552783672097,0.08251511065586119,0.4046079302865488,0.1280955986716411,3654152.6,831421.0109185358,-119799.7475490196,123522.65464903087,1121726.96883994,219287.62695928535,0.31041416697511254,0.0532669421063939,0.44878308998201233,0.10629606717769231,0.8804814963510346,0.04919006642977347,0.9059134107723867,0.023839234589110674,635402.2635587808,179598.44049915246,444095.56185661757,126500.22380134507,0.9215552948883055,0.04132794686231728,487678.5680849014,208890.08397343956,1.8535433281144216,0.4604505865135495,1.8535433281144216,0.4604505865135495,0.15990828387002137,0.08598204299270579,1208583.259287533,54224.86590044692,1276212.7636325527,35531.48331734282,67629.50434501981,54144.24310692731,1316698.8696635205,56502.65905036394,4.6,2.3021728866442674,23.559621231160612,4.220020520168321,204.0,0.0,51.0,0.0
XGBoost__provided_plus_rdkit_descriptors,255,3,1148677.4418201833,96374.89905413179,789161.7983685662,78240.72119278705,490822.325,92420.2435725664,0.7690590354386755,0.06321025730121363,0.7737698358250431,0.06469588137063162,0.41025157302615567,0.1694366881088841,3567555.8,867197.0294781342,31299.39991574755,188303.3204950988,1147139.1604289275,97254.99985362146,0.3574331895495974,0.15758238600377436,0.7569893998659378,0.6629676610126646,0.8805479459165044,0.036513314992453805,0.9123576772327067,0.028220463008916025,565047.6388525035,217660.4513488379,391645.41046262253,152805.31710577794,0.9411589441325597,0.035832888255171565,583629.8029676798,220880.83423460703,2.4550096097405576,1.4955258335288313,2.4550096097405576,1.4955258335288313,0.17209990869388422,0.047933227762356485,1272477.7975983457,134793.93043806974,1302289.904865963,142014.07030793492,29812.10726761711,24994.239897635372,1362985.7032249533,158531.23864524413,5.2,2.7748873851023217,23.046345029241856,4.8538369393617415,204.0,0.0,51.0,0.0
XGBoost__provided_plus_rdkit_descriptors,255,4,1124954.8543348075,316113.8618197269,800060.3699754903,195935.4182531328,546138.75,82540.52053948828,0.7611352667537787,0.11796903347558246,0.7668732705338522,0.11341480387978634,0.6322956792269417,0.5050390829686278,3187578.05,1005937.674742644,15787.857720588236,197287.18280429102,1123222.3211828768,313711.55772490177,0.32949025431260964,0.0740019219198331,0.5178975000960989,0.19933572966999863,0.8744951893093876,0.06604973519485213,0.8921762868477959,0.04175233276952161,557362.7647289268,281286.6118348106,386614.22486979165,198663.95256052795,0.9318994338580957,0.04930995334284147,567592.0896058807,237187.50023875642,2.6667319330106105,1.737415735992669,2.6667319330106105,1.737415735992669,0.1707641671043169,0.09990993419258754,1176124.221146855,152354.10290519788,1238460.4288425078,201906.54528056283,62336.207695652636,50768.391262714526,1257672.8354784672,193073.9198475078,3.8,1.7888543819998317,25.775975390151814,6.206192195718587,204.0,0.0,51.0,0.0
XGBoost__provided_plus_rdkit_descriptors,255,5,1212579.015889706,268386.75834602205,835668.2003982842,178812.76350713256,478712.875,116024.17363646008,0.755007956534633,0.0885445953075619,0.7593169550205264,0.09048212544505155,0.4336437480306163,0.1583949147853092,3506243.15,800762.9001458273,-40633.743903186274,170820.88380959735,1212670.5625918463,279436.4409835392,0.3183570918104981,0.06196768161819418,0.4534667593969187,0.10981238109577784,0.8739425662218441,0.05078205901581377,0.8884149348314224,0.04865107231977051,643200.0635215875,352344.72419236024,455343.25580671726,256454.4025374897,0.9163490451393914,0.07112432697556167,569378.9523681186,180669.35871314365,2.5189670196671488,1.704190255700989,2.5189670196671488,1.704190255700989,0.1613410886047584,0.03923209485728073,1244296.603735057,152446.8845457315,1314524.8295828043,189683.91585731224,70228.22584774769,56707.23089860146,1352490.515250705,215532.61569052798,5.8,4.324349662087931,23.31108390834632,8.14274038233313,204.0,0.0,51.0,0.0
XGBoost__provided_plus_rdkit_descriptors,255,6,1231775.314658582,100886.64566295114,875944.520132506,61257.194849823434,584835.475,121404.19254985724,0.7486004981347776,0.051453397533741396,0.7583241181302143,0.047850747081422965,0.47219958432104026,0.1774117474669112,3670700.85,629281.9218441962,-19394.60628446691,277972.77379513864,1219387.840642222,83512.00903492575,0.43460431433871916,0.22545911616412012,0.8654382201366886,0.8891045946982686,0.8762275227336517,0.026294579063281927,0.8999531928604314,0.03325776642842985,785680.412089885,119342.80788605953,549593.2586511949,86285.1645007776,0.8981488887105403,0.030707117300815524,446094.902568697,132936.43016032598,1.5931762911014737,0.23326288484262458,1.5931762911014737,0.23326288484262458,0.14954839057576283,0.06685788926797835,1236989.2681565764,117324.56230038076,1328257.543375393,164503.5287319655,91268.27521881647,62524.91095161738,1337698.612244769,167053.19853521136,4.8,1.9235384061671346,19.472515487350744,2.725928453263097,204.0,0.0,51.0,0.0
XGBoost__provided_plus_rdkit_descriptors,255,7,1151397.403581129,68636.36454651749,816923.2877757353,50488.15752564195,508843.5,63726.191232797384,0.7888474773946836,0.02294958880795002,0.7914157424679071,0.02368966001273852,0.55292360444308,0.4601780712052355,3529623.0,647048.3204665823,-10699.325520833338,143091.0583287359,1155564.0080422126,70016.5415899067,0.3372000842187428,0.07156706676084211,0.5212115677710383,0.19435310597655242,0.8968813755488252,0.01791160851370387,0.9138621548141032,0.02217989914881979,657084.1331231324,236630.53318796787,454702.675501685,165433.12925893758,0.9239767812603512,0.052252905789733774,494313.2704579964,185208.8527815312,1.9571671065789453,0.7692866367581948,1.9571671065789453,0.7692866367581948,0.13512930386566763,0.06285661575560665,1266538.19441092,99197.79470181023,1310749.667333827,88206.39136692247,44211.47292290679,18019.648101232833,1348122.6136295716,84142.87840309115,4.6,1.949358868961793,20.771374240697714,2.9806203679028025,204.0,0.0,51.0,0.0
XGBoost__provided_plus_rdkit_descriptors,255,8,1163578.605972348,232956.23477397597,842859.1132582721,171959.92877072594,583774.35,117846.37983456472,0.7685235937704493,0.08174890618761418,0.7762837605813699,0.08515323038593967,0.49602083788800505,0.24070131631064598,3604394.4,763511.8281996684,15601.22607996324,232698.44888572965,1153203.9112386461,252398.24830504673,0.3888824859976917,0.1748779753710812,0.702012304521099,0.6264787745951748,0.8842196880012494,0.04916410167588166,0.8987284686485204,0.036877966838344864,768512.9284654952,163239.68054368353,537841.2708103553,119354.17984637024,0.9008887583620128,0.03887659087344233,395065.6775068527,253300.86945870912,1.5633109988662302,0.39702074466582626,1.5633109988662302,0.39702074466582626,0.13236516459156353,0.08964159190755944,1279798.0880700753,82598.6607592714,1348357.7439197185,96316.53701342728,68559.65584964352,89801.41838574441,1414763.329234681,89169.09725930222,6.6,2.701851217221259,19.537875444030902,4.4085148213186685,204.0,0.0,51.0,0.0
XGBoost__provided_plus_rdkit_descriptors,255,9,1024389.7323002927,145895.3042739377,721544.9489889706,54474.14767220234,477241.025,80756.68278018467,0.809166578571291,0.02848862952331813,0.8167022158225956,0.029053825310611906,0.40793333995209113,0.1062638974107168,3305029.375,837301.37878071,-22909.247518382344,234310.66834293216,1013139.8359011353,141171.2450673468,0.3883522309770546,0.14615786278882972,0.9273484522445944,0.7274933576722825,0.9064803170778163,0.016035727898226694,0.9182997032801105,0.014948553098201946,555028.1496787823,205244.83473902525,388164.3742151597,148367.30512583777,0.9388122900273886,0.031596393297790744,469361.58262151043,202647.1572954518,2.2658794664355777,1.44716525916521,2.2658794664355777,1.44716525916521,0.12964571145609766,0.03028747561684723,1276956.6711118328,59564.80959167914,1320011.4344039154,59616.10767842448,43054.763292082214,12180.577695790567,1367516.2736916225,49723.09390757058,5.4,1.816590212458495,22.48096676364289,2.922187574248753,204.0,0.0,51.0,0.0
XGBoost__provided_plus_rdkit_descriptors,255,10,1158016.1259706425,191054.74228236434,821620.7623008579,108381.66269524033,532448.675,105187.41059516402,0.7620184249279638,0.07643790431864793,0.7686494486592619,0.07667289643208035,0.5195219588645884,0.2493240444982567,3582481.4,964312.8367720197,20867.74921875,215964.19589902952,1152903.9954482387,193379.37658888137,0.3784131524468958,0.08860975443363367,0.7551411797500236,0.5503266570521739,0.8793741344283669,0.04195288507132541,0.9015877167000708,0.03806299882058333,735785.9971982805,170087.0338344781,527146.8218175551,128658.0889634829,0.9071458010875375,0.03573297896609952,422230.12877236196,251981.29137451362,1.6496112991086243,0.45633098803223826,1.6496112991086243,0.45633098803223826,0.14512737615957372,0.06617509000002664,1227281.1179592256,52752.41517205973,1267626.4681950954,84524.23497156281,40345.35023586997,38032.47211510466,1316648.457216967,73664.34244216947,5.2,1.9235384061671346,18.127507415416506,1.6667170793023025,204.0,0.0,51.0,0.0
XGBoost__provided_plus_rdkit_descriptors,260,1,1106838.0900779192,187778.27869627834,801402.9568359375,129307.77322128469,527017.915625,132589.03045968842,0.7769222206489361,0.09185060370020186,0.7802183215248137,0.09514075350763344,0.45650302765647943,0.19564772192052407,3407121.3,1006760.2883961411,58704.45746694711,139929.88591367684,1107098.8089675093,202239.32292650925,0.31631618443443077,0.04421523109946441,0.466884102852881,0.12604243831650405,0.8888017339890275,0.045277198773656734,0.9075139079927963,0.03566729991272556,570121.6780850425,289084.1923750229,392564.3092463567,207608.95482820485,0.933704524581185,0.04901031221641642,536716.4119928767,126596.68175836635,2.6271988913010738,1.855222055019679,2.6271988913010738,1.855222055019679,0.15678230393224898,0.07256120878717469,1289119.51088626,74891.25427247907,1298538.4917643722,88376.8362680523,9418.98087811228,16432.266350631417,1335591.2189583816,70398.80866920532,2.6,1.816590212458495,26.94273611296459,7.843723351581984,208.0,0.0,52.0,0.0
XGBoost__provided_plus_rdkit_descriptors,260,2,1076169.1483955025,199130.6021466749,773083.9518028846,159752.56598074533,503317.575,119446.83404045455,0.8015050892571198,0.06601886920471693,0.8103515054694391,0.05477641576240834,0.4176558826759546,0.10302293309058481,3147827.3,419765.3346179863,-716.1164663461502,258438.33803600745,1064908.9969438545,175646.6012384904,0.311083069351681,0.04872468235392066,0.44108157624987054,0.08116454150397284,0.9056697271345977,0.02482525552439522,0.9207983090664318,0.023008333668826108,710229.0631581877,206007.70502182932,493180.8168898363,157965.5754120841,0.9098010335787468,0.04556215342501009,365940.0852373149,216884.26858514277,1.6231145403341771,0.5182175433168977,1.6231145403341771,0.5182175433168977,0.108295944321627,0.06429634234001402,1234542.054443278,58095.01264635399,1332870.7551289867,96959.64265327709,98328.7006857087,98069.7005320628,1387528.0113060006,96001.0538588884,5.4,2.701851217221259,19.921544505728377,6.338923885413097,208.0,0.0,52.0,0.0
XGBoost__provided_plus_rdkit_descriptors,260,3,1116015.6933877282,205756.0641232911,784963.7702599159,176554.9090731176,487242.2625,142005.24554846584,0.7703659862104631,0.1268007331714305,0.7754525202458402,0.11783034133915736,0.44724286208773484,0.08359838600059105,3610106.15,542554.0394850543,17293.481663161052,161007.0027851255,1118379.9845174921,200689.4135723248,0.4170026855338924,0.16178935857580057,0.8954237285168286,0.8072260473667441,0.8871693794855634,0.06446097765431903,0.8978506225185481,0.06667067282621168,566254.0078811299,288997.42810885253,406706.5688699576,211884.72723269594,0.9388024960533867,0.044857028349872395,549761.6855065982,297279.53144872,2.818370903949694,2.223828692669828,2.818370903949694,2.223828692669828,0.16843650984292355,0.11658839363230859,1309230.8910487895,57101.31626656983,1352629.083444145,111867.4521921201,43398.19239535532,61199.73104786948,1396169.3445595354,91812.90712109706,3.2,2.280350850198276,25.039874254688392,6.643057616278048,208.0,0.0,52.0,0.0
XGBoost__provided_plus_rdkit_descriptors,260,4,1091571.2935520678,275392.0778640381,761492.7302884615,174117.38361225446,499470.46875,112560.14672634211,0.78990650953185,0.09897609737411132,0.7910370356982195,0.09880167000766178,0.4018986385488648,0.059569452943527466,3833776.6,1711039.0849127013,636.9493990384595,91944.48368079569,1099004.4871073042,278492.73418438394,0.3077240117173063,0.03252739328236897,0.4374784484277273,0.05126886997729394,0.8908038183846039,0.05452408994804392,0.897846100623307,0.03243146482634638,612938.4305097122,288711.68456659967,431558.15779184195,207201.20430904653,0.9261037803643696,0.05421683183758932,478632.8630423557,376392.56021252956,2.2346798243702786,1.2443073645051232,2.2346798243702786,1.2443073645051232,0.1361972708325195,0.10970689312113101,1246066.8838548274,50000.83463811052,1279603.477969739,86502.03268643745,33536.59411491165,38244.861721080255,1320808.6239462225,120108.21197996348,3.8,4.604345773288536,23.06925705846838,7.683941622941416,208.0,0.0,52.0,0.0
XGBoost__provided_plus_rdkit_descriptors,260,5,1082784.6729672279,143102.67903567135,757364.3418569712,115012.99781983827,472193.9375,127465.21706709222,0.7986906621668176,0.039770877614778766,0.8007483970689837,0.03972011722058689,0.36774934641193385,0.02919705087387736,3509804.6,936928.3223560514,6481.809344951922,119818.17072195488,1087817.9495827216,145834.73338323642,0.33170525232692244,0.09527764546162329,0.6637566642547206,0.581110786834378,0.8966436361806844,0.022290133948782907,0.919606256186213,0.021356930577539,607694.7862997982,196447.48742112334,429160.1491239107,143895.16516669685,0.9360426043710781,0.04239993702589992,475089.8866674298,293540.1581379765,1.9265976438623114,0.6289408368142946,1.9265976438623114,0.6289408368142946,0.13735194220426056,0.05110813112782717,1278234.352422812,129726.98252351818,1318358.167580375,163707.70588765308,40123.815157563,55135.45090658394,1363071.1927194395,158569.1463552629,4.2,2.280350850198276,23.676444508187558,4.5434703403412495,208.0,0.0,52.0,0.0
XGBoost__provided_plus_rdkit_descriptors,260,6,1154539.9997785161,146443.51555874667,805803.7538461538,148415.9584132862,502664.1625,156108.741812746,0.7722624221874195,0.0359077725039194,0.7747122267054635,0.036900576843088964,0.4898867179901372,0.23757397368304242,3781634.75,726167.1021414854,-1255.8893028846185,134131.68920452002,1159318.2876122512,149567.43386404475,0.3241538560203624,0.08579548428921965,0.4723756774348552,0.13747135074449096,0.8863055359864122,0.02085728367307122,0.9080378714386683,0.036852089514678256,564866.6669049881,355766.537651634,389193.37744140625,251272.4253274395,0.9277244056485714,0.07740229498622649,589673.3328735281,244323.16592322142,2.9124274344025873,1.926766904529655,2.9124274344025873,1.926766904529655,0.1554619834611519,0.04597422956374853,1256864.769195369,61037.84515837022,1336631.3736042078,122669.48164177866,79766.60440883883,66132.8123449387,1361398.8228384624,120809.46598674287,4.8,3.7013511046643495,24.705189057613087,8.85930847567254,208.0,0.0,52.0,0.0
XGBoost__provided_plus_rdkit_descriptors,260,7,1013022.4498029323,121747.67190273621,715765.9721754808,103624.30349911547,423665.24375,78817.7547046249,0.8156264611755176,0.07713871269774411,0.8201404795933251,0.07214927014717755,0.38808348582170105,0.17548049426417717,3424525.2,591609.5185572786,18913.574459134612,165031.6163896838,1012116.9239204958,119717.72769702731,0.2874783497687801,0.062269318308111804,0.41001076513792734,0.12576864065822654,0.9114136513730824,0.03313836335031899,0.9334920572408846,0.021238388762885245,413206.1218502511,138821.91874209052,286901.8401874249,100553.07942117887,0.9691764197691753,0.017029290850375137,599816.3279526813,98379.3758214218,2.6729420101607677,0.8377698800288083,2.6729420101607677,0.8377698800288083,0.15354995859365775,0.06756475679434042,1183599.384463457,52938.31133183233,1203961.3908625885,65215.3250690879,20362.00639913166,23563.968898008163,1261400.9256771125,101007.32230914231,2.6,2.073644135332772,26.503623922803932,4.552667856308788,208.0,0.0,52.0,0.0
XGBoost__provided_plus_rdkit_descriptors,260,8,1138596.6508590367,187436.18318305234,779192.1680363582,183440.4186860022,463208.8625,152785.1064927414,0.7668921900693892,0.07657921012560737,0.7740708091421178,0.07430992857278551,0.4790252899058959,0.2157595127336913,3697421.7,408309.6589925041,11869.208405949514,222527.69720067273,1132204.2670865303,187273.77949005866,0.3234977056273056,0.07416195108636908,0.4955914130946425,0.12859002713615286,0.8818462618512019,0.043512117671044494,0.9164288943204693,0.043088167822917946,585539.5846751916,119625.76865234092,412073.0221736028,87285.5889133495,0.9390378794484446,0.02263707287396657,553057.066183845,85457.71436995284,1.9662270381014662,0.1919648162379755,1.9662270381014662,0.1919648162379755,0.1721456893790554,0.05818090355069154,1214024.7545125321,102077.56540836814,1274986.3840007768,102267.66469619713,60961.6294882447,3164.559490626261,1311728.2536640537,96904.90770895267,5.0,2.0,21.238732138392397,3.5951363585849667,208.0,0.0,52.0,0.0
XGBoost__provided_plus_rdkit_descriptors,260,9,1173604.4574175635,285915.5834514533,822414.5109375,193974.55892253626,538445.03125,90066.13340045737,0.7494372828799001,0.14154337935173777,0.7499104361052148,0.1414654978907802,0.4801308000621705,0.14543376191898555,4160693.875,1164001.4576348397,10476.250841346153,57384.440482059654,1183852.8382741106,288810.5960964634,0.34034560174542117,0.059041958840275036,0.49034799146482966,0.10668156538478211,0.8687751036826864,0.08232404461701057,0.8943187259289495,0.07182959337064442,664788.1966245292,321878.25732489343,471699.55652794475,242405.4052417488,0.9109155153832047,0.06738321491608855,508816.26079303445,318343.95991544,2.25142782314171,1.4178989640770578,2.25142782314171,1.4178989640770578,0.16147823250330465,0.12805147203066777,1221435.9577206336,53438.8872458752,1281124.8675282542,62912.43781053087,59688.90980762043,58741.517433211964,1299601.6965533313,55269.73753627358,4.0,2.7386127875258306,24.279503601854568,10.45925594610546,208.0,0.0,52.0,0.0
XGBoost__provided_plus_rdkit_descriptors,260,10,1196236.7136542394,103114.51425327048,825305.6985576923,68363.77146096737,564658.3375,129679.35296808016,0.7573101268380744,0.05358024882097139,0.7600802313364363,0.05181659868989161,0.42215478600835404,0.07801737787534099,3797208.1,890732.3440042995,-15615.544471153844,136652.91191211506,1201521.8274533402,103550.41433097358,0.3140827870990859,0.0369504496823916,0.45376259974966243,0.0872815459159864,0.8744094529600333,0.029305506295433444,0.8940748206564436,0.05501650387578561,651571.8399424757,221549.68456440364,448011.4460486779,161671.21573880763,0.9236127491444955,0.045310317883888195,544664.8737117638,268784.3095177244,2.101596911146362,1.0138789218919513,2.101596911146362,1.0138789218919513,0.16630262230642118,0.07862274708095544,1336053.3563916534,124030.09918818227,1372418.2506637613,103510.27197307571,36364.894272107864,35123.6471598748,1419583.4679207678,141687.10152304475,4.8,1.6431676725154984,20.981760009787756,1.8420939680347295,208.0,0.0,52.0,0.0
XGBoost__provided_plus_rdkit_descriptors,265,1,979961.1513782183,197037.79618347384,715403.3530881486,134918.65278735818,463677.825,75697.1268365542,0.8320911064838692,0.06255782951552263,0.8377043931249755,0.05878341051309317,0.3853677135827656,0.14411357601796654,2780809.9,537138.283234797,28514.033468455193,200309.9899779527,973308.8890328178,192264.73718440603,0.28982167765825595,0.053757658082383544,0.41035062647533016,0.12526140899382301,0.919881561402366,0.03209690970471629,0.9322927646024958,0.022311855747920505,426264.6536457304,192702.92032673003,292448.286072929,131209.68885013968,0.9641056616122562,0.03482624888510168,553696.4977324877,217359.2155857776,2.5914640057722,1.03175043836617,2.5914640057722,1.03175043836617,0.13201455512838703,0.06121447009538674,1208298.1668297597,105436.9691021542,1250454.574702879,119482.30551932793,42156.40787311932,44884.149595936084,1283972.1411154943,92943.2114579582,3.4,1.140175425099138,25.598555908950807,4.851245769353321,212.0,0.0,53.0,0.0
XGBoost__provided_plus_rdkit_descriptors,265,2,1144007.9973270495,96371.73558504767,770518.7885023585,86476.33110454695,437946.6125,67083.49286465826,0.7729655189907283,0.06403650091757136,0.7822487044559929,0.061714707434982266,0.41241447490895344,0.1360155091394636,3797277.7,762104.5159739902,15490.48932783018,268097.03529094596,1130351.8020437774,78654.11938994512,0.29130762736518767,0.04012812915939354,0.4291971105458403,0.09404522264775135,0.8917818920586453,0.032713952298560556,0.9219498409523629,0.04066128074431753,747945.8110441581,186075.13626823202,528792.0782781637,134791.54562748095,0.9055915527759465,0.03669422670807838,396062.1862828914,148726.63534212406,1.6133720690869366,0.42359838957633933,1.6133720690869366,0.42359838957633933,0.13262603378521823,0.03826720885371074,1340480.0874726248,81116.97476354527,1399880.3247867697,108382.037692284,59400.23731414475,49486.448710996636,1444900.0888155394,76319.278946125,4.8,2.863564212655271,21.95756639002083,7.532776289675131,212.0,0.0,53.0,0.0
XGBoost__provided_plus_rdkit_descriptors,265,3,1025988.4969856156,161931.85342439788,746752.5207252358,117139.01081696336,470214.1875,102143.67000908956,0.8230581778431194,0.0479371712378629,0.8238010747853833,0.04799285334497679,0.39282064305367426,0.14215952726446535,2947680.3,484699.24371286674,-223.4412441037748,73540.66141608964,1033590.9322789263,164151.65551852863,0.3071425285933227,0.06720601635440049,0.4240840977263113,0.10621341813620233,0.9093886102567541,0.027353121376261863,0.932575121096329,0.017169160708590227,715400.0368108617,174204.98640510617,507381.67909050704,128796.05390550473,0.911323471396504,0.04022462010687377,310588.4601747538,107694.47822104311,1.4741865323515921,0.23088757567579582,1.4741865323515921,0.23088757567579582,0.08826529355338471,0.04886758224842612,1249864.2706981625,67098.00084683216,1319510.2571662995,62578.030079164026,69645.9864681372,46523.01103926738,1360148.352444707,67682.21550988515,6.0,2.5495097567963922,19.766560815808766,2.2484150345900544,212.0,0.0,53.0,0.0
XGBoost__provided_plus_rdkit_descriptors,265,4,1244453.9438528684,108648.88971220668,857764.7829599057,80581.8847235824,586379.8,115679.58232355252,0.7357035092043211,0.054340262975462704,0.7529143132345967,0.06115331658725732,0.46694684138209064,0.06396598592298501,4310953.05,793822.0517291721,-39664.411379716985,352943.14457387116,1212538.1333460943,135319.72914681,0.32603101473143836,0.009450745048821688,0.4805118567994214,0.03967021052046346,0.8752370793749428,0.04382743462624283,0.9127561563686823,0.021913676370938655,702782.2192642424,234696.262520735,499489.40179834905,173414.8143105325,0.9111975550667031,0.04315184816727431,541671.7245886258,279198.28478719434,2.1317605240692714,1.3665517431416898,2.1317605240692714,1.3665517431416898,0.1754940458623819,0.08039988039341196,1298611.7899949285,139065.19666242623,1346225.0506496688,185947.61230544042,47613.26065474013,61214.38897786174,1396909.7601426295,193635.15121105066,5.8,3.271085446759225,22.413900710618776,6.829839622060905,212.0,0.0,53.0,0.0
XGBoost__provided_plus_rdkit_descriptors,265,5,1015921.3835050154,151019.5110285922,685386.0560510023,108654.46058990278,397194.625,82664.719902428,0.8219885041259488,0.034201721169088754,0.8260339020606207,0.03453582336127534,0.38199627064102065,0.11439788876729158,3211493.2,565981.2350404826,-8304.927513266512,165911.86364993118,1014215.8984025598,155690.3155035524,0.28371450277186633,0.043078192782137856,0.4352958857330028,0.09344727927501698,0.9115784200444133,0.020488132061263636,0.937586433436272,0.01245440831032428,327742.8980017452,156952.866902037,223432.78593565742,103935.9755161348,0.9785886644054071,0.014860844658947322,688178.4855032703,237412.3405883909,4.413007413969465,3.5786085888996597,4.413007413969465,3.5786085888996597,0.15660016027945844,0.041142991559942055,1211726.0084111013,44336.55791262541,1216299.726201898,36415.64340331642,4573.717790796794,10227.143890121793,1267485.0603196647,54711.491839764814,2.0,1.224744871391589,30.184305204707545,7.337290895783889,212.0,0.0,53.0,0.0
XGBoost__provided_plus_rdkit_descriptors,265,6,1121671.185833005,180072.7636550969,789422.6304245283,166498.1850618321,504063.8375,176772.76260945108,0.7795516758459838,0.0747023012637001,0.7848191217812734,0.07144384671307476,0.48877382681570813,0.2010416553281475,3544967.3,600718.1636881183,-39331.2375,196819.83943682283,1118946.7937871288,171668.87534623905,0.40586313068181,0.21629327299622866,0.8709519100268335,0.9104833818038611,0.8869245141027392,0.04017742838722024,0.9099728874612081,0.039146371509260945,694213.5155757223,234938.63731699952,487920.7376492483,178889.89447544582,0.9144917113914897,0.04754384182862312,427457.6702572826,203908.26095566942,1.7671603728969338,0.5708693863349817,1.7671603728969338,0.5708693863349817,0.13494003554550577,0.06487418129555408,1300633.5651109936,29999.94643069016,1349879.3112637838,49812.82011333944,49245.74615279022,43922.2838269933,1391678.645209742,46208.34881875893,4.6,2.6076809620810595,20.29612627026422,4.390956291939768,212.0,0.0,53.0,0.0
XGBoost__provided_plus_rdkit_descriptors,265,7,1114701.6111037142,282729.5446987365,780996.0449292453,217893.6686479082,481268.325,156258.07936656254,0.7742052624097464,0.09048245343266496,0.7841884927207492,0.08564328727912392,0.4007379681645472,0.06555989433372818,3201941.15,866652.2899415457,-10745.233136792453,244721.91538555818,1103412.269379925,285405.2063787644,0.29843067841891274,0.02992902855945053,0.4281497277272811,0.05973155933230915,0.8905133118970392,0.048704085192758,0.9136414888391627,0.04107145670949947,503847.4313782289,301701.23123989534,348755.1733637972,217221.95944684235,0.942496670563963,0.052280033567925446,610854.1797254855,221254.35056825718,4.1264949491816925,4.9438508069077995,4.1264949491816925,4.9438508069077995,0.1682914081542165,0.06404604313768372,1246866.232614052,113690.24459439881,1282008.176465903,141236.59453145956,35141.94385185093,50821.047762489674,1310985.921690056,147449.38240617455,3.2,3.1937438845342623,29.797437066055984,8.880440851972905,212.0,0.0,53.0,0.0
XGBoost__provided_plus_rdkit_descriptors,265,8,1076013.5455508563,135657.60709060277,790157.3722287735,82359.37176875948,557689.6125,73839.0855507931,0.8008424457184432,0.03957423717789607,0.80835735053502,0.04077487373747081,0.5048999960483119,0.052296648999127504,3367365.45,998147.9627831738,55499.591922169806,218768.57918055964,1065755.4842990881,146107.40128725464,0.37087988870042626,0.1155827987027786,0.7371850929171332,0.5489621540391046,0.9026284843208223,0.024753338645247557,0.9145030011232365,0.02569443095737891,709599.8767193311,248212.04455179692,499432.83079119987,177086.18021981217,0.9072246054493149,0.04653399537597755,366413.6688315251,368669.97311506246,1.9013591860667336,1.386738114531388,1.9013591860667336,1.386738114531388,0.1063821597308718,0.08312151601757103,1240465.5696593248,113758.20977943478,1334573.996808765,165593.46488727556,94108.42714943997,63663.52562189448,1373448.7358374286,154560.0218048747,7.0,2.1213203435596424,21.10117554521534,3.2097793000375043,212.0,0.0,53.0,0.0
XGBoost__provided_plus_rdkit_descriptors,265,9,991308.1723280419,183322.19574868027,708294.4764740566,136214.02938569832,474266.65,152578.7562093805,0.825836164550655,0.07658074640466103,0.8341802095078762,0.06586658983306001,0.36732245837982724,0.06888190248605248,3211332.05,653687.8911151522,1900.6934551886807,249055.0248329673,978585.6590969233,161174.9240509142,0.29210796033616554,0.042179020674173166,0.4130648563622793,0.057756718868225226,0.9166343531686518,0.03528567478155721,0.9326727390089097,0.034845045968821695,624219.0439889769,222008.8731407735,434051.28899432486,171777.89257412538,0.9286104913397668,0.04187149022005333,367089.12833906495,197370.16794918786,1.752041053488598,0.6256518794040407,1.752041053488598,0.6256518794040407,0.10277432678911184,0.060010060481030005,1204004.2902317313,63169.41804367822,1246553.2617058486,90151.40713269949,42548.971474117505,37136.00756008771,1282313.7593735133,101123.34776255356,4.8,3.1144823004794873,21.872738701768082,4.245288744941715,212.0,0.0,53.0,0.0
XGBoost__provided_plus_rdkit_descriptors,265,10,1200386.9400843424,239785.2305382502,837453.2543042453,163509.87939176295,531280.75,79483.42825767992,0.7538236337644205,0.07401899501394686,0.7603335277622542,0.07182532994547104,0.4074131183692959,0.1333717188576717,4179857.65,962571.0200091017,-67313.68189858491,213793.8984239187,1195286.4087031714,236969.88023192406,0.3112588215299916,0.061048962030294245,0.4280198365240482,0.09255339839850109,0.8761683034614196,0.03912715743624017,0.9128885375879715,0.021581063655528906,673252.8791490527,203657.02263181945,465260.64795106126,158699.99795326954,0.9188361585584113,0.04387643333510124,527134.0609352897,293855.84384293755,1.9234808928512677,0.7850580116057717,1.9234808928512677,0.7850580116057717,0.16501252479399073,0.07586411106210042,1133827.5974333521,96460.94611487602,1183053.618617301,126639.25281578209,49226.021183948964,40550.510986208494,1212158.9701803015,120731.75049004925,5.0,2.1213203435596424,22.961799514200575,2.8613794528251333,212.0,0.0,53.0,0.0
XGBoost__provided_plus_rdkit_descriptors,270,1,1077598.1579913336,101184.70130282136,781972.4030960648,78149.14355016916,541558.825,107985.97790673078,0.8013165751915865,0.04236003068576101,0.8039501753552191,0.04147212363848226,0.362266100013071,0.12560433879870542,3142521.0,955120.1933752893,-25645.983304398145,135399.08786764907,1080660.401045974,100204.12658017059,0.3423104429560545,0.13844460173759432,0.6263099551531274,0.6140511010047373,0.8977842073124739,0.023112949825293036,0.9238673112092437,0.01646138694926896,719609.2116295283,190611.13900688145,498465.8382776331,130889.13934724595,0.9106991132444755,0.03650562254268619,357988.9463618053,161009.5100028831,1.6133323793880616,0.5611584372703645,1.6133323793880616,0.5611584372703645,0.10938253805288892,0.01524426724589154,1232017.7227181345,29305.161124783517,1277788.3483865736,36802.831655751244,45770.62566843899,39137.86709678808,1312152.0789101939,36214.5748905965,5.0,2.9154759474226504,21.476833351631978,2.5881538052943043,216.0,0.0,54.0,0.0
XGBoost__provided_plus_rdkit_descriptors,270,2,1095241.7290581064,219487.14132923784,797815.2797670718,157218.20031083637,536285.58125,98218.56477826055,0.7894793603793095,0.08800794181996673,0.7950312952585532,0.08649683196454949,0.44568945295102996,0.07228837905210073,3255094.3,816998.2437687366,57620.957443576386,187097.4522765998,1090539.1639772742,224341.1424186005,0.41126287794632443,0.10323765508559958,0.953320048308505,0.6524584651578099,0.8943075510090278,0.05012392721910113,0.9152945726049007,0.0325354925537897,558167.6379539387,244002.6670801571,391750.68524486397,166133.12045766547,0.9420896181987312,0.04674157440327153,537074.0911041677,225069.40076019595,2.210961621519992,0.9206945733424897,2.210961621519992,0.9206945733424897,0.15261025781942167,0.04816456584386881,1259165.0566801424,139757.2757631415,1291039.3953514476,173881.43036429182,31874.338671305402,50693.21128230894,1353285.5849619196,171543.27603054018,4.2,1.4832396974191326,23.845710127962125,2.3868831255839376,216.0,0.0,54.0,0.0
XGBoost__provided_plus_rdkit_descriptors,270,3,1021575.6597788554,135739.21731231708,707828.0655381945,106429.94788147943,454612.75,130826.02073349529,0.8194719403508917,0.055842784828403054,0.8241971111882845,0.05528113822468888,0.4002383287100299,0.1190215597223865,3533956.0,515317.5307221995,-22437.335098379626,196224.3395049725,1016116.6620254159,131982.70005472537,0.3282857174214908,0.08565220929863515,0.6769318378066059,0.5624782750297384,0.9096329209332461,0.03291030931610489,0.9288126548503906,0.024907621570706515,364967.55483379296,199248.10805767917,251286.96483742044,136899.1905990507,0.9737351955797333,0.023419817115360293,656608.1049450624,316122.7907683297,4.225069763181798,3.705850159069672,4.225069763181798,3.705850159069672,0.15426325522884182,0.07028149619888234,1134413.5928893066,60400.286820736386,1156867.1432899707,93033.82155459837,22453.550400664237,33095.11762296489,1227731.047277822,93837.60881936773,2.8,1.6431676725154984,27.835258773893816,4.168090282695553,216.0,0.0,54.0,0.0
XGBoost__provided_plus_rdkit_descriptors,270,4,1122337.6851148189,225443.680151525,773788.7354673032,140658.14655906596,476414.303125,61377.124003820994,0.7827379395581321,0.09581968502246974,0.7906329378159814,0.09676789188124474,0.4114115820981111,0.205516746550632,3584321.5,764391.6529909587,42701.561291956015,245114.69232024028,1109726.3072114862,230525.4776169505,0.37718545074108556,0.11285462794935996,0.9177838105545633,0.6541876384474723,0.8902702359974078,0.05700198465441748,0.9010589035999816,0.07376788689731113,534936.4926057428,238380.19585267032,361226.47764756944,177024.23130896958,0.9451673919605748,0.04496685868979224,587401.1925090762,157562.70834534508,2.3679693572285063,0.8591770441210979,2.3679693572285063,0.8591770441210979,0.16242945240244275,0.0657348168847429,1196860.5800557495,42391.248052157,1226878.589865458,78049.65154516605,30018.00980970855,43962.60477723024,1260854.7369312844,69590.4361139657,4.0,2.9154759474226504,24.209092840660787,8.42796951139595,216.0,0.0,54.0,0.0
XGBoost__provided_plus_rdkit_descriptors,270,5,1077503.70482994,335413.85371736216,757441.5796585649,216399.78777621122,446097.584375,64036.826074023345,0.790940112243467,0.09684169688895763,0.7951835654523134,0.09634763421627102,0.3869855205388587,0.1619898307024484,3396225.0,1015985.9484011701,21623.99626736111,158657.5251983328,1077568.356946888,339986.3340724738,0.28891364065172637,0.08412171469723308,0.40231701524851704,0.12459047456224805,0.8941882214545872,0.0487329212467524,0.9197454279475922,0.028246175545299523,627398.4916473528,249214.43271176683,437276.11803566257,176789.78109395385,0.9264762503601464,0.04417259033857606,450105.2131825872,277565.88737857976,1.982863669332691,0.958615492621321,1.982863669332691,0.958615492621321,0.13553613811667936,0.07836885013274536,1220174.1116891638,120419.48689455372,1271688.6646457142,153197.9940483845,51514.55295655029,49666.35138017954,1311173.962546337,159086.34113948245,5.6,3.9749213828703582,24.87772189610878,8.136976788009868,216.0,0.0,54.0,0.0
XGBoost__provided_plus_rdkit_descriptors,270,6,1104455.7778359982,183320.0644636947,817398.2713234231,135083.12881105297,579654.94375,101369.35079873326,0.7958502708661565,0.05178685177160616,0.8064566883423684,0.04144258026765177,0.4490703344545506,0.15740129878176265,2912885.5,600095.286127649,13074.825667317713,278220.7065030741,1088190.4115777952,168834.18135587135,0.3656684491960377,0.10659783919266722,0.7029137671443351,0.559276472713628,0.9020870819834848,0.023720138722606126,0.9223989107898956,0.017889888327822293,727632.3598916238,191532.165153397,519869.8577451353,140846.15250153118,0.9112107464921664,0.03867101458684129,376823.4179443744,251639.40889654835,1.6208909463821928,0.5305231859082926,1.6208909463821928,0.5305231859082926,0.11536047562600986,0.043719849485487,1235556.0625357176,82867.72678607398,1283176.5867237311,90605.08723551365,47620.52418801342,37115.42685179592,1326430.6885567945,83698.1362091763,4.0,1.7320508075688772,19.74059930347165,3.780963981738177,216.0,0.0,54.0,0.0
XGBoost__provided_plus_rdkit_descriptors,270,7,1108400.8217679102,146676.0284687225,780830.4765046297,131374.60397783245,541722.59375,173595.53492941763,0.7812053398142709,0.08056792911780647,0.7844940461776299,0.0806097398471686,0.47354670828684853,0.18270456077139724,3371629.3,540621.396121699,82273.92268518519,125389.30617609061,1109822.5053541816,149375.47925481244,0.3572175927007416,0.10396263845938246,0.7172978140431011,0.5511597988953413,0.8891854670545196,0.03895458505849658,0.8995219850987761,0.02053004988859619,566109.511586685,275108.21537280566,404692.6653645834,201874.17719443678,0.9374165904984771,0.05290015918425616,542291.3101812252,213515.65655189598,2.3226843587112547,1.0670930153153395,2.3226843587112547,1.0670930153153395,0.15621125068420616,0.04177478456610789,1170247.721711018,105685.54170136311,1196726.0076590837,109548.58373641683,26478.285948065713,35887.645191219104,1235499.9572036038,114921.9958102323,2.6,1.3416407864998738,24.227451305927993,4.933515853572185,216.0,0.0,54.0,0.0
XGBoost__provided_plus_rdkit_descriptors,270,8,1012880.9136792995,187218.70341755205,700181.9351996528,103053.46883801674,435387.75,56418.167767274295,0.8243932196587274,0.06619077712967315,0.8312944508742272,0.059000018520289056,0.4336946273064985,0.2714952987030501,3368112.45,735674.2778242284,-8493.239713541665,221154.0662299647,1004684.639678179,175086.93256004798,0.33554178017886577,0.10430421566202092,0.6862976765743434,0.5659653770016998,0.9142032366196522,0.030897216554815737,0.9275508701608649,0.029013565978767426,469482.6527106821,248461.07971782604,324921.0097222222,175346.32473063862,0.9570138423157658,0.03795641332034187,543398.2609686174,345099.2528254516,3.0973054280839762,2.587147196605635,3.0973054280839762,2.587147196605635,0.13262062265703853,0.08068193193923391,1161579.752141332,110974.87515617613,1210555.6249117935,97128.2423589685,48975.87277046139,37405.20171107874,1242541.106506251,86210.98354060476,3.4,2.5099800796022262,27.466321507300126,7.647056615880703,216.0,0.0,54.0,0.0
XGBoost__provided_plus_rdkit_descriptors,270,9,1019936.5773525244,184393.79564968665,722089.6558846933,144053.54883256837,465512.3125,146335.08415667317,0.8219359872636357,0.06341240334285524,0.8283730083560759,0.061937938241307125,0.37476791763646067,0.041519159904717114,3196520.8,796523.6709943364,11177.26425419561,228587.1114724357,1009537.8759457633,179332.35469381209,0.33141768124052867,0.08702879679009422,0.6856427156300285,0.5567757761630617,0.9159651632598301,0.025259890778900604,0.9390690540150084,0.012275104511943883,433972.4065748511,288384.1523489219,302633.92270688654,200233.3014413797,0.9585170520753179,0.043133730102178504,585964.1707776733,145281.34735209253,3.5149611719945524,2.591867051511227,3.5149611719945524,2.591867051511227,0.13658106481168214,0.027620666332615187,1201426.7107885238,84929.19472034548,1221831.6062212407,68615.23816317935,20404.895432717167,45626.73326133058,1273464.874973926,99565.80508996498,1.8,1.0954451150103321,30.153072951383212,7.417282127866102,216.0,0.0,54.0,0.0
XGBoost__provided_plus_rdkit_descriptors,270,10,1243122.9832533984,186901.40291917897,869009.6476851851,150091.69687862502,567372.74375,193235.38222140414,0.7407265575699279,0.07900305351967005,0.7451216036781645,0.07760404484997299,0.5328983869910613,0.31327008784032545,4268514.7,1014517.5822585949,44759.176388888896,165784.63903450326,1244839.5762318068,190118.7816642178,0.34568418703098025,0.10876791855494646,0.5052334701725428,0.18683444392333007,0.8643448665552746,0.045406765456570734,0.8906242818269872,0.04370381930232048,629082.966228126,320432.31794898293,448297.55414858216,238940.9040341989,0.9228121216510313,0.05200246263183657,614040.0170252726,278901.8384555378,3.4229933079241177,3.8451112124377884,3.4229933079241177,3.8451112124377884,0.18208556408110335,0.05467670053355792,1273683.6326568977,137919.70959257538,1312483.3100148833,174763.35737497645,38799.677357985594,53802.515342524806,1350204.7818465226,179967.97553942382,4.0,3.937003937005905,26.505044640891725,8.576352126336944,216.0,0.0,54.0,0.0
XGBoost__provided_plus_rdkit_descriptors,275,1,1082129.2834004338,110594.50038032372,763549.5742613636,82954.38218855695,471257.5375,71099.03418449486,0.7969743963854304,0.020096494280873192,0.802344114696408,0.019142836489325285,0.39631245828786305,0.10856752058022541,3578644.0,604510.8788122635,17199.72176136364,168311.29139711524,1079724.8730685588,129737.28731530173,0.2994748504201208,0.042021190350142554,0.4159008904720153,0.08061367827139183,0.902747891478664,0.015518620603313476,0.9288935554401693,0.017121327921771602,747517.0287647957,69357.99924404733,522773.5305841619,50582.09531397043,0.9047068740492158,0.017154963249887304,334612.25463563803,156429.45821785994,1.463582449503547,0.2447185668292925,1.463582449503547,0.2447185668292925,0.10773247766378531,0.033768660697538,1266202.368568453,64916.37026586347,1314936.4058025444,93914.88385773395,48734.037234091295,34241.335895653094,1348730.0497168507,91828.57749154679,4.4,1.8165902124584952,19.640518697053594,3.132738955583373,220.0,0.0,55.0,0.0
XGBoost__provided_plus_rdkit_descriptors,275,2,947501.5755041981,175769.13955829278,685357.3315340909,155509.08243911286,477148.8875,146902.70754079786,0.8473335038034134,0.053752888605070444,0.8479822678938241,0.05372405682359827,0.3296369574937524,0.09080585312242431,2976896.2,172757.3476702945,24628.57994318182,61790.997460220955,954233.6032729044,177719.24318233042,0.27272869347112605,0.056487003669129794,0.37268213623082647,0.09541899022032337,0.9210119316169975,0.02919222668437254,0.9387561314902643,0.027064987465124396,489192.8676045036,288907.2896708422,342708.2308575994,205707.65648196722,0.9494046280943602,0.04733892279807016,458308.7078996945,182564.34476280966,2.6575731322658513,1.6882423230546615,2.6575731322658513,1.6882423230546615,0.10207112429094663,0.030550255861561085,1234991.7210550883,71318.52021753191,1243590.3357758492,73036.46806995047,8598.614720760752,19028.21883509648,1322410.1190385197,101129.27159253115,4.2,1.9235384061671346,25.410811467339524,8.737801257109314,220.0,0.0,55.0,0.0
XGBoost__provided_plus_rdkit_descriptors,275,3,996943.7156319622,197031.1986880537,725732.2418607954,162280.718840229,506374.8125,175795.57583429155,0.8321070332148819,0.06213955005615951,0.834196327263242,0.06229787224045501,0.40710918603815494,0.20017609142879847,2933341.7,881515.9916289522,31593.473480113636,123060.15112416368,999243.1690664584,200285.7235525794,0.37988232887605555,0.14612895350190158,0.8315554579477551,0.8193345179592652,0.9141707067200112,0.03432310546333653,0.9319848998225331,0.024996859806826394,576155.6200655596,287399.61301329837,408649.6294602273,213429.7192560601,0.934762313858398,0.05247671579888323,420788.09556640254,181152.48221581936,2.124421301843164,1.0729616025332946,2.124421301843164,1.0729616025332946,0.102655280643516,0.044893268735926556,1193299.2134095577,148773.17311489282,1241120.735833425,177154.32599959115,47821.52242386741,48535.84462905501,1305040.9069176721,164478.66411218335,5.4,2.8809720581775866,23.4633085423764,5.687375639290201,220.0,0.0,55.0,0.0
XGBoost__provided_plus_rdkit_descriptors,275,4,1111837.079110689,143884.878142474,744255.5776988637,159153.3734268516,449101.325,236528.7078298055,0.7895919494434203,0.0668554623945154,0.7936509878050553,0.06560156224496637,0.4260851221858866,0.19021422544828412,3719136.725,1002887.182686927,20796.998323863634,165560.3361656642,1111502.7701801844,148869.6972895204,0.3060640232139503,0.06903292614621094,0.4695757142596012,0.07550795515613258,0.8920388722984722,0.03583860187042695,0.901737403371242,0.022375516865590913,296609.181017087,220786.56959430926,203468.41275568184,153764.74341089407,0.9790761675849057,0.02692055563374108,815227.898093602,184308.69472627185,6.275770356033043,5.702941862369045,6.275770356033043,5.702941862369045,0.18948421814148542,0.06583331785223441,1118892.1769307728,55991.894401912636,1133151.7578147552,70689.77260669641,14259.580883982173,24338.6920728767,1186464.4113196332,47460.95240863887,2.4,2.1908902300206643,29.617991846468534,7.78417031140734,220.0,0.0,55.0,0.0
XGBoost__provided_plus_rdkit_descriptors,275,5,1112774.1718492233,207397.24510397302,794499.8262499999,141194.1868023517,540652.175,92289.17716822217,0.7908611200979409,0.06332617013616365,0.799528068158534,0.06685790840798204,0.39420430649402743,0.1894941158780607,3359179.6,638127.365252169,23910.61238636364,257298.89311841744,1096404.2554357601,222535.93855597562,0.28851722434351823,0.056350367201841285,0.40218032460430564,0.1270868355431544,0.8980794701618657,0.03658390075483918,0.924589871649036,0.0373854129489983,478469.05465352593,254001.7895645222,329363.1329660866,177978.573340273,0.9539612746636505,0.039414739300448316,634305.1171956974,266398.42083242885,3.036327745444632,2.0002827828515035,3.036327745444632,2.0002827828515035,0.16310015456570962,0.05605884576189155,1108360.7646986903,91463.61787105868,1132999.78135776,119514.85822416759,24639.016659069574,47540.58441459373,1168098.3253874036,108712.00495071293,2.2,1.7888543819998317,29.87646462434207,6.596685942006236,220.0,0.0,55.0,0.0
XGBoost__provided_plus_rdkit_descriptors,275,6,968164.1363478461,104578.98520082983,675801.9333664773,76735.19642407841,410150.0875,69561.20265697794,0.8418251146795033,0.04107147317363187,0.8421655440114693,0.04079394845933044,0.3284508530639739,0.08894803110484632,2942578.85,346332.41212686483,22545.475269886363,42773.02134164432,976113.1442330029,104917.24574328316,0.37984675238546384,0.18900317529292254,1.0328568518027275,0.9118816975545199,0.9200071356008435,0.02087289853529244,0.9413878327696409,0.015590361863020352,484786.82605190726,197815.6099042919,331124.7441903409,140982.29350900967,0.9565640216797482,0.03490246575724354,483377.31029593886,212081.6834022443,2.2639474966398003,0.916823990720135,2.2639474966398003,0.916823990720135,0.11473890700024499,0.04457310365621684,1156563.1925182375,55090.523167904976,1199769.4963877394,67455.885424603,43206.30386950211,44984.57643421799,1240266.4488779418,92615.48908095928,2.6,2.073644135332772,24.45336776552128,4.778334259212195,220.0,0.0,55.0,0.0
XGBoost__provided_plus_rdkit_descriptors,275,7,1018575.9154053997,129117.39137747361,771335.7631818182,92412.60978499516,560105.040625,82614.05002033345,0.8051376514872419,0.043958776639553845,0.8106657048190058,0.04696624257201474,0.4685753331938954,0.20646669512091473,2976890.05,553034.3716397857,36088.34079545455,182172.18531509084,1012433.9342832174,145360.9611418105,0.3237953058428391,0.07001110663237492,0.45622630664425357,0.14584248174409525,0.9021550875459333,0.026566690524810945,0.9176949756277779,0.030558620797201032,750896.8332423773,125930.36019429963,530471.4368892045,103995.27188519014,0.8948933901598313,0.03436519091689766,267679.0821630224,135054.57951614758,1.3750956169088067,0.21771472545468057,1.3750956169088067,0.21771472545468057,0.08975573867258924,0.02552784886497134,1244728.9981082403,127117.34443745742,1320410.9874418355,178753.6780845532,75681.98933359506,71606.45539700225,1337581.6529362996,188553.74329031337,5.0,2.1213203435596424,19.10187792788461,3.3586310410642994,220.0,0.0,55.0,0.0
XGBoost__provided_plus_rdkit_descriptors,275,8,1018860.572764145,158873.81656863083,722413.3271164773,100401.26903864648,467463.775,131346.48690695918,0.8201164986444975,0.04582978513403984,0.828763486858484,0.04013918493775508,0.5481259799404511,0.5182050069864311,3254681.65,812807.1224822806,-16364.989275568189,252009.2464946092,1004499.1061150169,145035.07910648105,0.35252874478699425,0.1182386351098807,0.7227290312171937,0.56379537799023,0.9128107499385519,0.021189725464064654,0.9307789142557732,0.025392770345874578,510298.6965401567,233820.60024709068,356859.49897638493,162859.9079330236,0.9493542764579324,0.03821803470391981,508561.8762239881,173161.12371471088,2.360616471744124,1.0122075712147003,2.360616471744124,1.0122075712147003,0.12923777781343485,0.023188643501478933,1123051.959179476,133845.82700591226,1161079.0508566797,133584.78173736212,38027.09167720375,36424.04775286618,1199591.323893243,126727.67335600505,4.0,2.0,24.000837102604343,4.5911845476068205,220.0,0.0,55.0,0.0
XGBoost__provided_plus_rdkit_descriptors,275,9,1077349.5892453943,251299.29011982578,752529.0860653409,179851.07792735187,479947.8875,181328.75061361486,0.8010928374318469,0.06336398996823543,0.805672461441671,0.06415313613071844,0.5110816526527502,0.28941994734163623,3588618.6,1233642.8028528658,-10944.006065340911,178250.60908444543,1074548.7268731724,257309.63433491383,0.40694957118595365,0.13303660123638764,0.9547048608437692,0.6927008516015866,0.9018448576978635,0.0409832455648026,0.9212813670849856,0.02477572637926367,677536.4758114278,231302.6097309681,469663.7984339489,169404.53485991305,0.9181372353957391,0.05160381594936751,399813.1134339666,257455.334296816,1.7241507894922183,0.6710437932455031,1.7241507894922183,0.6710437932455031,0.11704439796389217,0.04483328023030048,1252149.6782853478,121038.41125796411,1305857.9707994023,146475.53096599065,53708.292514054614,32696.715592354893,1356497.3667823977,157335.83466656838,3.8,1.3038404810405297,19.3726418705336,3.5612184736330077,220.0,0.0,55.0,0.0
XGBoost__provided_plus_rdkit_descriptors,275,10,1163792.0610481866,244128.98464993166,819919.8745454546,103484.24994861978,515316.9875,142281.33466038003,0.7693416750920603,0.07398330197406072,0.7779448403921947,0.06458728399854764,0.4266887018954181,0.2162954009812806,3329284.45,1007033.907690898,-85572.57749999998,255605.1457613501,1153081.4128291996,217271.89727170634,0.3034206127577292,0.054261274597307486,0.4265188482130961,0.11881906717343389,0.8903581747349605,0.03721013423940114,0.9121207961830823,0.03152910775630583,663162.2431660048,271663.8681026613,461222.3934676846,194567.5849927534,0.9179931662397334,0.04333368893778952,500629.8178821817,485383.1269224053,2.787995056229738,3.1845391751260674,2.787995056229738,3.1845391751260674,0.1486514911476731,0.10564589069598532,1183715.6305172665,85903.32066099615,1233529.960671359,146579.99937797262,49814.33015409242,81738.68706287991,1267722.8164011694,141062.94618702968,3.0,2.0,24.596073740385567,7.054958571994963,220.0,0.0,55.0,0.0
XGBoost__provided_plus_rdkit_descriptors,280,1,1059133.1585077217,160593.0587385187,754482.8357142856,135097.19341840004,526263.903125,133882.0245298468,0.8082933410703671,0.04356870197226848,0.8161391571004897,0.0426965797947466,0.4075974286209766,0.14887329545804434,3364422.75,603273.6522094989,22017.572991071436,214730.3878554267,1049201.5613590335,174250.1036431932,0.300585528953163,0.0544240164364418,0.41842469581863373,0.09515056384216991,0.9060005118772636,0.021785727681778496,0.9230740109365299,0.010701474406025827,623725.4071695056,314347.59520172345,436665.5309361049,223196.58497528403,0.9218527622410153,0.0609276450270455,435407.751338216,178547.19138753196,2.1170987024321035,1.0980477197013931,2.1170987024321035,1.0980477197013931,0.11355942117064825,0.04421617362817608,1232201.609497691,157163.88872180358,1271941.6340908553,180334.9233502063,39740.02459316435,42295.29444731755,1326275.4919480202,194571.3301042524,5.0,3.391164991562634,21.99636308478578,6.374125348057587,224.0,0.0,56.0,0.0
XGBoost__provided_plus_rdkit_descriptors,280,2,1028824.5696507252,269696.8719043333,691022.2375,142946.60661207067,428836.10625,101120.62418690858,0.8199841102782768,0.07923406083304736,0.820590376716655,0.07902955538572908,0.3328442456230172,0.06985624242062895,3479544.55,1525965.9157379672,1267.0276785714318,68037.94647885763,1036406.911056472,271708.9649768594,0.26258453975937207,0.05010375504361926,0.3795200312328307,0.07367271317215211,0.9065034966089762,0.043401132519675326,0.925976409374532,0.016803288111325507,389851.29342295707,288184.4601821257,276767.2250767299,212587.30390358233,0.962681784839555,0.04687055763300628,638973.2762277683,302593.56757714937,4.4655834102303755,3.5988066679978026,4.4655834102303755,3.5988066679978026,0.14269767456127833,0.08378951748948373,1174190.3133513536,103736.01374708726,1230279.078712691,151061.4481283051,56088.7653613375,61990.3802503531,1254366.1989379174,141250.90808218715,3.6,3.2093613071762426,27.654703078341093,10.190758097343943,224.0,0.0,56.0,0.0
XGBoost__provided_plus_rdkit_descriptors,280,3,1083781.6265856917,173825.90116906838,767840.5902483258,137865.9236895741,530127.04375,105444.16680029669,0.799222116891969,0.0672304117724704,0.8059398018503365,0.06618338113244478,0.4912072704627558,0.22064586702413272,3416129.3,845433.4638542933,44513.30160435268,209099.17005690248,1075570.9209949346,180507.32166468241,0.32240619621154737,0.06514835969824216,0.4857810157071622,0.12593463322344986,0.90353253213106,0.03024651025039743,0.9176749385185261,0.03288563890997975,611246.5244247741,255800.31369571673,435403.6565987723,194581.37818826942,0.9309115493713767,0.053546106702521544,472535.1021609175,240968.517903132,1.9830484952867349,0.7010469087144957,1.9830484952867349,0.7010469087144957,0.13168943247940768,0.057115368874785306,1236416.2229649476,124181.74972572607,1282154.4414406756,173978.87114689327,45738.218475727874,60933.0912182618,1321066.580426943,173402.63069965693,5.8,3.8987177379235853,20.99289936965284,3.9664960342035442,224.0,0.0,56.0,0.0
XGBoost__provided_plus_rdkit_descriptors,280,4,1063111.850253113,108455.13110810057,748458.51484375,60854.68468028974,452834.28125,92656.46736374694,0.8107994355733125,0.03192556485138041,0.8223613295419565,0.02456122010367412,0.3909431969896111,0.07369350770311389,3677181.85,661588.4878385884,-27771.93136160714,291635.66208042466,1040657.5990381509,95560.08729945548,0.3317678411467882,0.061194853248478176,0.6825827196296722,0.5239384390115758,0.9108734643988157,0.010456520389868922,0.9212497427611355,0.02219603214144926,570058.9415276679,221765.68675274722,389478.2018833705,162102.69947089467,0.9395513683671253,0.045622829577230906,493052.90872544504,174778.58899737932,2.0582700763228328,0.6412872123471395,2.0582700763228328,0.6412872123471395,0.12875193279381278,0.035447610260363124,1238735.106517224,103701.20976154381,1270445.387986868,95284.0865418665,31710.281469643953,33694.90330522995,1310500.0557580304,94087.00348114994,3.0,1.0,23.977129934249785,4.820273760528485,224.0,0.0,56.0,0.0
XGBoost__provided_plus_rdkit_descriptors,280,5,1147438.6918790361,123098.24793855236,822428.965234375,69124.29306324046,533178.29375,67079.05275770446,0.7852861861841469,0.01609029582256946,0.7880239195557456,0.019278684508706834,0.42814358349481274,0.1043486120083354,3474664.0,604511.1904364343,-12527.745256696431,144198.67503412275,1150091.9252979145,127909.54186332547,0.3172153821117335,0.04639605701176988,0.44311012088693785,0.08857312421166824,0.8954099913699143,0.011307154705925613,0.9276379599829958,0.005576362886647568,810758.0958204841,52386.23610609254,574698.5998674665,46743.60381829788,0.8937518523483454,0.018150072193875745,336680.596058552,96149.52416649129,1.4150521470984545,0.11188946570497293,1.4150521470984545,0.11188946570497293,0.10846566616419848,0.017025865335304705,1218629.5444024163,53021.62917949851,1230850.2246674476,52330.68063433995,12220.680265031382,18662.51083964487,1292687.0665760657,82791.54504933556,4.2,2.16794833886788,21.60261371927628,5.421298836325056,224.0,0.0,56.0,0.0
XGBoost__provided_plus_rdkit_descriptors,280,6,1129349.38624759,294236.4383039156,749758.8423941477,166952.37002652194,422358.49375,53485.24289751202,0.7806544238001564,0.12072557031993449,0.7851520898283748,0.11480494671909597,0.381931249881905,0.13061742129772147,3581485.25,655977.4347536659,38825.6607308524,175800.03855679795,1129566.276650541,288336.04461681604,0.2935863959235013,0.04058648145654039,0.44361387338769137,0.09791638628485881,0.8910761000006329,0.06141887491114342,0.9090485216762823,0.069142594619399,451253.2281708694,206835.84735886872,308027.87591182167,152414.54496895464,0.9611599772390044,0.032384502856165745,678096.1580767207,280402.10878198623,3.0238492768709224,1.6305761973878994,3.0238492768709224,1.6305761973878994,0.18050555343884794,0.12130585051382378,1174216.6278884578,86449.36006745709,1184413.9788270816,98243.07999890714,10197.350938623771,22801.969889184038,1238571.703371806,112335.6762579798,1.4,0.8944271909999159,27.963687096687398,7.966531355720994,224.0,0.0,56.0,0.0
XGBoost__provided_plus_rdkit_descriptors,280,7,1088881.6598890503,191867.00602666283,737314.2763950892,145795.97630777312,433388.9375,120088.22913594743,0.8005827605161604,0.06075126842234195,0.802652942754921,0.05929027610611822,0.43408650636318147,0.19400260531126332,4015832.3,270121.492432248,-56769.159765625,109979.79808972706,1093239.1732209842,190069.0662276764,0.2963470208999657,0.06796449701036232,0.44031637052375744,0.11845592581024952,0.8998233143746154,0.032775815698196105,0.9293888895313147,0.019125351542363573,416480.44758003,246954.80601315567,281161.53115713934,172571.56040190498,0.9634385833826131,0.041118866305349965,672401.2123090202,252475.8555383487,3.3540507163820847,1.969232318127888,3.3540507163820847,1.969232318127888,0.16285582286645275,0.05747891457537595,1177157.5648825131,103163.78956089617,1193468.630375563,95964.36265249466,16311.065493049891,18036.161652747534,1228890.4953767494,88437.81024764046,2.2,1.3038404810405297,31.327025622945154,5.100130277279373,224.0,0.0,56.0,0.0
XGBoost__provided_plus_rdkit_descriptors,280,8,1164750.9189006458,251445.96859867615,783831.5419363839,98192.601910157,474677.25625,64357.936429283865,0.7571836629692233,0.10879041024456648,0.7593801795003048,0.10874820451172777,0.3961622726506483,0.12768334080441235,4590100.7,2149466.6421870976,3944.7869698660784,123956.16476454433,1169806.9091458418,254536.39612928132,0.3441034865100942,0.1335167264165091,0.654313274010228,0.5775418490875489,0.8733894322278752,0.06087643280410458,0.9114614941315466,0.024118403820462184,699776.4312082703,228049.5662971922,484571.81912754604,177022.94746331373,0.9106732446299544,0.049428753124188575,464974.48769237555,298484.1178969273,1.7993024938193447,0.5754260820105476,1.7993024938193447,0.5754260820105476,0.15348958166073107,0.10107289729069137,1303543.4196557507,71956.24961805095,1353687.8852043124,105300.86291385279,50144.46554856165,39826.139496196214,1414858.5638850755,97340.57693902618,4.4,2.073644135332772,23.922361299607584,5.207517691937618,224.0,0.0,56.0,0.0
XGBoost__provided_plus_rdkit_descriptors,280,9,1075974.5110600176,180269.8730328661,786530.1319754465,118795.32851725286,536416.8,121175.84742442747,0.8109449706537621,0.0506972922107501,0.8143229628416975,0.051361015506659065,0.43212359837286696,0.061553507339914805,3172433.55,945469.9013969257,-2921.356305803568,161270.58082616242,1075483.1850000382,185011.69057462687,0.3129659516871378,0.03433720482843143,0.45213368614179394,0.04945976113940032,0.904162947231006,0.029623424128790394,0.9214439581035613,0.021004774347932336,636106.5366376569,185747.09471519617,445980.09617854527,137295.67449831276,0.9297996191585384,0.04067597751329655,439867.97442236065,142118.00101401572,1.7574540807939325,0.3240512852955945,1.7574540807939325,0.3240512852955945,0.11885464850477641,0.04655255636927673,1228691.033648221,56738.73198255216,1273554.2686510836,100879.30048855634,44863.23500286262,51209.30812713502,1319633.8192144406,81780.69374611987,3.4,2.073644135332772,23.513383370668414,6.043203826714577,224.0,0.0,56.0,0.0
XGBoost__provided_plus_rdkit_descriptors,280,10,943861.0086626939,281462.2372159404,676178.398186384,199484.85739327554,416782.453125,109966.38167693095,0.8451097036840061,0.05191029094825519,0.8469003801374159,0.05440355443380892,0.3746956140839669,0.13287524171730083,2733101.7,809320.8957720818,22321.68356584821,94526.27079243705,946052.4216766891,293257.0605434292,0.2811943383198199,0.06566914494972133,0.42103357296849697,0.1128259568683946,0.9219921001704972,0.029059118310203757,0.9358506992761482,0.022652463497164425,561055.9948059467,143598.59827854068,386500.7794869559,98982.05701960358,0.9429358073668326,0.0317967040520373,382805.0138567472,174129.74965110916,1.6722018700461063,0.2705829401074494,1.6722018700461063,0.2705829401074494,0.0978261036828264,0.036989873760981236,1238401.2637380755,87885.11965120946,1292860.8244046262,92056.0542044016,54459.56066655069,36245.06872644684,1316953.912780011,75848.76948682252,3.8,1.3038404810405297,22.91652633813399,3.2697511930779166,224.0,0.0,56.0,0.0
XGBoost__provided_plus_rdkit_descriptors,285,1,985615.7564790768,123728.92560087175,690871.5081688596,78127.94931321348,444110.7875,93602.54524377262,0.8326137919392604,0.03279880800966738,0.8332846612649396,0.03268590450908534,0.3993583271328248,0.14465413388831333,3224661.3,705278.4341558481,-45.99128289473738,73938.27288845232,992283.840732725,123351.6015490189,0.28848353358829826,0.04534788038285287,0.4243487747835152,0.09184348641139767,0.915397413773096,0.018444970685509435,0.9343044788417598,0.015009587935234962,458805.99729386513,242694.3699331463,315062.1184912966,175909.85075570535,0.9563527400072281,0.03819644440587591,526809.7591852118,238307.4985109104,3.085430151485526,2.514840336620035,3.085430151485526,2.514840336620035,0.12373894806796773,0.04962631455550286,1170084.5289087894,68331.392838729,1186910.9377751588,78931.94235815018,16826.4088663694,28228.64783938278,1226834.4911940743,72404.04316576215,3.0,1.224744871391589,24.162827224980738,7.743676314249881,228.0,0.0,57.0,0.0
XGBoost__provided_plus_rdkit_descriptors,285,2,1157215.6091223801,164763.79737843116,842454.877055921,138373.30431105336,571843.8515625,153827.31913817234,0.7775433100514367,0.06486122100915781,0.7832459032793008,0.0622634266130652,0.5300181720908641,0.32414162521013057,3538931.25,673028.4341598707,31656.455290570175,204411.12400019256,1152689.411550459,163668.4170656546,0.3403866244293964,0.0956885577449127,0.48532634676950687,0.16844379986852293,0.886454340765057,0.036608734619438116,0.9066775667545803,0.019625751592901062,780484.3636321716,162390.66036415682,552708.749719024,120917.02447863838,0.8996105201258888,0.036953973289526654,376731.24549020856,263297.6703415475,1.5487931904721937,0.43015467017147374,1.5487931904721937,0.43015467017147374,0.12206721007445209,0.0697601903499256,1213478.5736334468,100632.58558174832,1278575.168860883,85973.39926424864,65096.59522743612,47023.42837348485,1312217.6242658105,71587.15029434484,5.4,3.5071355833500366,22.943947367554973,3.242217842863536,228.0,0.0,57.0,0.0
XGBoost__provided_plus_rdkit_descriptors,285,3,1117064.2539251798,220049.65021439226,798843.6662828948,165435.74920157355,523039.4125,117031.47846591184,0.780022184198263,0.07134725741827759,0.7837695178903812,0.06994531148160993,0.42021124930891346,0.11741294531900635,3602447.4,884060.8642574758,24832.560142543858,165134.59671607378,1117484.770532707,217771.38093903405,0.30360145473068456,0.04735222618896916,0.43111655187341064,0.08775139225158379,0.8874250696158448,0.03719294882487645,0.906350791605919,0.014862710636970481,698202.7589276863,153393.81525362353,492641.54443359375,116163.10057902698,0.9128455482707587,0.03395914387978247,418861.49499749363,164539.80457761357,1.6305924954359683,0.26399555217422577,1.6305924954359683,0.26399555217422577,0.13282336407249565,0.06961660948720107,1214492.5815753494,71387.73148928798,1259690.2343129271,100350.30016241338,45197.65273757787,50566.387029040045,1301020.4549134409,118260.84297424072,4.2,1.6431676725154984,21.231195136516988,3.445321979176899,228.0,0.0,57.0,0.0
XGBoost__provided_plus_rdkit_descriptors,285,4,1084250.4629998272,222805.1494764555,778917.1648574562,159513.83093175388,548622.7875,121901.49172716391,0.7929056227067164,0.08462302146953302,0.794891989658326,0.08449149086331592,0.43069010423790977,0.160829832517244,3334881.75,841510.1116706798,-778.315296052632,124402.39904889409,1088141.3216894027,224612.9584349873,0.3128254338717354,0.04962504084598954,0.4483623860172667,0.11009134856374418,0.8933914031640272,0.04517056198405818,0.900115570194642,0.031501612325513115,609930.0570826747,302993.0338346496,427536.53971525485,210059.83679364118,0.925871202041729,0.05975019592293084,474320.4059171526,215056.1621200613,2.096042482433075,0.8168176811896033,2.096042482433075,0.8168176811896033,0.13296557933501252,0.05904015666729441,1241817.8288117503,99350.65363932365,1272812.8766008809,138481.03818114247,30995.047789130498,64545.31769351827,1322266.2400982808,133158.9703445364,4.0,3.24037034920393,23.646553692506096,7.1079420475126724,228.0,0.0,57.0,0.0
XGBoost__provided_plus_rdkit_descriptors,285,5,1085996.258746947,273498.95905601006,762211.6133669134,193971.63233961284,444759.45,155730.38566076808,0.8022786716221981,0.07215690182006483,0.8149776322218603,0.05285904572955636,0.41510657019134156,0.08749733316821859,3359098.8,869784.5664392706,-93735.6741125274,310417.2771587473,1063109.5946902707,233851.8785923862,0.4286090229645173,0.3232320092058823,0.9411352917806788,1.1617737716773362,0.9069409904002697,0.02390050737937639,0.9301476204737498,0.019995937799101648,629119.7074568623,170682.8937907589,442773.22387267,122846.2829173155,0.9309142413523259,0.03587581235183158,456876.5512900847,168785.6778319405,1.7724636306618755,0.3907285696176755,1.7724636306618755,0.3907285696176755,0.12863556973012785,0.04703051863140874,1202184.1082895272,152709.7205681821,1246087.813818791,182653.0881154347,43903.705529263665,51951.58297406226,1291039.2189288076,169393.67064218607,4.2,2.6832815729997477,21.00478652210321,3.3300009570317024,228.0,0.0,57.0,0.0
XGBoost__provided_plus_rdkit_descriptors,285,6,1092247.522512953,176223.21284888862,767147.433580044,127832.58306136822,483257.4375,78878.01098405551,0.7860944241613079,0.09100486323334728,0.7907727254390625,0.08757555203323251,0.46156994250964034,0.18897596753356546,3236701.0,688182.2750941425,14020.232867324556,181542.1921978559,1090287.0213144848,172601.0450875865,0.31508240784594876,0.07324838409308783,0.454580245389273,0.1330756578639595,0.9009821300433256,0.04405558001569957,0.9247689740042828,0.018772538490891697,647056.4765380606,126257.837319006,439175.1394591214,82857.90050698147,0.9269024456657992,0.0256017838793058,445191.0459748923,147318.60782680364,1.7200988202897431,0.2819627087086797,1.7200988202897431,0.2819627087086797,0.14080802150449115,0.0809395474751231,1130739.2317377287,82948.71752594665,1160641.713004651,84565.28658798516,29902.481266922223,40781.022718903274,1209708.2592734592,101935.69162638971,3.0,1.224744871391589,24.28314326866785,4.643231865635253,228.0,0.0,57.0,0.0
XGBoost__provided_plus_rdkit_descriptors,285,7,1012735.9582489517,99275.20177003938,723637.3587993421,58456.92633862282,488267.50625,31967.920096482932,0.8201157576124007,0.04118621773792618,0.8225173474572726,0.04015873322308158,0.4091471482390586,0.09359182400366092,3067627.9,549833.2729871847,-13452.866694078946,120492.9102964279,1015562.1528876327,103690.18659083002,0.3747336721287519,0.18038964488475304,0.8029409014239078,0.8419666820481432,0.9086937139889649,0.02308746940282757,0.9165738658941516,0.04652613347807773,649192.3759798026,200225.98554690534,458069.5369658888,138551.1346402218,0.923125877119977,0.03891705469915603,363543.5822691492,280921.26828722004,1.7894266349505787,0.9869048134680065,1.7894266349505787,0.9869048134680065,0.10301011950757614,0.06562129574690206,1123158.1063693347,63407.10530454776,1160702.6851696738,85041.2068150427,37544.57880033888,31472.929493122316,1198236.7819963573,61121.07302859679,5.2,1.3038404810405297,21.883463313826898,4.143898016017699,228.0,0.0,57.0,0.0
XGBoost__provided_plus_rdkit_descriptors,285,8,1067098.8247198712,140385.38252034166,731380.8760690789,90899.73133535728,457969.75,105051.79125737368,0.8141208032725131,0.02128168172179127,0.8187722679014178,0.02076500905905293,0.3727640376235996,0.07392087037103356,3543300.9,631469.5849478224,-18840.09284539473,193762.41250208215,1062737.6571485787,135728.41566711158,0.2799234602401083,0.02198954124708109,0.40705334056755244,0.06574236294625879,0.9066286886465882,0.010784919507611212,0.9360177831599834,0.017645310218279114,612532.0201543479,225393.96670284276,425177.9731094092,158027.74856752806,0.9326664394052819,0.040349940280686364,454566.8045655233,207413.77886354053,2.0698611350257723,1.2312296083043452,2.0698611350257723,1.2312296083043452,0.11854563613276874,0.021373006813795146,1205090.5742293284,111411.31791508777,1227497.6214115573,110724.72740935291,22407.047182228976,18916.650405982193,1264860.6704623187,126557.9210790118,3.4,1.140175425099138,24.597126646770782,3.5553741742082265,228.0,0.0,57.0,0.0
XGBoost__provided_plus_rdkit_descriptors,285,9,1057585.4948590512,223086.18851573192,743870.5505071272,128603.10008363258,485276.6625,80627.28000770349,0.8084103944318797,0.05946025218981905,0.8111602105805795,0.059095542983635806,0.48435326911532356,0.13252059857331558,3423694.7,1024480.3874809293,33133.96023848684,130656.43699342357,1059666.3470074774,226588.82517021746,0.3446573500702804,0.11689185011902253,0.7011645043906707,0.5558463358143113,0.9027826197503501,0.032938324187693616,0.9245360520669561,0.016922366675425897,562290.1763412603,273417.96226568596,393708.0119866622,191651.68396992807,0.9377275865075034,0.047339628720382256,495295.3185177908,208073.84339790881,2.2535894776931933,1.0288070086065206,2.2535894776931933,1.0288070086065206,0.1293171920756239,0.029207908157549842,1190021.3936798994,157379.3549651837,1262202.9348518911,206392.90399299722,72181.54117199196,65825.73373965119,1285348.3871937464,198798.85372313528,3.8,3.03315017762062,21.58884402982265,5.53525162526703,228.0,0.0,57.0,0.0
XGBoost__provided_plus_rdkit_descriptors,285,10,1139378.6410984478,245290.90369867574,802983.6746710527,165433.75853825102,469066.575,96568.35682548107,0.7806656574802212,0.06638220664808064,0.7845291797929717,0.0638608875185453,0.4205349121270915,0.17005291136728393,3416039.4,731811.9934779527,-32183.439583333336,170696.5324203547,1139421.3488553923,243150.69066586517,0.31465779863274673,0.0743508373327501,0.4435617980215357,0.11467608095377109,0.8862549868986411,0.03575300768942937,0.9167469787773032,0.0359027973890699,624112.3832047632,230676.3869333089,439217.50243969297,162151.07656295734,0.929482059183313,0.04727783211462022,515266.25789368467,312785.15175582597,2.009766581710606,0.6780095601255521,2.009766581710606,0.6780095601255521,0.1488164017030918,0.06711634843117083,1197844.4032971547,170242.1534101142,1229685.0599884484,165002.78735432425,31840.65669129372,25952.91177848949,1281710.4516573078,161191.5355629242,4.6,1.949358868961793,24.76393161487892,4.236151528411846,228.0,0.0,57.0,0.0
XGBoost__provided_plus_rdkit_descriptors,290,1,980399.7692206322,95101.13548368291,675732.1234105604,86295.54027352788,438901.3625,124333.85005734686,0.840723106550325,0.032012978530474176,0.8449877498063577,0.030416384599585584,0.3550932406011872,0.08524143560116934,3254682.0,693482.1154268328,10967.01387392241,178681.20734107384,975885.7405462184,93165.55007471514,0.26975859144526926,0.025290738745503482,0.3893871068952971,0.06955525074573636,0.9221769172169768,0.018236067573746087,0.9400898847273366,0.018426314500716183,458631.3114027694,239135.06349779386,317708.13541891164,169479.91861345532,0.9584494988521082,0.038354356789736435,521768.4578178626,179649.1761496233,2.6262945604724783,1.2295422932062572,2.6262945604724783,1.2295422932062572,0.11772639230178314,0.03382599344005575,1208134.7260768446,64660.32435155006,1250211.7000582942,107323.57442931406,42076.9739814498,64891.91869925638,1280340.565969931,97570.5783665836,3.8,1.7888543819998317,26.356088658834572,5.005495542226041,232.0,0.0,58.0,0.0
XGBoost__provided_plus_rdkit_descriptors,290,2,1199518.7343344488,274402.89986903366,854352.035075431,166258.1774235025,550621.1,63777.7713189272,0.7457250375023332,0.06428100407357117,0.7617474529086686,0.05277535941221722,0.37633872388212053,0.0635718142026839,3658608.0,881969.1427065348,-45634.700592672416,328354.1190752922,1174443.48241105,264998.9216892402,0.303197911810262,0.01557467633293615,0.40441964556789645,0.04428189236034635,0.882553106253743,0.025767648599699648,0.9161563975541128,0.016679129481745155,721878.6266434077,230053.90189801817,502617.878788389,166354.83799288186,0.9052399325386353,0.04612013049890649,477640.107691041,329544.33854522434,1.8841769755473954,0.9345944953944664,1.8841769755473954,0.9345944953944664,0.15951489503630226,0.059765219853060006,1212500.8230604578,126919.60529054867,1251003.0655261534,162291.34573567592,38502.242465695854,56158.18841368332,1289847.6337978109,149015.26222197068,4.4,3.2093613071762426,22.50192114981288,5.041915453984123,232.0,0.0,58.0,0.0
XGBoost__provided_plus_rdkit_descriptors,290,3,955225.6235071752,362900.9620183246,636745.5951508621,182518.51934255203,376391.178125,45752.23034729459,0.8435081553644862,0.09061717848977868,0.850417506989273,0.07901483479484711,0.2926443296653213,0.025323329166902858,3466992.85,1921442.6349994293,-73706.81551724137,244604.27841408268,944035.6433031501,335845.98125878116,0.2562770618506664,0.04094600598786986,0.364505916000161,0.05362464120017151,0.9222301697585857,0.04301532752324464,0.9389648284534688,0.02856599369235336,424595.92090312426,234779.61792533088,291964.26220440044,165326.7926151799,0.9630476855176655,0.04192496918782345,530629.702604051,429610.16107643885,2.681053988718535,1.4680992806338404,2.681053988718535,1.4680992806338404,0.11953953015317928,0.0995019997811678,1134805.6931784332,78018.9883681102,1151407.1643274757,98168.5640622947,16601.471149042296,23734.821195623153,1196747.2545216973,83178.69924992973,2.0,0.7071067811865476,26.711597327737888,4.4194981468803105,232.0,0.0,58.0,0.0
XGBoost__provided_plus_rdkit_descriptors,290,4,999592.698387024,67656.33572994215,700145.2581155711,63396.70711203896,425208.59375,89558.06368388956,0.8314322827051612,0.016325023650987536,0.8320995378303719,0.016772310814728013,0.3737177032076655,0.06560056788201278,2993645.0,362145.4577031168,-22370.34173626078,64363.12340492508,1006305.4437313272,69903.43925085446,0.31999727442782,0.12328220407642683,0.6368018499597143,0.5713650445293468,0.914997717460891,0.011545305259987827,0.9417246341499774,0.016322435338435266,672542.1154992301,202369.82760363122,464475.0563510237,144691.7655105118,0.9187923237308697,0.03810275805747492,327050.5828877939,219828.33257375535,1.6796015302533427,0.8156063544704008,1.6796015302533427,0.8156063544704008,0.08736004102570845,0.03847955469074682,1156037.1666023748,143139.24014627747,1223003.6103979321,215532.28738291503,66966.44379555732,80669.71221077403,1248659.9455256897,212886.59579214602,3.8,1.9235384061671346,24.176305925591535,5.34372354883352,232.0,0.0,58.0,0.0
XGBoost__provided_plus_rdkit_descriptors,290,5,1105995.7107412328,320461.9313915935,776136.8127247777,213832.95286297193,460641.39375,90613.92871083293,0.788256514260915,0.08178979597051625,0.8047888790368875,0.060302374002997386,0.40132531105395836,0.10949297867837732,3272679.9,1042854.0629429772,-98834.66477219152,384814.1977474324,1071231.0848868238,250661.70609381248,0.338952446205709,0.08720082021399546,0.6634714038077336,0.5463699480298961,0.9089267887677541,0.027438185064790115,0.9345839861674777,0.012845031104799077,438301.37283848395,297087.992411797,301664.6086434199,214085.43222491414,0.9543859628466589,0.04494468829266984,667694.337902749,188764.2647781066,4.037772536566155,3.1828708568616477,4.037772536566155,3.1828708568616477,0.16612944858574388,0.042834165574494494,1052751.4524514256,46303.950367388294,1079510.836932017,71904.59881685453,26759.384480591234,47101.111125533396,1143399.1706023342,60890.59216192358,4.0,3.6742346141747673,26.553238366838514,7.631362584140168,232.0,0.0,58.0,0.0
XGBoost__provided_plus_rdkit_descriptors,290,6,972977.5828097991,228315.87915051467,704430.6837823276,171361.07441034622,507073.49375,95385.0683850031,0.8352323341953106,0.062353639349355304,0.8359758857803901,0.061668946273880795,0.3889939211503935,0.21577751080643423,2956798.3,977524.041262004,4285.641971982759,75440.94098865186,979429.8443684306,228565.01194735643,0.2794507575480901,0.08292813742799988,0.39816502154695155,0.14816724548266474,0.9148505713080493,0.03319632161412342,0.9310764349703409,0.02443694157952969,642041.288850635,266760.0912852855,454471.50000126276,196080.77882471806,0.921219491414256,0.04615897404184896,330936.2939591641,118546.62275302707,1.766723430650016,0.7735362082752515,1.766723430650016,0.7735362082752515,0.08598715721894527,0.03682092473708636,1169400.666817018,122248.40630807048,1213428.6309532619,145157.2994304233,44027.964136243754,54901.18048414788,1260384.7970551709,141016.37623694664,4.4,3.286335345030997,21.432867575597975,8.552051838346967,232.0,0.0,58.0,0.0
XGBoost__provided_plus_rdkit_descriptors,290,7,1007360.4257413398,177505.58162275163,715717.7565732759,123878.38370409794,466522.7125,119528.69469032224,0.8154198437832777,0.09753959195743027,0.8291764986724749,0.07664952418064627,0.3498086298816754,0.16380370613454917,3260103.15,819795.455134877,26615.19051724139,295087.5617000548,985108.2153218973,142234.1743524209,0.3099174340473453,0.09514039892182653,0.6250546053915623,0.5594968531508905,0.9204727114317681,0.02942282397174418,0.9396136721307888,0.013418783304195037,505081.0866166899,277631.1583220129,345956.57584523165,194818.76077108894,0.9492512676286384,0.03946513218668158,502279.3391246501,193286.5493056767,2.808521603634209,1.9452435682560794,2.808521603634209,1.9452435682560794,0.1338314238453608,0.07106817083901103,1187621.7598238706,75891.20509609723,1227229.40676492,110537.9206209436,39607.646941049396,37020.05742080653,1268988.5877458588,107409.68527275787,3.8,2.3874672772626644,26.998095653476774,7.263387230674677,232.0,0.0,58.0,0.0
XGBoost__provided_plus_rdkit_descriptors,290,8,1101480.9220576612,127340.29159441506,782356.7609913793,83391.33780681285,524018.2,83799.56228189389,0.7994661228236506,0.042818552736712936,0.8015427087265257,0.04337671276880638,0.4498645847611339,0.23994704045870563,3552977.3,500918.0772585972,47222.434051724136,109247.7763530172,1105334.4462616965,132271.62231349215,0.34648223172568693,0.10979309575866411,0.6742855185670756,0.5537555510396167,0.9009035721596836,0.031584606833378805,0.9237580757634719,0.02158969509713551,677782.1853237507,171373.88000879012,472220.6623181573,114726.7157854917,0.9220332773638716,0.03359939511335717,423698.73673391045,232018.23226150568,1.745340371330504,0.6409144270897001,1.745340371330504,0.6409144270897001,0.12256715454022094,0.053750306566951046,1146749.7442320797,45588.43129883937,1175635.317998674,70154.76319904975,28885.573766594192,32700.834748437945,1213563.1384783615,66022.51115592392,3.8,2.3874672772626644,23.983891110537545,3.4421952919904326,232.0,0.0,58.0,0.0
XGBoost__provided_plus_rdkit_descriptors,290,9,1069659.8236775696,208354.85702482174,764245.3395878233,134729.24738678685,532886.141015625,122276.1009807355,0.8062094891710455,0.06737167820505781,0.8094402092850654,0.06668176413506051,0.37909200745710303,0.08178935960426241,3625077.75,1122886.0542055513,-7846.930105064655,160814.5354107489,1069435.5599045134,208497.39091195122,0.35584590488367673,0.0997407379579277,0.7341640007457152,0.6032036132011298,0.9019570713424285,0.03718314928042408,0.9165450407969521,0.0236061128318447,619528.1792376473,164426.11314571998,433788.5940884294,116495.26904391371,0.934257183698769,0.03059349588572343,450131.6444399223,220957.78735805582,1.8077448295657597,0.5087309278439831,1.8077448295657597,0.5087309278439831,0.1280476945277235,0.05409698648657617,1164367.4024161682,97209.62277537533,1215087.121924569,81642.3922489743,50719.71950840079,55952.62137018324,1265828.3071580932,105398.52325945854,3.8,0.8366600265340756,19.907177581992336,2.478386005240258,232.0,0.0,58.0,0.0
XGBoost__provided_plus_rdkit_descriptors,290,10,1100645.2329617545,103639.38511789935,784867.1450431034,96585.18885394474,522991.75,134247.25146841636,0.8011660185329322,0.031409304896346704,0.8025706037405914,0.031152571040164213,0.4404836606592365,0.14358457739869543,3764721.35,727926.750667641,8518.908620689657,103129.25873914405,1106362.8145235456,103960.63318421762,0.31160880823850634,0.05090559207941577,0.4428115044241176,0.09413152538966416,0.8988561546378738,0.018029539248940938,0.9194604029287348,0.02236080842014778,764876.2904897571,155217.10388250282,534844.5341359104,111245.7890615415,0.9017015416010535,0.033848143685685325,335768.94247199746,205101.96653354945,1.5120610771235135,0.4658625939740069,1.5120610771235135,0.4658625939740069,0.10053552306812141,0.051526670870311486,1272503.379054077,140874.49859600136,1353901.7089093456,185573.30722957416,81398.32985526859,61420.118860050585,1372615.104805213,171752.35911705048,4.0,3.391164991562634,23.062447519952364,3.3413031685160157,232.0,0.0,58.0,0.0
XGBoost__provided_plus_rdkit_descriptors,295,1,1066082.039880764,159112.23878816658,731511.5506620763,131266.42257491383,470874.0375,131082.51502048958,0.8033763094596427,0.05040857629017812,0.8056587145546329,0.04824062832579845,0.3624892740337818,0.057981184507076934,3455197.5,442550.58997065516,43731.156541313554,120958.5158052055,1069375.865968632,155371.0481471999,0.28250467119236106,0.03927251270067688,0.4057855763241389,0.052804272000751655,0.8994518558404117,0.026465715853758055,0.9198113388160998,0.045495276124676964,551115.0096676887,249828.3106570725,376821.85993279924,177006.9426820853,0.9394317233646223,0.044565184256596654,514967.0302130751,280620.20274461573,2.4994161468056193,1.7647457093612162,2.4994161468056193,1.7647457093612162,0.13605541390497972,0.06644641497522917,1121628.3408027224,98543.94703268321,1147740.9563386943,109977.49073841493,26112.61553597166,28067.52983637928,1183738.7487101576,111543.3592628708,3.0,2.345207879911715,25.57738949731965,6.4945604026245976,236.0,0.0,59.0,0.0
XGBoost__provided_plus_rdkit_descriptors,295,2,1065808.152902897,201450.7418865506,717338.9522775423,115979.25603304978,479322.575,103294.86291738751,0.8015716339971342,0.07310227265047323,0.8088045403617572,0.06379796518225,0.3767537433175938,0.0607272260265293,3899189.275,979924.8101034667,-36493.96032838982,229231.30408444,1057396.1484994309,181501.46584121248,0.30245426709448137,0.028208344747145987,0.4570139735433929,0.09315235086997706,0.9002127610950431,0.03657643507996407,0.9086153107093506,0.052315039407598615,431252.3130837786,252832.58889119653,292094.2997691009,173588.8961314335,0.960477537182582,0.03907157363737457,634555.8398191181,395111.36489234085,5.073832907042762,6.842843251407512,5.073832907042762,6.842843251407512,0.1589059031854478,0.09575559275476271,1068757.5479568858,23407.51265741352,1107037.371845585,79583.85976822974,38279.823888699386,58543.40756313389,1159186.283823282,63401.52434564319,2.8,2.04939015319192,29.727970913330303,6.8532041297071675,236.0,0.0,59.0,0.0
XGBoost__provided_plus_rdkit_descriptors,295,3,1077872.0466482318,111591.79331245233,722258.3580111229,70468.80527113365,411046.025,99321.07195937514,0.7911515885472236,0.03891507839963567,0.7991849114999328,0.03707263968088056,0.3471441411919548,0.13505459126972502,3649688.4,731559.5258713274,19843.575622351676,250988.27628383136,1064903.6124018366,88656.76842127519,0.3794582425166729,0.17594117844953883,0.9697265544417819,0.8438779510906601,0.9011841995729675,0.02261140040024469,0.9314496827594061,0.02168839040458555,494124.0545684441,333773.8486209853,345646.3649161646,240203.15336067323,0.9464544828716306,0.06074666438985599,583747.9920797878,397049.10888263903,3.234381462355061,2.114234152414388,3.234381462355061,2.114234152414388,0.15530289432440708,0.03045234987659971,1133594.6936302274,181664.07385786378,1177656.7938739196,264880.66739417356,44062.10024369238,98525.85137630621,1238289.5857754846,265861.5912198518,3.0,2.9154759474226504,23.334084768726548,6.687217334556422,236.0,0.0,59.0,0.0
XGBoost__provided_plus_rdkit_descriptors,295,4,951360.186545511,211857.89414899444,660304.7144332627,164484.02621172083,420749.475,143251.15663596644,0.8464753260594147,0.0364562996103872,0.8502833834928658,0.037626973862811317,0.3217471525968926,0.02807416195429932,3208297.1,767753.1497508981,29965.208554025427,158958.74661717654,947520.1841176568,217791.5174811842,0.3336513370324442,0.15631669128472483,0.7411205938853548,0.8107582526646797,0.9228764136804936,0.020295099764604304,0.9292014366323038,0.005169405852067792,493836.3583061086,168239.15062962496,340380.0316617287,114159.11688080792,0.9540743192297269,0.034733962472469515,457523.82823940215,124546.00071854038,2.0129291317238676,0.4012891943794262,2.0129291317238676,0.4012891943794262,0.10759899317031216,0.017999199876964286,1112636.916975603,83001.72108863915,1154661.5026202968,113371.41148596372,42024.585644693674,41190.127642120446,1188631.575034278,88674.80267437013,3.0,1.4142135623730951,25.00587141551616,2.9499500628289637,236.0,0.0,59.0,0.0
XGBoost__provided_plus_rdkit_descriptors,295,5,1043196.5694845564,224833.9000623857,736100.609099204,174184.89090340896,521682.490625,146736.86474629413,0.8175959809972554,0.05467190766176541,0.8205144277665951,0.053001531050607696,0.4200937830852604,0.14965592193903454,3380130.0,642916.6119434736,23284.104248253767,154789.150597208,1043632.4598752201,220627.5427347153,0.30808813991162853,0.056605418977817096,0.4973605359567266,0.15576592477144038,0.9093278920895231,0.027662838302542896,0.9295665188056075,0.025236386073761566,595981.4446780949,227778.74117204337,424055.3812433792,165480.08699017033,0.9328869242486248,0.05119073180612512,447215.1248064614,172470.40042535868,1.8944026067747728,0.6099205967024509,1.8944026067747728,0.6099205967024509,0.11529094325136949,0.05753476428434528,1211318.796492207,55526.52275960691,1259422.679457446,48373.508049522956,48103.882965238954,67990.23744597133,1300144.8159051195,73429.04169360077,4.4,4.219004621945797,23.680648545871303,5.619616548448859,236.0,0.0,59.0,0.0
XGBoost__provided_plus_rdkit_descriptors,295,6,894678.7351975661,91354.11586317682,619988.066181144,49501.14693406508,404833.1875,12983.455366500331,0.8650713549040802,0.01802887227385782,0.8671920723171402,0.017982553996717002,0.358260808781102,0.10592767587352137,2967498.6,590202.1645776767,19971.86284427966,119756.15682730913,895445.2634447946,94495.08350474626,0.2950556207578193,0.10227537012955934,0.6254090901476745,0.5600026896624583,0.9330362048270541,0.01080651859287557,0.9488016105122169,0.011071557866732029,427015.10226394143,130833.39507062483,289805.200929493,84131.06146729698,0.9679436843729045,0.017678558257827322,467663.63293362467,214240.98801162612,2.350054383127759,1.0774293474133227,2.350054383127759,1.0774293474133227,0.10287232946882426,0.031694036595975514,1178122.8444478316,80963.4917383612,1206182.951754519,124254.85407695216,28060.1073066873,46436.392633872274,1260276.4732595154,134217.49567601472,2.4,1.51657508881031,27.29267035361766,4.527165648796871,236.0,0.0,59.0,0.0
XGBoost__provided_plus_rdkit_descriptors,295,7,1059741.4195962271,161360.83295066393,738220.8615730932,102631.50685968797,461003.45625,139575.44898426786,0.8119996744565091,0.0450481166002712,0.8136158601912469,0.04553395641671903,0.32501831861126396,0.05794410101110698,3397371.4,710703.7247423676,-5857.613691737284,105685.6570038309,1064227.6630478436,165449.31235310706,0.30392939054117823,0.09979930504146545,0.5971694200465458,0.539197372503325,0.9033552189639714,0.025040409027583057,0.9360190407458877,0.015729308540641033,499784.5740541052,295164.65925148333,340956.5279992055,203979.7258993157,0.946826356628014,0.050898265367039335,559956.8455421219,192868.02319112426,2.876274354515567,1.776670289198486,2.876274354515567,1.776670289198486,0.13482668217150487,0.0148011582512905,1143675.069365145,61776.01016276372,1182064.0542786908,80327.58364397999,38388.98491354589,32064.82090057122,1209237.3132018452,71213.06168228238,3.6,1.816590212458495,25.543411403617522,5.758964540646433,236.0,0.0,59.0,0.0
XGBoost__provided_plus_rdkit_descriptors,295,8,995683.7598976822,129666.02450420546,693816.1026483051,71700.2038866789,460772.8875,80152.98439383939,0.8272754903203954,0.033866826267111724,0.8295667279076314,0.03518865864828762,0.43162007692338245,0.10818967117293536,3244976.25,722395.9366990601,-20823.14989406779,128964.68414053647,996991.197869967,133201.43898831005,0.3312259424785095,0.08726827478085682,0.6699801300416464,0.5427278801337104,0.9122895854472899,0.02168044839513946,0.9303809239919806,0.021199025852691036,502826.8549685142,268056.5230494392,346971.9997451006,188332.11750067564,0.9481576790216991,0.04647289557483561,492856.90492916794,310164.20321224316,2.5868372390109178,1.539116138308252,2.5868372390109178,1.539116138308252,0.12088218870130377,0.04865932141659935,1114152.911454216,70467.16671348193,1175463.5797037014,75068.47737177837,61310.66824948541,31611.36304283015,1198461.18646332,52045.70070073651,3.6,0.8944271909999159,26.706853586094706,1.6537310706377355,236.0,0.0,59.0,0.0
XGBoost__provided_plus_rdkit_descriptors,295,9,1007624.5176893042,218838.61668641912,712502.1392180879,159415.59949271585,441705.675,156879.65749170803,0.8283844453785717,0.0661848109620874,0.8378575617427684,0.06373222797904331,0.31996957827016803,0.09916498038906697,3125559.15,1080295.5847036957,-29785.847268935388,259452.4078023846,986926.3402757135,229342.17605236964,0.3021213180225389,0.08602231400127627,0.6006389167525967,0.5322265603126953,0.9211369675687926,0.03272230288475123,0.9403511998820335,0.0225083683770781,441065.33911888907,293859.0719078853,307117.255399232,206531.7342558494,0.9568695331587886,0.04444666369168153,566559.1785704151,260532.0697780589,4.3234372052697205,4.968150702731427,4.3234372052697205,4.968150702731427,0.1284850877802169,0.051869717397035844,1175672.3968821852,118275.59856519877,1221291.5308974544,143862.03611293048,45619.13401526921,43247.40612488973,1280334.7710208541,126052.0742586744,3.6,3.1304951684997055,23.217491111593866,6.637530227766799,236.0,0.0,59.0,0.0
XGBoost__provided_plus_rdkit_descriptors,295,10,1067018.4476163094,83307.87731952083,758133.905217161,65113.935017212345,498032.7625,131587.93339491775,0.8017812685600697,0.047327853288685724,0.806968262864477,0.04695073682164128,0.39531959420946394,0.21041738903533078,3177370.95,912432.7332212017,-7056.959030720335,194921.95790790126,1061432.8474751785,88005.59705827851,0.3646031008777242,0.2263180290462984,0.7358171539603542,0.8686361943926909,0.9003100520754291,0.026381591167828084,0.9319045712250087,0.01990040600219823,676096.8265184466,221042.27321019265,472654.6736642611,156672.90422383233,0.9188738402767413,0.03945995548375908,390921.6210978629,254087.0834072153,1.8637977685722418,1.1067245546087343,1.8637977685722418,1.1067245546087343,0.11709257171667156,0.05655710819533169,1222717.0519655836,75781.44364139388,1269072.3673474095,105814.27492690834,46355.31538182618,45628.67137082909,1321379.4846428079,97324.02561863574,5.0,2.5495097567963922,22.918477678211612,3.5423243292289084,236.0,0.0,59.0,0.0
XGBoost__provided_plus_rdkit_descriptors,300,1,999764.0547454117,236529.7517661503,708659.9294010417,175635.87823529975,446402.525,143046.908829627,0.819736177566425,0.08333249547905247,0.8265692425714317,0.07632982511796264,0.398192740641906,0.14553199513591075,3206194.6,922878.4865506672,11707.41309895834,207497.2206900676,992214.0966738937,230024.17815877928,0.2900342003553277,0.05999365753405921,0.42680704538607184,0.11922385984872803,0.9173183296443517,0.0328933299216634,0.9359950912762075,0.01972536556688082,513331.2789210505,279254.2314349954,361951.70204035443,203002.24560400195,0.9446049628067378,0.0645269629547535,486432.77582436113,101788.95725709235,2.219456802278353,0.7938392751054436,2.219456802278353,0.7938392751054436,0.12486878524031275,0.06417900567139366,1139023.8647367097,72598.12877311111,1178970.2760727103,115835.56767693676,39946.411336000776,57698.10299177958,1204251.4001748443,125634.76315426134,2.8,3.492849839314596,22.884862479107177,5.86818794021881,240.0,0.0,60.0,0.0
XGBoost__provided_plus_rdkit_descriptors,300,2,1069409.7667590245,182584.1928413648,768170.5881315104,154416.44256241154,508424.20625,150473.79252763974,0.7972828542366369,0.08714121294676706,0.8025404187060895,0.08521361986594266,0.4234080078113486,0.17584146681705684,3243787.55,590072.9533457706,32981.14968098958,190923.23102147784,1064391.7527871553,181834.2239263344,0.3490788048137403,0.13703358106836108,0.6783578419613292,0.5503239358723003,0.8956131676541185,0.0483644222224255,0.9156657875366078,0.04491218850218174,657358.5671150597,282232.70350441046,462391.5078111775,196560.97753923284,0.9185439577588317,0.04417200416235614,412051.1996439647,145640.9295071688,2.165124086304147,1.5891732557944864,2.165124086304147,1.5891732557944864,0.1212611035221948,0.06463323229247078,1175579.666709499,108705.84806679425,1230996.403566055,140425.3266094324,55416.73685655584,49117.36196439027,1265918.7537106925,135181.2785765976,4.0,2.5495097567963922,23.29035345876097,8.470918820005265,240.0,0.0,60.0,0.0
XGBoost__provided_plus_rdkit_descriptors,300,3,1033025.6007475778,317580.3338514407,727009.7869531249,212179.60045162047,461996.325,106949.2863845699,0.8176143589151608,0.06552571585065176,0.8209153038911996,0.06713080609770436,0.3752114146795127,0.16097924784536105,3390776.2,1076922.7864459225,33202.31690104167,141302.70282278614,1031900.8886643986,326147.9654568566,0.3153354518197994,0.14872304946700157,0.6222793637183809,0.5650441473204119,0.9071490418099767,0.03670704925148146,0.9287223261731843,0.022704212594360222,628751.5952956778,269584.47583770705,437767.1823787435,183229.24024883317,0.9247278194914144,0.04248397711809459,404274.0054519001,303469.54134787456,2.0470800572753673,1.2003720112667957,2.0470800572753673,1.2003720112667957,0.10711346057625362,0.058679052809712876,1224965.3634911347,90103.73499930585,1275236.956447288,99374.48234993941,50271.59295615335,51175.52843702036,1306739.8458211685,86179.45523548503,3.8,1.9235384061671346,23.772630003000423,8.124861751335546,240.0,0.0,60.0,0.0
XGBoost__provided_plus_rdkit_descriptors,300,4,1004719.2620398722,216735.03849051124,715393.8583854167,147198.92320104738,462052.68125,124464.089710334,0.8289012483935687,0.06871394733150132,0.8320707884591536,0.07099233296775315,0.4216379345777706,0.21224976428149428,3152852.8,639818.2977699215,14322.588697916664,151624.00153326575,1002390.8939499747,226624.09428190978,0.33268474945786497,0.16453665729685568,0.6579263733751335,0.654531243161182,0.9142371657518398,0.04126438458870818,0.9329866323234066,0.04608435418474376,493892.2921986414,300156.1000432774,342749.28338053386,210237.19115079683,0.9485262915712959,0.05114333368583402,510826.96984123084,284808.6241913881,2.8898144570121262,2.16166189396251,2.8898144570121262,2.16166189396251,0.11962504317772718,0.051130867702979366,1104688.3049812804,111292.54402098067,1146348.1452686302,161749.3905684056,41659.84028734993,60827.62656079622,1188494.1661858428,157173.21881435224,3.6,3.5777087639996634,26.691161227285374,8.962621092946943,240.0,0.0,60.0,0.0
XGBoost__provided_plus_rdkit_descriptors,300,5,926406.5317554686,231830.12758419273,637399.4080078125,166712.0178033098,414552.06875,133290.642627621,0.8521894359958505,0.05116110865732184,0.8533242041316218,0.05127553977932927,0.3209873099624124,0.06383785025608928,3124305.2,937228.6475185665,-35963.428528645825,87454.46801260771,930309.5609551795,233148.90837293662,0.28579279377300304,0.06330168522287034,0.6190618183706846,0.5096999058780411,0.9261690266160724,0.028069716922293306,0.941546695785925,0.024456664164267516,439343.6874159528,249973.58110752117,306879.54646321613,175743.82157101802,0.9588613165138234,0.04362555974811953,487062.8443395159,170990.56002944862,2.5075269083391647,0.8995636226377662,2.5075269083391647,0.8995636226377662,0.10667188051797274,0.05173667143824092,1145181.7958774136,74792.16763786323,1177072.2969199775,103103.64713127955,31890.50104256375,49243.75220679527,1232581.5037638005,95223.32243026902,2.4,2.1908902300206643,30.904680783267775,8.90602643118839,240.0,0.0,60.0,0.0
XGBoost__provided_plus_rdkit_descriptors,300,6,999777.3627087824,225243.17866875208,723223.5118880209,135549.1759833538,470807.3,69694.48962482784,0.8326679148953021,0.05649623756868078,0.8392434972154333,0.05127337466187497,0.37462046416679917,0.09710204939742685,2991113.9,1019149.618916759,47077.25498697916,219207.22844734878,989378.9950478955,216662.96826529974,0.36632899279505815,0.15272117538324925,0.8012007085266711,0.8453159983275248,0.916556186102175,0.027202019272900387,0.9391913938813948,0.01641906801522778,495279.80816492176,296169.3405257031,346557.9561751302,211337.08793167566,0.946967753129614,0.04792707205248597,504497.5545438607,160466.7492414885,2.8897755033693615,2.1448688372060802,2.8897755033693615,2.1448688372060802,0.11429983823431204,0.03925230172810834,1171204.2327385726,73252.39610085299,1195741.6180360164,78197.68257451459,24537.385297443623,34285.93008440467,1228797.9231869592,82507.62308329128,2.8,1.4832396974191326,25.634894987647737,3.9618991663097574,240.0,0.0,60.0,0.0
XGBoost__provided_plus_rdkit_descriptors,300,7,980584.5966036242,289579.1304514018,698321.9595833333,198565.2910790772,455324.11875,111519.35661500828,0.835419666954621,0.08131062305633542,0.8401065281743161,0.07488082221449469,0.361168616226259,0.10425624237800075,3160693.2,1057576.3389710102,-55768.43135416666,185382.48016915427,976174.8930856375,278446.2688319684,0.3181808658926483,0.09962465578213361,0.6272819165509911,0.551418225813349,0.9181738153655395,0.04266651056628884,0.934196588526984,0.024474393536416634,510907.28741526126,240326.2138984441,350193.72042643226,175470.60720875676,0.9484168309533286,0.043546124261272426,469677.3091883628,130479.70969730902,2.1620396737158982,0.8802813339013249,2.1620396737158982,0.8802813339013249,0.11299716399870756,0.04518766382373604,1133974.6631874007,77688.0446209501,1175669.2557876275,111377.09238419174,41694.592600227006,41218.03828889852,1206706.6556488057,98035.12374933627,3.0,2.0,25.53438055785243,8.312616936221703,240.0,0.0,60.0,0.0
XGBoost__provided_plus_rdkit_descriptors,300,8,911221.5798827168,107068.29345630635,630011.42359375,86357.62770385362,398531.45,57631.74147148373,0.8577592521901192,0.02900941868436001,0.8619567582955003,0.027866260415119005,0.3133670394213753,0.08041794733633416,2912553.0,629501.0276657616,34324.70651041667,160378.4222635414,906300.5971472024,113025.01350251329,0.2518140500798709,0.03727147576413076,0.36711413132316767,0.07504268653976028,0.9302678638435319,0.013656599759431511,0.9501632825617075,0.008008453914929936,342973.5032410994,174503.69723131097,234301.374679362,123049.74872757823,0.9767880769463302,0.022372181024349177,568248.0766416173,222592.99251113553,3.198617419965525,1.4142169299077563,3.198617419965525,1.4142169299077563,0.11902882475621102,0.03678010328909171,1095664.1637639585,108578.39115464805,1098591.3149192708,109573.37443152477,2927.151155312173,6545.3089636950635,1134482.2838080018,128553.22866355698,1.6,0.8944271909999159,30.292103216781015,7.495020447596418,240.0,0.0,60.0,0.0
XGBoost__provided_plus_rdkit_descriptors,300,9,998918.8171766468,130979.3639859449,690990.4658854167,112080.78508748862,413075.15,105484.63409028506,0.8324317209383165,0.04181779813348579,0.8346373899032701,0.04185377106442493,0.31767822800291257,0.08127806326114613,3015552.1,262289.0600366798,55033.736406250006,109568.3736890731,1000734.7381730996,134123.96620979128,0.2517435741162137,0.033885569273403596,0.34885558165211983,0.07783724056698117,0.915080943753097,0.02292173243097885,0.9429214619110006,0.015277661661027486,555828.1826328213,351195.20488504565,387952.0423209636,248608.9003824776,0.9327293393362748,0.05736689700563104,443090.6345438257,322430.2995426867,2.998571215587193,2.3916359452126277,2.998571215587193,2.3916359452126277,0.10029761839795823,0.05837324571934435,1140745.3836267847,94405.43384986949,1183036.6536933673,118353.4423038376,42291.270066582365,41625.73760320451,1219260.4113276913,108744.69683676791,3.4,2.4083189157584592,25.233267374775444,9.231916144040046,240.0,0.0,60.0,0.0
XGBoost__provided_plus_rdkit_descriptors,300,10,1002694.8929045277,88925.16038194204,672454.743125,100145.34678149207,429338.821875,94049.60636171169,0.8258466402239202,0.04623201682560836,0.8267572795697913,0.04576403044241439,0.3472392387908268,0.10965361448436368,3562192.7,818440.2790467213,-22732.254479166666,75046.92113757107,1008690.4957451194,88790.60504444112,0.29760041845896434,0.08690065922099484,0.6622415607093544,0.6188008934381215,0.9105408170513487,0.0235291991983962,0.9346574777431156,0.017838457644489263,519932.00810113864,288694.41900614375,355753.2005086263,197954.32645119808,0.9454066307063158,0.046095258183311526,482762.884803389,236148.55591010177,2.676198872413324,1.755270459903671,2.676198872413324,1.755270459903671,0.11955999048239567,0.03361327425314632,1128446.481196247,64412.563619925284,1162699.317631577,87689.73082458046,34252.83643532996,31600.178802139257,1206554.9375688278,87367.77195161936,3.2,2.280350850198276,26.799905917024535,6.35199919732109,240.0,0.0,60.0,0.0
